<?xml version="1.0" encoding="UTF-8" standalone="no" ?>
<gpx xmlns="http://www.topografix.com/GPX/1/1" xmlns:xsi="http://www.w3.org/2001/XMLSchema-instance" xsi:schemaLocation="http://www.topografix.com/GPX/1/1 http://www.topografix.com/GPX/1/1/gpx.xsd" version="1.1" creator="VisuGPX - https://www.visugpx.com">
  <metadata>
    <name>suuntoapp-Hiking-2025-07-23T05-51-31Z</name>
    <desc><![CDATA[TURPIN (tête à) Bornes 2025.07.23]]></desc>
  </metadata>
  <rte>
    <name><![CDATA[suuntoapp-Hiking-2025-07-23T05-51-31Z]]></name>
      <rtept lat="45.93508" lon="6.23331">
        <ele>1043.8</ele>
      </rtept>
      <rtept lat="45.9351" lon="6.23332">
        <ele>1043.6</ele>
      </rtept>
      <rtept lat="45.93511" lon="6.23332">
        <ele>1043.6</ele>
      </rtept>
      <rtept lat="45.93514" lon="6.23333">
        <ele>1043.8</ele>
      </rtept>
      <rtept lat="45.93512" lon="6.23335">
        <ele>1044</ele>
      </rtept>
      <rtept lat="45.93511" lon="6.23337">
        <ele>1043.4</ele>
      </rtept>
      <rtept lat="45.93509" lon="6.23339">
        <ele>1043</ele>
      </rtept>
      <rtept lat="45.93507" lon="6.23341">
        <ele>1043.2</ele>
      </rtept>
      <rtept lat="45.93505" lon="6.23341">
        <ele>1043</ele>
      </rtept>
      <rtept lat="45.93503" lon="6.23342">
        <ele>1042.8</ele>
      </rtept>
      <rtept lat="45.93501" lon="6.23342">
        <ele>1042.6</ele>
      </rtept>
      <rtept lat="45.93499" lon="6.23343">
        <ele>1042.8</ele>
      </rtept>
      <rtept lat="45.93496" lon="6.23343">
        <ele>1042.6</ele>
      </rtept>
      <rtept lat="45.93494" lon="6.23343">
        <ele>1042.4</ele>
      </rtept>
      <rtept lat="45.93492" lon="6.23344">
        <ele>1042.4</ele>
      </rtept>
      <rtept lat="45.9349" lon="6.23344">
        <ele>1042.6</ele>
      </rtept>
      <rtept lat="45.93488" lon="6.23346">
        <ele>1042.6</ele>
      </rtept>
      <rtept lat="45.93486" lon="6.23347">
        <ele>1042.6</ele>
      </rtept>
      <rtept lat="45.93484" lon="6.23349">
        <ele>1043</ele>
      </rtept>
      <rtept lat="45.93482" lon="6.23351">
        <ele>1043</ele>
      </rtept>
      <rtept lat="45.9348" lon="6.23352">
        <ele>1043.2</ele>
      </rtept>
      <rtept lat="45.93478" lon="6.23354">
        <ele>1043.2</ele>
      </rtept>
      <rtept lat="45.93476" lon="6.23355">
        <ele>1043.4</ele>
      </rtept>
      <rtept lat="45.93474" lon="6.23356">
        <ele>1043.4</ele>
      </rtept>
      <rtept lat="45.93472" lon="6.23357">
        <ele>1043.2</ele>
      </rtept>
      <rtept lat="45.93469" lon="6.23358">
        <ele>1043.2</ele>
      </rtept>
      <rtept lat="45.93467" lon="6.23359">
        <ele>1043</ele>
      </rtept>
      <rtept lat="45.93465" lon="6.23361">
        <ele>1043</ele>
      </rtept>
      <rtept lat="45.93463" lon="6.23362">
        <ele>1042.6</ele>
      </rtept>
      <rtept lat="45.93461" lon="6.23361">
        <ele>1042.2</ele>
      </rtept>
      <rtept lat="45.93459" lon="6.2336">
        <ele>1041.8</ele>
      </rtept>
      <rtept lat="45.93457" lon="6.23359">
        <ele>1041.8</ele>
      </rtept>
      <rtept lat="45.93455" lon="6.23359">
        <ele>1041.8</ele>
      </rtept>
      <rtept lat="45.93453" lon="6.23359">
        <ele>1041.8</ele>
      </rtept>
      <rtept lat="45.9345" lon="6.23358">
        <ele>1042.2</ele>
      </rtept>
      <rtept lat="45.93448" lon="6.23357">
        <ele>1042.2</ele>
      </rtept>
      <rtept lat="45.93446" lon="6.23356">
        <ele>1042.2</ele>
      </rtept>
      <rtept lat="45.93444" lon="6.23356">
        <ele>1042.2</ele>
      </rtept>
      <rtept lat="45.93442" lon="6.23356">
        <ele>1042.4</ele>
      </rtept>
      <rtept lat="45.9344" lon="6.23357">
        <ele>1042.6</ele>
      </rtept>
      <rtept lat="45.93437" lon="6.23358">
        <ele>1042.6</ele>
      </rtept>
      <rtept lat="45.93435" lon="6.23359">
        <ele>1042.8</ele>
      </rtept>
      <rtept lat="45.93433" lon="6.2336">
        <ele>1042.6</ele>
      </rtept>
      <rtept lat="45.9343" lon="6.2336">
        <ele>1042.4</ele>
      </rtept>
      <rtept lat="45.93428" lon="6.23361">
        <ele>1042.4</ele>
      </rtept>
      <rtept lat="45.93426" lon="6.23363">
        <ele>1042.4</ele>
      </rtept>
      <rtept lat="45.93424" lon="6.23364">
        <ele>1042.6</ele>
      </rtept>
      <rtept lat="45.93422" lon="6.23366">
        <ele>1042.4</ele>
      </rtept>
      <rtept lat="45.9342" lon="6.23367">
        <ele>1042.6</ele>
      </rtept>
      <rtept lat="45.93419" lon="6.23369">
        <ele>1042.8</ele>
      </rtept>
      <rtept lat="45.93417" lon="6.23373">
        <ele>1043</ele>
      </rtept>
      <rtept lat="45.93416" lon="6.23375">
        <ele>1043.2</ele>
      </rtept>
      <rtept lat="45.93415" lon="6.23377">
        <ele>1043.6</ele>
      </rtept>
      <rtept lat="45.93413" lon="6.23381">
        <ele>1043.8</ele>
      </rtept>
      <rtept lat="45.93412" lon="6.23382">
        <ele>1043.8</ele>
      </rtept>
      <rtept lat="45.93411" lon="6.23385">
        <ele>1044.2</ele>
      </rtept>
      <rtept lat="45.93409" lon="6.23387">
        <ele>1044.4</ele>
      </rtept>
      <rtept lat="45.93407" lon="6.23388">
        <ele>1044.8</ele>
      </rtept>
      <rtept lat="45.93404" lon="6.23387">
        <ele>1045.8</ele>
      </rtept>
      <rtept lat="45.93402" lon="6.23385">
        <ele>1046.2</ele>
      </rtept>
      <rtept lat="45.93399" lon="6.23383">
        <ele>1046.6</ele>
      </rtept>
      <rtept lat="45.93399" lon="6.2338">
        <ele>1046.8</ele>
      </rtept>
      <rtept lat="45.93397" lon="6.23377">
        <ele>1047.2</ele>
      </rtept>
      <rtept lat="45.93396" lon="6.23375">
        <ele>1047.4</ele>
      </rtept>
      <rtept lat="45.93393" lon="6.23375">
        <ele>1047.6</ele>
      </rtept>
      <rtept lat="45.93391" lon="6.23376">
        <ele>1048</ele>
      </rtept>
      <rtept lat="45.93389" lon="6.23377">
        <ele>1048.2</ele>
      </rtept>
      <rtept lat="45.93387" lon="6.23377">
        <ele>1048.4</ele>
      </rtept>
      <rtept lat="45.93386" lon="6.23377">
        <ele>1048.8</ele>
      </rtept>
      <rtept lat="45.93384" lon="6.23377">
        <ele>1049</ele>
      </rtept>
      <rtept lat="45.93382" lon="6.23376">
        <ele>1049.4</ele>
      </rtept>
      <rtept lat="45.9338" lon="6.23376">
        <ele>1049.6</ele>
      </rtept>
      <rtept lat="45.93378" lon="6.23376">
        <ele>1050</ele>
      </rtept>
      <rtept lat="45.93375" lon="6.23375">
        <ele>1050.6</ele>
      </rtept>
      <rtept lat="45.93373" lon="6.23374">
        <ele>1051.2</ele>
      </rtept>
      <rtept lat="45.93371" lon="6.23373">
        <ele>1051.4</ele>
      </rtept>
      <rtept lat="45.93369" lon="6.23372">
        <ele>1051.6</ele>
      </rtept>
      <rtept lat="45.93367" lon="6.23371">
        <ele>1052.4</ele>
      </rtept>
      <rtept lat="45.93365" lon="6.2337">
        <ele>1052.4</ele>
      </rtept>
      <rtept lat="45.93363" lon="6.23369">
        <ele>1052.4</ele>
      </rtept>
      <rtept lat="45.93362" lon="6.23367">
        <ele>1053</ele>
      </rtept>
      <rtept lat="45.9336" lon="6.23366">
        <ele>1053</ele>
      </rtept>
      <rtept lat="45.93359" lon="6.23364">
        <ele>1053.2</ele>
      </rtept>
      <rtept lat="45.93357" lon="6.23363">
        <ele>1053.4</ele>
      </rtept>
      <rtept lat="45.93355" lon="6.23361">
        <ele>1053.8</ele>
      </rtept>
      <rtept lat="45.93354" lon="6.2336">
        <ele>1053.8</ele>
      </rtept>
      <rtept lat="45.93352" lon="6.23358">
        <ele>1054.4</ele>
      </rtept>
      <rtept lat="45.93349" lon="6.23356">
        <ele>1054.2</ele>
      </rtept>
      <rtept lat="45.93348" lon="6.23354">
        <ele>1054.8</ele>
      </rtept>
      <rtept lat="45.93346" lon="6.23353">
        <ele>1055.2</ele>
      </rtept>
      <rtept lat="45.93344" lon="6.23351">
        <ele>1055.6</ele>
      </rtept>
      <rtept lat="45.93342" lon="6.2335">
        <ele>1055.8</ele>
      </rtept>
      <rtept lat="45.93341" lon="6.23348">
        <ele>1056.2</ele>
      </rtept>
      <rtept lat="45.93339" lon="6.23347">
        <ele>1056.2</ele>
      </rtept>
      <rtept lat="45.93337" lon="6.23346">
        <ele>1056.4</ele>
      </rtept>
      <rtept lat="45.93335" lon="6.23345">
        <ele>1056.4</ele>
      </rtept>
      <rtept lat="45.93333" lon="6.23343">
        <ele>1056.8</ele>
      </rtept>
      <rtept lat="45.93331" lon="6.23342">
        <ele>1057</ele>
      </rtept>
      <rtept lat="45.93329" lon="6.23341">
        <ele>1057.2</ele>
      </rtept>
      <rtept lat="45.93327" lon="6.23339">
        <ele>1057.2</ele>
      </rtept>
      <rtept lat="45.93326" lon="6.23339">
        <ele>1057.4</ele>
      </rtept>
      <rtept lat="45.93324" lon="6.23338">
        <ele>1057.8</ele>
      </rtept>
      <rtept lat="45.93322" lon="6.23337">
        <ele>1058</ele>
      </rtept>
      <rtept lat="45.9332" lon="6.23336">
        <ele>1058</ele>
      </rtept>
      <rtept lat="45.93317" lon="6.23335">
        <ele>1058</ele>
      </rtept>
      <rtept lat="45.93315" lon="6.23334">
        <ele>1058</ele>
      </rtept>
      <rtept lat="45.93313" lon="6.23333">
        <ele>1058</ele>
      </rtept>
      <rtept lat="45.93311" lon="6.23332">
        <ele>1058</ele>
      </rtept>
      <rtept lat="45.93309" lon="6.23331">
        <ele>1058.2</ele>
      </rtept>
      <rtept lat="45.93307" lon="6.23331">
        <ele>1058.4</ele>
      </rtept>
      <rtept lat="45.93305" lon="6.23331">
        <ele>1058.4</ele>
      </rtept>
      <rtept lat="45.93303" lon="6.23331">
        <ele>1059</ele>
      </rtept>
      <rtept lat="45.933" lon="6.2333">
        <ele>1059.4</ele>
      </rtept>
      <rtept lat="45.93298" lon="6.23329">
        <ele>1059.8</ele>
      </rtept>
      <rtept lat="45.93296" lon="6.23328">
        <ele>1060.4</ele>
      </rtept>
      <rtept lat="45.93294" lon="6.23327">
        <ele>1061</ele>
      </rtept>
      <rtept lat="45.93292" lon="6.23329">
        <ele>1061.6</ele>
      </rtept>
      <rtept lat="45.9329" lon="6.23329">
        <ele>1061.8</ele>
      </rtept>
      <rtept lat="45.93289" lon="6.23331">
        <ele>1061.8</ele>
      </rtept>
      <rtept lat="45.93287" lon="6.23332">
        <ele>1062.6</ele>
      </rtept>
      <rtept lat="45.93285" lon="6.23333">
        <ele>1063</ele>
      </rtept>
      <rtept lat="45.93283" lon="6.23335">
        <ele>1064</ele>
      </rtept>
      <rtept lat="45.93281" lon="6.23337">
        <ele>1064.6</ele>
      </rtept>
      <rtept lat="45.93279" lon="6.23338">
        <ele>1065.4</ele>
      </rtept>
      <rtept lat="45.93278" lon="6.23339">
        <ele>1065.6</ele>
      </rtept>
      <rtept lat="45.93276" lon="6.23342">
        <ele>1065.8</ele>
      </rtept>
      <rtept lat="45.93275" lon="6.23343">
        <ele>1066.2</ele>
      </rtept>
      <rtept lat="45.93273" lon="6.23346">
        <ele>1066.8</ele>
      </rtept>
      <rtept lat="45.93271" lon="6.23348">
        <ele>1066.8</ele>
      </rtept>
      <rtept lat="45.9327" lon="6.2335">
        <ele>1067.2</ele>
      </rtept>
      <rtept lat="45.93268" lon="6.23353">
        <ele>1067.6</ele>
      </rtept>
      <rtept lat="45.93267" lon="6.23356">
        <ele>1068.2</ele>
      </rtept>
      <rtept lat="45.93265" lon="6.23358">
        <ele>1068.2</ele>
      </rtept>
      <rtept lat="45.93264" lon="6.2336">
        <ele>1068.6</ele>
      </rtept>
      <rtept lat="45.93263" lon="6.23362">
        <ele>1068.8</ele>
      </rtept>
      <rtept lat="45.93261" lon="6.23363">
        <ele>1069</ele>
      </rtept>
      <rtept lat="45.9326" lon="6.23366">
        <ele>1069.6</ele>
      </rtept>
      <rtept lat="45.93258" lon="6.23369">
        <ele>1069.8</ele>
      </rtept>
      <rtept lat="45.93256" lon="6.23371">
        <ele>1070</ele>
      </rtept>
      <rtept lat="45.93255" lon="6.23374">
        <ele>1070.2</ele>
      </rtept>
      <rtept lat="45.93254" lon="6.23377">
        <ele>1070.2</ele>
      </rtept>
      <rtept lat="45.93253" lon="6.2338">
        <ele>1070.4</ele>
      </rtept>
      <rtept lat="45.93252" lon="6.23383">
        <ele>1070.4</ele>
      </rtept>
      <rtept lat="45.93251" lon="6.23385">
        <ele>1070.2</ele>
      </rtept>
      <rtept lat="45.93249" lon="6.23388">
        <ele>1070.4</ele>
      </rtept>
      <rtept lat="45.93248" lon="6.2339">
        <ele>1070.4</ele>
      </rtept>
      <rtept lat="45.93247" lon="6.23392">
        <ele>1070.4</ele>
      </rtept>
      <rtept lat="45.93246" lon="6.23394">
        <ele>1070.6</ele>
      </rtept>
      <rtept lat="45.93245" lon="6.23397">
        <ele>1070.2</ele>
      </rtept>
      <rtept lat="45.93244" lon="6.234">
        <ele>1070</ele>
      </rtept>
      <rtept lat="45.93242" lon="6.23403">
        <ele>1069.8</ele>
      </rtept>
      <rtept lat="45.93241" lon="6.23406">
        <ele>1069.6</ele>
      </rtept>
      <rtept lat="45.9324" lon="6.23408">
        <ele>1069.6</ele>
      </rtept>
      <rtept lat="45.9324" lon="6.23412">
        <ele>1069</ele>
      </rtept>
      <rtept lat="45.9324" lon="6.23416">
        <ele>1068.6</ele>
      </rtept>
      <rtept lat="45.93239" lon="6.23419">
        <ele>1068.2</ele>
      </rtept>
      <rtept lat="45.93238" lon="6.23422">
        <ele>1067.4</ele>
      </rtept>
      <rtept lat="45.93238" lon="6.23425">
        <ele>1067</ele>
      </rtept>
      <rtept lat="45.93238" lon="6.23428">
        <ele>1066.4</ele>
      </rtept>
      <rtept lat="45.93237" lon="6.23431">
        <ele>1066</ele>
      </rtept>
      <rtept lat="45.93236" lon="6.23433">
        <ele>1065.6</ele>
      </rtept>
      <rtept lat="45.93236" lon="6.23438">
        <ele>1065</ele>
      </rtept>
      <rtept lat="45.93236" lon="6.23441">
        <ele>1065</ele>
      </rtept>
      <rtept lat="45.93236" lon="6.23445">
        <ele>1064.6</ele>
      </rtept>
      <rtept lat="45.93238" lon="6.23449">
        <ele>1064.6</ele>
      </rtept>
      <rtept lat="45.93238" lon="6.23453">
        <ele>1064</ele>
      </rtept>
      <rtept lat="45.93237" lon="6.23457">
        <ele>1063.6</ele>
      </rtept>
      <rtept lat="45.93237" lon="6.23461">
        <ele>1063.4</ele>
      </rtept>
      <rtept lat="45.93238" lon="6.23465">
        <ele>1062.8</ele>
      </rtept>
      <rtept lat="45.93238" lon="6.23468">
        <ele>1062.2</ele>
      </rtept>
      <rtept lat="45.93237" lon="6.23471">
        <ele>1061.8</ele>
      </rtept>
      <rtept lat="45.93238" lon="6.23474">
        <ele>1061.4</ele>
      </rtept>
      <rtept lat="45.93239" lon="6.23477">
        <ele>1061.2</ele>
      </rtept>
      <rtept lat="45.9324" lon="6.23481">
        <ele>1060.6</ele>
      </rtept>
      <rtept lat="45.9324" lon="6.23485">
        <ele>1060.4</ele>
      </rtept>
      <rtept lat="45.93241" lon="6.23489">
        <ele>1060</ele>
      </rtept>
      <rtept lat="45.93242" lon="6.23492">
        <ele>1059.4</ele>
      </rtept>
      <rtept lat="45.93242" lon="6.23495">
        <ele>1059</ele>
      </rtept>
      <rtept lat="45.93242" lon="6.23498">
        <ele>1058.6</ele>
      </rtept>
      <rtept lat="45.93241" lon="6.23501">
        <ele>1058.2</ele>
      </rtept>
      <rtept lat="45.93241" lon="6.23505">
        <ele>1057.6</ele>
      </rtept>
      <rtept lat="45.93241" lon="6.23508">
        <ele>1057.2</ele>
      </rtept>
      <rtept lat="45.93241" lon="6.23511">
        <ele>1056.8</ele>
      </rtept>
      <rtept lat="45.93241" lon="6.23515">
        <ele>1056.4</ele>
      </rtept>
      <rtept lat="45.93242" lon="6.23518">
        <ele>1056.4</ele>
      </rtept>
      <rtept lat="45.93242" lon="6.23523">
        <ele>1056</ele>
      </rtept>
      <rtept lat="45.93242" lon="6.23526">
        <ele>1055.8</ele>
      </rtept>
      <rtept lat="45.93243" lon="6.2353">
        <ele>1055.4</ele>
      </rtept>
      <rtept lat="45.93243" lon="6.23533">
        <ele>1055.2</ele>
      </rtept>
      <rtept lat="45.93244" lon="6.23537">
        <ele>1054.8</ele>
      </rtept>
      <rtept lat="45.93244" lon="6.23539">
        <ele>1054.6</ele>
      </rtept>
      <rtept lat="45.93244" lon="6.23543">
        <ele>1054</ele>
      </rtept>
      <rtept lat="45.93245" lon="6.23546">
        <ele>1054</ele>
      </rtept>
      <rtept lat="45.93246" lon="6.23549">
        <ele>1053.6</ele>
      </rtept>
      <rtept lat="45.93246" lon="6.23553">
        <ele>1053</ele>
      </rtept>
      <rtept lat="45.93246" lon="6.23556">
        <ele>1052.6</ele>
      </rtept>
      <rtept lat="45.93246" lon="6.23559">
        <ele>1052</ele>
      </rtept>
      <rtept lat="45.93246" lon="6.23562">
        <ele>1051.8</ele>
      </rtept>
      <rtept lat="45.93246" lon="6.23565">
        <ele>1051</ele>
      </rtept>
      <rtept lat="45.93245" lon="6.23568">
        <ele>1050.6</ele>
      </rtept>
      <rtept lat="45.93246" lon="6.23572">
        <ele>1050.6</ele>
      </rtept>
      <rtept lat="45.93247" lon="6.23576">
        <ele>1050.2</ele>
      </rtept>
      <rtept lat="45.93248" lon="6.23579">
        <ele>1049.6</ele>
      </rtept>
      <rtept lat="45.93248" lon="6.23583">
        <ele>1049.4</ele>
      </rtept>
      <rtept lat="45.93247" lon="6.23586">
        <ele>1049.4</ele>
      </rtept>
      <rtept lat="45.93248" lon="6.2359">
        <ele>1049</ele>
      </rtept>
      <rtept lat="45.93248" lon="6.23594">
        <ele>1048.4</ele>
      </rtept>
      <rtept lat="45.93248" lon="6.23598">
        <ele>1047.8</ele>
      </rtept>
      <rtept lat="45.93248" lon="6.23601">
        <ele>1047.2</ele>
      </rtept>
      <rtept lat="45.93249" lon="6.23607">
        <ele>1047</ele>
      </rtept>
      <rtept lat="45.93249" lon="6.2361">
        <ele>1047</ele>
      </rtept>
      <rtept lat="45.93249" lon="6.23614">
        <ele>1046.6</ele>
      </rtept>
      <rtept lat="45.93249" lon="6.23618">
        <ele>1046.6</ele>
      </rtept>
      <rtept lat="45.93249" lon="6.23622">
        <ele>1046.4</ele>
      </rtept>
      <rtept lat="45.93249" lon="6.23626">
        <ele>1046.4</ele>
      </rtept>
      <rtept lat="45.93249" lon="6.2363">
        <ele>1046.2</ele>
      </rtept>
      <rtept lat="45.93249" lon="6.23633">
        <ele>1046.2</ele>
      </rtept>
      <rtept lat="45.9325" lon="6.23636">
        <ele>1046</ele>
      </rtept>
      <rtept lat="45.93249" lon="6.23639">
        <ele>1045.6</ele>
      </rtept>
      <rtept lat="45.93249" lon="6.23642">
        <ele>1045.6</ele>
      </rtept>
      <rtept lat="45.93248" lon="6.23646">
        <ele>1045.4</ele>
      </rtept>
      <rtept lat="45.93247" lon="6.23648">
        <ele>1045.2</ele>
      </rtept>
      <rtept lat="45.93246" lon="6.23652">
        <ele>1045</ele>
      </rtept>
      <rtept lat="45.93245" lon="6.23654">
        <ele>1045.2</ele>
      </rtept>
      <rtept lat="45.93243" lon="6.23658">
        <ele>1045.2</ele>
      </rtept>
      <rtept lat="45.93242" lon="6.23661">
        <ele>1045.2</ele>
      </rtept>
      <rtept lat="45.93241" lon="6.23664">
        <ele>1045.2</ele>
      </rtept>
      <rtept lat="45.9324" lon="6.23667">
        <ele>1045.4</ele>
      </rtept>
      <rtept lat="45.93238" lon="6.23671">
        <ele>1045.6</ele>
      </rtept>
      <rtept lat="45.93238" lon="6.23674">
        <ele>1045.8</ele>
      </rtept>
      <rtept lat="45.93237" lon="6.23677">
        <ele>1046</ele>
      </rtept>
      <rtept lat="45.93237" lon="6.2368">
        <ele>1046.2</ele>
      </rtept>
      <rtept lat="45.93236" lon="6.23683">
        <ele>1046</ele>
      </rtept>
      <rtept lat="45.93235" lon="6.23686">
        <ele>1046.2</ele>
      </rtept>
      <rtept lat="45.93234" lon="6.2369">
        <ele>1046.2</ele>
      </rtept>
      <rtept lat="45.93233" lon="6.23693">
        <ele>1046.2</ele>
      </rtept>
      <rtept lat="45.93233" lon="6.23695">
        <ele>1046.4</ele>
      </rtept>
      <rtept lat="45.93232" lon="6.23698">
        <ele>1046.6</ele>
      </rtept>
      <rtept lat="45.93232" lon="6.23701">
        <ele>1046.4</ele>
      </rtept>
      <rtept lat="45.93232" lon="6.23705">
        <ele>1046.2</ele>
      </rtept>
      <rtept lat="45.93232" lon="6.23708">
        <ele>1046</ele>
      </rtept>
      <rtept lat="45.93231" lon="6.23712">
        <ele>1045.8</ele>
      </rtept>
      <rtept lat="45.9323" lon="6.23715">
        <ele>1045.6</ele>
      </rtept>
      <rtept lat="45.9323" lon="6.23718">
        <ele>1045.2</ele>
      </rtept>
      <rtept lat="45.9323" lon="6.23721">
        <ele>1045</ele>
      </rtept>
      <rtept lat="45.93231" lon="6.23725">
        <ele>1045</ele>
      </rtept>
      <rtept lat="45.93232" lon="6.23728">
        <ele>1044.6</ele>
      </rtept>
      <rtept lat="45.93233" lon="6.23731">
        <ele>1044.6</ele>
      </rtept>
      <rtept lat="45.93234" lon="6.23733">
        <ele>1044.6</ele>
      </rtept>
      <rtept lat="45.93236" lon="6.23735">
        <ele>1044.8</ele>
      </rtept>
      <rtept lat="45.93239" lon="6.23736">
        <ele>1045.2</ele>
      </rtept>
      <rtept lat="45.93241" lon="6.23737">
        <ele>1045.6</ele>
      </rtept>
      <rtept lat="45.93244" lon="6.23738">
        <ele>1046</ele>
      </rtept>
      <rtept lat="45.93246" lon="6.23738">
        <ele>1045.8</ele>
      </rtept>
      <rtept lat="45.93248" lon="6.23739">
        <ele>1046.2</ele>
      </rtept>
      <rtept lat="45.9325" lon="6.23742">
        <ele>1046.6</ele>
      </rtept>
      <rtept lat="45.9325" lon="6.23745">
        <ele>1047</ele>
      </rtept>
      <rtept lat="45.93252" lon="6.23746">
        <ele>1047</ele>
      </rtept>
      <rtept lat="45.93254" lon="6.23748">
        <ele>1047.4</ele>
      </rtept>
      <rtept lat="45.93256" lon="6.23749">
        <ele>1047.6</ele>
      </rtept>
      <rtept lat="45.93257" lon="6.23751">
        <ele>1047.8</ele>
      </rtept>
      <rtept lat="45.93259" lon="6.23753">
        <ele>1048</ele>
      </rtept>
      <rtept lat="45.93261" lon="6.23756">
        <ele>1048.6</ele>
      </rtept>
      <rtept lat="45.93262" lon="6.23759">
        <ele>1049.4</ele>
      </rtept>
      <rtept lat="45.93263" lon="6.23762">
        <ele>1050</ele>
      </rtept>
      <rtept lat="45.93262" lon="6.23765">
        <ele>1050</ele>
      </rtept>
      <rtept lat="45.9326" lon="6.23768">
        <ele>1050.4</ele>
      </rtept>
      <rtept lat="45.93259" lon="6.23771">
        <ele>1051</ele>
      </rtept>
      <rtept lat="45.93258" lon="6.23773">
        <ele>1051</ele>
      </rtept>
      <rtept lat="45.93258" lon="6.23777">
        <ele>1051.4</ele>
      </rtept>
      <rtept lat="45.93257" lon="6.23779">
        <ele>1052.6</ele>
      </rtept>
      <rtept lat="45.93257" lon="6.23782">
        <ele>1053.4</ele>
      </rtept>
      <rtept lat="45.93257" lon="6.23784">
        <ele>1053.8</ele>
      </rtept>
      <rtept lat="45.93257" lon="6.23787">
        <ele>1054</ele>
      </rtept>
      <rtept lat="45.93257" lon="6.23791">
        <ele>1054.6</ele>
      </rtept>
      <rtept lat="45.93257" lon="6.23795">
        <ele>1055</ele>
      </rtept>
      <rtept lat="45.93257" lon="6.23798">
        <ele>1055.6</ele>
      </rtept>
      <rtept lat="45.93256" lon="6.238">
        <ele>1056</ele>
      </rtept>
      <rtept lat="45.93257" lon="6.23803">
        <ele>1056.2</ele>
      </rtept>
      <rtept lat="45.93258" lon="6.23805">
        <ele>1057.4</ele>
      </rtept>
      <rtept lat="45.93257" lon="6.23807">
        <ele>1059.8</ele>
      </rtept>
      <rtept lat="45.93256" lon="6.2381">
        <ele>1060.2</ele>
      </rtept>
      <rtept lat="45.93256" lon="6.23813">
        <ele>1060.6</ele>
      </rtept>
      <rtept lat="45.93254" lon="6.23816">
        <ele>1061</ele>
      </rtept>
      <rtept lat="45.93253" lon="6.23818">
        <ele>1061</ele>
      </rtept>
      <rtept lat="45.93254" lon="6.23822">
        <ele>1061.4</ele>
      </rtept>
      <rtept lat="45.93254" lon="6.23826">
        <ele>1061.8</ele>
      </rtept>
      <rtept lat="45.93254" lon="6.23829">
        <ele>1062</ele>
      </rtept>
      <rtept lat="45.93254" lon="6.23832">
        <ele>1062.2</ele>
      </rtept>
      <rtept lat="45.93255" lon="6.23835">
        <ele>1062.8</ele>
      </rtept>
      <rtept lat="45.93256" lon="6.23837">
        <ele>1063.4</ele>
      </rtept>
      <rtept lat="45.93257" lon="6.23839">
        <ele>1063.6</ele>
      </rtept>
      <rtept lat="45.93256" lon="6.23842">
        <ele>1064.2</ele>
      </rtept>
      <rtept lat="45.93256" lon="6.23845">
        <ele>1065.2</ele>
      </rtept>
      <rtept lat="45.93255" lon="6.23848">
        <ele>1065.8</ele>
      </rtept>
      <rtept lat="45.93254" lon="6.23851">
        <ele>1066.2</ele>
      </rtept>
      <rtept lat="45.93253" lon="6.23854">
        <ele>1066.4</ele>
      </rtept>
      <rtept lat="45.93253" lon="6.23857">
        <ele>1066.4</ele>
      </rtept>
      <rtept lat="45.93251" lon="6.23859">
        <ele>1066.4</ele>
      </rtept>
      <rtept lat="45.9325" lon="6.23861">
        <ele>1067.2</ele>
      </rtept>
      <rtept lat="45.93248" lon="6.23863">
        <ele>1067.6</ele>
      </rtept>
      <rtept lat="45.93247" lon="6.23865">
        <ele>1067.6</ele>
      </rtept>
      <rtept lat="45.93246" lon="6.23868">
        <ele>1067.6</ele>
      </rtept>
      <rtept lat="45.93244" lon="6.23871">
        <ele>1067.8</ele>
      </rtept>
      <rtept lat="45.93244" lon="6.23874">
        <ele>1068.4</ele>
      </rtept>
      <rtept lat="45.93243" lon="6.23877">
        <ele>1068.2</ele>
      </rtept>
      <rtept lat="45.93241" lon="6.23879">
        <ele>1068.4</ele>
      </rtept>
      <rtept lat="45.9324" lon="6.23881">
        <ele>1068.8</ele>
      </rtept>
      <rtept lat="45.93237" lon="6.23883">
        <ele>1069</ele>
      </rtept>
      <rtept lat="45.93236" lon="6.23885">
        <ele>1069.4</ele>
      </rtept>
      <rtept lat="45.93234" lon="6.23887">
        <ele>1069.8</ele>
      </rtept>
      <rtept lat="45.93233" lon="6.23889">
        <ele>1070.2</ele>
      </rtept>
      <rtept lat="45.93231" lon="6.23891">
        <ele>1070.8</ele>
      </rtept>
      <rtept lat="45.93229" lon="6.23892">
        <ele>1071.2</ele>
      </rtept>
      <rtept lat="45.93227" lon="6.23892">
        <ele>1072</ele>
      </rtept>
      <rtept lat="45.93226" lon="6.23894">
        <ele>1072.4</ele>
      </rtept>
      <rtept lat="45.93224" lon="6.23895">
        <ele>1072.6</ele>
      </rtept>
      <rtept lat="45.93221" lon="6.23893">
        <ele>1072.6</ele>
      </rtept>
      <rtept lat="45.9322" lon="6.23892">
        <ele>1073</ele>
      </rtept>
      <rtept lat="45.93218" lon="6.23892">
        <ele>1073.4</ele>
      </rtept>
      <rtept lat="45.93215" lon="6.23895">
        <ele>1073.6</ele>
      </rtept>
      <rtept lat="45.93213" lon="6.23895">
        <ele>1074</ele>
      </rtept>
      <rtept lat="45.93212" lon="6.23898">
        <ele>1074.4</ele>
      </rtept>
      <rtept lat="45.9321" lon="6.23899">
        <ele>1074.8</ele>
      </rtept>
      <rtept lat="45.93208" lon="6.23901">
        <ele>1075.2</ele>
      </rtept>
      <rtept lat="45.93207" lon="6.23904">
        <ele>1076</ele>
      </rtept>
      <rtept lat="45.93205" lon="6.23906">
        <ele>1076.4</ele>
      </rtept>
      <rtept lat="45.93203" lon="6.23905">
        <ele>1076.8</ele>
      </rtept>
      <rtept lat="45.93202" lon="6.23906">
        <ele>1077.8</ele>
      </rtept>
      <rtept lat="45.93201" lon="6.23909">
        <ele>1079</ele>
      </rtept>
      <rtept lat="45.932" lon="6.23913">
        <ele>1079.8</ele>
      </rtept>
      <rtept lat="45.93199" lon="6.23915">
        <ele>1080.2</ele>
      </rtept>
      <rtept lat="45.93197" lon="6.23917">
        <ele>1080.8</ele>
      </rtept>
      <rtept lat="45.93196" lon="6.2392">
        <ele>1081.4</ele>
      </rtept>
      <rtept lat="45.93194" lon="6.23921">
        <ele>1082</ele>
      </rtept>
      <rtept lat="45.93192" lon="6.23923">
        <ele>1082.4</ele>
      </rtept>
      <rtept lat="45.93191" lon="6.23926">
        <ele>1082.6</ele>
      </rtept>
      <rtept lat="45.93188" lon="6.23927">
        <ele>1083.2</ele>
      </rtept>
      <rtept lat="45.93185" lon="6.23927">
        <ele>1083.2</ele>
      </rtept>
      <rtept lat="45.93183" lon="6.23927">
        <ele>1084</ele>
      </rtept>
      <rtept lat="45.9318" lon="6.23926">
        <ele>1084.2</ele>
      </rtept>
      <rtept lat="45.93178" lon="6.23926">
        <ele>1084.4</ele>
      </rtept>
      <rtept lat="45.93176" lon="6.23927">
        <ele>1084.8</ele>
      </rtept>
      <rtept lat="45.93175" lon="6.23929">
        <ele>1085.2</ele>
      </rtept>
      <rtept lat="45.93172" lon="6.2393">
        <ele>1085.8</ele>
      </rtept>
      <rtept lat="45.9317" lon="6.23931">
        <ele>1086.2</ele>
      </rtept>
      <rtept lat="45.93168" lon="6.23932">
        <ele>1086.4</ele>
      </rtept>
      <rtept lat="45.93167" lon="6.23933">
        <ele>1086.6</ele>
      </rtept>
      <rtept lat="45.93165" lon="6.23934">
        <ele>1086.8</ele>
      </rtept>
      <rtept lat="45.93162" lon="6.23936">
        <ele>1087</ele>
      </rtept>
      <rtept lat="45.9316" lon="6.23938">
        <ele>1087</ele>
      </rtept>
      <rtept lat="45.93157" lon="6.2394">
        <ele>1087</ele>
      </rtept>
      <rtept lat="45.93156" lon="6.23942">
        <ele>1087.4</ele>
      </rtept>
      <rtept lat="45.93155" lon="6.23943">
        <ele>1087.6</ele>
      </rtept>
      <rtept lat="45.93153" lon="6.23946">
        <ele>1087.8</ele>
      </rtept>
      <rtept lat="45.93152" lon="6.23949">
        <ele>1088</ele>
      </rtept>
      <rtept lat="45.93151" lon="6.23951">
        <ele>1088.4</ele>
      </rtept>
      <rtept lat="45.9315" lon="6.23954">
        <ele>1088.4</ele>
      </rtept>
      <rtept lat="45.93149" lon="6.23957">
        <ele>1088.8</ele>
      </rtept>
      <rtept lat="45.93147" lon="6.23959">
        <ele>1089</ele>
      </rtept>
      <rtept lat="45.93145" lon="6.23961">
        <ele>1089.6</ele>
      </rtept>
      <rtept lat="45.93143" lon="6.23962">
        <ele>1089.6</ele>
      </rtept>
      <rtept lat="45.93142" lon="6.23965">
        <ele>1089.8</ele>
      </rtept>
      <rtept lat="45.9314" lon="6.23967">
        <ele>1089.6</ele>
      </rtept>
      <rtept lat="45.93138" lon="6.23969">
        <ele>1089.6</ele>
      </rtept>
      <rtept lat="45.93137" lon="6.23971">
        <ele>1089.6</ele>
      </rtept>
      <rtept lat="45.93135" lon="6.23973">
        <ele>1089.8</ele>
      </rtept>
      <rtept lat="45.93134" lon="6.23977">
        <ele>1090.2</ele>
      </rtept>
      <rtept lat="45.93132" lon="6.23978">
        <ele>1090.8</ele>
      </rtept>
      <rtept lat="45.93131" lon="6.23982">
        <ele>1091</ele>
      </rtept>
      <rtept lat="45.93129" lon="6.23984">
        <ele>1091.4</ele>
      </rtept>
      <rtept lat="45.93129" lon="6.23987">
        <ele>1091.6</ele>
      </rtept>
      <rtept lat="45.93127" lon="6.23991">
        <ele>1091.8</ele>
      </rtept>
      <rtept lat="45.93126" lon="6.23993">
        <ele>1092</ele>
      </rtept>
      <rtept lat="45.93125" lon="6.23995">
        <ele>1092.4</ele>
      </rtept>
      <rtept lat="45.93123" lon="6.23998">
        <ele>1092.6</ele>
      </rtept>
      <rtept lat="45.93121" lon="6.24">
        <ele>1093</ele>
      </rtept>
      <rtept lat="45.9312" lon="6.24002">
        <ele>1093.2</ele>
      </rtept>
      <rtept lat="45.93118" lon="6.24003">
        <ele>1093.6</ele>
      </rtept>
      <rtept lat="45.93116" lon="6.24005">
        <ele>1094</ele>
      </rtept>
      <rtept lat="45.93114" lon="6.24006">
        <ele>1094.4</ele>
      </rtept>
      <rtept lat="45.93113" lon="6.24007">
        <ele>1094.6</ele>
      </rtept>
      <rtept lat="45.93111" lon="6.24009">
        <ele>1095</ele>
      </rtept>
      <rtept lat="45.93109" lon="6.2401">
        <ele>1095.2</ele>
      </rtept>
      <rtept lat="45.93107" lon="6.24012">
        <ele>1095.6</ele>
      </rtept>
      <rtept lat="45.93104" lon="6.24013">
        <ele>1095.6</ele>
      </rtept>
      <rtept lat="45.93102" lon="6.24013">
        <ele>1095.6</ele>
      </rtept>
      <rtept lat="45.93101" lon="6.24015">
        <ele>1095.8</ele>
      </rtept>
      <rtept lat="45.93099" lon="6.24016">
        <ele>1096</ele>
      </rtept>
      <rtept lat="45.93097" lon="6.24017">
        <ele>1096.4</ele>
      </rtept>
      <rtept lat="45.93094" lon="6.24017">
        <ele>1096.2</ele>
      </rtept>
      <rtept lat="45.93092" lon="6.24017">
        <ele>1096.4</ele>
      </rtept>
      <rtept lat="45.9309" lon="6.24017">
        <ele>1096.4</ele>
      </rtept>
      <rtept lat="45.93088" lon="6.24019">
        <ele>1096.2</ele>
      </rtept>
      <rtept lat="45.93086" lon="6.2402">
        <ele>1096.4</ele>
      </rtept>
      <rtept lat="45.93083" lon="6.24021">
        <ele>1096.4</ele>
      </rtept>
      <rtept lat="45.93081" lon="6.24023">
        <ele>1096.6</ele>
      </rtept>
      <rtept lat="45.93079" lon="6.24025">
        <ele>1096.4</ele>
      </rtept>
      <rtept lat="45.93078" lon="6.24027">
        <ele>1096.4</ele>
      </rtept>
      <rtept lat="45.93076" lon="6.24029">
        <ele>1096.6</ele>
      </rtept>
      <rtept lat="45.93075" lon="6.24032">
        <ele>1096</ele>
      </rtept>
      <rtept lat="45.93074" lon="6.24035">
        <ele>1095.8</ele>
      </rtept>
      <rtept lat="45.93073" lon="6.24037">
        <ele>1095.8</ele>
      </rtept>
      <rtept lat="45.93071" lon="6.2404">
        <ele>1095.4</ele>
      </rtept>
      <rtept lat="45.9307" lon="6.24043">
        <ele>1095.2</ele>
      </rtept>
      <rtept lat="45.93069" lon="6.24046">
        <ele>1095.2</ele>
      </rtept>
      <rtept lat="45.93068" lon="6.24048">
        <ele>1094.8</ele>
      </rtept>
      <rtept lat="45.93066" lon="6.24051">
        <ele>1094.4</ele>
      </rtept>
      <rtept lat="45.93066" lon="6.24053">
        <ele>1094.4</ele>
      </rtept>
      <rtept lat="45.93063" lon="6.24056">
        <ele>1094.2</ele>
      </rtept>
      <rtept lat="45.93062" lon="6.24059">
        <ele>1094</ele>
      </rtept>
      <rtept lat="45.93061" lon="6.24061">
        <ele>1094</ele>
      </rtept>
      <rtept lat="45.9306" lon="6.24065">
        <ele>1094.4</ele>
      </rtept>
      <rtept lat="45.93058" lon="6.24067">
        <ele>1094.2</ele>
      </rtept>
      <rtept lat="45.93057" lon="6.24069">
        <ele>1094</ele>
      </rtept>
      <rtept lat="45.93056" lon="6.24072">
        <ele>1094</ele>
      </rtept>
      <rtept lat="45.93055" lon="6.24074">
        <ele>1093.8</ele>
      </rtept>
      <rtept lat="45.93054" lon="6.24076">
        <ele>1093.8</ele>
      </rtept>
      <rtept lat="45.93053" lon="6.24079">
        <ele>1093.8</ele>
      </rtept>
      <rtept lat="45.93051" lon="6.24082">
        <ele>1094</ele>
      </rtept>
      <rtept lat="45.9305" lon="6.24085">
        <ele>1094.2</ele>
      </rtept>
      <rtept lat="45.93049" lon="6.24088">
        <ele>1094.2</ele>
      </rtept>
      <rtept lat="45.93048" lon="6.24091">
        <ele>1094.4</ele>
      </rtept>
      <rtept lat="45.93047" lon="6.24093">
        <ele>1094.8</ele>
      </rtept>
      <rtept lat="45.93046" lon="6.24096">
        <ele>1095.2</ele>
      </rtept>
      <rtept lat="45.93046" lon="6.24099">
        <ele>1095.6</ele>
      </rtept>
      <rtept lat="45.93045" lon="6.24103">
        <ele>1095.8</ele>
      </rtept>
      <rtept lat="45.93044" lon="6.24105">
        <ele>1096.2</ele>
      </rtept>
      <rtept lat="45.93042" lon="6.24107">
        <ele>1096.4</ele>
      </rtept>
      <rtept lat="45.9304" lon="6.24108">
        <ele>1096.6</ele>
      </rtept>
      <rtept lat="45.93038" lon="6.24108">
        <ele>1097.2</ele>
      </rtept>
      <rtept lat="45.93035" lon="6.24108">
        <ele>1097.2</ele>
      </rtept>
      <rtept lat="45.93033" lon="6.24108">
        <ele>1097.4</ele>
      </rtept>
      <rtept lat="45.93031" lon="6.24106">
        <ele>1097.4</ele>
      </rtept>
      <rtept lat="45.9303" lon="6.24104">
        <ele>1097.2</ele>
      </rtept>
      <rtept lat="45.93028" lon="6.24102">
        <ele>1097.6</ele>
      </rtept>
      <rtept lat="45.93027" lon="6.24099">
        <ele>1097.6</ele>
      </rtept>
      <rtept lat="45.93025" lon="6.24096">
        <ele>1097.2</ele>
      </rtept>
      <rtept lat="45.93023" lon="6.24095">
        <ele>1097.4</ele>
      </rtept>
      <rtept lat="45.93021" lon="6.24094">
        <ele>1097.6</ele>
      </rtept>
      <rtept lat="45.93019" lon="6.24092">
        <ele>1098</ele>
      </rtept>
      <rtept lat="45.93017" lon="6.24091">
        <ele>1098.6</ele>
      </rtept>
      <rtept lat="45.93015" lon="6.2409">
        <ele>1099</ele>
      </rtept>
      <rtept lat="45.93013" lon="6.24088">
        <ele>1099.4</ele>
      </rtept>
      <rtept lat="45.93011" lon="6.24085">
        <ele>1100</ele>
      </rtept>
      <rtept lat="45.93009" lon="6.24084">
        <ele>1101</ele>
      </rtept>
      <rtept lat="45.93008" lon="6.24082">
        <ele>1101.6</ele>
      </rtept>
      <rtept lat="45.93006" lon="6.2408">
        <ele>1102</ele>
      </rtept>
      <rtept lat="45.93005" lon="6.24078">
        <ele>1102.6</ele>
      </rtept>
      <rtept lat="45.93002" lon="6.24077">
        <ele>1103.2</ele>
      </rtept>
      <rtept lat="45.93001" lon="6.24076">
        <ele>1103.8</ele>
      </rtept>
      <rtept lat="45.92999" lon="6.24074">
        <ele>1104.2</ele>
      </rtept>
      <rtept lat="45.92997" lon="6.24073">
        <ele>1104.8</ele>
      </rtept>
      <rtept lat="45.92995" lon="6.24072">
        <ele>1105.8</ele>
      </rtept>
      <rtept lat="45.92994" lon="6.24071">
        <ele>1106</ele>
      </rtept>
      <rtept lat="45.92992" lon="6.24071">
        <ele>1107</ele>
      </rtept>
      <rtept lat="45.9299" lon="6.24071">
        <ele>1107.6</ele>
      </rtept>
      <rtept lat="45.92988" lon="6.24071">
        <ele>1108.4</ele>
      </rtept>
      <rtept lat="45.92985" lon="6.24071">
        <ele>1109</ele>
      </rtept>
      <rtept lat="45.92984" lon="6.24072">
        <ele>1109.6</ele>
      </rtept>
      <rtept lat="45.92982" lon="6.24075">
        <ele>1110.2</ele>
      </rtept>
      <rtept lat="45.92981" lon="6.24077">
        <ele>1110.6</ele>
      </rtept>
      <rtept lat="45.92981" lon="6.24079">
        <ele>1111</ele>
      </rtept>
      <rtept lat="45.92979" lon="6.24082">
        <ele>1111.2</ele>
      </rtept>
      <rtept lat="45.92977" lon="6.24083">
        <ele>1111.8</ele>
      </rtept>
      <rtept lat="45.92974" lon="6.24085">
        <ele>1112</ele>
      </rtept>
      <rtept lat="45.92974" lon="6.24088">
        <ele>1112.8</ele>
      </rtept>
      <rtept lat="45.92973" lon="6.24091">
        <ele>1113.2</ele>
      </rtept>
      <rtept lat="45.92972" lon="6.24093">
        <ele>1113.6</ele>
      </rtept>
      <rtept lat="45.9297" lon="6.24095">
        <ele>1113.8</ele>
      </rtept>
      <rtept lat="45.92969" lon="6.24098">
        <ele>1114.4</ele>
      </rtept>
      <rtept lat="45.92968" lon="6.24101">
        <ele>1114.6</ele>
      </rtept>
      <rtept lat="45.92967" lon="6.24103">
        <ele>1115</ele>
      </rtept>
      <rtept lat="45.92965" lon="6.24104">
        <ele>1115.6</ele>
      </rtept>
      <rtept lat="45.92962" lon="6.24105">
        <ele>1115.6</ele>
      </rtept>
      <rtept lat="45.92961" lon="6.24108">
        <ele>1116</ele>
      </rtept>
      <rtept lat="45.92961" lon="6.24111">
        <ele>1116.4</ele>
      </rtept>
      <rtept lat="45.92959" lon="6.24113">
        <ele>1116.8</ele>
      </rtept>
      <rtept lat="45.92957" lon="6.24114">
        <ele>1116.6</ele>
      </rtept>
      <rtept lat="45.92956" lon="6.24116">
        <ele>1117.2</ele>
      </rtept>
      <rtept lat="45.92955" lon="6.24118">
        <ele>1117.4</ele>
      </rtept>
      <rtept lat="45.92953" lon="6.2412">
        <ele>1117.6</ele>
      </rtept>
      <rtept lat="45.92951" lon="6.24121">
        <ele>1118.2</ele>
      </rtept>
      <rtept lat="45.92949" lon="6.24123">
        <ele>1118.6</ele>
      </rtept>
      <rtept lat="45.92947" lon="6.24124">
        <ele>1119</ele>
      </rtept>
      <rtept lat="45.92944" lon="6.24125">
        <ele>1119.4</ele>
      </rtept>
      <rtept lat="45.92943" lon="6.24128">
        <ele>1119.8</ele>
      </rtept>
      <rtept lat="45.92942" lon="6.24131">
        <ele>1119.8</ele>
      </rtept>
      <rtept lat="45.9294" lon="6.24134">
        <ele>1120.2</ele>
      </rtept>
      <rtept lat="45.92939" lon="6.24136">
        <ele>1120.6</ele>
      </rtept>
      <rtept lat="45.92937" lon="6.24138">
        <ele>1121.2</ele>
      </rtept>
      <rtept lat="45.92936" lon="6.2414">
        <ele>1121.4</ele>
      </rtept>
      <rtept lat="45.92935" lon="6.24143">
        <ele>1122</ele>
      </rtept>
      <rtept lat="45.92934" lon="6.24146">
        <ele>1122.8</ele>
      </rtept>
      <rtept lat="45.92933" lon="6.24148">
        <ele>1123.6</ele>
      </rtept>
      <rtept lat="45.92932" lon="6.24151">
        <ele>1124.8</ele>
      </rtept>
      <rtept lat="45.92933" lon="6.24153">
        <ele>1127.2</ele>
      </rtept>
      <rtept lat="45.92935" lon="6.24153">
        <ele>1128.2</ele>
      </rtept>
      <rtept lat="45.92938" lon="6.24152">
        <ele>1132</ele>
      </rtept>
      <rtept lat="45.9294" lon="6.24151">
        <ele>1131.6</ele>
      </rtept>
      <rtept lat="45.92942" lon="6.2415">
        <ele>1131.4</ele>
      </rtept>
      <rtept lat="45.92944" lon="6.24149">
        <ele>1131.4</ele>
      </rtept>
      <rtept lat="45.92946" lon="6.24148">
        <ele>1131.4</ele>
      </rtept>
      <rtept lat="45.92948" lon="6.24147">
        <ele>1131.2</ele>
      </rtept>
      <rtept lat="45.92951" lon="6.24146">
        <ele>1131.2</ele>
      </rtept>
      <rtept lat="45.92952" lon="6.24144">
        <ele>1131.4</ele>
      </rtept>
      <rtept lat="45.92954" lon="6.24142">
        <ele>1131.8</ele>
      </rtept>
      <rtept lat="45.92956" lon="6.24143">
        <ele>1131.8</ele>
      </rtept>
      <rtept lat="45.92958" lon="6.24142">
        <ele>1132.2</ele>
      </rtept>
      <rtept lat="45.9296" lon="6.24141">
        <ele>1132.6</ele>
      </rtept>
      <rtept lat="45.92963" lon="6.2414">
        <ele>1132.8</ele>
      </rtept>
      <rtept lat="45.92964" lon="6.24138">
        <ele>1132.8</ele>
      </rtept>
      <rtept lat="45.92965" lon="6.24136">
        <ele>1132.6</ele>
      </rtept>
      <rtept lat="45.92967" lon="6.24136">
        <ele>1132.8</ele>
      </rtept>
      <rtept lat="45.92969" lon="6.24135">
        <ele>1133.4</ele>
      </rtept>
      <rtept lat="45.92971" lon="6.24136">
        <ele>1133.6</ele>
      </rtept>
      <rtept lat="45.92973" lon="6.24135">
        <ele>1134</ele>
      </rtept>
      <rtept lat="45.92973" lon="6.24139">
        <ele>1137.6</ele>
      </rtept>
      <rtept lat="45.92972" lon="6.24143">
        <ele>1138</ele>
      </rtept>
      <rtept lat="45.92972" lon="6.24147">
        <ele>1138.8</ele>
      </rtept>
      <rtept lat="45.92972" lon="6.24149">
        <ele>1139.6</ele>
      </rtept>
      <rtept lat="45.9297" lon="6.24152">
        <ele>1141.4</ele>
      </rtept>
      <rtept lat="45.92969" lon="6.24154">
        <ele>1141.8</ele>
      </rtept>
      <rtept lat="45.92968" lon="6.24158">
        <ele>1142.2</ele>
      </rtept>
      <rtept lat="45.92967" lon="6.2416">
        <ele>1142.4</ele>
      </rtept>
      <rtept lat="45.92965" lon="6.24161">
        <ele>1143.2</ele>
      </rtept>
      <rtept lat="45.92963" lon="6.24163">
        <ele>1146.2</ele>
      </rtept>
      <rtept lat="45.92962" lon="6.24166">
        <ele>1146.4</ele>
      </rtept>
      <rtept lat="45.92961" lon="6.24168">
        <ele>1146.4</ele>
      </rtept>
      <rtept lat="45.92959" lon="6.24171">
        <ele>1146.6</ele>
      </rtept>
      <rtept lat="45.92957" lon="6.24173">
        <ele>1147</ele>
      </rtept>
      <rtept lat="45.92956" lon="6.24176">
        <ele>1147.4</ele>
      </rtept>
      <rtept lat="45.92956" lon="6.24179">
        <ele>1147.8</ele>
      </rtept>
      <rtept lat="45.92953" lon="6.2418">
        <ele>1148.6</ele>
      </rtept>
      <rtept lat="45.92953" lon="6.24183">
        <ele>1151.4</ele>
      </rtept>
      <rtept lat="45.92951" lon="6.24185">
        <ele>1151.6</ele>
      </rtept>
      <rtept lat="45.9295" lon="6.24187">
        <ele>1152</ele>
      </rtept>
      <rtept lat="45.92948" lon="6.2419">
        <ele>1152.2</ele>
      </rtept>
      <rtept lat="45.92948" lon="6.24193">
        <ele>1153</ele>
      </rtept>
      <rtept lat="45.92951" lon="6.24195">
        <ele>1157.8</ele>
      </rtept>
      <rtept lat="45.92952" lon="6.24196">
        <ele>1157.8</ele>
      </rtept>
      <rtept lat="45.92954" lon="6.24197">
        <ele>1157.8</ele>
      </rtept>
      <rtept lat="45.92956" lon="6.24199">
        <ele>1158.4</ele>
      </rtept>
      <rtept lat="45.92955" lon="6.24202">
        <ele>1161.4</ele>
      </rtept>
      <rtept lat="45.92951" lon="6.24205">
        <ele>1161.8</ele>
      </rtept>
      <rtept lat="45.9295" lon="6.24206">
        <ele>1162</ele>
      </rtept>
      <rtept lat="45.92948" lon="6.24208">
        <ele>1162</ele>
      </rtept>
      <rtept lat="45.92947" lon="6.2421">
        <ele>1162.2</ele>
      </rtept>
      <rtept lat="45.92946" lon="6.24213">
        <ele>1162.6</ele>
      </rtept>
      <rtept lat="45.92945" lon="6.24215">
        <ele>1163</ele>
      </rtept>
      <rtept lat="45.92943" lon="6.24216">
        <ele>1164</ele>
      </rtept>
      <rtept lat="45.92941" lon="6.24217">
        <ele>1164.2</ele>
      </rtept>
      <rtept lat="45.92943" lon="6.24218">
        <ele>1165</ele>
      </rtept>
      <rtept lat="45.92946" lon="6.24219">
        <ele>1168.2</ele>
      </rtept>
      <rtept lat="45.92947" lon="6.2422">
        <ele>1168.2</ele>
      </rtept>
      <rtept lat="45.9295" lon="6.24221">
        <ele>1168.2</ele>
      </rtept>
      <rtept lat="45.92952" lon="6.24222">
        <ele>1168.6</ele>
      </rtept>
      <rtept lat="45.92955" lon="6.24224">
        <ele>1169.2</ele>
      </rtept>
      <rtept lat="45.92956" lon="6.24226">
        <ele>1169.6</ele>
      </rtept>
      <rtept lat="45.92955" lon="6.24229">
        <ele>1173.2</ele>
      </rtept>
      <rtept lat="45.92954" lon="6.24232">
        <ele>1173.6</ele>
      </rtept>
      <rtept lat="45.92953" lon="6.24235">
        <ele>1173.8</ele>
      </rtept>
      <rtept lat="45.92952" lon="6.24238">
        <ele>1174.4</ele>
      </rtept>
      <rtept lat="45.92951" lon="6.24241">
        <ele>1177.8</ele>
      </rtept>
      <rtept lat="45.9295" lon="6.24244">
        <ele>1178</ele>
      </rtept>
      <rtept lat="45.92947" lon="6.24247">
        <ele>1178.4</ele>
      </rtept>
      <rtept lat="45.92946" lon="6.24249">
        <ele>1178.4</ele>
      </rtept>
      <rtept lat="45.92945" lon="6.24252">
        <ele>1178.8</ele>
      </rtept>
      <rtept lat="45.92945" lon="6.24255">
        <ele>1179.4</ele>
      </rtept>
      <rtept lat="45.92944" lon="6.24257">
        <ele>1180.2</ele>
      </rtept>
      <rtept lat="45.92942" lon="6.24258">
        <ele>1183.4</ele>
      </rtept>
      <rtept lat="45.92941" lon="6.2426">
        <ele>1183.6</ele>
      </rtept>
      <rtept lat="45.9294" lon="6.24262">
        <ele>1184</ele>
      </rtept>
      <rtept lat="45.92942" lon="6.24263">
        <ele>1184.6</ele>
      </rtept>
      <rtept lat="45.92942" lon="6.24265">
        <ele>1187.4</ele>
      </rtept>
      <rtept lat="45.92939" lon="6.24269">
        <ele>1188</ele>
      </rtept>
      <rtept lat="45.92935" lon="6.24272">
        <ele>1188</ele>
      </rtept>
      <rtept lat="45.92934" lon="6.24275">
        <ele>1188.4</ele>
      </rtept>
      <rtept lat="45.92932" lon="6.24278">
        <ele>1189.4</ele>
      </rtept>
      <rtept lat="45.92931" lon="6.2428">
        <ele>1195.6</ele>
      </rtept>
      <rtept lat="45.9293" lon="6.24283">
        <ele>1195.6</ele>
      </rtept>
      <rtept lat="45.92928" lon="6.24287">
        <ele>1195.6</ele>
      </rtept>
      <rtept lat="45.92926" lon="6.2429">
        <ele>1195.6</ele>
      </rtept>
      <rtept lat="45.92925" lon="6.24292">
        <ele>1195.8</ele>
      </rtept>
      <rtept lat="45.92923" lon="6.24295">
        <ele>1196</ele>
      </rtept>
      <rtept lat="45.92925" lon="6.24299">
        <ele>1199.6</ele>
      </rtept>
      <rtept lat="45.92926" lon="6.24301">
        <ele>1199.8</ele>
      </rtept>
      <rtept lat="45.92928" lon="6.24304">
        <ele>1200.6</ele>
      </rtept>
      <rtept lat="45.92929" lon="6.24307">
        <ele>1200.8</ele>
      </rtept>
      <rtept lat="45.92928" lon="6.24309">
        <ele>1202.6</ele>
      </rtept>
      <rtept lat="45.92929" lon="6.24312">
        <ele>1202.8</ele>
      </rtept>
      <rtept lat="45.92929" lon="6.24315">
        <ele>1207.4</ele>
      </rtept>
      <rtept lat="45.92929" lon="6.24321">
        <ele>1207.6</ele>
      </rtept>
      <rtept lat="45.92929" lon="6.24325">
        <ele>1207.8</ele>
      </rtept>
      <rtept lat="45.92929" lon="6.24328">
        <ele>1208.2</ele>
      </rtept>
      <rtept lat="45.92928" lon="6.24331">
        <ele>1208.4</ele>
      </rtept>
      <rtept lat="45.92926" lon="6.24335">
        <ele>1215.8</ele>
      </rtept>
      <rtept lat="45.92923" lon="6.2434">
        <ele>1216</ele>
      </rtept>
      <rtept lat="45.92921" lon="6.24344">
        <ele>1216</ele>
      </rtept>
      <rtept lat="45.92919" lon="6.24348">
        <ele>1216.4</ele>
      </rtept>
      <rtept lat="45.92918" lon="6.24351">
        <ele>1216.6</ele>
      </rtept>
      <rtept lat="45.92919" lon="6.24353">
        <ele>1217.8</ele>
      </rtept>
      <rtept lat="45.92921" lon="6.24353">
        <ele>1221.4</ele>
      </rtept>
      <rtept lat="45.92923" lon="6.24355">
        <ele>1221.4</ele>
      </rtept>
      <rtept lat="45.92925" lon="6.24357">
        <ele>1221.6</ele>
      </rtept>
      <rtept lat="45.92927" lon="6.24359">
        <ele>1222</ele>
      </rtept>
      <rtept lat="45.92929" lon="6.24361">
        <ele>1222</ele>
      </rtept>
      <rtept lat="45.92931" lon="6.24364">
        <ele>1222.4</ele>
      </rtept>
      <rtept lat="45.92929" lon="6.24364">
        <ele>1222.6</ele>
      </rtept>
      <rtept lat="45.92929" lon="6.24368">
        <ele>1223.2</ele>
      </rtept>
      <rtept lat="45.92927" lon="6.24369">
        <ele>1224.4</ele>
      </rtept>
      <rtept lat="45.92925" lon="6.2437">
        <ele>1224.8</ele>
      </rtept>
      <rtept lat="45.92922" lon="6.24372">
        <ele>1224.8</ele>
      </rtept>
      <rtept lat="45.9292" lon="6.24371">
        <ele>1225.4</ele>
      </rtept>
      <rtept lat="45.92922" lon="6.24372">
        <ele>1226.6</ele>
      </rtept>
      <rtept lat="45.92921" lon="6.24375">
        <ele>1228.8</ele>
      </rtept>
      <rtept lat="45.92919" lon="6.24377">
        <ele>1229.2</ele>
      </rtept>
      <rtept lat="45.92918" lon="6.2438">
        <ele>1229.2</ele>
      </rtept>
      <rtept lat="45.92917" lon="6.24381">
        <ele>1229.4</ele>
      </rtept>
      <rtept lat="45.92915" lon="6.24385">
        <ele>1229.8</ele>
      </rtept>
      <rtept lat="45.92914" lon="6.24388">
        <ele>1230</ele>
      </rtept>
      <rtept lat="45.92912" lon="6.2439">
        <ele>1230.8</ele>
      </rtept>
      <rtept lat="45.92912" lon="6.24393">
        <ele>1231.6</ele>
      </rtept>
      <rtept lat="45.92913" lon="6.24396">
        <ele>1233.2</ele>
      </rtept>
      <rtept lat="45.92914" lon="6.24399">
        <ele>1236</ele>
      </rtept>
      <rtept lat="45.92915" lon="6.24402">
        <ele>1236.2</ele>
      </rtept>
      <rtept lat="45.92916" lon="6.24404">
        <ele>1236.6</ele>
      </rtept>
      <rtept lat="45.92919" lon="6.24408">
        <ele>1242.6</ele>
      </rtept>
      <rtept lat="45.92921" lon="6.2441">
        <ele>1242.6</ele>
      </rtept>
      <rtept lat="45.92924" lon="6.24414">
        <ele>1242.6</ele>
      </rtept>
      <rtept lat="45.92927" lon="6.24416">
        <ele>1242.6</ele>
      </rtept>
      <rtept lat="45.9293" lon="6.24419">
        <ele>1243.2</ele>
      </rtept>
      <rtept lat="45.92931" lon="6.24421">
        <ele>1243.2</ele>
      </rtept>
      <rtept lat="45.92932" lon="6.24423">
        <ele>1244.2</ele>
      </rtept>
      <rtept lat="45.92933" lon="6.24426">
        <ele>1245.2</ele>
      </rtept>
      <rtept lat="45.92935" lon="6.24429">
        <ele>1248.2</ele>
      </rtept>
      <rtept lat="45.92936" lon="6.24433">
        <ele>1248.2</ele>
      </rtept>
      <rtept lat="45.92938" lon="6.24435">
        <ele>1252.2</ele>
      </rtept>
      <rtept lat="45.92941" lon="6.24439">
        <ele>1252.8</ele>
      </rtept>
      <rtept lat="45.92943" lon="6.2444">
        <ele>1252.8</ele>
      </rtept>
      <rtept lat="45.92945" lon="6.24443">
        <ele>1253.6</ele>
      </rtept>
      <rtept lat="45.92946" lon="6.24445">
        <ele>1254</ele>
      </rtept>
      <rtept lat="45.92946" lon="6.2445">
        <ele>1262.6</ele>
      </rtept>
      <rtept lat="45.92945" lon="6.24454">
        <ele>1262.6</ele>
      </rtept>
      <rtept lat="45.92944" lon="6.24457">
        <ele>1262.6</ele>
      </rtept>
      <rtept lat="45.92943" lon="6.2446">
        <ele>1262.6</ele>
      </rtept>
      <rtept lat="45.92942" lon="6.24463">
        <ele>1263</ele>
      </rtept>
      <rtept lat="45.9294" lon="6.24463">
        <ele>1263.6</ele>
      </rtept>
      <rtept lat="45.92938" lon="6.24465">
        <ele>1264.2</ele>
      </rtept>
      <rtept lat="45.92938" lon="6.24468">
        <ele>1265.4</ele>
      </rtept>
      <rtept lat="45.92934" lon="6.24468">
        <ele>1271.4</ele>
      </rtept>
      <rtept lat="45.92931" lon="6.2447">
        <ele>1271.6</ele>
      </rtept>
      <rtept lat="45.92928" lon="6.2447">
        <ele>1271.8</ele>
      </rtept>
      <rtept lat="45.92926" lon="6.2447">
        <ele>1271.6</ele>
      </rtept>
      <rtept lat="45.92924" lon="6.2447">
        <ele>1272</ele>
      </rtept>
      <rtept lat="45.92922" lon="6.24472">
        <ele>1272.8</ele>
      </rtept>
      <rtept lat="45.92921" lon="6.24477">
        <ele>1280.2</ele>
      </rtept>
      <rtept lat="45.92919" lon="6.2448">
        <ele>1280.8</ele>
      </rtept>
      <rtept lat="45.92916" lon="6.24485">
        <ele>1280.8</ele>
      </rtept>
      <rtept lat="45.92914" lon="6.24489">
        <ele>1280.8</ele>
      </rtept>
      <rtept lat="45.92911" lon="6.24494">
        <ele>1280.6</ele>
      </rtept>
      <rtept lat="45.9291" lon="6.24496">
        <ele>1280.6</ele>
      </rtept>
      <rtept lat="45.92908" lon="6.24499">
        <ele>1281.4</ele>
      </rtept>
      <rtept lat="45.92907" lon="6.24502">
        <ele>1281.6</ele>
      </rtept>
      <rtept lat="45.92906" lon="6.24504">
        <ele>1282.4</ele>
      </rtept>
      <rtept lat="45.92908" lon="6.24507">
        <ele>1286.4</ele>
      </rtept>
      <rtept lat="45.92911" lon="6.24506">
        <ele>1287.2</ele>
      </rtept>
      <rtept lat="45.92914" lon="6.24505">
        <ele>1287.2</ele>
      </rtept>
      <rtept lat="45.92916" lon="6.24505">
        <ele>1287.4</ele>
      </rtept>
      <rtept lat="45.92919" lon="6.24504">
        <ele>1287.6</ele>
      </rtept>
      <rtept lat="45.9292" lon="6.24502">
        <ele>1289.2</ele>
      </rtept>
      <rtept lat="45.92922" lon="6.24502">
        <ele>1291.2</ele>
      </rtept>
      <rtept lat="45.92925" lon="6.24502">
        <ele>1291.4</ele>
      </rtept>
      <rtept lat="45.92928" lon="6.24501">
        <ele>1291.4</ele>
      </rtept>
      <rtept lat="45.9293" lon="6.245">
        <ele>1292</ele>
      </rtept>
      <rtept lat="45.92933" lon="6.24501">
        <ele>1292.2</ele>
      </rtept>
      <rtept lat="45.92934" lon="6.24503">
        <ele>1292.8</ele>
      </rtept>
      <rtept lat="45.92935" lon="6.24505">
        <ele>1293.2</ele>
      </rtept>
      <rtept lat="45.92935" lon="6.24508">
        <ele>1294</ele>
      </rtept>
      <rtept lat="45.92935" lon="6.2451">
        <ele>1294.2</ele>
      </rtept>
      <rtept lat="45.92936" lon="6.24513">
        <ele>1295.2</ele>
      </rtept>
      <rtept lat="45.92934" lon="6.24516">
        <ele>1301.2</ele>
      </rtept>
      <rtept lat="45.92933" lon="6.24519">
        <ele>1301.2</ele>
      </rtept>
      <rtept lat="45.9293" lon="6.24523">
        <ele>1302</ele>
      </rtept>
      <rtept lat="45.92928" lon="6.24527">
        <ele>1302</ele>
      </rtept>
      <rtept lat="45.92926" lon="6.2453">
        <ele>1302.4</ele>
      </rtept>
      <rtept lat="45.92924" lon="6.24533">
        <ele>1302</ele>
      </rtept>
      <rtept lat="45.92923" lon="6.24535">
        <ele>1302</ele>
      </rtept>
      <rtept lat="45.92921" lon="6.24536">
        <ele>1302.8</ele>
      </rtept>
      <rtept lat="45.9292" lon="6.24538">
        <ele>1303.6</ele>
      </rtept>
      <rtept lat="45.9292" lon="6.24541">
        <ele>1304</ele>
      </rtept>
      <rtept lat="45.92918" lon="6.24543">
        <ele>1307.8</ele>
      </rtept>
      <rtept lat="45.92916" lon="6.24548">
        <ele>1307.8</ele>
      </rtept>
      <rtept lat="45.92915" lon="6.24551">
        <ele>1308.8</ele>
      </rtept>
      <rtept lat="45.92913" lon="6.24554">
        <ele>1308.8</ele>
      </rtept>
      <rtept lat="45.92913" lon="6.24557">
        <ele>1309.8</ele>
      </rtept>
      <rtept lat="45.92915" lon="6.24557">
        <ele>1312.2</ele>
      </rtept>
      <rtept lat="45.92916" lon="6.24555">
        <ele>1312.8</ele>
      </rtept>
      <rtept lat="45.92918" lon="6.24554">
        <ele>1313.2</ele>
      </rtept>
      <rtept lat="45.9292" lon="6.24555">
        <ele>1314</ele>
      </rtept>
      <rtept lat="45.92922" lon="6.24558">
        <ele>1315.6</ele>
      </rtept>
      <rtept lat="45.92923" lon="6.2456">
        <ele>1316.4</ele>
      </rtept>
      <rtept lat="45.92924" lon="6.24563">
        <ele>1316.4</ele>
      </rtept>
      <rtept lat="45.92924" lon="6.24566">
        <ele>1320.2</ele>
      </rtept>
      <rtept lat="45.92922" lon="6.24568">
        <ele>1320.2</ele>
      </rtept>
      <rtept lat="45.9292" lon="6.24571">
        <ele>1320.6</ele>
      </rtept>
      <rtept lat="45.92918" lon="6.24574">
        <ele>1320.6</ele>
      </rtept>
      <rtept lat="45.92916" lon="6.24576">
        <ele>1320.8</ele>
      </rtept>
      <rtept lat="45.92914" lon="6.24578">
        <ele>1321.2</ele>
      </rtept>
      <rtept lat="45.92913" lon="6.2458">
        <ele>1321.2</ele>
      </rtept>
      <rtept lat="45.92915" lon="6.24582">
        <ele>1322.6</ele>
      </rtept>
      <rtept lat="45.92917" lon="6.24584">
        <ele>1322.8</ele>
      </rtept>
      <rtept lat="45.92917" lon="6.24587">
        <ele>1323.2</ele>
      </rtept>
      <rtept lat="45.92916" lon="6.24589">
        <ele>1325.8</ele>
      </rtept>
      <rtept lat="45.92914" lon="6.24592">
        <ele>1326</ele>
      </rtept>
      <rtept lat="45.92912" lon="6.24594">
        <ele>1326.6</ele>
      </rtept>
      <rtept lat="45.9291" lon="6.24596">
        <ele>1326.6</ele>
      </rtept>
      <rtept lat="45.92909" lon="6.24599">
        <ele>1326.8</ele>
      </rtept>
      <rtept lat="45.92911" lon="6.24601">
        <ele>1332</ele>
      </rtept>
      <rtept lat="45.92913" lon="6.24602">
        <ele>1332</ele>
      </rtept>
      <rtept lat="45.92915" lon="6.24603">
        <ele>1332.2</ele>
      </rtept>
      <rtept lat="45.92916" lon="6.24604">
        <ele>1332.8</ele>
      </rtept>
      <rtept lat="45.92918" lon="6.24606">
        <ele>1332.8</ele>
      </rtept>
      <rtept lat="45.92919" lon="6.24608">
        <ele>1334.2</ele>
      </rtept>
      <rtept lat="45.9292" lon="6.24606">
        <ele>1340</ele>
      </rtept>
      <rtept lat="45.92922" lon="6.24603">
        <ele>1340.2</ele>
      </rtept>
      <rtept lat="45.92924" lon="6.24602">
        <ele>1340.6</ele>
      </rtept>
      <rtept lat="45.92927" lon="6.24602">
        <ele>1341.6</ele>
      </rtept>
      <rtept lat="45.92929" lon="6.24602">
        <ele>1342</ele>
      </rtept>
      <rtept lat="45.9293" lon="6.246">
        <ele>1342.6</ele>
      </rtept>
      <rtept lat="45.92932" lon="6.24598">
        <ele>1343</ele>
      </rtept>
      <rtept lat="45.92934" lon="6.24599">
        <ele>1343.8</ele>
      </rtept>
      <rtept lat="45.92936" lon="6.24601">
        <ele>1344.8</ele>
      </rtept>
      <rtept lat="45.92938" lon="6.24602">
        <ele>1346.4</ele>
      </rtept>
      <rtept lat="45.92938" lon="6.24606">
        <ele>1348.4</ele>
      </rtept>
      <rtept lat="45.92938" lon="6.24609">
        <ele>1349</ele>
      </rtept>
      <rtept lat="45.92937" lon="6.24612">
        <ele>1349.6</ele>
      </rtept>
      <rtept lat="45.92936" lon="6.24614">
        <ele>1349.8</ele>
      </rtept>
      <rtept lat="45.92939" lon="6.24614">
        <ele>1354.6</ele>
      </rtept>
      <rtept lat="45.92941" lon="6.24614">
        <ele>1354.8</ele>
      </rtept>
      <rtept lat="45.92943" lon="6.24613">
        <ele>1355</ele>
      </rtept>
      <rtept lat="45.92945" lon="6.24613">
        <ele>1355</ele>
      </rtept>
      <rtept lat="45.92947" lon="6.24614">
        <ele>1355.4</ele>
      </rtept>
      <rtept lat="45.92948" lon="6.24616">
        <ele>1355.8</ele>
      </rtept>
      <rtept lat="45.92949" lon="6.24619">
        <ele>1356.4</ele>
      </rtept>
      <rtept lat="45.92949" lon="6.24622">
        <ele>1357</ele>
      </rtept>
      <rtept lat="45.92949" lon="6.24625">
        <ele>1357.6</ele>
      </rtept>
      <rtept lat="45.92948" lon="6.24627">
        <ele>1358.6</ele>
      </rtept>
      <rtept lat="45.92945" lon="6.24631">
        <ele>1368.4</ele>
      </rtept>
      <rtept lat="45.92942" lon="6.24634">
        <ele>1368.4</ele>
      </rtept>
      <rtept lat="45.92939" lon="6.24639">
        <ele>1368.8</ele>
      </rtept>
      <rtept lat="45.92936" lon="6.24643">
        <ele>1368.8</ele>
      </rtept>
      <rtept lat="45.92934" lon="6.24648">
        <ele>1368.8</ele>
      </rtept>
      <rtept lat="45.92933" lon="6.24651">
        <ele>1369</ele>
      </rtept>
      <rtept lat="45.92932" lon="6.24654">
        <ele>1369</ele>
      </rtept>
      <rtept lat="45.92931" lon="6.24657">
        <ele>1369</ele>
      </rtept>
      <rtept lat="45.92929" lon="6.24658">
        <ele>1369.6</ele>
      </rtept>
      <rtept lat="45.92927" lon="6.24661">
        <ele>1369.6</ele>
      </rtept>
      <rtept lat="45.92925" lon="6.24662">
        <ele>1370.4</ele>
      </rtept>
      <rtept lat="45.92923" lon="6.24662">
        <ele>1370.6</ele>
      </rtept>
      <rtept lat="45.92921" lon="6.24663">
        <ele>1371.2</ele>
      </rtept>
      <rtept lat="45.9292" lon="6.24665">
        <ele>1371.4</ele>
      </rtept>
      <rtept lat="45.9292" lon="6.24667">
        <ele>1371.8</ele>
      </rtept>
      <rtept lat="45.92919" lon="6.2467">
        <ele>1372.2</ele>
      </rtept>
      <rtept lat="45.92918" lon="6.24673">
        <ele>1372.4</ele>
      </rtept>
      <rtept lat="45.92916" lon="6.24675">
        <ele>1372.8</ele>
      </rtept>
      <rtept lat="45.92916" lon="6.24678">
        <ele>1373.2</ele>
      </rtept>
      <rtept lat="45.92916" lon="6.24681">
        <ele>1374.4</ele>
      </rtept>
      <rtept lat="45.92917" lon="6.24684">
        <ele>1375</ele>
      </rtept>
      <rtept lat="45.92921" lon="6.24682">
        <ele>1385.8</ele>
      </rtept>
      <rtept lat="45.92924" lon="6.2468">
        <ele>1385.8</ele>
      </rtept>
      <rtept lat="45.92929" lon="6.24677">
        <ele>1386</ele>
      </rtept>
      <rtept lat="45.92933" lon="6.24675">
        <ele>1386.6</ele>
      </rtept>
      <rtept lat="45.92936" lon="6.24674">
        <ele>1386.6</ele>
      </rtept>
      <rtept lat="45.92938" lon="6.24673">
        <ele>1386.4</ele>
      </rtept>
      <rtept lat="45.9294" lon="6.24673">
        <ele>1387.2</ele>
      </rtept>
      <rtept lat="45.92942" lon="6.24675">
        <ele>1389.8</ele>
      </rtept>
      <rtept lat="45.9294" lon="6.24677">
        <ele>1389.6</ele>
      </rtept>
      <rtept lat="45.92938" lon="6.2468">
        <ele>1390</ele>
      </rtept>
      <rtept lat="45.9294" lon="6.24684">
        <ele>1398</ele>
      </rtept>
      <rtept lat="45.92941" lon="6.24686">
        <ele>1398.6</ele>
      </rtept>
      <rtept lat="45.92943" lon="6.2469">
        <ele>1398.6</ele>
      </rtept>
      <rtept lat="45.92944" lon="6.24694">
        <ele>1398.6</ele>
      </rtept>
      <rtept lat="45.92945" lon="6.24697">
        <ele>1399.2</ele>
      </rtept>
      <rtept lat="45.92946" lon="6.247">
        <ele>1399.2</ele>
      </rtept>
      <rtept lat="45.92948" lon="6.24702">
        <ele>1399.2</ele>
      </rtept>
      <rtept lat="45.92949" lon="6.24704">
        <ele>1400</ele>
      </rtept>
      <rtept lat="45.9295" lon="6.24707">
        <ele>1400.6</ele>
      </rtept>
      <rtept lat="45.92949" lon="6.24709">
        <ele>1402.2</ele>
      </rtept>
      <rtept lat="45.92947" lon="6.2471">
        <ele>1402.2</ele>
      </rtept>
      <rtept lat="45.92945" lon="6.24711">
        <ele>1402.4</ele>
      </rtept>
      <rtept lat="45.92944" lon="6.24713">
        <ele>1404.6</ele>
      </rtept>
      <rtept lat="45.92945" lon="6.24716">
        <ele>1405.2</ele>
      </rtept>
      <rtept lat="45.92947" lon="6.24717">
        <ele>1405.8</ele>
      </rtept>
      <rtept lat="45.92951" lon="6.24721">
        <ele>1419.8</ele>
      </rtept>
      <rtept lat="45.92953" lon="6.24725">
        <ele>1419.8</ele>
      </rtept>
      <rtept lat="45.92956" lon="6.24729">
        <ele>1420.2</ele>
      </rtept>
      <rtept lat="45.92959" lon="6.24734">
        <ele>1420.2</ele>
      </rtept>
      <rtept lat="45.92962" lon="6.24738">
        <ele>1420.2</ele>
      </rtept>
      <rtept lat="45.92963" lon="6.2474">
        <ele>1420.4</ele>
      </rtept>
      <rtept lat="45.92965" lon="6.24743">
        <ele>1420.6</ele>
      </rtept>
      <rtept lat="45.92967" lon="6.24745">
        <ele>1421.4</ele>
      </rtept>
      <rtept lat="45.92969" lon="6.24745">
        <ele>1422</ele>
      </rtept>
      <rtept lat="45.92971" lon="6.24747">
        <ele>1422.8</ele>
      </rtept>
      <rtept lat="45.92973" lon="6.24748">
        <ele>1423.8</ele>
      </rtept>
      <rtept lat="45.92975" lon="6.2475">
        <ele>1427.6</ele>
      </rtept>
      <rtept lat="45.92976" lon="6.24753">
        <ele>1427.6</ele>
      </rtept>
      <rtept lat="45.92977" lon="6.24756">
        <ele>1427.8</ele>
      </rtept>
      <rtept lat="45.92978" lon="6.24758">
        <ele>1428</ele>
      </rtept>
      <rtept lat="45.92979" lon="6.24761">
        <ele>1428.2</ele>
      </rtept>
      <rtept lat="45.9298" lon="6.24764">
        <ele>1428.6</ele>
      </rtept>
      <rtept lat="45.92978" lon="6.24766">
        <ele>1430.8</ele>
      </rtept>
      <rtept lat="45.92976" lon="6.24767">
        <ele>1431.2</ele>
      </rtept>
      <rtept lat="45.92974" lon="6.24768">
        <ele>1431.2</ele>
      </rtept>
      <rtept lat="45.92972" lon="6.24768">
        <ele>1432.4</ele>
      </rtept>
      <rtept lat="45.9297" lon="6.2477">
        <ele>1432.8</ele>
      </rtept>
      <rtept lat="45.92969" lon="6.24772">
        <ele>1433</ele>
      </rtept>
      <rtept lat="45.92966" lon="6.24772">
        <ele>1433.8</ele>
      </rtept>
      <rtept lat="45.92964" lon="6.24772">
        <ele>1434.6</ele>
      </rtept>
      <rtept lat="45.92963" lon="6.24774">
        <ele>1435.4</ele>
      </rtept>
      <rtept lat="45.92962" lon="6.24777">
        <ele>1435.6</ele>
      </rtept>
      <rtept lat="45.92961" lon="6.2478">
        <ele>1435.8</ele>
      </rtept>
      <rtept lat="45.92959" lon="6.24781">
        <ele>1437.2</ele>
      </rtept>
      <rtept lat="45.92958" lon="6.24783">
        <ele>1438</ele>
      </rtept>
      <rtept lat="45.92956" lon="6.24786">
        <ele>1439.2</ele>
      </rtept>
      <rtept lat="45.92954" lon="6.24789">
        <ele>1439.2</ele>
      </rtept>
      <rtept lat="45.92953" lon="6.24792">
        <ele>1439.2</ele>
      </rtept>
      <rtept lat="45.92953" lon="6.24795">
        <ele>1440.2</ele>
      </rtept>
      <rtept lat="45.92954" lon="6.24797">
        <ele>1440.6</ele>
      </rtept>
      <rtept lat="45.92956" lon="6.24797">
        <ele>1441.4</ele>
      </rtept>
      <rtept lat="45.92959" lon="6.24795">
        <ele>1444</ele>
      </rtept>
      <rtept lat="45.92961" lon="6.24794">
        <ele>1444.2</ele>
      </rtept>
      <rtept lat="45.92962" lon="6.24793">
        <ele>1444.2</ele>
      </rtept>
      <rtept lat="45.92964" lon="6.24792">
        <ele>1444.2</ele>
      </rtept>
      <rtept lat="45.92967" lon="6.24792">
        <ele>1444.8</ele>
      </rtept>
      <rtept lat="45.92969" lon="6.24793">
        <ele>1445.2</ele>
      </rtept>
      <rtept lat="45.92971" lon="6.24794">
        <ele>1445.6</ele>
      </rtept>
      <rtept lat="45.92973" lon="6.24794">
        <ele>1446.8</ele>
      </rtept>
      <rtept lat="45.92975" lon="6.24795">
        <ele>1447.2</ele>
      </rtept>
      <rtept lat="45.92977" lon="6.24797">
        <ele>1448</ele>
      </rtept>
      <rtept lat="45.92978" lon="6.24797">
        <ele>1448.2</ele>
      </rtept>
      <rtept lat="45.9298" lon="6.24797">
        <ele>1449.2</ele>
      </rtept>
      <rtept lat="45.92982" lon="6.24797">
        <ele>1449.4</ele>
      </rtept>
      <rtept lat="45.92984" lon="6.24798">
        <ele>1449.8</ele>
      </rtept>
      <rtept lat="45.92986" lon="6.248">
        <ele>1450</ele>
      </rtept>
      <rtept lat="45.92986" lon="6.24803">
        <ele>1450.4</ele>
      </rtept>
      <rtept lat="45.92984" lon="6.24804">
        <ele>1451</ele>
      </rtept>
      <rtept lat="45.92982" lon="6.24805">
        <ele>1451.6</ele>
      </rtept>
      <rtept lat="45.9298" lon="6.24805">
        <ele>1453.8</ele>
      </rtept>
      <rtept lat="45.92977" lon="6.24806">
        <ele>1453.8</ele>
      </rtept>
      <rtept lat="45.92976" lon="6.24807">
        <ele>1454</ele>
      </rtept>
      <rtept lat="45.92975" lon="6.24809">
        <ele>1454.4</ele>
      </rtept>
      <rtept lat="45.92975" lon="6.24812">
        <ele>1455.2</ele>
      </rtept>
      <rtept lat="45.92974" lon="6.24814">
        <ele>1456.4</ele>
      </rtept>
      <rtept lat="45.92972" lon="6.24817">
        <ele>1457.4</ele>
      </rtept>
      <rtept lat="45.9297" lon="6.24819">
        <ele>1457.6</ele>
      </rtept>
      <rtept lat="45.92968" lon="6.2482">
        <ele>1458</ele>
      </rtept>
      <rtept lat="45.92968" lon="6.24823">
        <ele>1459.4</ele>
      </rtept>
      <rtept lat="45.92969" lon="6.24826">
        <ele>1464.8</ele>
      </rtept>
      <rtept lat="45.92969" lon="6.24829">
        <ele>1464.8</ele>
      </rtept>
      <rtept lat="45.9297" lon="6.24832">
        <ele>1464.8</ele>
      </rtept>
      <rtept lat="45.9297" lon="6.24835">
        <ele>1465.2</ele>
      </rtept>
      <rtept lat="45.9297" lon="6.24837">
        <ele>1465.2</ele>
      </rtept>
      <rtept lat="45.92972" lon="6.24836">
        <ele>1466.2</ele>
      </rtept>
      <rtept lat="45.92974" lon="6.24839">
        <ele>1471.4</ele>
      </rtept>
      <rtept lat="45.92976" lon="6.24841">
        <ele>1471.4</ele>
      </rtept>
      <rtept lat="45.92978" lon="6.24843">
        <ele>1471.4</ele>
      </rtept>
      <rtept lat="45.9298" lon="6.24845">
        <ele>1471.4</ele>
      </rtept>
      <rtept lat="45.92982" lon="6.24848">
        <ele>1472</ele>
      </rtept>
      <rtept lat="45.92984" lon="6.24848">
        <ele>1472.4</ele>
      </rtept>
      <rtept lat="45.92986" lon="6.24849">
        <ele>1472.4</ele>
      </rtept>
      <rtept lat="45.92988" lon="6.24848">
        <ele>1472.8</ele>
      </rtept>
      <rtept lat="45.92991" lon="6.24848">
        <ele>1473.2</ele>
      </rtept>
      <rtept lat="45.92993" lon="6.24848">
        <ele>1473.2</ele>
      </rtept>
      <rtept lat="45.92995" lon="6.24848">
        <ele>1474</ele>
      </rtept>
      <rtept lat="45.92997" lon="6.24848">
        <ele>1474.2</ele>
      </rtept>
      <rtept lat="45.92999" lon="6.24848">
        <ele>1475</ele>
      </rtept>
      <rtept lat="45.93001" lon="6.24848">
        <ele>1475.8</ele>
      </rtept>
      <rtept lat="45.93003" lon="6.2485">
        <ele>1476.4</ele>
      </rtept>
      <rtept lat="45.93005" lon="6.24851">
        <ele>1477.2</ele>
      </rtept>
      <rtept lat="45.93007" lon="6.24851">
        <ele>1477.6</ele>
      </rtept>
      <rtept lat="45.93009" lon="6.24851">
        <ele>1478.2</ele>
      </rtept>
      <rtept lat="45.93011" lon="6.24852">
        <ele>1479</ele>
      </rtept>
      <rtept lat="45.93013" lon="6.24853">
        <ele>1479.4</ele>
      </rtept>
      <rtept lat="45.93015" lon="6.24853">
        <ele>1479.8</ele>
      </rtept>
      <rtept lat="45.93017" lon="6.24854">
        <ele>1480.6</ele>
      </rtept>
      <rtept lat="45.93019" lon="6.24854">
        <ele>1481</ele>
      </rtept>
      <rtept lat="45.93022" lon="6.24854">
        <ele>1481.4</ele>
      </rtept>
      <rtept lat="45.93024" lon="6.24854">
        <ele>1482.6</ele>
      </rtept>
      <rtept lat="45.93026" lon="6.24854">
        <ele>1483</ele>
      </rtept>
      <rtept lat="45.93028" lon="6.24854">
        <ele>1484</ele>
      </rtept>
      <rtept lat="45.9303" lon="6.24855">
        <ele>1484.2</ele>
      </rtept>
      <rtept lat="45.93032" lon="6.24856">
        <ele>1485</ele>
      </rtept>
      <rtept lat="45.93034" lon="6.24857">
        <ele>1485.8</ele>
      </rtept>
      <rtept lat="45.93035" lon="6.2486">
        <ele>1485.8</ele>
      </rtept>
      <rtept lat="45.93036" lon="6.24864">
        <ele>1486.2</ele>
      </rtept>
      <rtept lat="45.93034" lon="6.24866">
        <ele>1486.8</ele>
      </rtept>
      <rtept lat="45.93032" lon="6.24867">
        <ele>1487.2</ele>
      </rtept>
      <rtept lat="45.9303" lon="6.24868">
        <ele>1487.6</ele>
      </rtept>
      <rtept lat="45.93027" lon="6.24869">
        <ele>1488</ele>
      </rtept>
      <rtept lat="45.93026" lon="6.24869">
        <ele>1488.6</ele>
      </rtept>
      <rtept lat="45.93024" lon="6.2487">
        <ele>1489</ele>
      </rtept>
      <rtept lat="45.93022" lon="6.24871">
        <ele>1489</ele>
      </rtept>
      <rtept lat="45.93019" lon="6.24871">
        <ele>1489.6</ele>
      </rtept>
      <rtept lat="45.93017" lon="6.24872">
        <ele>1490</ele>
      </rtept>
      <rtept lat="45.93016" lon="6.24873">
        <ele>1490.4</ele>
      </rtept>
      <rtept lat="45.93014" lon="6.24874">
        <ele>1490.8</ele>
      </rtept>
      <rtept lat="45.93012" lon="6.24876">
        <ele>1491</ele>
      </rtept>
      <rtept lat="45.9301" lon="6.24877">
        <ele>1491.4</ele>
      </rtept>
      <rtept lat="45.93008" lon="6.24878">
        <ele>1491.6</ele>
      </rtept>
      <rtept lat="45.93006" lon="6.2488">
        <ele>1491.8</ele>
      </rtept>
      <rtept lat="45.93005" lon="6.24881">
        <ele>1492.2</ele>
      </rtept>
      <rtept lat="45.93003" lon="6.24883">
        <ele>1492.4</ele>
      </rtept>
      <rtept lat="45.93" lon="6.24883">
        <ele>1492.8</ele>
      </rtept>
      <rtept lat="45.92998" lon="6.24886">
        <ele>1493</ele>
      </rtept>
      <rtept lat="45.92996" lon="6.24887">
        <ele>1493.2</ele>
      </rtept>
      <rtept lat="45.92994" lon="6.24889">
        <ele>1493.2</ele>
      </rtept>
      <rtept lat="45.92993" lon="6.2489">
        <ele>1493.4</ele>
      </rtept>
      <rtept lat="45.92991" lon="6.24891">
        <ele>1493.4</ele>
      </rtept>
      <rtept lat="45.92989" lon="6.24893">
        <ele>1494.2</ele>
      </rtept>
      <rtept lat="45.92987" lon="6.24894">
        <ele>1494.8</ele>
      </rtept>
      <rtept lat="45.92985" lon="6.24896">
        <ele>1495.8</ele>
      </rtept>
      <rtept lat="45.92984" lon="6.24899">
        <ele>1496.2</ele>
      </rtept>
      <rtept lat="45.92982" lon="6.249">
        <ele>1496.8</ele>
      </rtept>
      <rtept lat="45.92981" lon="6.24902">
        <ele>1497.2</ele>
      </rtept>
      <rtept lat="45.92981" lon="6.24905">
        <ele>1498.2</ele>
      </rtept>
      <rtept lat="45.9298" lon="6.24908">
        <ele>1498.4</ele>
      </rtept>
      <rtept lat="45.92979" lon="6.2491">
        <ele>1499.8</ele>
      </rtept>
      <rtept lat="45.92978" lon="6.24913">
        <ele>1500.4</ele>
      </rtept>
      <rtept lat="45.92978" lon="6.24915">
        <ele>1501.2</ele>
      </rtept>
      <rtept lat="45.92979" lon="6.24918">
        <ele>1501.8</ele>
      </rtept>
      <rtept lat="45.9298" lon="6.2492">
        <ele>1503.2</ele>
      </rtept>
      <rtept lat="45.9298" lon="6.24923">
        <ele>1503.8</ele>
      </rtept>
      <rtept lat="45.92978" lon="6.24926">
        <ele>1504.4</ele>
      </rtept>
      <rtept lat="45.92978" lon="6.2493">
        <ele>1510.2</ele>
      </rtept>
      <rtept lat="45.92976" lon="6.24934">
        <ele>1510.4</ele>
      </rtept>
      <rtept lat="45.92974" lon="6.2494">
        <ele>1510.4</ele>
      </rtept>
      <rtept lat="45.92972" lon="6.24945">
        <ele>1510.6</ele>
      </rtept>
      <rtept lat="45.92971" lon="6.2495">
        <ele>1510.8</ele>
      </rtept>
      <rtept lat="45.9297" lon="6.24953">
        <ele>1510.8</ele>
      </rtept>
      <rtept lat="45.92968" lon="6.24956">
        <ele>1511.6</ele>
      </rtept>
      <rtept lat="45.92968" lon="6.24958">
        <ele>1512.2</ele>
      </rtept>
      <rtept lat="45.92967" lon="6.24961">
        <ele>1512.6</ele>
      </rtept>
      <rtept lat="45.92967" lon="6.24964">
        <ele>1513</ele>
      </rtept>
      <rtept lat="45.92966" lon="6.24967">
        <ele>1514</ele>
      </rtept>
      <rtept lat="45.92965" lon="6.2497">
        <ele>1514.2</ele>
      </rtept>
      <rtept lat="45.92966" lon="6.24972">
        <ele>1515.4</ele>
      </rtept>
      <rtept lat="45.92965" lon="6.24975">
        <ele>1521</ele>
      </rtept>
      <rtept lat="45.92963" lon="6.24977">
        <ele>1521.2</ele>
      </rtept>
      <rtept lat="45.92961" lon="6.24979">
        <ele>1521.2</ele>
      </rtept>
      <rtept lat="45.9296" lon="6.2498">
        <ele>1521.2</ele>
      </rtept>
      <rtept lat="45.92957" lon="6.24981">
        <ele>1521.8</ele>
      </rtept>
      <rtept lat="45.92956" lon="6.24981">
        <ele>1522.2</ele>
      </rtept>
      <rtept lat="45.92954" lon="6.24982">
        <ele>1522.6</ele>
      </rtept>
      <rtept lat="45.92953" lon="6.24985">
        <ele>1523.6</ele>
      </rtept>
      <rtept lat="45.92952" lon="6.24989">
        <ele>1531.2</ele>
      </rtept>
      <rtept lat="45.9295" lon="6.24991">
        <ele>1531.4</ele>
      </rtept>
      <rtept lat="45.92948" lon="6.24994">
        <ele>1532.8</ele>
      </rtept>
      <rtept lat="45.92946" lon="6.24996">
        <ele>1532.8</ele>
      </rtept>
      <rtept lat="45.92944" lon="6.24999">
        <ele>1532.8</ele>
      </rtept>
      <rtept lat="45.92942" lon="6.25">
        <ele>1532.8</ele>
      </rtept>
      <rtept lat="45.92941" lon="6.25002">
        <ele>1533</ele>
      </rtept>
      <rtept lat="45.92939" lon="6.25002">
        <ele>1533.6</ele>
      </rtept>
      <rtept lat="45.92936" lon="6.25003">
        <ele>1537</ele>
      </rtept>
      <rtept lat="45.92934" lon="6.25003">
        <ele>1536.8</ele>
      </rtept>
      <rtept lat="45.92931" lon="6.25005">
        <ele>1537.4</ele>
      </rtept>
      <rtept lat="45.92928" lon="6.25005">
        <ele>1537.8</ele>
      </rtept>
      <rtept lat="45.92926" lon="6.25006">
        <ele>1537.8</ele>
      </rtept>
      <rtept lat="45.92924" lon="6.25007">
        <ele>1538.4</ele>
      </rtept>
      <rtept lat="45.92923" lon="6.25009">
        <ele>1543.4</ele>
      </rtept>
      <rtept lat="45.92921" lon="6.25011">
        <ele>1543.4</ele>
      </rtept>
      <rtept lat="45.92919" lon="6.25013">
        <ele>1543.4</ele>
      </rtept>
      <rtept lat="45.92917" lon="6.25017">
        <ele>1550.6</ele>
      </rtept>
      <rtept lat="45.92917" lon="6.25019">
        <ele>1550.6</ele>
      </rtept>
      <rtept lat="45.92916" lon="6.25021">
        <ele>1550.8</ele>
      </rtept>
      <rtept lat="45.92914" lon="6.25024">
        <ele>1550.8</ele>
      </rtept>
      <rtept lat="45.92912" lon="6.25024">
        <ele>1551.4</ele>
      </rtept>
      <rtept lat="45.9291" lon="6.25025">
        <ele>1552</ele>
      </rtept>
      <rtept lat="45.92908" lon="6.25027">
        <ele>1553</ele>
      </rtept>
      <rtept lat="45.92908" lon="6.25031">
        <ele>1555.6</ele>
      </rtept>
      <rtept lat="45.92907" lon="6.25033">
        <ele>1555.8</ele>
      </rtept>
      <rtept lat="45.92905" lon="6.25036">
        <ele>1556.4</ele>
      </rtept>
      <rtept lat="45.92903" lon="6.25037">
        <ele>1556.4</ele>
      </rtept>
      <rtept lat="45.92902" lon="6.25038">
        <ele>1557</ele>
      </rtept>
      <rtept lat="45.929" lon="6.2504">
        <ele>1557.4</ele>
      </rtept>
      <rtept lat="45.92899" lon="6.25043">
        <ele>1558.4</ele>
      </rtept>
      <rtept lat="45.92897" lon="6.25044">
        <ele>1558.8</ele>
      </rtept>
      <rtept lat="45.92896" lon="6.25047">
        <ele>1559.6</ele>
      </rtept>
      <rtept lat="45.92896" lon="6.2505">
        <ele>1560</ele>
      </rtept>
      <rtept lat="45.92895" lon="6.25052">
        <ele>1561.2</ele>
      </rtept>
      <rtept lat="45.92893" lon="6.25054">
        <ele>1561.4</ele>
      </rtept>
      <rtept lat="45.92891" lon="6.25055">
        <ele>1562</ele>
      </rtept>
      <rtept lat="45.92889" lon="6.25056">
        <ele>1562.2</ele>
      </rtept>
      <rtept lat="45.92887" lon="6.25058">
        <ele>1562.2</ele>
      </rtept>
      <rtept lat="45.92886" lon="6.2506">
        <ele>1562.4</ele>
      </rtept>
      <rtept lat="45.92884" lon="6.25063">
        <ele>1562.8</ele>
      </rtept>
      <rtept lat="45.92883" lon="6.25066">
        <ele>1563</ele>
      </rtept>
      <rtept lat="45.92881" lon="6.25068">
        <ele>1563.2</ele>
      </rtept>
      <rtept lat="45.9288" lon="6.25071">
        <ele>1563.4</ele>
      </rtept>
      <rtept lat="45.92879" lon="6.25074">
        <ele>1563.6</ele>
      </rtept>
      <rtept lat="45.92878" lon="6.25077">
        <ele>1563.6</ele>
      </rtept>
      <rtept lat="45.92876" lon="6.25081">
        <ele>1563</ele>
      </rtept>
      <rtept lat="45.92876" lon="6.25084">
        <ele>1563</ele>
      </rtept>
      <rtept lat="45.92875" lon="6.25087">
        <ele>1563</ele>
      </rtept>
      <rtept lat="45.92874" lon="6.25089">
        <ele>1562.8</ele>
      </rtept>
      <rtept lat="45.92872" lon="6.25091">
        <ele>1562.8</ele>
      </rtept>
      <rtept lat="45.92871" lon="6.25093">
        <ele>1562</ele>
      </rtept>
      <rtept lat="45.92868" lon="6.25097">
        <ele>1562.2</ele>
      </rtept>
      <rtept lat="45.92866" lon="6.251">
        <ele>1562</ele>
      </rtept>
      <rtept lat="45.92864" lon="6.25103">
        <ele>1562</ele>
      </rtept>
      <rtept lat="45.92863" lon="6.25105">
        <ele>1562</ele>
      </rtept>
      <rtept lat="45.92861" lon="6.25107">
        <ele>1562.2</ele>
      </rtept>
      <rtept lat="45.92859" lon="6.25109">
        <ele>1562.2</ele>
      </rtept>
      <rtept lat="45.92858" lon="6.25111">
        <ele>1562.6</ele>
      </rtept>
      <rtept lat="45.92856" lon="6.25113">
        <ele>1562.8</ele>
      </rtept>
      <rtept lat="45.92854" lon="6.25115">
        <ele>1563.2</ele>
      </rtept>
      <rtept lat="45.92852" lon="6.25116">
        <ele>1563.4</ele>
      </rtept>
      <rtept lat="45.92851" lon="6.25119">
        <ele>1563.8</ele>
      </rtept>
      <rtept lat="45.92849" lon="6.2512">
        <ele>1564.2</ele>
      </rtept>
      <rtept lat="45.92848" lon="6.25122">
        <ele>1564</ele>
      </rtept>
      <rtept lat="45.92846" lon="6.25124">
        <ele>1564.4</ele>
      </rtept>
      <rtept lat="45.92844" lon="6.25126">
        <ele>1565</ele>
      </rtept>
      <rtept lat="45.92842" lon="6.25127">
        <ele>1565</ele>
      </rtept>
      <rtept lat="45.92841" lon="6.25129">
        <ele>1565.8</ele>
      </rtept>
      <rtept lat="45.92839" lon="6.2513">
        <ele>1566</ele>
      </rtept>
      <rtept lat="45.92841" lon="6.25131">
        <ele>1569.4</ele>
      </rtept>
      <rtept lat="45.92839" lon="6.25133">
        <ele>1569</ele>
      </rtept>
      <rtept lat="45.92837" lon="6.25134">
        <ele>1569</ele>
      </rtept>
      <rtept lat="45.92835" lon="6.25134">
        <ele>1569.4</ele>
      </rtept>
      <rtept lat="45.92832" lon="6.25135">
        <ele>1569.4</ele>
      </rtept>
      <rtept lat="45.9283" lon="6.25137">
        <ele>1569.8</ele>
      </rtept>
      <rtept lat="45.92828" lon="6.25138">
        <ele>1569.8</ele>
      </rtept>
      <rtept lat="45.92827" lon="6.25139">
        <ele>1570</ele>
      </rtept>
      <rtept lat="45.92825" lon="6.25141">
        <ele>1570.6</ele>
      </rtept>
      <rtept lat="45.92822" lon="6.25142">
        <ele>1570.2</ele>
      </rtept>
      <rtept lat="45.92821" lon="6.25143">
        <ele>1570</ele>
      </rtept>
      <rtept lat="45.92819" lon="6.25143">
        <ele>1570</ele>
      </rtept>
      <rtept lat="45.92816" lon="6.25144">
        <ele>1570.8</ele>
      </rtept>
      <rtept lat="45.92814" lon="6.25146">
        <ele>1571.2</ele>
      </rtept>
      <rtept lat="45.92812" lon="6.25148">
        <ele>1570.8</ele>
      </rtept>
      <rtept lat="45.9281" lon="6.2515">
        <ele>1570.8</ele>
      </rtept>
      <rtept lat="45.92808" lon="6.25151">
        <ele>1571</ele>
      </rtept>
      <rtept lat="45.92806" lon="6.25152">
        <ele>1571.6</ele>
      </rtept>
      <rtept lat="45.92804" lon="6.25153">
        <ele>1572</ele>
      </rtept>
      <rtept lat="45.92802" lon="6.25154">
        <ele>1572.2</ele>
      </rtept>
      <rtept lat="45.928" lon="6.25156">
        <ele>1573</ele>
      </rtept>
      <rtept lat="45.92798" lon="6.25157">
        <ele>1573.2</ele>
      </rtept>
      <rtept lat="45.92795" lon="6.25159">
        <ele>1573.6</ele>
      </rtept>
      <rtept lat="45.92794" lon="6.2516">
        <ele>1573.8</ele>
      </rtept>
      <rtept lat="45.92791" lon="6.25161">
        <ele>1574.4</ele>
      </rtept>
      <rtept lat="45.92789" lon="6.25163">
        <ele>1574.4</ele>
      </rtept>
      <rtept lat="45.92787" lon="6.25164">
        <ele>1574.8</ele>
      </rtept>
      <rtept lat="45.92786" lon="6.25165">
        <ele>1575.4</ele>
      </rtept>
      <rtept lat="45.92783" lon="6.25166">
        <ele>1575.8</ele>
      </rtept>
      <rtept lat="45.92781" lon="6.25167">
        <ele>1576</ele>
      </rtept>
      <rtept lat="45.92779" lon="6.25169">
        <ele>1576.2</ele>
      </rtept>
      <rtept lat="45.92776" lon="6.25169">
        <ele>1576.4</ele>
      </rtept>
      <rtept lat="45.92774" lon="6.2517">
        <ele>1577</ele>
      </rtept>
      <rtept lat="45.92772" lon="6.25171">
        <ele>1577.2</ele>
      </rtept>
      <rtept lat="45.9277" lon="6.25171">
        <ele>1577.6</ele>
      </rtept>
      <rtept lat="45.92768" lon="6.25171">
        <ele>1577.6</ele>
      </rtept>
      <rtept lat="45.92765" lon="6.25171">
        <ele>1578.6</ele>
      </rtept>
      <rtept lat="45.92763" lon="6.25172">
        <ele>1579</ele>
      </rtept>
      <rtept lat="45.92761" lon="6.25172">
        <ele>1579.6</ele>
      </rtept>
      <rtept lat="45.92759" lon="6.25173">
        <ele>1579.8</ele>
      </rtept>
      <rtept lat="45.92757" lon="6.25175">
        <ele>1580</ele>
      </rtept>
      <rtept lat="45.92755" lon="6.25176">
        <ele>1580</ele>
      </rtept>
      <rtept lat="45.92753" lon="6.25177">
        <ele>1580.6</ele>
      </rtept>
      <rtept lat="45.92751" lon="6.25178">
        <ele>1580.8</ele>
      </rtept>
      <rtept lat="45.92748" lon="6.25179">
        <ele>1580.8</ele>
      </rtept>
      <rtept lat="45.92746" lon="6.2518">
        <ele>1581.6</ele>
      </rtept>
      <rtept lat="45.92744" lon="6.25183">
        <ele>1581.6</ele>
      </rtept>
      <rtept lat="45.92742" lon="6.25184">
        <ele>1582.4</ele>
      </rtept>
      <rtept lat="45.9274" lon="6.25185">
        <ele>1582.6</ele>
      </rtept>
      <rtept lat="45.92738" lon="6.25186">
        <ele>1583.6</ele>
      </rtept>
      <rtept lat="45.92736" lon="6.25185">
        <ele>1584.4</ele>
      </rtept>
      <rtept lat="45.92734" lon="6.25185">
        <ele>1584.8</ele>
      </rtept>
      <rtept lat="45.92732" lon="6.25184">
        <ele>1585.2</ele>
      </rtept>
      <rtept lat="45.9273" lon="6.25184">
        <ele>1586</ele>
      </rtept>
      <rtept lat="45.92728" lon="6.25184">
        <ele>1586.2</ele>
      </rtept>
      <rtept lat="45.92726" lon="6.25184">
        <ele>1585.4</ele>
      </rtept>
      <rtept lat="45.92724" lon="6.25183">
        <ele>1585.6</ele>
      </rtept>
      <rtept lat="45.92721" lon="6.25182">
        <ele>1585.8</ele>
      </rtept>
      <rtept lat="45.92719" lon="6.25182">
        <ele>1585.8</ele>
      </rtept>
      <rtept lat="45.92717" lon="6.25182">
        <ele>1585.6</ele>
      </rtept>
      <rtept lat="45.92715" lon="6.25182">
        <ele>1586</ele>
      </rtept>
      <rtept lat="45.92713" lon="6.2518">
        <ele>1586.2</ele>
      </rtept>
      <rtept lat="45.92711" lon="6.2518">
        <ele>1586.4</ele>
      </rtept>
      <rtept lat="45.92709" lon="6.25179">
        <ele>1586.2</ele>
      </rtept>
      <rtept lat="45.92706" lon="6.25178">
        <ele>1586</ele>
      </rtept>
      <rtept lat="45.92704" lon="6.25176">
        <ele>1586</ele>
      </rtept>
      <rtept lat="45.92702" lon="6.25174">
        <ele>1586.2</ele>
      </rtept>
      <rtept lat="45.927" lon="6.25173">
        <ele>1586.4</ele>
      </rtept>
      <rtept lat="45.92699" lon="6.25172">
        <ele>1586.4</ele>
      </rtept>
      <rtept lat="45.92696" lon="6.25169">
        <ele>1586.4</ele>
      </rtept>
      <rtept lat="45.92694" lon="6.25167">
        <ele>1586.6</ele>
      </rtept>
      <rtept lat="45.92692" lon="6.25165">
        <ele>1586.6</ele>
      </rtept>
      <rtept lat="45.9269" lon="6.25163">
        <ele>1586.4</ele>
      </rtept>
      <rtept lat="45.92689" lon="6.2516">
        <ele>1586.4</ele>
      </rtept>
      <rtept lat="45.92688" lon="6.25158">
        <ele>1586</ele>
      </rtept>
      <rtept lat="45.92687" lon="6.25156">
        <ele>1586</ele>
      </rtept>
      <rtept lat="45.92685" lon="6.25153">
        <ele>1585.8</ele>
      </rtept>
      <rtept lat="45.92684" lon="6.25151">
        <ele>1585.2</ele>
      </rtept>
      <rtept lat="45.92682" lon="6.25149">
        <ele>1585</ele>
      </rtept>
      <rtept lat="45.9268" lon="6.25147">
        <ele>1584.4</ele>
      </rtept>
      <rtept lat="45.92678" lon="6.25145">
        <ele>1584.6</ele>
      </rtept>
      <rtept lat="45.92677" lon="6.25143">
        <ele>1584.6</ele>
      </rtept>
      <rtept lat="45.92675" lon="6.25142">
        <ele>1584.4</ele>
      </rtept>
      <rtept lat="45.92673" lon="6.2514">
        <ele>1584.2</ele>
      </rtept>
      <rtept lat="45.9267" lon="6.25139">
        <ele>1583.8</ele>
      </rtept>
      <rtept lat="45.92669" lon="6.25138">
        <ele>1583.6</ele>
      </rtept>
      <rtept lat="45.92666" lon="6.25138">
        <ele>1583.2</ele>
      </rtept>
      <rtept lat="45.92664" lon="6.25136">
        <ele>1583</ele>
      </rtept>
      <rtept lat="45.92662" lon="6.25134">
        <ele>1584.8</ele>
      </rtept>
      <rtept lat="45.92659" lon="6.25132">
        <ele>1585</ele>
      </rtept>
      <rtept lat="45.92657" lon="6.25131">
        <ele>1585.4</ele>
      </rtept>
      <rtept lat="45.92655" lon="6.25129">
        <ele>1585.4</ele>
      </rtept>
      <rtept lat="45.92653" lon="6.25129">
        <ele>1585.4</ele>
      </rtept>
      <rtept lat="45.92651" lon="6.25128">
        <ele>1585.4</ele>
      </rtept>
      <rtept lat="45.92649" lon="6.25127">
        <ele>1585.4</ele>
      </rtept>
      <rtept lat="45.92647" lon="6.25126">
        <ele>1585.8</ele>
      </rtept>
      <rtept lat="45.92644" lon="6.25125">
        <ele>1585.6</ele>
      </rtept>
      <rtept lat="45.92642" lon="6.25124">
        <ele>1585.6</ele>
      </rtept>
      <rtept lat="45.92641" lon="6.25123">
        <ele>1585.6</ele>
      </rtept>
      <rtept lat="45.92639" lon="6.25122">
        <ele>1585.6</ele>
      </rtept>
      <rtept lat="45.92637" lon="6.25121">
        <ele>1586</ele>
      </rtept>
      <rtept lat="45.92635" lon="6.2512">
        <ele>1585.8</ele>
      </rtept>
      <rtept lat="45.92632" lon="6.25119">
        <ele>1586</ele>
      </rtept>
      <rtept lat="45.9263" lon="6.25118">
        <ele>1586.2</ele>
      </rtept>
      <rtept lat="45.92628" lon="6.25117">
        <ele>1586.6</ele>
      </rtept>
      <rtept lat="45.92626" lon="6.25116">
        <ele>1586.8</ele>
      </rtept>
      <rtept lat="45.92624" lon="6.25115">
        <ele>1587.4</ele>
      </rtept>
      <rtept lat="45.92622" lon="6.25114">
        <ele>1587.4</ele>
      </rtept>
      <rtept lat="45.9262" lon="6.25113">
        <ele>1587.6</ele>
      </rtept>
      <rtept lat="45.92618" lon="6.25111">
        <ele>1587.6</ele>
      </rtept>
      <rtept lat="45.92616" lon="6.2511">
        <ele>1587.6</ele>
      </rtept>
      <rtept lat="45.92614" lon="6.2511">
        <ele>1587.8</ele>
      </rtept>
      <rtept lat="45.92612" lon="6.25109">
        <ele>1587.6</ele>
      </rtept>
      <rtept lat="45.9261" lon="6.25108">
        <ele>1587.8</ele>
      </rtept>
      <rtept lat="45.92607" lon="6.25106">
        <ele>1587.8</ele>
      </rtept>
      <rtept lat="45.92606" lon="6.25105">
        <ele>1587.8</ele>
      </rtept>
      <rtept lat="45.92604" lon="6.25104">
        <ele>1587.6</ele>
      </rtept>
      <rtept lat="45.92602" lon="6.25103">
        <ele>1587.8</ele>
      </rtept>
      <rtept lat="45.926" lon="6.25102">
        <ele>1587.8</ele>
      </rtept>
      <rtept lat="45.92598" lon="6.251">
        <ele>1587.6</ele>
      </rtept>
      <rtept lat="45.92596" lon="6.25099">
        <ele>1588.2</ele>
      </rtept>
      <rtept lat="45.92594" lon="6.25098">
        <ele>1588.2</ele>
      </rtept>
      <rtept lat="45.92593" lon="6.25096">
        <ele>1588.2</ele>
      </rtept>
      <rtept lat="45.9259" lon="6.25095">
        <ele>1588.8</ele>
      </rtept>
      <rtept lat="45.92589" lon="6.25094">
        <ele>1589</ele>
      </rtept>
      <rtept lat="45.92587" lon="6.25092">
        <ele>1589</ele>
      </rtept>
      <rtept lat="45.92586" lon="6.25091">
        <ele>1589.4</ele>
      </rtept>
      <rtept lat="45.92584" lon="6.25089">
        <ele>1589.6</ele>
      </rtept>
      <rtept lat="45.92583" lon="6.25086">
        <ele>1589.8</ele>
      </rtept>
      <rtept lat="45.92584" lon="6.2509">
        <ele>1589.4</ele>
      </rtept>
      <rtept lat="45.92585" lon="6.25093">
        <ele>1589.2</ele>
      </rtept>
      <rtept lat="45.92586" lon="6.25097">
        <ele>1588.6</ele>
      </rtept>
      <rtept lat="45.92585" lon="6.251">
        <ele>1588</ele>
      </rtept>
      <rtept lat="45.92585" lon="6.25103">
        <ele>1587.8</ele>
      </rtept>
      <rtept lat="45.92586" lon="6.25106">
        <ele>1587.6</ele>
      </rtept>
      <rtept lat="45.92586" lon="6.25109">
        <ele>1587.4</ele>
      </rtept>
      <rtept lat="45.92585" lon="6.25112">
        <ele>1587</ele>
      </rtept>
      <rtept lat="45.92584" lon="6.25115">
        <ele>1586.6</ele>
      </rtept>
      <rtept lat="45.92583" lon="6.25118">
        <ele>1586.4</ele>
      </rtept>
      <rtept lat="45.92583" lon="6.25121">
        <ele>1585.8</ele>
      </rtept>
      <rtept lat="45.92583" lon="6.25124">
        <ele>1585.4</ele>
      </rtept>
      <rtept lat="45.92582" lon="6.25127">
        <ele>1585.2</ele>
      </rtept>
      <rtept lat="45.92581" lon="6.2513">
        <ele>1584.6</ele>
      </rtept>
      <rtept lat="45.9258" lon="6.25132">
        <ele>1584.6</ele>
      </rtept>
      <rtept lat="45.92579" lon="6.25135">
        <ele>1584.4</ele>
      </rtept>
      <rtept lat="45.92578" lon="6.25137">
        <ele>1584.2</ele>
      </rtept>
      <rtept lat="45.92577" lon="6.2514">
        <ele>1584</ele>
      </rtept>
      <rtept lat="45.92576" lon="6.25143">
        <ele>1584</ele>
      </rtept>
      <rtept lat="45.92575" lon="6.25146">
        <ele>1583.6</ele>
      </rtept>
      <rtept lat="45.92574" lon="6.2515">
        <ele>1583.6</ele>
      </rtept>
      <rtept lat="45.92573" lon="6.25152">
        <ele>1583.6</ele>
      </rtept>
      <rtept lat="45.92571" lon="6.25154">
        <ele>1583</ele>
      </rtept>
      <rtept lat="45.92569" lon="6.25156">
        <ele>1582.8</ele>
      </rtept>
      <rtept lat="45.92567" lon="6.25158">
        <ele>1582.6</ele>
      </rtept>
      <rtept lat="45.92565" lon="6.2516">
        <ele>1582.6</ele>
      </rtept>
      <rtept lat="45.92563" lon="6.2516">
        <ele>1582.6</ele>
      </rtept>
      <rtept lat="45.92561" lon="6.25161">
        <ele>1582.2</ele>
      </rtept>
      <rtept lat="45.92559" lon="6.25161">
        <ele>1582</ele>
      </rtept>
      <rtept lat="45.92557" lon="6.2516">
        <ele>1582.6</ele>
      </rtept>
      <rtept lat="45.92555" lon="6.2516">
        <ele>1582.4</ele>
      </rtept>
      <rtept lat="45.92553" lon="6.25159">
        <ele>1582.8</ele>
      </rtept>
      <rtept lat="45.92551" lon="6.25158">
        <ele>1583.8</ele>
      </rtept>
      <rtept lat="45.92549" lon="6.25157">
        <ele>1583.6</ele>
      </rtept>
      <rtept lat="45.92547" lon="6.25156">
        <ele>1583.4</ele>
      </rtept>
      <rtept lat="45.92545" lon="6.25155">
        <ele>1583.4</ele>
      </rtept>
      <rtept lat="45.92543" lon="6.25155">
        <ele>1583.8</ele>
      </rtept>
      <rtept lat="45.92541" lon="6.25155">
        <ele>1583.8</ele>
      </rtept>
      <rtept lat="45.92539" lon="6.25153">
        <ele>1583.4</ele>
      </rtept>
      <rtept lat="45.92537" lon="6.25152">
        <ele>1583.2</ele>
      </rtept>
      <rtept lat="45.92535" lon="6.25151">
        <ele>1582.8</ele>
      </rtept>
      <rtept lat="45.92532" lon="6.2515">
        <ele>1583</ele>
      </rtept>
      <rtept lat="45.9253" lon="6.25149">
        <ele>1583</ele>
      </rtept>
      <rtept lat="45.92527" lon="6.25149">
        <ele>1583.2</ele>
      </rtept>
      <rtept lat="45.92525" lon="6.25147">
        <ele>1583</ele>
      </rtept>
      <rtept lat="45.92523" lon="6.25147">
        <ele>1582.8</ele>
      </rtept>
      <rtept lat="45.92521" lon="6.25146">
        <ele>1582.8</ele>
      </rtept>
      <rtept lat="45.92519" lon="6.25146">
        <ele>1583</ele>
      </rtept>
      <rtept lat="45.92517" lon="6.25145">
        <ele>1583.2</ele>
      </rtept>
      <rtept lat="45.92515" lon="6.25143">
        <ele>1583.2</ele>
      </rtept>
      <rtept lat="45.92514" lon="6.25141">
        <ele>1583.4</ele>
      </rtept>
      <rtept lat="45.92511" lon="6.25139">
        <ele>1583.6</ele>
      </rtept>
      <rtept lat="45.9251" lon="6.25137">
        <ele>1584</ele>
      </rtept>
      <rtept lat="45.92508" lon="6.25135">
        <ele>1584.2</ele>
      </rtept>
      <rtept lat="45.92506" lon="6.25133">
        <ele>1584.4</ele>
      </rtept>
      <rtept lat="45.92504" lon="6.25131">
        <ele>1584.4</ele>
      </rtept>
      <rtept lat="45.92502" lon="6.2513">
        <ele>1584.6</ele>
      </rtept>
      <rtept lat="45.925" lon="6.25129">
        <ele>1585</ele>
      </rtept>
      <rtept lat="45.92498" lon="6.25128">
        <ele>1585.2</ele>
      </rtept>
      <rtept lat="45.92496" lon="6.25127">
        <ele>1585.4</ele>
      </rtept>
      <rtept lat="45.92494" lon="6.25126">
        <ele>1585.8</ele>
      </rtept>
      <rtept lat="45.92492" lon="6.25125">
        <ele>1585.6</ele>
      </rtept>
      <rtept lat="45.9249" lon="6.25124">
        <ele>1585.6</ele>
      </rtept>
      <rtept lat="45.92488" lon="6.25123">
        <ele>1585.8</ele>
      </rtept>
      <rtept lat="45.92486" lon="6.25122">
        <ele>1586.2</ele>
      </rtept>
      <rtept lat="45.92484" lon="6.2512">
        <ele>1586.6</ele>
      </rtept>
      <rtept lat="45.92483" lon="6.25119">
        <ele>1586.6</ele>
      </rtept>
      <rtept lat="45.92481" lon="6.25118">
        <ele>1586</ele>
      </rtept>
      <rtept lat="45.92479" lon="6.25116">
        <ele>1586</ele>
      </rtept>
      <rtept lat="45.92477" lon="6.25114">
        <ele>1586.4</ele>
      </rtept>
      <rtept lat="45.92475" lon="6.25112">
        <ele>1586.8</ele>
      </rtept>
      <rtept lat="45.92472" lon="6.25111">
        <ele>1587</ele>
      </rtept>
      <rtept lat="45.9247" lon="6.25109">
        <ele>1587.4</ele>
      </rtept>
      <rtept lat="45.92467" lon="6.25108">
        <ele>1587.6</ele>
      </rtept>
      <rtept lat="45.92465" lon="6.25107">
        <ele>1587.8</ele>
      </rtept>
      <rtept lat="45.92463" lon="6.25105">
        <ele>1588</ele>
      </rtept>
      <rtept lat="45.92461" lon="6.25104">
        <ele>1588</ele>
      </rtept>
      <rtept lat="45.92459" lon="6.25102">
        <ele>1588</ele>
      </rtept>
      <rtept lat="45.92458" lon="6.25101">
        <ele>1588</ele>
      </rtept>
      <rtept lat="45.92455" lon="6.25099">
        <ele>1588.6</ele>
      </rtept>
      <rtept lat="45.92453" lon="6.25098">
        <ele>1588.8</ele>
      </rtept>
      <rtept lat="45.92451" lon="6.25096">
        <ele>1588.8</ele>
      </rtept>
      <rtept lat="45.9245" lon="6.25094">
        <ele>1588.6</ele>
      </rtept>
      <rtept lat="45.92448" lon="6.25092">
        <ele>1588.6</ele>
      </rtept>
      <rtept lat="45.92446" lon="6.2509">
        <ele>1588.4</ele>
      </rtept>
      <rtept lat="45.92444" lon="6.25088">
        <ele>1588.6</ele>
      </rtept>
      <rtept lat="45.92442" lon="6.25086">
        <ele>1589</ele>
      </rtept>
      <rtept lat="45.9244" lon="6.25084">
        <ele>1589</ele>
      </rtept>
      <rtept lat="45.92439" lon="6.25081">
        <ele>1589.6</ele>
      </rtept>
      <rtept lat="45.92438" lon="6.25079">
        <ele>1589.8</ele>
      </rtept>
      <rtept lat="45.92435" lon="6.25078">
        <ele>1589.8</ele>
      </rtept>
      <rtept lat="45.92434" lon="6.25076">
        <ele>1590</ele>
      </rtept>
      <rtept lat="45.92432" lon="6.25074">
        <ele>1590.6</ele>
      </rtept>
      <rtept lat="45.92431" lon="6.25072">
        <ele>1590.8</ele>
      </rtept>
      <rtept lat="45.92429" lon="6.2507">
        <ele>1591</ele>
      </rtept>
      <rtept lat="45.92428" lon="6.25068">
        <ele>1590.8</ele>
      </rtept>
      <rtept lat="45.92426" lon="6.25065">
        <ele>1591</ele>
      </rtept>
      <rtept lat="45.92423" lon="6.25064">
        <ele>1591.4</ele>
      </rtept>
      <rtept lat="45.92421" lon="6.25064">
        <ele>1592.2</ele>
      </rtept>
      <rtept lat="45.92419" lon="6.25064">
        <ele>1591.4</ele>
      </rtept>
      <rtept lat="45.92417" lon="6.25064">
        <ele>1591.6</ele>
      </rtept>
      <rtept lat="45.92415" lon="6.25063">
        <ele>1591.8</ele>
      </rtept>
      <rtept lat="45.92413" lon="6.25063">
        <ele>1591.8</ele>
      </rtept>
      <rtept lat="45.92411" lon="6.25063">
        <ele>1592</ele>
      </rtept>
      <rtept lat="45.92409" lon="6.25062">
        <ele>1591.8</ele>
      </rtept>
      <rtept lat="45.92407" lon="6.25061">
        <ele>1592</ele>
      </rtept>
      <rtept lat="45.92405" lon="6.25061">
        <ele>1592</ele>
      </rtept>
      <rtept lat="45.92403" lon="6.2506">
        <ele>1592.2</ele>
      </rtept>
      <rtept lat="45.92401" lon="6.25061">
        <ele>1592</ele>
      </rtept>
      <rtept lat="45.92398" lon="6.25061">
        <ele>1592</ele>
      </rtept>
      <rtept lat="45.92396" lon="6.25061">
        <ele>1592</ele>
      </rtept>
      <rtept lat="45.92394" lon="6.25061">
        <ele>1591.8</ele>
      </rtept>
      <rtept lat="45.92392" lon="6.25062">
        <ele>1592</ele>
      </rtept>
      <rtept lat="45.9239" lon="6.25063">
        <ele>1591.8</ele>
      </rtept>
      <rtept lat="45.92388" lon="6.25063">
        <ele>1591.8</ele>
      </rtept>
      <rtept lat="45.92387" lon="6.25064">
        <ele>1591.6</ele>
      </rtept>
      <rtept lat="45.92385" lon="6.25064">
        <ele>1591.6</ele>
      </rtept>
      <rtept lat="45.92382" lon="6.25065">
        <ele>1591</ele>
      </rtept>
      <rtept lat="45.9238" lon="6.25067">
        <ele>1591</ele>
      </rtept>
      <rtept lat="45.92378" lon="6.25068">
        <ele>1590.8</ele>
      </rtept>
      <rtept lat="45.92376" lon="6.25069">
        <ele>1590.2</ele>
      </rtept>
      <rtept lat="45.92374" lon="6.25071">
        <ele>1589.8</ele>
      </rtept>
      <rtept lat="45.92371" lon="6.25071">
        <ele>1589.6</ele>
      </rtept>
      <rtept lat="45.92369" lon="6.25072">
        <ele>1589.2</ele>
      </rtept>
      <rtept lat="45.92367" lon="6.25074">
        <ele>1587.2</ele>
      </rtept>
      <rtept lat="45.92365" lon="6.25076">
        <ele>1586.8</ele>
      </rtept>
      <rtept lat="45.92363" lon="6.25077">
        <ele>1586.6</ele>
      </rtept>
      <rtept lat="45.9236" lon="6.25078">
        <ele>1586.6</ele>
      </rtept>
      <rtept lat="45.92358" lon="6.25078">
        <ele>1586.2</ele>
      </rtept>
      <rtept lat="45.92356" lon="6.25077">
        <ele>1586</ele>
      </rtept>
      <rtept lat="45.92353" lon="6.25078">
        <ele>1585.8</ele>
      </rtept>
      <rtept lat="45.92351" lon="6.25079">
        <ele>1585.4</ele>
      </rtept>
      <rtept lat="45.92349" lon="6.25079">
        <ele>1584.6</ele>
      </rtept>
      <rtept lat="45.92347" lon="6.25079">
        <ele>1584.8</ele>
      </rtept>
      <rtept lat="45.92345" lon="6.25078">
        <ele>1584.8</ele>
      </rtept>
      <rtept lat="45.92342" lon="6.25077">
        <ele>1585</ele>
      </rtept>
      <rtept lat="45.9234" lon="6.25077">
        <ele>1585</ele>
      </rtept>
      <rtept lat="45.92338" lon="6.25075">
        <ele>1585.2</ele>
      </rtept>
      <rtept lat="45.92336" lon="6.25073">
        <ele>1585.2</ele>
      </rtept>
      <rtept lat="45.92335" lon="6.2507">
        <ele>1585.4</ele>
      </rtept>
      <rtept lat="45.92336" lon="6.25067">
        <ele>1586</ele>
      </rtept>
      <rtept lat="45.92337" lon="6.25063">
        <ele>1585.4</ele>
      </rtept>
      <rtept lat="45.92338" lon="6.25059">
        <ele>1585.4</ele>
      </rtept>
      <rtept lat="45.92339" lon="6.25057">
        <ele>1585.2</ele>
      </rtept>
      <rtept lat="45.92339" lon="6.25053">
        <ele>1584.6</ele>
      </rtept>
      <rtept lat="45.92339" lon="6.2505">
        <ele>1584.2</ele>
      </rtept>
      <rtept lat="45.92339" lon="6.25047">
        <ele>1583.4</ele>
      </rtept>
      <rtept lat="45.9234" lon="6.25044">
        <ele>1582.8</ele>
      </rtept>
      <rtept lat="45.9234" lon="6.25041">
        <ele>1582.6</ele>
      </rtept>
      <rtept lat="45.9234" lon="6.25038">
        <ele>1582</ele>
      </rtept>
      <rtept lat="45.92338" lon="6.25035">
        <ele>1582</ele>
      </rtept>
      <rtept lat="45.92337" lon="6.25033">
        <ele>1581.4</ele>
      </rtept>
      <rtept lat="45.92336" lon="6.25031">
        <ele>1581</ele>
      </rtept>
      <rtept lat="45.92334" lon="6.25028">
        <ele>1581</ele>
      </rtept>
      <rtept lat="45.92333" lon="6.25025">
        <ele>1581</ele>
      </rtept>
      <rtept lat="45.92332" lon="6.25021">
        <ele>1581</ele>
      </rtept>
      <rtept lat="45.92331" lon="6.25018">
        <ele>1581</ele>
      </rtept>
      <rtept lat="45.92331" lon="6.25016">
        <ele>1581</ele>
      </rtept>
      <rtept lat="45.92331" lon="6.25012">
        <ele>1581.6</ele>
      </rtept>
      <rtept lat="45.9233" lon="6.25008">
        <ele>1581.4</ele>
      </rtept>
      <rtept lat="45.92329" lon="6.25005">
        <ele>1581.8</ele>
      </rtept>
      <rtept lat="45.92329" lon="6.25003">
        <ele>1582</ele>
      </rtept>
      <rtept lat="45.92328" lon="6.25">
        <ele>1582.2</ele>
      </rtept>
      <rtept lat="45.92326" lon="6.24998">
        <ele>1582.8</ele>
      </rtept>
      <rtept lat="45.92324" lon="6.24998">
        <ele>1582.6</ele>
      </rtept>
      <rtept lat="45.92323" lon="6.24994">
        <ele>1582.6</ele>
      </rtept>
      <rtept lat="45.92323" lon="6.24991">
        <ele>1582</ele>
      </rtept>
      <rtept lat="45.92322" lon="6.24988">
        <ele>1582</ele>
      </rtept>
      <rtept lat="45.92321" lon="6.24985">
        <ele>1581.4</ele>
      </rtept>
      <rtept lat="45.9232" lon="6.24982">
        <ele>1580.6</ele>
      </rtept>
      <rtept lat="45.9232" lon="6.2498">
        <ele>1580.4</ele>
      </rtept>
      <rtept lat="45.92319" lon="6.24977">
        <ele>1579.6</ele>
      </rtept>
      <rtept lat="45.92319" lon="6.24974">
        <ele>1579</ele>
      </rtept>
      <rtept lat="45.92319" lon="6.24971">
        <ele>1578.2</ele>
      </rtept>
      <rtept lat="45.92319" lon="6.24968">
        <ele>1577.4</ele>
      </rtept>
      <rtept lat="45.92317" lon="6.24966">
        <ele>1576.6</ele>
      </rtept>
      <rtept lat="45.92315" lon="6.24964">
        <ele>1576</ele>
      </rtept>
      <rtept lat="45.92314" lon="6.24961">
        <ele>1575.4</ele>
      </rtept>
      <rtept lat="45.92313" lon="6.24959">
        <ele>1575.2</ele>
      </rtept>
      <rtept lat="45.92312" lon="6.24956">
        <ele>1574.6</ele>
      </rtept>
      <rtept lat="45.92309" lon="6.24955">
        <ele>1574.2</ele>
      </rtept>
      <rtept lat="45.92307" lon="6.24955">
        <ele>1573.8</ele>
      </rtept>
      <rtept lat="45.92305" lon="6.24954">
        <ele>1573.8</ele>
      </rtept>
      <rtept lat="45.92303" lon="6.24954">
        <ele>1573.6</ele>
      </rtept>
      <rtept lat="45.923" lon="6.24955">
        <ele>1573.4</ele>
      </rtept>
      <rtept lat="45.92299" lon="6.24958">
        <ele>1574.2</ele>
      </rtept>
      <rtept lat="45.92297" lon="6.2496">
        <ele>1574</ele>
      </rtept>
      <rtept lat="45.92295" lon="6.24962">
        <ele>1574</ele>
      </rtept>
      <rtept lat="45.92292" lon="6.24964">
        <ele>1574.2</ele>
      </rtept>
      <rtept lat="45.92291" lon="6.24966">
        <ele>1574</ele>
      </rtept>
      <rtept lat="45.92289" lon="6.24966">
        <ele>1573.6</ele>
      </rtept>
      <rtept lat="45.92287" lon="6.24965">
        <ele>1573.4</ele>
      </rtept>
      <rtept lat="45.92284" lon="6.24966">
        <ele>1572.4</ele>
      </rtept>
      <rtept lat="45.92282" lon="6.24966">
        <ele>1572.4</ele>
      </rtept>
      <rtept lat="45.9228" lon="6.24966">
        <ele>1572.2</ele>
      </rtept>
      <rtept lat="45.92278" lon="6.24966">
        <ele>1572</ele>
      </rtept>
      <rtept lat="45.92276" lon="6.24966">
        <ele>1571.2</ele>
      </rtept>
      <rtept lat="45.92274" lon="6.24965">
        <ele>1570.4</ele>
      </rtept>
      <rtept lat="45.92272" lon="6.24964">
        <ele>1570.2</ele>
      </rtept>
      <rtept lat="45.9227" lon="6.24962">
        <ele>1569.6</ele>
      </rtept>
      <rtept lat="45.92268" lon="6.24962">
        <ele>1568.6</ele>
      </rtept>
      <rtept lat="45.92266" lon="6.24961">
        <ele>1568.2</ele>
      </rtept>
      <rtept lat="45.92264" lon="6.24963">
        <ele>1568.2</ele>
      </rtept>
      <rtept lat="45.92262" lon="6.24964">
        <ele>1567.6</ele>
      </rtept>
      <rtept lat="45.92261" lon="6.24967">
        <ele>1567</ele>
      </rtept>
      <rtept lat="45.92261" lon="6.24969">
        <ele>1566.8</ele>
      </rtept>
      <rtept lat="45.92262" lon="6.24972">
        <ele>1566.8</ele>
      </rtept>
      <rtept lat="45.92262" lon="6.24975">
        <ele>1566.2</ele>
      </rtept>
      <rtept lat="45.92261" lon="6.24978">
        <ele>1565.4</ele>
      </rtept>
      <rtept lat="45.92259" lon="6.24979">
        <ele>1565</ele>
      </rtept>
      <rtept lat="45.92256" lon="6.2498">
        <ele>1564.8</ele>
      </rtept>
      <rtept lat="45.92255" lon="6.24982">
        <ele>1564</ele>
      </rtept>
      <rtept lat="45.92252" lon="6.24983">
        <ele>1563.4</ele>
      </rtept>
      <rtept lat="45.9225" lon="6.24982">
        <ele>1562.8</ele>
      </rtept>
      <rtept lat="45.92248" lon="6.24983">
        <ele>1562.4</ele>
      </rtept>
      <rtept lat="45.92246" lon="6.24983">
        <ele>1562.2</ele>
      </rtept>
      <rtept lat="45.92245" lon="6.24983">
        <ele>1561.6</ele>
      </rtept>
      <rtept lat="45.92242" lon="6.24983">
        <ele>1561.4</ele>
      </rtept>
      <rtept lat="45.9224" lon="6.24982">
        <ele>1560</ele>
      </rtept>
      <rtept lat="45.92238" lon="6.24981">
        <ele>1560.6</ele>
      </rtept>
      <rtept lat="45.92236" lon="6.24981">
        <ele>1561</ele>
      </rtept>
      <rtept lat="45.92234" lon="6.24981">
        <ele>1561.6</ele>
      </rtept>
      <rtept lat="45.92231" lon="6.2498">
        <ele>1561.8</ele>
      </rtept>
      <rtept lat="45.92229" lon="6.2498">
        <ele>1562.4</ele>
      </rtept>
      <rtept lat="45.92227" lon="6.24978">
        <ele>1563</ele>
      </rtept>
      <rtept lat="45.92225" lon="6.24977">
        <ele>1563.4</ele>
      </rtept>
      <rtept lat="45.92223" lon="6.24976">
        <ele>1564</ele>
      </rtept>
      <rtept lat="45.92223" lon="6.24973">
        <ele>1565.2</ele>
      </rtept>
      <rtept lat="45.92222" lon="6.2497">
        <ele>1567</ele>
      </rtept>
      <rtept lat="45.92222" lon="6.24967">
        <ele>1567</ele>
      </rtept>
      <rtept lat="45.92221" lon="6.24964">
        <ele>1567.6</ele>
      </rtept>
      <rtept lat="45.9222" lon="6.24961">
        <ele>1568.2</ele>
      </rtept>
      <rtept lat="45.92219" lon="6.24959">
        <ele>1568</ele>
      </rtept>
      <rtept lat="45.92217" lon="6.2496">
        <ele>1568.8</ele>
      </rtept>
      <rtept lat="45.92215" lon="6.24958">
        <ele>1568.8</ele>
      </rtept>
      <rtept lat="45.92213" lon="6.24957">
        <ele>1569.6</ele>
      </rtept>
      <rtept lat="45.92211" lon="6.24955">
        <ele>1570.4</ele>
      </rtept>
      <rtept lat="45.92209" lon="6.24953">
        <ele>1571</ele>
      </rtept>
      <rtept lat="45.92208" lon="6.24951">
        <ele>1571.4</ele>
      </rtept>
      <rtept lat="45.92206" lon="6.2495">
        <ele>1571.4</ele>
      </rtept>
      <rtept lat="45.92204" lon="6.24949">
        <ele>1571.4</ele>
      </rtept>
      <rtept lat="45.92202" lon="6.24949">
        <ele>1571.8</ele>
      </rtept>
      <rtept lat="45.92199" lon="6.24949">
        <ele>1571.8</ele>
      </rtept>
      <rtept lat="45.92197" lon="6.2495">
        <ele>1572.2</ele>
      </rtept>
      <rtept lat="45.92195" lon="6.2495">
        <ele>1572.4</ele>
      </rtept>
      <rtept lat="45.92193" lon="6.2495">
        <ele>1573.2</ele>
      </rtept>
      <rtept lat="45.92191" lon="6.24948">
        <ele>1573</ele>
      </rtept>
      <rtept lat="45.92189" lon="6.24947">
        <ele>1573.6</ele>
      </rtept>
      <rtept lat="45.92186" lon="6.24946">
        <ele>1573.6</ele>
      </rtept>
      <rtept lat="45.92184" lon="6.24946">
        <ele>1574</ele>
      </rtept>
      <rtept lat="45.92182" lon="6.24948">
        <ele>1574.4</ele>
      </rtept>
      <rtept lat="45.9218" lon="6.24948">
        <ele>1574.4</ele>
      </rtept>
      <rtept lat="45.92178" lon="6.24947">
        <ele>1574.8</ele>
      </rtept>
      <rtept lat="45.92176" lon="6.24947">
        <ele>1574.6</ele>
      </rtept>
      <rtept lat="45.92174" lon="6.24948">
        <ele>1574.8</ele>
      </rtept>
      <rtept lat="45.92172" lon="6.24949">
        <ele>1575</ele>
      </rtept>
      <rtept lat="45.9217" lon="6.24949">
        <ele>1575</ele>
      </rtept>
      <rtept lat="45.92168" lon="6.2495">
        <ele>1575.2</ele>
      </rtept>
      <rtept lat="45.92166" lon="6.2495">
        <ele>1575.4</ele>
      </rtept>
      <rtept lat="45.92165" lon="6.24948">
        <ele>1575.6</ele>
      </rtept>
      <rtept lat="45.92164" lon="6.24944">
        <ele>1575.4</ele>
      </rtept>
      <rtept lat="45.92163" lon="6.24942">
        <ele>1575.6</ele>
      </rtept>
      <rtept lat="45.92161" lon="6.24943">
        <ele>1575.8</ele>
      </rtept>
      <rtept lat="45.92159" lon="6.24945">
        <ele>1575.8</ele>
      </rtept>
      <rtept lat="45.92157" lon="6.24945">
        <ele>1575.8</ele>
      </rtept>
      <rtept lat="45.92154" lon="6.24946">
        <ele>1575.4</ele>
      </rtept>
      <rtept lat="45.92152" lon="6.24947">
        <ele>1575.2</ele>
      </rtept>
      <rtept lat="45.9215" lon="6.24948">
        <ele>1575</ele>
      </rtept>
      <rtept lat="45.92148" lon="6.2495">
        <ele>1575.4</ele>
      </rtept>
      <rtept lat="45.92147" lon="6.24951">
        <ele>1575.2</ele>
      </rtept>
      <rtept lat="45.92145" lon="6.24952">
        <ele>1575.2</ele>
      </rtept>
      <rtept lat="45.92143" lon="6.24954">
        <ele>1575.4</ele>
      </rtept>
      <rtept lat="45.9214" lon="6.24954">
        <ele>1576.2</ele>
      </rtept>
      <rtept lat="45.92137" lon="6.24952">
        <ele>1576.4</ele>
      </rtept>
      <rtept lat="45.92135" lon="6.24952">
        <ele>1576.2</ele>
      </rtept>
      <rtept lat="45.92132" lon="6.24952">
        <ele>1576.2</ele>
      </rtept>
      <rtept lat="45.9213" lon="6.24951">
        <ele>1576.6</ele>
      </rtept>
      <rtept lat="45.92128" lon="6.24949">
        <ele>1576.6</ele>
      </rtept>
      <rtept lat="45.92126" lon="6.2495">
        <ele>1577.2</ele>
      </rtept>
      <rtept lat="45.92124" lon="6.24949">
        <ele>1577.4</ele>
      </rtept>
      <rtept lat="45.92123" lon="6.24947">
        <ele>1578.4</ele>
      </rtept>
      <rtept lat="45.92121" lon="6.24946">
        <ele>1578.4</ele>
      </rtept>
      <rtept lat="45.92119" lon="6.24945">
        <ele>1578.6</ele>
      </rtept>
      <rtept lat="45.92118" lon="6.24942">
        <ele>1578.2</ele>
      </rtept>
      <rtept lat="45.92116" lon="6.24941">
        <ele>1577.6</ele>
      </rtept>
      <rtept lat="45.92114" lon="6.24938">
        <ele>1577.6</ele>
      </rtept>
      <rtept lat="45.92113" lon="6.24936">
        <ele>1579</ele>
      </rtept>
      <rtept lat="45.92113" lon="6.24933">
        <ele>1579</ele>
      </rtept>
      <rtept lat="45.92112" lon="6.24931">
        <ele>1579.2</ele>
      </rtept>
      <rtept lat="45.9211" lon="6.2493">
        <ele>1580</ele>
      </rtept>
      <rtept lat="45.9211" lon="6.24927">
        <ele>1580.4</ele>
      </rtept>
      <rtept lat="45.92108" lon="6.24925">
        <ele>1580.8</ele>
      </rtept>
      <rtept lat="45.92107" lon="6.24927">
        <ele>1581</ele>
      </rtept>
      <rtept lat="45.92105" lon="6.24928">
        <ele>1581</ele>
      </rtept>
      <rtept lat="45.92103" lon="6.2493">
        <ele>1580.8</ele>
      </rtept>
      <rtept lat="45.92101" lon="6.24927">
        <ele>1581</ele>
      </rtept>
      <rtept lat="45.921" lon="6.24925">
        <ele>1581.4</ele>
      </rtept>
      <rtept lat="45.92099" lon="6.24923">
        <ele>1581.4</ele>
      </rtept>
      <rtept lat="45.92097" lon="6.24922">
        <ele>1581.4</ele>
      </rtept>
      <rtept lat="45.92097" lon="6.24919">
        <ele>1581.8</ele>
      </rtept>
      <rtept lat="45.92096" lon="6.24917">
        <ele>1582.8</ele>
      </rtept>
      <rtept lat="45.92095" lon="6.24914">
        <ele>1583.8</ele>
      </rtept>
      <rtept lat="45.92093" lon="6.24912">
        <ele>1583.8</ele>
      </rtept>
      <rtept lat="45.92092" lon="6.24912">
        <ele>1584</ele>
      </rtept>
      <rtept lat="45.9209" lon="6.24912">
        <ele>1583.6</ele>
      </rtept>
      <rtept lat="45.92088" lon="6.24913">
        <ele>1582.2</ele>
      </rtept>
      <rtept lat="45.92085" lon="6.24912">
        <ele>1581.2</ele>
      </rtept>
      <rtept lat="45.92083" lon="6.24911">
        <ele>1581.2</ele>
      </rtept>
      <rtept lat="45.92081" lon="6.2491">
        <ele>1581</ele>
      </rtept>
      <rtept lat="45.9208" lon="6.24912">
        <ele>1581</ele>
      </rtept>
      <rtept lat="45.92078" lon="6.24913">
        <ele>1581.2</ele>
      </rtept>
      <rtept lat="45.92076" lon="6.24914">
        <ele>1581.6</ele>
      </rtept>
      <rtept lat="45.92074" lon="6.24913">
        <ele>1582.2</ele>
      </rtept>
      <rtept lat="45.92072" lon="6.24913">
        <ele>1582.4</ele>
      </rtept>
      <rtept lat="45.9207" lon="6.24911">
        <ele>1582.6</ele>
      </rtept>
      <rtept lat="45.92067" lon="6.24912">
        <ele>1583.2</ele>
      </rtept>
      <rtept lat="45.92065" lon="6.2491">
        <ele>1583.6</ele>
      </rtept>
      <rtept lat="45.92063" lon="6.24909">
        <ele>1584</ele>
      </rtept>
      <rtept lat="45.92061" lon="6.2491">
        <ele>1584.4</ele>
      </rtept>
      <rtept lat="45.92059" lon="6.24909">
        <ele>1585.6</ele>
      </rtept>
      <rtept lat="45.92056" lon="6.24907">
        <ele>1586</ele>
      </rtept>
      <rtept lat="45.92055" lon="6.24905">
        <ele>1586</ele>
      </rtept>
      <rtept lat="45.92053" lon="6.24903">
        <ele>1586.6</ele>
      </rtept>
      <rtept lat="45.92051" lon="6.24902">
        <ele>1586.8</ele>
      </rtept>
      <rtept lat="45.92049" lon="6.24901">
        <ele>1588.2</ele>
      </rtept>
      <rtept lat="45.92047" lon="6.24903">
        <ele>1588.2</ele>
      </rtept>
      <rtept lat="45.92045" lon="6.24905">
        <ele>1588.2</ele>
      </rtept>
      <rtept lat="45.92041" lon="6.24905">
        <ele>1588.6</ele>
      </rtept>
      <rtept lat="45.92039" lon="6.24905">
        <ele>1588.8</ele>
      </rtept>
      <rtept lat="45.92039" lon="6.24908">
        <ele>1589.2</ele>
      </rtept>
      <rtept lat="45.92039" lon="6.24911">
        <ele>1589.6</ele>
      </rtept>
      <rtept lat="45.92037" lon="6.24913">
        <ele>1589.6</ele>
      </rtept>
      <rtept lat="45.92033" lon="6.24913">
        <ele>1589.6</ele>
      </rtept>
      <rtept lat="45.9203" lon="6.24912">
        <ele>1589.6</ele>
      </rtept>
      <rtept lat="45.92027" lon="6.24912">
        <ele>1589.6</ele>
      </rtept>
      <rtept lat="45.92024" lon="6.24911">
        <ele>1589.8</ele>
      </rtept>
      <rtept lat="45.92022" lon="6.24911">
        <ele>1589.8</ele>
      </rtept>
      <rtept lat="45.9202" lon="6.24909">
        <ele>1590.6</ele>
      </rtept>
      <rtept lat="45.92019" lon="6.24906">
        <ele>1591.4</ele>
      </rtept>
      <rtept lat="45.92018" lon="6.24905">
        <ele>1592.2</ele>
      </rtept>
      <rtept lat="45.92016" lon="6.24903">
        <ele>1593.6</ele>
      </rtept>
      <rtept lat="45.92015" lon="6.24901">
        <ele>1595.6</ele>
      </rtept>
      <rtept lat="45.92013" lon="6.24897">
        <ele>1595.8</ele>
      </rtept>
      <rtept lat="45.92012" lon="6.24894">
        <ele>1596</ele>
      </rtept>
      <rtept lat="45.92009" lon="6.24893">
        <ele>1595.8</ele>
      </rtept>
      <rtept lat="45.92007" lon="6.24893">
        <ele>1596.8</ele>
      </rtept>
      <rtept lat="45.92005" lon="6.24893">
        <ele>1597</ele>
      </rtept>
      <rtept lat="45.92002" lon="6.24893">
        <ele>1597</ele>
      </rtept>
      <rtept lat="45.91999" lon="6.24893">
        <ele>1597.2</ele>
      </rtept>
      <rtept lat="45.91998" lon="6.24893">
        <ele>1597.4</ele>
      </rtept>
      <rtept lat="45.91996" lon="6.24894">
        <ele>1597.6</ele>
      </rtept>
      <rtept lat="45.91994" lon="6.24894">
        <ele>1598.4</ele>
      </rtept>
      <rtept lat="45.91992" lon="6.24899">
        <ele>1602.4</ele>
      </rtept>
      <rtept lat="45.91989" lon="6.24901">
        <ele>1602.4</ele>
      </rtept>
      <rtept lat="45.91986" lon="6.24903">
        <ele>1602.8</ele>
      </rtept>
      <rtept lat="45.91982" lon="6.24906">
        <ele>1602.8</ele>
      </rtept>
      <rtept lat="45.91979" lon="6.24907">
        <ele>1602.8</ele>
      </rtept>
      <rtept lat="45.91977" lon="6.24909">
        <ele>1603.2</ele>
      </rtept>
      <rtept lat="45.91975" lon="6.2491">
        <ele>1603.2</ele>
      </rtept>
      <rtept lat="45.91973" lon="6.24911">
        <ele>1603.2</ele>
      </rtept>
      <rtept lat="45.91971" lon="6.24912">
        <ele>1603.8</ele>
      </rtept>
      <rtept lat="45.91969" lon="6.24913">
        <ele>1603.8</ele>
      </rtept>
      <rtept lat="45.91967" lon="6.24912">
        <ele>1604.2</ele>
      </rtept>
      <rtept lat="45.91965" lon="6.24911">
        <ele>1604.6</ele>
      </rtept>
      <rtept lat="45.91964" lon="6.24913">
        <ele>1605</ele>
      </rtept>
      <rtept lat="45.91962" lon="6.24914">
        <ele>1604.6</ele>
      </rtept>
      <rtept lat="45.9196" lon="6.24914">
        <ele>1602.6</ele>
      </rtept>
      <rtept lat="45.91958" lon="6.24912">
        <ele>1602.8</ele>
      </rtept>
      <rtept lat="45.91956" lon="6.2491">
        <ele>1606</ele>
      </rtept>
      <rtept lat="45.91953" lon="6.2491">
        <ele>1606</ele>
      </rtept>
      <rtept lat="45.91951" lon="6.24909">
        <ele>1606.2</ele>
      </rtept>
      <rtept lat="45.91949" lon="6.24908">
        <ele>1606.4</ele>
      </rtept>
      <rtept lat="45.91947" lon="6.24906">
        <ele>1609.4</ele>
      </rtept>
      <rtept lat="45.91945" lon="6.24904">
        <ele>1609.4</ele>
      </rtept>
      <rtept lat="45.91943" lon="6.24905">
        <ele>1609.8</ele>
      </rtept>
      <rtept lat="45.91941" lon="6.24907">
        <ele>1610.2</ele>
      </rtept>
      <rtept lat="45.9194" lon="6.24909">
        <ele>1610.4</ele>
      </rtept>
      <rtept lat="45.91938" lon="6.2491">
        <ele>1610.6</ele>
      </rtept>
      <rtept lat="45.91936" lon="6.24911">
        <ele>1610.4</ele>
      </rtept>
      <rtept lat="45.91935" lon="6.24909">
        <ele>1611</ele>
      </rtept>
      <rtept lat="45.91934" lon="6.24906">
        <ele>1611</ele>
      </rtept>
      <rtept lat="45.91932" lon="6.24902">
        <ele>1611</ele>
      </rtept>
      <rtept lat="45.91932" lon="6.249">
        <ele>1611</ele>
      </rtept>
      <rtept lat="45.9193" lon="6.249">
        <ele>1613</ele>
      </rtept>
      <rtept lat="45.91927" lon="6.24897">
        <ele>1613</ele>
      </rtept>
      <rtept lat="45.91926" lon="6.24896">
        <ele>1613</ele>
      </rtept>
      <rtept lat="45.91923" lon="6.24894">
        <ele>1613</ele>
      </rtept>
      <rtept lat="45.91922" lon="6.24892">
        <ele>1613.6</ele>
      </rtept>
      <rtept lat="45.91922" lon="6.24889">
        <ele>1613.6</ele>
      </rtept>
      <rtept lat="45.9192" lon="6.2489">
        <ele>1616.6</ele>
      </rtept>
      <rtept lat="45.91918" lon="6.2489">
        <ele>1616.6</ele>
      </rtept>
      <rtept lat="45.91916" lon="6.2489">
        <ele>1616.8</ele>
      </rtept>
      <rtept lat="45.91913" lon="6.24891">
        <ele>1617</ele>
      </rtept>
      <rtept lat="45.91911" lon="6.24893">
        <ele>1617.4</ele>
      </rtept>
      <rtept lat="45.9191" lon="6.24895">
        <ele>1617.8</ele>
      </rtept>
      <rtept lat="45.91908" lon="6.24897">
        <ele>1617.8</ele>
      </rtept>
      <rtept lat="45.91907" lon="6.24899">
        <ele>1617.6</ele>
      </rtept>
      <rtept lat="45.91905" lon="6.24901">
        <ele>1617.6</ele>
      </rtept>
      <rtept lat="45.91902" lon="6.24901">
        <ele>1618</ele>
      </rtept>
      <rtept lat="45.91901" lon="6.249">
        <ele>1619</ele>
      </rtept>
      <rtept lat="45.91899" lon="6.24898">
        <ele>1619.8</ele>
      </rtept>
      <rtept lat="45.91899" lon="6.24894">
        <ele>1619.6</ele>
      </rtept>
      <rtept lat="45.91898" lon="6.24892">
        <ele>1619.8</ele>
      </rtept>
      <rtept lat="45.91898" lon="6.24888">
        <ele>1620.2</ele>
      </rtept>
      <rtept lat="45.91896" lon="6.24886">
        <ele>1620.6</ele>
      </rtept>
      <rtept lat="45.91896" lon="6.24884">
        <ele>1621</ele>
      </rtept>
      <rtept lat="45.91895" lon="6.24881">
        <ele>1621.8</ele>
      </rtept>
      <rtept lat="45.91894" lon="6.24878">
        <ele>1622</ele>
      </rtept>
      <rtept lat="45.91892" lon="6.24876">
        <ele>1622</ele>
      </rtept>
      <rtept lat="45.9189" lon="6.24877">
        <ele>1622.4</ele>
      </rtept>
      <rtept lat="45.91888" lon="6.24878">
        <ele>1622.4</ele>
      </rtept>
      <rtept lat="45.91888" lon="6.24881">
        <ele>1623</ele>
      </rtept>
      <rtept lat="45.91886" lon="6.24882">
        <ele>1623</ele>
      </rtept>
      <rtept lat="45.91884" lon="6.24883">
        <ele>1623.2</ele>
      </rtept>
      <rtept lat="45.91883" lon="6.24886">
        <ele>1623.2</ele>
      </rtept>
      <rtept lat="45.91882" lon="6.24888">
        <ele>1623.6</ele>
      </rtept>
      <rtept lat="45.91881" lon="6.24891">
        <ele>1624.6</ele>
      </rtept>
      <rtept lat="45.91878" lon="6.24891">
        <ele>1625</ele>
      </rtept>
      <rtept lat="45.91876" lon="6.24891">
        <ele>1625.2</ele>
      </rtept>
      <rtept lat="45.91875" lon="6.2489">
        <ele>1625.4</ele>
      </rtept>
      <rtept lat="45.91873" lon="6.24888">
        <ele>1625.8</ele>
      </rtept>
      <rtept lat="45.91871" lon="6.24888">
        <ele>1625.8</ele>
      </rtept>
      <rtept lat="45.91869" lon="6.24887">
        <ele>1626.6</ele>
      </rtept>
      <rtept lat="45.91867" lon="6.24885">
        <ele>1626.4</ele>
      </rtept>
      <rtept lat="45.91867" lon="6.24882">
        <ele>1626.4</ele>
      </rtept>
      <rtept lat="45.91865" lon="6.2488">
        <ele>1627.2</ele>
      </rtept>
      <rtept lat="45.91865" lon="6.24883">
        <ele>1628</ele>
      </rtept>
      <rtept lat="45.91862" lon="6.24885">
        <ele>1630</ele>
      </rtept>
      <rtept lat="45.9186" lon="6.24886">
        <ele>1630</ele>
      </rtept>
      <rtept lat="45.91858" lon="6.24883">
        <ele>1631</ele>
      </rtept>
      <rtept lat="45.91857" lon="6.24881">
        <ele>1631.8</ele>
      </rtept>
      <rtept lat="45.91854" lon="6.24879">
        <ele>1632.2</ele>
      </rtept>
      <rtept lat="45.91852" lon="6.24879">
        <ele>1632.2</ele>
      </rtept>
      <rtept lat="45.9185" lon="6.24878">
        <ele>1632.6</ele>
      </rtept>
      <rtept lat="45.91848" lon="6.24878">
        <ele>1632.6</ele>
      </rtept>
      <rtept lat="45.91846" lon="6.24878">
        <ele>1633.2</ele>
      </rtept>
      <rtept lat="45.91844" lon="6.24877">
        <ele>1631.8</ele>
      </rtept>
      <rtept lat="45.91843" lon="6.24879">
        <ele>1631.8</ele>
      </rtept>
      <rtept lat="45.9184" lon="6.24878">
        <ele>1632.4</ele>
      </rtept>
      <rtept lat="45.91838" lon="6.2488">
        <ele>1631.2</ele>
      </rtept>
      <rtept lat="45.91837" lon="6.24882">
        <ele>1631.2</ele>
      </rtept>
      <rtept lat="45.91834" lon="6.24883">
        <ele>1630.8</ele>
      </rtept>
      <rtept lat="45.91832" lon="6.24883">
        <ele>1630.8</ele>
      </rtept>
      <rtept lat="45.9183" lon="6.24885">
        <ele>1633.2</ele>
      </rtept>
      <rtept lat="45.91828" lon="6.24883">
        <ele>1633</ele>
      </rtept>
      <rtept lat="45.91826" lon="6.2488">
        <ele>1632.8</ele>
      </rtept>
      <rtept lat="45.91824" lon="6.24877">
        <ele>1632.8</ele>
      </rtept>
      <rtept lat="45.91823" lon="6.24874">
        <ele>1633</ele>
      </rtept>
      <rtept lat="45.91822" lon="6.24871">
        <ele>1632.8</ele>
      </rtept>
      <rtept lat="45.91821" lon="6.24869">
        <ele>1632.6</ele>
      </rtept>
      <rtept lat="45.9182" lon="6.24866">
        <ele>1631.6</ele>
      </rtept>
      <rtept lat="45.91817" lon="6.24865">
        <ele>1631.8</ele>
      </rtept>
      <rtept lat="45.91816" lon="6.24867">
        <ele>1632</ele>
      </rtept>
      <rtept lat="45.91814" lon="6.24865">
        <ele>1632.4</ele>
      </rtept>
      <rtept lat="45.91812" lon="6.24864">
        <ele>1632.8</ele>
      </rtept>
      <rtept lat="45.91809" lon="6.24864">
        <ele>1632.8</ele>
      </rtept>
      <rtept lat="45.91808" lon="6.24864">
        <ele>1633.4</ele>
      </rtept>
      <rtept lat="45.91806" lon="6.24865">
        <ele>1633.4</ele>
      </rtept>
      <rtept lat="45.91804" lon="6.24867">
        <ele>1633.8</ele>
      </rtept>
      <rtept lat="45.91802" lon="6.24867">
        <ele>1634.4</ele>
      </rtept>
      <rtept lat="45.91799" lon="6.24867">
        <ele>1634.8</ele>
      </rtept>
      <rtept lat="45.91798" lon="6.24868">
        <ele>1634.8</ele>
      </rtept>
      <rtept lat="45.91795" lon="6.24867">
        <ele>1634.6</ele>
      </rtept>
      <rtept lat="45.91792" lon="6.24867">
        <ele>1634.4</ele>
      </rtept>
      <rtept lat="45.9179" lon="6.24867">
        <ele>1634.8</ele>
      </rtept>
      <rtept lat="45.91788" lon="6.24867">
        <ele>1634.8</ele>
      </rtept>
      <rtept lat="45.91786" lon="6.24867">
        <ele>1635.4</ele>
      </rtept>
      <rtept lat="45.91783" lon="6.24866">
        <ele>1636</ele>
      </rtept>
      <rtept lat="45.91782" lon="6.24864">
        <ele>1636</ele>
      </rtept>
      <rtept lat="45.91781" lon="6.24862">
        <ele>1636.4</ele>
      </rtept>
      <rtept lat="45.91778" lon="6.2486">
        <ele>1636</ele>
      </rtept>
      <rtept lat="45.91776" lon="6.2486">
        <ele>1636.6</ele>
      </rtept>
      <rtept lat="45.91774" lon="6.24859">
        <ele>1637.6</ele>
      </rtept>
      <rtept lat="45.91772" lon="6.24857">
        <ele>1637.6</ele>
      </rtept>
      <rtept lat="45.9177" lon="6.24858">
        <ele>1638.2</ele>
      </rtept>
      <rtept lat="45.91767" lon="6.24857">
        <ele>1639.8</ele>
      </rtept>
      <rtept lat="45.91765" lon="6.24857">
        <ele>1640.6</ele>
      </rtept>
      <rtept lat="45.91763" lon="6.24856">
        <ele>1640.8</ele>
      </rtept>
      <rtept lat="45.9176" lon="6.24857">
        <ele>1641.4</ele>
      </rtept>
      <rtept lat="45.91758" lon="6.24857">
        <ele>1644.4</ele>
      </rtept>
      <rtept lat="45.91756" lon="6.24856">
        <ele>1644.4</ele>
      </rtept>
      <rtept lat="45.91753" lon="6.24856">
        <ele>1645</ele>
      </rtept>
      <rtept lat="45.91751" lon="6.24855">
        <ele>1645</ele>
      </rtept>
      <rtept lat="45.91749" lon="6.24854">
        <ele>1645</ele>
      </rtept>
      <rtept lat="45.91745" lon="6.24853">
        <ele>1645</ele>
      </rtept>
      <rtept lat="45.91742" lon="6.24852">
        <ele>1645.4</ele>
      </rtept>
      <rtept lat="45.91741" lon="6.24851">
        <ele>1645.4</ele>
      </rtept>
      <rtept lat="45.91739" lon="6.2485">
        <ele>1645.2</ele>
      </rtept>
      <rtept lat="45.91737" lon="6.24851">
        <ele>1646.2</ele>
      </rtept>
      <rtept lat="45.91735" lon="6.24851">
        <ele>1646.2</ele>
      </rtept>
      <rtept lat="45.91734" lon="6.24848">
        <ele>1647</ele>
      </rtept>
      <rtept lat="45.91733" lon="6.24846">
        <ele>1647.8</ele>
      </rtept>
      <rtept lat="45.91732" lon="6.24844">
        <ele>1648.4</ele>
      </rtept>
      <rtept lat="45.9173" lon="6.2484">
        <ele>1648.8</ele>
      </rtept>
      <rtept lat="45.91728" lon="6.24839">
        <ele>1649</ele>
      </rtept>
      <rtept lat="45.91727" lon="6.24837">
        <ele>1649.4</ele>
      </rtept>
      <rtept lat="45.91725" lon="6.24834">
        <ele>1650.6</ele>
      </rtept>
      <rtept lat="45.91723" lon="6.24833">
        <ele>1650.6</ele>
      </rtept>
      <rtept lat="45.91722" lon="6.24832">
        <ele>1650.8</ele>
      </rtept>
      <rtept lat="45.9172" lon="6.24831">
        <ele>1651.4</ele>
      </rtept>
      <rtept lat="45.91718" lon="6.24831">
        <ele>1651.2</ele>
      </rtept>
      <rtept lat="45.91716" lon="6.2483">
        <ele>1651.8</ele>
      </rtept>
      <rtept lat="45.91714" lon="6.2483">
        <ele>1652.4</ele>
      </rtept>
      <rtept lat="45.91711" lon="6.24831">
        <ele>1651.8</ele>
      </rtept>
      <rtept lat="45.91709" lon="6.24829">
        <ele>1652.6</ele>
      </rtept>
      <rtept lat="45.91708" lon="6.24827">
        <ele>1652.4</ele>
      </rtept>
      <rtept lat="45.91707" lon="6.24825">
        <ele>1653</ele>
      </rtept>
      <rtept lat="45.91708" lon="6.24824">
        <ele>1652.8</ele>
      </rtept>
      <rtept lat="45.91706" lon="6.24824">
        <ele>1654.4</ele>
      </rtept>
      <rtept lat="45.91704" lon="6.24825">
        <ele>1654.4</ele>
      </rtept>
      <rtept lat="45.91702" lon="6.24825">
        <ele>1654.4</ele>
      </rtept>
      <rtept lat="45.917" lon="6.24825">
        <ele>1654.6</ele>
      </rtept>
      <rtept lat="45.91698" lon="6.24824">
        <ele>1654.6</ele>
      </rtept>
      <rtept lat="45.91696" lon="6.24824">
        <ele>1654.4</ele>
      </rtept>
      <rtept lat="45.91693" lon="6.24825">
        <ele>1655.4</ele>
      </rtept>
      <rtept lat="45.91691" lon="6.24825">
        <ele>1655.6</ele>
      </rtept>
      <rtept lat="45.91689" lon="6.24823">
        <ele>1655.8</ele>
      </rtept>
      <rtept lat="45.91687" lon="6.24823">
        <ele>1655.8</ele>
      </rtept>
      <rtept lat="45.91685" lon="6.24825">
        <ele>1656</ele>
      </rtept>
      <rtept lat="45.91683" lon="6.24826">
        <ele>1656.4</ele>
      </rtept>
      <rtept lat="45.91681" lon="6.24828">
        <ele>1656.2</ele>
      </rtept>
      <rtept lat="45.91678" lon="6.24829">
        <ele>1656.8</ele>
      </rtept>
      <rtept lat="45.91677" lon="6.2483">
        <ele>1656.8</ele>
      </rtept>
      <rtept lat="45.91674" lon="6.24829">
        <ele>1657.6</ele>
      </rtept>
      <rtept lat="45.91672" lon="6.24827">
        <ele>1658.2</ele>
      </rtept>
      <rtept lat="45.91671" lon="6.2483">
        <ele>1658.2</ele>
      </rtept>
      <rtept lat="45.9167" lon="6.24833">
        <ele>1658.2</ele>
      </rtept>
      <rtept lat="45.91668" lon="6.24835">
        <ele>1658.8</ele>
      </rtept>
      <rtept lat="45.91666" lon="6.24835">
        <ele>1659.2</ele>
      </rtept>
      <rtept lat="45.91664" lon="6.24833">
        <ele>1659</ele>
      </rtept>
      <rtept lat="45.91662" lon="6.24832">
        <ele>1659.2</ele>
      </rtept>
      <rtept lat="45.91661" lon="6.24831">
        <ele>1660</ele>
      </rtept>
      <rtept lat="45.91659" lon="6.2483">
        <ele>1660.2</ele>
      </rtept>
      <rtept lat="45.91657" lon="6.24828">
        <ele>1660.8</ele>
      </rtept>
      <rtept lat="45.91654" lon="6.24827">
        <ele>1660.8</ele>
      </rtept>
      <rtept lat="45.91652" lon="6.24826">
        <ele>1661.8</ele>
      </rtept>
      <rtept lat="45.9165" lon="6.24825">
        <ele>1662.4</ele>
      </rtept>
      <rtept lat="45.91647" lon="6.24826">
        <ele>1663.2</ele>
      </rtept>
      <rtept lat="45.91645" lon="6.24827">
        <ele>1663.6</ele>
      </rtept>
      <rtept lat="45.91643" lon="6.24828">
        <ele>1663.6</ele>
      </rtept>
      <rtept lat="45.91641" lon="6.24828">
        <ele>1663.6</ele>
      </rtept>
      <rtept lat="45.91639" lon="6.24827">
        <ele>1663.8</ele>
      </rtept>
      <rtept lat="45.91638" lon="6.24826">
        <ele>1664.6</ele>
      </rtept>
      <rtept lat="45.91636" lon="6.24826">
        <ele>1664.8</ele>
      </rtept>
      <rtept lat="45.91634" lon="6.24824">
        <ele>1665.2</ele>
      </rtept>
      <rtept lat="45.91633" lon="6.24822">
        <ele>1665.4</ele>
      </rtept>
      <rtept lat="45.9163" lon="6.2482">
        <ele>1666.2</ele>
      </rtept>
      <rtept lat="45.91629" lon="6.24819">
        <ele>1666.4</ele>
      </rtept>
      <rtept lat="45.91629" lon="6.24817">
        <ele>1666.8</ele>
      </rtept>
      <rtept lat="45.91629" lon="6.24814">
        <ele>1667.4</ele>
      </rtept>
      <rtept lat="45.91627" lon="6.24814">
        <ele>1668.4</ele>
      </rtept>
      <rtept lat="45.91625" lon="6.24815">
        <ele>1668.6</ele>
      </rtept>
      <rtept lat="45.91624" lon="6.24819">
        <ele>1670</ele>
      </rtept>
      <rtept lat="45.91622" lon="6.24823">
        <ele>1670.2</ele>
      </rtept>
      <rtept lat="45.91621" lon="6.24825">
        <ele>1670.2</ele>
      </rtept>
      <rtept lat="45.91619" lon="6.24824">
        <ele>1670.2</ele>
      </rtept>
      <rtept lat="45.91616" lon="6.24823">
        <ele>1670.4</ele>
      </rtept>
      <rtept lat="45.91615" lon="6.2482">
        <ele>1671.4</ele>
      </rtept>
      <rtept lat="45.91613" lon="6.24821">
        <ele>1671.4</ele>
      </rtept>
      <rtept lat="45.91611" lon="6.24821">
        <ele>1671.6</ele>
      </rtept>
      <rtept lat="45.91611" lon="6.24818">
        <ele>1672.4</ele>
      </rtept>
      <rtept lat="45.91609" lon="6.24815">
        <ele>1672.6</ele>
      </rtept>
      <rtept lat="45.91608" lon="6.24813">
        <ele>1672.8</ele>
      </rtept>
      <rtept lat="45.91605" lon="6.24813">
        <ele>1673</ele>
      </rtept>
      <rtept lat="45.91604" lon="6.24814">
        <ele>1673.2</ele>
      </rtept>
      <rtept lat="45.91602" lon="6.24816">
        <ele>1673.6</ele>
      </rtept>
      <rtept lat="45.916" lon="6.24814">
        <ele>1674.4</ele>
      </rtept>
      <rtept lat="45.91599" lon="6.24812">
        <ele>1674.4</ele>
      </rtept>
      <rtept lat="45.91598" lon="6.2481">
        <ele>1674.6</ele>
      </rtept>
      <rtept lat="45.91597" lon="6.24807">
        <ele>1675</ele>
      </rtept>
      <rtept lat="45.91596" lon="6.24804">
        <ele>1675.6</ele>
      </rtept>
      <rtept lat="45.91594" lon="6.24802">
        <ele>1675.6</ele>
      </rtept>
      <rtept lat="45.91592" lon="6.24801">
        <ele>1676.8</ele>
      </rtept>
      <rtept lat="45.9159" lon="6.24801">
        <ele>1677</ele>
      </rtept>
      <rtept lat="45.91589" lon="6.24799">
        <ele>1677.4</ele>
      </rtept>
      <rtept lat="45.91588" lon="6.24798">
        <ele>1679.8</ele>
      </rtept>
      <rtept lat="45.91585" lon="6.24796">
        <ele>1679.8</ele>
      </rtept>
      <rtept lat="45.91582" lon="6.24794">
        <ele>1679.8</ele>
      </rtept>
      <rtept lat="45.9158" lon="6.24792">
        <ele>1680.4</ele>
      </rtept>
      <rtept lat="45.91578" lon="6.2479">
        <ele>1681.6</ele>
      </rtept>
      <rtept lat="45.91577" lon="6.24787">
        <ele>1682</ele>
      </rtept>
      <rtept lat="45.91575" lon="6.24785">
        <ele>1682.2</ele>
      </rtept>
      <rtept lat="45.91573" lon="6.24784">
        <ele>1682.4</ele>
      </rtept>
      <rtept lat="45.91572" lon="6.24781">
        <ele>1683</ele>
      </rtept>
      <rtept lat="45.9157" lon="6.2478">
        <ele>1684</ele>
      </rtept>
      <rtept lat="45.91569" lon="6.24777">
        <ele>1685</ele>
      </rtept>
      <rtept lat="45.91568" lon="6.24774">
        <ele>1685.2</ele>
      </rtept>
      <rtept lat="45.91567" lon="6.24772">
        <ele>1685.6</ele>
      </rtept>
      <rtept lat="45.91565" lon="6.24771">
        <ele>1686</ele>
      </rtept>
      <rtept lat="45.91565" lon="6.24767">
        <ele>1686.6</ele>
      </rtept>
      <rtept lat="45.91563" lon="6.24766">
        <ele>1686.8</ele>
      </rtept>
      <rtept lat="45.91561" lon="6.24768">
        <ele>1687</ele>
      </rtept>
      <rtept lat="45.91559" lon="6.24768">
        <ele>1687.2</ele>
      </rtept>
      <rtept lat="45.91557" lon="6.24767">
        <ele>1688</ele>
      </rtept>
      <rtept lat="45.91556" lon="6.24767">
        <ele>1688.4</ele>
      </rtept>
      <rtept lat="45.91553" lon="6.24766">
        <ele>1688.4</ele>
      </rtept>
      <rtept lat="45.91551" lon="6.24766">
        <ele>1689.6</ele>
      </rtept>
      <rtept lat="45.91549" lon="6.24767">
        <ele>1692</ele>
      </rtept>
      <rtept lat="45.91546" lon="6.24766">
        <ele>1692.4</ele>
      </rtept>
      <rtept lat="45.91544" lon="6.24765">
        <ele>1693</ele>
      </rtept>
      <rtept lat="45.91542" lon="6.24765">
        <ele>1693.4</ele>
      </rtept>
      <rtept lat="45.9154" lon="6.24764">
        <ele>1693.4</ele>
      </rtept>
      <rtept lat="45.91538" lon="6.24765">
        <ele>1693</ele>
      </rtept>
      <rtept lat="45.91536" lon="6.24767">
        <ele>1693.4</ele>
      </rtept>
      <rtept lat="45.91535" lon="6.24768">
        <ele>1693.4</ele>
      </rtept>
      <rtept lat="45.91532" lon="6.24772">
        <ele>1694.8</ele>
      </rtept>
      <rtept lat="45.9153" lon="6.24772">
        <ele>1695.2</ele>
      </rtept>
      <rtept lat="45.91528" lon="6.24772">
        <ele>1697.8</ele>
      </rtept>
      <rtept lat="45.91526" lon="6.24772">
        <ele>1698.2</ele>
      </rtept>
      <rtept lat="45.91525" lon="6.24774">
        <ele>1698.8</ele>
      </rtept>
      <rtept lat="45.91522" lon="6.24773">
        <ele>1699</ele>
      </rtept>
      <rtept lat="45.9152" lon="6.24771">
        <ele>1699.2</ele>
      </rtept>
      <rtept lat="45.91518" lon="6.2477">
        <ele>1699.6</ele>
      </rtept>
      <rtept lat="45.91517" lon="6.24767">
        <ele>1700.2</ele>
      </rtept>
      <rtept lat="45.91515" lon="6.24764">
        <ele>1699.6</ele>
      </rtept>
      <rtept lat="45.91514" lon="6.24761">
        <ele>1700.2</ele>
      </rtept>
      <rtept lat="45.91513" lon="6.24759">
        <ele>1700.2</ele>
      </rtept>
      <rtept lat="45.91511" lon="6.24758">
        <ele>1700.4</ele>
      </rtept>
      <rtept lat="45.91509" lon="6.24759">
        <ele>1700.4</ele>
      </rtept>
      <rtept lat="45.91506" lon="6.24759">
        <ele>1700.8</ele>
      </rtept>
      <rtept lat="45.91504" lon="6.24759">
        <ele>1701.4</ele>
      </rtept>
      <rtept lat="45.91501" lon="6.2476">
        <ele>1702</ele>
      </rtept>
      <rtept lat="45.915" lon="6.24761">
        <ele>1702.2</ele>
      </rtept>
      <rtept lat="45.91498" lon="6.24761">
        <ele>1702.8</ele>
      </rtept>
      <rtept lat="45.91496" lon="6.24759">
        <ele>1705.6</ele>
      </rtept>
      <rtept lat="45.91493" lon="6.24756">
        <ele>1705.4</ele>
      </rtept>
      <rtept lat="45.91491" lon="6.24755">
        <ele>1706.2</ele>
      </rtept>
      <rtept lat="45.91489" lon="6.24753">
        <ele>1706</ele>
      </rtept>
      <rtept lat="45.91487" lon="6.24754">
        <ele>1705.4</ele>
      </rtept>
      <rtept lat="45.91485" lon="6.24753">
        <ele>1705.6</ele>
      </rtept>
      <rtept lat="45.91483" lon="6.24751">
        <ele>1706</ele>
      </rtept>
      <rtept lat="45.91482" lon="6.24748">
        <ele>1706.4</ele>
      </rtept>
      <rtept lat="45.91481" lon="6.24745">
        <ele>1706.6</ele>
      </rtept>
      <rtept lat="45.91482" lon="6.24743">
        <ele>1707.6</ele>
      </rtept>
      <rtept lat="45.9148" lon="6.24741">
        <ele>1708.4</ele>
      </rtept>
      <rtept lat="45.91479" lon="6.24739">
        <ele>1709.8</ele>
      </rtept>
      <rtept lat="45.91478" lon="6.24734">
        <ele>1709.6</ele>
      </rtept>
      <rtept lat="45.91477" lon="6.24732">
        <ele>1709.6</ele>
      </rtept>
      <rtept lat="45.91475" lon="6.24728">
        <ele>1710.4</ele>
      </rtept>
      <rtept lat="45.91473" lon="6.24728">
        <ele>1711</ele>
      </rtept>
      <rtept lat="45.91471" lon="6.24729">
        <ele>1712.6</ele>
      </rtept>
      <rtept lat="45.91469" lon="6.24729">
        <ele>1712.6</ele>
      </rtept>
      <rtept lat="45.91467" lon="6.24729">
        <ele>1712.6</ele>
      </rtept>
      <rtept lat="45.91466" lon="6.24729">
        <ele>1713</ele>
      </rtept>
      <rtept lat="45.91463" lon="6.24728">
        <ele>1713.4</ele>
      </rtept>
      <rtept lat="45.91462" lon="6.24726">
        <ele>1713.8</ele>
      </rtept>
      <rtept lat="45.9146" lon="6.24724">
        <ele>1714.8</ele>
      </rtept>
      <rtept lat="45.91458" lon="6.24726">
        <ele>1716.4</ele>
      </rtept>
      <rtept lat="45.91456" lon="6.24729">
        <ele>1716.4</ele>
      </rtept>
      <rtept lat="45.91454" lon="6.24732">
        <ele>1716.8</ele>
      </rtept>
      <rtept lat="45.91453" lon="6.24736">
        <ele>1718.4</ele>
      </rtept>
      <rtept lat="45.91452" lon="6.24741">
        <ele>1718.4</ele>
      </rtept>
      <rtept lat="45.91452" lon="6.24743">
        <ele>1718.6</ele>
      </rtept>
      <rtept lat="45.9145" lon="6.24747">
        <ele>1718.6</ele>
      </rtept>
      <rtept lat="45.9145" lon="6.24749">
        <ele>1719</ele>
      </rtept>
      <rtept lat="45.91449" lon="6.24752">
        <ele>1719.2</ele>
      </rtept>
      <rtept lat="45.91449" lon="6.24754">
        <ele>1719.2</ele>
      </rtept>
      <rtept lat="45.91447" lon="6.24755">
        <ele>1720.6</ele>
      </rtept>
      <rtept lat="45.91445" lon="6.24755">
        <ele>1721.6</ele>
      </rtept>
      <rtept lat="45.91443" lon="6.24756">
        <ele>1722.4</ele>
      </rtept>
      <rtept lat="45.91441" lon="6.24757">
        <ele>1722.8</ele>
      </rtept>
      <rtept lat="45.91441" lon="6.2476">
        <ele>1723</ele>
      </rtept>
      <rtept lat="45.91439" lon="6.24761">
        <ele>1723.8</ele>
      </rtept>
      <rtept lat="45.91436" lon="6.24763">
        <ele>1723.8</ele>
      </rtept>
      <rtept lat="45.91434" lon="6.24765">
        <ele>1724.2</ele>
      </rtept>
      <rtept lat="45.91433" lon="6.24768">
        <ele>1725.2</ele>
      </rtept>
      <rtept lat="45.91434" lon="6.2477">
        <ele>1725.4</ele>
      </rtept>
      <rtept lat="45.91433" lon="6.24774">
        <ele>1725.8</ele>
      </rtept>
      <rtept lat="45.91431" lon="6.24776">
        <ele>1726.2</ele>
      </rtept>
      <rtept lat="45.91429" lon="6.24777">
        <ele>1726.6</ele>
      </rtept>
      <rtept lat="45.91427" lon="6.24777">
        <ele>1727.2</ele>
      </rtept>
      <rtept lat="45.91425" lon="6.24779">
        <ele>1727.8</ele>
      </rtept>
      <rtept lat="45.91424" lon="6.24781">
        <ele>1728.2</ele>
      </rtept>
      <rtept lat="45.91424" lon="6.24784">
        <ele>1728.8</ele>
      </rtept>
      <rtept lat="45.91422" lon="6.24787">
        <ele>1729.2</ele>
      </rtept>
      <rtept lat="45.9142" lon="6.24789">
        <ele>1729.4</ele>
      </rtept>
      <rtept lat="45.9142" lon="6.24791">
        <ele>1729.8</ele>
      </rtept>
      <rtept lat="45.91418" lon="6.24793">
        <ele>1730.4</ele>
      </rtept>
      <rtept lat="45.91417" lon="6.24796">
        <ele>1731.2</ele>
      </rtept>
      <rtept lat="45.91416" lon="6.24798">
        <ele>1731.8</ele>
      </rtept>
      <rtept lat="45.91415" lon="6.248">
        <ele>1732.8</ele>
      </rtept>
      <rtept lat="45.91414" lon="6.24803">
        <ele>1733</ele>
      </rtept>
      <rtept lat="45.91414" lon="6.24807">
        <ele>1732.8</ele>
      </rtept>
      <rtept lat="45.91414" lon="6.24812">
        <ele>1732.8</ele>
      </rtept>
      <rtept lat="45.91413" lon="6.24815">
        <ele>1732.6</ele>
      </rtept>
      <rtept lat="45.91413" lon="6.24818">
        <ele>1732.8</ele>
      </rtept>
      <rtept lat="45.91414" lon="6.2482">
        <ele>1733.2</ele>
      </rtept>
      <rtept lat="45.91416" lon="6.24821">
        <ele>1738.2</ele>
      </rtept>
      <rtept lat="45.91415" lon="6.24824">
        <ele>1738.2</ele>
      </rtept>
      <rtept lat="45.91415" lon="6.24828">
        <ele>1738.4</ele>
      </rtept>
      <rtept lat="45.91414" lon="6.24832">
        <ele>1738.4</ele>
      </rtept>
      <rtept lat="45.91413" lon="6.24835">
        <ele>1738.4</ele>
      </rtept>
      <rtept lat="45.91412" lon="6.24839">
        <ele>1739</ele>
      </rtept>
      <rtept lat="45.91411" lon="6.24841">
        <ele>1739</ele>
      </rtept>
      <rtept lat="45.91409" lon="6.24842">
        <ele>1740</ele>
      </rtept>
      <rtept lat="45.91407" lon="6.24844">
        <ele>1740.6</ele>
      </rtept>
      <rtept lat="45.91406" lon="6.24846">
        <ele>1742.2</ele>
      </rtept>
      <rtept lat="45.91405" lon="6.24849">
        <ele>1742.8</ele>
      </rtept>
      <rtept lat="45.91405" lon="6.24852">
        <ele>1743.8</ele>
      </rtept>
      <rtept lat="45.91405" lon="6.24855">
        <ele>1744.2</ele>
      </rtept>
      <rtept lat="45.91405" lon="6.24858">
        <ele>1745.2</ele>
      </rtept>
      <rtept lat="45.91404" lon="6.2486">
        <ele>1745.4</ele>
      </rtept>
      <rtept lat="45.91404" lon="6.24863">
        <ele>1745.6</ele>
      </rtept>
      <rtept lat="45.91405" lon="6.24867">
        <ele>1745.8</ele>
      </rtept>
      <rtept lat="45.91405" lon="6.24869">
        <ele>1747.2</ele>
      </rtept>
      <rtept lat="45.91404" lon="6.24872">
        <ele>1747.6</ele>
      </rtept>
      <rtept lat="45.91403" lon="6.24876">
        <ele>1757.2</ele>
      </rtept>
      <rtept lat="45.91403" lon="6.2488">
        <ele>1758.2</ele>
      </rtept>
      <rtept lat="45.91403" lon="6.24885">
        <ele>1758.2</ele>
      </rtept>
      <rtept lat="45.91404" lon="6.24891">
        <ele>1758.2</ele>
      </rtept>
      <rtept lat="45.91404" lon="6.24898">
        <ele>1758</ele>
      </rtept>
      <rtept lat="45.91404" lon="6.24902">
        <ele>1758</ele>
      </rtept>
      <rtept lat="45.91405" lon="6.24905">
        <ele>1758</ele>
      </rtept>
      <rtept lat="45.91405" lon="6.24909">
        <ele>1758.6</ele>
      </rtept>
      <rtept lat="45.91406" lon="6.24912">
        <ele>1760.6</ele>
      </rtept>
      <rtept lat="45.91408" lon="6.24915">
        <ele>1760.2</ele>
      </rtept>
      <rtept lat="45.91408" lon="6.24918">
        <ele>1760.8</ele>
      </rtept>
      <rtept lat="45.91408" lon="6.24921">
        <ele>1762.4</ele>
      </rtept>
      <rtept lat="45.91409" lon="6.24923">
        <ele>1763.2</ele>
      </rtept>
      <rtept lat="45.91407" lon="6.24923">
        <ele>1767.4</ele>
      </rtept>
      <rtept lat="45.91405" lon="6.24922">
        <ele>1767.8</ele>
      </rtept>
      <rtept lat="45.91403" lon="6.24921">
        <ele>1768</ele>
      </rtept>
      <rtept lat="45.91402" lon="6.24927">
        <ele>1771.8</ele>
      </rtept>
      <rtept lat="45.91403" lon="6.24932">
        <ele>1772</ele>
      </rtept>
      <rtept lat="45.91403" lon="6.24936">
        <ele>1772</ele>
      </rtept>
      <rtept lat="45.91403" lon="6.2494">
        <ele>1772</ele>
      </rtept>
      <rtept lat="45.91404" lon="6.24943">
        <ele>1772.2</ele>
      </rtept>
      <rtept lat="45.91404" lon="6.24946">
        <ele>1772.6</ele>
      </rtept>
      <rtept lat="45.91404" lon="6.24949">
        <ele>1772.8</ele>
      </rtept>
      <rtept lat="45.91405" lon="6.24952">
        <ele>1773</ele>
      </rtept>
      <rtept lat="45.91405" lon="6.24955">
        <ele>1773.2</ele>
      </rtept>
      <rtept lat="45.91405" lon="6.24958">
        <ele>1774.8</ele>
      </rtept>
      <rtept lat="45.91405" lon="6.2496">
        <ele>1776.6</ele>
      </rtept>
      <rtept lat="45.91406" lon="6.24963">
        <ele>1776.6</ele>
      </rtept>
      <rtept lat="45.91405" lon="6.24966">
        <ele>1777.6</ele>
      </rtept>
      <rtept lat="45.91404" lon="6.24967">
        <ele>1779</ele>
      </rtept>
      <rtept lat="45.91402" lon="6.24965">
        <ele>1782</ele>
      </rtept>
      <rtept lat="45.91402" lon="6.24968">
        <ele>1775</ele>
      </rtept>
      <rtept lat="45.91404" lon="6.24972">
        <ele>1774</ele>
      </rtept>
      <rtept lat="45.91405" lon="6.24977">
        <ele>1774</ele>
      </rtept>
      <rtept lat="45.91406" lon="6.24982">
        <ele>1774.2</ele>
      </rtept>
      <rtept lat="45.91407" lon="6.24986">
        <ele>1774.2</ele>
      </rtept>
      <rtept lat="45.91407" lon="6.24989">
        <ele>1774.2</ele>
      </rtept>
      <rtept lat="45.91408" lon="6.24992">
        <ele>1774.2</ele>
      </rtept>
      <rtept lat="45.91408" lon="6.24995">
        <ele>1775.2</ele>
      </rtept>
      <rtept lat="45.91409" lon="6.24998">
        <ele>1775.2</ele>
      </rtept>
      <rtept lat="45.9141" lon="6.25001">
        <ele>1774.8</ele>
      </rtept>
      <rtept lat="45.91411" lon="6.25004">
        <ele>1774.6</ele>
      </rtept>
      <rtept lat="45.91412" lon="6.25006">
        <ele>1774.6</ele>
      </rtept>
      <rtept lat="45.91413" lon="6.25009">
        <ele>1774.6</ele>
      </rtept>
      <rtept lat="45.91413" lon="6.25013">
        <ele>1774</ele>
      </rtept>
      <rtept lat="45.91412" lon="6.25016">
        <ele>1773.6</ele>
      </rtept>
      <rtept lat="45.91412" lon="6.25018">
        <ele>1772.6</ele>
      </rtept>
      <rtept lat="45.91415" lon="6.2502">
        <ele>1771.6</ele>
      </rtept>
      <rtept lat="45.91416" lon="6.25022">
        <ele>1771</ele>
      </rtept>
      <rtept lat="45.91415" lon="6.25026">
        <ele>1770.8</ele>
      </rtept>
      <rtept lat="45.91416" lon="6.25028">
        <ele>1770.6</ele>
      </rtept>
      <rtept lat="45.91417" lon="6.25031">
        <ele>1770.8</ele>
      </rtept>
      <rtept lat="45.91418" lon="6.25034">
        <ele>1770.8</ele>
      </rtept>
      <rtept lat="45.91417" lon="6.25037">
        <ele>1770.6</ele>
      </rtept>
      <rtept lat="45.91416" lon="6.25039">
        <ele>1770</ele>
      </rtept>
      <rtept lat="45.91415" lon="6.25041">
        <ele>1770</ele>
      </rtept>
      <rtept lat="45.91413" lon="6.25043">
        <ele>1770</ele>
      </rtept>
      <rtept lat="45.91413" lon="6.25047">
        <ele>1769.8</ele>
      </rtept>
      <rtept lat="45.91413" lon="6.25049">
        <ele>1769.8</ele>
      </rtept>
      <rtept lat="45.91413" lon="6.25053">
        <ele>1769</ele>
      </rtept>
      <rtept lat="45.91412" lon="6.25055">
        <ele>1769</ele>
      </rtept>
      <rtept lat="45.91411" lon="6.25058">
        <ele>1769</ele>
      </rtept>
      <rtept lat="45.9141" lon="6.2506">
        <ele>1767.6</ele>
      </rtept>
      <rtept lat="45.91408" lon="6.25061">
        <ele>1767.6</ele>
      </rtept>
      <rtept lat="45.91406" lon="6.2506">
        <ele>1767.8</ele>
      </rtept>
      <rtept lat="45.91404" lon="6.25061">
        <ele>1767</ele>
      </rtept>
      <rtept lat="45.91403" lon="6.25063">
        <ele>1766</ele>
      </rtept>
      <rtept lat="45.91401" lon="6.25066">
        <ele>1764.6</ele>
      </rtept>
      <rtept lat="45.914" lon="6.25069">
        <ele>1763.8</ele>
      </rtept>
      <rtept lat="45.91399" lon="6.25074">
        <ele>1763.8</ele>
      </rtept>
      <rtept lat="45.91398" lon="6.25077">
        <ele>1762.8</ele>
      </rtept>
      <rtept lat="45.91398" lon="6.2508">
        <ele>1762.2</ele>
      </rtept>
      <rtept lat="45.91396" lon="6.25083">
        <ele>1761.4</ele>
      </rtept>
      <rtept lat="45.91395" lon="6.25085">
        <ele>1761.2</ele>
      </rtept>
      <rtept lat="45.91393" lon="6.25087">
        <ele>1760.6</ele>
      </rtept>
      <rtept lat="45.91393" lon="6.2509">
        <ele>1760.8</ele>
      </rtept>
      <rtept lat="45.91394" lon="6.25092">
        <ele>1760.4</ele>
      </rtept>
      <rtept lat="45.91395" lon="6.25095">
        <ele>1760.2</ele>
      </rtept>
      <rtept lat="45.91396" lon="6.25098">
        <ele>1760</ele>
      </rtept>
      <rtept lat="45.91397" lon="6.251">
        <ele>1759.6</ele>
      </rtept>
      <rtept lat="45.91398" lon="6.25103">
        <ele>1759.2</ele>
      </rtept>
      <rtept lat="45.91398" lon="6.25106">
        <ele>1759.4</ele>
      </rtept>
      <rtept lat="45.91398" lon="6.25109">
        <ele>1758.8</ele>
      </rtept>
      <rtept lat="45.91396" lon="6.25111">
        <ele>1758.2</ele>
      </rtept>
      <rtept lat="45.91394" lon="6.25112">
        <ele>1758.6</ele>
      </rtept>
      <rtept lat="45.91392" lon="6.25113">
        <ele>1758.6</ele>
      </rtept>
      <rtept lat="45.9139" lon="6.25115">
        <ele>1758.8</ele>
      </rtept>
      <rtept lat="45.91391" lon="6.25118">
        <ele>1759.2</ele>
      </rtept>
      <rtept lat="45.9139" lon="6.25121">
        <ele>1758.6</ele>
      </rtept>
      <rtept lat="45.9139" lon="6.25123">
        <ele>1758.6</ele>
      </rtept>
      <rtept lat="45.9139" lon="6.25126">
        <ele>1758</ele>
      </rtept>
      <rtept lat="45.91392" lon="6.25127">
        <ele>1756.8</ele>
      </rtept>
      <rtept lat="45.91392" lon="6.25131">
        <ele>1754.4</ele>
      </rtept>
      <rtept lat="45.91393" lon="6.25133">
        <ele>1753.8</ele>
      </rtept>
      <rtept lat="45.91394" lon="6.25137">
        <ele>1751</ele>
      </rtept>
      <rtept lat="45.91396" lon="6.2514">
        <ele>1751</ele>
      </rtept>
      <rtept lat="45.91397" lon="6.25142">
        <ele>1749</ele>
      </rtept>
      <rtept lat="45.91399" lon="6.25144">
        <ele>1745.4</ele>
      </rtept>
      <rtept lat="45.91401" lon="6.25148">
        <ele>1745</ele>
      </rtept>
      <rtept lat="45.91402" lon="6.25151">
        <ele>1744.6</ele>
      </rtept>
      <rtept lat="45.91404" lon="6.25154">
        <ele>1744.4</ele>
      </rtept>
      <rtept lat="45.91405" lon="6.25157">
        <ele>1744.6</ele>
      </rtept>
      <rtept lat="45.91405" lon="6.2516">
        <ele>1745.4</ele>
      </rtept>
      <rtept lat="45.91404" lon="6.25162">
        <ele>1745.8</ele>
      </rtept>
      <rtept lat="45.91402" lon="6.25163">
        <ele>1747</ele>
      </rtept>
      <rtept lat="45.91401" lon="6.25165">
        <ele>1747.6</ele>
      </rtept>
      <rtept lat="45.91401" lon="6.25168">
        <ele>1747.4</ele>
      </rtept>
      <rtept lat="45.91401" lon="6.2517">
        <ele>1748.6</ele>
      </rtept>
      <rtept lat="45.91401" lon="6.25173">
        <ele>1755.2</ele>
      </rtept>
      <rtept lat="45.91399" lon="6.25175">
        <ele>1755</ele>
      </rtept>
      <rtept lat="45.91398" lon="6.25178">
        <ele>1755.6</ele>
      </rtept>
      <rtept lat="45.91396" lon="6.25181">
        <ele>1755.6</ele>
      </rtept>
      <rtept lat="45.91395" lon="6.25183">
        <ele>1756</ele>
      </rtept>
      <rtept lat="45.91394" lon="6.25185">
        <ele>1756.2</ele>
      </rtept>
      <rtept lat="45.91393" lon="6.25188">
        <ele>1758.8</ele>
      </rtept>
      <rtept lat="45.91391" lon="6.25189">
        <ele>1759.4</ele>
      </rtept>
      <rtept lat="45.91389" lon="6.25189">
        <ele>1759.6</ele>
      </rtept>
      <rtept lat="45.91387" lon="6.25191">
        <ele>1760.8</ele>
      </rtept>
      <rtept lat="45.91385" lon="6.25193">
        <ele>1763</ele>
      </rtept>
      <rtept lat="45.91382" lon="6.25194">
        <ele>1763.2</ele>
      </rtept>
      <rtept lat="45.9138" lon="6.25196">
        <ele>1763.2</ele>
      </rtept>
      <rtept lat="45.91378" lon="6.25197">
        <ele>1763.2</ele>
      </rtept>
      <rtept lat="45.91376" lon="6.25199">
        <ele>1762.8</ele>
      </rtept>
      <rtept lat="45.91373" lon="6.252">
        <ele>1762.2</ele>
      </rtept>
      <rtept lat="45.91371" lon="6.25201">
        <ele>1762.2</ele>
      </rtept>
      <rtept lat="45.91369" lon="6.25201">
        <ele>1762</ele>
      </rtept>
      <rtept lat="45.91367" lon="6.25201">
        <ele>1762</ele>
      </rtept>
      <rtept lat="45.91365" lon="6.25202">
        <ele>1762.4</ele>
      </rtept>
      <rtept lat="45.91364" lon="6.25204">
        <ele>1762.6</ele>
      </rtept>
      <rtept lat="45.91362" lon="6.25206">
        <ele>1762.8</ele>
      </rtept>
      <rtept lat="45.91361" lon="6.25208">
        <ele>1762.8</ele>
      </rtept>
      <rtept lat="45.9136" lon="6.25211">
        <ele>1762.8</ele>
      </rtept>
      <rtept lat="45.91358" lon="6.25214">
        <ele>1763.4</ele>
      </rtept>
      <rtept lat="45.91359" lon="6.25217">
        <ele>1763.6</ele>
      </rtept>
      <rtept lat="45.91358" lon="6.2522">
        <ele>1763.4</ele>
      </rtept>
      <rtept lat="45.91356" lon="6.25223">
        <ele>1763</ele>
      </rtept>
      <rtept lat="45.91354" lon="6.25226">
        <ele>1763</ele>
      </rtept>
      <rtept lat="45.91352" lon="6.25227">
        <ele>1763.2</ele>
      </rtept>
      <rtept lat="45.9135" lon="6.25229">
        <ele>1763.2</ele>
      </rtept>
      <rtept lat="45.91349" lon="6.25232">
        <ele>1762.8</ele>
      </rtept>
      <rtept lat="45.91349" lon="6.25235">
        <ele>1762.8</ele>
      </rtept>
      <rtept lat="45.91349" lon="6.25238">
        <ele>1762.8</ele>
      </rtept>
      <rtept lat="45.91348" lon="6.2524">
        <ele>1762.6</ele>
      </rtept>
      <rtept lat="45.91346" lon="6.25241">
        <ele>1762.4</ele>
      </rtept>
      <rtept lat="45.91344" lon="6.25242">
        <ele>1761.6</ele>
      </rtept>
      <rtept lat="45.91342" lon="6.25243">
        <ele>1762</ele>
      </rtept>
      <rtept lat="45.9134" lon="6.25244">
        <ele>1761.4</ele>
      </rtept>
      <rtept lat="45.91338" lon="6.25245">
        <ele>1761</ele>
      </rtept>
      <rtept lat="45.91337" lon="6.25248">
        <ele>1760.6</ele>
      </rtept>
      <rtept lat="45.91337" lon="6.25251">
        <ele>1760.6</ele>
      </rtept>
      <rtept lat="45.91336" lon="6.25253">
        <ele>1760.6</ele>
      </rtept>
      <rtept lat="45.91334" lon="6.25255">
        <ele>1759.8</ele>
      </rtept>
      <rtept lat="45.91331" lon="6.25256">
        <ele>1759.8</ele>
      </rtept>
      <rtept lat="45.9133" lon="6.25257">
        <ele>1760.4</ele>
      </rtept>
      <rtept lat="45.9133" lon="6.2526">
        <ele>1760.4</ele>
      </rtept>
      <rtept lat="45.91331" lon="6.25264">
        <ele>1760.2</ele>
      </rtept>
      <rtept lat="45.9133" lon="6.25266">
        <ele>1760.2</ele>
      </rtept>
      <rtept lat="45.91329" lon="6.25269">
        <ele>1760.2</ele>
      </rtept>
      <rtept lat="45.91329" lon="6.25272">
        <ele>1760</ele>
      </rtept>
      <rtept lat="45.91328" lon="6.25275">
        <ele>1759.4</ele>
      </rtept>
      <rtept lat="45.91328" lon="6.25278">
        <ele>1758.4</ele>
      </rtept>
      <rtept lat="45.91328" lon="6.25281">
        <ele>1756.2</ele>
      </rtept>
      <rtept lat="45.91329" lon="6.25285">
        <ele>1756.2</ele>
      </rtept>
      <rtept lat="45.91329" lon="6.25288">
        <ele>1756</ele>
      </rtept>
      <rtept lat="45.91328" lon="6.25289">
        <ele>1755.8</ele>
      </rtept>
      <rtept lat="45.91329" lon="6.25291">
        <ele>1754.4</ele>
      </rtept>
      <rtept lat="45.9133" lon="6.25294">
        <ele>1754.2</ele>
      </rtept>
      <rtept lat="45.91328" lon="6.25294">
        <ele>1754.2</ele>
      </rtept>
      <rtept lat="45.91328" lon="6.25298">
        <ele>1754</ele>
      </rtept>
      <rtept lat="45.91328" lon="6.25301">
        <ele>1754.8</ele>
      </rtept>
      <rtept lat="45.91329" lon="6.25305">
        <ele>1755.6</ele>
      </rtept>
      <rtept lat="45.91329" lon="6.25308">
        <ele>1755.8</ele>
      </rtept>
      <rtept lat="45.91328" lon="6.25311">
        <ele>1757</ele>
      </rtept>
      <rtept lat="45.91327" lon="6.25314">
        <ele>1757.8</ele>
      </rtept>
      <rtept lat="45.91327" lon="6.25316">
        <ele>1758.2</ele>
      </rtept>
      <rtept lat="45.91329" lon="6.25317">
        <ele>1759</ele>
      </rtept>
      <rtept lat="45.91329" lon="6.2532">
        <ele>1761.6</ele>
      </rtept>
      <rtept lat="45.91329" lon="6.25323">
        <ele>1762.6</ele>
      </rtept>
      <rtept lat="45.91327" lon="6.25325">
        <ele>1765.6</ele>
      </rtept>
      <rtept lat="45.91326" lon="6.25329">
        <ele>1765.6</ele>
      </rtept>
      <rtept lat="45.91324" lon="6.25331">
        <ele>1765.6</ele>
      </rtept>
      <rtept lat="45.91323" lon="6.25333">
        <ele>1765.8</ele>
      </rtept>
      <rtept lat="45.91321" lon="6.25334">
        <ele>1768.4</ele>
      </rtept>
      <rtept lat="45.91319" lon="6.25334">
        <ele>1768.6</ele>
      </rtept>
      <rtept lat="45.91317" lon="6.25335">
        <ele>1771.6</ele>
      </rtept>
      <rtept lat="45.91315" lon="6.25337">
        <ele>1771.8</ele>
      </rtept>
      <rtept lat="45.91313" lon="6.25339">
        <ele>1772.6</ele>
      </rtept>
      <rtept lat="45.91312" lon="6.25341">
        <ele>1772.6</ele>
      </rtept>
      <rtept lat="45.91311" lon="6.25343">
        <ele>1772.6</ele>
      </rtept>
      <rtept lat="45.91308" lon="6.25345">
        <ele>1773.2</ele>
      </rtept>
      <rtept lat="45.91306" lon="6.25348">
        <ele>1773.4</ele>
      </rtept>
      <rtept lat="45.91304" lon="6.25349">
        <ele>1774</ele>
      </rtept>
      <rtept lat="45.91303" lon="6.25351">
        <ele>1774.6</ele>
      </rtept>
      <rtept lat="45.91301" lon="6.25353">
        <ele>1775.2</ele>
      </rtept>
      <rtept lat="45.91299" lon="6.25353">
        <ele>1775.8</ele>
      </rtept>
      <rtept lat="45.91298" lon="6.25355">
        <ele>1776.6</ele>
      </rtept>
      <rtept lat="45.91296" lon="6.25356">
        <ele>1776.8</ele>
      </rtept>
      <rtept lat="45.91294" lon="6.25356">
        <ele>1777.4</ele>
      </rtept>
      <rtept lat="45.91291" lon="6.25356">
        <ele>1777.2</ele>
      </rtept>
      <rtept lat="45.91289" lon="6.25357">
        <ele>1777</ele>
      </rtept>
      <rtept lat="45.91288" lon="6.25359">
        <ele>1777.6</ele>
      </rtept>
      <rtept lat="45.91288" lon="6.25361">
        <ele>1778.2</ele>
      </rtept>
      <rtept lat="45.91289" lon="6.25364">
        <ele>1778.4</ele>
      </rtept>
      <rtept lat="45.91289" lon="6.25366">
        <ele>1779</ele>
      </rtept>
      <rtept lat="45.91291" lon="6.25369">
        <ele>1778.4</ele>
      </rtept>
      <rtept lat="45.9129" lon="6.25372">
        <ele>1777.6</ele>
      </rtept>
      <rtept lat="45.91289" lon="6.25375">
        <ele>1777.8</ele>
      </rtept>
      <rtept lat="45.91289" lon="6.25378">
        <ele>1777.8</ele>
      </rtept>
      <rtept lat="45.91289" lon="6.2538">
        <ele>1778</ele>
      </rtept>
      <rtept lat="45.91288" lon="6.25383">
        <ele>1778</ele>
      </rtept>
      <rtept lat="45.91286" lon="6.25385">
        <ele>1778</ele>
      </rtept>
      <rtept lat="45.91284" lon="6.25387">
        <ele>1778.8</ele>
      </rtept>
      <rtept lat="45.91283" lon="6.25389">
        <ele>1779.4</ele>
      </rtept>
      <rtept lat="45.91282" lon="6.25392">
        <ele>1779.6</ele>
      </rtept>
      <rtept lat="45.91281" lon="6.25395">
        <ele>1780</ele>
      </rtept>
      <rtept lat="45.91281" lon="6.25397">
        <ele>1782</ele>
      </rtept>
      <rtept lat="45.91281" lon="6.254">
        <ele>1782.6</ele>
      </rtept>
      <rtept lat="45.91279" lon="6.25402">
        <ele>1782.4</ele>
      </rtept>
      <rtept lat="45.91277" lon="6.25405">
        <ele>1784.8</ele>
      </rtept>
      <rtept lat="45.91275" lon="6.2541">
        <ele>1783.6</ele>
      </rtept>
      <rtept lat="45.91274" lon="6.25413">
        <ele>1783.6</ele>
      </rtept>
      <rtept lat="45.91273" lon="6.25416">
        <ele>1783</ele>
      </rtept>
      <rtept lat="45.91272" lon="6.25419">
        <ele>1783</ele>
      </rtept>
      <rtept lat="45.91271" lon="6.25422">
        <ele>1783</ele>
      </rtept>
      <rtept lat="45.9127" lon="6.25425">
        <ele>1783</ele>
      </rtept>
      <rtept lat="45.9127" lon="6.25428">
        <ele>1783.2</ele>
      </rtept>
      <rtept lat="45.9127" lon="6.25431">
        <ele>1783.2</ele>
      </rtept>
      <rtept lat="45.91271" lon="6.25433">
        <ele>1783.8</ele>
      </rtept>
      <rtept lat="45.91273" lon="6.25435">
        <ele>1783.4</ele>
      </rtept>
      <rtept lat="45.91274" lon="6.25437">
        <ele>1783.6</ele>
      </rtept>
      <rtept lat="45.91275" lon="6.25439">
        <ele>1785</ele>
      </rtept>
      <rtept lat="45.91278" lon="6.2544">
        <ele>1785.4</ele>
      </rtept>
      <rtept lat="45.91275" lon="6.2544">
        <ele>1786.4</ele>
      </rtept>
      <rtept lat="45.91273" lon="6.2544">
        <ele>1786.8</ele>
      </rtept>
      <rtept lat="45.91271" lon="6.2544">
        <ele>1786.8</ele>
      </rtept>
      <rtept lat="45.91269" lon="6.25441">
        <ele>1786.4</ele>
      </rtept>
      <rtept lat="45.91268" lon="6.25444">
        <ele>1787.2</ele>
      </rtept>
      <rtept lat="45.91269" lon="6.25447">
        <ele>1788.2</ele>
      </rtept>
      <rtept lat="45.91271" lon="6.25449">
        <ele>1788.4</ele>
      </rtept>
      <rtept lat="45.91272" lon="6.25452">
        <ele>1788.4</ele>
      </rtept>
      <rtept lat="45.91273" lon="6.25455">
        <ele>1788.4</ele>
      </rtept>
      <rtept lat="45.91274" lon="6.25458">
        <ele>1788.8</ele>
      </rtept>
      <rtept lat="45.91274" lon="6.25461">
        <ele>1790.2</ele>
      </rtept>
      <rtept lat="45.91274" lon="6.25463">
        <ele>1790.6</ele>
      </rtept>
      <rtept lat="45.91274" lon="6.25467">
        <ele>1791.4</ele>
      </rtept>
      <rtept lat="45.91273" lon="6.2547">
        <ele>1791.4</ele>
      </rtept>
      <rtept lat="45.91274" lon="6.25472">
        <ele>1792</ele>
      </rtept>
      <rtept lat="45.91274" lon="6.25475">
        <ele>1791.8</ele>
      </rtept>
      <rtept lat="45.91273" lon="6.25478">
        <ele>1791.8</ele>
      </rtept>
      <rtept lat="45.91274" lon="6.2548">
        <ele>1791.8</ele>
      </rtept>
      <rtept lat="45.91274" lon="6.25484">
        <ele>1791.8</ele>
      </rtept>
      <rtept lat="45.91274" lon="6.25486">
        <ele>1791.8</ele>
      </rtept>
      <rtept lat="45.91275" lon="6.25489">
        <ele>1791.8</ele>
      </rtept>
      <rtept lat="45.91276" lon="6.25491">
        <ele>1791.6</ele>
      </rtept>
      <rtept lat="45.91275" lon="6.25494">
        <ele>1792.4</ele>
      </rtept>
      <rtept lat="45.91274" lon="6.25496">
        <ele>1792.6</ele>
      </rtept>
      <rtept lat="45.91272" lon="6.25498">
        <ele>1793</ele>
      </rtept>
      <rtept lat="45.91271" lon="6.25501">
        <ele>1793.2</ele>
      </rtept>
      <rtept lat="45.91271" lon="6.25503">
        <ele>1793.4</ele>
      </rtept>
      <rtept lat="45.91271" lon="6.25507">
        <ele>1794.2</ele>
      </rtept>
      <rtept lat="45.91271" lon="6.2551">
        <ele>1794.8</ele>
      </rtept>
      <rtept lat="45.9127" lon="6.25512">
        <ele>1794.2</ele>
      </rtept>
      <rtept lat="45.91268" lon="6.25515">
        <ele>1793.8</ele>
      </rtept>
      <rtept lat="45.91266" lon="6.25515">
        <ele>1793.8</ele>
      </rtept>
      <rtept lat="45.91263" lon="6.25516">
        <ele>1795</ele>
      </rtept>
      <rtept lat="45.91262" lon="6.25519">
        <ele>1795</ele>
      </rtept>
      <rtept lat="45.91261" lon="6.25521">
        <ele>1795</ele>
      </rtept>
      <rtept lat="45.9126" lon="6.25524">
        <ele>1795</ele>
      </rtept>
      <rtept lat="45.91261" lon="6.25526">
        <ele>1795</ele>
      </rtept>
      <rtept lat="45.91262" lon="6.25528">
        <ele>1794.6</ele>
      </rtept>
      <rtept lat="45.91262" lon="6.25532">
        <ele>1795</ele>
      </rtept>
      <rtept lat="45.91262" lon="6.25535">
        <ele>1795.6</ele>
      </rtept>
      <rtept lat="45.91263" lon="6.25536">
        <ele>1795.8</ele>
      </rtept>
      <rtept lat="45.91265" lon="6.25537">
        <ele>1795.6</ele>
      </rtept>
      <rtept lat="45.91267" lon="6.25535">
        <ele>1796.4</ele>
      </rtept>
      <rtept lat="45.91269" lon="6.25535">
        <ele>1796.8</ele>
      </rtept>
      <rtept lat="45.91271" lon="6.25535">
        <ele>1796.8</ele>
      </rtept>
      <rtept lat="45.91273" lon="6.25538">
        <ele>1796.8</ele>
      </rtept>
      <rtept lat="45.91274" lon="6.2554">
        <ele>1796.4</ele>
      </rtept>
      <rtept lat="45.91275" lon="6.25544">
        <ele>1796</ele>
      </rtept>
      <rtept lat="45.91275" lon="6.25547">
        <ele>1797.2</ele>
      </rtept>
      <rtept lat="45.91275" lon="6.2555">
        <ele>1797.4</ele>
      </rtept>
      <rtept lat="45.91275" lon="6.25553">
        <ele>1798.2</ele>
      </rtept>
      <rtept lat="45.91277" lon="6.25554">
        <ele>1798</ele>
      </rtept>
      <rtept lat="45.91279" lon="6.25555">
        <ele>1798</ele>
      </rtept>
      <rtept lat="45.91281" lon="6.25556">
        <ele>1797.8</ele>
      </rtept>
      <rtept lat="45.91282" lon="6.25557">
        <ele>1797.8</ele>
      </rtept>
      <rtept lat="45.91284" lon="6.25559">
        <ele>1797.6</ele>
      </rtept>
      <rtept lat="45.91286" lon="6.25561">
        <ele>1794.8</ele>
      </rtept>
      <rtept lat="45.91289" lon="6.25564">
        <ele>1795</ele>
      </rtept>
      <rtept lat="45.91291" lon="6.25566">
        <ele>1795.2</ele>
      </rtept>
      <rtept lat="45.91292" lon="6.25568">
        <ele>1795.2</ele>
      </rtept>
      <rtept lat="45.91294" lon="6.25569">
        <ele>1796</ele>
      </rtept>
      <rtept lat="45.91296" lon="6.25572">
        <ele>1796.4</ele>
      </rtept>
      <rtept lat="45.91298" lon="6.25574">
        <ele>1796.4</ele>
      </rtept>
      <rtept lat="45.91297" lon="6.25577">
        <ele>1798.4</ele>
      </rtept>
      <rtept lat="45.91297" lon="6.25583">
        <ele>1798.4</ele>
      </rtept>
      <rtept lat="45.91297" lon="6.25587">
        <ele>1798.2</ele>
      </rtept>
      <rtept lat="45.91298" lon="6.2559">
        <ele>1798.4</ele>
      </rtept>
      <rtept lat="45.91299" lon="6.25593">
        <ele>1798</ele>
      </rtept>
      <rtept lat="45.91301" lon="6.25596">
        <ele>1797.6</ele>
      </rtept>
      <rtept lat="45.91303" lon="6.25599">
        <ele>1798.2</ele>
      </rtept>
      <rtept lat="45.91305" lon="6.25601">
        <ele>1798.2</ele>
      </rtept>
      <rtept lat="45.91306" lon="6.25605">
        <ele>1797.6</ele>
      </rtept>
      <rtept lat="45.91305" lon="6.25608">
        <ele>1797.2</ele>
      </rtept>
      <rtept lat="45.91303" lon="6.25609">
        <ele>1797.2</ele>
      </rtept>
      <rtept lat="45.91304" lon="6.25612">
        <ele>1795.4</ele>
      </rtept>
      <rtept lat="45.91303" lon="6.25615">
        <ele>1795.2</ele>
      </rtept>
      <rtept lat="45.91303" lon="6.25618">
        <ele>1794</ele>
      </rtept>
      <rtept lat="45.91303" lon="6.25621">
        <ele>1793.4</ele>
      </rtept>
      <rtept lat="45.91303" lon="6.25624">
        <ele>1793.2</ele>
      </rtept>
      <rtept lat="45.91304" lon="6.25626">
        <ele>1792.4</ele>
      </rtept>
      <rtept lat="45.91305" lon="6.25629">
        <ele>1791</ele>
      </rtept>
      <rtept lat="45.91305" lon="6.25632">
        <ele>1790.6</ele>
      </rtept>
      <rtept lat="45.91304" lon="6.25636">
        <ele>1790.4</ele>
      </rtept>
      <rtept lat="45.91302" lon="6.25637">
        <ele>1789.6</ele>
      </rtept>
      <rtept lat="45.913" lon="6.25639">
        <ele>1789.4</ele>
      </rtept>
      <rtept lat="45.91298" lon="6.25636">
        <ele>1787.4</ele>
      </rtept>
      <rtept lat="45.91297" lon="6.25635">
        <ele>1787.2</ele>
      </rtept>
      <rtept lat="45.91294" lon="6.25636">
        <ele>1786</ele>
      </rtept>
      <rtept lat="45.91291" lon="6.25636">
        <ele>1786</ele>
      </rtept>
      <rtept lat="45.9129" lon="6.25634">
        <ele>1785.6</ele>
      </rtept>
      <rtept lat="45.91291" lon="6.25638">
        <ele>1782</ele>
      </rtept>
      <rtept lat="45.91291" lon="6.25641">
        <ele>1782</ele>
      </rtept>
      <rtept lat="45.9129" lon="6.25645">
        <ele>1781.8</ele>
      </rtept>
      <rtept lat="45.9129" lon="6.25647">
        <ele>1781.6</ele>
      </rtept>
      <rtept lat="45.91289" lon="6.2565">
        <ele>1781.4</ele>
      </rtept>
      <rtept lat="45.91288" lon="6.25653">
        <ele>1777</ele>
      </rtept>
      <rtept lat="45.91288" lon="6.25656">
        <ele>1776.4</ele>
      </rtept>
      <rtept lat="45.91287" lon="6.25661">
        <ele>1776</ele>
      </rtept>
      <rtept lat="45.91287" lon="6.25665">
        <ele>1776</ele>
      </rtept>
      <rtept lat="45.91287" lon="6.25668">
        <ele>1775.4</ele>
      </rtept>
      <rtept lat="45.91287" lon="6.25671">
        <ele>1775.2</ele>
      </rtept>
      <rtept lat="45.91285" lon="6.25674">
        <ele>1775</ele>
      </rtept>
      <rtept lat="45.91284" lon="6.25675">
        <ele>1774.4</ele>
      </rtept>
      <rtept lat="45.91282" lon="6.25677">
        <ele>1774.4</ele>
      </rtept>
      <rtept lat="45.9128" lon="6.2568">
        <ele>1774.2</ele>
      </rtept>
      <rtept lat="45.91279" lon="6.25681">
        <ele>1774</ele>
      </rtept>
      <rtept lat="45.91278" lon="6.25684">
        <ele>1773.8</ele>
      </rtept>
      <rtept lat="45.91277" lon="6.25687">
        <ele>1773.4</ele>
      </rtept>
      <rtept lat="45.91275" lon="6.2569">
        <ele>1773.2</ele>
      </rtept>
      <rtept lat="45.91274" lon="6.25692">
        <ele>1773.2</ele>
      </rtept>
      <rtept lat="45.91272" lon="6.25692">
        <ele>1773.6</ele>
      </rtept>
      <rtept lat="45.9127" lon="6.25694">
        <ele>1774.6</ele>
      </rtept>
      <rtept lat="45.91268" lon="6.25695">
        <ele>1775</ele>
      </rtept>
      <rtept lat="45.91266" lon="6.25696">
        <ele>1775.4</ele>
      </rtept>
      <rtept lat="45.91264" lon="6.25697">
        <ele>1776</ele>
      </rtept>
      <rtept lat="45.91262" lon="6.25696">
        <ele>1777</ele>
      </rtept>
      <rtept lat="45.91261" lon="6.25694">
        <ele>1777.2</ele>
      </rtept>
      <rtept lat="45.91263" lon="6.25693">
        <ele>1774.4</ele>
      </rtept>
      <rtept lat="45.91265" lon="6.25693">
        <ele>1774.4</ele>
      </rtept>
      <rtept lat="45.91267" lon="6.25693">
        <ele>1774.4</ele>
      </rtept>
      <rtept lat="45.91269" lon="6.25695">
        <ele>1773.6</ele>
      </rtept>
      <rtept lat="45.91271" lon="6.25697">
        <ele>1773.6</ele>
      </rtept>
      <rtept lat="45.9127" lon="6.257">
        <ele>1773.6</ele>
      </rtept>
      <rtept lat="45.91268" lon="6.25702">
        <ele>1773.6</ele>
      </rtept>
      <rtept lat="45.91267" lon="6.25705">
        <ele>1773.8</ele>
      </rtept>
      <rtept lat="45.91266" lon="6.25708">
        <ele>1773.8</ele>
      </rtept>
      <rtept lat="45.91264" lon="6.25711">
        <ele>1774</ele>
      </rtept>
      <rtept lat="45.91263" lon="6.25714">
        <ele>1774.2</ele>
      </rtept>
      <rtept lat="45.91262" lon="6.25716">
        <ele>1774</ele>
      </rtept>
      <rtept lat="45.91261" lon="6.25717">
        <ele>1774.6</ele>
      </rtept>
      <rtept lat="45.91259" lon="6.25718">
        <ele>1775.2</ele>
      </rtept>
      <rtept lat="45.91257" lon="6.25721">
        <ele>1775.8</ele>
      </rtept>
      <rtept lat="45.91256" lon="6.25722">
        <ele>1776</ele>
      </rtept>
      <rtept lat="45.91253" lon="6.25723">
        <ele>1775.8</ele>
      </rtept>
      <rtept lat="45.91251" lon="6.25723">
        <ele>1776</ele>
      </rtept>
      <rtept lat="45.91248" lon="6.25722">
        <ele>1776</ele>
      </rtept>
      <rtept lat="45.91246" lon="6.25722">
        <ele>1776.4</ele>
      </rtept>
      <rtept lat="45.91245" lon="6.25724">
        <ele>1776.6</ele>
      </rtept>
      <rtept lat="45.91245" lon="6.25727">
        <ele>1776.2</ele>
      </rtept>
      <rtept lat="45.91243" lon="6.25729">
        <ele>1776.2</ele>
      </rtept>
      <rtept lat="45.91241" lon="6.25731">
        <ele>1775.6</ele>
      </rtept>
      <rtept lat="45.91239" lon="6.25733">
        <ele>1774.8</ele>
      </rtept>
      <rtept lat="45.91239" lon="6.25736">
        <ele>1774.2</ele>
      </rtept>
      <rtept lat="45.91237" lon="6.25738">
        <ele>1773.4</ele>
      </rtept>
      <rtept lat="45.91236" lon="6.25742">
        <ele>1773.2</ele>
      </rtept>
      <rtept lat="45.91234" lon="6.25744">
        <ele>1773</ele>
      </rtept>
      <rtept lat="45.91233" lon="6.25746">
        <ele>1773.2</ele>
      </rtept>
      <rtept lat="45.91231" lon="6.25749">
        <ele>1773</ele>
      </rtept>
      <rtept lat="45.9123" lon="6.25752">
        <ele>1772</ele>
      </rtept>
      <rtept lat="45.91229" lon="6.25755">
        <ele>1771.4</ele>
      </rtept>
      <rtept lat="45.91227" lon="6.25757">
        <ele>1770.8</ele>
      </rtept>
      <rtept lat="45.91228" lon="6.25759">
        <ele>1769</ele>
      </rtept>
      <rtept lat="45.91228" lon="6.25762">
        <ele>1766.4</ele>
      </rtept>
      <rtept lat="45.91228" lon="6.25765">
        <ele>1766</ele>
      </rtept>
      <rtept lat="45.91227" lon="6.25768">
        <ele>1764.8</ele>
      </rtept>
      <rtept lat="45.91227" lon="6.25771">
        <ele>1764.6</ele>
      </rtept>
      <rtept lat="45.91227" lon="6.25774">
        <ele>1764</ele>
      </rtept>
      <rtept lat="45.91227" lon="6.25777">
        <ele>1763.6</ele>
      </rtept>
      <rtept lat="45.91227" lon="6.2578">
        <ele>1762.8</ele>
      </rtept>
      <rtept lat="45.91227" lon="6.25783">
        <ele>1762.8</ele>
      </rtept>
      <rtept lat="45.91226" lon="6.25785">
        <ele>1762</ele>
      </rtept>
      <rtept lat="45.91226" lon="6.25788">
        <ele>1761.6</ele>
      </rtept>
      <rtept lat="45.91226" lon="6.25791">
        <ele>1760.2</ele>
      </rtept>
      <rtept lat="45.91226" lon="6.25795">
        <ele>1760</ele>
      </rtept>
      <rtept lat="45.91226" lon="6.25798">
        <ele>1759.8</ele>
      </rtept>
      <rtept lat="45.91227" lon="6.25802">
        <ele>1758.8</ele>
      </rtept>
      <rtept lat="45.91226" lon="6.25804">
        <ele>1759</ele>
      </rtept>
      <rtept lat="45.91226" lon="6.25808">
        <ele>1759</ele>
      </rtept>
      <rtept lat="45.91225" lon="6.25811">
        <ele>1759</ele>
      </rtept>
      <rtept lat="45.91225" lon="6.25814">
        <ele>1759</ele>
      </rtept>
      <rtept lat="45.91224" lon="6.25817">
        <ele>1758.6</ele>
      </rtept>
      <rtept lat="45.91223" lon="6.2582">
        <ele>1758.6</ele>
      </rtept>
      <rtept lat="45.91222" lon="6.25823">
        <ele>1758.4</ele>
      </rtept>
      <rtept lat="45.91222" lon="6.25825">
        <ele>1758</ele>
      </rtept>
      <rtept lat="45.91221" lon="6.25827">
        <ele>1757.8</ele>
      </rtept>
      <rtept lat="45.91221" lon="6.2583">
        <ele>1757.2</ele>
      </rtept>
      <rtept lat="45.91223" lon="6.25832">
        <ele>1756</ele>
      </rtept>
      <rtept lat="45.91225" lon="6.25833">
        <ele>1755.8</ele>
      </rtept>
      <rtept lat="45.91227" lon="6.25834">
        <ele>1755.6</ele>
      </rtept>
      <rtept lat="45.91229" lon="6.25835">
        <ele>1754.8</ele>
      </rtept>
      <rtept lat="45.91231" lon="6.25836">
        <ele>1754.2</ele>
      </rtept>
      <rtept lat="45.91232" lon="6.25839">
        <ele>1753.6</ele>
      </rtept>
      <rtept lat="45.91232" lon="6.25842">
        <ele>1752.6</ele>
      </rtept>
      <rtept lat="45.91232" lon="6.25845">
        <ele>1752</ele>
      </rtept>
      <rtept lat="45.9123" lon="6.25847">
        <ele>1751.2</ele>
      </rtept>
      <rtept lat="45.91229" lon="6.25849">
        <ele>1750</ele>
      </rtept>
      <rtept lat="45.91227" lon="6.25851">
        <ele>1749.4</ele>
      </rtept>
      <rtept lat="45.91226" lon="6.25854">
        <ele>1748.4</ele>
      </rtept>
      <rtept lat="45.91224" lon="6.25856">
        <ele>1748.2</ele>
      </rtept>
      <rtept lat="45.91222" lon="6.25858">
        <ele>1748</ele>
      </rtept>
      <rtept lat="45.9122" lon="6.25859">
        <ele>1747.8</ele>
      </rtept>
      <rtept lat="45.91219" lon="6.25861">
        <ele>1747.6</ele>
      </rtept>
      <rtept lat="45.91217" lon="6.25863">
        <ele>1747.4</ele>
      </rtept>
      <rtept lat="45.91216" lon="6.25865">
        <ele>1747</ele>
      </rtept>
      <rtept lat="45.91215" lon="6.25869">
        <ele>1745.2</ele>
      </rtept>
      <rtept lat="45.91214" lon="6.25871">
        <ele>1745.4</ele>
      </rtept>
      <rtept lat="45.91212" lon="6.25875">
        <ele>1744.2</ele>
      </rtept>
      <rtept lat="45.91211" lon="6.25878">
        <ele>1744.2</ele>
      </rtept>
      <rtept lat="45.91211" lon="6.25881">
        <ele>1743.8</ele>
      </rtept>
      <rtept lat="45.91211" lon="6.25883">
        <ele>1743.6</ele>
      </rtept>
      <rtept lat="45.9121" lon="6.25886">
        <ele>1743.6</ele>
      </rtept>
      <rtept lat="45.9121" lon="6.25889">
        <ele>1743.8</ele>
      </rtept>
      <rtept lat="45.9121" lon="6.25893">
        <ele>1743.8</ele>
      </rtept>
      <rtept lat="45.91209" lon="6.25895">
        <ele>1743.6</ele>
      </rtept>
      <rtept lat="45.9121" lon="6.25898">
        <ele>1743</ele>
      </rtept>
      <rtept lat="45.9121" lon="6.25901">
        <ele>1743</ele>
      </rtept>
      <rtept lat="45.9121" lon="6.25904">
        <ele>1742.8</ele>
      </rtept>
      <rtept lat="45.9121" lon="6.25907">
        <ele>1742.4</ele>
      </rtept>
      <rtept lat="45.91209" lon="6.2591">
        <ele>1741.6</ele>
      </rtept>
      <rtept lat="45.91208" lon="6.25912">
        <ele>1741.4</ele>
      </rtept>
      <rtept lat="45.91206" lon="6.25913">
        <ele>1740.6</ele>
      </rtept>
      <rtept lat="45.91204" lon="6.25915">
        <ele>1740</ele>
      </rtept>
      <rtept lat="45.91203" lon="6.25917">
        <ele>1740</ele>
      </rtept>
      <rtept lat="45.91201" lon="6.25918">
        <ele>1739.4</ele>
      </rtept>
      <rtept lat="45.91199" lon="6.2592">
        <ele>1739</ele>
      </rtept>
      <rtept lat="45.91197" lon="6.25923">
        <ele>1738.6</ele>
      </rtept>
      <rtept lat="45.91195" lon="6.25924">
        <ele>1737.8</ele>
      </rtept>
      <rtept lat="45.91193" lon="6.25926">
        <ele>1737.4</ele>
      </rtept>
      <rtept lat="45.91192" lon="6.25929">
        <ele>1736.8</ele>
      </rtept>
      <rtept lat="45.91191" lon="6.25932">
        <ele>1735.8</ele>
      </rtept>
      <rtept lat="45.91191" lon="6.25935">
        <ele>1735.2</ele>
      </rtept>
      <rtept lat="45.9119" lon="6.25938">
        <ele>1734.2</ele>
      </rtept>
      <rtept lat="45.9119" lon="6.2594">
        <ele>1733.8</ele>
      </rtept>
      <rtept lat="45.91189" lon="6.25944">
        <ele>1733.4</ele>
      </rtept>
      <rtept lat="45.91189" lon="6.25947">
        <ele>1733</ele>
      </rtept>
      <rtept lat="45.91188" lon="6.25949">
        <ele>1732.6</ele>
      </rtept>
      <rtept lat="45.91186" lon="6.25951">
        <ele>1732</ele>
      </rtept>
      <rtept lat="45.91184" lon="6.25952">
        <ele>1732</ele>
      </rtept>
      <rtept lat="45.91183" lon="6.25954">
        <ele>1732</ele>
      </rtept>
      <rtept lat="45.9118" lon="6.25956">
        <ele>1731.4</ele>
      </rtept>
      <rtept lat="45.91179" lon="6.25958">
        <ele>1730.2</ele>
      </rtept>
      <rtept lat="45.91177" lon="6.25959">
        <ele>1730.2</ele>
      </rtept>
      <rtept lat="45.91175" lon="6.2596">
        <ele>1730.2</ele>
      </rtept>
      <rtept lat="45.91172" lon="6.25962">
        <ele>1730</ele>
      </rtept>
      <rtept lat="45.91169" lon="6.25963">
        <ele>1730.6</ele>
      </rtept>
      <rtept lat="45.91166" lon="6.25965">
        <ele>1730.4</ele>
      </rtept>
      <rtept lat="45.91165" lon="6.25966">
        <ele>1730.4</ele>
      </rtept>
      <rtept lat="45.91163" lon="6.25968">
        <ele>1730</ele>
      </rtept>
      <rtept lat="45.91161" lon="6.25969">
        <ele>1729.4</ele>
      </rtept>
      <rtept lat="45.91159" lon="6.25972">
        <ele>1728.6</ele>
      </rtept>
      <rtept lat="45.91158" lon="6.25974">
        <ele>1728.4</ele>
      </rtept>
      <rtept lat="45.91156" lon="6.25976">
        <ele>1727.8</ele>
      </rtept>
      <rtept lat="45.91155" lon="6.25979">
        <ele>1727.2</ele>
      </rtept>
      <rtept lat="45.91155" lon="6.25982">
        <ele>1727.2</ele>
      </rtept>
      <rtept lat="45.91153" lon="6.25984">
        <ele>1727.2</ele>
      </rtept>
      <rtept lat="45.91152" lon="6.25986">
        <ele>1726.6</ele>
      </rtept>
      <rtept lat="45.91151" lon="6.25989">
        <ele>1726.4</ele>
      </rtept>
      <rtept lat="45.9115" lon="6.25991">
        <ele>1726.2</ele>
      </rtept>
      <rtept lat="45.91148" lon="6.25993">
        <ele>1726</ele>
      </rtept>
      <rtept lat="45.91147" lon="6.25994">
        <ele>1725.8</ele>
      </rtept>
      <rtept lat="45.91145" lon="6.25996">
        <ele>1725.2</ele>
      </rtept>
      <rtept lat="45.91143" lon="6.25998">
        <ele>1725.2</ele>
      </rtept>
      <rtept lat="45.91142" lon="6.25998">
        <ele>1724.8</ele>
      </rtept>
      <rtept lat="45.91139" lon="6.25999">
        <ele>1725.2</ele>
      </rtept>
      <rtept lat="45.91137" lon="6.25999">
        <ele>1725.4</ele>
      </rtept>
      <rtept lat="45.91135" lon="6.26">
        <ele>1725.4</ele>
      </rtept>
      <rtept lat="45.91133" lon="6.26001">
        <ele>1725.2</ele>
      </rtept>
      <rtept lat="45.91131" lon="6.26002">
        <ele>1725.6</ele>
      </rtept>
      <rtept lat="45.91129" lon="6.26001">
        <ele>1725.8</ele>
      </rtept>
      <rtept lat="45.91127" lon="6.26002">
        <ele>1725.8</ele>
      </rtept>
      <rtept lat="45.91125" lon="6.26002">
        <ele>1725.8</ele>
      </rtept>
      <rtept lat="45.91122" lon="6.26003">
        <ele>1725.4</ele>
      </rtept>
      <rtept lat="45.9112" lon="6.26003">
        <ele>1725.8</ele>
      </rtept>
      <rtept lat="45.91117" lon="6.26003">
        <ele>1726.4</ele>
      </rtept>
      <rtept lat="45.91116" lon="6.26005">
        <ele>1726.2</ele>
      </rtept>
      <rtept lat="45.91114" lon="6.26006">
        <ele>1726</ele>
      </rtept>
      <rtept lat="45.91113" lon="6.26009">
        <ele>1725.8</ele>
      </rtept>
      <rtept lat="45.91113" lon="6.26013">
        <ele>1725</ele>
      </rtept>
      <rtept lat="45.91112" lon="6.26015">
        <ele>1724.4</ele>
      </rtept>
      <rtept lat="45.9111" lon="6.26017">
        <ele>1723.6</ele>
      </rtept>
      <rtept lat="45.91109" lon="6.2602">
        <ele>1722.8</ele>
      </rtept>
      <rtept lat="45.91109" lon="6.26022">
        <ele>1722.6</ele>
      </rtept>
      <rtept lat="45.91108" lon="6.26025">
        <ele>1722.2</ele>
      </rtept>
      <rtept lat="45.91107" lon="6.26028">
        <ele>1721.6</ele>
      </rtept>
      <rtept lat="45.91106" lon="6.26031">
        <ele>1721.2</ele>
      </rtept>
      <rtept lat="45.91105" lon="6.26034">
        <ele>1721.2</ele>
      </rtept>
      <rtept lat="45.91105" lon="6.26037">
        <ele>1720</ele>
      </rtept>
      <rtept lat="45.91103" lon="6.2604">
        <ele>1719.8</ele>
      </rtept>
      <rtept lat="45.91103" lon="6.26042">
        <ele>1719.2</ele>
      </rtept>
      <rtept lat="45.91101" lon="6.26044">
        <ele>1718.4</ele>
      </rtept>
      <rtept lat="45.911" lon="6.26045">
        <ele>1718.2</ele>
      </rtept>
      <rtept lat="45.91099" lon="6.26049">
        <ele>1717.2</ele>
      </rtept>
      <rtept lat="45.91098" lon="6.26052">
        <ele>1716.6</ele>
      </rtept>
      <rtept lat="45.91097" lon="6.26055">
        <ele>1716.2</ele>
      </rtept>
      <rtept lat="45.91096" lon="6.26059">
        <ele>1715.2</ele>
      </rtept>
      <rtept lat="45.91096" lon="6.26062">
        <ele>1714.4</ele>
      </rtept>
      <rtept lat="45.91096" lon="6.26065">
        <ele>1714.2</ele>
      </rtept>
      <rtept lat="45.91095" lon="6.26067">
        <ele>1713.4</ele>
      </rtept>
      <rtept lat="45.91094" lon="6.26069">
        <ele>1713.2</ele>
      </rtept>
      <rtept lat="45.91093" lon="6.26072">
        <ele>1713.2</ele>
      </rtept>
      <rtept lat="45.91092" lon="6.26075">
        <ele>1714.2</ele>
      </rtept>
      <rtept lat="45.91091" lon="6.26079">
        <ele>1714.2</ele>
      </rtept>
      <rtept lat="45.9109" lon="6.26082">
        <ele>1714.6</ele>
      </rtept>
      <rtept lat="45.91089" lon="6.26085">
        <ele>1714.4</ele>
      </rtept>
      <rtept lat="45.91089" lon="6.26089">
        <ele>1714.8</ele>
      </rtept>
      <rtept lat="45.91088" lon="6.26091">
        <ele>1715</ele>
      </rtept>
      <rtept lat="45.91086" lon="6.26094">
        <ele>1715.2</ele>
      </rtept>
      <rtept lat="45.91086" lon="6.26096">
        <ele>1715.4</ele>
      </rtept>
      <rtept lat="45.91084" lon="6.26098">
        <ele>1715</ele>
      </rtept>
      <rtept lat="45.91082" lon="6.261">
        <ele>1714.4</ele>
      </rtept>
      <rtept lat="45.91083" lon="6.26104">
        <ele>1714</ele>
      </rtept>
      <rtept lat="45.91082" lon="6.26107">
        <ele>1713.8</ele>
      </rtept>
      <rtept lat="45.91082" lon="6.2611">
        <ele>1712.6</ele>
      </rtept>
      <rtept lat="45.91084" lon="6.26112">
        <ele>1712.2</ele>
      </rtept>
      <rtept lat="45.91082" lon="6.26114">
        <ele>1711.8</ele>
      </rtept>
      <rtept lat="45.91081" lon="6.26117">
        <ele>1711</ele>
      </rtept>
      <rtept lat="45.91081" lon="6.2612">
        <ele>1710.6</ele>
      </rtept>
      <rtept lat="45.91082" lon="6.26123">
        <ele>1709</ele>
      </rtept>
      <rtept lat="45.9108" lon="6.26125">
        <ele>1706.6</ele>
      </rtept>
      <rtept lat="45.91078" lon="6.26126">
        <ele>1706.2</ele>
      </rtept>
      <rtept lat="45.91076" lon="6.26129">
        <ele>1705.8</ele>
      </rtept>
      <rtept lat="45.91074" lon="6.26132">
        <ele>1705.4</ele>
      </rtept>
      <rtept lat="45.91072" lon="6.26134">
        <ele>1705</ele>
      </rtept>
      <rtept lat="45.9107" lon="6.26132">
        <ele>1704.2</ele>
      </rtept>
      <rtept lat="45.91068" lon="6.26133">
        <ele>1704.2</ele>
      </rtept>
      <rtept lat="45.9107" lon="6.26137">
        <ele>1703</ele>
      </rtept>
      <rtept lat="45.91071" lon="6.26141">
        <ele>1702.2</ele>
      </rtept>
      <rtept lat="45.91071" lon="6.26144">
        <ele>1702.2</ele>
      </rtept>
      <rtept lat="45.91071" lon="6.26147">
        <ele>1701.6</ele>
      </rtept>
      <rtept lat="45.9107" lon="6.2615">
        <ele>1701</ele>
      </rtept>
      <rtept lat="45.9107" lon="6.26154">
        <ele>1700.6</ele>
      </rtept>
      <rtept lat="45.9107" lon="6.26156">
        <ele>1700.4</ele>
      </rtept>
      <rtept lat="45.9107" lon="6.26159">
        <ele>1700.2</ele>
      </rtept>
      <rtept lat="45.91069" lon="6.26162">
        <ele>1699.4</ele>
      </rtept>
      <rtept lat="45.91069" lon="6.26165">
        <ele>1699.2</ele>
      </rtept>
      <rtept lat="45.91069" lon="6.26168">
        <ele>1698.4</ele>
      </rtept>
      <rtept lat="45.91068" lon="6.2617">
        <ele>1698.2</ele>
      </rtept>
      <rtept lat="45.91066" lon="6.26173">
        <ele>1698.2</ele>
      </rtept>
      <rtept lat="45.91064" lon="6.26175">
        <ele>1699</ele>
      </rtept>
      <rtept lat="45.91065" lon="6.26178">
        <ele>1700.2</ele>
      </rtept>
      <rtept lat="45.91065" lon="6.2618">
        <ele>1700.2</ele>
      </rtept>
      <rtept lat="45.91067" lon="6.26183">
        <ele>1699.4</ele>
      </rtept>
      <rtept lat="45.91066" lon="6.26185">
        <ele>1698.8</ele>
      </rtept>
      <rtept lat="45.91064" lon="6.26188">
        <ele>1698.4</ele>
      </rtept>
      <rtept lat="45.91063" lon="6.26192">
        <ele>1701.8</ele>
      </rtept>
      <rtept lat="45.91062" lon="6.26195">
        <ele>1702.2</ele>
      </rtept>
      <rtept lat="45.91061" lon="6.26198">
        <ele>1702.2</ele>
      </rtept>
      <rtept lat="45.91061" lon="6.262">
        <ele>1702.2</ele>
      </rtept>
      <rtept lat="45.91059" lon="6.26204">
        <ele>1701.8</ele>
      </rtept>
      <rtept lat="45.91058" lon="6.26207">
        <ele>1702.6</ele>
      </rtept>
      <rtept lat="45.91057" lon="6.26211">
        <ele>1702.6</ele>
      </rtept>
      <rtept lat="45.91056" lon="6.26214">
        <ele>1702.6</ele>
      </rtept>
      <rtept lat="45.91057" lon="6.26216">
        <ele>1702.2</ele>
      </rtept>
      <rtept lat="45.91057" lon="6.2622">
        <ele>1701.4</ele>
      </rtept>
      <rtept lat="45.91056" lon="6.26222">
        <ele>1701.4</ele>
      </rtept>
      <rtept lat="45.91056" lon="6.26225">
        <ele>1701.6</ele>
      </rtept>
      <rtept lat="45.91056" lon="6.26228">
        <ele>1701.2</ele>
      </rtept>
      <rtept lat="45.91055" lon="6.26231">
        <ele>1700.8</ele>
      </rtept>
      <rtept lat="45.91055" lon="6.26234">
        <ele>1700.8</ele>
      </rtept>
      <rtept lat="45.91054" lon="6.26236">
        <ele>1700.6</ele>
      </rtept>
      <rtept lat="45.91054" lon="6.2624">
        <ele>1700</ele>
      </rtept>
      <rtept lat="45.91053" lon="6.26243">
        <ele>1700</ele>
      </rtept>
      <rtept lat="45.91052" lon="6.26246">
        <ele>1699</ele>
      </rtept>
      <rtept lat="45.91051" lon="6.26249">
        <ele>1698.8</ele>
      </rtept>
      <rtept lat="45.9105" lon="6.26252">
        <ele>1698.4</ele>
      </rtept>
      <rtept lat="45.91049" lon="6.26256">
        <ele>1698</ele>
      </rtept>
      <rtept lat="45.91047" lon="6.26258">
        <ele>1697.8</ele>
      </rtept>
      <rtept lat="45.91045" lon="6.2626">
        <ele>1697.6</ele>
      </rtept>
      <rtept lat="45.91044" lon="6.26261">
        <ele>1697</ele>
      </rtept>
      <rtept lat="45.91042" lon="6.26263">
        <ele>1695.6</ele>
      </rtept>
      <rtept lat="45.9104" lon="6.26262">
        <ele>1695.4</ele>
      </rtept>
      <rtept lat="45.91038" lon="6.26262">
        <ele>1695.6</ele>
      </rtept>
      <rtept lat="45.91036" lon="6.26263">
        <ele>1695</ele>
      </rtept>
      <rtept lat="45.91035" lon="6.26266">
        <ele>1695</ele>
      </rtept>
      <rtept lat="45.91033" lon="6.26267">
        <ele>1695.6</ele>
      </rtept>
      <rtept lat="45.91031" lon="6.26267">
        <ele>1696.8</ele>
      </rtept>
      <rtept lat="45.9103" lon="6.2627">
        <ele>1697</ele>
      </rtept>
      <rtept lat="45.91028" lon="6.26271">
        <ele>1696.8</ele>
      </rtept>
      <rtept lat="45.91026" lon="6.26271">
        <ele>1696</ele>
      </rtept>
      <rtept lat="45.91023" lon="6.26271">
        <ele>1696</ele>
      </rtept>
      <rtept lat="45.9102" lon="6.2627">
        <ele>1696.6</ele>
      </rtept>
      <rtept lat="45.91018" lon="6.26272">
        <ele>1696.6</ele>
      </rtept>
      <rtept lat="45.91017" lon="6.26274">
        <ele>1696.8</ele>
      </rtept>
      <rtept lat="45.91016" lon="6.26278">
        <ele>1696.8</ele>
      </rtept>
      <rtept lat="45.91014" lon="6.2628">
        <ele>1696.6</ele>
      </rtept>
      <rtept lat="45.91013" lon="6.26282">
        <ele>1696.4</ele>
      </rtept>
      <rtept lat="45.91011" lon="6.26285">
        <ele>1696.2</ele>
      </rtept>
      <rtept lat="45.91011" lon="6.26288">
        <ele>1695.4</ele>
      </rtept>
      <rtept lat="45.9101" lon="6.2629">
        <ele>1694.4</ele>
      </rtept>
      <rtept lat="45.91009" lon="6.26293">
        <ele>1693.2</ele>
      </rtept>
      <rtept lat="45.91008" lon="6.26296">
        <ele>1693</ele>
      </rtept>
      <rtept lat="45.91007" lon="6.26298">
        <ele>1691.8</ele>
      </rtept>
      <rtept lat="45.91005" lon="6.263">
        <ele>1691.2</ele>
      </rtept>
      <rtept lat="45.91003" lon="6.26302">
        <ele>1690.8</ele>
      </rtept>
      <rtept lat="45.91001" lon="6.26302">
        <ele>1690.4</ele>
      </rtept>
      <rtept lat="45.91" lon="6.26304">
        <ele>1689.8</ele>
      </rtept>
      <rtept lat="45.91" lon="6.26307">
        <ele>1689.8</ele>
      </rtept>
      <rtept lat="45.91" lon="6.26309">
        <ele>1689.2</ele>
      </rtept>
      <rtept lat="45.90998" lon="6.26312">
        <ele>1687.4</ele>
      </rtept>
      <rtept lat="45.90995" lon="6.26315">
        <ele>1687.4</ele>
      </rtept>
      <rtept lat="45.90994" lon="6.26316">
        <ele>1687.2</ele>
      </rtept>
      <rtept lat="45.90992" lon="6.26319">
        <ele>1687.2</ele>
      </rtept>
      <rtept lat="45.90991" lon="6.2632">
        <ele>1686.8</ele>
      </rtept>
      <rtept lat="45.9099" lon="6.26323">
        <ele>1686</ele>
      </rtept>
      <rtept lat="45.90989" lon="6.26325">
        <ele>1685.8</ele>
      </rtept>
      <rtept lat="45.9099" lon="6.26328">
        <ele>1685.4</ele>
      </rtept>
      <rtept lat="45.90989" lon="6.26331">
        <ele>1684.6</ele>
      </rtept>
      <rtept lat="45.90989" lon="6.26333">
        <ele>1684.8</ele>
      </rtept>
      <rtept lat="45.90986" lon="6.26335">
        <ele>1676.8</ele>
      </rtept>
      <rtept lat="45.90983" lon="6.26338">
        <ele>1676.6</ele>
      </rtept>
      <rtept lat="45.90979" lon="6.2634">
        <ele>1676.4</ele>
      </rtept>
      <rtept lat="45.90975" lon="6.26343">
        <ele>1676.2</ele>
      </rtept>
      <rtept lat="45.90972" lon="6.26345">
        <ele>1676.2</ele>
      </rtept>
      <rtept lat="45.9097" lon="6.26346">
        <ele>1675.8</ele>
      </rtept>
      <rtept lat="45.90968" lon="6.26348">
        <ele>1675.6</ele>
      </rtept>
      <rtept lat="45.90969" lon="6.26351">
        <ele>1675</ele>
      </rtept>
      <rtept lat="45.90968" lon="6.26353">
        <ele>1673.8</ele>
      </rtept>
      <rtept lat="45.90968" lon="6.26356">
        <ele>1673</ele>
      </rtept>
      <rtept lat="45.90967" lon="6.26362">
        <ele>1662.4</ele>
      </rtept>
      <rtept lat="45.90966" lon="6.26367">
        <ele>1662.4</ele>
      </rtept>
      <rtept lat="45.90965" lon="6.26373">
        <ele>1662.2</ele>
      </rtept>
      <rtept lat="45.90964" lon="6.26378">
        <ele>1661.8</ele>
      </rtept>
      <rtept lat="45.90963" lon="6.26383">
        <ele>1661.8</ele>
      </rtept>
      <rtept lat="45.90962" lon="6.26385">
        <ele>1661.6</ele>
      </rtept>
      <rtept lat="45.9096" lon="6.26387">
        <ele>1661.2</ele>
      </rtept>
      <rtept lat="45.90958" lon="6.26388">
        <ele>1661.2</ele>
      </rtept>
      <rtept lat="45.90957" lon="6.2639">
        <ele>1660.8</ele>
      </rtept>
      <rtept lat="45.90957" lon="6.26394">
        <ele>1655.4</ele>
      </rtept>
      <rtept lat="45.90957" lon="6.26399">
        <ele>1655.2</ele>
      </rtept>
      <rtept lat="45.90958" lon="6.26402">
        <ele>1654.8</ele>
      </rtept>
      <rtept lat="45.90958" lon="6.26406">
        <ele>1654.8</ele>
      </rtept>
      <rtept lat="45.90957" lon="6.2641">
        <ele>1648.2</ele>
      </rtept>
      <rtept lat="45.90957" lon="6.26413">
        <ele>1648.2</ele>
      </rtept>
      <rtept lat="45.90957" lon="6.26417">
        <ele>1648.2</ele>
      </rtept>
      <rtept lat="45.90957" lon="6.26423">
        <ele>1647.4</ele>
      </rtept>
      <rtept lat="45.90957" lon="6.26426">
        <ele>1647.4</ele>
      </rtept>
      <rtept lat="45.90955" lon="6.26426">
        <ele>1641.6</ele>
      </rtept>
      <rtept lat="45.90952" lon="6.26425">
        <ele>1641.4</ele>
      </rtept>
      <rtept lat="45.9095" lon="6.26422">
        <ele>1641.4</ele>
      </rtept>
      <rtept lat="45.9095" lon="6.26417">
        <ele>1634.2</ele>
      </rtept>
      <rtept lat="45.90948" lon="6.26413">
        <ele>1633.8</ele>
      </rtept>
      <rtept lat="45.90947" lon="6.26411">
        <ele>1631.2</ele>
      </rtept>
      <rtept lat="45.90943" lon="6.26403">
        <ele>1630.6</ele>
      </rtept>
      <rtept lat="45.90941" lon="6.264">
        <ele>1630.6</ele>
      </rtept>
      <rtept lat="45.9094" lon="6.26397">
        <ele>1630.6</ele>
      </rtept>
      <rtept lat="45.90939" lon="6.26394">
        <ele>1630.4</ele>
      </rtept>
      <rtept lat="45.90938" lon="6.26392">
        <ele>1626</ele>
      </rtept>
      <rtept lat="45.90936" lon="6.26388">
        <ele>1625.8</ele>
      </rtept>
      <rtept lat="45.90935" lon="6.26386">
        <ele>1625.6</ele>
      </rtept>
      <rtept lat="45.90934" lon="6.26382">
        <ele>1612</ele>
      </rtept>
      <rtept lat="45.90931" lon="6.26381">
        <ele>1612</ele>
      </rtept>
      <rtept lat="45.90928" lon="6.2638">
        <ele>1612</ele>
      </rtept>
      <rtept lat="45.90922" lon="6.26378">
        <ele>1611.6</ele>
      </rtept>
      <rtept lat="45.9092" lon="6.26377">
        <ele>1608.8</ele>
      </rtept>
      <rtept lat="45.90918" lon="6.26378">
        <ele>1609</ele>
      </rtept>
      <rtept lat="45.90918" lon="6.2638">
        <ele>1604.8</ele>
      </rtept>
      <rtept lat="45.90918" lon="6.26384">
        <ele>1604.8</ele>
      </rtept>
      <rtept lat="45.90919" lon="6.26387">
        <ele>1604</ele>
      </rtept>
      <rtept lat="45.90917" lon="6.26387">
        <ele>1603.4</ele>
      </rtept>
      <rtept lat="45.90915" lon="6.26387">
        <ele>1602.6</ele>
      </rtept>
      <rtept lat="45.90912" lon="6.26389">
        <ele>1595</ele>
      </rtept>
      <rtept lat="45.90909" lon="6.2639">
        <ele>1595</ele>
      </rtept>
      <rtept lat="45.90907" lon="6.2639">
        <ele>1594.4</ele>
      </rtept>
      <rtept lat="45.90905" lon="6.26391">
        <ele>1594.4</ele>
      </rtept>
      <rtept lat="45.90903" lon="6.26391">
        <ele>1593.8</ele>
      </rtept>
      <rtept lat="45.90902" lon="6.26394">
        <ele>1593</ele>
      </rtept>
      <rtept lat="45.909" lon="6.26394">
        <ele>1592.2</ele>
      </rtept>
      <rtept lat="45.90898" lon="6.26392">
        <ele>1591.2</ele>
      </rtept>
      <rtept lat="45.90896" lon="6.26392">
        <ele>1589</ele>
      </rtept>
      <rtept lat="45.90895" lon="6.26396">
        <ele>1588.6</ele>
      </rtept>
      <rtept lat="45.90895" lon="6.264">
        <ele>1588.2</ele>
      </rtept>
      <rtept lat="45.90896" lon="6.26403">
        <ele>1588</ele>
      </rtept>
      <rtept lat="45.90894" lon="6.264">
        <ele>1588.2</ele>
      </rtept>
      <rtept lat="45.90893" lon="6.264">
        <ele>1588.2</ele>
      </rtept>
      <rtept lat="45.90891" lon="6.26398">
        <ele>1588.2</ele>
      </rtept>
      <rtept lat="45.90889" lon="6.26397">
        <ele>1587.8</ele>
      </rtept>
      <rtept lat="45.90887" lon="6.26397">
        <ele>1587.6</ele>
      </rtept>
      <rtept lat="45.90885" lon="6.26397">
        <ele>1587.2</ele>
      </rtept>
      <rtept lat="45.90884" lon="6.26398">
        <ele>1587</ele>
      </rtept>
      <rtept lat="45.90884" lon="6.26396">
        <ele>1585.6</ele>
      </rtept>
      <rtept lat="45.90884" lon="6.26393">
        <ele>1584.8</ele>
      </rtept>
      <rtept lat="45.90885" lon="6.2639">
        <ele>1584.8</ele>
      </rtept>
      <rtept lat="45.90885" lon="6.26386">
        <ele>1578.8</ele>
      </rtept>
      <rtept lat="45.90883" lon="6.26382">
        <ele>1578.8</ele>
      </rtept>
      <rtept lat="45.90882" lon="6.26379">
        <ele>1578</ele>
      </rtept>
      <rtept lat="45.9088" lon="6.26375">
        <ele>1578</ele>
      </rtept>
      <rtept lat="45.90878" lon="6.26374">
        <ele>1577.6</ele>
      </rtept>
      <rtept lat="45.90876" lon="6.26374">
        <ele>1576.8</ele>
      </rtept>
      <rtept lat="45.90874" lon="6.26374">
        <ele>1576.4</ele>
      </rtept>
      <rtept lat="45.90871" lon="6.26373">
        <ele>1573.2</ele>
      </rtept>
      <rtept lat="45.90868" lon="6.26373">
        <ele>1572.6</ele>
      </rtept>
      <rtept lat="45.90866" lon="6.26372">
        <ele>1571.6</ele>
      </rtept>
      <rtept lat="45.90865" lon="6.2637">
        <ele>1571.4</ele>
      </rtept>
      <rtept lat="45.90863" lon="6.26371">
        <ele>1569.6</ele>
      </rtept>
      <rtept lat="45.90862" lon="6.26373">
        <ele>1569.4</ele>
      </rtept>
      <rtept lat="45.90861" lon="6.26376">
        <ele>1568.2</ele>
      </rtept>
      <rtept lat="45.90858" lon="6.26376">
        <ele>1558</ele>
      </rtept>
      <rtept lat="45.90855" lon="6.26376">
        <ele>1558</ele>
      </rtept>
      <rtept lat="45.90851" lon="6.26376">
        <ele>1557.4</ele>
      </rtept>
      <rtept lat="45.90848" lon="6.26376">
        <ele>1557</ele>
      </rtept>
      <rtept lat="45.90845" lon="6.26376">
        <ele>1557</ele>
      </rtept>
      <rtept lat="45.90843" lon="6.26375">
        <ele>1556.6</ele>
      </rtept>
      <rtept lat="45.90844" lon="6.26372">
        <ele>1556.6</ele>
      </rtept>
      <rtept lat="45.90842" lon="6.26369">
        <ele>1554.6</ele>
      </rtept>
      <rtept lat="45.90841" lon="6.26367">
        <ele>1554.4</ele>
      </rtept>
      <rtept lat="45.9084" lon="6.26365">
        <ele>1554.4</ele>
      </rtept>
      <rtept lat="45.90838" lon="6.26363">
        <ele>1554.2</ele>
      </rtept>
      <rtept lat="45.90836" lon="6.26362">
        <ele>1554</ele>
      </rtept>
      <rtept lat="45.90833" lon="6.26362">
        <ele>1554</ele>
      </rtept>
      <rtept lat="45.9083" lon="6.26361">
        <ele>1553.8</ele>
      </rtept>
      <rtept lat="45.90828" lon="6.2636">
        <ele>1553</ele>
      </rtept>
      <rtept lat="45.90826" lon="6.26361">
        <ele>1552.6</ele>
      </rtept>
      <rtept lat="45.90824" lon="6.26361">
        <ele>1552.4</ele>
      </rtept>
      <rtept lat="45.90821" lon="6.26359">
        <ele>1551.6</ele>
      </rtept>
      <rtept lat="45.9082" lon="6.26358">
        <ele>1551.6</ele>
      </rtept>
      <rtept lat="45.90818" lon="6.26355">
        <ele>1551.6</ele>
      </rtept>
      <rtept lat="45.90817" lon="6.26353">
        <ele>1551.4</ele>
      </rtept>
      <rtept lat="45.90815" lon="6.26351">
        <ele>1551</ele>
      </rtept>
      <rtept lat="45.90814" lon="6.26349">
        <ele>1551</ele>
      </rtept>
      <rtept lat="45.90812" lon="6.26347">
        <ele>1550.8</ele>
      </rtept>
      <rtept lat="45.9081" lon="6.26344">
        <ele>1551.4</ele>
      </rtept>
      <rtept lat="45.90809" lon="6.26341">
        <ele>1551.8</ele>
      </rtept>
      <rtept lat="45.90807" lon="6.2634">
        <ele>1551.8</ele>
      </rtept>
      <rtept lat="45.90806" lon="6.26339">
        <ele>1552.2</ele>
      </rtept>
      <rtept lat="45.90804" lon="6.26337">
        <ele>1552.2</ele>
      </rtept>
      <rtept lat="45.90802" lon="6.26334">
        <ele>1552.8</ele>
      </rtept>
      <rtept lat="45.90802" lon="6.26331">
        <ele>1552.8</ele>
      </rtept>
      <rtept lat="45.90801" lon="6.26328">
        <ele>1553.4</ele>
      </rtept>
      <rtept lat="45.908" lon="6.26326">
        <ele>1553.8</ele>
      </rtept>
      <rtept lat="45.90799" lon="6.26324">
        <ele>1553.8</ele>
      </rtept>
      <rtept lat="45.90797" lon="6.26321">
        <ele>1554.4</ele>
      </rtept>
      <rtept lat="45.90796" lon="6.26319">
        <ele>1554.4</ele>
      </rtept>
      <rtept lat="45.90794" lon="6.26317">
        <ele>1554.4</ele>
      </rtept>
      <rtept lat="45.90793" lon="6.26315">
        <ele>1554.6</ele>
      </rtept>
      <rtept lat="45.90791" lon="6.26313">
        <ele>1554.6</ele>
      </rtept>
      <rtept lat="45.9079" lon="6.26309">
        <ele>1554.6</ele>
      </rtept>
      <rtept lat="45.90789" lon="6.26306">
        <ele>1554.6</ele>
      </rtept>
      <rtept lat="45.90788" lon="6.26303">
        <ele>1554</ele>
      </rtept>
      <rtept lat="45.90787" lon="6.26302">
        <ele>1553.8</ele>
      </rtept>
      <rtept lat="45.90784" lon="6.26301">
        <ele>1553.8</ele>
      </rtept>
      <rtept lat="45.90782" lon="6.26301">
        <ele>1553.8</ele>
      </rtept>
      <rtept lat="45.9078" lon="6.263">
        <ele>1553.4</ele>
      </rtept>
      <rtept lat="45.90779" lon="6.26297">
        <ele>1552.8</ele>
      </rtept>
      <rtept lat="45.90778" lon="6.26294">
        <ele>1551.8</ele>
      </rtept>
      <rtept lat="45.90776" lon="6.26293">
        <ele>1550.4</ele>
      </rtept>
      <rtept lat="45.90773" lon="6.26292">
        <ele>1550</ele>
      </rtept>
      <rtept lat="45.90771" lon="6.26291">
        <ele>1548.6</ele>
      </rtept>
      <rtept lat="45.90768" lon="6.26291">
        <ele>1548.2</ele>
      </rtept>
      <rtept lat="45.90766" lon="6.26294">
        <ele>1547.6</ele>
      </rtept>
      <rtept lat="45.90764" lon="6.26297">
        <ele>1547.6</ele>
      </rtept>
      <rtept lat="45.90766" lon="6.26298">
        <ele>1547.4</ele>
      </rtept>
      <rtept lat="45.90764" lon="6.26299">
        <ele>1547.6</ele>
      </rtept>
      <rtept lat="45.90762" lon="6.26301">
        <ele>1547.2</ele>
      </rtept>
      <rtept lat="45.9076" lon="6.26302">
        <ele>1547.2</ele>
      </rtept>
      <rtept lat="45.90758" lon="6.26302">
        <ele>1545.4</ele>
      </rtept>
      <rtept lat="45.90756" lon="6.26302">
        <ele>1545.2</ele>
      </rtept>
      <rtept lat="45.90754" lon="6.263">
        <ele>1545.2</ele>
      </rtept>
      <rtept lat="45.90752" lon="6.26297">
        <ele>1545.2</ele>
      </rtept>
      <rtept lat="45.90753" lon="6.26294">
        <ele>1545.4</ele>
      </rtept>
      <rtept lat="45.90751" lon="6.26294">
        <ele>1545.4</ele>
      </rtept>
      <rtept lat="45.90748" lon="6.26293">
        <ele>1545</ele>
      </rtept>
      <rtept lat="45.90746" lon="6.26293">
        <ele>1546.4</ele>
      </rtept>
      <rtept lat="45.90746" lon="6.263">
        <ele>1545.2</ele>
      </rtept>
      <rtept lat="45.90743" lon="6.26303">
        <ele>1544.8</ele>
      </rtept>
      <rtept lat="45.90743" lon="6.26304">
        <ele>1544.6</ele>
      </rtept>
      <rtept lat="45.90741" lon="6.26308">
        <ele>1544.6</ele>
      </rtept>
      <rtept lat="45.90741" lon="6.2631">
        <ele>1545.6</ele>
      </rtept>
      <rtept lat="45.90739" lon="6.26313">
        <ele>1545.2</ele>
      </rtept>
      <rtept lat="45.90738" lon="6.26316">
        <ele>1545.2</ele>
      </rtept>
      <rtept lat="45.90736" lon="6.26318">
        <ele>1545.2</ele>
      </rtept>
      <rtept lat="45.90733" lon="6.26322">
        <ele>1545.2</ele>
      </rtept>
      <rtept lat="45.90733" lon="6.26326">
        <ele>1545</ele>
      </rtept>
      <rtept lat="45.90728" lon="6.26336">
        <ele>1544.6</ele>
      </rtept>
      <rtept lat="45.90727" lon="6.26342">
        <ele>1544.4</ele>
      </rtept>
      <rtept lat="45.90732" lon="6.26346">
        <ele>1544.8</ele>
      </rtept>
      <rtept lat="45.90734" lon="6.26348">
        <ele>1544.8</ele>
      </rtept>
      <rtept lat="45.90736" lon="6.26351">
        <ele>1544.8</ele>
      </rtept>
      <rtept lat="45.90736" lon="6.26356">
        <ele>1544.6</ele>
      </rtept>
      <rtept lat="45.90736" lon="6.26351">
        <ele>1544.6</ele>
      </rtept>
      <rtept lat="45.90735" lon="6.26349">
        <ele>1544.8</ele>
      </rtept>
      <rtept lat="45.90736" lon="6.26346">
        <ele>1545.2</ele>
      </rtept>
      <rtept lat="45.90737" lon="6.26342">
        <ele>1545.2</ele>
      </rtept>
      <rtept lat="45.90739" lon="6.26341">
        <ele>1545.2</ele>
      </rtept>
      <rtept lat="45.90741" lon="6.26339">
        <ele>1545.4</ele>
      </rtept>
      <rtept lat="45.90743" lon="6.2633">
        <ele>1544.6</ele>
      </rtept>
      <rtept lat="45.90747" lon="6.26319">
        <ele>1544.6</ele>
      </rtept>
      <rtept lat="45.90748" lon="6.26315">
        <ele>1544.6</ele>
      </rtept>
      <rtept lat="45.90749" lon="6.26313">
        <ele>1544.6</ele>
      </rtept>
      <rtept lat="45.9075" lon="6.26306">
        <ele>1544.6</ele>
      </rtept>
      <rtept lat="45.90751" lon="6.26304">
        <ele>1544.6</ele>
      </rtept>
      <rtept lat="45.90751" lon="6.263">
        <ele>1544.8</ele>
      </rtept>
      <rtept lat="45.9075" lon="6.26296">
        <ele>1545</ele>
      </rtept>
      <rtept lat="45.90749" lon="6.26294">
        <ele>1545</ele>
      </rtept>
      <rtept lat="45.9075" lon="6.26291">
        <ele>1544</ele>
      </rtept>
      <rtept lat="45.9075" lon="6.26288">
        <ele>1544.2</ele>
      </rtept>
      <rtept lat="45.90747" lon="6.26286">
        <ele>1545.2</ele>
      </rtept>
      <rtept lat="45.90742" lon="6.26284">
        <ele>1545.2</ele>
      </rtept>
      <rtept lat="45.90741" lon="6.26282">
        <ele>1545.4</ele>
      </rtept>
      <rtept lat="45.90738" lon="6.2628">
        <ele>1545.2</ele>
      </rtept>
      <rtept lat="45.9074" lon="6.26277">
        <ele>1544.8</ele>
      </rtept>
      <rtept lat="45.90742" lon="6.26275">
        <ele>1544.8</ele>
      </rtept>
      <rtept lat="45.90741" lon="6.26272">
        <ele>1544.6</ele>
      </rtept>
      <rtept lat="45.90743" lon="6.26271">
        <ele>1544.6</ele>
      </rtept>
      <rtept lat="45.90746" lon="6.26268">
        <ele>1544</ele>
      </rtept>
      <rtept lat="45.90745" lon="6.26263">
        <ele>1544</ele>
      </rtept>
      <rtept lat="45.90747" lon="6.26263">
        <ele>1544.6</ele>
      </rtept>
      <rtept lat="45.90749" lon="6.26262">
        <ele>1544.8</ele>
      </rtept>
      <rtept lat="45.90751" lon="6.26262">
        <ele>1544.8</ele>
      </rtept>
      <rtept lat="45.90753" lon="6.2626">
        <ele>1545</ele>
      </rtept>
      <rtept lat="45.90756" lon="6.26258">
        <ele>1544.4</ele>
      </rtept>
      <rtept lat="45.90755" lon="6.26257">
        <ele>1544.6</ele>
      </rtept>
      <rtept lat="45.90758" lon="6.26263">
        <ele>1544.6</ele>
      </rtept>
      <rtept lat="45.90755" lon="6.26259">
        <ele>1545.4</ele>
      </rtept>
      <rtept lat="45.90754" lon="6.26268">
        <ele>1544.8</ele>
      </rtept>
      <rtept lat="45.9076" lon="6.26267">
        <ele>1544.8</ele>
      </rtept>
      <rtept lat="45.90758" lon="6.26265">
        <ele>1544.8</ele>
      </rtept>
      <rtept lat="45.90758" lon="6.26262">
        <ele>1544.4</ele>
      </rtept>
      <rtept lat="45.90759" lon="6.26261">
        <ele>1544.4</ele>
      </rtept>
      <rtept lat="45.90762" lon="6.26261">
        <ele>1544.6</ele>
      </rtept>
      <rtept lat="45.90763" lon="6.2626">
        <ele>1544.6</ele>
      </rtept>
      <rtept lat="45.90765" lon="6.26263">
        <ele>1544.6</ele>
      </rtept>
      <rtept lat="45.90765" lon="6.26267">
        <ele>1544.4</ele>
      </rtept>
      <rtept lat="45.90767" lon="6.26273">
        <ele>1544</ele>
      </rtept>
      <rtept lat="45.90766" lon="6.26275">
        <ele>1543.8</ele>
      </rtept>
      <rtept lat="45.90764" lon="6.26275">
        <ele>1543.4</ele>
      </rtept>
      <rtept lat="45.90766" lon="6.26272">
        <ele>1543.6</ele>
      </rtept>
      <rtept lat="45.90764" lon="6.26273">
        <ele>1543.4</ele>
      </rtept>
      <rtept lat="45.90761" lon="6.26276">
        <ele>1543.2</ele>
      </rtept>
      <rtept lat="45.9076" lon="6.26277">
        <ele>1543.2</ele>
      </rtept>
      <rtept lat="45.90758" lon="6.26279">
        <ele>1543.2</ele>
      </rtept>
      <rtept lat="45.90754" lon="6.26283">
        <ele>1543.2</ele>
      </rtept>
      <rtept lat="45.90752" lon="6.26285">
        <ele>1543.2</ele>
      </rtept>
      <rtept lat="45.90754" lon="6.26288">
        <ele>1543</ele>
      </rtept>
      <rtept lat="45.90755" lon="6.26288">
        <ele>1543.4</ele>
      </rtept>
      <rtept lat="45.90758" lon="6.26286">
        <ele>1543.4</ele>
      </rtept>
      <rtept lat="45.90759" lon="6.26283">
        <ele>1543.4</ele>
      </rtept>
      <rtept lat="45.90761" lon="6.26282">
        <ele>1543.4</ele>
      </rtept>
      <rtept lat="45.90762" lon="6.2628">
        <ele>1543.2</ele>
      </rtept>
      <rtept lat="45.9076" lon="6.26282">
        <ele>1543.6</ele>
      </rtept>
      <rtept lat="45.90759" lon="6.26284">
        <ele>1543.6</ele>
      </rtept>
      <rtept lat="45.90759" lon="6.26287">
        <ele>1543</ele>
      </rtept>
      <rtept lat="45.90757" lon="6.2629">
        <ele>1543</ele>
      </rtept>
      <rtept lat="45.90756" lon="6.26292">
        <ele>1543</ele>
      </rtept>
      <rtept lat="45.90752" lon="6.26291">
        <ele>1544.2</ele>
      </rtept>
      <rtept lat="45.90751" lon="6.26291">
        <ele>1544.2</ele>
      </rtept>
      <rtept lat="45.90749" lon="6.26291">
        <ele>1544.2</ele>
      </rtept>
      <rtept lat="45.90747" lon="6.26293">
        <ele>1544.2</ele>
      </rtept>
      <rtept lat="45.90746" lon="6.26295">
        <ele>1544</ele>
      </rtept>
      <rtept lat="45.90748" lon="6.26294">
        <ele>1543</ele>
      </rtept>
      <rtept lat="45.90745" lon="6.26293">
        <ele>1542.8</ele>
      </rtept>
      <rtept lat="45.90744" lon="6.26292">
        <ele>1543</ele>
      </rtept>
      <rtept lat="45.90742" lon="6.26291">
        <ele>1543</ele>
      </rtept>
      <rtept lat="45.90741" lon="6.26289">
        <ele>1543.4</ele>
      </rtept>
      <rtept lat="45.9074" lon="6.26287">
        <ele>1543.8</ele>
      </rtept>
      <rtept lat="45.90738" lon="6.26284">
        <ele>1544.2</ele>
      </rtept>
      <rtept lat="45.90736" lon="6.26281">
        <ele>1544.8</ele>
      </rtept>
      <rtept lat="45.90735" lon="6.26279">
        <ele>1544.8</ele>
      </rtept>
      <rtept lat="45.90732" lon="6.26275">
        <ele>1545.4</ele>
      </rtept>
      <rtept lat="45.90731" lon="6.26274">
        <ele>1545.8</ele>
      </rtept>
      <rtept lat="45.90731" lon="6.26272">
        <ele>1545.8</ele>
      </rtept>
      <rtept lat="45.90729" lon="6.26271">
        <ele>1546.4</ele>
      </rtept>
      <rtept lat="45.90727" lon="6.26269">
        <ele>1546.8</ele>
      </rtept>
      <rtept lat="45.90725" lon="6.26268">
        <ele>1547.2</ele>
      </rtept>
      <rtept lat="45.90723" lon="6.26267">
        <ele>1547.2</ele>
      </rtept>
      <rtept lat="45.90721" lon="6.26266">
        <ele>1548</ele>
      </rtept>
      <rtept lat="45.90719" lon="6.26265">
        <ele>1548.4</ele>
      </rtept>
      <rtept lat="45.90718" lon="6.26263">
        <ele>1548.8</ele>
      </rtept>
      <rtept lat="45.90716" lon="6.26262">
        <ele>1549.4</ele>
      </rtept>
      <rtept lat="45.90714" lon="6.26259">
        <ele>1549.6</ele>
      </rtept>
      <rtept lat="45.90712" lon="6.26257">
        <ele>1549.6</ele>
      </rtept>
      <rtept lat="45.90711" lon="6.26254">
        <ele>1549.6</ele>
      </rtept>
      <rtept lat="45.90709" lon="6.26255">
        <ele>1549.8</ele>
      </rtept>
      <rtept lat="45.90707" lon="6.26254">
        <ele>1550</ele>
      </rtept>
      <rtept lat="45.90705" lon="6.26252">
        <ele>1550.2</ele>
      </rtept>
      <rtept lat="45.90702" lon="6.26252">
        <ele>1550.4</ele>
      </rtept>
      <rtept lat="45.90699" lon="6.26253">
        <ele>1550.4</ele>
      </rtept>
      <rtept lat="45.90697" lon="6.26251">
        <ele>1550.8</ele>
      </rtept>
      <rtept lat="45.90694" lon="6.26251">
        <ele>1550.2</ele>
      </rtept>
      <rtept lat="45.90692" lon="6.26251">
        <ele>1550.2</ele>
      </rtept>
      <rtept lat="45.90689" lon="6.2625">
        <ele>1550.6</ele>
      </rtept>
      <rtept lat="45.90688" lon="6.26249">
        <ele>1550.6</ele>
      </rtept>
      <rtept lat="45.90685" lon="6.26249">
        <ele>1550.4</ele>
      </rtept>
      <rtept lat="45.90683" lon="6.26248">
        <ele>1550.2</ele>
      </rtept>
      <rtept lat="45.90682" lon="6.26246">
        <ele>1550.2</ele>
      </rtept>
      <rtept lat="45.9068" lon="6.26244">
        <ele>1550</ele>
      </rtept>
      <rtept lat="45.90678" lon="6.26242">
        <ele>1550</ele>
      </rtept>
      <rtept lat="45.90677" lon="6.26241">
        <ele>1550</ele>
      </rtept>
      <rtept lat="45.90675" lon="6.2624">
        <ele>1549.4</ele>
      </rtept>
      <rtept lat="45.90673" lon="6.2624">
        <ele>1549.6</ele>
      </rtept>
      <rtept lat="45.90671" lon="6.2624">
        <ele>1550</ele>
      </rtept>
      <rtept lat="45.90669" lon="6.26238">
        <ele>1550.6</ele>
      </rtept>
      <rtept lat="45.90667" lon="6.26239">
        <ele>1551.6</ele>
      </rtept>
      <rtept lat="45.90666" lon="6.26238">
        <ele>1552.4</ele>
      </rtept>
      <rtept lat="45.90664" lon="6.26237">
        <ele>1553</ele>
      </rtept>
      <rtept lat="45.90662" lon="6.26235">
        <ele>1553</ele>
      </rtept>
      <rtept lat="45.90662" lon="6.26231">
        <ele>1552.6</ele>
      </rtept>
      <rtept lat="45.90662" lon="6.26227">
        <ele>1552.2</ele>
      </rtept>
      <rtept lat="45.90663" lon="6.26225">
        <ele>1552</ele>
      </rtept>
      <rtept lat="45.90664" lon="6.26227">
        <ele>1552.2</ele>
      </rtept>
      <rtept lat="45.90662" lon="6.26229">
        <ele>1548.6</ele>
      </rtept>
      <rtept lat="45.90661" lon="6.26228">
        <ele>1547.8</ele>
      </rtept>
      <rtept lat="45.90662" lon="6.26227">
        <ele>1547.4</ele>
      </rtept>
      <rtept lat="45.90665" lon="6.2623">
        <ele>1548</ele>
      </rtept>
      <rtept lat="45.90667" lon="6.26232">
        <ele>1547.6</ele>
      </rtept>
      <rtept lat="45.9067" lon="6.26233">
        <ele>1547.6</ele>
      </rtept>
      <rtept lat="45.90672" lon="6.26235">
        <ele>1547.4</ele>
      </rtept>
      <rtept lat="45.90674" lon="6.26236">
        <ele>1546.8</ele>
      </rtept>
      <rtept lat="45.90676" lon="6.26236">
        <ele>1546</ele>
      </rtept>
      <rtept lat="45.90678" lon="6.26236">
        <ele>1545.6</ele>
      </rtept>
      <rtept lat="45.90681" lon="6.26237">
        <ele>1545.2</ele>
      </rtept>
      <rtept lat="45.90683" lon="6.26239">
        <ele>1545.2</ele>
      </rtept>
      <rtept lat="45.90684" lon="6.2624">
        <ele>1545.4</ele>
      </rtept>
      <rtept lat="45.90686" lon="6.26243">
        <ele>1545.8</ele>
      </rtept>
      <rtept lat="45.90688" lon="6.26245">
        <ele>1545.8</ele>
      </rtept>
      <rtept lat="45.9069" lon="6.26245">
        <ele>1546</ele>
      </rtept>
      <rtept lat="45.90692" lon="6.26246">
        <ele>1546</ele>
      </rtept>
      <rtept lat="45.90693" lon="6.26248">
        <ele>1545.8</ele>
      </rtept>
      <rtept lat="45.90695" lon="6.26249">
        <ele>1545.8</ele>
      </rtept>
      <rtept lat="45.90697" lon="6.26251">
        <ele>1546</ele>
      </rtept>
      <rtept lat="45.90699" lon="6.2625">
        <ele>1546.8</ele>
      </rtept>
      <rtept lat="45.90701" lon="6.2625">
        <ele>1546.6</ele>
      </rtept>
      <rtept lat="45.90703" lon="6.26249">
        <ele>1546.2</ele>
      </rtept>
      <rtept lat="45.90705" lon="6.2625">
        <ele>1546.2</ele>
      </rtept>
      <rtept lat="45.90707" lon="6.26251">
        <ele>1546</ele>
      </rtept>
      <rtept lat="45.90708" lon="6.26254">
        <ele>1546.2</ele>
      </rtept>
      <rtept lat="45.9071" lon="6.26255">
        <ele>1545.8</ele>
      </rtept>
      <rtept lat="45.90712" lon="6.26257">
        <ele>1546</ele>
      </rtept>
      <rtept lat="45.90714" lon="6.26259">
        <ele>1545.6</ele>
      </rtept>
      <rtept lat="45.90716" lon="6.26262">
        <ele>1545.8</ele>
      </rtept>
      <rtept lat="45.90717" lon="6.26264">
        <ele>1545.4</ele>
      </rtept>
      <rtept lat="45.9072" lon="6.26266">
        <ele>1545.2</ele>
      </rtept>
      <rtept lat="45.90722" lon="6.26267">
        <ele>1544.6</ele>
      </rtept>
      <rtept lat="45.90723" lon="6.26267">
        <ele>1544.6</ele>
      </rtept>
      <rtept lat="45.90725" lon="6.26268">
        <ele>1544.4</ele>
      </rtept>
      <rtept lat="45.90727" lon="6.2627">
        <ele>1543.8</ele>
      </rtept>
      <rtept lat="45.90729" lon="6.26271">
        <ele>1543.8</ele>
      </rtept>
      <rtept lat="45.90731" lon="6.26272">
        <ele>1543.4</ele>
      </rtept>
      <rtept lat="45.90733" lon="6.26274">
        <ele>1542.8</ele>
      </rtept>
      <rtept lat="45.90735" lon="6.26277">
        <ele>1542.4</ele>
      </rtept>
      <rtept lat="45.90736" lon="6.2628">
        <ele>1542.4</ele>
      </rtept>
      <rtept lat="45.90737" lon="6.26282">
        <ele>1542.4</ele>
      </rtept>
      <rtept lat="45.90738" lon="6.26285">
        <ele>1542</ele>
      </rtept>
      <rtept lat="45.90737" lon="6.26289">
        <ele>1541.8</ele>
      </rtept>
      <rtept lat="45.90736" lon="6.26291">
        <ele>1541.4</ele>
      </rtept>
      <rtept lat="45.90736" lon="6.26288">
        <ele>1541.2</ele>
      </rtept>
      <rtept lat="45.90738" lon="6.26287">
        <ele>1540.8</ele>
      </rtept>
      <rtept lat="45.90742" lon="6.26288">
        <ele>1541</ele>
      </rtept>
      <rtept lat="45.90744" lon="6.26289">
        <ele>1541</ele>
      </rtept>
      <rtept lat="45.90746" lon="6.2629">
        <ele>1540.8</ele>
      </rtept>
      <rtept lat="45.90748" lon="6.2629">
        <ele>1541</ele>
      </rtept>
      <rtept lat="45.90747" lon="6.26293">
        <ele>1541</ele>
      </rtept>
      <rtept lat="45.90749" lon="6.26295">
        <ele>1540.2</ele>
      </rtept>
      <rtept lat="45.9075" lon="6.26297">
        <ele>1540.2</ele>
      </rtept>
      <rtept lat="45.90753" lon="6.26298">
        <ele>1540</ele>
      </rtept>
      <rtept lat="45.90754" lon="6.26299">
        <ele>1540</ele>
      </rtept>
      <rtept lat="45.90755" lon="6.26301">
        <ele>1540</ele>
      </rtept>
      <rtept lat="45.90758" lon="6.26302">
        <ele>1540</ele>
      </rtept>
      <rtept lat="45.9076" lon="6.26299">
        <ele>1540.6</ele>
      </rtept>
      <rtept lat="45.90762" lon="6.26297">
        <ele>1541.2</ele>
      </rtept>
      <rtept lat="45.90764" lon="6.26295">
        <ele>1541.4</ele>
      </rtept>
      <rtept lat="45.90766" lon="6.26293">
        <ele>1541.6</ele>
      </rtept>
      <rtept lat="45.90767" lon="6.2629">
        <ele>1541.6</ele>
      </rtept>
      <rtept lat="45.90769" lon="6.26291">
        <ele>1541.6</ele>
      </rtept>
      <rtept lat="45.90771" lon="6.2629">
        <ele>1542</ele>
      </rtept>
      <rtept lat="45.90773" lon="6.26289">
        <ele>1542.6</ele>
      </rtept>
      <rtept lat="45.90775" lon="6.2629">
        <ele>1543</ele>
      </rtept>
      <rtept lat="45.90778" lon="6.2629">
        <ele>1544</ele>
      </rtept>
      <rtept lat="45.9078" lon="6.26292">
        <ele>1544.4</ele>
      </rtept>
      <rtept lat="45.90781" lon="6.26293">
        <ele>1544.4</ele>
      </rtept>
      <rtept lat="45.90781" lon="6.26297">
        <ele>1545.2</ele>
      </rtept>
      <rtept lat="45.90782" lon="6.26299">
        <ele>1546</ele>
      </rtept>
      <rtept lat="45.90784" lon="6.263">
        <ele>1546.8</ele>
      </rtept>
      <rtept lat="45.90786" lon="6.263">
        <ele>1546.8</ele>
      </rtept>
      <rtept lat="45.90789" lon="6.26301">
        <ele>1547.2</ele>
      </rtept>
      <rtept lat="45.9079" lon="6.26303">
        <ele>1547.2</ele>
      </rtept>
      <rtept lat="45.90792" lon="6.26305">
        <ele>1547.2</ele>
      </rtept>
      <rtept lat="45.90794" lon="6.26307">
        <ele>1547.4</ele>
      </rtept>
      <rtept lat="45.90795" lon="6.2631">
        <ele>1547.6</ele>
      </rtept>
      <rtept lat="45.90794" lon="6.26313">
        <ele>1547.4</ele>
      </rtept>
      <rtept lat="45.90796" lon="6.26315">
        <ele>1548</ele>
      </rtept>
      <rtept lat="45.90797" lon="6.26318">
        <ele>1547.8</ele>
      </rtept>
      <rtept lat="45.90798" lon="6.2632">
        <ele>1548</ele>
      </rtept>
      <rtept lat="45.90799" lon="6.26322">
        <ele>1547.8</ele>
      </rtept>
      <rtept lat="45.908" lon="6.26325">
        <ele>1547.6</ele>
      </rtept>
      <rtept lat="45.90801" lon="6.26328">
        <ele>1547.2</ele>
      </rtept>
      <rtept lat="45.90802" lon="6.26331">
        <ele>1547.2</ele>
      </rtept>
      <rtept lat="45.90803" lon="6.26334">
        <ele>1547</ele>
      </rtept>
      <rtept lat="45.90804" lon="6.26336">
        <ele>1546.6</ele>
      </rtept>
      <rtept lat="45.90806" lon="6.26338">
        <ele>1546.6</ele>
      </rtept>
      <rtept lat="45.90807" lon="6.2634">
        <ele>1546.6</ele>
      </rtept>
      <rtept lat="45.9081" lon="6.26342">
        <ele>1545.8</ele>
      </rtept>
      <rtept lat="45.90812" lon="6.26344">
        <ele>1545.8</ele>
      </rtept>
      <rtept lat="45.90813" lon="6.26346">
        <ele>1545.6</ele>
      </rtept>
      <rtept lat="45.90814" lon="6.26349">
        <ele>1545.4</ele>
      </rtept>
      <rtept lat="45.90816" lon="6.26351">
        <ele>1545.4</ele>
      </rtept>
      <rtept lat="45.90818" lon="6.26353">
        <ele>1545</ele>
      </rtept>
      <rtept lat="45.90819" lon="6.26355">
        <ele>1544.6</ele>
      </rtept>
      <rtept lat="45.90821" lon="6.26358">
        <ele>1545</ele>
      </rtept>
      <rtept lat="45.90823" lon="6.26359">
        <ele>1545.4</ele>
      </rtept>
      <rtept lat="45.90825" lon="6.2636">
        <ele>1545.4</ele>
      </rtept>
      <rtept lat="45.90827" lon="6.2636">
        <ele>1545.6</ele>
      </rtept>
      <rtept lat="45.90829" lon="6.2636">
        <ele>1545.8</ele>
      </rtept>
      <rtept lat="45.90831" lon="6.26361">
        <ele>1546.8</ele>
      </rtept>
      <rtept lat="45.90834" lon="6.26362">
        <ele>1547.8</ele>
      </rtept>
      <rtept lat="45.90836" lon="6.26363">
        <ele>1547.8</ele>
      </rtept>
      <rtept lat="45.90839" lon="6.26364">
        <ele>1548</ele>
      </rtept>
      <rtept lat="45.90841" lon="6.26365">
        <ele>1548.6</ele>
      </rtept>
      <rtept lat="45.90842" lon="6.26366">
        <ele>1550</ele>
      </rtept>
      <rtept lat="45.90846" lon="6.26367">
        <ele>1560.4</ele>
      </rtept>
      <rtept lat="45.90849" lon="6.26368">
        <ele>1560.8</ele>
      </rtept>
      <rtept lat="45.90852" lon="6.26369">
        <ele>1560.8</ele>
      </rtept>
      <rtept lat="45.90856" lon="6.2637">
        <ele>1560.8</ele>
      </rtept>
      <rtept lat="45.90858" lon="6.26371">
        <ele>1561.2</ele>
      </rtept>
      <rtept lat="45.90862" lon="6.26371">
        <ele>1565.2</ele>
      </rtept>
      <rtept lat="45.90865" lon="6.2637">
        <ele>1565.2</ele>
      </rtept>
      <rtept lat="45.90867" lon="6.26369">
        <ele>1565.4</ele>
      </rtept>
      <rtept lat="45.9087" lon="6.26369">
        <ele>1565.4</ele>
      </rtept>
      <rtept lat="45.90872" lon="6.26367">
        <ele>1566</ele>
      </rtept>
      <rtept lat="45.90873" lon="6.26366">
        <ele>1566.2</ele>
      </rtept>
      <rtept lat="45.90876" lon="6.26367">
        <ele>1578.2</ele>
      </rtept>
      <rtept lat="45.90879" lon="6.26369">
        <ele>1578</ele>
      </rtept>
      <rtept lat="45.90883" lon="6.2637">
        <ele>1578</ele>
      </rtept>
      <rtept lat="45.90887" lon="6.26371">
        <ele>1579</ele>
      </rtept>
      <rtept lat="45.90889" lon="6.26372">
        <ele>1579</ele>
      </rtept>
      <rtept lat="45.90892" lon="6.26372">
        <ele>1579.2</ele>
      </rtept>
      <rtept lat="45.90894" lon="6.26373">
        <ele>1579.8</ele>
      </rtept>
      <rtept lat="45.90895" lon="6.26376">
        <ele>1581.2</ele>
      </rtept>
      <rtept lat="45.90896" lon="6.26379">
        <ele>1581.4</ele>
      </rtept>
      <rtept lat="45.90897" lon="6.26381">
        <ele>1581.8</ele>
      </rtept>
      <rtept lat="45.90899" lon="6.26383">
        <ele>1583</ele>
      </rtept>
      <rtept lat="45.90899" lon="6.26386">
        <ele>1583.4</ele>
      </rtept>
      <rtept lat="45.90899" lon="6.26389">
        <ele>1583.4</ele>
      </rtept>
      <rtept lat="45.909" lon="6.26391">
        <ele>1583.6</ele>
      </rtept>
      <rtept lat="45.90902" lon="6.26391">
        <ele>1585.8</ele>
      </rtept>
      <rtept lat="45.90903" lon="6.26388">
        <ele>1586.4</ele>
      </rtept>
      <rtept lat="45.90904" lon="6.26386">
        <ele>1587</ele>
      </rtept>
      <rtept lat="45.90906" lon="6.26386">
        <ele>1587.4</ele>
      </rtept>
      <rtept lat="45.90908" lon="6.26386">
        <ele>1588</ele>
      </rtept>
      <rtept lat="45.90909" lon="6.26389">
        <ele>1588.6</ele>
      </rtept>
      <rtept lat="45.90911" lon="6.26389">
        <ele>1590</ele>
      </rtept>
      <rtept lat="45.90913" lon="6.2639">
        <ele>1590.8</ele>
      </rtept>
      <rtept lat="45.90915" lon="6.26387">
        <ele>1606.4</ele>
      </rtept>
      <rtept lat="45.90918" lon="6.26384">
        <ele>1607.4</ele>
      </rtept>
      <rtept lat="45.90924" lon="6.26375">
        <ele>1607.4</ele>
      </rtept>
      <rtept lat="45.90927" lon="6.26372">
        <ele>1607.4</ele>
      </rtept>
      <rtept lat="45.90928" lon="6.2637">
        <ele>1607.2</ele>
      </rtept>
      <rtept lat="45.9093" lon="6.26368">
        <ele>1608</ele>
      </rtept>
      <rtept lat="45.90931" lon="6.26371">
        <ele>1618.4</ele>
      </rtept>
      <rtept lat="45.90935" lon="6.26376">
        <ele>1618.4</ele>
      </rtept>
      <rtept lat="45.90937" lon="6.26378">
        <ele>1618.4</ele>
      </rtept>
      <rtept lat="45.90938" lon="6.2638">
        <ele>1619</ele>
      </rtept>
      <rtept lat="45.90939" lon="6.26383">
        <ele>1619.2</ele>
      </rtept>
      <rtept lat="45.9094" lon="6.26386">
        <ele>1619.2</ele>
      </rtept>
      <rtept lat="45.90941" lon="6.26388">
        <ele>1620.2</ele>
      </rtept>
      <rtept lat="45.90944" lon="6.26392">
        <ele>1623</ele>
      </rtept>
      <rtept lat="45.90944" lon="6.26394">
        <ele>1623</ele>
      </rtept>
      <rtept lat="45.90945" lon="6.26396">
        <ele>1623.4</ele>
      </rtept>
      <rtept lat="45.90945" lon="6.264">
        <ele>1625.6</ele>
      </rtept>
      <rtept lat="45.90947" lon="6.26402">
        <ele>1625.8</ele>
      </rtept>
      <rtept lat="45.90948" lon="6.26403">
        <ele>1626.4</ele>
      </rtept>
      <rtept lat="45.90951" lon="6.26405">
        <ele>1626.8</ele>
      </rtept>
      <rtept lat="45.90951" lon="6.2641">
        <ele>1631.8</ele>
      </rtept>
      <rtept lat="45.90952" lon="6.26415">
        <ele>1631.6</ele>
      </rtept>
      <rtept lat="45.90951" lon="6.26417">
        <ele>1632.2</ele>
      </rtept>
      <rtept lat="45.90949" lon="6.2642">
        <ele>1632</ele>
      </rtept>
      <rtept lat="45.90952" lon="6.2642">
        <ele>1632.4</ele>
      </rtept>
      <rtept lat="45.90954" lon="6.2642">
        <ele>1636</ele>
      </rtept>
      <rtept lat="45.90955" lon="6.26417">
        <ele>1638.6</ele>
      </rtept>
      <rtept lat="45.90956" lon="6.26415">
        <ele>1639.4</ele>
      </rtept>
      <rtept lat="45.90957" lon="6.26412">
        <ele>1639.2</ele>
      </rtept>
      <rtept lat="45.90957" lon="6.2641">
        <ele>1646.8</ele>
      </rtept>
      <rtept lat="45.90957" lon="6.26406">
        <ele>1646.8</ele>
      </rtept>
      <rtept lat="45.90957" lon="6.26402">
        <ele>1647.2</ele>
      </rtept>
      <rtept lat="45.90957" lon="6.26398">
        <ele>1647.2</ele>
      </rtept>
      <rtept lat="45.90957" lon="6.26394">
        <ele>1647.6</ele>
      </rtept>
      <rtept lat="45.90957" lon="6.26391">
        <ele>1650.8</ele>
      </rtept>
      <rtept lat="45.90959" lon="6.26386">
        <ele>1651.8</ele>
      </rtept>
      <rtept lat="45.9096" lon="6.26385">
        <ele>1651.8</ele>
      </rtept>
      <rtept lat="45.90962" lon="6.26383">
        <ele>1651.4</ele>
      </rtept>
      <rtept lat="45.90964" lon="6.26383">
        <ele>1652.2</ele>
      </rtept>
      <rtept lat="45.90965" lon="6.26379">
        <ele>1661.8</ele>
      </rtept>
      <rtept lat="45.90965" lon="6.26374">
        <ele>1662</ele>
      </rtept>
      <rtept lat="45.90966" lon="6.26368">
        <ele>1662.2</ele>
      </rtept>
      <rtept lat="45.90966" lon="6.26362">
        <ele>1662.2</ele>
      </rtept>
      <rtept lat="45.90966" lon="6.26357">
        <ele>1662.6</ele>
      </rtept>
      <rtept lat="45.90966" lon="6.26354">
        <ele>1662.6</ele>
      </rtept>
      <rtept lat="45.90966" lon="6.26351">
        <ele>1662.8</ele>
      </rtept>
      <rtept lat="45.90968" lon="6.26349">
        <ele>1666.4</ele>
      </rtept>
      <rtept lat="45.90969" lon="6.26345">
        <ele>1666.4</ele>
      </rtept>
      <rtept lat="45.90971" lon="6.26342">
        <ele>1666.6</ele>
      </rtept>
      <rtept lat="45.90973" lon="6.26341">
        <ele>1667</ele>
      </rtept>
      <rtept lat="45.90975" lon="6.2634">
        <ele>1669.4</ele>
      </rtept>
      <rtept lat="45.90977" lon="6.26338">
        <ele>1669.4</ele>
      </rtept>
      <rtept lat="45.9098" lon="6.26335">
        <ele>1670</ele>
      </rtept>
      <rtept lat="45.90982" lon="6.26333">
        <ele>1670</ele>
      </rtept>
      <rtept lat="45.90984" lon="6.26332">
        <ele>1671.8</ele>
      </rtept>
      <rtept lat="45.90986" lon="6.26329">
        <ele>1671.8</ele>
      </rtept>
      <rtept lat="45.90988" lon="6.26327">
        <ele>1672</ele>
      </rtept>
      <rtept lat="45.90989" lon="6.26323">
        <ele>1675.6</ele>
      </rtept>
      <rtept lat="45.9099" lon="6.26319">
        <ele>1675.6</ele>
      </rtept>
      <rtept lat="45.90991" lon="6.26317">
        <ele>1676</ele>
      </rtept>
      <rtept lat="45.90993" lon="6.26314">
        <ele>1676.2</ele>
      </rtept>
      <rtept lat="45.90994" lon="6.26312">
        <ele>1676.6</ele>
      </rtept>
      <rtept lat="45.90995" lon="6.2631">
        <ele>1676.8</ele>
      </rtept>
      <rtept lat="45.90996" lon="6.26307">
        <ele>1680.2</ele>
      </rtept>
      <rtept lat="45.90998" lon="6.26303">
        <ele>1679.8</ele>
      </rtept>
      <rtept lat="45.90999" lon="6.263">
        <ele>1680</ele>
      </rtept>
      <rtept lat="45.91001" lon="6.26298">
        <ele>1680.6</ele>
      </rtept>
      <rtept lat="45.91004" lon="6.26296">
        <ele>1681</ele>
      </rtept>
      <rtept lat="45.91006" lon="6.26295">
        <ele>1681</ele>
      </rtept>
      <rtept lat="45.91008" lon="6.26293">
        <ele>1681.2</ele>
      </rtept>
      <rtept lat="45.91009" lon="6.2629">
        <ele>1682</ele>
      </rtept>
      <rtept lat="45.91011" lon="6.26288">
        <ele>1682.6</ele>
      </rtept>
      <rtept lat="45.91011" lon="6.26284">
        <ele>1683</ele>
      </rtept>
      <rtept lat="45.91011" lon="6.26281">
        <ele>1684.2</ele>
      </rtept>
      <rtept lat="45.91013" lon="6.26279">
        <ele>1684.6</ele>
      </rtept>
      <rtept lat="45.91014" lon="6.26277">
        <ele>1685.2</ele>
      </rtept>
      <rtept lat="45.91016" lon="6.26276">
        <ele>1685.6</ele>
      </rtept>
      <rtept lat="45.91017" lon="6.26273">
        <ele>1685.6</ele>
      </rtept>
      <rtept lat="45.91018" lon="6.26271">
        <ele>1686</ele>
      </rtept>
      <rtept lat="45.9102" lon="6.26267">
        <ele>1686.2</ele>
      </rtept>
      <rtept lat="45.91021" lon="6.26267">
        <ele>1686.2</ele>
      </rtept>
      <rtept lat="45.91023" lon="6.26266">
        <ele>1685.8</ele>
      </rtept>
      <rtept lat="45.91025" lon="6.26266">
        <ele>1685.8</ele>
      </rtept>
      <rtept lat="45.91028" lon="6.26265">
        <ele>1686.4</ele>
      </rtept>
      <rtept lat="45.9103" lon="6.26264">
        <ele>1686.4</ele>
      </rtept>
      <rtept lat="45.91032" lon="6.26265">
        <ele>1686.6</ele>
      </rtept>
      <rtept lat="45.91033" lon="6.26262">
        <ele>1686.4</ele>
      </rtept>
      <rtept lat="45.91034" lon="6.26259">
        <ele>1686.2</ele>
      </rtept>
      <rtept lat="45.91034" lon="6.26255">
        <ele>1686.2</ele>
      </rtept>
      <rtept lat="45.91035" lon="6.26258">
        <ele>1685.6</ele>
      </rtept>
      <rtept lat="45.91038" lon="6.26261">
        <ele>1685.8</ele>
      </rtept>
      <rtept lat="45.91039" lon="6.26261">
        <ele>1685.8</ele>
      </rtept>
      <rtept lat="45.91041" lon="6.26262">
        <ele>1686.2</ele>
      </rtept>
      <rtept lat="45.91042" lon="6.26261">
        <ele>1686.4</ele>
      </rtept>
      <rtept lat="45.91044" lon="6.2626">
        <ele>1687.4</ele>
      </rtept>
      <rtept lat="45.91045" lon="6.26257">
        <ele>1687.8</ele>
      </rtept>
      <rtept lat="45.91046" lon="6.26254">
        <ele>1689</ele>
      </rtept>
      <rtept lat="45.91048" lon="6.26251">
        <ele>1688.8</ele>
      </rtept>
      <rtept lat="45.9105" lon="6.26249">
        <ele>1689.2</ele>
      </rtept>
      <rtept lat="45.91052" lon="6.26247">
        <ele>1689.4</ele>
      </rtept>
      <rtept lat="45.91052" lon="6.26244">
        <ele>1689.6</ele>
      </rtept>
      <rtept lat="45.91053" lon="6.26241">
        <ele>1689.6</ele>
      </rtept>
      <rtept lat="45.91054" lon="6.26238">
        <ele>1690.2</ele>
      </rtept>
      <rtept lat="45.91054" lon="6.26235">
        <ele>1690.6</ele>
      </rtept>
      <rtept lat="45.91054" lon="6.26232">
        <ele>1690.6</ele>
      </rtept>
      <rtept lat="45.91054" lon="6.26228">
        <ele>1690.6</ele>
      </rtept>
      <rtept lat="45.91055" lon="6.26224">
        <ele>1691.2</ele>
      </rtept>
      <rtept lat="45.91055" lon="6.26223">
        <ele>1691.8</ele>
      </rtept>
      <rtept lat="45.91055" lon="6.2622">
        <ele>1692.4</ele>
      </rtept>
      <rtept lat="45.91056" lon="6.26217">
        <ele>1692.8</ele>
      </rtept>
      <rtept lat="45.91057" lon="6.26214">
        <ele>1693</ele>
      </rtept>
      <rtept lat="45.91057" lon="6.26212">
        <ele>1693.4</ele>
      </rtept>
      <rtept lat="45.91059" lon="6.26208">
        <ele>1694</ele>
      </rtept>
      <rtept lat="45.91059" lon="6.26206">
        <ele>1694.6</ele>
      </rtept>
      <rtept lat="45.91059" lon="6.26203">
        <ele>1694.8</ele>
      </rtept>
      <rtept lat="45.91061" lon="6.262">
        <ele>1694.6</ele>
      </rtept>
      <rtept lat="45.91062" lon="6.26197">
        <ele>1694.8</ele>
      </rtept>
      <rtept lat="45.91062" lon="6.26194">
        <ele>1694.8</ele>
      </rtept>
      <rtept lat="45.91061" lon="6.2619">
        <ele>1694.6</ele>
      </rtept>
      <rtept lat="45.9106" lon="6.26189">
        <ele>1694.4</ele>
      </rtept>
      <rtept lat="45.91062" lon="6.26187">
        <ele>1693.6</ele>
      </rtept>
      <rtept lat="45.91063" lon="6.26184">
        <ele>1692.8</ele>
      </rtept>
      <rtept lat="45.91064" lon="6.26181">
        <ele>1691.4</ele>
      </rtept>
      <rtept lat="45.91065" lon="6.26179">
        <ele>1691.4</ele>
      </rtept>
      <rtept lat="45.91066" lon="6.26176">
        <ele>1693</ele>
      </rtept>
      <rtept lat="45.91067" lon="6.26174">
        <ele>1692.8</ele>
      </rtept>
      <rtept lat="45.91068" lon="6.26171">
        <ele>1692.8</ele>
      </rtept>
      <rtept lat="45.91069" lon="6.26169">
        <ele>1693</ele>
      </rtept>
      <rtept lat="45.91069" lon="6.26166">
        <ele>1693</ele>
      </rtept>
      <rtept lat="45.9107" lon="6.26157">
        <ele>1693.4</ele>
      </rtept>
      <rtept lat="45.9107" lon="6.26154">
        <ele>1693.4</ele>
      </rtept>
      <rtept lat="45.91071" lon="6.26151">
        <ele>1693.6</ele>
      </rtept>
      <rtept lat="45.91071" lon="6.26147">
        <ele>1693.8</ele>
      </rtept>
      <rtept lat="45.91071" lon="6.26144">
        <ele>1693.8</ele>
      </rtept>
      <rtept lat="45.9107" lon="6.26142">
        <ele>1694.8</ele>
      </rtept>
      <rtept lat="45.9107" lon="6.26139">
        <ele>1695</ele>
      </rtept>
      <rtept lat="45.91072" lon="6.26137">
        <ele>1695.4</ele>
      </rtept>
      <rtept lat="45.91072" lon="6.26134">
        <ele>1695.8</ele>
      </rtept>
      <rtept lat="45.91072" lon="6.26131">
        <ele>1697.2</ele>
      </rtept>
      <rtept lat="45.91072" lon="6.26128">
        <ele>1697.8</ele>
      </rtept>
      <rtept lat="45.91075" lon="6.26126">
        <ele>1699.8</ele>
      </rtept>
      <rtept lat="45.91078" lon="6.26124">
        <ele>1700.2</ele>
      </rtept>
      <rtept lat="45.91079" lon="6.26123">
        <ele>1700.2</ele>
      </rtept>
      <rtept lat="45.9108" lon="6.26121">
        <ele>1700.4</ele>
      </rtept>
      <rtept lat="45.91082" lon="6.2612">
        <ele>1701</ele>
      </rtept>
      <rtept lat="45.91082" lon="6.26116">
        <ele>1704.4</ele>
      </rtept>
      <rtept lat="45.91083" lon="6.26112">
        <ele>1704.8</ele>
      </rtept>
      <rtept lat="45.91083" lon="6.26109">
        <ele>1705.4</ele>
      </rtept>
      <rtept lat="45.91083" lon="6.26106">
        <ele>1705.6</ele>
      </rtept>
      <rtept lat="45.91082" lon="6.26103">
        <ele>1705.8</ele>
      </rtept>
      <rtept lat="45.91083" lon="6.26098">
        <ele>1709.6</ele>
      </rtept>
      <rtept lat="45.91085" lon="6.26095">
        <ele>1710</ele>
      </rtept>
      <rtept lat="45.91086" lon="6.26093">
        <ele>1710</ele>
      </rtept>
      <rtept lat="45.91088" lon="6.26089">
        <ele>1710</ele>
      </rtept>
      <rtept lat="45.9109" lon="6.26085">
        <ele>1710</ele>
      </rtept>
      <rtept lat="45.91091" lon="6.26082">
        <ele>1709.6</ele>
      </rtept>
      <rtept lat="45.91092" lon="6.26079">
        <ele>1709.4</ele>
      </rtept>
      <rtept lat="45.91093" lon="6.26076">
        <ele>1709.4</ele>
      </rtept>
      <rtept lat="45.91094" lon="6.26074">
        <ele>1709.2</ele>
      </rtept>
      <rtept lat="45.91094" lon="6.2607">
        <ele>1708.8</ele>
      </rtept>
      <rtept lat="45.91094" lon="6.26066">
        <ele>1708.6</ele>
      </rtept>
      <rtept lat="45.91095" lon="6.26063">
        <ele>1708.4</ele>
      </rtept>
      <rtept lat="45.91096" lon="6.26059">
        <ele>1708.4</ele>
      </rtept>
      <rtept lat="45.91096" lon="6.26056">
        <ele>1709.2</ele>
      </rtept>
      <rtept lat="45.91096" lon="6.26053">
        <ele>1709.8</ele>
      </rtept>
      <rtept lat="45.91097" lon="6.2605">
        <ele>1710.2</ele>
      </rtept>
      <rtept lat="45.91098" lon="6.26047">
        <ele>1710.4</ele>
      </rtept>
      <rtept lat="45.91099" lon="6.26045">
        <ele>1710.8</ele>
      </rtept>
      <rtept lat="45.91101" lon="6.26042">
        <ele>1711</ele>
      </rtept>
      <rtept lat="45.91103" lon="6.2604">
        <ele>1712.2</ele>
      </rtept>
      <rtept lat="45.91103" lon="6.26036">
        <ele>1712.6</ele>
      </rtept>
      <rtept lat="45.91103" lon="6.26035">
        <ele>1712.6</ele>
      </rtept>
      <rtept lat="45.91104" lon="6.26031">
        <ele>1713.6</ele>
      </rtept>
      <rtept lat="45.91105" lon="6.26029">
        <ele>1713.6</ele>
      </rtept>
      <rtept lat="45.91106" lon="6.26027">
        <ele>1714.2</ele>
      </rtept>
      <rtept lat="45.91107" lon="6.26024">
        <ele>1714.6</ele>
      </rtept>
      <rtept lat="45.91108" lon="6.26022">
        <ele>1715.2</ele>
      </rtept>
      <rtept lat="45.91109" lon="6.2602">
        <ele>1716.6</ele>
      </rtept>
      <rtept lat="45.9111" lon="6.26017">
        <ele>1717</ele>
      </rtept>
      <rtept lat="45.91112" lon="6.26013">
        <ele>1717.2</ele>
      </rtept>
      <rtept lat="45.91113" lon="6.26009">
        <ele>1717.6</ele>
      </rtept>
      <rtept lat="45.91113" lon="6.26006">
        <ele>1718.4</ele>
      </rtept>
      <rtept lat="45.91113" lon="6.26003">
        <ele>1719.4</ele>
      </rtept>
      <rtept lat="45.91114" lon="6.26001">
        <ele>1719.6</ele>
      </rtept>
      <rtept lat="45.91116" lon="6.26">
        <ele>1719.4</ele>
      </rtept>
      <rtept lat="45.91118" lon="6.25999">
        <ele>1719.6</ele>
      </rtept>
      <rtept lat="45.91121" lon="6.25998">
        <ele>1720</ele>
      </rtept>
      <rtept lat="45.91123" lon="6.25998">
        <ele>1720.2</ele>
      </rtept>
      <rtept lat="45.91125" lon="6.26">
        <ele>1720.2</ele>
      </rtept>
      <rtept lat="45.91126" lon="6.25999">
        <ele>1720.4</ele>
      </rtept>
      <rtept lat="45.91128" lon="6.25999">
        <ele>1720.2</ele>
      </rtept>
      <rtept lat="45.9113" lon="6.25998">
        <ele>1720.4</ele>
      </rtept>
      <rtept lat="45.91132" lon="6.25998">
        <ele>1720.8</ele>
      </rtept>
      <rtept lat="45.91134" lon="6.25997">
        <ele>1720.4</ele>
      </rtept>
      <rtept lat="45.91132" lon="6.25998">
        <ele>1720.4</ele>
      </rtept>
      <rtept lat="45.91135" lon="6.25996">
        <ele>1719.8</ele>
      </rtept>
      <rtept lat="45.91137" lon="6.25995">
        <ele>1719.8</ele>
      </rtept>
      <rtept lat="45.9114" lon="6.25994">
        <ele>1719.6</ele>
      </rtept>
      <rtept lat="45.91143" lon="6.25995">
        <ele>1719.8</ele>
      </rtept>
      <rtept lat="45.91145" lon="6.25995">
        <ele>1720</ele>
      </rtept>
      <rtept lat="45.91148" lon="6.25993">
        <ele>1720</ele>
      </rtept>
      <rtept lat="45.91149" lon="6.25991">
        <ele>1719.8</ele>
      </rtept>
      <rtept lat="45.9115" lon="6.25987">
        <ele>1720</ele>
      </rtept>
      <rtept lat="45.91152" lon="6.25985">
        <ele>1720.2</ele>
      </rtept>
      <rtept lat="45.91153" lon="6.25983">
        <ele>1720.6</ele>
      </rtept>
      <rtept lat="45.91154" lon="6.25979">
        <ele>1721</ele>
      </rtept>
      <rtept lat="45.91155" lon="6.25975">
        <ele>1721</ele>
      </rtept>
      <rtept lat="45.91156" lon="6.25973">
        <ele>1721.4</ele>
      </rtept>
      <rtept lat="45.91157" lon="6.2597">
        <ele>1721.8</ele>
      </rtept>
      <rtept lat="45.91158" lon="6.25967">
        <ele>1723</ele>
      </rtept>
      <rtept lat="45.9116" lon="6.25966">
        <ele>1723.6</ele>
      </rtept>
      <rtept lat="45.91162" lon="6.25964">
        <ele>1724</ele>
      </rtept>
      <rtept lat="45.91164" lon="6.25962">
        <ele>1724</ele>
      </rtept>
      <rtept lat="45.91166" lon="6.25962">
        <ele>1724.4</ele>
      </rtept>
      <rtept lat="45.91168" lon="6.25961">
        <ele>1725.4</ele>
      </rtept>
      <rtept lat="45.9117" lon="6.25961">
        <ele>1726.6</ele>
      </rtept>
      <rtept lat="45.91173" lon="6.2596">
        <ele>1726.8</ele>
      </rtept>
      <rtept lat="45.91176" lon="6.25959">
        <ele>1726.8</ele>
      </rtept>
      <rtept lat="45.91178" lon="6.25958">
        <ele>1726.6</ele>
      </rtept>
      <rtept lat="45.9118" lon="6.25955">
        <ele>1726.4</ele>
      </rtept>
      <rtept lat="45.91182" lon="6.25953">
        <ele>1726.8</ele>
      </rtept>
      <rtept lat="45.91183" lon="6.25951">
        <ele>1726.8</ele>
      </rtept>
      <rtept lat="45.91185" lon="6.25948">
        <ele>1727.2</ele>
      </rtept>
      <rtept lat="45.91186" lon="6.25946">
        <ele>1727.6</ele>
      </rtept>
      <rtept lat="45.91188" lon="6.25945">
        <ele>1727.4</ele>
      </rtept>
      <rtept lat="45.91191" lon="6.25944">
        <ele>1727.4</ele>
      </rtept>
      <rtept lat="45.91193" lon="6.25943">
        <ele>1727.6</ele>
      </rtept>
      <rtept lat="45.91195" lon="6.25943">
        <ele>1727.4</ele>
      </rtept>
      <rtept lat="45.91197" lon="6.25945">
        <ele>1727.4</ele>
      </rtept>
      <rtept lat="45.91199" lon="6.25947">
        <ele>1727.2</ele>
      </rtept>
      <rtept lat="45.91201" lon="6.25949">
        <ele>1727.2</ele>
      </rtept>
      <rtept lat="45.91203" lon="6.25951">
        <ele>1727.2</ele>
      </rtept>
      <rtept lat="45.91204" lon="6.25953">
        <ele>1727</ele>
      </rtept>
      <rtept lat="45.91206" lon="6.25954">
        <ele>1727.2</ele>
      </rtept>
      <rtept lat="45.91208" lon="6.25954">
        <ele>1727.4</ele>
      </rtept>
      <rtept lat="45.9121" lon="6.25952">
        <ele>1727.6</ele>
      </rtept>
      <rtept lat="45.91212" lon="6.25952">
        <ele>1727.2</ele>
      </rtept>
      <rtept lat="45.91215" lon="6.25954">
        <ele>1727</ele>
      </rtept>
      <rtept lat="45.91217" lon="6.25953">
        <ele>1727.4</ele>
      </rtept>
      <rtept lat="45.91219" lon="6.25952">
        <ele>1727</ele>
      </rtept>
      <rtept lat="45.91221" lon="6.25952">
        <ele>1727.6</ele>
      </rtept>
      <rtept lat="45.91223" lon="6.2595">
        <ele>1727.4</ele>
      </rtept>
      <rtept lat="45.91225" lon="6.25949">
        <ele>1726.6</ele>
      </rtept>
      <rtept lat="45.91227" lon="6.25949">
        <ele>1727.2</ele>
      </rtept>
      <rtept lat="45.91229" lon="6.25948">
        <ele>1727.4</ele>
      </rtept>
      <rtept lat="45.91232" lon="6.25948">
        <ele>1728</ele>
      </rtept>
      <rtept lat="45.91234" lon="6.2595">
        <ele>1728.4</ele>
      </rtept>
      <rtept lat="45.91236" lon="6.25952">
        <ele>1728.4</ele>
      </rtept>
      <rtept lat="45.91238" lon="6.25954">
        <ele>1729.2</ele>
      </rtept>
      <rtept lat="45.91239" lon="6.25957">
        <ele>1729.8</ele>
      </rtept>
      <rtept lat="45.91239" lon="6.2596">
        <ele>1730</ele>
      </rtept>
      <rtept lat="45.91241" lon="6.25962">
        <ele>1730.2</ele>
      </rtept>
      <rtept lat="45.91243" lon="6.25963">
        <ele>1730.6</ele>
      </rtept>
      <rtept lat="45.91245" lon="6.25964">
        <ele>1731</ele>
      </rtept>
      <rtept lat="45.91247" lon="6.25965">
        <ele>1731.2</ele>
      </rtept>
      <rtept lat="45.91249" lon="6.25967">
        <ele>1731</ele>
      </rtept>
      <rtept lat="45.91251" lon="6.25967">
        <ele>1731.8</ele>
      </rtept>
      <rtept lat="45.91253" lon="6.25968">
        <ele>1732</ele>
      </rtept>
      <rtept lat="45.91256" lon="6.25967">
        <ele>1732</ele>
      </rtept>
      <rtept lat="45.91258" lon="6.25966">
        <ele>1732.4</ele>
      </rtept>
      <rtept lat="45.9126" lon="6.25966">
        <ele>1731.8</ele>
      </rtept>
      <rtept lat="45.91262" lon="6.25966">
        <ele>1732.2</ele>
      </rtept>
      <rtept lat="45.91264" lon="6.25967">
        <ele>1732.2</ele>
      </rtept>
      <rtept lat="45.91266" lon="6.25967">
        <ele>1732.2</ele>
      </rtept>
      <rtept lat="45.91267" lon="6.25968">
        <ele>1732</ele>
      </rtept>
      <rtept lat="45.91268" lon="6.25971">
        <ele>1731.6</ele>
      </rtept>
      <rtept lat="45.91271" lon="6.25972">
        <ele>1730</ele>
      </rtept>
      <rtept lat="45.91275" lon="6.25972">
        <ele>1729.4</ele>
      </rtept>
      <rtept lat="45.91276" lon="6.25972">
        <ele>1729</ele>
      </rtept>
      <rtept lat="45.91278" lon="6.25972">
        <ele>1728.8</ele>
      </rtept>
      <rtept lat="45.9128" lon="6.25972">
        <ele>1728.8</ele>
      </rtept>
      <rtept lat="45.91282" lon="6.25972">
        <ele>1729</ele>
      </rtept>
      <rtept lat="45.91285" lon="6.25973">
        <ele>1731.8</ele>
      </rtept>
      <rtept lat="45.91287" lon="6.25976">
        <ele>1731.8</ele>
      </rtept>
      <rtept lat="45.91287" lon="6.25978">
        <ele>1732</ele>
      </rtept>
      <rtept lat="45.91287" lon="6.25981">
        <ele>1732.6</ele>
      </rtept>
      <rtept lat="45.9129" lon="6.25982">
        <ele>1733</ele>
      </rtept>
      <rtept lat="45.91291" lon="6.25982">
        <ele>1732.6</ele>
      </rtept>
      <rtept lat="45.91293" lon="6.25983">
        <ele>1733.2</ele>
      </rtept>
      <rtept lat="45.91295" lon="6.25983">
        <ele>1732.8</ele>
      </rtept>
      <rtept lat="45.91298" lon="6.25983">
        <ele>1732.6</ele>
      </rtept>
      <rtept lat="45.91299" lon="6.25985">
        <ele>1732.6</ele>
      </rtept>
      <rtept lat="45.91301" lon="6.25987">
        <ele>1732.2</ele>
      </rtept>
      <rtept lat="45.91303" lon="6.25989">
        <ele>1731.8</ele>
      </rtept>
      <rtept lat="45.91305" lon="6.25991">
        <ele>1732</ele>
      </rtept>
      <rtept lat="45.91306" lon="6.25993">
        <ele>1732.2</ele>
      </rtept>
      <rtept lat="45.91307" lon="6.25995">
        <ele>1732.8</ele>
      </rtept>
      <rtept lat="45.91309" lon="6.25998">
        <ele>1734</ele>
      </rtept>
      <rtept lat="45.91311" lon="6.26">
        <ele>1734.2</ele>
      </rtept>
      <rtept lat="45.91313" lon="6.26003">
        <ele>1734.8</ele>
      </rtept>
      <rtept lat="45.91315" lon="6.26002">
        <ele>1735.2</ele>
      </rtept>
      <rtept lat="45.91316" lon="6.26003">
        <ele>1736</ele>
      </rtept>
      <rtept lat="45.91317" lon="6.26007">
        <ele>1736.6</ele>
      </rtept>
      <rtept lat="45.91317" lon="6.2601">
        <ele>1737</ele>
      </rtept>
      <rtept lat="45.91317" lon="6.26012">
        <ele>1737.6</ele>
      </rtept>
      <rtept lat="45.91319" lon="6.26014">
        <ele>1738</ele>
      </rtept>
      <rtept lat="45.91321" lon="6.26016">
        <ele>1738.8</ele>
      </rtept>
      <rtept lat="45.91323" lon="6.26018">
        <ele>1739.6</ele>
      </rtept>
      <rtept lat="45.91325" lon="6.26019">
        <ele>1739.8</ele>
      </rtept>
      <rtept lat="45.91326" lon="6.26021">
        <ele>1740.2</ele>
      </rtept>
      <rtept lat="45.91328" lon="6.26023">
        <ele>1740.6</ele>
      </rtept>
      <rtept lat="45.9133" lon="6.26024">
        <ele>1740.8</ele>
      </rtept>
      <rtept lat="45.91332" lon="6.26027">
        <ele>1740.6</ele>
      </rtept>
      <rtept lat="45.91332" lon="6.2603">
        <ele>1740.2</ele>
      </rtept>
      <rtept lat="45.91334" lon="6.26032">
        <ele>1740.6</ele>
      </rtept>
      <rtept lat="45.91335" lon="6.26035">
        <ele>1741</ele>
      </rtept>
      <rtept lat="45.91336" lon="6.26038">
        <ele>1741.4</ele>
      </rtept>
      <rtept lat="45.91337" lon="6.26041">
        <ele>1741.4</ele>
      </rtept>
      <rtept lat="45.91338" lon="6.26043">
        <ele>1741.6</ele>
      </rtept>
      <rtept lat="45.9134" lon="6.26046">
        <ele>1742.2</ele>
      </rtept>
      <rtept lat="45.91342" lon="6.26047">
        <ele>1742.6</ele>
      </rtept>
      <rtept lat="45.91344" lon="6.26049">
        <ele>1743</ele>
      </rtept>
      <rtept lat="45.91346" lon="6.26051">
        <ele>1743.2</ele>
      </rtept>
      <rtept lat="45.91349" lon="6.26053">
        <ele>1743.8</ele>
      </rtept>
      <rtept lat="45.91351" lon="6.26054">
        <ele>1744.2</ele>
      </rtept>
      <rtept lat="45.91353" lon="6.26054">
        <ele>1744.2</ele>
      </rtept>
      <rtept lat="45.91355" lon="6.26054">
        <ele>1744</ele>
      </rtept>
      <rtept lat="45.91358" lon="6.26054">
        <ele>1744</ele>
      </rtept>
      <rtept lat="45.91359" lon="6.26054">
        <ele>1744.6</ele>
      </rtept>
      <rtept lat="45.91361" lon="6.26054">
        <ele>1745</ele>
      </rtept>
      <rtept lat="45.91363" lon="6.26054">
        <ele>1745.6</ele>
      </rtept>
      <rtept lat="45.91366" lon="6.26055">
        <ele>1745.4</ele>
      </rtept>
      <rtept lat="45.91368" lon="6.26058">
        <ele>1745.6</ele>
      </rtept>
      <rtept lat="45.91369" lon="6.26058">
        <ele>1745.4</ele>
      </rtept>
      <rtept lat="45.91372" lon="6.26058">
        <ele>1745.4</ele>
      </rtept>
      <rtept lat="45.91374" lon="6.26058">
        <ele>1746.2</ele>
      </rtept>
      <rtept lat="45.91376" lon="6.26059">
        <ele>1746.2</ele>
      </rtept>
      <rtept lat="45.91377" lon="6.2606">
        <ele>1745.8</ele>
      </rtept>
      <rtept lat="45.91379" lon="6.26062">
        <ele>1745.8</ele>
      </rtept>
      <rtept lat="45.91381" lon="6.26064">
        <ele>1746.2</ele>
      </rtept>
      <rtept lat="45.91383" lon="6.26065">
        <ele>1745.6</ele>
      </rtept>
      <rtept lat="45.91385" lon="6.26067">
        <ele>1745</ele>
      </rtept>
      <rtept lat="45.91386" lon="6.26068">
        <ele>1745</ele>
      </rtept>
      <rtept lat="45.91388" lon="6.2607">
        <ele>1744.8</ele>
      </rtept>
      <rtept lat="45.91389" lon="6.26074">
        <ele>1745</ele>
      </rtept>
      <rtept lat="45.9139" lon="6.26078">
        <ele>1745.2</ele>
      </rtept>
      <rtept lat="45.91391" lon="6.26079">
        <ele>1745.2</ele>
      </rtept>
      <rtept lat="45.91392" lon="6.26081">
        <ele>1745.8</ele>
      </rtept>
      <rtept lat="45.91393" lon="6.26084">
        <ele>1746.8</ele>
      </rtept>
      <rtept lat="45.91394" lon="6.26086">
        <ele>1746.8</ele>
      </rtept>
      <rtept lat="45.91393" lon="6.2609">
        <ele>1746.6</ele>
      </rtept>
      <rtept lat="45.91392" lon="6.26092">
        <ele>1746</ele>
      </rtept>
      <rtept lat="45.91393" lon="6.26096">
        <ele>1745.6</ele>
      </rtept>
      <rtept lat="45.91393" lon="6.26099">
        <ele>1746</ele>
      </rtept>
      <rtept lat="45.91391" lon="6.26101">
        <ele>1745.2</ele>
      </rtept>
      <rtept lat="45.91393" lon="6.26102">
        <ele>1744.6</ele>
      </rtept>
      <rtept lat="45.91394" lon="6.26105">
        <ele>1744.2</ele>
      </rtept>
      <rtept lat="45.91395" lon="6.26108">
        <ele>1743.6</ele>
      </rtept>
      <rtept lat="45.91397" lon="6.26111">
        <ele>1743.4</ele>
      </rtept>
      <rtept lat="45.91397" lon="6.26113">
        <ele>1742.4</ele>
      </rtept>
      <rtept lat="45.91399" lon="6.26116">
        <ele>1741.4</ele>
      </rtept>
      <rtept lat="45.91402" lon="6.26118">
        <ele>1741.2</ele>
      </rtept>
      <rtept lat="45.91403" lon="6.26121">
        <ele>1741</ele>
      </rtept>
      <rtept lat="45.91405" lon="6.26125">
        <ele>1740.2</ele>
      </rtept>
      <rtept lat="45.91405" lon="6.26126">
        <ele>1740</ele>
      </rtept>
      <rtept lat="45.91406" lon="6.26129">
        <ele>1739.6</ele>
      </rtept>
      <rtept lat="45.91407" lon="6.26131">
        <ele>1739.2</ele>
      </rtept>
      <rtept lat="45.91408" lon="6.26134">
        <ele>1738</ele>
      </rtept>
      <rtept lat="45.91408" lon="6.26136">
        <ele>1738</ele>
      </rtept>
      <rtept lat="45.91409" lon="6.26139">
        <ele>1737</ele>
      </rtept>
      <rtept lat="45.91409" lon="6.26142">
        <ele>1736.8</ele>
      </rtept>
      <rtept lat="45.9141" lon="6.26147">
        <ele>1736.2</ele>
      </rtept>
      <rtept lat="45.9141" lon="6.26149">
        <ele>1736.2</ele>
      </rtept>
      <rtept lat="45.9141" lon="6.26152">
        <ele>1736.4</ele>
      </rtept>
      <rtept lat="45.9141" lon="6.26155">
        <ele>1736.4</ele>
      </rtept>
      <rtept lat="45.9141" lon="6.26159">
        <ele>1736</ele>
      </rtept>
      <rtept lat="45.9141" lon="6.26162">
        <ele>1736.4</ele>
      </rtept>
      <rtept lat="45.91411" lon="6.26166">
        <ele>1736.4</ele>
      </rtept>
      <rtept lat="45.91413" lon="6.2617">
        <ele>1736.6</ele>
      </rtept>
      <rtept lat="45.91414" lon="6.26171">
        <ele>1736</ele>
      </rtept>
      <rtept lat="45.91417" lon="6.26173">
        <ele>1736.2</ele>
      </rtept>
      <rtept lat="45.91418" lon="6.26173">
        <ele>1736.2</ele>
      </rtept>
      <rtept lat="45.9142" lon="6.26175">
        <ele>1735.6</ele>
      </rtept>
      <rtept lat="45.91422" lon="6.26175">
        <ele>1735.4</ele>
      </rtept>
      <rtept lat="45.91424" lon="6.26179">
        <ele>1735</ele>
      </rtept>
      <rtept lat="45.91424" lon="6.26184">
        <ele>1735</ele>
      </rtept>
      <rtept lat="45.91423" lon="6.26186">
        <ele>1735</ele>
      </rtept>
      <rtept lat="45.91423" lon="6.26189">
        <ele>1734.6</ele>
      </rtept>
      <rtept lat="45.91423" lon="6.26193">
        <ele>1735</ele>
      </rtept>
      <rtept lat="45.91423" lon="6.26195">
        <ele>1735</ele>
      </rtept>
      <rtept lat="45.91423" lon="6.262">
        <ele>1735.2</ele>
      </rtept>
      <rtept lat="45.91423" lon="6.26201">
        <ele>1735.4</ele>
      </rtept>
      <rtept lat="45.91422" lon="6.26204">
        <ele>1735.2</ele>
      </rtept>
      <rtept lat="45.91422" lon="6.26207">
        <ele>1735.4</ele>
      </rtept>
      <rtept lat="45.91422" lon="6.26211">
        <ele>1735.4</ele>
      </rtept>
      <rtept lat="45.91421" lon="6.26214">
        <ele>1735</ele>
      </rtept>
      <rtept lat="45.9142" lon="6.26219">
        <ele>1735</ele>
      </rtept>
      <rtept lat="45.91419" lon="6.26221">
        <ele>1735.2</ele>
      </rtept>
      <rtept lat="45.91419" lon="6.26223">
        <ele>1735.2</ele>
      </rtept>
      <rtept lat="45.91418" lon="6.26227">
        <ele>1735.2</ele>
      </rtept>
      <rtept lat="45.91417" lon="6.26231">
        <ele>1734.6</ele>
      </rtept>
      <rtept lat="45.91416" lon="6.26233">
        <ele>1734.6</ele>
      </rtept>
      <rtept lat="45.91416" lon="6.26235">
        <ele>1734.8</ele>
      </rtept>
      <rtept lat="45.91416" lon="6.26239">
        <ele>1734.8</ele>
      </rtept>
      <rtept lat="45.91416" lon="6.26242">
        <ele>1734.8</ele>
      </rtept>
      <rtept lat="45.91415" lon="6.26245">
        <ele>1735</ele>
      </rtept>
      <rtept lat="45.91414" lon="6.26247">
        <ele>1735</ele>
      </rtept>
      <rtept lat="45.91413" lon="6.26251">
        <ele>1735</ele>
      </rtept>
      <rtept lat="45.91412" lon="6.26253">
        <ele>1735.2</ele>
      </rtept>
      <rtept lat="45.91412" lon="6.26256">
        <ele>1734.8</ele>
      </rtept>
      <rtept lat="45.91412" lon="6.26261">
        <ele>1735.2</ele>
      </rtept>
      <rtept lat="45.91412" lon="6.26262">
        <ele>1735.4</ele>
      </rtept>
      <rtept lat="45.91411" lon="6.26265">
        <ele>1735.6</ele>
      </rtept>
      <rtept lat="45.91409" lon="6.2627">
        <ele>1735.4</ele>
      </rtept>
      <rtept lat="45.91408" lon="6.26271">
        <ele>1735.2</ele>
      </rtept>
      <rtept lat="45.91407" lon="6.26274">
        <ele>1735.8</ele>
      </rtept>
      <rtept lat="45.91406" lon="6.26277">
        <ele>1735.2</ele>
      </rtept>
      <rtept lat="45.91405" lon="6.26279">
        <ele>1735.6</ele>
      </rtept>
      <rtept lat="45.91404" lon="6.26283">
        <ele>1735.4</ele>
      </rtept>
      <rtept lat="45.91403" lon="6.26284">
        <ele>1735.4</ele>
      </rtept>
      <rtept lat="45.91402" lon="6.26287">
        <ele>1735.6</ele>
      </rtept>
      <rtept lat="45.91403" lon="6.26291">
        <ele>1735.6</ele>
      </rtept>
      <rtept lat="45.91403" lon="6.26295">
        <ele>1735.8</ele>
      </rtept>
      <rtept lat="45.91403" lon="6.26297">
        <ele>1735.8</ele>
      </rtept>
      <rtept lat="45.91403" lon="6.26301">
        <ele>1736</ele>
      </rtept>
      <rtept lat="45.91402" lon="6.26305">
        <ele>1736.6</ele>
      </rtept>
      <rtept lat="45.91402" lon="6.26306">
        <ele>1736.6</ele>
      </rtept>
      <rtept lat="45.91402" lon="6.26309">
        <ele>1736.6</ele>
      </rtept>
      <rtept lat="45.91402" lon="6.26314">
        <ele>1737</ele>
      </rtept>
      <rtept lat="45.91402" lon="6.26315">
        <ele>1737</ele>
      </rtept>
      <rtept lat="45.91403" lon="6.26317">
        <ele>1737.2</ele>
      </rtept>
      <rtept lat="45.91404" lon="6.2632">
        <ele>1736.6</ele>
      </rtept>
      <rtept lat="45.91405" lon="6.26322">
        <ele>1736.8</ele>
      </rtept>
      <rtept lat="45.91407" lon="6.26325">
        <ele>1737</ele>
      </rtept>
      <rtept lat="45.91408" lon="6.26327">
        <ele>1736.6</ele>
      </rtept>
      <rtept lat="45.9141" lon="6.26329">
        <ele>1736.8</ele>
      </rtept>
      <rtept lat="45.91413" lon="6.26331">
        <ele>1737.2</ele>
      </rtept>
      <rtept lat="45.91414" lon="6.26333">
        <ele>1737.2</ele>
      </rtept>
      <rtept lat="45.91417" lon="6.26335">
        <ele>1737.2</ele>
      </rtept>
      <rtept lat="45.91417" lon="6.26336">
        <ele>1737.2</ele>
      </rtept>
      <rtept lat="45.9142" lon="6.26338">
        <ele>1738</ele>
      </rtept>
      <rtept lat="45.91421" lon="6.2634">
        <ele>1737.8</ele>
      </rtept>
      <rtept lat="45.91422" lon="6.26343">
        <ele>1738.2</ele>
      </rtept>
      <rtept lat="45.91425" lon="6.26346">
        <ele>1738.4</ele>
      </rtept>
      <rtept lat="45.91426" lon="6.26347">
        <ele>1738.4</ele>
      </rtept>
      <rtept lat="45.91428" lon="6.26349">
        <ele>1738.4</ele>
      </rtept>
      <rtept lat="45.9143" lon="6.26351">
        <ele>1738.2</ele>
      </rtept>
      <rtept lat="45.91432" lon="6.26353">
        <ele>1738</ele>
      </rtept>
      <rtept lat="45.91433" lon="6.26354">
        <ele>1738.6</ele>
      </rtept>
      <rtept lat="45.91434" lon="6.26356">
        <ele>1738.6</ele>
      </rtept>
      <rtept lat="45.91436" lon="6.26359">
        <ele>1738.2</ele>
      </rtept>
      <rtept lat="45.91437" lon="6.26361">
        <ele>1738.6</ele>
      </rtept>
      <rtept lat="45.91439" lon="6.26363">
        <ele>1738.8</ele>
      </rtept>
      <rtept lat="45.9144" lon="6.26365">
        <ele>1738.8</ele>
      </rtept>
      <rtept lat="45.91441" lon="6.26369">
        <ele>1739</ele>
      </rtept>
      <rtept lat="45.91442" lon="6.2637">
        <ele>1739.4</ele>
      </rtept>
      <rtept lat="45.91442" lon="6.26373">
        <ele>1739.4</ele>
      </rtept>
      <rtept lat="45.91442" lon="6.26378">
        <ele>1739.2</ele>
      </rtept>
      <rtept lat="45.91443" lon="6.2638">
        <ele>1738.8</ele>
      </rtept>
      <rtept lat="45.91443" lon="6.26383">
        <ele>1738.8</ele>
      </rtept>
      <rtept lat="45.91444" lon="6.26386">
        <ele>1739</ele>
      </rtept>
      <rtept lat="45.91445" lon="6.26389">
        <ele>1739</ele>
      </rtept>
      <rtept lat="45.91445" lon="6.26393">
        <ele>1738.6</ele>
      </rtept>
      <rtept lat="45.91446" lon="6.26395">
        <ele>1738.4</ele>
      </rtept>
      <rtept lat="45.91446" lon="6.26398">
        <ele>1738</ele>
      </rtept>
      <rtept lat="45.91447" lon="6.26401">
        <ele>1736.8</ele>
      </rtept>
      <rtept lat="45.9145" lon="6.26405">
        <ele>1736.6</ele>
      </rtept>
      <rtept lat="45.91451" lon="6.26407">
        <ele>1736.4</ele>
      </rtept>
      <rtept lat="45.91452" lon="6.26413">
        <ele>1736.6</ele>
      </rtept>
      <rtept lat="45.91453" lon="6.26414">
        <ele>1736.8</ele>
      </rtept>
      <rtept lat="45.91454" lon="6.26416">
        <ele>1736.6</ele>
      </rtept>
      <rtept lat="45.91455" lon="6.26419">
        <ele>1736.4</ele>
      </rtept>
      <rtept lat="45.91457" lon="6.26423">
        <ele>1735.8</ele>
      </rtept>
      <rtept lat="45.91458" lon="6.26424">
        <ele>1736</ele>
      </rtept>
      <rtept lat="45.91459" lon="6.26427">
        <ele>1735.8</ele>
      </rtept>
      <rtept lat="45.91461" lon="6.26429">
        <ele>1736</ele>
      </rtept>
      <rtept lat="45.91464" lon="6.26432">
        <ele>1735.8</ele>
      </rtept>
      <rtept lat="45.91465" lon="6.26432">
        <ele>1735.2</ele>
      </rtept>
      <rtept lat="45.91467" lon="6.26432">
        <ele>1735</ele>
      </rtept>
      <rtept lat="45.91469" lon="6.26432">
        <ele>1735</ele>
      </rtept>
      <rtept lat="45.91471" lon="6.26432">
        <ele>1735.4</ele>
      </rtept>
      <rtept lat="45.91474" lon="6.26432">
        <ele>1735.6</ele>
      </rtept>
      <rtept lat="45.91476" lon="6.26435">
        <ele>1735.4</ele>
      </rtept>
      <rtept lat="45.91477" lon="6.26437">
        <ele>1735.4</ele>
      </rtept>
      <rtept lat="45.91477" lon="6.2644">
        <ele>1735.2</ele>
      </rtept>
      <rtept lat="45.91479" lon="6.26444">
        <ele>1735.2</ele>
      </rtept>
      <rtept lat="45.91481" lon="6.26445">
        <ele>1735.2</ele>
      </rtept>
      <rtept lat="45.91483" lon="6.26447">
        <ele>1734.8</ele>
      </rtept>
      <rtept lat="45.91484" lon="6.26449">
        <ele>1734.8</ele>
      </rtept>
      <rtept lat="45.91486" lon="6.26451">
        <ele>1735.4</ele>
      </rtept>
      <rtept lat="45.91488" lon="6.26452">
        <ele>1735.6</ele>
      </rtept>
      <rtept lat="45.91491" lon="6.26453">
        <ele>1735</ele>
      </rtept>
      <rtept lat="45.91492" lon="6.26452">
        <ele>1734.8</ele>
      </rtept>
      <rtept lat="45.91495" lon="6.26451">
        <ele>1735</ele>
      </rtept>
      <rtept lat="45.91496" lon="6.2645">
        <ele>1734.4</ele>
      </rtept>
      <rtept lat="45.91498" lon="6.26448">
        <ele>1734.4</ele>
      </rtept>
      <rtept lat="45.915" lon="6.26446">
        <ele>1734.4</ele>
      </rtept>
      <rtept lat="45.91503" lon="6.26445">
        <ele>1734.4</ele>
      </rtept>
      <rtept lat="45.91506" lon="6.26448">
        <ele>1734</ele>
      </rtept>
      <rtept lat="45.91506" lon="6.26449">
        <ele>1734</ele>
      </rtept>
      <rtept lat="45.91506" lon="6.26452">
        <ele>1734.2</ele>
      </rtept>
      <rtept lat="45.91509" lon="6.26456">
        <ele>1735</ele>
      </rtept>
      <rtept lat="45.91511" lon="6.26459">
        <ele>1735.2</ele>
      </rtept>
      <rtept lat="45.91512" lon="6.2646">
        <ele>1735.2</ele>
      </rtept>
      <rtept lat="45.91514" lon="6.26462">
        <ele>1734.8</ele>
      </rtept>
      <rtept lat="45.91516" lon="6.26465">
        <ele>1734.8</ele>
      </rtept>
      <rtept lat="45.91518" lon="6.26467">
        <ele>1734.6</ele>
      </rtept>
      <rtept lat="45.91519" lon="6.26468">
        <ele>1734.6</ele>
      </rtept>
      <rtept lat="45.91522" lon="6.26472">
        <ele>1734.2</ele>
      </rtept>
      <rtept lat="45.91522" lon="6.26473">
        <ele>1734</ele>
      </rtept>
      <rtept lat="45.91524" lon="6.26475">
        <ele>1733.8</ele>
      </rtept>
      <rtept lat="45.91525" lon="6.26477">
        <ele>1733.8</ele>
      </rtept>
      <rtept lat="45.91526" lon="6.26479">
        <ele>1734</ele>
      </rtept>
      <rtept lat="45.91528" lon="6.26481">
        <ele>1733.6</ele>
      </rtept>
      <rtept lat="45.9153" lon="6.26486">
        <ele>1733.2</ele>
      </rtept>
      <rtept lat="45.91532" lon="6.26488">
        <ele>1733.2</ele>
      </rtept>
      <rtept lat="45.91534" lon="6.2649">
        <ele>1733.2</ele>
      </rtept>
      <rtept lat="45.91535" lon="6.26492">
        <ele>1733</ele>
      </rtept>
      <rtept lat="45.91537" lon="6.26494">
        <ele>1733</ele>
      </rtept>
      <rtept lat="45.91538" lon="6.26496">
        <ele>1733</ele>
      </rtept>
      <rtept lat="45.91541" lon="6.26497">
        <ele>1733</ele>
      </rtept>
      <rtept lat="45.91543" lon="6.26498">
        <ele>1733</ele>
      </rtept>
      <rtept lat="45.91545" lon="6.26499">
        <ele>1733</ele>
      </rtept>
      <rtept lat="45.91547" lon="6.26501">
        <ele>1733.2</ele>
      </rtept>
      <rtept lat="45.91549" lon="6.26503">
        <ele>1733.2</ele>
      </rtept>
      <rtept lat="45.9155" lon="6.26505">
        <ele>1733</ele>
      </rtept>
      <rtept lat="45.91552" lon="6.26508">
        <ele>1733</ele>
      </rtept>
      <rtept lat="45.91553" lon="6.26509">
        <ele>1733.2</ele>
      </rtept>
      <rtept lat="45.91554" lon="6.26512">
        <ele>1733.2</ele>
      </rtept>
      <rtept lat="45.91555" lon="6.26515">
        <ele>1733.2</ele>
      </rtept>
      <rtept lat="45.91555" lon="6.26518">
        <ele>1733.2</ele>
      </rtept>
      <rtept lat="45.91557" lon="6.26522">
        <ele>1733</ele>
      </rtept>
      <rtept lat="45.91557" lon="6.26525">
        <ele>1733</ele>
      </rtept>
      <rtept lat="45.91558" lon="6.26528">
        <ele>1733.4</ele>
      </rtept>
      <rtept lat="45.9156" lon="6.26531">
        <ele>1733.4</ele>
      </rtept>
      <rtept lat="45.91561" lon="6.26532">
        <ele>1733.4</ele>
      </rtept>
      <rtept lat="45.91562" lon="6.26535">
        <ele>1733.6</ele>
      </rtept>
      <rtept lat="45.91564" lon="6.26536">
        <ele>1733.4</ele>
      </rtept>
      <rtept lat="45.91565" lon="6.26539">
        <ele>1733.4</ele>
      </rtept>
      <rtept lat="45.91566" lon="6.26541">
        <ele>1733</ele>
      </rtept>
      <rtept lat="45.91569" lon="6.26543">
        <ele>1733</ele>
      </rtept>
      <rtept lat="45.9157" lon="6.26544">
        <ele>1733</ele>
      </rtept>
      <rtept lat="45.91572" lon="6.26545">
        <ele>1732.8</ele>
      </rtept>
      <rtept lat="45.91574" lon="6.26546">
        <ele>1732.4</ele>
      </rtept>
      <rtept lat="45.91576" lon="6.26547">
        <ele>1732.4</ele>
      </rtept>
      <rtept lat="45.91578" lon="6.26547">
        <ele>1732.4</ele>
      </rtept>
      <rtept lat="45.9158" lon="6.26547">
        <ele>1732.2</ele>
      </rtept>
      <rtept lat="45.91582" lon="6.26547">
        <ele>1732</ele>
      </rtept>
      <rtept lat="45.91584" lon="6.26548">
        <ele>1732.2</ele>
      </rtept>
      <rtept lat="45.91586" lon="6.26549">
        <ele>1732.2</ele>
      </rtept>
      <rtept lat="45.91589" lon="6.26551">
        <ele>1732</ele>
      </rtept>
      <rtept lat="45.9159" lon="6.26551">
        <ele>1732</ele>
      </rtept>
      <rtept lat="45.91592" lon="6.26553">
        <ele>1732.2</ele>
      </rtept>
      <rtept lat="45.91594" lon="6.26554">
        <ele>1732.2</ele>
      </rtept>
      <rtept lat="45.91595" lon="6.26556">
        <ele>1732.2</ele>
      </rtept>
      <rtept lat="45.91597" lon="6.26558">
        <ele>1732.2</ele>
      </rtept>
      <rtept lat="45.916" lon="6.26559">
        <ele>1732.2</ele>
      </rtept>
      <rtept lat="45.91602" lon="6.2656">
        <ele>1732.2</ele>
      </rtept>
      <rtept lat="45.91604" lon="6.26561">
        <ele>1732.2</ele>
      </rtept>
      <rtept lat="45.91606" lon="6.26563">
        <ele>1732.4</ele>
      </rtept>
      <rtept lat="45.91607" lon="6.26566">
        <ele>1733.2</ele>
      </rtept>
      <rtept lat="45.91608" lon="6.26569">
        <ele>1733</ele>
      </rtept>
      <rtept lat="45.9161" lon="6.26572">
        <ele>1732.8</ele>
      </rtept>
      <rtept lat="45.91612" lon="6.26574">
        <ele>1732.8</ele>
      </rtept>
      <rtept lat="45.91615" lon="6.26576">
        <ele>1732.6</ele>
      </rtept>
      <rtept lat="45.91616" lon="6.26576">
        <ele>1732.8</ele>
      </rtept>
      <rtept lat="45.91618" lon="6.26576">
        <ele>1732.6</ele>
      </rtept>
      <rtept lat="45.9162" lon="6.26576">
        <ele>1732.4</ele>
      </rtept>
      <rtept lat="45.91623" lon="6.26576">
        <ele>1732.2</ele>
      </rtept>
      <rtept lat="45.91624" lon="6.26577">
        <ele>1732</ele>
      </rtept>
      <rtept lat="45.91625" lon="6.26577">
        <ele>1732</ele>
      </rtept>
      <rtept lat="45.91628" lon="6.26577">
        <ele>1732</ele>
      </rtept>
      <rtept lat="45.9163" lon="6.26577">
        <ele>1732.2</ele>
      </rtept>
      <rtept lat="45.91632" lon="6.26577">
        <ele>1732</ele>
      </rtept>
      <rtept lat="45.91634" lon="6.26577">
        <ele>1732.2</ele>
      </rtept>
      <rtept lat="45.91637" lon="6.26577">
        <ele>1732.6</ele>
      </rtept>
      <rtept lat="45.91639" lon="6.26578">
        <ele>1732.2</ele>
      </rtept>
      <rtept lat="45.9164" lon="6.26579">
        <ele>1732</ele>
      </rtept>
      <rtept lat="45.91643" lon="6.26579">
        <ele>1731.8</ele>
      </rtept>
      <rtept lat="45.91646" lon="6.26579">
        <ele>1731.8</ele>
      </rtept>
      <rtept lat="45.91648" lon="6.2658">
        <ele>1731.6</ele>
      </rtept>
      <rtept lat="45.9165" lon="6.26579">
        <ele>1731</ele>
      </rtept>
      <rtept lat="45.91651" lon="6.26579">
        <ele>1731</ele>
      </rtept>
      <rtept lat="45.91654" lon="6.2658">
        <ele>1731.2</ele>
      </rtept>
      <rtept lat="45.91656" lon="6.26581">
        <ele>1731.4</ele>
      </rtept>
      <rtept lat="45.91659" lon="6.26581">
        <ele>1731</ele>
      </rtept>
      <rtept lat="45.9166" lon="6.2658">
        <ele>1731</ele>
      </rtept>
      <rtept lat="45.91663" lon="6.26578">
        <ele>1731.2</ele>
      </rtept>
      <rtept lat="45.91664" lon="6.26576">
        <ele>1731</ele>
      </rtept>
      <rtept lat="45.91666" lon="6.26574">
        <ele>1731</ele>
      </rtept>
      <rtept lat="45.91668" lon="6.26573">
        <ele>1730.6</ele>
      </rtept>
      <rtept lat="45.9167" lon="6.26573">
        <ele>1731.2</ele>
      </rtept>
      <rtept lat="45.91673" lon="6.26574">
        <ele>1731</ele>
      </rtept>
      <rtept lat="45.91675" lon="6.26574">
        <ele>1731</ele>
      </rtept>
      <rtept lat="45.91677" lon="6.26574">
        <ele>1731</ele>
      </rtept>
      <rtept lat="45.91679" lon="6.26574">
        <ele>1730.6</ele>
      </rtept>
      <rtept lat="45.91681" lon="6.26576">
        <ele>1729.8</ele>
      </rtept>
      <rtept lat="45.91683" lon="6.26577">
        <ele>1729.2</ele>
      </rtept>
      <rtept lat="45.91685" lon="6.26578">
        <ele>1729.2</ele>
      </rtept>
      <rtept lat="45.91687" lon="6.26579">
        <ele>1729</ele>
      </rtept>
      <rtept lat="45.9169" lon="6.26579">
        <ele>1728.4</ele>
      </rtept>
      <rtept lat="45.91692" lon="6.26578">
        <ele>1727.6</ele>
      </rtept>
      <rtept lat="45.91695" lon="6.26579">
        <ele>1728</ele>
      </rtept>
      <rtept lat="45.91697" lon="6.2658">
        <ele>1728.4</ele>
      </rtept>
      <rtept lat="45.91698" lon="6.26582">
        <ele>1728</ele>
      </rtept>
      <rtept lat="45.917" lon="6.26582">
        <ele>1727.8</ele>
      </rtept>
      <rtept lat="45.91702" lon="6.26582">
        <ele>1727.2</ele>
      </rtept>
      <rtept lat="45.91705" lon="6.26582">
        <ele>1726.8</ele>
      </rtept>
      <rtept lat="45.91706" lon="6.26584">
        <ele>1726.8</ele>
      </rtept>
      <rtept lat="45.91708" lon="6.26586">
        <ele>1727.6</ele>
      </rtept>
      <rtept lat="45.91709" lon="6.26589">
        <ele>1728</ele>
      </rtept>
      <rtept lat="45.91711" lon="6.26591">
        <ele>1728.2</ele>
      </rtept>
      <rtept lat="45.91712" lon="6.26592">
        <ele>1728.2</ele>
      </rtept>
      <rtept lat="45.91714" lon="6.26593">
        <ele>1727.4</ele>
      </rtept>
      <rtept lat="45.91716" lon="6.26593">
        <ele>1728.2</ele>
      </rtept>
      <rtept lat="45.91718" lon="6.26593">
        <ele>1728.4</ele>
      </rtept>
      <rtept lat="45.9172" lon="6.26592">
        <ele>1728.2</ele>
      </rtept>
      <rtept lat="45.91723" lon="6.26593">
        <ele>1728.4</ele>
      </rtept>
      <rtept lat="45.91724" lon="6.26596">
        <ele>1728.6</ele>
      </rtept>
      <rtept lat="45.91726" lon="6.26598">
        <ele>1728.4</ele>
      </rtept>
      <rtept lat="45.91728" lon="6.266">
        <ele>1728</ele>
      </rtept>
      <rtept lat="45.9173" lon="6.26601">
        <ele>1727.6</ele>
      </rtept>
      <rtept lat="45.91732" lon="6.26603">
        <ele>1727.6</ele>
      </rtept>
      <rtept lat="45.91734" lon="6.26604">
        <ele>1727.6</ele>
      </rtept>
      <rtept lat="45.91737" lon="6.26605">
        <ele>1727.4</ele>
      </rtept>
      <rtept lat="45.9174" lon="6.26606">
        <ele>1727.4</ele>
      </rtept>
      <rtept lat="45.91741" lon="6.26606">
        <ele>1727.4</ele>
      </rtept>
      <rtept lat="45.91743" lon="6.26606">
        <ele>1727.2</ele>
      </rtept>
      <rtept lat="45.91745" lon="6.26605">
        <ele>1727.2</ele>
      </rtept>
      <rtept lat="45.91747" lon="6.26604">
        <ele>1727.2</ele>
      </rtept>
      <rtept lat="45.91749" lon="6.26603">
        <ele>1727.6</ele>
      </rtept>
      <rtept lat="45.9175" lon="6.26601">
        <ele>1727.6</ele>
      </rtept>
      <rtept lat="45.91752" lon="6.26599">
        <ele>1727.6</ele>
      </rtept>
      <rtept lat="45.91754" lon="6.26598">
        <ele>1727.4</ele>
      </rtept>
      <rtept lat="45.91756" lon="6.26596">
        <ele>1727.4</ele>
      </rtept>
      <rtept lat="45.91759" lon="6.26594">
        <ele>1728.2</ele>
      </rtept>
      <rtept lat="45.91761" lon="6.26592">
        <ele>1727.6</ele>
      </rtept>
      <rtept lat="45.91763" lon="6.2659">
        <ele>1728</ele>
      </rtept>
      <rtept lat="45.91765" lon="6.26588">
        <ele>1728.2</ele>
      </rtept>
      <rtept lat="45.91767" lon="6.26585">
        <ele>1728.8</ele>
      </rtept>
      <rtept lat="45.91768" lon="6.26583">
        <ele>1729.2</ele>
      </rtept>
      <rtept lat="45.9177" lon="6.26581">
        <ele>1729</ele>
      </rtept>
      <rtept lat="45.9177" lon="6.26577">
        <ele>1729.4</ele>
      </rtept>
      <rtept lat="45.91771" lon="6.26574">
        <ele>1729.6</ele>
      </rtept>
      <rtept lat="45.91771" lon="6.2657">
        <ele>1730</ele>
      </rtept>
      <rtept lat="45.91772" lon="6.26567">
        <ele>1730.8</ele>
      </rtept>
      <rtept lat="45.91773" lon="6.26565">
        <ele>1731</ele>
      </rtept>
      <rtept lat="45.91774" lon="6.26563">
        <ele>1732</ele>
      </rtept>
      <rtept lat="45.91773" lon="6.2656">
        <ele>1732.8</ele>
      </rtept>
      <rtept lat="45.91773" lon="6.26556">
        <ele>1733.2</ele>
      </rtept>
      <rtept lat="45.91774" lon="6.26555">
        <ele>1733.2</ele>
      </rtept>
      <rtept lat="45.91774" lon="6.26552">
        <ele>1733.8</ele>
      </rtept>
      <rtept lat="45.91775" lon="6.2655">
        <ele>1735.4</ele>
      </rtept>
      <rtept lat="45.91775" lon="6.26547">
        <ele>1735.8</ele>
      </rtept>
      <rtept lat="45.91776" lon="6.26544">
        <ele>1735.8</ele>
      </rtept>
      <rtept lat="45.91777" lon="6.26541">
        <ele>1736.6</ele>
      </rtept>
      <rtept lat="45.91777" lon="6.26538">
        <ele>1736.6</ele>
      </rtept>
      <rtept lat="45.91777" lon="6.26535">
        <ele>1736.2</ele>
      </rtept>
      <rtept lat="45.91778" lon="6.26531">
        <ele>1736</ele>
      </rtept>
      <rtept lat="45.91779" lon="6.26529">
        <ele>1735.8</ele>
      </rtept>
      <rtept lat="45.91781" lon="6.26526">
        <ele>1735.8</ele>
      </rtept>
      <rtept lat="45.91783" lon="6.26525">
        <ele>1735.6</ele>
      </rtept>
      <rtept lat="45.91784" lon="6.26522">
        <ele>1735.2</ele>
      </rtept>
      <rtept lat="45.91786" lon="6.2652">
        <ele>1734.8</ele>
      </rtept>
      <rtept lat="45.91788" lon="6.26519">
        <ele>1735</ele>
      </rtept>
      <rtept lat="45.91791" lon="6.26519">
        <ele>1734.4</ele>
      </rtept>
      <rtept lat="45.91793" lon="6.26518">
        <ele>1734</ele>
      </rtept>
      <rtept lat="45.91795" lon="6.26517">
        <ele>1733.8</ele>
      </rtept>
      <rtept lat="45.91797" lon="6.26516">
        <ele>1733.4</ele>
      </rtept>
      <rtept lat="45.91798" lon="6.26514">
        <ele>1733.4</ele>
      </rtept>
      <rtept lat="45.918" lon="6.26513">
        <ele>1734</ele>
      </rtept>
      <rtept lat="45.91802" lon="6.26512">
        <ele>1734.6</ele>
      </rtept>
      <rtept lat="45.91804" lon="6.26509">
        <ele>1735.6</ele>
      </rtept>
      <rtept lat="45.91804" lon="6.26505">
        <ele>1736.8</ele>
      </rtept>
      <rtept lat="45.91804" lon="6.26503">
        <ele>1737.2</ele>
      </rtept>
      <rtept lat="45.91804" lon="6.26499">
        <ele>1737</ele>
      </rtept>
      <rtept lat="45.91805" lon="6.26497">
        <ele>1736.8</ele>
      </rtept>
      <rtept lat="45.91805" lon="6.26494">
        <ele>1736.4</ele>
      </rtept>
      <rtept lat="45.91807" lon="6.26491">
        <ele>1736.4</ele>
      </rtept>
      <rtept lat="45.91808" lon="6.26489">
        <ele>1736.2</ele>
      </rtept>
      <rtept lat="45.91809" lon="6.26487">
        <ele>1736.4</ele>
      </rtept>
      <rtept lat="45.91811" lon="6.26486">
        <ele>1736.4</ele>
      </rtept>
      <rtept lat="45.91812" lon="6.26484">
        <ele>1736.8</ele>
      </rtept>
      <rtept lat="45.91815" lon="6.26482">
        <ele>1737.2</ele>
      </rtept>
      <rtept lat="45.91816" lon="6.26481">
        <ele>1737.8</ele>
      </rtept>
      <rtept lat="45.91816" lon="6.26478">
        <ele>1738.4</ele>
      </rtept>
      <rtept lat="45.91818" lon="6.26475">
        <ele>1739.2</ele>
      </rtept>
      <rtept lat="45.91819" lon="6.26474">
        <ele>1739.4</ele>
      </rtept>
      <rtept lat="45.91821" lon="6.26475">
        <ele>1740.4</ele>
      </rtept>
      <rtept lat="45.91823" lon="6.26477">
        <ele>1741.2</ele>
      </rtept>
      <rtept lat="45.91825" lon="6.26477">
        <ele>1742.2</ele>
      </rtept>
      <rtept lat="45.91827" lon="6.26478">
        <ele>1742.4</ele>
      </rtept>
      <rtept lat="45.91829" lon="6.26477">
        <ele>1742.8</ele>
      </rtept>
      <rtept lat="45.91831" lon="6.26476">
        <ele>1743.6</ele>
      </rtept>
      <rtept lat="45.91833" lon="6.26474">
        <ele>1744</ele>
      </rtept>
      <rtept lat="45.91834" lon="6.26472">
        <ele>1744</ele>
      </rtept>
      <rtept lat="45.91834" lon="6.26468">
        <ele>1746.6</ele>
      </rtept>
      <rtept lat="45.91834" lon="6.26464">
        <ele>1746.6</ele>
      </rtept>
      <rtept lat="45.91834" lon="6.2646">
        <ele>1746.6</ele>
      </rtept>
      <rtept lat="45.91836" lon="6.26459">
        <ele>1746.6</ele>
      </rtept>
      <rtept lat="45.91838" lon="6.2646">
        <ele>1747</ele>
      </rtept>
      <rtept lat="45.9184" lon="6.26461">
        <ele>1748.4</ele>
      </rtept>
      <rtept lat="45.91842" lon="6.26464">
        <ele>1749</ele>
      </rtept>
      <rtept lat="45.91844" lon="6.26465">
        <ele>1748.6</ele>
      </rtept>
      <rtept lat="45.91846" lon="6.26464">
        <ele>1748.2</ele>
      </rtept>
      <rtept lat="45.91849" lon="6.26463">
        <ele>1748.4</ele>
      </rtept>
      <rtept lat="45.9185" lon="6.26463">
        <ele>1748.4</ele>
      </rtept>
      <rtept lat="45.91852" lon="6.26462">
        <ele>1748.4</ele>
      </rtept>
      <rtept lat="45.91855" lon="6.26461">
        <ele>1749.2</ele>
      </rtept>
      <rtept lat="45.91857" lon="6.2646">
        <ele>1749.6</ele>
      </rtept>
      <rtept lat="45.91858" lon="6.26458">
        <ele>1749.8</ele>
      </rtept>
      <rtept lat="45.9186" lon="6.26457">
        <ele>1750</ele>
      </rtept>
      <rtept lat="45.91861" lon="6.26455">
        <ele>1750.4</ele>
      </rtept>
      <rtept lat="45.91864" lon="6.26454">
        <ele>1751</ele>
      </rtept>
      <rtept lat="45.91866" lon="6.26454">
        <ele>1750.4</ele>
      </rtept>
      <rtept lat="45.91868" lon="6.26452">
        <ele>1750.6</ele>
      </rtept>
      <rtept lat="45.91868" lon="6.26449">
        <ele>1750.8</ele>
      </rtept>
      <rtept lat="45.9187" lon="6.26445">
        <ele>1750.8</ele>
      </rtept>
      <rtept lat="45.91871" lon="6.26444">
        <ele>1751.2</ele>
      </rtept>
      <rtept lat="45.91873" lon="6.26442">
        <ele>1751.4</ele>
      </rtept>
      <rtept lat="45.91874" lon="6.26439">
        <ele>1751.2</ele>
      </rtept>
      <rtept lat="45.91877" lon="6.26434">
        <ele>1751.6</ele>
      </rtept>
      <rtept lat="45.91877" lon="6.26433">
        <ele>1751.4</ele>
      </rtept>
      <rtept lat="45.91879" lon="6.26432">
        <ele>1751</ele>
      </rtept>
      <rtept lat="45.91882" lon="6.26434">
        <ele>1751</ele>
      </rtept>
      <rtept lat="45.91883" lon="6.26435">
        <ele>1750.8</ele>
      </rtept>
      <rtept lat="45.91885" lon="6.26435">
        <ele>1750.4</ele>
      </rtept>
      <rtept lat="45.91887" lon="6.26432">
        <ele>1749.8</ele>
      </rtept>
      <rtept lat="45.91887" lon="6.26431">
        <ele>1749.8</ele>
      </rtept>
      <rtept lat="45.91888" lon="6.26427">
        <ele>1750</ele>
      </rtept>
      <rtept lat="45.91889" lon="6.26424">
        <ele>1750.4</ele>
      </rtept>
      <rtept lat="45.9189" lon="6.26422">
        <ele>1750.6</ele>
      </rtept>
      <rtept lat="45.91891" lon="6.2642">
        <ele>1750.8</ele>
      </rtept>
      <rtept lat="45.91892" lon="6.26417">
        <ele>1751</ele>
      </rtept>
      <rtept lat="45.91893" lon="6.26415">
        <ele>1751</ele>
      </rtept>
      <rtept lat="45.91894" lon="6.26413">
        <ele>1751.2</ele>
      </rtept>
      <rtept lat="45.91895" lon="6.26411">
        <ele>1751.6</ele>
      </rtept>
      <rtept lat="45.91897" lon="6.26408">
        <ele>1752</ele>
      </rtept>
      <rtept lat="45.91899" lon="6.26408">
        <ele>1752.2</ele>
      </rtept>
      <rtept lat="45.91902" lon="6.26407">
        <ele>1752.8</ele>
      </rtept>
      <rtept lat="45.91903" lon="6.26405">
        <ele>1753</ele>
      </rtept>
      <rtept lat="45.91905" lon="6.26403">
        <ele>1753.6</ele>
      </rtept>
      <rtept lat="45.91906" lon="6.264">
        <ele>1753.8</ele>
      </rtept>
      <rtept lat="45.91907" lon="6.26397">
        <ele>1754</ele>
      </rtept>
      <rtept lat="45.91908" lon="6.26394">
        <ele>1754</ele>
      </rtept>
      <rtept lat="45.91909" lon="6.26392">
        <ele>1754</ele>
      </rtept>
      <rtept lat="45.9191" lon="6.26389">
        <ele>1754.2</ele>
      </rtept>
      <rtept lat="45.91911" lon="6.26387">
        <ele>1755</ele>
      </rtept>
      <rtept lat="45.91912" lon="6.26383">
        <ele>1755.2</ele>
      </rtept>
      <rtept lat="45.91912" lon="6.26382">
        <ele>1755.2</ele>
      </rtept>
      <rtept lat="45.91913" lon="6.26379">
        <ele>1755.8</ele>
      </rtept>
      <rtept lat="45.91914" lon="6.26377">
        <ele>1756</ele>
      </rtept>
      <rtept lat="45.91915" lon="6.26374">
        <ele>1756.6</ele>
      </rtept>
      <rtept lat="45.91916" lon="6.26372">
        <ele>1756.8</ele>
      </rtept>
      <rtept lat="45.91917" lon="6.2637">
        <ele>1757.4</ele>
      </rtept>
      <rtept lat="45.91919" lon="6.26367">
        <ele>1758.4</ele>
      </rtept>
      <rtept lat="45.9192" lon="6.26364">
        <ele>1758.6</ele>
      </rtept>
      <rtept lat="45.91922" lon="6.26363">
        <ele>1758.8</ele>
      </rtept>
      <rtept lat="45.91924" lon="6.26363">
        <ele>1759</ele>
      </rtept>
      <rtept lat="45.91927" lon="6.26365">
        <ele>1759.6</ele>
      </rtept>
      <rtept lat="45.91929" lon="6.26366">
        <ele>1759.6</ele>
      </rtept>
      <rtept lat="45.9193" lon="6.26366">
        <ele>1759.4</ele>
      </rtept>
      <rtept lat="45.91932" lon="6.26366">
        <ele>1759.6</ele>
      </rtept>
      <rtept lat="45.91935" lon="6.26364">
        <ele>1759.4</ele>
      </rtept>
      <rtept lat="45.91937" lon="6.26363">
        <ele>1759.8</ele>
      </rtept>
      <rtept lat="45.91939" lon="6.26363">
        <ele>1759.8</ele>
      </rtept>
      <rtept lat="45.91941" lon="6.26362">
        <ele>1760</ele>
      </rtept>
      <rtept lat="45.91943" lon="6.2636">
        <ele>1759.6</ele>
      </rtept>
      <rtept lat="45.91945" lon="6.26358">
        <ele>1759.4</ele>
      </rtept>
      <rtept lat="45.91947" lon="6.26356">
        <ele>1759</ele>
      </rtept>
      <rtept lat="45.9195" lon="6.26352">
        <ele>1758.4</ele>
      </rtept>
      <rtept lat="45.91951" lon="6.26351">
        <ele>1758.2</ele>
      </rtept>
      <rtept lat="45.91953" lon="6.26348">
        <ele>1757.6</ele>
      </rtept>
      <rtept lat="45.91955" lon="6.26347">
        <ele>1757</ele>
      </rtept>
      <rtept lat="45.91957" lon="6.26346">
        <ele>1757</ele>
      </rtept>
      <rtept lat="45.91958" lon="6.26343">
        <ele>1756.6</ele>
      </rtept>
      <rtept lat="45.9196" lon="6.26341">
        <ele>1756</ele>
      </rtept>
      <rtept lat="45.91962" lon="6.26338">
        <ele>1755.6</ele>
      </rtept>
      <rtept lat="45.91964" lon="6.26336">
        <ele>1755.2</ele>
      </rtept>
      <rtept lat="45.91966" lon="6.26334">
        <ele>1755</ele>
      </rtept>
      <rtept lat="45.91967" lon="6.26332">
        <ele>1754.6</ele>
      </rtept>
      <rtept lat="45.91969" lon="6.2633">
        <ele>1754.4</ele>
      </rtept>
      <rtept lat="45.9197" lon="6.26328">
        <ele>1754.4</ele>
      </rtept>
      <rtept lat="45.91973" lon="6.26325">
        <ele>1754.4</ele>
      </rtept>
      <rtept lat="45.91973" lon="6.26324">
        <ele>1754.4</ele>
      </rtept>
      <rtept lat="45.91975" lon="6.26322">
        <ele>1754.2</ele>
      </rtept>
      <rtept lat="45.91976" lon="6.2632">
        <ele>1754</ele>
      </rtept>
      <rtept lat="45.91977" lon="6.26318">
        <ele>1754</ele>
      </rtept>
      <rtept lat="45.91979" lon="6.26315">
        <ele>1753.6</ele>
      </rtept>
      <rtept lat="45.91981" lon="6.26312">
        <ele>1753.4</ele>
      </rtept>
      <rtept lat="45.91983" lon="6.2631">
        <ele>1753.2</ele>
      </rtept>
      <rtept lat="45.91984" lon="6.26308">
        <ele>1752.8</ele>
      </rtept>
      <rtept lat="45.91986" lon="6.26306">
        <ele>1752.6</ele>
      </rtept>
      <rtept lat="45.91988" lon="6.26304">
        <ele>1752.6</ele>
      </rtept>
      <rtept lat="45.9199" lon="6.26301">
        <ele>1752.2</ele>
      </rtept>
      <rtept lat="45.91991" lon="6.263">
        <ele>1752</ele>
      </rtept>
      <rtept lat="45.91992" lon="6.26298">
        <ele>1751.8</ele>
      </rtept>
      <rtept lat="45.91993" lon="6.26296">
        <ele>1751.6</ele>
      </rtept>
      <rtept lat="45.91994" lon="6.26293">
        <ele>1751.6</ele>
      </rtept>
      <rtept lat="45.91994" lon="6.2629">
        <ele>1751.4</ele>
      </rtept>
      <rtept lat="45.91994" lon="6.26287">
        <ele>1751.4</ele>
      </rtept>
      <rtept lat="45.91994" lon="6.26284">
        <ele>1751.2</ele>
      </rtept>
      <rtept lat="45.91995" lon="6.26281">
        <ele>1750.6</ele>
      </rtept>
      <rtept lat="45.91997" lon="6.2628">
        <ele>1749.8</ele>
      </rtept>
      <rtept lat="45.92" lon="6.2628">
        <ele>1749.8</ele>
      </rtept>
      <rtept lat="45.92002" lon="6.26279">
        <ele>1749.6</ele>
      </rtept>
      <rtept lat="45.92003" lon="6.26277">
        <ele>1749.4</ele>
      </rtept>
      <rtept lat="45.92004" lon="6.26274">
        <ele>1749</ele>
      </rtept>
      <rtept lat="45.92005" lon="6.26271">
        <ele>1749</ele>
      </rtept>
      <rtept lat="45.92006" lon="6.26268">
        <ele>1748.6</ele>
      </rtept>
      <rtept lat="45.92007" lon="6.26266">
        <ele>1748.4</ele>
      </rtept>
      <rtept lat="45.92008" lon="6.26263">
        <ele>1748.2</ele>
      </rtept>
      <rtept lat="45.9201" lon="6.2626">
        <ele>1748.2</ele>
      </rtept>
      <rtept lat="45.92011" lon="6.26257">
        <ele>1748</ele>
      </rtept>
      <rtept lat="45.92013" lon="6.26255">
        <ele>1747.6</ele>
      </rtept>
      <rtept lat="45.92013" lon="6.26253">
        <ele>1747.2</ele>
      </rtept>
      <rtept lat="45.92015" lon="6.2625">
        <ele>1747</ele>
      </rtept>
      <rtept lat="45.92016" lon="6.26248">
        <ele>1746.8</ele>
      </rtept>
      <rtept lat="45.92018" lon="6.26246">
        <ele>1746.4</ele>
      </rtept>
      <rtept lat="45.92019" lon="6.26244">
        <ele>1746</ele>
      </rtept>
      <rtept lat="45.92021" lon="6.26242">
        <ele>1745.6</ele>
      </rtept>
      <rtept lat="45.92023" lon="6.26238">
        <ele>1745</ele>
      </rtept>
      <rtept lat="45.92023" lon="6.26235">
        <ele>1743.8</ele>
      </rtept>
      <rtept lat="45.92023" lon="6.26233">
        <ele>1743.4</ele>
      </rtept>
      <rtept lat="45.92024" lon="6.2623">
        <ele>1743.4</ele>
      </rtept>
      <rtept lat="45.92026" lon="6.26229">
        <ele>1742.6</ele>
      </rtept>
      <rtept lat="45.92028" lon="6.26227">
        <ele>1742</ele>
      </rtept>
      <rtept lat="45.9203" lon="6.26226">
        <ele>1742.2</ele>
      </rtept>
      <rtept lat="45.92032" lon="6.26224">
        <ele>1741.6</ele>
      </rtept>
      <rtept lat="45.92032" lon="6.26221">
        <ele>1741.4</ele>
      </rtept>
      <rtept lat="45.92034" lon="6.26218">
        <ele>1741</ele>
      </rtept>
      <rtept lat="45.92036" lon="6.26215">
        <ele>1740.2</ele>
      </rtept>
      <rtept lat="45.92036" lon="6.26213">
        <ele>1740.2</ele>
      </rtept>
      <rtept lat="45.92038" lon="6.26211">
        <ele>1739.8</ele>
      </rtept>
      <rtept lat="45.92041" lon="6.26209">
        <ele>1739.4</ele>
      </rtept>
      <rtept lat="45.92042" lon="6.26208">
        <ele>1739.4</ele>
      </rtept>
      <rtept lat="45.92044" lon="6.26207">
        <ele>1739.4</ele>
      </rtept>
      <rtept lat="45.92046" lon="6.26205">
        <ele>1738.8</ele>
      </rtept>
      <rtept lat="45.92047" lon="6.26202">
        <ele>1738.4</ele>
      </rtept>
      <rtept lat="45.92048" lon="6.26199">
        <ele>1738</ele>
      </rtept>
      <rtept lat="45.9205" lon="6.26197">
        <ele>1737.2</ele>
      </rtept>
      <rtept lat="45.9205" lon="6.26195">
        <ele>1737.2</ele>
      </rtept>
      <rtept lat="45.92051" lon="6.26192">
        <ele>1737.2</ele>
      </rtept>
      <rtept lat="45.92052" lon="6.2619">
        <ele>1737.8</ele>
      </rtept>
      <rtept lat="45.92053" lon="6.26188">
        <ele>1737.8</ele>
      </rtept>
      <rtept lat="45.92055" lon="6.26185">
        <ele>1737.6</ele>
      </rtept>
      <rtept lat="45.92056" lon="6.26183">
        <ele>1737.4</ele>
      </rtept>
      <rtept lat="45.92058" lon="6.26181">
        <ele>1737.2</ele>
      </rtept>
      <rtept lat="45.9206" lon="6.26181">
        <ele>1736.8</ele>
      </rtept>
      <rtept lat="45.92062" lon="6.26178">
        <ele>1736.2</ele>
      </rtept>
      <rtept lat="45.92063" lon="6.26177">
        <ele>1736.4</ele>
      </rtept>
      <rtept lat="45.92065" lon="6.26176">
        <ele>1736.2</ele>
      </rtept>
      <rtept lat="45.92067" lon="6.26175">
        <ele>1736</ele>
      </rtept>
      <rtept lat="45.92069" lon="6.26173">
        <ele>1735.6</ele>
      </rtept>
      <rtept lat="45.9207" lon="6.26171">
        <ele>1735.4</ele>
      </rtept>
      <rtept lat="45.92072" lon="6.26168">
        <ele>1734.6</ele>
      </rtept>
      <rtept lat="45.92073" lon="6.26166">
        <ele>1734.4</ele>
      </rtept>
      <rtept lat="45.92075" lon="6.26164">
        <ele>1734</ele>
      </rtept>
      <rtept lat="45.92077" lon="6.26161">
        <ele>1733.2</ele>
      </rtept>
      <rtept lat="45.92077" lon="6.2616">
        <ele>1733.4</ele>
      </rtept>
      <rtept lat="45.92079" lon="6.26159">
        <ele>1732.8</ele>
      </rtept>
      <rtept lat="45.92081" lon="6.26157">
        <ele>1732.2</ele>
      </rtept>
      <rtept lat="45.92083" lon="6.26157">
        <ele>1731.8</ele>
      </rtept>
      <rtept lat="45.92085" lon="6.26155">
        <ele>1731.4</ele>
      </rtept>
      <rtept lat="45.92087" lon="6.26154">
        <ele>1730.8</ele>
      </rtept>
      <rtept lat="45.92089" lon="6.26152">
        <ele>1730.6</ele>
      </rtept>
      <rtept lat="45.92091" lon="6.2615">
        <ele>1730</ele>
      </rtept>
      <rtept lat="45.92092" lon="6.26148">
        <ele>1729.6</ele>
      </rtept>
      <rtept lat="45.92093" lon="6.26145">
        <ele>1729</ele>
      </rtept>
      <rtept lat="45.92094" lon="6.26143">
        <ele>1728.6</ele>
      </rtept>
      <rtept lat="45.92095" lon="6.2614">
        <ele>1728</ele>
      </rtept>
      <rtept lat="45.92097" lon="6.26139">
        <ele>1727.2</ele>
      </rtept>
      <rtept lat="45.92099" lon="6.26138">
        <ele>1726.8</ele>
      </rtept>
      <rtept lat="45.92101" lon="6.26137">
        <ele>1726</ele>
      </rtept>
      <rtept lat="45.92103" lon="6.26136">
        <ele>1725.4</ele>
      </rtept>
      <rtept lat="45.92105" lon="6.26135">
        <ele>1725.4</ele>
      </rtept>
      <rtept lat="45.92107" lon="6.26136">
        <ele>1724.8</ele>
      </rtept>
      <rtept lat="45.92109" lon="6.26137">
        <ele>1724.2</ele>
      </rtept>
      <rtept lat="45.92111" lon="6.26138">
        <ele>1724</ele>
      </rtept>
      <rtept lat="45.92113" lon="6.26138">
        <ele>1723.4</ele>
      </rtept>
      <rtept lat="45.92115" lon="6.2614">
        <ele>1723</ele>
      </rtept>
      <rtept lat="45.92117" lon="6.26142">
        <ele>1723</ele>
      </rtept>
      <rtept lat="45.92118" lon="6.26143">
        <ele>1723</ele>
      </rtept>
      <rtept lat="45.9212" lon="6.26145">
        <ele>1722.8</ele>
      </rtept>
      <rtept lat="45.92122" lon="6.2615">
        <ele>1722.2</ele>
      </rtept>
      <rtept lat="45.92123" lon="6.26151">
        <ele>1722</ele>
      </rtept>
      <rtept lat="45.92124" lon="6.26153">
        <ele>1721.4</ele>
      </rtept>
      <rtept lat="45.92128" lon="6.26154">
        <ele>1720.6</ele>
      </rtept>
      <rtept lat="45.92129" lon="6.26155">
        <ele>1720.2</ele>
      </rtept>
      <rtept lat="45.9213" lon="6.26157">
        <ele>1720</ele>
      </rtept>
      <rtept lat="45.92131" lon="6.26161">
        <ele>1719.8</ele>
      </rtept>
      <rtept lat="45.92131" lon="6.26164">
        <ele>1719.8</ele>
      </rtept>
      <rtept lat="45.92133" lon="6.26164">
        <ele>1719.4</ele>
      </rtept>
      <rtept lat="45.92135" lon="6.26163">
        <ele>1718.8</ele>
      </rtept>
      <rtept lat="45.92136" lon="6.26161">
        <ele>1718.4</ele>
      </rtept>
      <rtept lat="45.92137" lon="6.26159">
        <ele>1718.2</ele>
      </rtept>
      <rtept lat="45.92138" lon="6.26156">
        <ele>1717.8</ele>
      </rtept>
      <rtept lat="45.9214" lon="6.26152">
        <ele>1717.4</ele>
      </rtept>
      <rtept lat="45.92141" lon="6.26151">
        <ele>1717.4</ele>
      </rtept>
      <rtept lat="45.92141" lon="6.26148">
        <ele>1717.2</ele>
      </rtept>
      <rtept lat="45.92143" lon="6.26146">
        <ele>1717.6</ele>
      </rtept>
      <rtept lat="45.92144" lon="6.26143">
        <ele>1718</ele>
      </rtept>
      <rtept lat="45.92146" lon="6.2614">
        <ele>1717.6</ele>
      </rtept>
      <rtept lat="45.92148" lon="6.26138">
        <ele>1717.6</ele>
      </rtept>
      <rtept lat="45.92151" lon="6.26137">
        <ele>1717</ele>
      </rtept>
      <rtept lat="45.92151" lon="6.26137">
        <ele>1717</ele>
      </rtept>
      <rtept lat="45.92153" lon="6.26137">
        <ele>1716.8</ele>
      </rtept>
      <rtept lat="45.92155" lon="6.26135">
        <ele>1716.6</ele>
      </rtept>
      <rtept lat="45.92157" lon="6.26135">
        <ele>1716.2</ele>
      </rtept>
      <rtept lat="45.9216" lon="6.26134">
        <ele>1716.2</ele>
      </rtept>
      <rtept lat="45.92161" lon="6.26133">
        <ele>1716</ele>
      </rtept>
      <rtept lat="45.92163" lon="6.26132">
        <ele>1715.6</ele>
      </rtept>
      <rtept lat="45.92165" lon="6.2613">
        <ele>1715</ele>
      </rtept>
      <rtept lat="45.92166" lon="6.26128">
        <ele>1714.4</ele>
      </rtept>
      <rtept lat="45.92167" lon="6.26125">
        <ele>1713.6</ele>
      </rtept>
      <rtept lat="45.92169" lon="6.26122">
        <ele>1712.8</ele>
      </rtept>
      <rtept lat="45.92171" lon="6.2612">
        <ele>1711.8</ele>
      </rtept>
      <rtept lat="45.92172" lon="6.26117">
        <ele>1711.4</ele>
      </rtept>
      <rtept lat="45.92174" lon="6.26116">
        <ele>1710.4</ele>
      </rtept>
      <rtept lat="45.92176" lon="6.26114">
        <ele>1709.8</ele>
      </rtept>
      <rtept lat="45.92178" lon="6.26112">
        <ele>1709.2</ele>
      </rtept>
      <rtept lat="45.92179" lon="6.2611">
        <ele>1708.4</ele>
      </rtept>
      <rtept lat="45.9218" lon="6.26107">
        <ele>1707.2</ele>
      </rtept>
      <rtept lat="45.92182" lon="6.26105">
        <ele>1706.8</ele>
      </rtept>
      <rtept lat="45.92184" lon="6.26103">
        <ele>1706</ele>
      </rtept>
      <rtept lat="45.92185" lon="6.261">
        <ele>1705.4</ele>
      </rtept>
      <rtept lat="45.92187" lon="6.26097">
        <ele>1704.4</ele>
      </rtept>
      <rtept lat="45.92188" lon="6.26095">
        <ele>1703.8</ele>
      </rtept>
      <rtept lat="45.92188" lon="6.26091">
        <ele>1703.4</ele>
      </rtept>
      <rtept lat="45.9219" lon="6.26088">
        <ele>1702.6</ele>
      </rtept>
      <rtept lat="45.9219" lon="6.26085">
        <ele>1702.6</ele>
      </rtept>
      <rtept lat="45.92192" lon="6.26083">
        <ele>1701.4</ele>
      </rtept>
      <rtept lat="45.92193" lon="6.26081">
        <ele>1701</ele>
      </rtept>
      <rtept lat="45.92195" lon="6.2608">
        <ele>1700.2</ele>
      </rtept>
      <rtept lat="45.92198" lon="6.26078">
        <ele>1699.8</ele>
      </rtept>
      <rtept lat="45.92202" lon="6.26076">
        <ele>1699.4</ele>
      </rtept>
      <rtept lat="45.92204" lon="6.26075">
        <ele>1699.4</ele>
      </rtept>
      <rtept lat="45.92206" lon="6.26073">
        <ele>1699</ele>
      </rtept>
      <rtept lat="45.92207" lon="6.2607">
        <ele>1698.4</ele>
      </rtept>
      <rtept lat="45.92208" lon="6.26065">
        <ele>1698</ele>
      </rtept>
      <rtept lat="45.92208" lon="6.26063">
        <ele>1697.6</ele>
      </rtept>
      <rtept lat="45.92209" lon="6.2606">
        <ele>1696.8</ele>
      </rtept>
      <rtept lat="45.92209" lon="6.26057">
        <ele>1696.8</ele>
      </rtept>
      <rtept lat="45.9221" lon="6.26055">
        <ele>1696.2</ele>
      </rtept>
      <rtept lat="45.92211" lon="6.26053">
        <ele>1696</ele>
      </rtept>
      <rtept lat="45.92212" lon="6.2605">
        <ele>1695.4</ele>
      </rtept>
      <rtept lat="45.92212" lon="6.26047">
        <ele>1695.4</ele>
      </rtept>
      <rtept lat="45.92213" lon="6.26044">
        <ele>1694.4</ele>
      </rtept>
      <rtept lat="45.92214" lon="6.26041">
        <ele>1694.4</ele>
      </rtept>
      <rtept lat="45.92216" lon="6.26039">
        <ele>1693</ele>
      </rtept>
      <rtept lat="45.92218" lon="6.26036">
        <ele>1692.4</ele>
      </rtept>
      <rtept lat="45.92219" lon="6.26033">
        <ele>1692.2</ele>
      </rtept>
      <rtept lat="45.9222" lon="6.2603">
        <ele>1691.8</ele>
      </rtept>
      <rtept lat="45.92221" lon="6.26028">
        <ele>1691.6</ele>
      </rtept>
      <rtept lat="45.92223" lon="6.26025">
        <ele>1691.4</ele>
      </rtept>
      <rtept lat="45.92224" lon="6.26021">
        <ele>1690.6</ele>
      </rtept>
      <rtept lat="45.92224" lon="6.26019">
        <ele>1690.6</ele>
      </rtept>
      <rtept lat="45.92224" lon="6.26015">
        <ele>1690</ele>
      </rtept>
      <rtept lat="45.92225" lon="6.26013">
        <ele>1689.8</ele>
      </rtept>
      <rtept lat="45.92226" lon="6.2601">
        <ele>1689.4</ele>
      </rtept>
      <rtept lat="45.92226" lon="6.26007">
        <ele>1688.8</ele>
      </rtept>
      <rtept lat="45.92227" lon="6.26005">
        <ele>1688.6</ele>
      </rtept>
      <rtept lat="45.92228" lon="6.26002">
        <ele>1688.4</ele>
      </rtept>
      <rtept lat="45.92229" lon="6.26">
        <ele>1687.8</ele>
      </rtept>
      <rtept lat="45.9223" lon="6.25997">
        <ele>1687.2</ele>
      </rtept>
      <rtept lat="45.92231" lon="6.25994">
        <ele>1686.6</ele>
      </rtept>
      <rtept lat="45.92233" lon="6.25992">
        <ele>1686</ele>
      </rtept>
      <rtept lat="45.92235" lon="6.25993">
        <ele>1684.8</ele>
      </rtept>
      <rtept lat="45.92238" lon="6.25991">
        <ele>1684.6</ele>
      </rtept>
      <rtept lat="45.9224" lon="6.25989">
        <ele>1684.2</ele>
      </rtept>
      <rtept lat="45.92242" lon="6.25987">
        <ele>1684.2</ele>
      </rtept>
      <rtept lat="45.92244" lon="6.25985">
        <ele>1684</ele>
      </rtept>
      <rtept lat="45.92245" lon="6.25983">
        <ele>1683.8</ele>
      </rtept>
      <rtept lat="45.92245" lon="6.2598">
        <ele>1683.8</ele>
      </rtept>
      <rtept lat="45.92245" lon="6.25975">
        <ele>1682.8</ele>
      </rtept>
      <rtept lat="45.92245" lon="6.25973">
        <ele>1682.8</ele>
      </rtept>
      <rtept lat="45.92245" lon="6.2597">
        <ele>1682.2</ele>
      </rtept>
      <rtept lat="45.92246" lon="6.25967">
        <ele>1682</ele>
      </rtept>
      <rtept lat="45.92248" lon="6.25965">
        <ele>1681.4</ele>
      </rtept>
      <rtept lat="45.92252" lon="6.25963">
        <ele>1680.8</ele>
      </rtept>
      <rtept lat="45.92253" lon="6.25963">
        <ele>1680.8</ele>
      </rtept>
      <rtept lat="45.92255" lon="6.25962">
        <ele>1680</ele>
      </rtept>
      <rtept lat="45.92256" lon="6.2596">
        <ele>1679.8</ele>
      </rtept>
      <rtept lat="45.92258" lon="6.25958">
        <ele>1678.6</ele>
      </rtept>
      <rtept lat="45.9226" lon="6.25955">
        <ele>1677.2</ele>
      </rtept>
      <rtept lat="45.92261" lon="6.25954">
        <ele>1677.2</ele>
      </rtept>
      <rtept lat="45.92262" lon="6.25952">
        <ele>1676.8</ele>
      </rtept>
      <rtept lat="45.92266" lon="6.2595">
        <ele>1676.4</ele>
      </rtept>
      <rtept lat="45.92267" lon="6.25949">
        <ele>1676</ele>
      </rtept>
      <rtept lat="45.92269" lon="6.25947">
        <ele>1675.2</ele>
      </rtept>
      <rtept lat="45.92271" lon="6.25945">
        <ele>1674.2</ele>
      </rtept>
      <rtept lat="45.92272" lon="6.25942">
        <ele>1673.2</ele>
      </rtept>
      <rtept lat="45.92273" lon="6.25939">
        <ele>1672.6</ele>
      </rtept>
      <rtept lat="45.92272" lon="6.25936">
        <ele>1672</ele>
      </rtept>
      <rtept lat="45.92273" lon="6.25931">
        <ele>1671.2</ele>
      </rtept>
      <rtept lat="45.92275" lon="6.25929">
        <ele>1670.6</ele>
      </rtept>
      <rtept lat="45.92275" lon="6.25928">
        <ele>1670</ele>
      </rtept>
      <rtept lat="45.92277" lon="6.25927">
        <ele>1669.6</ele>
      </rtept>
      <rtept lat="45.92279" lon="6.25926">
        <ele>1668.8</ele>
      </rtept>
      <rtept lat="45.92281" lon="6.25924">
        <ele>1668.8</ele>
      </rtept>
      <rtept lat="45.92282" lon="6.25923">
        <ele>1667.8</ele>
      </rtept>
      <rtept lat="45.92284" lon="6.25922">
        <ele>1666.8</ele>
      </rtept>
      <rtept lat="45.92285" lon="6.25919">
        <ele>1666.4</ele>
      </rtept>
      <rtept lat="45.92286" lon="6.25917">
        <ele>1665</ele>
      </rtept>
      <rtept lat="45.92285" lon="6.25916">
        <ele>1664.8</ele>
      </rtept>
      <rtept lat="45.92287" lon="6.25913">
        <ele>1661.4</ele>
      </rtept>
      <rtept lat="45.92291" lon="6.25912">
        <ele>1660.6</ele>
      </rtept>
      <rtept lat="45.92294" lon="6.25912">
        <ele>1660.8</ele>
      </rtept>
      <rtept lat="45.92296" lon="6.25912">
        <ele>1660.6</ele>
      </rtept>
      <rtept lat="45.92298" lon="6.25913">
        <ele>1659.8</ele>
      </rtept>
      <rtept lat="45.923" lon="6.25914">
        <ele>1659.8</ele>
      </rtept>
      <rtept lat="45.92302" lon="6.25913">
        <ele>1659.4</ele>
      </rtept>
      <rtept lat="45.92302" lon="6.2591">
        <ele>1658.8</ele>
      </rtept>
      <rtept lat="45.92303" lon="6.25907">
        <ele>1658.4</ele>
      </rtept>
      <rtept lat="45.92304" lon="6.25904">
        <ele>1657.6</ele>
      </rtept>
      <rtept lat="45.92306" lon="6.25902">
        <ele>1657</ele>
      </rtept>
      <rtept lat="45.92307" lon="6.259">
        <ele>1656.2</ele>
      </rtept>
      <rtept lat="45.9231" lon="6.259">
        <ele>1655.8</ele>
      </rtept>
      <rtept lat="45.92312" lon="6.25901">
        <ele>1655.2</ele>
      </rtept>
      <rtept lat="45.92314" lon="6.25901">
        <ele>1654.8</ele>
      </rtept>
      <rtept lat="45.92316" lon="6.25901">
        <ele>1654.6</ele>
      </rtept>
      <rtept lat="45.92318" lon="6.25902">
        <ele>1654.2</ele>
      </rtept>
      <rtept lat="45.9232" lon="6.25904">
        <ele>1654</ele>
      </rtept>
      <rtept lat="45.92322" lon="6.25904">
        <ele>1653.4</ele>
      </rtept>
      <rtept lat="45.92324" lon="6.25904">
        <ele>1653.4</ele>
      </rtept>
      <rtept lat="45.92327" lon="6.25904">
        <ele>1653</ele>
      </rtept>
      <rtept lat="45.92329" lon="6.25905">
        <ele>1652.4</ele>
      </rtept>
      <rtept lat="45.92331" lon="6.25906">
        <ele>1651.6</ele>
      </rtept>
      <rtept lat="45.92333" lon="6.25907">
        <ele>1651.6</ele>
      </rtept>
      <rtept lat="45.92335" lon="6.25909">
        <ele>1651.2</ele>
      </rtept>
      <rtept lat="45.92337" lon="6.25909">
        <ele>1650.6</ele>
      </rtept>
      <rtept lat="45.92339" lon="6.25909">
        <ele>1650.4</ele>
      </rtept>
      <rtept lat="45.92341" lon="6.25909">
        <ele>1649.6</ele>
      </rtept>
      <rtept lat="45.92341" lon="6.25906">
        <ele>1648.8</ele>
      </rtept>
      <rtept lat="45.92341" lon="6.25902">
        <ele>1648</ele>
      </rtept>
      <rtept lat="45.9234" lon="6.259">
        <ele>1648</ele>
      </rtept>
      <rtept lat="45.92338" lon="6.25899">
        <ele>1647.6</ele>
      </rtept>
      <rtept lat="45.92337" lon="6.25895">
        <ele>1647.4</ele>
      </rtept>
      <rtept lat="45.92336" lon="6.25892">
        <ele>1647</ele>
      </rtept>
      <rtept lat="45.92335" lon="6.2589">
        <ele>1646.6</ele>
      </rtept>
      <rtept lat="45.92333" lon="6.25888">
        <ele>1646.4</ele>
      </rtept>
      <rtept lat="45.92331" lon="6.25886">
        <ele>1646.4</ele>
      </rtept>
      <rtept lat="45.9233" lon="6.25883">
        <ele>1646.8</ele>
      </rtept>
      <rtept lat="45.92331" lon="6.25878">
        <ele>1645.6</ele>
      </rtept>
      <rtept lat="45.92331" lon="6.25876">
        <ele>1644.8</ele>
      </rtept>
      <rtept lat="45.9233" lon="6.25874">
        <ele>1644.2</ele>
      </rtept>
      <rtept lat="45.92328" lon="6.25872">
        <ele>1644</ele>
      </rtept>
      <rtept lat="45.92327" lon="6.2587">
        <ele>1643.6</ele>
      </rtept>
      <rtept lat="45.92325" lon="6.25867">
        <ele>1643.4</ele>
      </rtept>
      <rtept lat="45.92324" lon="6.25864">
        <ele>1643.4</ele>
      </rtept>
      <rtept lat="45.92322" lon="6.25863">
        <ele>1643.4</ele>
      </rtept>
      <rtept lat="45.9232" lon="6.2586">
        <ele>1643</ele>
      </rtept>
      <rtept lat="45.92318" lon="6.25859">
        <ele>1642.8</ele>
      </rtept>
      <rtept lat="45.9232" lon="6.25854">
        <ele>1642.2</ele>
      </rtept>
      <rtept lat="45.92322" lon="6.25854">
        <ele>1641.8</ele>
      </rtept>
      <rtept lat="45.92325" lon="6.25854">
        <ele>1641.8</ele>
      </rtept>
      <rtept lat="45.92327" lon="6.25854">
        <ele>1641</ele>
      </rtept>
      <rtept lat="45.92329" lon="6.25852">
        <ele>1640.2</ele>
      </rtept>
      <rtept lat="45.9233" lon="6.2585">
        <ele>1640.2</ele>
      </rtept>
      <rtept lat="45.9233" lon="6.25847">
        <ele>1640</ele>
      </rtept>
      <rtept lat="45.92328" lon="6.25844">
        <ele>1639.4</ele>
      </rtept>
      <rtept lat="45.92328" lon="6.25841">
        <ele>1639.4</ele>
      </rtept>
      <rtept lat="45.92328" lon="6.25838">
        <ele>1639</ele>
      </rtept>
      <rtept lat="45.92328" lon="6.25834">
        <ele>1639</ele>
      </rtept>
      <rtept lat="45.92327" lon="6.25832">
        <ele>1639</ele>
      </rtept>
      <rtept lat="45.92327" lon="6.25829">
        <ele>1639</ele>
      </rtept>
      <rtept lat="45.92325" lon="6.25826">
        <ele>1637.2</ele>
      </rtept>
      <rtept lat="45.92326" lon="6.25823">
        <ele>1637</ele>
      </rtept>
      <rtept lat="45.92326" lon="6.25819">
        <ele>1636.4</ele>
      </rtept>
      <rtept lat="45.92325" lon="6.25816">
        <ele>1634.8</ele>
      </rtept>
      <rtept lat="45.92325" lon="6.25813">
        <ele>1634.6</ele>
      </rtept>
      <rtept lat="45.92325" lon="6.2581">
        <ele>1633.6</ele>
      </rtept>
      <rtept lat="45.92326" lon="6.25808">
        <ele>1633</ele>
      </rtept>
      <rtept lat="45.92329" lon="6.25809">
        <ele>1632.4</ele>
      </rtept>
      <rtept lat="45.9233" lon="6.25808">
        <ele>1631.8</ele>
      </rtept>
      <rtept lat="45.92333" lon="6.25808">
        <ele>1631.8</ele>
      </rtept>
      <rtept lat="45.92335" lon="6.25808">
        <ele>1631.2</ele>
      </rtept>
      <rtept lat="45.92338" lon="6.25808">
        <ele>1630.6</ele>
      </rtept>
      <rtept lat="45.92341" lon="6.25808">
        <ele>1630.8</ele>
      </rtept>
      <rtept lat="45.92342" lon="6.25809">
        <ele>1630</ele>
      </rtept>
      <rtept lat="45.92344" lon="6.2581">
        <ele>1630</ele>
      </rtept>
      <rtept lat="45.92346" lon="6.25812">
        <ele>1630</ele>
      </rtept>
      <rtept lat="45.92349" lon="6.25813">
        <ele>1629.4</ele>
      </rtept>
      <rtept lat="45.92351" lon="6.25814">
        <ele>1628.8</ele>
      </rtept>
      <rtept lat="45.92352" lon="6.25815">
        <ele>1628.4</ele>
      </rtept>
      <rtept lat="45.92355" lon="6.25814">
        <ele>1628.2</ele>
      </rtept>
      <rtept lat="45.92357" lon="6.25815">
        <ele>1628</ele>
      </rtept>
      <rtept lat="45.92359" lon="6.25814">
        <ele>1627.2</ele>
      </rtept>
      <rtept lat="45.92361" lon="6.25813">
        <ele>1625.4</ele>
      </rtept>
      <rtept lat="45.92363" lon="6.25812">
        <ele>1624.8</ele>
      </rtept>
      <rtept lat="45.92365" lon="6.25813">
        <ele>1624.2</ele>
      </rtept>
      <rtept lat="45.92367" lon="6.25811">
        <ele>1623.6</ele>
      </rtept>
      <rtept lat="45.92365" lon="6.25811">
        <ele>1623</ele>
      </rtept>
      <rtept lat="45.92364" lon="6.25808">
        <ele>1623</ele>
      </rtept>
      <rtept lat="45.92363" lon="6.25806">
        <ele>1620</ele>
      </rtept>
      <rtept lat="45.92362" lon="6.25803">
        <ele>1619.4</ele>
      </rtept>
      <rtept lat="45.9236" lon="6.258">
        <ele>1618.6</ele>
      </rtept>
      <rtept lat="45.92359" lon="6.25797">
        <ele>1617.4</ele>
      </rtept>
      <rtept lat="45.92361" lon="6.25795">
        <ele>1616.6</ele>
      </rtept>
      <rtept lat="45.92362" lon="6.25792">
        <ele>1616.6</ele>
      </rtept>
      <rtept lat="45.92361" lon="6.2579">
        <ele>1615.8</ele>
      </rtept>
      <rtept lat="45.92361" lon="6.25787">
        <ele>1615.4</ele>
      </rtept>
      <rtept lat="45.9236" lon="6.25783">
        <ele>1615.2</ele>
      </rtept>
      <rtept lat="45.92362" lon="6.25781">
        <ele>1614</ele>
      </rtept>
      <rtept lat="45.92364" lon="6.2578">
        <ele>1613.4</ele>
      </rtept>
      <rtept lat="45.92365" lon="6.25778">
        <ele>1612.8</ele>
      </rtept>
      <rtept lat="45.92364" lon="6.25775">
        <ele>1612</ele>
      </rtept>
      <rtept lat="45.92364" lon="6.25772">
        <ele>1611</ele>
      </rtept>
      <rtept lat="45.92362" lon="6.25769">
        <ele>1610.2</ele>
      </rtept>
      <rtept lat="45.92361" lon="6.25765">
        <ele>1609.2</ele>
      </rtept>
      <rtept lat="45.92359" lon="6.25764">
        <ele>1608.6</ele>
      </rtept>
      <rtept lat="45.92357" lon="6.25762">
        <ele>1608</ele>
      </rtept>
      <rtept lat="45.92357" lon="6.25759">
        <ele>1606.8</ele>
      </rtept>
      <rtept lat="45.92356" lon="6.25756">
        <ele>1606.4</ele>
      </rtept>
      <rtept lat="45.92356" lon="6.25752">
        <ele>1605.8</ele>
      </rtept>
      <rtept lat="45.92356" lon="6.25749">
        <ele>1604.8</ele>
      </rtept>
      <rtept lat="45.92355" lon="6.25745">
        <ele>1604.6</ele>
      </rtept>
      <rtept lat="45.92354" lon="6.25743">
        <ele>1604.6</ele>
      </rtept>
      <rtept lat="45.92353" lon="6.2574">
        <ele>1603.2</ele>
      </rtept>
      <rtept lat="45.92352" lon="6.25738">
        <ele>1602.6</ele>
      </rtept>
      <rtept lat="45.92351" lon="6.25735">
        <ele>1601.6</ele>
      </rtept>
      <rtept lat="45.92351" lon="6.25733">
        <ele>1600.2</ele>
      </rtept>
      <rtept lat="45.92349" lon="6.25731">
        <ele>1599</ele>
      </rtept>
      <rtept lat="45.9235" lon="6.25728">
        <ele>1598.6</ele>
      </rtept>
      <rtept lat="45.92351" lon="6.25725">
        <ele>1598.4</ele>
      </rtept>
      <rtept lat="45.9235" lon="6.25722">
        <ele>1597.8</ele>
      </rtept>
      <rtept lat="45.9235" lon="6.25719">
        <ele>1597</ele>
      </rtept>
      <rtept lat="45.92349" lon="6.25715">
        <ele>1596.2</ele>
      </rtept>
      <rtept lat="45.92348" lon="6.25712">
        <ele>1596</ele>
      </rtept>
      <rtept lat="45.92346" lon="6.25711">
        <ele>1595.2</ele>
      </rtept>
      <rtept lat="45.92344" lon="6.25709">
        <ele>1594.4</ele>
      </rtept>
      <rtept lat="45.92344" lon="6.25707">
        <ele>1593.8</ele>
      </rtept>
      <rtept lat="45.92345" lon="6.25704">
        <ele>1593.8</ele>
      </rtept>
      <rtept lat="45.92343" lon="6.25701">
        <ele>1593.2</ele>
      </rtept>
      <rtept lat="45.92344" lon="6.25698">
        <ele>1592.2</ele>
      </rtept>
      <rtept lat="45.92343" lon="6.25695">
        <ele>1591.6</ele>
      </rtept>
      <rtept lat="45.92343" lon="6.25692">
        <ele>1591.4</ele>
      </rtept>
      <rtept lat="45.92342" lon="6.25689">
        <ele>1591</ele>
      </rtept>
      <rtept lat="45.92342" lon="6.25685">
        <ele>1590.6</ele>
      </rtept>
      <rtept lat="45.92343" lon="6.25683">
        <ele>1590.6</ele>
      </rtept>
      <rtept lat="45.92344" lon="6.2568">
        <ele>1590</ele>
      </rtept>
      <rtept lat="45.92345" lon="6.25677">
        <ele>1589.6</ele>
      </rtept>
      <rtept lat="45.92346" lon="6.25674">
        <ele>1589.2</ele>
      </rtept>
      <rtept lat="45.92347" lon="6.25671">
        <ele>1588.2</ele>
      </rtept>
      <rtept lat="45.92347" lon="6.25668">
        <ele>1588.2</ele>
      </rtept>
      <rtept lat="45.92348" lon="6.25666">
        <ele>1587.4</ele>
      </rtept>
      <rtept lat="45.92348" lon="6.25663">
        <ele>1585.6</ele>
      </rtept>
      <rtept lat="45.92349" lon="6.2566">
        <ele>1585</ele>
      </rtept>
      <rtept lat="45.92351" lon="6.25658">
        <ele>1585</ele>
      </rtept>
      <rtept lat="45.92353" lon="6.25656">
        <ele>1584.2</ele>
      </rtept>
      <rtept lat="45.92354" lon="6.25654">
        <ele>1584</ele>
      </rtept>
      <rtept lat="45.92356" lon="6.2565">
        <ele>1583.4</ele>
      </rtept>
      <rtept lat="45.92357" lon="6.2565">
        <ele>1582.4</ele>
      </rtept>
      <rtept lat="45.92359" lon="6.25648">
        <ele>1581.4</ele>
      </rtept>
      <rtept lat="45.92361" lon="6.25646">
        <ele>1581</ele>
      </rtept>
      <rtept lat="45.92363" lon="6.25642">
        <ele>1580.4</ele>
      </rtept>
      <rtept lat="45.92365" lon="6.25639">
        <ele>1579.4</ele>
      </rtept>
      <rtept lat="45.92366" lon="6.25636">
        <ele>1578.8</ele>
      </rtept>
      <rtept lat="45.92367" lon="6.25633">
        <ele>1578.8</ele>
      </rtept>
      <rtept lat="45.92367" lon="6.25629">
        <ele>1578.4</ele>
      </rtept>
      <rtept lat="45.92369" lon="6.25627">
        <ele>1577.8</ele>
      </rtept>
      <rtept lat="45.9237" lon="6.25624">
        <ele>1577.6</ele>
      </rtept>
      <rtept lat="45.92372" lon="6.25621">
        <ele>1577</ele>
      </rtept>
      <rtept lat="45.92373" lon="6.25619">
        <ele>1576.4</ele>
      </rtept>
      <rtept lat="45.92375" lon="6.25618">
        <ele>1576.4</ele>
      </rtept>
      <rtept lat="45.92377" lon="6.25616">
        <ele>1575.8</ele>
      </rtept>
      <rtept lat="45.92379" lon="6.25617">
        <ele>1575</ele>
      </rtept>
      <rtept lat="45.92382" lon="6.25615">
        <ele>1574.2</ele>
      </rtept>
      <rtept lat="45.92383" lon="6.25614">
        <ele>1574.2</ele>
      </rtept>
      <rtept lat="45.92384" lon="6.25611">
        <ele>1573.6</ele>
      </rtept>
      <rtept lat="45.92385" lon="6.25609">
        <ele>1573.4</ele>
      </rtept>
      <rtept lat="45.92386" lon="6.25606">
        <ele>1573.2</ele>
      </rtept>
      <rtept lat="45.92387" lon="6.25602">
        <ele>1572.4</ele>
      </rtept>
      <rtept lat="45.92389" lon="6.256">
        <ele>1572.2</ele>
      </rtept>
      <rtept lat="45.9239" lon="6.25596">
        <ele>1572.2</ele>
      </rtept>
      <rtept lat="45.92392" lon="6.25595">
        <ele>1571.6</ele>
      </rtept>
      <rtept lat="45.92395" lon="6.25595">
        <ele>1571.6</ele>
      </rtept>
      <rtept lat="45.92397" lon="6.25594">
        <ele>1571.2</ele>
      </rtept>
      <rtept lat="45.92398" lon="6.25591">
        <ele>1570.4</ele>
      </rtept>
      <rtept lat="45.924" lon="6.25589">
        <ele>1570.2</ele>
      </rtept>
      <rtept lat="45.92402" lon="6.25588">
        <ele>1570.2</ele>
      </rtept>
      <rtept lat="45.92404" lon="6.25586">
        <ele>1569.8</ele>
      </rtept>
      <rtept lat="45.92405" lon="6.25583">
        <ele>1569.4</ele>
      </rtept>
      <rtept lat="45.92406" lon="6.2558">
        <ele>1568.8</ele>
      </rtept>
      <rtept lat="45.92406" lon="6.25577">
        <ele>1568.6</ele>
      </rtept>
      <rtept lat="45.92407" lon="6.25573">
        <ele>1568.6</ele>
      </rtept>
      <rtept lat="45.9241" lon="6.2557">
        <ele>1568.4</ele>
      </rtept>
      <rtept lat="45.92411" lon="6.25569">
        <ele>1568.2</ele>
      </rtept>
      <rtept lat="45.92413" lon="6.25567">
        <ele>1568</ele>
      </rtept>
      <rtept lat="45.92412" lon="6.2557">
        <ele>1566.4</ele>
      </rtept>
      <rtept lat="45.92413" lon="6.25572">
        <ele>1565.8</ele>
      </rtept>
      <rtept lat="45.92415" lon="6.25572">
        <ele>1565.6</ele>
      </rtept>
      <rtept lat="45.92418" lon="6.2557">
        <ele>1565</ele>
      </rtept>
      <rtept lat="45.92421" lon="6.25569">
        <ele>1565</ele>
      </rtept>
      <rtept lat="45.92425" lon="6.25568">
        <ele>1565</ele>
      </rtept>
      <rtept lat="45.92426" lon="6.25566">
        <ele>1564.8</ele>
      </rtept>
      <rtept lat="45.92428" lon="6.25565">
        <ele>1564.8</ele>
      </rtept>
      <rtept lat="45.92429" lon="6.25564">
        <ele>1564.4</ele>
      </rtept>
      <rtept lat="45.92432" lon="6.25563">
        <ele>1564.4</ele>
      </rtept>
      <rtept lat="45.92435" lon="6.25564">
        <ele>1564.4</ele>
      </rtept>
      <rtept lat="45.92438" lon="6.25564">
        <ele>1564.2</ele>
      </rtept>
      <rtept lat="45.92441" lon="6.25564">
        <ele>1564</ele>
      </rtept>
      <rtept lat="45.92443" lon="6.25563">
        <ele>1564.2</ele>
      </rtept>
      <rtept lat="45.92445" lon="6.25562">
        <ele>1564.2</ele>
      </rtept>
      <rtept lat="45.92446" lon="6.2556">
        <ele>1564.6</ele>
      </rtept>
      <rtept lat="45.92446" lon="6.25556">
        <ele>1564.6</ele>
      </rtept>
      <rtept lat="45.92447" lon="6.25553">
        <ele>1565.2</ele>
      </rtept>
      <rtept lat="45.92447" lon="6.25549">
        <ele>1565.8</ele>
      </rtept>
      <rtept lat="45.92448" lon="6.25546">
        <ele>1565.8</ele>
      </rtept>
      <rtept lat="45.92449" lon="6.25543">
        <ele>1565.8</ele>
      </rtept>
      <rtept lat="45.92451" lon="6.2554">
        <ele>1565.8</ele>
      </rtept>
      <rtept lat="45.92452" lon="6.25538">
        <ele>1565.4</ele>
      </rtept>
      <rtept lat="45.92454" lon="6.25536">
        <ele>1565.4</ele>
      </rtept>
      <rtept lat="45.92455" lon="6.25533">
        <ele>1565</ele>
      </rtept>
      <rtept lat="45.92456" lon="6.2553">
        <ele>1565.2</ele>
      </rtept>
      <rtept lat="45.92456" lon="6.25526">
        <ele>1565</ele>
      </rtept>
      <rtept lat="45.92456" lon="6.25523">
        <ele>1564.8</ele>
      </rtept>
      <rtept lat="45.92456" lon="6.25519">
        <ele>1565.2</ele>
      </rtept>
      <rtept lat="45.92457" lon="6.25516">
        <ele>1565</ele>
      </rtept>
      <rtept lat="45.92458" lon="6.25513">
        <ele>1565.2</ele>
      </rtept>
      <rtept lat="45.92459" lon="6.25511">
        <ele>1565.6</ele>
      </rtept>
      <rtept lat="45.92461" lon="6.25509">
        <ele>1565.8</ele>
      </rtept>
      <rtept lat="45.92463" lon="6.25507">
        <ele>1566</ele>
      </rtept>
      <rtept lat="45.92465" lon="6.25505">
        <ele>1565.8</ele>
      </rtept>
      <rtept lat="45.92466" lon="6.25502">
        <ele>1565.6</ele>
      </rtept>
      <rtept lat="45.92469" lon="6.255">
        <ele>1565.8</ele>
      </rtept>
      <rtept lat="45.92471" lon="6.25498">
        <ele>1565.8</ele>
      </rtept>
      <rtept lat="45.92472" lon="6.25496">
        <ele>1565.8</ele>
      </rtept>
      <rtept lat="45.92474" lon="6.25496">
        <ele>1565.8</ele>
      </rtept>
      <rtept lat="45.92476" lon="6.25494">
        <ele>1565.8</ele>
      </rtept>
      <rtept lat="45.92478" lon="6.25493">
        <ele>1565.2</ele>
      </rtept>
      <rtept lat="45.9248" lon="6.25492">
        <ele>1565</ele>
      </rtept>
      <rtept lat="45.92483" lon="6.25491">
        <ele>1565</ele>
      </rtept>
      <rtept lat="45.92485" lon="6.2549">
        <ele>1564.6</ele>
      </rtept>
      <rtept lat="45.92487" lon="6.25489">
        <ele>1564.2</ele>
      </rtept>
      <rtept lat="45.92489" lon="6.25488">
        <ele>1564.2</ele>
      </rtept>
      <rtept lat="45.92491" lon="6.25486">
        <ele>1564.4</ele>
      </rtept>
      <rtept lat="45.92493" lon="6.25485">
        <ele>1564.8</ele>
      </rtept>
      <rtept lat="45.92495" lon="6.25484">
        <ele>1564</ele>
      </rtept>
      <rtept lat="45.92497" lon="6.25482">
        <ele>1564</ele>
      </rtept>
      <rtept lat="45.92499" lon="6.2548">
        <ele>1564</ele>
      </rtept>
      <rtept lat="45.92501" lon="6.25476">
        <ele>1564</ele>
      </rtept>
      <rtept lat="45.92503" lon="6.25473">
        <ele>1563.8</ele>
      </rtept>
      <rtept lat="45.92505" lon="6.25472">
        <ele>1563.6</ele>
      </rtept>
      <rtept lat="45.92507" lon="6.25471">
        <ele>1563.4</ele>
      </rtept>
      <rtept lat="45.92508" lon="6.25469">
        <ele>1563.2</ele>
      </rtept>
      <rtept lat="45.92511" lon="6.25467">
        <ele>1563</ele>
      </rtept>
      <rtept lat="45.92512" lon="6.25464">
        <ele>1563</ele>
      </rtept>
      <rtept lat="45.92514" lon="6.25461">
        <ele>1562.2</ele>
      </rtept>
      <rtept lat="45.92516" lon="6.25459">
        <ele>1562</ele>
      </rtept>
      <rtept lat="45.92518" lon="6.25457">
        <ele>1561.8</ele>
      </rtept>
      <rtept lat="45.9252" lon="6.25457">
        <ele>1561.6</ele>
      </rtept>
      <rtept lat="45.92522" lon="6.25455">
        <ele>1561.6</ele>
      </rtept>
      <rtept lat="45.92524" lon="6.25453">
        <ele>1562</ele>
      </rtept>
      <rtept lat="45.92526" lon="6.25452">
        <ele>1562.2</ele>
      </rtept>
      <rtept lat="45.92529" lon="6.25447">
        <ele>1562.4</ele>
      </rtept>
      <rtept lat="45.92529" lon="6.25446">
        <ele>1563</ele>
      </rtept>
      <rtept lat="45.92531" lon="6.25445">
        <ele>1563.2</ele>
      </rtept>
      <rtept lat="45.92532" lon="6.25443">
        <ele>1563.2</ele>
      </rtept>
      <rtept lat="45.92534" lon="6.25442">
        <ele>1564</ele>
      </rtept>
      <rtept lat="45.92537" lon="6.2544">
        <ele>1563.8</ele>
      </rtept>
      <rtept lat="45.92541" lon="6.25439">
        <ele>1563.6</ele>
      </rtept>
      <rtept lat="45.92542" lon="6.25438">
        <ele>1563.6</ele>
      </rtept>
      <rtept lat="45.92544" lon="6.25437">
        <ele>1563.6</ele>
      </rtept>
      <rtept lat="45.92546" lon="6.25436">
        <ele>1563.6</ele>
      </rtept>
      <rtept lat="45.92548" lon="6.25434">
        <ele>1563.4</ele>
      </rtept>
      <rtept lat="45.9255" lon="6.25433">
        <ele>1563.2</ele>
      </rtept>
      <rtept lat="45.92553" lon="6.25431">
        <ele>1563</ele>
      </rtept>
      <rtept lat="45.92554" lon="6.25429">
        <ele>1562.8</ele>
      </rtept>
      <rtept lat="45.92556" lon="6.25427">
        <ele>1562.6</ele>
      </rtept>
      <rtept lat="45.92558" lon="6.25425">
        <ele>1562.6</ele>
      </rtept>
      <rtept lat="45.92559" lon="6.25423">
        <ele>1562.2</ele>
      </rtept>
      <rtept lat="45.92561" lon="6.25421">
        <ele>1562.4</ele>
      </rtept>
      <rtept lat="45.92563" lon="6.25418">
        <ele>1562.2</ele>
      </rtept>
      <rtept lat="45.92566" lon="6.25415">
        <ele>1562</ele>
      </rtept>
      <rtept lat="45.92566" lon="6.25413">
        <ele>1561.6</ele>
      </rtept>
      <rtept lat="45.92568" lon="6.25411">
        <ele>1561.6</ele>
      </rtept>
      <rtept lat="45.9257" lon="6.2541">
        <ele>1561.6</ele>
      </rtept>
      <rtept lat="45.92572" lon="6.25409">
        <ele>1561.4</ele>
      </rtept>
      <rtept lat="45.92573" lon="6.25407">
        <ele>1561.2</ele>
      </rtept>
      <rtept lat="45.92575" lon="6.25406">
        <ele>1561.4</ele>
      </rtept>
      <rtept lat="45.92577" lon="6.25404">
        <ele>1561.2</ele>
      </rtept>
      <rtept lat="45.92579" lon="6.25403">
        <ele>1561.2</ele>
      </rtept>
      <rtept lat="45.9258" lon="6.25404">
        <ele>1561</ele>
      </rtept>
      <rtept lat="45.92583" lon="6.25404">
        <ele>1561.2</ele>
      </rtept>
      <rtept lat="45.92585" lon="6.25403">
        <ele>1561.2</ele>
      </rtept>
      <rtept lat="45.92587" lon="6.25402">
        <ele>1561</ele>
      </rtept>
      <rtept lat="45.9259" lon="6.254">
        <ele>1560.6</ele>
      </rtept>
      <rtept lat="45.92591" lon="6.25399">
        <ele>1560.8</ele>
      </rtept>
      <rtept lat="45.92594" lon="6.25397">
        <ele>1561</ele>
      </rtept>
      <rtept lat="45.92595" lon="6.25395">
        <ele>1561.2</ele>
      </rtept>
      <rtept lat="45.92597" lon="6.25395">
        <ele>1561.2</ele>
      </rtept>
      <rtept lat="45.92599" lon="6.25395">
        <ele>1561</ele>
      </rtept>
      <rtept lat="45.92602" lon="6.25396">
        <ele>1561.2</ele>
      </rtept>
      <rtept lat="45.92604" lon="6.25395">
        <ele>1561.4</ele>
      </rtept>
      <rtept lat="45.92607" lon="6.25394">
        <ele>1561.2</ele>
      </rtept>
      <rtept lat="45.92609" lon="6.25395">
        <ele>1561.2</ele>
      </rtept>
      <rtept lat="45.92611" lon="6.25394">
        <ele>1561</ele>
      </rtept>
      <rtept lat="45.92613" lon="6.25392">
        <ele>1561</ele>
      </rtept>
      <rtept lat="45.92616" lon="6.25392">
        <ele>1561.2</ele>
      </rtept>
      <rtept lat="45.92618" lon="6.25391">
        <ele>1561</ele>
      </rtept>
      <rtept lat="45.9262" lon="6.2539">
        <ele>1561</ele>
      </rtept>
      <rtept lat="45.92622" lon="6.25388">
        <ele>1560.8</ele>
      </rtept>
      <rtept lat="45.92624" lon="6.25387">
        <ele>1561.2</ele>
      </rtept>
      <rtept lat="45.92626" lon="6.25386">
        <ele>1561.2</ele>
      </rtept>
      <rtept lat="45.92628" lon="6.25384">
        <ele>1560.4</ele>
      </rtept>
      <rtept lat="45.92629" lon="6.25385">
        <ele>1560.2</ele>
      </rtept>
      <rtept lat="45.92631" lon="6.25388">
        <ele>1558.4</ele>
      </rtept>
      <rtept lat="45.92632" lon="6.25385">
        <ele>1558.2</ele>
      </rtept>
      <rtept lat="45.92634" lon="6.25383">
        <ele>1557.8</ele>
      </rtept>
      <rtept lat="45.92635" lon="6.2538">
        <ele>1558.4</ele>
      </rtept>
      <rtept lat="45.92637" lon="6.25376">
        <ele>1558</ele>
      </rtept>
      <rtept lat="45.92638" lon="6.25374">
        <ele>1558.2</ele>
      </rtept>
      <rtept lat="45.9264" lon="6.25372">
        <ele>1558.2</ele>
      </rtept>
      <rtept lat="45.92642" lon="6.2537">
        <ele>1558.4</ele>
      </rtept>
      <rtept lat="45.92644" lon="6.25368">
        <ele>1558.4</ele>
      </rtept>
      <rtept lat="45.92646" lon="6.25365">
        <ele>1558.6</ele>
      </rtept>
      <rtept lat="45.92648" lon="6.25365">
        <ele>1558.8</ele>
      </rtept>
      <rtept lat="45.92651" lon="6.25364">
        <ele>1559.6</ele>
      </rtept>
      <rtept lat="45.92652" lon="6.25364">
        <ele>1559.8</ele>
      </rtept>
      <rtept lat="45.92653" lon="6.25366">
        <ele>1560.2</ele>
      </rtept>
      <rtept lat="45.92656" lon="6.25363">
        <ele>1560.8</ele>
      </rtept>
      <rtept lat="45.92657" lon="6.25363">
        <ele>1560.8</ele>
      </rtept>
      <rtept lat="45.92659" lon="6.2536">
        <ele>1561.2</ele>
      </rtept>
      <rtept lat="45.9266" lon="6.25358">
        <ele>1561.6</ele>
      </rtept>
      <rtept lat="45.92662" lon="6.25355">
        <ele>1562</ele>
      </rtept>
      <rtept lat="45.92664" lon="6.25354">
        <ele>1562.6</ele>
      </rtept>
      <rtept lat="45.92666" lon="6.25352">
        <ele>1562.6</ele>
      </rtept>
      <rtept lat="45.92666" lon="6.25349">
        <ele>1562.6</ele>
      </rtept>
      <rtept lat="45.92666" lon="6.25345">
        <ele>1562.8</ele>
      </rtept>
      <rtept lat="45.92665" lon="6.25344">
        <ele>1563.4</ele>
      </rtept>
      <rtept lat="45.92668" lon="6.25343">
        <ele>1563.6</ele>
      </rtept>
      <rtept lat="45.92671" lon="6.25342">
        <ele>1563.4</ele>
      </rtept>
      <rtept lat="45.92674" lon="6.25341">
        <ele>1563.4</ele>
      </rtept>
      <rtept lat="45.92676" lon="6.2534">
        <ele>1563.6</ele>
      </rtept>
      <rtept lat="45.92679" lon="6.2534">
        <ele>1563.4</ele>
      </rtept>
      <rtept lat="45.9268" lon="6.25339">
        <ele>1563.4</ele>
      </rtept>
      <rtept lat="45.92681" lon="6.25336">
        <ele>1563.6</ele>
      </rtept>
      <rtept lat="45.9268" lon="6.25333">
        <ele>1563.6</ele>
      </rtept>
      <rtept lat="45.92681" lon="6.2533">
        <ele>1564.2</ele>
      </rtept>
      <rtept lat="45.92683" lon="6.25332">
        <ele>1563.4</ele>
      </rtept>
      <rtept lat="45.92685" lon="6.25332">
        <ele>1563.8</ele>
      </rtept>
      <rtept lat="45.92687" lon="6.25331">
        <ele>1563.8</ele>
      </rtept>
      <rtept lat="45.92688" lon="6.25328">
        <ele>1561.8</ele>
      </rtept>
      <rtept lat="45.92689" lon="6.25322">
        <ele>1561.6</ele>
      </rtept>
      <rtept lat="45.9269" lon="6.25321">
        <ele>1561.6</ele>
      </rtept>
      <rtept lat="45.92692" lon="6.25317">
        <ele>1561.8</ele>
      </rtept>
      <rtept lat="45.92692" lon="6.25316">
        <ele>1561.8</ele>
      </rtept>
      <rtept lat="45.92694" lon="6.25314">
        <ele>1562.2</ele>
      </rtept>
      <rtept lat="45.92696" lon="6.25311">
        <ele>1562.2</ele>
      </rtept>
      <rtept lat="45.92698" lon="6.25308">
        <ele>1562.2</ele>
      </rtept>
      <rtept lat="45.92699" lon="6.25306">
        <ele>1562.2</ele>
      </rtept>
      <rtept lat="45.92701" lon="6.25303">
        <ele>1562.2</ele>
      </rtept>
      <rtept lat="45.92702" lon="6.25301">
        <ele>1562.2</ele>
      </rtept>
      <rtept lat="45.92704" lon="6.253">
        <ele>1562.2</ele>
      </rtept>
      <rtept lat="45.92706" lon="6.25297">
        <ele>1562.4</ele>
      </rtept>
      <rtept lat="45.92708" lon="6.25295">
        <ele>1562.2</ele>
      </rtept>
      <rtept lat="45.92709" lon="6.25293">
        <ele>1562.8</ele>
      </rtept>
      <rtept lat="45.92711" lon="6.25291">
        <ele>1562.8</ele>
      </rtept>
      <rtept lat="45.92713" lon="6.25289">
        <ele>1562.8</ele>
      </rtept>
      <rtept lat="45.92715" lon="6.25288">
        <ele>1562.8</ele>
      </rtept>
      <rtept lat="45.92717" lon="6.25286">
        <ele>1563.2</ele>
      </rtept>
      <rtept lat="45.92719" lon="6.25285">
        <ele>1563.6</ele>
      </rtept>
      <rtept lat="45.92721" lon="6.25283">
        <ele>1564.2</ele>
      </rtept>
      <rtept lat="45.92724" lon="6.25282">
        <ele>1565</ele>
      </rtept>
      <rtept lat="45.92725" lon="6.25282">
        <ele>1565.6</ele>
      </rtept>
      <rtept lat="45.92727" lon="6.2528">
        <ele>1566.2</ele>
      </rtept>
      <rtept lat="45.9273" lon="6.25278">
        <ele>1566.8</ele>
      </rtept>
      <rtept lat="45.92732" lon="6.25277">
        <ele>1566.4</ele>
      </rtept>
      <rtept lat="45.92733" lon="6.25275">
        <ele>1566.4</ele>
      </rtept>
      <rtept lat="45.92736" lon="6.25272">
        <ele>1566.6</ele>
      </rtept>
      <rtept lat="45.92738" lon="6.2527">
        <ele>1566.8</ele>
      </rtept>
      <rtept lat="45.92739" lon="6.25268">
        <ele>1566.6</ele>
      </rtept>
      <rtept lat="45.92741" lon="6.25267">
        <ele>1567</ele>
      </rtept>
      <rtept lat="45.92743" lon="6.25264">
        <ele>1567.6</ele>
      </rtept>
      <rtept lat="45.92744" lon="6.25261">
        <ele>1568.2</ele>
      </rtept>
      <rtept lat="45.92745" lon="6.2526">
        <ele>1568.2</ele>
      </rtept>
      <rtept lat="45.92747" lon="6.25257">
        <ele>1568.6</ele>
      </rtept>
      <rtept lat="45.92749" lon="6.25256">
        <ele>1568.8</ele>
      </rtept>
      <rtept lat="45.9275" lon="6.25253">
        <ele>1569</ele>
      </rtept>
      <rtept lat="45.92752" lon="6.25249">
        <ele>1568.8</ele>
      </rtept>
      <rtept lat="45.92754" lon="6.25246">
        <ele>1569.2</ele>
      </rtept>
      <rtept lat="45.92754" lon="6.25245">
        <ele>1569.2</ele>
      </rtept>
      <rtept lat="45.92755" lon="6.25243">
        <ele>1569</ele>
      </rtept>
      <rtept lat="45.92757" lon="6.2524">
        <ele>1569.4</ele>
      </rtept>
      <rtept lat="45.92758" lon="6.25238">
        <ele>1569.4</ele>
      </rtept>
      <rtept lat="45.9276" lon="6.25236">
        <ele>1569.4</ele>
      </rtept>
      <rtept lat="45.92762" lon="6.25234">
        <ele>1569.6</ele>
      </rtept>
      <rtept lat="45.92763" lon="6.25233">
        <ele>1569.6</ele>
      </rtept>
      <rtept lat="45.92765" lon="6.25231">
        <ele>1569.8</ele>
      </rtept>
      <rtept lat="45.92767" lon="6.2523">
        <ele>1570.2</ele>
      </rtept>
      <rtept lat="45.92769" lon="6.25229">
        <ele>1570.2</ele>
      </rtept>
      <rtept lat="45.92771" lon="6.25228">
        <ele>1570.6</ele>
      </rtept>
      <rtept lat="45.92773" lon="6.25227">
        <ele>1570.8</ele>
      </rtept>
      <rtept lat="45.92775" lon="6.25226">
        <ele>1570.8</ele>
      </rtept>
      <rtept lat="45.92777" lon="6.25224">
        <ele>1570.6</ele>
      </rtept>
      <rtept lat="45.92779" lon="6.25223">
        <ele>1570.6</ele>
      </rtept>
      <rtept lat="45.92781" lon="6.25222">
        <ele>1570.8</ele>
      </rtept>
      <rtept lat="45.92783" lon="6.25222">
        <ele>1570.8</ele>
      </rtept>
      <rtept lat="45.92785" lon="6.2522">
        <ele>1570.4</ele>
      </rtept>
      <rtept lat="45.92787" lon="6.25219">
        <ele>1570.6</ele>
      </rtept>
      <rtept lat="45.92788" lon="6.25217">
        <ele>1570.4</ele>
      </rtept>
      <rtept lat="45.9279" lon="6.25215">
        <ele>1571</ele>
      </rtept>
      <rtept lat="45.92792" lon="6.25214">
        <ele>1571.6</ele>
      </rtept>
      <rtept lat="45.92793" lon="6.25213">
        <ele>1571.6</ele>
      </rtept>
      <rtept lat="45.92796" lon="6.25211">
        <ele>1571.6</ele>
      </rtept>
      <rtept lat="45.92798" lon="6.25208">
        <ele>1571.2</ele>
      </rtept>
      <rtept lat="45.928" lon="6.25206">
        <ele>1571.2</ele>
      </rtept>
      <rtept lat="45.92802" lon="6.25202">
        <ele>1571.4</ele>
      </rtept>
      <rtept lat="45.92803" lon="6.25201">
        <ele>1571.4</ele>
      </rtept>
      <rtept lat="45.92804" lon="6.25199">
        <ele>1572</ele>
      </rtept>
      <rtept lat="45.92805" lon="6.25196">
        <ele>1572.4</ele>
      </rtept>
      <rtept lat="45.92807" lon="6.25193">
        <ele>1571.4</ele>
      </rtept>
      <rtept lat="45.92808" lon="6.2519">
        <ele>1571</ele>
      </rtept>
      <rtept lat="45.9281" lon="6.25186">
        <ele>1571.2</ele>
      </rtept>
      <rtept lat="45.92811" lon="6.25184">
        <ele>1571.2</ele>
      </rtept>
      <rtept lat="45.92813" lon="6.25181">
        <ele>1571.4</ele>
      </rtept>
      <rtept lat="45.92815" lon="6.25178">
        <ele>1571.4</ele>
      </rtept>
      <rtept lat="45.92816" lon="6.25175">
        <ele>1571.4</ele>
      </rtept>
      <rtept lat="45.92818" lon="6.25173">
        <ele>1571.6</ele>
      </rtept>
      <rtept lat="45.9282" lon="6.25171">
        <ele>1571.6</ele>
      </rtept>
      <rtept lat="45.92821" lon="6.25168">
        <ele>1571.6</ele>
      </rtept>
      <rtept lat="45.92822" lon="6.25166">
        <ele>1571.8</ele>
      </rtept>
      <rtept lat="45.92826" lon="6.25164">
        <ele>1571.6</ele>
      </rtept>
      <rtept lat="45.92827" lon="6.25164">
        <ele>1571.6</ele>
      </rtept>
      <rtept lat="45.9283" lon="6.25162">
        <ele>1571.8</ele>
      </rtept>
      <rtept lat="45.92832" lon="6.25161">
        <ele>1571.8</ele>
      </rtept>
      <rtept lat="45.92834" lon="6.2516">
        <ele>1572.2</ele>
      </rtept>
      <rtept lat="45.92836" lon="6.25159">
        <ele>1571.8</ele>
      </rtept>
      <rtept lat="45.92838" lon="6.25159">
        <ele>1571.8</ele>
      </rtept>
      <rtept lat="45.9284" lon="6.25158">
        <ele>1571.8</ele>
      </rtept>
      <rtept lat="45.92843" lon="6.25158">
        <ele>1572.4</ele>
      </rtept>
      <rtept lat="45.92846" lon="6.25157">
        <ele>1572.2</ele>
      </rtept>
      <rtept lat="45.92848" lon="6.25156">
        <ele>1572.8</ele>
      </rtept>
      <rtept lat="45.9285" lon="6.25155">
        <ele>1573.4</ele>
      </rtept>
      <rtept lat="45.92852" lon="6.25153">
        <ele>1573.6</ele>
      </rtept>
      <rtept lat="45.92853" lon="6.25151">
        <ele>1574</ele>
      </rtept>
      <rtept lat="45.92856" lon="6.25149">
        <ele>1574.2</ele>
      </rtept>
      <rtept lat="45.92856" lon="6.25145">
        <ele>1574.4</ele>
      </rtept>
      <rtept lat="45.92856" lon="6.25141">
        <ele>1574.4</ele>
      </rtept>
      <rtept lat="45.92855" lon="6.25137">
        <ele>1574.4</ele>
      </rtept>
      <rtept lat="45.92856" lon="6.25134">
        <ele>1573.2</ele>
      </rtept>
      <rtept lat="45.92857" lon="6.25131">
        <ele>1573.4</ele>
      </rtept>
      <rtept lat="45.92858" lon="6.25127">
        <ele>1572.8</ele>
      </rtept>
      <rtept lat="45.92859" lon="6.25124">
        <ele>1572.6</ele>
      </rtept>
      <rtept lat="45.9286" lon="6.25119">
        <ele>1572.8</ele>
      </rtept>
      <rtept lat="45.9286" lon="6.25118">
        <ele>1572.8</ele>
      </rtept>
      <rtept lat="45.92861" lon="6.25114">
        <ele>1572.6</ele>
      </rtept>
      <rtept lat="45.92863" lon="6.25111">
        <ele>1572.6</ele>
      </rtept>
      <rtept lat="45.92864" lon="6.25108">
        <ele>1573</ele>
      </rtept>
      <rtept lat="45.92865" lon="6.25105">
        <ele>1573.2</ele>
      </rtept>
      <rtept lat="45.92866" lon="6.25103">
        <ele>1573.2</ele>
      </rtept>
      <rtept lat="45.92868" lon="6.25104">
        <ele>1572</ele>
      </rtept>
      <rtept lat="45.92869" lon="6.25101">
        <ele>1572.2</ele>
      </rtept>
      <rtept lat="45.9287" lon="6.25097">
        <ele>1572.4</ele>
      </rtept>
      <rtept lat="45.92871" lon="6.25094">
        <ele>1572.4</ele>
      </rtept>
      <rtept lat="45.92872" lon="6.25091">
        <ele>1572.2</ele>
      </rtept>
      <rtept lat="45.92874" lon="6.25089">
        <ele>1572.4</ele>
      </rtept>
      <rtept lat="45.92875" lon="6.25087">
        <ele>1572.2</ele>
      </rtept>
      <rtept lat="45.92876" lon="6.25084">
        <ele>1572.2</ele>
      </rtept>
      <rtept lat="45.92877" lon="6.25081">
        <ele>1572.6</ele>
      </rtept>
      <rtept lat="45.92877" lon="6.25078">
        <ele>1572.8</ele>
      </rtept>
      <rtept lat="45.92878" lon="6.25075">
        <ele>1573</ele>
      </rtept>
      <rtept lat="45.92879" lon="6.25072">
        <ele>1573.2</ele>
      </rtept>
      <rtept lat="45.92879" lon="6.25069">
        <ele>1573.2</ele>
      </rtept>
      <rtept lat="45.92879" lon="6.25066">
        <ele>1573.2</ele>
      </rtept>
      <rtept lat="45.92882" lon="6.25063">
        <ele>1573</ele>
      </rtept>
      <rtept lat="45.92883" lon="6.25061">
        <ele>1573.4</ele>
      </rtept>
      <rtept lat="45.92884" lon="6.25059">
        <ele>1573.4</ele>
      </rtept>
      <rtept lat="45.92886" lon="6.25057">
        <ele>1572.8</ele>
      </rtept>
      <rtept lat="45.92887" lon="6.25055">
        <ele>1571.8</ele>
      </rtept>
      <rtept lat="45.92889" lon="6.25053">
        <ele>1571.8</ele>
      </rtept>
      <rtept lat="45.92891" lon="6.25051">
        <ele>1571.8</ele>
      </rtept>
      <rtept lat="45.92893" lon="6.2505">
        <ele>1571.6</ele>
      </rtept>
      <rtept lat="45.92895" lon="6.2505">
        <ele>1571.6</ele>
      </rtept>
      <rtept lat="45.92897" lon="6.25047">
        <ele>1571.4</ele>
      </rtept>
      <rtept lat="45.92898" lon="6.25045">
        <ele>1570.4</ele>
      </rtept>
      <rtept lat="45.929" lon="6.25042">
        <ele>1570</ele>
      </rtept>
      <rtept lat="45.92901" lon="6.2504">
        <ele>1569.4</ele>
      </rtept>
      <rtept lat="45.92901" lon="6.25037">
        <ele>1569.4</ele>
      </rtept>
      <rtept lat="45.92902" lon="6.25035">
        <ele>1568.8</ele>
      </rtept>
      <rtept lat="45.92904" lon="6.25034">
        <ele>1568.2</ele>
      </rtept>
      <rtept lat="45.92906" lon="6.25034">
        <ele>1567</ele>
      </rtept>
      <rtept lat="45.92908" lon="6.25032">
        <ele>1566.4</ele>
      </rtept>
      <rtept lat="45.92909" lon="6.25028">
        <ele>1565.6</ele>
      </rtept>
      <rtept lat="45.9291" lon="6.25026">
        <ele>1564.6</ele>
      </rtept>
      <rtept lat="45.92913" lon="6.25024">
        <ele>1563.4</ele>
      </rtept>
      <rtept lat="45.92914" lon="6.25023">
        <ele>1562.6</ele>
      </rtept>
      <rtept lat="45.92916" lon="6.25022">
        <ele>1562.2</ele>
      </rtept>
      <rtept lat="45.92918" lon="6.25022">
        <ele>1561.6</ele>
      </rtept>
      <rtept lat="45.9292" lon="6.25021">
        <ele>1561.6</ele>
      </rtept>
      <rtept lat="45.92918" lon="6.2502">
        <ele>1559.2</ele>
      </rtept>
      <rtept lat="45.92918" lon="6.25017">
        <ele>1557</ele>
      </rtept>
      <rtept lat="45.92919" lon="6.25014">
        <ele>1556.6</ele>
      </rtept>
      <rtept lat="45.92921" lon="6.25012">
        <ele>1555.6</ele>
      </rtept>
      <rtept lat="45.92922" lon="6.2501">
        <ele>1553.6</ele>
      </rtept>
      <rtept lat="45.92924" lon="6.25007">
        <ele>1550.8</ele>
      </rtept>
      <rtept lat="45.92926" lon="6.25005">
        <ele>1550.8</ele>
      </rtept>
      <rtept lat="45.92928" lon="6.25003">
        <ele>1549.8</ele>
      </rtept>
      <rtept lat="45.9293" lon="6.25">
        <ele>1549.6</ele>
      </rtept>
      <rtept lat="45.92932" lon="6.24999">
        <ele>1548.6</ele>
      </rtept>
      <rtept lat="45.92934" lon="6.24997">
        <ele>1548.4</ele>
      </rtept>
      <rtept lat="45.92936" lon="6.24997">
        <ele>1547.2</ele>
      </rtept>
      <rtept lat="45.92938" lon="6.24997">
        <ele>1546.6</ele>
      </rtept>
      <rtept lat="45.92939" lon="6.24994">
        <ele>1546.2</ele>
      </rtept>
      <rtept lat="45.92941" lon="6.24993">
        <ele>1544.6</ele>
      </rtept>
      <rtept lat="45.92943" lon="6.24993">
        <ele>1544.2</ele>
      </rtept>
      <rtept lat="45.92945" lon="6.24992">
        <ele>1544.2</ele>
      </rtept>
      <rtept lat="45.92947" lon="6.24992">
        <ele>1543.6</ele>
      </rtept>
      <rtept lat="45.92949" lon="6.2499">
        <ele>1542.2</ele>
      </rtept>
      <rtept lat="45.9295" lon="6.24988">
        <ele>1541.4</ele>
      </rtept>
      <rtept lat="45.92951" lon="6.24985">
        <ele>1540.2</ele>
      </rtept>
      <rtept lat="45.92953" lon="6.24984">
        <ele>1539.6</ele>
      </rtept>
      <rtept lat="45.92956" lon="6.24983">
        <ele>1538.4</ele>
      </rtept>
      <rtept lat="45.92957" lon="6.2498">
        <ele>1531.4</ele>
      </rtept>
      <rtept lat="45.92959" lon="6.24978">
        <ele>1528.2</ele>
      </rtept>
      <rtept lat="45.92962" lon="6.24976">
        <ele>1528</ele>
      </rtept>
      <rtept lat="45.92963" lon="6.24975">
        <ele>1527.6</ele>
      </rtept>
      <rtept lat="45.92966" lon="6.24973">
        <ele>1527.2</ele>
      </rtept>
      <rtept lat="45.92967" lon="6.2497">
        <ele>1527</ele>
      </rtept>
      <rtept lat="45.92966" lon="6.24968">
        <ele>1526.2</ele>
      </rtept>
      <rtept lat="45.92965" lon="6.24966">
        <ele>1525.2</ele>
      </rtept>
      <rtept lat="45.92965" lon="6.24963">
        <ele>1525</ele>
      </rtept>
      <rtept lat="45.92965" lon="6.2496">
        <ele>1524.6</ele>
      </rtept>
      <rtept lat="45.92965" lon="6.24957">
        <ele>1523.6</ele>
      </rtept>
      <rtept lat="45.92965" lon="6.24954">
        <ele>1523.6</ele>
      </rtept>
      <rtept lat="45.92965" lon="6.24951">
        <ele>1522.2</ele>
      </rtept>
      <rtept lat="45.92967" lon="6.24949">
        <ele>1522</ele>
      </rtept>
      <rtept lat="45.92969" lon="6.24946">
        <ele>1521.2</ele>
      </rtept>
      <rtept lat="45.9297" lon="6.24943">
        <ele>1521.2</ele>
      </rtept>
      <rtept lat="45.92971" lon="6.24941">
        <ele>1520.6</ele>
      </rtept>
      <rtept lat="45.92971" lon="6.24938">
        <ele>1519.8</ele>
      </rtept>
      <rtept lat="45.9297" lon="6.24936">
        <ele>1519</ele>
      </rtept>
      <rtept lat="45.92971" lon="6.24933">
        <ele>1518.6</ele>
      </rtept>
      <rtept lat="45.92971" lon="6.2493">
        <ele>1518.2</ele>
      </rtept>
      <rtept lat="45.92971" lon="6.24927">
        <ele>1517.6</ele>
      </rtept>
      <rtept lat="45.92972" lon="6.24924">
        <ele>1517.4</ele>
      </rtept>
      <rtept lat="45.92972" lon="6.24921">
        <ele>1516.4</ele>
      </rtept>
      <rtept lat="45.92974" lon="6.24917">
        <ele>1516</ele>
      </rtept>
      <rtept lat="45.92974" lon="6.24915">
        <ele>1515.4</ele>
      </rtept>
      <rtept lat="45.92975" lon="6.24912">
        <ele>1514.6</ele>
      </rtept>
      <rtept lat="45.92974" lon="6.2491">
        <ele>1513.8</ele>
      </rtept>
      <rtept lat="45.92975" lon="6.24907">
        <ele>1512.4</ele>
      </rtept>
      <rtept lat="45.92977" lon="6.24905">
        <ele>1511.4</ele>
      </rtept>
      <rtept lat="45.92977" lon="6.24903">
        <ele>1510.4</ele>
      </rtept>
      <rtept lat="45.92978" lon="6.249">
        <ele>1510</ele>
      </rtept>
      <rtept lat="45.92981" lon="6.24896">
        <ele>1509</ele>
      </rtept>
      <rtept lat="45.92984" lon="6.24892">
        <ele>1508.8</ele>
      </rtept>
      <rtept lat="45.92985" lon="6.2489">
        <ele>1508.2</ele>
      </rtept>
      <rtept lat="45.92987" lon="6.24887">
        <ele>1507.6</ele>
      </rtept>
      <rtept lat="45.92989" lon="6.24884">
        <ele>1507</ele>
      </rtept>
      <rtept lat="45.9299" lon="6.24883">
        <ele>1506.8</ele>
      </rtept>
      <rtept lat="45.92992" lon="6.24883">
        <ele>1505.4</ele>
      </rtept>
      <rtept lat="45.92996" lon="6.24881">
        <ele>1505</ele>
      </rtept>
      <rtept lat="45.92997" lon="6.24881">
        <ele>1505</ele>
      </rtept>
      <rtept lat="45.92998" lon="6.2488">
        <ele>1505</ele>
      </rtept>
      <rtept lat="45.93" lon="6.24877">
        <ele>1504.8</ele>
      </rtept>
      <rtept lat="45.93001" lon="6.24875">
        <ele>1504.6</ele>
      </rtept>
      <rtept lat="45.93003" lon="6.24874">
        <ele>1504.4</ele>
      </rtept>
      <rtept lat="45.93006" lon="6.24872">
        <ele>1504.2</ele>
      </rtept>
      <rtept lat="45.93007" lon="6.24871">
        <ele>1504.2</ele>
      </rtept>
      <rtept lat="45.93009" lon="6.24871">
        <ele>1504</ele>
      </rtept>
      <rtept lat="45.93012" lon="6.24869">
        <ele>1503.6</ele>
      </rtept>
      <rtept lat="45.93012" lon="6.24868">
        <ele>1503.6</ele>
      </rtept>
      <rtept lat="45.93014" lon="6.2487">
        <ele>1503</ele>
      </rtept>
      <rtept lat="45.93013" lon="6.24873">
        <ele>1503</ele>
      </rtept>
      <rtept lat="45.93014" lon="6.24875">
        <ele>1502.6</ele>
      </rtept>
      <rtept lat="45.93014" lon="6.24878">
        <ele>1502.2</ele>
      </rtept>
      <rtept lat="45.93016" lon="6.24873">
        <ele>1502</ele>
      </rtept>
      <rtept lat="45.93016" lon="6.24872">
        <ele>1501.8</ele>
      </rtept>
      <rtept lat="45.93017" lon="6.24869">
        <ele>1501.6</ele>
      </rtept>
      <rtept lat="45.93019" lon="6.2487">
        <ele>1500.8</ele>
      </rtept>
      <rtept lat="45.93021" lon="6.24871">
        <ele>1500.8</ele>
      </rtept>
      <rtept lat="45.93023" lon="6.24869">
        <ele>1500.2</ele>
      </rtept>
      <rtept lat="45.93025" lon="6.24867">
        <ele>1500</ele>
      </rtept>
      <rtept lat="45.93027" lon="6.24866">
        <ele>1499.8</ele>
      </rtept>
      <rtept lat="45.93029" lon="6.24865">
        <ele>1499.6</ele>
      </rtept>
      <rtept lat="45.93032" lon="6.24863">
        <ele>1499.4</ele>
      </rtept>
      <rtept lat="45.93034" lon="6.24862">
        <ele>1498.8</ele>
      </rtept>
      <rtept lat="45.93035" lon="6.2486">
        <ele>1498.8</ele>
      </rtept>
      <rtept lat="45.93035" lon="6.24858">
        <ele>1498.2</ele>
      </rtept>
      <rtept lat="45.93036" lon="6.24854">
        <ele>1497.8</ele>
      </rtept>
      <rtept lat="45.93038" lon="6.24853">
        <ele>1497.4</ele>
      </rtept>
      <rtept lat="45.93038" lon="6.24851">
        <ele>1497</ele>
      </rtept>
      <rtept lat="45.93036" lon="6.24852">
        <ele>1497.6</ele>
      </rtept>
      <rtept lat="45.93034" lon="6.24854">
        <ele>1497.2</ele>
      </rtept>
      <rtept lat="45.93032" lon="6.24854">
        <ele>1497.4</ele>
      </rtept>
      <rtept lat="45.93031" lon="6.24854">
        <ele>1495.8</ele>
      </rtept>
      <rtept lat="45.93025" lon="6.24855">
        <ele>1494.6</ele>
      </rtept>
      <rtept lat="45.93021" lon="6.24855">
        <ele>1494</ele>
      </rtept>
      <rtept lat="45.9302" lon="6.24854">
        <ele>1494</ele>
      </rtept>
      <rtept lat="45.93018" lon="6.24852">
        <ele>1493.2</ele>
      </rtept>
      <rtept lat="45.93017" lon="6.24852">
        <ele>1493</ele>
      </rtept>
      <rtept lat="45.93014" lon="6.24852">
        <ele>1492.6</ele>
      </rtept>
      <rtept lat="45.93011" lon="6.24852">
        <ele>1492</ele>
      </rtept>
      <rtept lat="45.93008" lon="6.24851">
        <ele>1491.6</ele>
      </rtept>
      <rtept lat="45.93005" lon="6.2485">
        <ele>1490.6</ele>
      </rtept>
      <rtept lat="45.93003" lon="6.24849">
        <ele>1490.2</ele>
      </rtept>
      <rtept lat="45.93002" lon="6.24848">
        <ele>1489.6</ele>
      </rtept>
      <rtept lat="45.92998" lon="6.24847">
        <ele>1488.8</ele>
      </rtept>
      <rtept lat="45.92997" lon="6.24847">
        <ele>1488</ele>
      </rtept>
      <rtept lat="45.92995" lon="6.24848">
        <ele>1488</ele>
      </rtept>
      <rtept lat="45.92993" lon="6.24847">
        <ele>1486.8</ele>
      </rtept>
      <rtept lat="45.92991" lon="6.24848">
        <ele>1486.2</ele>
      </rtept>
      <rtept lat="45.92988" lon="6.24849">
        <ele>1486</ele>
      </rtept>
      <rtept lat="45.92986" lon="6.24849">
        <ele>1486</ele>
      </rtept>
      <rtept lat="45.92984" lon="6.24846">
        <ele>1485.6</ele>
      </rtept>
      <rtept lat="45.92983" lon="6.24842">
        <ele>1484.8</ele>
      </rtept>
      <rtept lat="45.92983" lon="6.2484">
        <ele>1484.6</ele>
      </rtept>
      <rtept lat="45.92982" lon="6.24837">
        <ele>1484</ele>
      </rtept>
      <rtept lat="45.92981" lon="6.24835">
        <ele>1482.8</ele>
      </rtept>
      <rtept lat="45.92979" lon="6.24836">
        <ele>1482.4</ele>
      </rtept>
      <rtept lat="45.92977" lon="6.24837">
        <ele>1481.8</ele>
      </rtept>
      <rtept lat="45.92975" lon="6.24837">
        <ele>1480.8</ele>
      </rtept>
      <rtept lat="45.92973" lon="6.24837">
        <ele>1479.4</ele>
      </rtept>
      <rtept lat="45.92971" lon="6.24839">
        <ele>1478.4</ele>
      </rtept>
      <rtept lat="45.92969" lon="6.2484">
        <ele>1477.8</ele>
      </rtept>
      <rtept lat="45.92967" lon="6.24838">
        <ele>1477</ele>
      </rtept>
      <rtept lat="45.92966" lon="6.24835">
        <ele>1476.4</ele>
      </rtept>
      <rtept lat="45.92966" lon="6.24832">
        <ele>1476.2</ele>
      </rtept>
      <rtept lat="45.92966" lon="6.24829">
        <ele>1474.8</ele>
      </rtept>
      <rtept lat="45.92967" lon="6.24826">
        <ele>1474.4</ele>
      </rtept>
      <rtept lat="45.92967" lon="6.24824">
        <ele>1474.2</ele>
      </rtept>
      <rtept lat="45.92967" lon="6.24821">
        <ele>1473.8</ele>
      </rtept>
      <rtept lat="45.92967" lon="6.24816">
        <ele>1472.2</ele>
      </rtept>
      <rtept lat="45.92968" lon="6.24814">
        <ele>1471.6</ele>
      </rtept>
      <rtept lat="45.9297" lon="6.24811">
        <ele>1470.6</ele>
      </rtept>
      <rtept lat="45.92971" lon="6.24809">
        <ele>1470.4</ele>
      </rtept>
      <rtept lat="45.92973" lon="6.24807">
        <ele>1469</ele>
      </rtept>
      <rtept lat="45.92972" lon="6.24803">
        <ele>1468.6</ele>
      </rtept>
      <rtept lat="45.92974" lon="6.248">
        <ele>1468.4</ele>
      </rtept>
      <rtept lat="45.92975" lon="6.24798">
        <ele>1467.2</ele>
      </rtept>
      <rtept lat="45.92977" lon="6.24797">
        <ele>1467.2</ele>
      </rtept>
      <rtept lat="45.92979" lon="6.24796">
        <ele>1466.8</ele>
      </rtept>
      <rtept lat="45.92981" lon="6.24796">
        <ele>1466.2</ele>
      </rtept>
      <rtept lat="45.92983" lon="6.24796">
        <ele>1465.8</ele>
      </rtept>
      <rtept lat="45.92985" lon="6.24795">
        <ele>1464.4</ele>
      </rtept>
      <rtept lat="45.92983" lon="6.24794">
        <ele>1463.2</ele>
      </rtept>
      <rtept lat="45.9298" lon="6.24794">
        <ele>1463.2</ele>
      </rtept>
      <rtept lat="45.92979" lon="6.24794">
        <ele>1462.6</ele>
      </rtept>
      <rtept lat="45.92977" lon="6.24793">
        <ele>1462.4</ele>
      </rtept>
      <rtept lat="45.92974" lon="6.24794">
        <ele>1461</ele>
      </rtept>
      <rtept lat="45.92971" lon="6.24793">
        <ele>1460.2</ele>
      </rtept>
      <rtept lat="45.9297" lon="6.24792">
        <ele>1460</ele>
      </rtept>
      <rtept lat="45.92967" lon="6.24791">
        <ele>1459.4</ele>
      </rtept>
      <rtept lat="45.92965" lon="6.24791">
        <ele>1459.4</ele>
      </rtept>
      <rtept lat="45.92963" lon="6.24793">
        <ele>1458.4</ele>
      </rtept>
      <rtept lat="45.9296" lon="6.24794">
        <ele>1458.2</ele>
      </rtept>
      <rtept lat="45.92959" lon="6.24795">
        <ele>1457.6</ele>
      </rtept>
      <rtept lat="45.92958" lon="6.24798">
        <ele>1457.4</ele>
      </rtept>
      <rtept lat="45.92956" lon="6.24799">
        <ele>1456.6</ele>
      </rtept>
      <rtept lat="45.92955" lon="6.24797">
        <ele>1456</ele>
      </rtept>
      <rtept lat="45.92954" lon="6.24794">
        <ele>1454.6</ele>
      </rtept>
      <rtept lat="45.92954" lon="6.24791">
        <ele>1454.2</ele>
      </rtept>
      <rtept lat="45.92954" lon="6.24788">
        <ele>1453.6</ele>
      </rtept>
      <rtept lat="45.92955" lon="6.24786">
        <ele>1453.4</ele>
      </rtept>
      <rtept lat="45.92956" lon="6.24782">
        <ele>1453</ele>
      </rtept>
      <rtept lat="45.92957" lon="6.2478">
        <ele>1453</ele>
      </rtept>
      <rtept lat="45.92959" lon="6.24779">
        <ele>1452.8</ele>
      </rtept>
      <rtept lat="45.9296" lon="6.24777">
        <ele>1452.4</ele>
      </rtept>
      <rtept lat="45.92961" lon="6.24774">
        <ele>1451.2</ele>
      </rtept>
      <rtept lat="45.92963" lon="6.24772">
        <ele>1450.6</ele>
      </rtept>
      <rtept lat="45.92965" lon="6.24772">
        <ele>1450</ele>
      </rtept>
      <rtept lat="45.92967" lon="6.2477">
        <ele>1448.2</ele>
      </rtept>
      <rtept lat="45.92969" lon="6.24768">
        <ele>1448</ele>
      </rtept>
      <rtept lat="45.92973" lon="6.24766">
        <ele>1447.2</ele>
      </rtept>
      <rtept lat="45.92974" lon="6.24765">
        <ele>1444.2</ele>
      </rtept>
      <rtept lat="45.92976" lon="6.24763">
        <ele>1444.2</ele>
      </rtept>
      <rtept lat="45.92974" lon="6.24761">
        <ele>1443.4</ele>
      </rtept>
      <rtept lat="45.92974" lon="6.24758">
        <ele>1440.8</ele>
      </rtept>
      <rtept lat="45.92974" lon="6.24754">
        <ele>1440.2</ele>
      </rtept>
      <rtept lat="45.92971" lon="6.24753">
        <ele>1439.8</ele>
      </rtept>
      <rtept lat="45.92969" lon="6.24752">
        <ele>1439.2</ele>
      </rtept>
      <rtept lat="45.92968" lon="6.2475">
        <ele>1438</ele>
      </rtept>
      <rtept lat="45.92966" lon="6.24749">
        <ele>1437.6</ele>
      </rtept>
      <rtept lat="45.92965" lon="6.24747">
        <ele>1436.8</ele>
      </rtept>
      <rtept lat="45.92964" lon="6.24743">
        <ele>1436</ele>
      </rtept>
      <rtept lat="45.92961" lon="6.24741">
        <ele>1435</ele>
      </rtept>
      <rtept lat="45.92959" lon="6.2474">
        <ele>1435</ele>
      </rtept>
      <rtept lat="45.92957" lon="6.2474">
        <ele>1434.4</ele>
      </rtept>
      <rtept lat="45.92955" lon="6.24741">
        <ele>1433.6</ele>
      </rtept>
      <rtept lat="45.92952" lon="6.24743">
        <ele>1433</ele>
      </rtept>
      <rtept lat="45.9295" lon="6.24742">
        <ele>1431.8</ele>
      </rtept>
      <rtept lat="45.92949" lon="6.24739">
        <ele>1431.2</ele>
      </rtept>
      <rtept lat="45.92949" lon="6.24736">
        <ele>1431.2</ele>
      </rtept>
      <rtept lat="45.92949" lon="6.24732">
        <ele>1430.2</ele>
      </rtept>
      <rtept lat="45.92951" lon="6.2473">
        <ele>1429.2</ele>
      </rtept>
      <rtept lat="45.92953" lon="6.24729">
        <ele>1429</ele>
      </rtept>
      <rtept lat="45.92955" lon="6.24727">
        <ele>1428.2</ele>
      </rtept>
      <rtept lat="45.92953" lon="6.24725">
        <ele>1427.6</ele>
      </rtept>
      <rtept lat="45.92952" lon="6.24723">
        <ele>1426.6</ele>
      </rtept>
      <rtept lat="45.92953" lon="6.2472">
        <ele>1426</ele>
      </rtept>
      <rtept lat="45.92951" lon="6.24718">
        <ele>1424.8</ele>
      </rtept>
      <rtept lat="45.92949" lon="6.24718">
        <ele>1423.6</ele>
      </rtept>
      <rtept lat="45.92947" lon="6.24717">
        <ele>1423.2</ele>
      </rtept>
      <rtept lat="45.92946" lon="6.24714">
        <ele>1422</ele>
      </rtept>
      <rtept lat="45.92946" lon="6.24711">
        <ele>1420.8</ele>
      </rtept>
      <rtept lat="45.92946" lon="6.24708">
        <ele>1420.8</ele>
      </rtept>
      <rtept lat="45.92948" lon="6.24707">
        <ele>1419.4</ele>
      </rtept>
      <rtept lat="45.9295" lon="6.24705">
        <ele>1418.6</ele>
      </rtept>
      <rtept lat="45.92949" lon="6.24701">
        <ele>1418</ele>
      </rtept>
      <rtept lat="45.92948" lon="6.24699">
        <ele>1417.4</ele>
      </rtept>
      <rtept lat="45.92946" lon="6.24698">
        <ele>1416.2</ele>
      </rtept>
      <rtept lat="45.92944" lon="6.24699">
        <ele>1415</ele>
      </rtept>
      <rtept lat="45.92943" lon="6.24698">
        <ele>1414.2</ele>
      </rtept>
      <rtept lat="45.92941" lon="6.24695">
        <ele>1413.6</ele>
      </rtept>
      <rtept lat="45.9294" lon="6.24691">
        <ele>1412.4</ele>
      </rtept>
      <rtept lat="45.9294" lon="6.24688">
        <ele>1411.8</ele>
      </rtept>
      <rtept lat="45.92941" lon="6.24684">
        <ele>1411.2</ele>
      </rtept>
      <rtept lat="45.92942" lon="6.24682">
        <ele>1411.2</ele>
      </rtept>
      <rtept lat="45.92941" lon="6.24679">
        <ele>1409.6</ele>
      </rtept>
      <rtept lat="45.92939" lon="6.2468">
        <ele>1408.6</ele>
      </rtept>
      <rtept lat="45.92938" lon="6.24679">
        <ele>1408.6</ele>
      </rtept>
      <rtept lat="45.92936" lon="6.24677">
        <ele>1408</ele>
      </rtept>
      <rtept lat="45.92938" lon="6.24674">
        <ele>1407</ele>
      </rtept>
      <rtept lat="45.9294" lon="6.24673">
        <ele>1406.4</ele>
      </rtept>
      <rtept lat="45.92941" lon="6.2467">
        <ele>1405.8</ele>
      </rtept>
      <rtept lat="45.92938" lon="6.24671">
        <ele>1404.2</ele>
      </rtept>
      <rtept lat="45.92936" lon="6.24672">
        <ele>1404.2</ele>
      </rtept>
      <rtept lat="45.92934" lon="6.24672">
        <ele>1400</ele>
      </rtept>
      <rtept lat="45.92932" lon="6.24672">
        <ele>1399.2</ele>
      </rtept>
      <rtept lat="45.92929" lon="6.24672">
        <ele>1398.4</ele>
      </rtept>
      <rtept lat="45.92926" lon="6.24674">
        <ele>1398.4</ele>
      </rtept>
      <rtept lat="45.92924" lon="6.24675">
        <ele>1397.6</ele>
      </rtept>
      <rtept lat="45.92923" lon="6.24677">
        <ele>1396.8</ele>
      </rtept>
      <rtept lat="45.92924" lon="6.24681">
        <ele>1395.4</ele>
      </rtept>
      <rtept lat="45.92923" lon="6.24682">
        <ele>1395.4</ele>
      </rtept>
      <rtept lat="45.92921" lon="6.24683">
        <ele>1393.6</ele>
      </rtept>
      <rtept lat="45.92918" lon="6.24683">
        <ele>1392.8</ele>
      </rtept>
      <rtept lat="45.92915" lon="6.2468">
        <ele>1391.8</ele>
      </rtept>
      <rtept lat="45.92914" lon="6.24678">
        <ele>1391.8</ele>
      </rtept>
      <rtept lat="45.92914" lon="6.24675">
        <ele>1390.8</ele>
      </rtept>
      <rtept lat="45.92914" lon="6.24672">
        <ele>1390.8</ele>
      </rtept>
      <rtept lat="45.92915" lon="6.24669">
        <ele>1390</ele>
      </rtept>
      <rtept lat="45.92915" lon="6.24667">
        <ele>1389.2</ele>
      </rtept>
      <rtept lat="45.92917" lon="6.24663">
        <ele>1389</ele>
      </rtept>
      <rtept lat="45.92919" lon="6.2466">
        <ele>1389</ele>
      </rtept>
      <rtept lat="45.92919" lon="6.24658">
        <ele>1387.6</ele>
      </rtept>
      <rtept lat="45.92923" lon="6.24655">
        <ele>1387.2</ele>
      </rtept>
      <rtept lat="45.92923" lon="6.24653">
        <ele>1387.2</ele>
      </rtept>
      <rtept lat="45.92924" lon="6.24651">
        <ele>1386.8</ele>
      </rtept>
      <rtept lat="45.92926" lon="6.24648">
        <ele>1386.4</ele>
      </rtept>
      <rtept lat="45.92928" lon="6.24646">
        <ele>1386.4</ele>
      </rtept>
      <rtept lat="45.9293" lon="6.24643">
        <ele>1385.8</ele>
      </rtept>
      <rtept lat="45.92931" lon="6.24642">
        <ele>1385.6</ele>
      </rtept>
      <rtept lat="45.92933" lon="6.24639">
        <ele>1385</ele>
      </rtept>
      <rtept lat="45.92934" lon="6.24636">
        <ele>1384.6</ele>
      </rtept>
      <rtept lat="45.92936" lon="6.24635">
        <ele>1383.8</ele>
      </rtept>
      <rtept lat="45.92938" lon="6.24632">
        <ele>1382.6</ele>
      </rtept>
      <rtept lat="45.92939" lon="6.2463">
        <ele>1381.8</ele>
      </rtept>
      <rtept lat="45.92939" lon="6.24627">
        <ele>1380.2</ele>
      </rtept>
      <rtept lat="45.9294" lon="6.24626">
        <ele>1379</ele>
      </rtept>
      <rtept lat="45.92942" lon="6.24625">
        <ele>1378.2</ele>
      </rtept>
      <rtept lat="45.92945" lon="6.24624">
        <ele>1377</ele>
      </rtept>
      <rtept lat="45.92946" lon="6.24623">
        <ele>1377</ele>
      </rtept>
      <rtept lat="45.92948" lon="6.24621">
        <ele>1375.6</ele>
      </rtept>
      <rtept lat="45.92948" lon="6.24618">
        <ele>1374</ele>
      </rtept>
      <rtept lat="45.92947" lon="6.24616">
        <ele>1373.6</ele>
      </rtept>
      <rtept lat="45.92945" lon="6.24615">
        <ele>1373.6</ele>
      </rtept>
      <rtept lat="45.92941" lon="6.24616">
        <ele>1372.2</ele>
      </rtept>
      <rtept lat="45.92939" lon="6.24615">
        <ele>1372.2</ele>
      </rtept>
      <rtept lat="45.92937" lon="6.24615">
        <ele>1371.2</ele>
      </rtept>
      <rtept lat="45.92934" lon="6.24614">
        <ele>1369.4</ele>
      </rtept>
      <rtept lat="45.92933" lon="6.2461">
        <ele>1368.8</ele>
      </rtept>
      <rtept lat="45.92934" lon="6.24609">
        <ele>1368.6</ele>
      </rtept>
      <rtept lat="45.92936" lon="6.24607">
        <ele>1367.4</ele>
      </rtept>
      <rtept lat="45.92937" lon="6.24605">
        <ele>1366.4</ele>
      </rtept>
      <rtept lat="45.92935" lon="6.24602">
        <ele>1364.4</ele>
      </rtept>
      <rtept lat="45.92934" lon="6.24601">
        <ele>1364.2</ele>
      </rtept>
      <rtept lat="45.9293" lon="6.24602">
        <ele>1362</ele>
      </rtept>
      <rtept lat="45.92929" lon="6.24603">
        <ele>1362</ele>
      </rtept>
      <rtept lat="45.92925" lon="6.24605">
        <ele>1360.8</ele>
      </rtept>
      <rtept lat="45.92923" lon="6.24606">
        <ele>1360.6</ele>
      </rtept>
      <rtept lat="45.92921" lon="6.24607">
        <ele>1359.8</ele>
      </rtept>
      <rtept lat="45.9292" lon="6.2461">
        <ele>1359</ele>
      </rtept>
      <rtept lat="45.9292" lon="6.24614">
        <ele>1357.8</ele>
      </rtept>
      <rtept lat="45.92918" lon="6.24613">
        <ele>1354.8</ele>
      </rtept>
      <rtept lat="45.92917" lon="6.2461">
        <ele>1353</ele>
      </rtept>
      <rtept lat="45.92916" lon="6.24608">
        <ele>1352.4</ele>
      </rtept>
      <rtept lat="45.92916" lon="6.24605">
        <ele>1352.4</ele>
      </rtept>
      <rtept lat="45.92915" lon="6.24602">
        <ele>1352.4</ele>
      </rtept>
      <rtept lat="45.92914" lon="6.24599">
        <ele>1351</ele>
      </rtept>
      <rtept lat="45.92913" lon="6.24596">
        <ele>1351</ele>
      </rtept>
      <rtept lat="45.92911" lon="6.24597">
        <ele>1350</ele>
      </rtept>
      <rtept lat="45.92909" lon="6.24598">
        <ele>1349.2</ele>
      </rtept>
      <rtept lat="45.92908" lon="6.246">
        <ele>1348.2</ele>
      </rtept>
      <rtept lat="45.92908" lon="6.24597">
        <ele>1347.2</ele>
      </rtept>
      <rtept lat="45.92909" lon="6.24594">
        <ele>1346.6</ele>
      </rtept>
      <rtept lat="45.9291" lon="6.24591">
        <ele>1345.4</ele>
      </rtept>
      <rtept lat="45.92911" lon="6.24589">
        <ele>1345.4</ele>
      </rtept>
      <rtept lat="45.92912" lon="6.24585">
        <ele>1344.6</ele>
      </rtept>
      <rtept lat="45.92912" lon="6.24583">
        <ele>1343.8</ele>
      </rtept>
      <rtept lat="45.92912" lon="6.24578">
        <ele>1342</ele>
      </rtept>
      <rtept lat="45.92912" lon="6.24576">
        <ele>1341.8</ele>
      </rtept>
      <rtept lat="45.92913" lon="6.24573">
        <ele>1340.8</ele>
      </rtept>
      <rtept lat="45.92914" lon="6.2457">
        <ele>1339.6</ele>
      </rtept>
      <rtept lat="45.92915" lon="6.24567">
        <ele>1339.6</ele>
      </rtept>
      <rtept lat="45.92918" lon="6.24563">
        <ele>1337.8</ele>
      </rtept>
      <rtept lat="45.92919" lon="6.24561">
        <ele>1337.8</ele>
      </rtept>
      <rtept lat="45.92921" lon="6.2456">
        <ele>1337</ele>
      </rtept>
      <rtept lat="45.92923" lon="6.24558">
        <ele>1336.8</ele>
      </rtept>
      <rtept lat="45.92923" lon="6.24555">
        <ele>1335.8</ele>
      </rtept>
      <rtept lat="45.9292" lon="6.24555">
        <ele>1334.8</ele>
      </rtept>
      <rtept lat="45.92918" lon="6.24554">
        <ele>1333.8</ele>
      </rtept>
      <rtept lat="45.92917" lon="6.24551">
        <ele>1332.6</ele>
      </rtept>
      <rtept lat="45.92915" lon="6.2455">
        <ele>1331.8</ele>
      </rtept>
      <rtept lat="45.92913" lon="6.24552">
        <ele>1330.8</ele>
      </rtept>
      <rtept lat="45.92912" lon="6.24549">
        <ele>1329.8</ele>
      </rtept>
      <rtept lat="45.92912" lon="6.24545">
        <ele>1329</ele>
      </rtept>
      <rtept lat="45.92913" lon="6.24543">
        <ele>1328</ele>
      </rtept>
      <rtept lat="45.92915" lon="6.24541">
        <ele>1326.8</ele>
      </rtept>
      <rtept lat="45.92916" lon="6.24539">
        <ele>1326</ele>
      </rtept>
      <rtept lat="45.92917" lon="6.24536">
        <ele>1325</ele>
      </rtept>
      <rtept lat="45.92919" lon="6.24533">
        <ele>1323</ele>
      </rtept>
      <rtept lat="45.9292" lon="6.2453">
        <ele>1322.8</ele>
      </rtept>
      <rtept lat="45.92921" lon="6.24528">
        <ele>1321.8</ele>
      </rtept>
      <rtept lat="45.92923" lon="6.24527">
        <ele>1320.6</ele>
      </rtept>
      <rtept lat="45.92924" lon="6.24523">
        <ele>1319.6</ele>
      </rtept>
      <rtept lat="45.92925" lon="6.2452">
        <ele>1318.8</ele>
      </rtept>
      <rtept lat="45.92925" lon="6.24518">
        <ele>1318</ele>
      </rtept>
      <rtept lat="45.92925" lon="6.24515">
        <ele>1317</ele>
      </rtept>
      <rtept lat="45.92926" lon="6.24512">
        <ele>1317</ele>
      </rtept>
      <rtept lat="45.92928" lon="6.2451">
        <ele>1316</ele>
      </rtept>
      <rtept lat="45.9293" lon="6.24509">
        <ele>1315.6</ele>
      </rtept>
      <rtept lat="45.92932" lon="6.24509">
        <ele>1314.8</ele>
      </rtept>
      <rtept lat="45.92935" lon="6.24509">
        <ele>1314</ele>
      </rtept>
      <rtept lat="45.92932" lon="6.24507">
        <ele>1311.2</ele>
      </rtept>
      <rtept lat="45.9293" lon="6.24505">
        <ele>1309</ele>
      </rtept>
      <rtept lat="45.92928" lon="6.24505">
        <ele>1308.4</ele>
      </rtept>
      <rtept lat="45.92925" lon="6.24506">
        <ele>1307.8</ele>
      </rtept>
      <rtept lat="45.92923" lon="6.24507">
        <ele>1307</ele>
      </rtept>
      <rtept lat="45.92921" lon="6.24508">
        <ele>1307</ele>
      </rtept>
      <rtept lat="45.92919" lon="6.24509">
        <ele>1305.8</ele>
      </rtept>
      <rtept lat="45.92918" lon="6.24509">
        <ele>1305.8</ele>
      </rtept>
      <rtept lat="45.92916" lon="6.24509">
        <ele>1305.2</ele>
      </rtept>
      <rtept lat="45.92914" lon="6.24509">
        <ele>1304.2</ele>
      </rtept>
      <rtept lat="45.92911" lon="6.24511">
        <ele>1303.2</ele>
      </rtept>
      <rtept lat="45.92907" lon="6.24511">
        <ele>1302.4</ele>
      </rtept>
      <rtept lat="45.92906" lon="6.24512">
        <ele>1302.4</ele>
      </rtept>
      <rtept lat="45.92906" lon="6.24507">
        <ele>1301</ele>
      </rtept>
      <rtept lat="45.92906" lon="6.24505">
        <ele>1301</ele>
      </rtept>
      <rtept lat="45.92907" lon="6.245">
        <ele>1299.8</ele>
      </rtept>
      <rtept lat="45.92908" lon="6.24498">
        <ele>1299.8</ele>
      </rtept>
      <rtept lat="45.92909" lon="6.24495">
        <ele>1299.4</ele>
      </rtept>
      <rtept lat="45.92911" lon="6.24492">
        <ele>1298.8</ele>
      </rtept>
      <rtept lat="45.92912" lon="6.24491">
        <ele>1298.8</ele>
      </rtept>
      <rtept lat="45.92913" lon="6.24489">
        <ele>1298</ele>
      </rtept>
      <rtept lat="45.92915" lon="6.24487">
        <ele>1297</ele>
      </rtept>
      <rtept lat="45.92916" lon="6.24485">
        <ele>1297</ele>
      </rtept>
      <rtept lat="45.92917" lon="6.24483">
        <ele>1296.2</ele>
      </rtept>
      <rtept lat="45.92918" lon="6.24479">
        <ele>1295</ele>
      </rtept>
      <rtept lat="45.9292" lon="6.24477">
        <ele>1294.2</ele>
      </rtept>
      <rtept lat="45.92921" lon="6.24475">
        <ele>1293.2</ele>
      </rtept>
      <rtept lat="45.92922" lon="6.24471">
        <ele>1292.4</ele>
      </rtept>
      <rtept lat="45.92924" lon="6.24468">
        <ele>1291.4</ele>
      </rtept>
      <rtept lat="45.92926" lon="6.24466">
        <ele>1289.6</ele>
      </rtept>
      <rtept lat="45.92926" lon="6.24464">
        <ele>1289.4</ele>
      </rtept>
      <rtept lat="45.92928" lon="6.24461">
        <ele>1288.4</ele>
      </rtept>
      <rtept lat="45.92929" lon="6.2446">
        <ele>1287.8</ele>
      </rtept>
      <rtept lat="45.92931" lon="6.24459">
        <ele>1286.8</ele>
      </rtept>
      <rtept lat="45.92933" lon="6.24458">
        <ele>1285.8</ele>
      </rtept>
      <rtept lat="45.92934" lon="6.24457">
        <ele>1284.8</ele>
      </rtept>
      <rtept lat="45.92936" lon="6.24454">
        <ele>1283.8</ele>
      </rtept>
      <rtept lat="45.92936" lon="6.24452">
        <ele>1283.8</ele>
      </rtept>
      <rtept lat="45.92938" lon="6.2445">
        <ele>1282.6</ele>
      </rtept>
      <rtept lat="45.9294" lon="6.24448">
        <ele>1281.6</ele>
      </rtept>
      <rtept lat="45.92943" lon="6.24447">
        <ele>1281</ele>
      </rtept>
      <rtept lat="45.92944" lon="6.24447">
        <ele>1280</ele>
      </rtept>
      <rtept lat="45.92946" lon="6.24448">
        <ele>1279.2</ele>
      </rtept>
      <rtept lat="45.92948" lon="6.24447">
        <ele>1277.8</ele>
      </rtept>
      <rtept lat="45.92947" lon="6.24444">
        <ele>1276.8</ele>
      </rtept>
      <rtept lat="45.92945" lon="6.24442">
        <ele>1275.8</ele>
      </rtept>
      <rtept lat="45.92943" lon="6.2444">
        <ele>1274</ele>
      </rtept>
      <rtept lat="45.92941" lon="6.24439">
        <ele>1273</ele>
      </rtept>
      <rtept lat="45.9294" lon="6.24441">
        <ele>1271</ele>
      </rtept>
      <rtept lat="45.92938" lon="6.24438">
        <ele>1269.8</ele>
      </rtept>
      <rtept lat="45.92937" lon="6.24436">
        <ele>1269.6</ele>
      </rtept>
      <rtept lat="45.92935" lon="6.24434">
        <ele>1269.2</ele>
      </rtept>
      <rtept lat="45.92933" lon="6.24434">
        <ele>1267.6</ele>
      </rtept>
      <rtept lat="45.92932" lon="6.24432">
        <ele>1266.8</ele>
      </rtept>
      <rtept lat="45.9293" lon="6.2443">
        <ele>1265.8</ele>
      </rtept>
      <rtept lat="45.9293" lon="6.24428">
        <ele>1265.8</ele>
      </rtept>
      <rtept lat="45.92929" lon="6.24425">
        <ele>1264.6</ele>
      </rtept>
      <rtept lat="45.92928" lon="6.2442">
        <ele>1263</ele>
      </rtept>
      <rtept lat="45.92927" lon="6.24418">
        <ele>1263</ele>
      </rtept>
      <rtept lat="45.92926" lon="6.24416">
        <ele>1261.8</ele>
      </rtept>
      <rtept lat="45.92924" lon="6.24416">
        <ele>1261</ele>
      </rtept>
      <rtept lat="45.92921" lon="6.24415">
        <ele>1260.2</ele>
      </rtept>
      <rtept lat="45.9292" lon="6.24412">
        <ele>1258.2</ele>
      </rtept>
      <rtept lat="45.92919" lon="6.2441">
        <ele>1257.4</ele>
      </rtept>
      <rtept lat="45.92916" lon="6.24409">
        <ele>1256.2</ele>
      </rtept>
      <rtept lat="45.92915" lon="6.24406">
        <ele>1255.6</ele>
      </rtept>
      <rtept lat="45.92913" lon="6.24401">
        <ele>1254.6</ele>
      </rtept>
      <rtept lat="45.92913" lon="6.244">
        <ele>1254.6</ele>
      </rtept>
      <rtept lat="45.92911" lon="6.24399">
        <ele>1253.4</ele>
      </rtept>
      <rtept lat="45.92911" lon="6.24396">
        <ele>1251.6</ele>
      </rtept>
      <rtept lat="45.92912" lon="6.24394">
        <ele>1250.8</ele>
      </rtept>
      <rtept lat="45.92913" lon="6.24391">
        <ele>1250.8</ele>
      </rtept>
      <rtept lat="45.92915" lon="6.24387">
        <ele>1250</ele>
      </rtept>
      <rtept lat="45.92916" lon="6.24383">
        <ele>1248.6</ele>
      </rtept>
      <rtept lat="45.92916" lon="6.2438">
        <ele>1248</ele>
      </rtept>
      <rtept lat="45.92917" lon="6.24378">
        <ele>1247.2</ele>
      </rtept>
      <rtept lat="45.92918" lon="6.24375">
        <ele>1247.2</ele>
      </rtept>
      <rtept lat="45.92918" lon="6.24371">
        <ele>1246.2</ele>
      </rtept>
      <rtept lat="45.9292" lon="6.24369">
        <ele>1245.4</ele>
      </rtept>
      <rtept lat="45.92921" lon="6.24367">
        <ele>1244.4</ele>
      </rtept>
      <rtept lat="45.92923" lon="6.24367">
        <ele>1243.4</ele>
      </rtept>
      <rtept lat="45.92925" lon="6.24366">
        <ele>1242.6</ele>
      </rtept>
      <rtept lat="45.92926" lon="6.24363">
        <ele>1242</ele>
      </rtept>
      <rtept lat="45.92928" lon="6.24359">
        <ele>1240.8</ele>
      </rtept>
      <rtept lat="45.92928" lon="6.24358">
        <ele>1239.4</ele>
      </rtept>
      <rtept lat="45.92925" lon="6.24355">
        <ele>1239.4</ele>
      </rtept>
      <rtept lat="45.92923" lon="6.24354">
        <ele>1238.2</ele>
      </rtept>
      <rtept lat="45.92921" lon="6.24353">
        <ele>1237.2</ele>
      </rtept>
      <rtept lat="45.92918" lon="6.24352">
        <ele>1237.2</ele>
      </rtept>
      <rtept lat="45.92916" lon="6.24352">
        <ele>1236.4</ele>
      </rtept>
      <rtept lat="45.92915" lon="6.24348">
        <ele>1235.6</ele>
      </rtept>
      <rtept lat="45.92915" lon="6.24344">
        <ele>1235.6</ele>
      </rtept>
      <rtept lat="45.92917" lon="6.24342">
        <ele>1234.4</ele>
      </rtept>
      <rtept lat="45.92919" lon="6.2434">
        <ele>1233.6</ele>
      </rtept>
      <rtept lat="45.9292" lon="6.2434">
        <ele>1233.6</ele>
      </rtept>
      <rtept lat="45.92922" lon="6.24337">
        <ele>1232.8</ele>
      </rtept>
      <rtept lat="45.92924" lon="6.24334">
        <ele>1232</ele>
      </rtept>
      <rtept lat="45.92925" lon="6.24332">
        <ele>1231.4</ele>
      </rtept>
      <rtept lat="45.92927" lon="6.2433">
        <ele>1230.8</ele>
      </rtept>
      <rtept lat="45.92927" lon="6.24326">
        <ele>1229.4</ele>
      </rtept>
      <rtept lat="45.92927" lon="6.24323">
        <ele>1228.4</ele>
      </rtept>
      <rtept lat="45.92929" lon="6.2432">
        <ele>1227.6</ele>
      </rtept>
      <rtept lat="45.9293" lon="6.24318">
        <ele>1226.2</ele>
      </rtept>
      <rtept lat="45.92929" lon="6.24318">
        <ele>1224.2</ele>
      </rtept>
      <rtept lat="45.92927" lon="6.24316">
        <ele>1223.4</ele>
      </rtept>
      <rtept lat="45.92927" lon="6.24314">
        <ele>1222.6</ele>
      </rtept>
      <rtept lat="45.92927" lon="6.24307">
        <ele>1219.4</ele>
      </rtept>
      <rtept lat="45.92928" lon="6.24304">
        <ele>1219.2</ele>
      </rtept>
      <rtept lat="45.92928" lon="6.243">
        <ele>1218.4</ele>
      </rtept>
      <rtept lat="45.92926" lon="6.24302">
        <ele>1217.4</ele>
      </rtept>
      <rtept lat="45.92923" lon="6.24301">
        <ele>1216.6</ele>
      </rtept>
      <rtept lat="45.92923" lon="6.24297">
        <ele>1215.6</ele>
      </rtept>
      <rtept lat="45.92923" lon="6.24296">
        <ele>1215.6</ele>
      </rtept>
      <rtept lat="45.92924" lon="6.24293">
        <ele>1215</ele>
      </rtept>
      <rtept lat="45.92925" lon="6.24289">
        <ele>1214</ele>
      </rtept>
      <rtept lat="45.92927" lon="6.24288">
        <ele>1213</ele>
      </rtept>
      <rtept lat="45.92928" lon="6.24286">
        <ele>1212.2</ele>
      </rtept>
      <rtept lat="45.92928" lon="6.24283">
        <ele>1211.4</ele>
      </rtept>
      <rtept lat="45.9293" lon="6.2428">
        <ele>1210.2</ele>
      </rtept>
      <rtept lat="45.92931" lon="6.24277">
        <ele>1209.2</ele>
      </rtept>
      <rtept lat="45.92932" lon="6.24275">
        <ele>1209.2</ele>
      </rtept>
      <rtept lat="45.92932" lon="6.24272">
        <ele>1208.4</ele>
      </rtept>
      <rtept lat="45.92932" lon="6.24268">
        <ele>1207</ele>
      </rtept>
      <rtept lat="45.92933" lon="6.24266">
        <ele>1207</ele>
      </rtept>
      <rtept lat="45.92934" lon="6.24264">
        <ele>1206.4</ele>
      </rtept>
      <rtept lat="45.92936" lon="6.24263">
        <ele>1205.8</ele>
      </rtept>
      <rtept lat="45.92939" lon="6.24263">
        <ele>1205</ele>
      </rtept>
      <rtept lat="45.92938" lon="6.24261">
        <ele>1203</ele>
      </rtept>
      <rtept lat="45.92939" lon="6.24259">
        <ele>1202</ele>
      </rtept>
      <rtept lat="45.92941" lon="6.24258">
        <ele>1201.2</ele>
      </rtept>
      <rtept lat="45.92943" lon="6.24255">
        <ele>1199.6</ele>
      </rtept>
      <rtept lat="45.92943" lon="6.24254">
        <ele>1199.6</ele>
      </rtept>
      <rtept lat="45.92945" lon="6.24251">
        <ele>1198.4</ele>
      </rtept>
      <rtept lat="45.92946" lon="6.24248">
        <ele>1198</ele>
      </rtept>
      <rtept lat="45.92947" lon="6.24246">
        <ele>1198</ele>
      </rtept>
      <rtept lat="45.92947" lon="6.24243">
        <ele>1196</ele>
      </rtept>
      <rtept lat="45.92947" lon="6.2424">
        <ele>1195</ele>
      </rtept>
      <rtept lat="45.92947" lon="6.24237">
        <ele>1194.4</ele>
      </rtept>
      <rtept lat="45.92948" lon="6.24234">
        <ele>1193.8</ele>
      </rtept>
      <rtept lat="45.92949" lon="6.24232">
        <ele>1192.8</ele>
      </rtept>
      <rtept lat="45.9295" lon="6.24229">
        <ele>1191.8</ele>
      </rtept>
      <rtept lat="45.92949" lon="6.24226">
        <ele>1191</ele>
      </rtept>
      <rtept lat="45.92952" lon="6.24223">
        <ele>1188.8</ele>
      </rtept>
      <rtept lat="45.92953" lon="6.24223">
        <ele>1188.8</ele>
      </rtept>
      <rtept lat="45.92953" lon="6.24219">
        <ele>1188.2</ele>
      </rtept>
      <rtept lat="45.92951" lon="6.24217">
        <ele>1187</ele>
      </rtept>
      <rtept lat="45.92949" lon="6.24218">
        <ele>1186.4</ele>
      </rtept>
      <rtept lat="45.92947" lon="6.2422">
        <ele>1185.6</ele>
      </rtept>
      <rtept lat="45.92944" lon="6.24221">
        <ele>1184.2</ele>
      </rtept>
      <rtept lat="45.92943" lon="6.24219">
        <ele>1183.6</ele>
      </rtept>
      <rtept lat="45.92943" lon="6.24218">
        <ele>1183.6</ele>
      </rtept>
      <rtept lat="45.92942" lon="6.24214">
        <ele>1182.6</ele>
      </rtept>
      <rtept lat="45.92943" lon="6.2421">
        <ele>1181.8</ele>
      </rtept>
      <rtept lat="45.92943" lon="6.24207">
        <ele>1181.8</ele>
      </rtept>
      <rtept lat="45.92944" lon="6.24204">
        <ele>1181</ele>
      </rtept>
      <rtept lat="45.92946" lon="6.24202">
        <ele>1180.4</ele>
      </rtept>
      <rtept lat="45.92947" lon="6.242">
        <ele>1180.4</ele>
      </rtept>
      <rtept lat="45.9295" lon="6.242">
        <ele>1179.2</ele>
      </rtept>
      <rtept lat="45.92952" lon="6.242">
        <ele>1178.6</ele>
      </rtept>
      <rtept lat="45.92954" lon="6.24197">
        <ele>1178</ele>
      </rtept>
      <rtept lat="45.92956" lon="6.24197">
        <ele>1176.8</ele>
      </rtept>
      <rtept lat="45.92954" lon="6.24196">
        <ele>1172.4</ele>
      </rtept>
      <rtept lat="45.92951" lon="6.24194">
        <ele>1172.4</ele>
      </rtept>
      <rtept lat="45.92948" lon="6.24191">
        <ele>1171.4</ele>
      </rtept>
      <rtept lat="45.92948" lon="6.24187">
        <ele>1170.2</ele>
      </rtept>
      <rtept lat="45.92949" lon="6.24185">
        <ele>1170</ele>
      </rtept>
      <rtept lat="45.92951" lon="6.24181">
        <ele>1169.2</ele>
      </rtept>
      <rtept lat="45.92952" lon="6.2418">
        <ele>1168.6</ele>
      </rtept>
      <rtept lat="45.92954" lon="6.24178">
        <ele>1167.4</ele>
      </rtept>
      <rtept lat="45.92955" lon="6.24175">
        <ele>1167.4</ele>
      </rtept>
      <rtept lat="45.92955" lon="6.24173">
        <ele>1166.8</ele>
      </rtept>
      <rtept lat="45.92955" lon="6.2417">
        <ele>1165.8</ele>
      </rtept>
      <rtept lat="45.92956" lon="6.24167">
        <ele>1165.8</ele>
      </rtept>
      <rtept lat="45.92957" lon="6.24165">
        <ele>1165</ele>
      </rtept>
      <rtept lat="45.92959" lon="6.24163">
        <ele>1164.2</ele>
      </rtept>
      <rtept lat="45.9296" lon="6.24161">
        <ele>1163.2</ele>
      </rtept>
      <rtept lat="45.92961" lon="6.24158">
        <ele>1162.2</ele>
      </rtept>
      <rtept lat="45.92962" lon="6.24156">
        <ele>1161.6</ele>
      </rtept>
      <rtept lat="45.92963" lon="6.24154">
        <ele>1161.2</ele>
      </rtept>
      <rtept lat="45.92965" lon="6.24152">
        <ele>1160.2</ele>
      </rtept>
      <rtept lat="45.92968" lon="6.24152">
        <ele>1159.4</ele>
      </rtept>
      <rtept lat="45.92969" lon="6.2415">
        <ele>1158.4</ele>
      </rtept>
      <rtept lat="45.9297" lon="6.24147">
        <ele>1157.4</ele>
      </rtept>
      <rtept lat="45.9297" lon="6.24144">
        <ele>1156.8</ele>
      </rtept>
      <rtept lat="45.92971" lon="6.24141">
        <ele>1156.6</ele>
      </rtept>
      <rtept lat="45.92972" lon="6.24138">
        <ele>1156</ele>
      </rtept>
      <rtept lat="45.92974" lon="6.24136">
        <ele>1154.8</ele>
      </rtept>
      <rtept lat="45.92974" lon="6.24133">
        <ele>1154.2</ele>
      </rtept>
      <rtept lat="45.92972" lon="6.24133">
        <ele>1152.6</ele>
      </rtept>
      <rtept lat="45.92971" lon="6.24134">
        <ele>1151.4</ele>
      </rtept>
      <rtept lat="45.92969" lon="6.24135">
        <ele>1151.2</ele>
      </rtept>
      <rtept lat="45.92967" lon="6.24136">
        <ele>1150.2</ele>
      </rtept>
      <rtept lat="45.92965" lon="6.24136">
        <ele>1150</ele>
      </rtept>
      <rtept lat="45.92962" lon="6.24138">
        <ele>1149.8</ele>
      </rtept>
      <rtept lat="45.9296" lon="6.24139">
        <ele>1149.8</ele>
      </rtept>
      <rtept lat="45.92957" lon="6.24141">
        <ele>1149.8</ele>
      </rtept>
      <rtept lat="45.92955" lon="6.24143">
        <ele>1149.4</ele>
      </rtept>
      <rtept lat="45.92952" lon="6.24144">
        <ele>1149.4</ele>
      </rtept>
      <rtept lat="45.92951" lon="6.24145">
        <ele>1149</ele>
      </rtept>
      <rtept lat="45.92948" lon="6.24146">
        <ele>1148.8</ele>
      </rtept>
      <rtept lat="45.92946" lon="6.24146">
        <ele>1148.6</ele>
      </rtept>
      <rtept lat="45.92944" lon="6.24147">
        <ele>1148.6</ele>
      </rtept>
      <rtept lat="45.92942" lon="6.24149">
        <ele>1148.6</ele>
      </rtept>
      <rtept lat="45.92941" lon="6.24151">
        <ele>1148.8</ele>
      </rtept>
      <rtept lat="45.92939" lon="6.24151">
        <ele>1149.2</ele>
      </rtept>
      <rtept lat="45.92937" lon="6.24152">
        <ele>1149</ele>
      </rtept>
      <rtept lat="45.92935" lon="6.24153">
        <ele>1147.2</ele>
      </rtept>
      <rtept lat="45.92933" lon="6.24153">
        <ele>1146.2</ele>
      </rtept>
      <rtept lat="45.92931" lon="6.24152">
        <ele>1145.2</ele>
      </rtept>
      <rtept lat="45.92929" lon="6.24149">
        <ele>1144</ele>
      </rtept>
      <rtept lat="45.9293" lon="6.24147">
        <ele>1142.4</ele>
      </rtept>
      <rtept lat="45.9293" lon="6.24144">
        <ele>1141.8</ele>
      </rtept>
      <rtept lat="45.92932" lon="6.24142">
        <ele>1141.2</ele>
      </rtept>
      <rtept lat="45.92932" lon="6.24138">
        <ele>1140.2</ele>
      </rtept>
      <rtept lat="45.92933" lon="6.24135">
        <ele>1140</ele>
      </rtept>
      <rtept lat="45.92935" lon="6.24132">
        <ele>1138.6</ele>
      </rtept>
      <rtept lat="45.92935" lon="6.2413">
        <ele>1138</ele>
      </rtept>
      <rtept lat="45.92936" lon="6.24128">
        <ele>1137.6</ele>
      </rtept>
      <rtept lat="45.92938" lon="6.24125">
        <ele>1137</ele>
      </rtept>
      <rtept lat="45.92939" lon="6.24125">
        <ele>1136.8</ele>
      </rtept>
      <rtept lat="45.92941" lon="6.24123">
        <ele>1136.2</ele>
      </rtept>
      <rtept lat="45.92943" lon="6.24121">
        <ele>1136</ele>
      </rtept>
      <rtept lat="45.92944" lon="6.2412">
        <ele>1136</ele>
      </rtept>
      <rtept lat="45.92946" lon="6.24118">
        <ele>1135.4</ele>
      </rtept>
      <rtept lat="45.92948" lon="6.24117">
        <ele>1135.2</ele>
      </rtept>
      <rtept lat="45.9295" lon="6.24115">
        <ele>1134.4</ele>
      </rtept>
      <rtept lat="45.92952" lon="6.24112">
        <ele>1134</ele>
      </rtept>
      <rtept lat="45.92954" lon="6.2411">
        <ele>1133.4</ele>
      </rtept>
      <rtept lat="45.92956" lon="6.24109">
        <ele>1133.4</ele>
      </rtept>
      <rtept lat="45.92958" lon="6.24108">
        <ele>1133.4</ele>
      </rtept>
      <rtept lat="45.9296" lon="6.24108">
        <ele>1132.4</ele>
      </rtept>
      <rtept lat="45.92962" lon="6.24107">
        <ele>1132</ele>
      </rtept>
      <rtept lat="45.92963" lon="6.24104">
        <ele>1131.8</ele>
      </rtept>
      <rtept lat="45.92965" lon="6.24102">
        <ele>1131.6</ele>
      </rtept>
      <rtept lat="45.92967" lon="6.241">
        <ele>1131.4</ele>
      </rtept>
      <rtept lat="45.92969" lon="6.24098">
        <ele>1131</ele>
      </rtept>
      <rtept lat="45.9297" lon="6.24095">
        <ele>1130.4</ele>
      </rtept>
      <rtept lat="45.92971" lon="6.24093">
        <ele>1130.2</ele>
      </rtept>
      <rtept lat="45.92973" lon="6.24091">
        <ele>1129.6</ele>
      </rtept>
      <rtept lat="45.92974" lon="6.24088">
        <ele>1129.4</ele>
      </rtept>
      <rtept lat="45.92976" lon="6.24085">
        <ele>1129</ele>
      </rtept>
      <rtept lat="45.92976" lon="6.24083">
        <ele>1128.6</ele>
      </rtept>
      <rtept lat="45.92977" lon="6.24081">
        <ele>1128.4</ele>
      </rtept>
      <rtept lat="45.92978" lon="6.24079">
        <ele>1128.2</ele>
      </rtept>
      <rtept lat="45.9298" lon="6.24077">
        <ele>1127.8</ele>
      </rtept>
      <rtept lat="45.92981" lon="6.24075">
        <ele>1127.8</ele>
      </rtept>
      <rtept lat="45.92983" lon="6.24071">
        <ele>1127</ele>
      </rtept>
      <rtept lat="45.92984" lon="6.2407">
        <ele>1127</ele>
      </rtept>
      <rtept lat="45.92986" lon="6.24067">
        <ele>1126</ele>
      </rtept>
      <rtept lat="45.92988" lon="6.24066">
        <ele>1125.4</ele>
      </rtept>
      <rtept lat="45.9299" lon="6.24066">
        <ele>1125</ele>
      </rtept>
      <rtept lat="45.92992" lon="6.24066">
        <ele>1124.4</ele>
      </rtept>
      <rtept lat="45.92994" lon="6.24066">
        <ele>1123.2</ele>
      </rtept>
      <rtept lat="45.92996" lon="6.24067">
        <ele>1123</ele>
      </rtept>
      <rtept lat="45.92998" lon="6.24069">
        <ele>1121.8</ele>
      </rtept>
      <rtept lat="45.93" lon="6.24071">
        <ele>1121.2</ele>
      </rtept>
      <rtept lat="45.93002" lon="6.24073">
        <ele>1120.4</ele>
      </rtept>
      <rtept lat="45.93004" lon="6.24076">
        <ele>1119.8</ele>
      </rtept>
      <rtept lat="45.93004" lon="6.24077">
        <ele>1119.4</ele>
      </rtept>
      <rtept lat="45.93007" lon="6.24079">
        <ele>1118.2</ele>
      </rtept>
      <rtept lat="45.93009" lon="6.24082">
        <ele>1117.6</ele>
      </rtept>
      <rtept lat="45.93011" lon="6.24083">
        <ele>1117.4</ele>
      </rtept>
      <rtept lat="45.93013" lon="6.24083">
        <ele>1116.6</ele>
      </rtept>
      <rtept lat="45.93016" lon="6.24087">
        <ele>1116</ele>
      </rtept>
      <rtept lat="45.93016" lon="6.24088">
        <ele>1115.4</ele>
      </rtept>
      <rtept lat="45.93018" lon="6.2409">
        <ele>1115.2</ele>
      </rtept>
      <rtept lat="45.9302" lon="6.24092">
        <ele>1114.4</ele>
      </rtept>
      <rtept lat="45.93021" lon="6.24093">
        <ele>1114.2</ele>
      </rtept>
      <rtept lat="45.93023" lon="6.24094">
        <ele>1113.8</ele>
      </rtept>
      <rtept lat="45.93024" lon="6.24095">
        <ele>1113.2</ele>
      </rtept>
      <rtept lat="45.93026" lon="6.24097">
        <ele>1112.4</ele>
      </rtept>
      <rtept lat="45.93028" lon="6.24098">
        <ele>1112.2</ele>
      </rtept>
      <rtept lat="45.9303" lon="6.241">
        <ele>1111.8</ele>
      </rtept>
      <rtept lat="45.93031" lon="6.24102">
        <ele>1111.4</ele>
      </rtept>
      <rtept lat="45.93032" lon="6.24104">
        <ele>1111.4</ele>
      </rtept>
      <rtept lat="45.93034" lon="6.24106">
        <ele>1111</ele>
      </rtept>
      <rtept lat="45.93037" lon="6.24107">
        <ele>1110.6</ele>
      </rtept>
      <rtept lat="45.93039" lon="6.24105">
        <ele>1110.6</ele>
      </rtept>
      <rtept lat="45.93041" lon="6.24104">
        <ele>1110.8</ele>
      </rtept>
      <rtept lat="45.93042" lon="6.24103">
        <ele>1110.8</ele>
      </rtept>
      <rtept lat="45.93044" lon="6.24101">
        <ele>1110.2</ele>
      </rtept>
      <rtept lat="45.93044" lon="6.24098">
        <ele>1109.4</ele>
      </rtept>
      <rtept lat="45.93044" lon="6.24095">
        <ele>1109</ele>
      </rtept>
      <rtept lat="45.93046" lon="6.24091">
        <ele>1108.6</ele>
      </rtept>
      <rtept lat="45.93048" lon="6.24087">
        <ele>1107.8</ele>
      </rtept>
      <rtept lat="45.93048" lon="6.24086">
        <ele>1107.8</ele>
      </rtept>
      <rtept lat="45.93049" lon="6.24083">
        <ele>1107.4</ele>
      </rtept>
      <rtept lat="45.9305" lon="6.24081">
        <ele>1107</ele>
      </rtept>
      <rtept lat="45.93051" lon="6.24078">
        <ele>1107</ele>
      </rtept>
      <rtept lat="45.93052" lon="6.24075">
        <ele>1106.8</ele>
      </rtept>
      <rtept lat="45.93054" lon="6.24073">
        <ele>1106.2</ele>
      </rtept>
      <rtept lat="45.93055" lon="6.24069">
        <ele>1106.4</ele>
      </rtept>
      <rtept lat="45.93056" lon="6.24066">
        <ele>1106.4</ele>
      </rtept>
      <rtept lat="45.93057" lon="6.24064">
        <ele>1106</ele>
      </rtept>
      <rtept lat="45.93057" lon="6.24061">
        <ele>1106</ele>
      </rtept>
      <rtept lat="45.93059" lon="6.24058">
        <ele>1106.2</ele>
      </rtept>
      <rtept lat="45.9306" lon="6.24055">
        <ele>1106.4</ele>
      </rtept>
      <rtept lat="45.93062" lon="6.24052">
        <ele>1106.4</ele>
      </rtept>
      <rtept lat="45.93063" lon="6.24049">
        <ele>1106.2</ele>
      </rtept>
      <rtept lat="45.93064" lon="6.24046">
        <ele>1106.6</ele>
      </rtept>
      <rtept lat="45.93065" lon="6.24044">
        <ele>1106.6</ele>
      </rtept>
      <rtept lat="45.93067" lon="6.24041">
        <ele>1106.8</ele>
      </rtept>
      <rtept lat="45.93068" lon="6.24039">
        <ele>1106.8</ele>
      </rtept>
      <rtept lat="45.93069" lon="6.24036">
        <ele>1107</ele>
      </rtept>
      <rtept lat="45.9307" lon="6.24033">
        <ele>1107.4</ele>
      </rtept>
      <rtept lat="45.93071" lon="6.24031">
        <ele>1107.6</ele>
      </rtept>
      <rtept lat="45.93073" lon="6.24028">
        <ele>1107.6</ele>
      </rtept>
      <rtept lat="45.93074" lon="6.24026">
        <ele>1107.8</ele>
      </rtept>
      <rtept lat="45.93076" lon="6.24023">
        <ele>1108.2</ele>
      </rtept>
      <rtept lat="45.93077" lon="6.24021">
        <ele>1108.4</ele>
      </rtept>
      <rtept lat="45.93079" lon="6.2402">
        <ele>1108.2</ele>
      </rtept>
      <rtept lat="45.93081" lon="6.24017">
        <ele>1108.6</ele>
      </rtept>
      <rtept lat="45.93083" lon="6.24016">
        <ele>1108.6</ele>
      </rtept>
      <rtept lat="45.93084" lon="6.24015">
        <ele>1108.8</ele>
      </rtept>
      <rtept lat="45.93086" lon="6.24014">
        <ele>1109.2</ele>
      </rtept>
      <rtept lat="45.93089" lon="6.24013">
        <ele>1109.2</ele>
      </rtept>
      <rtept lat="45.93091" lon="6.24012">
        <ele>1109</ele>
      </rtept>
      <rtept lat="45.93093" lon="6.24012">
        <ele>1109</ele>
      </rtept>
      <rtept lat="45.93095" lon="6.24011">
        <ele>1108.8</ele>
      </rtept>
      <rtept lat="45.93097" lon="6.2401">
        <ele>1108.6</ele>
      </rtept>
      <rtept lat="45.93099" lon="6.2401">
        <ele>1108.8</ele>
      </rtept>
      <rtept lat="45.93102" lon="6.24008">
        <ele>1108.4</ele>
      </rtept>
      <rtept lat="45.93104" lon="6.24007">
        <ele>1108.6</ele>
      </rtept>
      <rtept lat="45.93107" lon="6.24006">
        <ele>1108.4</ele>
      </rtept>
      <rtept lat="45.93109" lon="6.24005">
        <ele>1108.4</ele>
      </rtept>
      <rtept lat="45.93111" lon="6.24003">
        <ele>1107.4</ele>
      </rtept>
      <rtept lat="45.93112" lon="6.24002">
        <ele>1107</ele>
      </rtept>
      <rtept lat="45.93114" lon="6.24">
        <ele>1107</ele>
      </rtept>
      <rtept lat="45.93116" lon="6.23999">
        <ele>1106.6</ele>
      </rtept>
      <rtept lat="45.93117" lon="6.23998">
        <ele>1105.8</ele>
      </rtept>
      <rtept lat="45.93119" lon="6.23996">
        <ele>1105.8</ele>
      </rtept>
      <rtept lat="45.9312" lon="6.23994">
        <ele>1105.4</ele>
      </rtept>
      <rtept lat="45.93122" lon="6.23991">
        <ele>1104.8</ele>
      </rtept>
      <rtept lat="45.93123" lon="6.23989">
        <ele>1104.4</ele>
      </rtept>
      <rtept lat="45.93124" lon="6.23987">
        <ele>1104.2</ele>
      </rtept>
      <rtept lat="45.93125" lon="6.23984">
        <ele>1103.6</ele>
      </rtept>
      <rtept lat="45.93126" lon="6.23982">
        <ele>1103.4</ele>
      </rtept>
      <rtept lat="45.93128" lon="6.23979">
        <ele>1103.4</ele>
      </rtept>
      <rtept lat="45.93129" lon="6.23976">
        <ele>1102.8</ele>
      </rtept>
      <rtept lat="45.9313" lon="6.23973">
        <ele>1102.8</ele>
      </rtept>
      <rtept lat="45.93131" lon="6.23971">
        <ele>1102.4</ele>
      </rtept>
      <rtept lat="45.93132" lon="6.23969">
        <ele>1102.2</ele>
      </rtept>
      <rtept lat="45.93134" lon="6.23966">
        <ele>1102</ele>
      </rtept>
      <rtept lat="45.93136" lon="6.23964">
        <ele>1101.8</ele>
      </rtept>
      <rtept lat="45.93138" lon="6.23963">
        <ele>1101.2</ele>
      </rtept>
      <rtept lat="45.93139" lon="6.23961">
        <ele>1101</ele>
      </rtept>
      <rtept lat="45.9314" lon="6.23959">
        <ele>1101</ele>
      </rtept>
      <rtept lat="45.93141" lon="6.23956">
        <ele>1100.8</ele>
      </rtept>
      <rtept lat="45.93143" lon="6.23953">
        <ele>1101</ele>
      </rtept>
      <rtept lat="45.93145" lon="6.23951">
        <ele>1100.8</ele>
      </rtept>
      <rtept lat="45.93147" lon="6.23948">
        <ele>1100.4</ele>
      </rtept>
      <rtept lat="45.93147" lon="6.23945">
        <ele>1100.4</ele>
      </rtept>
      <rtept lat="45.93148" lon="6.23943">
        <ele>1100.2</ele>
      </rtept>
      <rtept lat="45.9315" lon="6.2394">
        <ele>1099.8</ele>
      </rtept>
      <rtept lat="45.93153" lon="6.23936">
        <ele>1099.6</ele>
      </rtept>
      <rtept lat="45.93154" lon="6.23935">
        <ele>1099.2</ele>
      </rtept>
      <rtept lat="45.93156" lon="6.23933">
        <ele>1099</ele>
      </rtept>
      <rtept lat="45.93158" lon="6.23932">
        <ele>1098.6</ele>
      </rtept>
      <rtept lat="45.9316" lon="6.2393">
        <ele>1098.6</ele>
      </rtept>
      <rtept lat="45.93162" lon="6.23928">
        <ele>1098.6</ele>
      </rtept>
      <rtept lat="45.93165" lon="6.23927">
        <ele>1098.2</ele>
      </rtept>
      <rtept lat="45.93167" lon="6.23926">
        <ele>1098.4</ele>
      </rtept>
      <rtept lat="45.93169" lon="6.23926">
        <ele>1098.4</ele>
      </rtept>
      <rtept lat="45.93171" lon="6.23925">
        <ele>1098.2</ele>
      </rtept>
      <rtept lat="45.93174" lon="6.23924">
        <ele>1097.6</ele>
      </rtept>
      <rtept lat="45.93175" lon="6.23924">
        <ele>1097.6</ele>
      </rtept>
      <rtept lat="45.93178" lon="6.23924">
        <ele>1097.2</ele>
      </rtept>
      <rtept lat="45.9318" lon="6.23923">
        <ele>1096</ele>
      </rtept>
      <rtept lat="45.93182" lon="6.23922">
        <ele>1096</ele>
      </rtept>
      <rtept lat="45.93184" lon="6.2392">
        <ele>1095.4</ele>
      </rtept>
      <rtept lat="45.93186" lon="6.23919">
        <ele>1094.6</ele>
      </rtept>
      <rtept lat="45.93188" lon="6.23918">
        <ele>1094.6</ele>
      </rtept>
      <rtept lat="45.9319" lon="6.23917">
        <ele>1094.4</ele>
      </rtept>
      <rtept lat="45.93191" lon="6.23915">
        <ele>1094</ele>
      </rtept>
      <rtept lat="45.93193" lon="6.23913">
        <ele>1093.4</ele>
      </rtept>
      <rtept lat="45.93194" lon="6.23911">
        <ele>1093.4</ele>
      </rtept>
      <rtept lat="45.93196" lon="6.2391">
        <ele>1092.6</ele>
      </rtept>
      <rtept lat="45.93197" lon="6.23908">
        <ele>1092.2</ele>
      </rtept>
      <rtept lat="45.93199" lon="6.23906">
        <ele>1091.8</ele>
      </rtept>
      <rtept lat="45.932" lon="6.23903">
        <ele>1091.2</ele>
      </rtept>
      <rtept lat="45.93201" lon="6.23901">
        <ele>1090.4</ele>
      </rtept>
      <rtept lat="45.93202" lon="6.23897">
        <ele>1090.2</ele>
      </rtept>
      <rtept lat="45.93204" lon="6.23895">
        <ele>1089.8</ele>
      </rtept>
      <rtept lat="45.93206" lon="6.23893">
        <ele>1088.8</ele>
      </rtept>
      <rtept lat="45.93208" lon="6.23891">
        <ele>1088</ele>
      </rtept>
      <rtept lat="45.9321" lon="6.2389">
        <ele>1087.8</ele>
      </rtept>
      <rtept lat="45.93211" lon="6.23888">
        <ele>1087.2</ele>
      </rtept>
      <rtept lat="45.93213" lon="6.23886">
        <ele>1086.2</ele>
      </rtept>
      <rtept lat="45.93215" lon="6.23886">
        <ele>1085.4</ele>
      </rtept>
      <rtept lat="45.93217" lon="6.23887">
        <ele>1085</ele>
      </rtept>
      <rtept lat="45.9322" lon="6.23887">
        <ele>1084.4</ele>
      </rtept>
      <rtept lat="45.93223" lon="6.23885">
        <ele>1083.8</ele>
      </rtept>
      <rtept lat="45.93224" lon="6.23885">
        <ele>1083</ele>
      </rtept>
      <rtept lat="45.93226" lon="6.23884">
        <ele>1083.2</ele>
      </rtept>
      <rtept lat="45.93229" lon="6.23882">
        <ele>1083</ele>
      </rtept>
      <rtept lat="45.9323" lon="6.23881">
        <ele>1083</ele>
      </rtept>
      <rtept lat="45.93232" lon="6.23879">
        <ele>1082.6</ele>
      </rtept>
      <rtept lat="45.93234" lon="6.23876">
        <ele>1081.6</ele>
      </rtept>
      <rtept lat="45.93236" lon="6.23875">
        <ele>1081</ele>
      </rtept>
      <rtept lat="45.93237" lon="6.23872">
        <ele>1080.6</ele>
      </rtept>
      <rtept lat="45.93239" lon="6.2387">
        <ele>1080.2</ele>
      </rtept>
      <rtept lat="45.93241" lon="6.23868">
        <ele>1079.4</ele>
      </rtept>
      <rtept lat="45.93242" lon="6.23865">
        <ele>1079.4</ele>
      </rtept>
      <rtept lat="45.93244" lon="6.23863">
        <ele>1078.8</ele>
      </rtept>
      <rtept lat="45.93245" lon="6.2386">
        <ele>1078.8</ele>
      </rtept>
      <rtept lat="45.93246" lon="6.23857">
        <ele>1078.4</ele>
      </rtept>
      <rtept lat="45.93247" lon="6.23855">
        <ele>1078.4</ele>
      </rtept>
      <rtept lat="45.93249" lon="6.23852">
        <ele>1078</ele>
      </rtept>
      <rtept lat="45.9325" lon="6.23849">
        <ele>1077.4</ele>
      </rtept>
      <rtept lat="45.93252" lon="6.23847">
        <ele>1077.4</ele>
      </rtept>
      <rtept lat="45.93253" lon="6.23845">
        <ele>1077.2</ele>
      </rtept>
      <rtept lat="45.93253" lon="6.23841">
        <ele>1076.8</ele>
      </rtept>
      <rtept lat="45.93253" lon="6.23838">
        <ele>1076</ele>
      </rtept>
      <rtept lat="45.93252" lon="6.23836">
        <ele>1075</ele>
      </rtept>
      <rtept lat="45.93252" lon="6.23832">
        <ele>1074.4</ele>
      </rtept>
      <rtept lat="45.93252" lon="6.23828">
        <ele>1073.8</ele>
      </rtept>
      <rtept lat="45.93252" lon="6.23825">
        <ele>1073.2</ele>
      </rtept>
      <rtept lat="45.93251" lon="6.23822">
        <ele>1072.8</ele>
      </rtept>
      <rtept lat="45.93251" lon="6.23819">
        <ele>1072.4</ele>
      </rtept>
      <rtept lat="45.93251" lon="6.23816">
        <ele>1072.2</ele>
      </rtept>
      <rtept lat="45.93251" lon="6.23812">
        <ele>1071.6</ele>
      </rtept>
      <rtept lat="45.93252" lon="6.2381">
        <ele>1071.2</ele>
      </rtept>
      <rtept lat="45.93253" lon="6.23807">
        <ele>1070.4</ele>
      </rtept>
      <rtept lat="45.93253" lon="6.23803">
        <ele>1069.8</ele>
      </rtept>
      <rtept lat="45.93253" lon="6.238">
        <ele>1069</ele>
      </rtept>
      <rtept lat="45.93254" lon="6.23798">
        <ele>1068</ele>
      </rtept>
      <rtept lat="45.93254" lon="6.23795">
        <ele>1067.2</ele>
      </rtept>
      <rtept lat="45.93254" lon="6.23791">
        <ele>1066.6</ele>
      </rtept>
      <rtept lat="45.93253" lon="6.23788">
        <ele>1065.8</ele>
      </rtept>
      <rtept lat="45.93254" lon="6.23785">
        <ele>1065.6</ele>
      </rtept>
      <rtept lat="45.93254" lon="6.23782">
        <ele>1065</ele>
      </rtept>
      <rtept lat="45.93253" lon="6.23779">
        <ele>1064.2</ele>
      </rtept>
      <rtept lat="45.93252" lon="6.23776">
        <ele>1063.8</ele>
      </rtept>
      <rtept lat="45.93251" lon="6.23774">
        <ele>1063</ele>
      </rtept>
      <rtept lat="45.93251" lon="6.23771">
        <ele>1062.6</ele>
      </rtept>
      <rtept lat="45.93252" lon="6.23768">
        <ele>1062</ele>
      </rtept>
      <rtept lat="45.93253" lon="6.23765">
        <ele>1062</ele>
      </rtept>
      <rtept lat="45.93254" lon="6.23762">
        <ele>1061.4</ele>
      </rtept>
      <rtept lat="45.93255" lon="6.23759">
        <ele>1060.8</ele>
      </rtept>
      <rtept lat="45.93256" lon="6.23755">
        <ele>1058.8</ele>
      </rtept>
      <rtept lat="45.93255" lon="6.23752">
        <ele>1058.4</ele>
      </rtept>
      <rtept lat="45.93254" lon="6.23748">
        <ele>1058.4</ele>
      </rtept>
      <rtept lat="45.93252" lon="6.23746">
        <ele>1058</ele>
      </rtept>
      <rtept lat="45.93249" lon="6.23745">
        <ele>1057.6</ele>
      </rtept>
      <rtept lat="45.93248" lon="6.23742">
        <ele>1057</ele>
      </rtept>
      <rtept lat="45.93246" lon="6.23741">
        <ele>1056.8</ele>
      </rtept>
      <rtept lat="45.93245" lon="6.2374">
        <ele>1056.8</ele>
      </rtept>
      <rtept lat="45.93243" lon="6.23738">
        <ele>1056.8</ele>
      </rtept>
      <rtept lat="45.9324" lon="6.23737">
        <ele>1056.6</ele>
      </rtept>
      <rtept lat="45.93238" lon="6.23736">
        <ele>1056.4</ele>
      </rtept>
      <rtept lat="45.93236" lon="6.23734">
        <ele>1056</ele>
      </rtept>
      <rtept lat="45.93234" lon="6.23733">
        <ele>1055.8</ele>
      </rtept>
      <rtept lat="45.93232" lon="6.2373">
        <ele>1055.6</ele>
      </rtept>
      <rtept lat="45.93232" lon="6.23727">
        <ele>1055.4</ele>
      </rtept>
      <rtept lat="45.93231" lon="6.23724">
        <ele>1055.4</ele>
      </rtept>
      <rtept lat="45.9323" lon="6.23721">
        <ele>1055.4</ele>
      </rtept>
      <rtept lat="45.93229" lon="6.23718">
        <ele>1055</ele>
      </rtept>
      <rtept lat="45.93229" lon="6.23715">
        <ele>1055.2</ele>
      </rtept>
      <rtept lat="45.93229" lon="6.23712">
        <ele>1055.4</ele>
      </rtept>
      <rtept lat="45.93229" lon="6.23709">
        <ele>1056.2</ele>
      </rtept>
      <rtept lat="45.9323" lon="6.23705">
        <ele>1056.2</ele>
      </rtept>
      <rtept lat="45.9323" lon="6.23702">
        <ele>1056.4</ele>
      </rtept>
      <rtept lat="45.93231" lon="6.23698">
        <ele>1056.4</ele>
      </rtept>
      <rtept lat="45.93231" lon="6.23697">
        <ele>1056.4</ele>
      </rtept>
      <rtept lat="45.93231" lon="6.23694">
        <ele>1057.2</ele>
      </rtept>
      <rtept lat="45.93231" lon="6.2369">
        <ele>1057.2</ele>
      </rtept>
      <rtept lat="45.93232" lon="6.23686">
        <ele>1057.6</ele>
      </rtept>
      <rtept lat="45.93233" lon="6.23683">
        <ele>1057.4</ele>
      </rtept>
      <rtept lat="45.93233" lon="6.2368">
        <ele>1057.4</ele>
      </rtept>
      <rtept lat="45.93234" lon="6.23677">
        <ele>1057.4</ele>
      </rtept>
      <rtept lat="45.93236" lon="6.23674">
        <ele>1057.2</ele>
      </rtept>
      <rtept lat="45.93237" lon="6.23671">
        <ele>1057.2</ele>
      </rtept>
      <rtept lat="45.93238" lon="6.23668">
        <ele>1057.2</ele>
      </rtept>
      <rtept lat="45.93239" lon="6.23665">
        <ele>1057.2</ele>
      </rtept>
      <rtept lat="45.93239" lon="6.23662">
        <ele>1056.8</ele>
      </rtept>
      <rtept lat="45.9324" lon="6.23659">
        <ele>1056.8</ele>
      </rtept>
      <rtept lat="45.93242" lon="6.23656">
        <ele>1056.6</ele>
      </rtept>
      <rtept lat="45.93243" lon="6.23653">
        <ele>1056.8</ele>
      </rtept>
      <rtept lat="45.93244" lon="6.2365">
        <ele>1056.8</ele>
      </rtept>
      <rtept lat="45.93245" lon="6.23648">
        <ele>1056.6</ele>
      </rtept>
      <rtept lat="45.93245" lon="6.23645">
        <ele>1056.4</ele>
      </rtept>
      <rtept lat="45.93246" lon="6.23641">
        <ele>1056.4</ele>
      </rtept>
      <rtept lat="45.93245" lon="6.23637">
        <ele>1056.6</ele>
      </rtept>
      <rtept lat="45.93245" lon="6.23635">
        <ele>1056.6</ele>
      </rtept>
      <rtept lat="45.93246" lon="6.23632">
        <ele>1056.8</ele>
      </rtept>
      <rtept lat="45.93245" lon="6.23629">
        <ele>1057</ele>
      </rtept>
      <rtept lat="45.93245" lon="6.23626">
        <ele>1057.2</ele>
      </rtept>
      <rtept lat="45.93245" lon="6.23623">
        <ele>1057.4</ele>
      </rtept>
      <rtept lat="45.93245" lon="6.2362">
        <ele>1057.2</ele>
      </rtept>
      <rtept lat="45.93245" lon="6.23616">
        <ele>1057</ele>
      </rtept>
      <rtept lat="45.93245" lon="6.23613">
        <ele>1057.4</ele>
      </rtept>
      <rtept lat="45.93244" lon="6.2361">
        <ele>1057.4</ele>
      </rtept>
      <rtept lat="45.93245" lon="6.23606">
        <ele>1057.4</ele>
      </rtept>
      <rtept lat="45.93244" lon="6.23602">
        <ele>1057.4</ele>
      </rtept>
      <rtept lat="45.93244" lon="6.236">
        <ele>1057.6</ele>
      </rtept>
      <rtept lat="45.93245" lon="6.23596">
        <ele>1058.2</ele>
      </rtept>
      <rtept lat="45.93245" lon="6.23593">
        <ele>1058.2</ele>
      </rtept>
      <rtept lat="45.93244" lon="6.23588">
        <ele>1058.6</ele>
      </rtept>
      <rtept lat="45.93244" lon="6.23585">
        <ele>1059.2</ele>
      </rtept>
      <rtept lat="45.93244" lon="6.23582">
        <ele>1059.8</ele>
      </rtept>
      <rtept lat="45.93243" lon="6.23579">
        <ele>1060</ele>
      </rtept>
      <rtept lat="45.93242" lon="6.23575">
        <ele>1060.4</ele>
      </rtept>
      <rtept lat="45.93242" lon="6.23572">
        <ele>1060.6</ele>
      </rtept>
      <rtept lat="45.93242" lon="6.23568">
        <ele>1060.8</ele>
      </rtept>
      <rtept lat="45.93242" lon="6.23565">
        <ele>1061.2</ele>
      </rtept>
      <rtept lat="45.93242" lon="6.23561">
        <ele>1061.2</ele>
      </rtept>
      <rtept lat="45.93241" lon="6.23557">
        <ele>1061.4</ele>
      </rtept>
      <rtept lat="45.93241" lon="6.23555">
        <ele>1062.2</ele>
      </rtept>
      <rtept lat="45.93241" lon="6.23553">
        <ele>1062.4</ele>
      </rtept>
      <rtept lat="45.93241" lon="6.2355">
        <ele>1062.6</ele>
      </rtept>
      <rtept lat="45.93241" lon="6.23547">
        <ele>1063</ele>
      </rtept>
      <rtept lat="45.93242" lon="6.23543">
        <ele>1063.2</ele>
      </rtept>
      <rtept lat="45.93242" lon="6.2354">
        <ele>1063.6</ele>
      </rtept>
      <rtept lat="45.93242" lon="6.23537">
        <ele>1063.6</ele>
      </rtept>
      <rtept lat="45.93241" lon="6.23534">
        <ele>1064.4</ele>
      </rtept>
      <rtept lat="45.9324" lon="6.23532">
        <ele>1064.6</ele>
      </rtept>
      <rtept lat="45.9324" lon="6.23528">
        <ele>1064.6</ele>
      </rtept>
      <rtept lat="45.93239" lon="6.23525">
        <ele>1065</ele>
      </rtept>
      <rtept lat="45.93239" lon="6.23522">
        <ele>1065</ele>
      </rtept>
      <rtept lat="45.9324" lon="6.23519">
        <ele>1065.4</ele>
      </rtept>
      <rtept lat="45.9324" lon="6.23516">
        <ele>1065.6</ele>
      </rtept>
      <rtept lat="45.9324" lon="6.23512">
        <ele>1066</ele>
      </rtept>
      <rtept lat="45.9324" lon="6.23508">
        <ele>1066.4</ele>
      </rtept>
      <rtept lat="45.93239" lon="6.23504">
        <ele>1066.2</ele>
      </rtept>
      <rtept lat="45.93238" lon="6.235">
        <ele>1067.2</ele>
      </rtept>
      <rtept lat="45.93237" lon="6.23499">
        <ele>1067.2</ele>
      </rtept>
      <rtept lat="45.93237" lon="6.23496">
        <ele>1067.4</ele>
      </rtept>
      <rtept lat="45.93238" lon="6.23493">
        <ele>1067.8</ele>
      </rtept>
      <rtept lat="45.93236" lon="6.23491">
        <ele>1068</ele>
      </rtept>
      <rtept lat="45.93237" lon="6.23487">
        <ele>1068.4</ele>
      </rtept>
      <rtept lat="45.93237" lon="6.23484">
        <ele>1068.4</ele>
      </rtept>
      <rtept lat="45.93238" lon="6.23481">
        <ele>1068.4</ele>
      </rtept>
      <rtept lat="45.93238" lon="6.23478">
        <ele>1069.2</ele>
      </rtept>
      <rtept lat="45.93238" lon="6.23475">
        <ele>1069.4</ele>
      </rtept>
      <rtept lat="45.93238" lon="6.23471">
        <ele>1069.8</ele>
      </rtept>
      <rtept lat="45.93237" lon="6.23468">
        <ele>1070.6</ele>
      </rtept>
      <rtept lat="45.93237" lon="6.23465">
        <ele>1070.8</ele>
      </rtept>
      <rtept lat="45.93236" lon="6.23461">
        <ele>1071.2</ele>
      </rtept>
      <rtept lat="45.93236" lon="6.23458">
        <ele>1071.4</ele>
      </rtept>
      <rtept lat="45.93235" lon="6.23455">
        <ele>1071.6</ele>
      </rtept>
      <rtept lat="45.93235" lon="6.2345">
        <ele>1072.4</ele>
      </rtept>
      <rtept lat="45.93234" lon="6.23446">
        <ele>1072.6</ele>
      </rtept>
      <rtept lat="45.93234" lon="6.23442">
        <ele>1072.8</ele>
      </rtept>
      <rtept lat="45.93233" lon="6.23438">
        <ele>1073</ele>
      </rtept>
      <rtept lat="45.93233" lon="6.23435">
        <ele>1073</ele>
      </rtept>
      <rtept lat="45.93233" lon="6.23433">
        <ele>1073.2</ele>
      </rtept>
      <rtept lat="45.93233" lon="6.23429">
        <ele>1073.4</ele>
      </rtept>
      <rtept lat="45.93233" lon="6.23426">
        <ele>1073.8</ele>
      </rtept>
      <rtept lat="45.93234" lon="6.23423">
        <ele>1074.4</ele>
      </rtept>
      <rtept lat="45.93234" lon="6.2342">
        <ele>1074.2</ele>
      </rtept>
      <rtept lat="45.93235" lon="6.23418">
        <ele>1074.6</ele>
      </rtept>
      <rtept lat="45.93236" lon="6.23415">
        <ele>1075.6</ele>
      </rtept>
      <rtept lat="45.93237" lon="6.23411">
        <ele>1075.8</ele>
      </rtept>
      <rtept lat="45.93238" lon="6.23409">
        <ele>1076</ele>
      </rtept>
      <rtept lat="45.93239" lon="6.23406">
        <ele>1076.6</ele>
      </rtept>
      <rtept lat="45.9324" lon="6.23402">
        <ele>1077</ele>
      </rtept>
      <rtept lat="45.9324" lon="6.234">
        <ele>1077.2</ele>
      </rtept>
      <rtept lat="45.93241" lon="6.23398">
        <ele>1077.8</ele>
      </rtept>
      <rtept lat="45.93243" lon="6.23394">
        <ele>1077.8</ele>
      </rtept>
      <rtept lat="45.93244" lon="6.23392">
        <ele>1078.2</ele>
      </rtept>
      <rtept lat="45.93246" lon="6.2339">
        <ele>1078.2</ele>
      </rtept>
      <rtept lat="45.93247" lon="6.23388">
        <ele>1078.6</ele>
      </rtept>
      <rtept lat="45.93249" lon="6.23386">
        <ele>1078.4</ele>
      </rtept>
      <rtept lat="45.93251" lon="6.23384">
        <ele>1078.2</ele>
      </rtept>
      <rtept lat="45.93252" lon="6.23381">
        <ele>1078.2</ele>
      </rtept>
      <rtept lat="45.93253" lon="6.23379">
        <ele>1077.8</ele>
      </rtept>
      <rtept lat="45.93254" lon="6.23376">
        <ele>1078.2</ele>
      </rtept>
      <rtept lat="45.93255" lon="6.23374">
        <ele>1078.2</ele>
      </rtept>
      <rtept lat="45.93256" lon="6.2337">
        <ele>1078</ele>
      </rtept>
      <rtept lat="45.93258" lon="6.23368">
        <ele>1078</ele>
      </rtept>
      <rtept lat="45.93259" lon="6.23365">
        <ele>1078</ele>
      </rtept>
      <rtept lat="45.93261" lon="6.23364">
        <ele>1078</ele>
      </rtept>
      <rtept lat="45.93263" lon="6.23361">
        <ele>1077.8</ele>
      </rtept>
      <rtept lat="45.93264" lon="6.23358">
        <ele>1077.4</ele>
      </rtept>
      <rtept lat="45.93265" lon="6.23356">
        <ele>1077</ele>
      </rtept>
      <rtept lat="45.93267" lon="6.23352">
        <ele>1076.8</ele>
      </rtept>
      <rtept lat="45.93268" lon="6.2335">
        <ele>1076.6</ele>
      </rtept>
      <rtept lat="45.9327" lon="6.23348">
        <ele>1076</ele>
      </rtept>
      <rtept lat="45.93272" lon="6.23346">
        <ele>1075.6</ele>
      </rtept>
      <rtept lat="45.93273" lon="6.23343">
        <ele>1075.6</ele>
      </rtept>
      <rtept lat="45.93275" lon="6.23341">
        <ele>1075.4</ele>
      </rtept>
      <rtept lat="45.93276" lon="6.2334">
        <ele>1075</ele>
      </rtept>
      <rtept lat="45.93278" lon="6.23337">
        <ele>1074.6</ele>
      </rtept>
      <rtept lat="45.93279" lon="6.23334">
        <ele>1074.2</ele>
      </rtept>
      <rtept lat="45.93281" lon="6.23332">
        <ele>1072.8</ele>
      </rtept>
      <rtept lat="45.93283" lon="6.2333">
        <ele>1072.6</ele>
      </rtept>
      <rtept lat="45.93285" lon="6.23329">
        <ele>1072.2</ele>
      </rtept>
      <rtept lat="45.93287" lon="6.23327">
        <ele>1072.2</ele>
      </rtept>
      <rtept lat="45.93289" lon="6.23325">
        <ele>1071</ele>
      </rtept>
      <rtept lat="45.93291" lon="6.23325">
        <ele>1070.4</ele>
      </rtept>
      <rtept lat="45.93293" lon="6.23325">
        <ele>1069.4</ele>
      </rtept>
      <rtept lat="45.93295" lon="6.23325">
        <ele>1068.2</ele>
      </rtept>
      <rtept lat="45.93297" lon="6.23325">
        <ele>1067</ele>
      </rtept>
      <rtept lat="45.933" lon="6.23326">
        <ele>1066.6</ele>
      </rtept>
      <rtept lat="45.93302" lon="6.23326">
        <ele>1066.4</ele>
      </rtept>
      <rtept lat="45.93304" lon="6.23327">
        <ele>1066.2</ele>
      </rtept>
      <rtept lat="45.93307" lon="6.23328">
        <ele>1066</ele>
      </rtept>
      <rtept lat="45.93309" lon="6.23329">
        <ele>1065.6</ele>
      </rtept>
      <rtept lat="45.93311" lon="6.23329">
        <ele>1065.4</ele>
      </rtept>
      <rtept lat="45.93314" lon="6.2333">
        <ele>1065.6</ele>
      </rtept>
      <rtept lat="45.93316" lon="6.23332">
        <ele>1065.4</ele>
      </rtept>
      <rtept lat="45.93318" lon="6.23333">
        <ele>1064.8</ele>
      </rtept>
      <rtept lat="45.93321" lon="6.23334">
        <ele>1064.4</ele>
      </rtept>
      <rtept lat="45.93323" lon="6.23335">
        <ele>1064.4</ele>
      </rtept>
      <rtept lat="45.93325" lon="6.23335">
        <ele>1064.4</ele>
      </rtept>
      <rtept lat="45.93327" lon="6.23336">
        <ele>1064.2</ele>
      </rtept>
      <rtept lat="45.93329" lon="6.23337">
        <ele>1064.4</ele>
      </rtept>
      <rtept lat="45.93331" lon="6.23338">
        <ele>1064.4</ele>
      </rtept>
      <rtept lat="45.93334" lon="6.23339">
        <ele>1064.8</ele>
      </rtept>
      <rtept lat="45.93336" lon="6.23341">
        <ele>1064.6</ele>
      </rtept>
      <rtept lat="45.93337" lon="6.23342">
        <ele>1064.4</ele>
      </rtept>
      <rtept lat="45.93339" lon="6.23344">
        <ele>1064.2</ele>
      </rtept>
      <rtept lat="45.93341" lon="6.23345">
        <ele>1063.8</ele>
      </rtept>
      <rtept lat="45.93343" lon="6.23347">
        <ele>1063.4</ele>
      </rtept>
      <rtept lat="45.93345" lon="6.23349">
        <ele>1063</ele>
      </rtept>
      <rtept lat="45.93347" lon="6.23351">
        <ele>1063</ele>
      </rtept>
      <rtept lat="45.93349" lon="6.23353">
        <ele>1063</ele>
      </rtept>
      <rtept lat="45.9335" lon="6.23354">
        <ele>1063</ele>
      </rtept>
      <rtept lat="45.93352" lon="6.23356">
        <ele>1063</ele>
      </rtept>
      <rtept lat="45.93354" lon="6.23357">
        <ele>1062.4</ele>
      </rtept>
      <rtept lat="45.93357" lon="6.2336">
        <ele>1061.6</ele>
      </rtept>
      <rtept lat="45.93359" lon="6.23362">
        <ele>1061.2</ele>
      </rtept>
      <rtept lat="45.93361" lon="6.23363">
        <ele>1060.6</ele>
      </rtept>
      <rtept lat="45.93363" lon="6.23365">
        <ele>1060.4</ele>
      </rtept>
      <rtept lat="45.93364" lon="6.23366">
        <ele>1060</ele>
      </rtept>
      <rtept lat="45.93367" lon="6.23368">
        <ele>1059.6</ele>
      </rtept>
      <rtept lat="45.93368" lon="6.23368">
        <ele>1059.4</ele>
      </rtept>
      <rtept lat="45.9337" lon="6.23369">
        <ele>1059.4</ele>
      </rtept>
      <rtept lat="45.93372" lon="6.2337">
        <ele>1058.6</ele>
      </rtept>
      <rtept lat="45.93374" lon="6.23371">
        <ele>1058.4</ele>
      </rtept>
      <rtept lat="45.93376" lon="6.23371">
        <ele>1058.2</ele>
      </rtept>
      <rtept lat="45.93378" lon="6.23371">
        <ele>1058</ele>
      </rtept>
      <rtept lat="45.9338" lon="6.23371">
        <ele>1058</ele>
      </rtept>
      <rtept lat="45.93382" lon="6.23371">
        <ele>1057.2</ele>
      </rtept>
      <rtept lat="45.93384" lon="6.2337">
        <ele>1056.8</ele>
      </rtept>
      <rtept lat="45.93387" lon="6.23371">
        <ele>1056.2</ele>
      </rtept>
      <rtept lat="45.93388" lon="6.23371">
        <ele>1055.8</ele>
      </rtept>
      <rtept lat="45.9339" lon="6.23371">
        <ele>1055.4</ele>
      </rtept>
      <rtept lat="45.93392" lon="6.23371">
        <ele>1055</ele>
      </rtept>
      <rtept lat="45.93394" lon="6.23372">
        <ele>1055</ele>
      </rtept>
      <rtept lat="45.93397" lon="6.23372">
        <ele>1054.8</ele>
      </rtept>
      <rtept lat="45.93399" lon="6.23373">
        <ele>1054.6</ele>
      </rtept>
      <rtept lat="45.934" lon="6.23373">
        <ele>1054.4</ele>
      </rtept>
      <rtept lat="45.93402" lon="6.23375">
        <ele>1054.2</ele>
      </rtept>
      <rtept lat="45.93404" lon="6.23376">
        <ele>1053.6</ele>
      </rtept>
      <rtept lat="45.93406" lon="6.23378">
        <ele>1052.8</ele>
      </rtept>
      <rtept lat="45.93408" lon="6.2338">
        <ele>1052.6</ele>
      </rtept>
      <rtept lat="45.9341" lon="6.23378">
        <ele>1052</ele>
      </rtept>
      <rtept lat="45.93411" lon="6.23376">
        <ele>1052</ele>
      </rtept>
      <rtept lat="45.93413" lon="6.23374">
        <ele>1051.6</ele>
      </rtept>
      <rtept lat="45.93414" lon="6.23372">
        <ele>1051</ele>
      </rtept>
      <rtept lat="45.93416" lon="6.23369">
        <ele>1050.8</ele>
      </rtept>
      <rtept lat="45.93417" lon="6.23367">
        <ele>1050.6</ele>
      </rtept>
      <rtept lat="45.93419" lon="6.23364">
        <ele>1050.2</ele>
      </rtept>
      <rtept lat="45.9342" lon="6.23362">
        <ele>1050</ele>
      </rtept>
      <rtept lat="45.93422" lon="6.23361">
        <ele>1049.8</ele>
      </rtept>
      <rtept lat="45.93424" lon="6.23359">
        <ele>1049.2</ele>
      </rtept>
      <rtept lat="45.93426" lon="6.23358">
        <ele>1049.2</ele>
      </rtept>
      <rtept lat="45.93428" lon="6.23356">
        <ele>1049.2</ele>
      </rtept>
      <rtept lat="45.9343" lon="6.23355">
        <ele>1049.4</ele>
      </rtept>
      <rtept lat="45.93432" lon="6.23355">
        <ele>1049.2</ele>
      </rtept>
      <rtept lat="45.93435" lon="6.23354">
        <ele>1049.2</ele>
      </rtept>
      <rtept lat="45.93437" lon="6.23353">
        <ele>1049.4</ele>
      </rtept>
      <rtept lat="45.93439" lon="6.23352">
        <ele>1049.6</ele>
      </rtept>
      <rtept lat="45.93442" lon="6.23351">
        <ele>1049.4</ele>
      </rtept>
      <rtept lat="45.93443" lon="6.23351">
        <ele>1049.8</ele>
      </rtept>
      <rtept lat="45.93446" lon="6.23352">
        <ele>1049.8</ele>
      </rtept>
      <rtept lat="45.93448" lon="6.23353">
        <ele>1049.4</ele>
      </rtept>
      <rtept lat="45.9345" lon="6.23354">
        <ele>1048.8</ele>
      </rtept>
      <rtept lat="45.93453" lon="6.23354">
        <ele>1049</ele>
      </rtept>
      <rtept lat="45.93456" lon="6.23354">
        <ele>1049</ele>
      </rtept>
      <rtept lat="45.93458" lon="6.23354">
        <ele>1048.8</ele>
      </rtept>
      <rtept lat="45.93461" lon="6.23355">
        <ele>1049.2</ele>
      </rtept>
      <rtept lat="45.93463" lon="6.23356">
        <ele>1048.8</ele>
      </rtept>
      <rtept lat="45.93465" lon="6.23356">
        <ele>1049.4</ele>
      </rtept>
      <rtept lat="45.93467" lon="6.23354">
        <ele>1049.6</ele>
      </rtept>
      <rtept lat="45.93469" lon="6.23354">
        <ele>1049.6</ele>
      </rtept>
      <rtept lat="45.93471" lon="6.23353">
        <ele>1050.4</ele>
      </rtept>
      <rtept lat="45.93473" lon="6.23352">
        <ele>1050.2</ele>
      </rtept>
      <rtept lat="45.93475" lon="6.23351">
        <ele>1050</ele>
      </rtept>
      <rtept lat="45.93477" lon="6.23349">
        <ele>1050.4</ele>
      </rtept>
      <rtept lat="45.93479" lon="6.23348">
        <ele>1050.6</ele>
      </rtept>
      <rtept lat="45.93481" lon="6.23345">
        <ele>1050.6</ele>
      </rtept>
      <rtept lat="45.93483" lon="6.23344">
        <ele>1050.8</ele>
      </rtept>
      <rtept lat="45.93485" lon="6.23342">
        <ele>1050.6</ele>
      </rtept>
      <rtept lat="45.93487" lon="6.23341">
        <ele>1050.6</ele>
      </rtept>
      <rtept lat="45.9349" lon="6.23341">
        <ele>1050.2</ele>
      </rtept>
      <rtept lat="45.93493" lon="6.2334">
        <ele>1050.2</ele>
      </rtept>
      <rtept lat="45.93495" lon="6.2334">
        <ele>1050.2</ele>
      </rtept>
      <rtept lat="45.93498" lon="6.2334">
        <ele>1050</ele>
      </rtept>
      <rtept lat="45.935" lon="6.2334">
        <ele>1049.6</ele>
      </rtept>
    </rte>
</gpx>