<?xml version="1.0" encoding="UTF-8" standalone="no" ?>
<gpx xmlns="http://www.topografix.com/GPX/1/1" xmlns:xsi="http://www.w3.org/2001/XMLSchema-instance" xsi:schemaLocation="http://www.topografix.com/GPX/1/1 http://www.topografix.com/GPX/1/1/gpx.xsd" version="1.1" creator="VisuGPX - https://www.visugpx.com">
  <metadata>
    <name>suuntoapp-TrailRunning-2025-09-07T04-59-03Z</name>
    <desc><![CDATA[TOURNETTE (montée de la) Bornes 2025.09.07]]></desc>
  </metadata>
  <rte>
    <name><![CDATA[suuntoapp-TrailRunning-2025-09-07T04-59-03Z]]></name>
      <rtept lat="45.83876" lon="6.21213">
        <ele>457.4</ele>
      </rtept>
      <rtept lat="45.83877" lon="6.21214">
        <ele>457.4</ele>
      </rtept>
      <rtept lat="45.83879" lon="6.21218">
        <ele>457.4</ele>
      </rtept>
      <rtept lat="45.83881" lon="6.21221">
        <ele>457.4</ele>
      </rtept>
      <rtept lat="45.83883" lon="6.21225">
        <ele>457.4</ele>
      </rtept>
      <rtept lat="45.83885" lon="6.21228">
        <ele>457.6</ele>
      </rtept>
      <rtept lat="45.83886" lon="6.21231">
        <ele>457.6</ele>
      </rtept>
      <rtept lat="45.83888" lon="6.21233">
        <ele>457.8</ele>
      </rtept>
      <rtept lat="45.8389" lon="6.21235">
        <ele>457.8</ele>
      </rtept>
      <rtept lat="45.83892" lon="6.21237">
        <ele>458</ele>
      </rtept>
      <rtept lat="45.83895" lon="6.2124">
        <ele>458</ele>
      </rtept>
      <rtept lat="45.83897" lon="6.21241">
        <ele>458</ele>
      </rtept>
      <rtept lat="45.839" lon="6.21242">
        <ele>458</ele>
      </rtept>
      <rtept lat="45.83902" lon="6.21243">
        <ele>458.4</ele>
      </rtept>
      <rtept lat="45.83905" lon="6.21245">
        <ele>459</ele>
      </rtept>
      <rtept lat="45.83908" lon="6.21246">
        <ele>458.8</ele>
      </rtept>
      <rtept lat="45.8391" lon="6.21247">
        <ele>458.6</ele>
      </rtept>
      <rtept lat="45.83913" lon="6.21247">
        <ele>458.8</ele>
      </rtept>
      <rtept lat="45.83916" lon="6.21248">
        <ele>459</ele>
      </rtept>
      <rtept lat="45.83918" lon="6.2125">
        <ele>459.2</ele>
      </rtept>
      <rtept lat="45.8392" lon="6.21252">
        <ele>459.4</ele>
      </rtept>
      <rtept lat="45.83921" lon="6.21255">
        <ele>459.4</ele>
      </rtept>
      <rtept lat="45.83922" lon="6.21259">
        <ele>459.6</ele>
      </rtept>
      <rtept lat="45.83923" lon="6.21262">
        <ele>459.4</ele>
      </rtept>
      <rtept lat="45.83923" lon="6.21266">
        <ele>459.4</ele>
      </rtept>
      <rtept lat="45.83924" lon="6.21269">
        <ele>459.8</ele>
      </rtept>
      <rtept lat="45.83925" lon="6.21272">
        <ele>460</ele>
      </rtept>
      <rtept lat="45.83925" lon="6.21275">
        <ele>460.2</ele>
      </rtept>
      <rtept lat="45.83926" lon="6.21279">
        <ele>460.2</ele>
      </rtept>
      <rtept lat="45.83927" lon="6.21282">
        <ele>460</ele>
      </rtept>
      <rtept lat="45.83928" lon="6.21285">
        <ele>460.2</ele>
      </rtept>
      <rtept lat="45.83929" lon="6.21288">
        <ele>460.6</ele>
      </rtept>
      <rtept lat="45.83929" lon="6.21291">
        <ele>460.6</ele>
      </rtept>
      <rtept lat="45.8393" lon="6.21295">
        <ele>460.6</ele>
      </rtept>
      <rtept lat="45.83931" lon="6.21298">
        <ele>460.6</ele>
      </rtept>
      <rtept lat="45.83932" lon="6.21301">
        <ele>460.8</ele>
      </rtept>
      <rtept lat="45.83933" lon="6.21304">
        <ele>461</ele>
      </rtept>
      <rtept lat="45.83933" lon="6.21308">
        <ele>461.2</ele>
      </rtept>
      <rtept lat="45.83935" lon="6.21311">
        <ele>461.4</ele>
      </rtept>
      <rtept lat="45.83935" lon="6.21314">
        <ele>461.6</ele>
      </rtept>
      <rtept lat="45.83936" lon="6.21318">
        <ele>461.4</ele>
      </rtept>
      <rtept lat="45.83936" lon="6.21321">
        <ele>461.8</ele>
      </rtept>
      <rtept lat="45.83936" lon="6.21324">
        <ele>461.8</ele>
      </rtept>
      <rtept lat="45.83936" lon="6.21328">
        <ele>462</ele>
      </rtept>
      <rtept lat="45.83937" lon="6.21332">
        <ele>462.2</ele>
      </rtept>
      <rtept lat="45.83937" lon="6.21335">
        <ele>462.2</ele>
      </rtept>
      <rtept lat="45.83938" lon="6.21339">
        <ele>462.8</ele>
      </rtept>
      <rtept lat="45.83938" lon="6.21342">
        <ele>462.8</ele>
      </rtept>
      <rtept lat="45.83939" lon="6.21346">
        <ele>462.8</ele>
      </rtept>
      <rtept lat="45.83939" lon="6.2135">
        <ele>463</ele>
      </rtept>
      <rtept lat="45.8394" lon="6.21353">
        <ele>463.2</ele>
      </rtept>
      <rtept lat="45.83941" lon="6.21356">
        <ele>463.4</ele>
      </rtept>
      <rtept lat="45.83942" lon="6.2136">
        <ele>464</ele>
      </rtept>
      <rtept lat="45.83943" lon="6.21363">
        <ele>464.2</ele>
      </rtept>
      <rtept lat="45.83944" lon="6.21366">
        <ele>464.4</ele>
      </rtept>
      <rtept lat="45.83944" lon="6.2137">
        <ele>464.6</ele>
      </rtept>
      <rtept lat="45.83945" lon="6.21373">
        <ele>464.8</ele>
      </rtept>
      <rtept lat="45.83946" lon="6.21376">
        <ele>465.2</ele>
      </rtept>
      <rtept lat="45.83946" lon="6.21379">
        <ele>465.4</ele>
      </rtept>
      <rtept lat="45.83947" lon="6.21383">
        <ele>466</ele>
      </rtept>
      <rtept lat="45.83947" lon="6.21385">
        <ele>466.2</ele>
      </rtept>
      <rtept lat="45.83948" lon="6.21389">
        <ele>466.2</ele>
      </rtept>
      <rtept lat="45.83948" lon="6.21392">
        <ele>466.4</ele>
      </rtept>
      <rtept lat="45.83948" lon="6.21395">
        <ele>466.4</ele>
      </rtept>
      <rtept lat="45.83948" lon="6.21399">
        <ele>466.6</ele>
      </rtept>
      <rtept lat="45.83947" lon="6.21402">
        <ele>467</ele>
      </rtept>
      <rtept lat="45.83947" lon="6.21405">
        <ele>467.4</ele>
      </rtept>
      <rtept lat="45.83947" lon="6.21409">
        <ele>467.6</ele>
      </rtept>
      <rtept lat="45.83947" lon="6.21412">
        <ele>467.4</ele>
      </rtept>
      <rtept lat="45.83946" lon="6.21415">
        <ele>467.6</ele>
      </rtept>
      <rtept lat="45.83946" lon="6.21418">
        <ele>468</ele>
      </rtept>
      <rtept lat="45.83946" lon="6.21421">
        <ele>468.2</ele>
      </rtept>
      <rtept lat="45.83947" lon="6.21424">
        <ele>468.6</ele>
      </rtept>
      <rtept lat="45.83947" lon="6.21427">
        <ele>469</ele>
      </rtept>
      <rtept lat="45.83947" lon="6.2143">
        <ele>469.2</ele>
      </rtept>
      <rtept lat="45.83947" lon="6.21434">
        <ele>469.4</ele>
      </rtept>
      <rtept lat="45.83947" lon="6.21437">
        <ele>469.8</ele>
      </rtept>
      <rtept lat="45.83947" lon="6.2144">
        <ele>470</ele>
      </rtept>
      <rtept lat="45.83948" lon="6.21443">
        <ele>470</ele>
      </rtept>
      <rtept lat="45.83948" lon="6.21446">
        <ele>470.6</ele>
      </rtept>
      <rtept lat="45.83949" lon="6.21449">
        <ele>470.8</ele>
      </rtept>
      <rtept lat="45.83949" lon="6.21453">
        <ele>471</ele>
      </rtept>
      <rtept lat="45.8395" lon="6.21456">
        <ele>471.4</ele>
      </rtept>
      <rtept lat="45.83951" lon="6.21458">
        <ele>471.4</ele>
      </rtept>
      <rtept lat="45.83953" lon="6.21462">
        <ele>471.8</ele>
      </rtept>
      <rtept lat="45.83954" lon="6.21464">
        <ele>471.8</ele>
      </rtept>
      <rtept lat="45.83955" lon="6.21467">
        <ele>472.2</ele>
      </rtept>
      <rtept lat="45.83957" lon="6.2147">
        <ele>472.4</ele>
      </rtept>
      <rtept lat="45.83959" lon="6.21473">
        <ele>472.2</ele>
      </rtept>
      <rtept lat="45.83961" lon="6.21474">
        <ele>471.8</ele>
      </rtept>
      <rtept lat="45.83964" lon="6.21477">
        <ele>471.8</ele>
      </rtept>
      <rtept lat="45.83966" lon="6.2148">
        <ele>472</ele>
      </rtept>
      <rtept lat="45.83968" lon="6.21483">
        <ele>472</ele>
      </rtept>
      <rtept lat="45.83969" lon="6.21487">
        <ele>472</ele>
      </rtept>
      <rtept lat="45.8397" lon="6.2149">
        <ele>472</ele>
      </rtept>
      <rtept lat="45.8397" lon="6.21493">
        <ele>472</ele>
      </rtept>
      <rtept lat="45.83969" lon="6.21497">
        <ele>472</ele>
      </rtept>
      <rtept lat="45.83968" lon="6.21501">
        <ele>471.8</ele>
      </rtept>
      <rtept lat="45.83967" lon="6.21505">
        <ele>471.8</ele>
      </rtept>
      <rtept lat="45.83966" lon="6.21508">
        <ele>472.2</ele>
      </rtept>
      <rtept lat="45.83965" lon="6.21512">
        <ele>472.2</ele>
      </rtept>
      <rtept lat="45.83964" lon="6.21515">
        <ele>472.6</ele>
      </rtept>
      <rtept lat="45.83963" lon="6.21518">
        <ele>472.2</ele>
      </rtept>
      <rtept lat="45.83962" lon="6.21521">
        <ele>472.4</ele>
      </rtept>
      <rtept lat="45.83961" lon="6.21524">
        <ele>472.6</ele>
      </rtept>
      <rtept lat="45.8396" lon="6.21527">
        <ele>472.6</ele>
      </rtept>
      <rtept lat="45.83959" lon="6.2153">
        <ele>472.6</ele>
      </rtept>
      <rtept lat="45.83959" lon="6.21533">
        <ele>473</ele>
      </rtept>
      <rtept lat="45.83958" lon="6.21537">
        <ele>473.4</ele>
      </rtept>
      <rtept lat="45.83958" lon="6.2154">
        <ele>473.8</ele>
      </rtept>
      <rtept lat="45.83957" lon="6.21543">
        <ele>473.8</ele>
      </rtept>
      <rtept lat="45.83957" lon="6.21546">
        <ele>474</ele>
      </rtept>
      <rtept lat="45.83956" lon="6.2155">
        <ele>474.2</ele>
      </rtept>
      <rtept lat="45.83956" lon="6.21553">
        <ele>474.8</ele>
      </rtept>
      <rtept lat="45.83956" lon="6.21556">
        <ele>474.8</ele>
      </rtept>
      <rtept lat="45.83955" lon="6.21559">
        <ele>475</ele>
      </rtept>
      <rtept lat="45.83955" lon="6.21563">
        <ele>475.2</ele>
      </rtept>
      <rtept lat="45.83954" lon="6.21566">
        <ele>475.4</ele>
      </rtept>
      <rtept lat="45.83954" lon="6.21569">
        <ele>475.6</ele>
      </rtept>
      <rtept lat="45.83954" lon="6.21573">
        <ele>476</ele>
      </rtept>
      <rtept lat="45.83954" lon="6.21576">
        <ele>476</ele>
      </rtept>
      <rtept lat="45.83954" lon="6.21579">
        <ele>476</ele>
      </rtept>
      <rtept lat="45.83954" lon="6.21582">
        <ele>476.2</ele>
      </rtept>
      <rtept lat="45.83954" lon="6.21586">
        <ele>476.2</ele>
      </rtept>
      <rtept lat="45.83955" lon="6.2159">
        <ele>476.6</ele>
      </rtept>
      <rtept lat="45.83955" lon="6.21593">
        <ele>476.6</ele>
      </rtept>
      <rtept lat="45.83955" lon="6.21596">
        <ele>476.8</ele>
      </rtept>
      <rtept lat="45.83955" lon="6.216">
        <ele>477.2</ele>
      </rtept>
      <rtept lat="45.83956" lon="6.21603">
        <ele>477.6</ele>
      </rtept>
      <rtept lat="45.83956" lon="6.21607">
        <ele>477.8</ele>
      </rtept>
      <rtept lat="45.83957" lon="6.2161">
        <ele>478</ele>
      </rtept>
      <rtept lat="45.83957" lon="6.21613">
        <ele>478</ele>
      </rtept>
      <rtept lat="45.83957" lon="6.21617">
        <ele>478</ele>
      </rtept>
      <rtept lat="45.83958" lon="6.2162">
        <ele>478.4</ele>
      </rtept>
      <rtept lat="45.83958" lon="6.21623">
        <ele>479</ele>
      </rtept>
      <rtept lat="45.83959" lon="6.21627">
        <ele>479</ele>
      </rtept>
      <rtept lat="45.83959" lon="6.2163">
        <ele>479</ele>
      </rtept>
      <rtept lat="45.8396" lon="6.21633">
        <ele>479.4</ele>
      </rtept>
      <rtept lat="45.8396" lon="6.21636">
        <ele>479.4</ele>
      </rtept>
      <rtept lat="45.8396" lon="6.21639">
        <ele>479.6</ele>
      </rtept>
      <rtept lat="45.83961" lon="6.21643">
        <ele>479.8</ele>
      </rtept>
      <rtept lat="45.8396" lon="6.21646">
        <ele>480</ele>
      </rtept>
      <rtept lat="45.8396" lon="6.2165">
        <ele>480.2</ele>
      </rtept>
      <rtept lat="45.83959" lon="6.21653">
        <ele>480.4</ele>
      </rtept>
      <rtept lat="45.83959" lon="6.21657">
        <ele>480.6</ele>
      </rtept>
      <rtept lat="45.83958" lon="6.2166">
        <ele>480.8</ele>
      </rtept>
      <rtept lat="45.83957" lon="6.21663">
        <ele>480.8</ele>
      </rtept>
      <rtept lat="45.83955" lon="6.21666">
        <ele>480.8</ele>
      </rtept>
      <rtept lat="45.83954" lon="6.21669">
        <ele>480.8</ele>
      </rtept>
      <rtept lat="45.83952" lon="6.21672">
        <ele>480.8</ele>
      </rtept>
      <rtept lat="45.8395" lon="6.21675">
        <ele>480.8</ele>
      </rtept>
      <rtept lat="45.83948" lon="6.21677">
        <ele>480.8</ele>
      </rtept>
      <rtept lat="45.83946" lon="6.21679">
        <ele>480.6</ele>
      </rtept>
      <rtept lat="45.83944" lon="6.21682">
        <ele>480.6</ele>
      </rtept>
      <rtept lat="45.83941" lon="6.21683">
        <ele>480.2</ele>
      </rtept>
      <rtept lat="45.83939" lon="6.21685">
        <ele>480</ele>
      </rtept>
      <rtept lat="45.83938" lon="6.21688">
        <ele>480</ele>
      </rtept>
      <rtept lat="45.83938" lon="6.21692">
        <ele>479.8</ele>
      </rtept>
      <rtept lat="45.83937" lon="6.21696">
        <ele>479.6</ele>
      </rtept>
      <rtept lat="45.83937" lon="6.217">
        <ele>479.6</ele>
      </rtept>
      <rtept lat="45.83936" lon="6.21703">
        <ele>479.6</ele>
      </rtept>
      <rtept lat="45.83935" lon="6.21706">
        <ele>479.4</ele>
      </rtept>
      <rtept lat="45.83935" lon="6.21709">
        <ele>479.8</ele>
      </rtept>
      <rtept lat="45.83934" lon="6.21711">
        <ele>480.4</ele>
      </rtept>
      <rtept lat="45.83933" lon="6.21714">
        <ele>481</ele>
      </rtept>
      <rtept lat="45.83931" lon="6.21716">
        <ele>481.2</ele>
      </rtept>
      <rtept lat="45.8393" lon="6.21718">
        <ele>481.6</ele>
      </rtept>
      <rtept lat="45.83929" lon="6.21721">
        <ele>482</ele>
      </rtept>
      <rtept lat="45.83927" lon="6.21723">
        <ele>482</ele>
      </rtept>
      <rtept lat="45.83925" lon="6.21725">
        <ele>482.4</ele>
      </rtept>
      <rtept lat="45.83924" lon="6.21728">
        <ele>482.6</ele>
      </rtept>
      <rtept lat="45.83923" lon="6.2173">
        <ele>483</ele>
      </rtept>
      <rtept lat="45.83921" lon="6.21733">
        <ele>483.4</ele>
      </rtept>
      <rtept lat="45.8392" lon="6.21735">
        <ele>483.4</ele>
      </rtept>
      <rtept lat="45.83918" lon="6.21738">
        <ele>483.6</ele>
      </rtept>
      <rtept lat="45.83917" lon="6.2174">
        <ele>483.8</ele>
      </rtept>
      <rtept lat="45.83915" lon="6.21742">
        <ele>484</ele>
      </rtept>
      <rtept lat="45.83914" lon="6.21744">
        <ele>484</ele>
      </rtept>
      <rtept lat="45.83912" lon="6.21746">
        <ele>484</ele>
      </rtept>
      <rtept lat="45.83911" lon="6.21749">
        <ele>484.8</ele>
      </rtept>
      <rtept lat="45.83909" lon="6.21751">
        <ele>484.8</ele>
      </rtept>
      <rtept lat="45.83908" lon="6.21753">
        <ele>485</ele>
      </rtept>
      <rtept lat="45.83906" lon="6.21755">
        <ele>485.2</ele>
      </rtept>
      <rtept lat="45.83905" lon="6.21757">
        <ele>485.6</ele>
      </rtept>
      <rtept lat="45.83902" lon="6.2176">
        <ele>486</ele>
      </rtept>
      <rtept lat="45.83901" lon="6.21762">
        <ele>486.2</ele>
      </rtept>
      <rtept lat="45.83899" lon="6.21765">
        <ele>486.6</ele>
      </rtept>
      <rtept lat="45.83897" lon="6.21767">
        <ele>487</ele>
      </rtept>
      <rtept lat="45.83895" lon="6.21769">
        <ele>487.6</ele>
      </rtept>
      <rtept lat="45.83893" lon="6.2177">
        <ele>488</ele>
      </rtept>
      <rtept lat="45.83891" lon="6.21772">
        <ele>488.6</ele>
      </rtept>
      <rtept lat="45.83888" lon="6.21773">
        <ele>489.4</ele>
      </rtept>
      <rtept lat="45.83886" lon="6.21775">
        <ele>489.6</ele>
      </rtept>
      <rtept lat="45.83884" lon="6.21775">
        <ele>489.8</ele>
      </rtept>
      <rtept lat="45.83882" lon="6.21775">
        <ele>490.2</ele>
      </rtept>
      <rtept lat="45.8388" lon="6.21775">
        <ele>490.6</ele>
      </rtept>
      <rtept lat="45.83878" lon="6.21776">
        <ele>491.2</ele>
      </rtept>
      <rtept lat="45.83876" lon="6.21776">
        <ele>491.6</ele>
      </rtept>
      <rtept lat="45.83873" lon="6.21776">
        <ele>491.6</ele>
      </rtept>
      <rtept lat="45.83871" lon="6.21777">
        <ele>492.4</ele>
      </rtept>
      <rtept lat="45.83869" lon="6.21778">
        <ele>492.6</ele>
      </rtept>
      <rtept lat="45.83867" lon="6.21779">
        <ele>492.6</ele>
      </rtept>
      <rtept lat="45.83865" lon="6.2178">
        <ele>493.2</ele>
      </rtept>
      <rtept lat="45.83864" lon="6.2178">
        <ele>493.4</ele>
      </rtept>
      <rtept lat="45.83862" lon="6.21781">
        <ele>493.8</ele>
      </rtept>
      <rtept lat="45.83859" lon="6.21781">
        <ele>494.4</ele>
      </rtept>
      <rtept lat="45.83857" lon="6.21781">
        <ele>494.4</ele>
      </rtept>
      <rtept lat="45.83855" lon="6.21781">
        <ele>494.8</ele>
      </rtept>
      <rtept lat="45.83853" lon="6.21781">
        <ele>495.4</ele>
      </rtept>
      <rtept lat="45.83851" lon="6.2178">
        <ele>495.6</ele>
      </rtept>
      <rtept lat="45.83849" lon="6.21779">
        <ele>495.8</ele>
      </rtept>
      <rtept lat="45.83846" lon="6.21779">
        <ele>496</ele>
      </rtept>
      <rtept lat="45.83844" lon="6.21779">
        <ele>496.4</ele>
      </rtept>
      <rtept lat="45.83842" lon="6.21779">
        <ele>496.8</ele>
      </rtept>
      <rtept lat="45.8384" lon="6.21779">
        <ele>497</ele>
      </rtept>
      <rtept lat="45.83838" lon="6.2178">
        <ele>497</ele>
      </rtept>
      <rtept lat="45.83836" lon="6.21781">
        <ele>497.2</ele>
      </rtept>
      <rtept lat="45.83834" lon="6.21782">
        <ele>498</ele>
      </rtept>
      <rtept lat="45.83832" lon="6.21783">
        <ele>498.4</ele>
      </rtept>
      <rtept lat="45.83829" lon="6.21785">
        <ele>498.6</ele>
      </rtept>
      <rtept lat="45.83828" lon="6.21786">
        <ele>498.8</ele>
      </rtept>
      <rtept lat="45.83826" lon="6.21787">
        <ele>499.4</ele>
      </rtept>
      <rtept lat="45.83823" lon="6.21789">
        <ele>499.8</ele>
      </rtept>
      <rtept lat="45.83822" lon="6.21791">
        <ele>500.2</ele>
      </rtept>
      <rtept lat="45.83819" lon="6.21792">
        <ele>500.6</ele>
      </rtept>
      <rtept lat="45.83817" lon="6.21793">
        <ele>501</ele>
      </rtept>
      <rtept lat="45.83816" lon="6.21795">
        <ele>501.2</ele>
      </rtept>
      <rtept lat="45.83814" lon="6.21797">
        <ele>501.4</ele>
      </rtept>
      <rtept lat="45.83812" lon="6.21798">
        <ele>501.6</ele>
      </rtept>
      <rtept lat="45.8381" lon="6.218">
        <ele>502.4</ele>
      </rtept>
      <rtept lat="45.83809" lon="6.21802">
        <ele>502.4</ele>
      </rtept>
      <rtept lat="45.83807" lon="6.21804">
        <ele>502.6</ele>
      </rtept>
      <rtept lat="45.83805" lon="6.21805">
        <ele>502.6</ele>
      </rtept>
      <rtept lat="45.83803" lon="6.21807">
        <ele>502.8</ele>
      </rtept>
      <rtept lat="45.83802" lon="6.21808">
        <ele>503</ele>
      </rtept>
      <rtept lat="45.838" lon="6.2181">
        <ele>503.2</ele>
      </rtept>
      <rtept lat="45.83799" lon="6.21812">
        <ele>503.8</ele>
      </rtept>
      <rtept lat="45.83798" lon="6.21814">
        <ele>504</ele>
      </rtept>
      <rtept lat="45.83796" lon="6.21816">
        <ele>504</ele>
      </rtept>
      <rtept lat="45.83795" lon="6.21818">
        <ele>504.2</ele>
      </rtept>
      <rtept lat="45.83793" lon="6.2182">
        <ele>504.6</ele>
      </rtept>
      <rtept lat="45.83792" lon="6.21822">
        <ele>504.8</ele>
      </rtept>
      <rtept lat="45.8379" lon="6.21823">
        <ele>505.2</ele>
      </rtept>
      <rtept lat="45.83789" lon="6.21825">
        <ele>505.8</ele>
      </rtept>
      <rtept lat="45.83787" lon="6.21827">
        <ele>505.6</ele>
      </rtept>
      <rtept lat="45.83785" lon="6.21829">
        <ele>505.8</ele>
      </rtept>
      <rtept lat="45.83784" lon="6.21832">
        <ele>506.2</ele>
      </rtept>
      <rtept lat="45.83782" lon="6.21833">
        <ele>506.2</ele>
      </rtept>
      <rtept lat="45.8378" lon="6.21836">
        <ele>506.6</ele>
      </rtept>
      <rtept lat="45.83779" lon="6.21838">
        <ele>506.8</ele>
      </rtept>
      <rtept lat="45.83777" lon="6.2184">
        <ele>507.2</ele>
      </rtept>
      <rtept lat="45.83775" lon="6.21841">
        <ele>507.4</ele>
      </rtept>
      <rtept lat="45.83774" lon="6.21842">
        <ele>508</ele>
      </rtept>
      <rtept lat="45.83772" lon="6.21844">
        <ele>508</ele>
      </rtept>
      <rtept lat="45.8377" lon="6.21845">
        <ele>508.6</ele>
      </rtept>
      <rtept lat="45.83769" lon="6.21846">
        <ele>508.8</ele>
      </rtept>
      <rtept lat="45.83767" lon="6.21847">
        <ele>509</ele>
      </rtept>
      <rtept lat="45.83765" lon="6.21849">
        <ele>509.4</ele>
      </rtept>
      <rtept lat="45.83764" lon="6.2185">
        <ele>509.6</ele>
      </rtept>
      <rtept lat="45.83761" lon="6.21852">
        <ele>510.2</ele>
      </rtept>
      <rtept lat="45.83759" lon="6.21854">
        <ele>510.8</ele>
      </rtept>
      <rtept lat="45.83757" lon="6.21855">
        <ele>510.8</ele>
      </rtept>
      <rtept lat="45.83755" lon="6.21857">
        <ele>511.4</ele>
      </rtept>
      <rtept lat="45.83753" lon="6.21859">
        <ele>511.6</ele>
      </rtept>
      <rtept lat="45.83751" lon="6.2186">
        <ele>512</ele>
      </rtept>
      <rtept lat="45.83748" lon="6.21862">
        <ele>512.4</ele>
      </rtept>
      <rtept lat="45.83747" lon="6.21863">
        <ele>512.8</ele>
      </rtept>
      <rtept lat="45.83745" lon="6.21865">
        <ele>513.2</ele>
      </rtept>
      <rtept lat="45.83743" lon="6.21867">
        <ele>513.6</ele>
      </rtept>
      <rtept lat="45.8374" lon="6.21868">
        <ele>514</ele>
      </rtept>
      <rtept lat="45.83738" lon="6.21871">
        <ele>514.2</ele>
      </rtept>
      <rtept lat="45.83736" lon="6.21872">
        <ele>515</ele>
      </rtept>
      <rtept lat="45.83734" lon="6.21874">
        <ele>515</ele>
      </rtept>
      <rtept lat="45.83733" lon="6.21877">
        <ele>515.8</ele>
      </rtept>
      <rtept lat="45.83731" lon="6.21879">
        <ele>516</ele>
      </rtept>
      <rtept lat="45.8373" lon="6.21882">
        <ele>516.4</ele>
      </rtept>
      <rtept lat="45.83729" lon="6.21885">
        <ele>517</ele>
      </rtept>
      <rtept lat="45.83728" lon="6.21888">
        <ele>517.4</ele>
      </rtept>
      <rtept lat="45.83727" lon="6.21891">
        <ele>517.8</ele>
      </rtept>
      <rtept lat="45.83727" lon="6.21895">
        <ele>518.2</ele>
      </rtept>
      <rtept lat="45.83727" lon="6.21898">
        <ele>519</ele>
      </rtept>
      <rtept lat="45.83727" lon="6.219">
        <ele>519.2</ele>
      </rtept>
      <rtept lat="45.83727" lon="6.21904">
        <ele>519.6</ele>
      </rtept>
      <rtept lat="45.83727" lon="6.21907">
        <ele>520.4</ele>
      </rtept>
      <rtept lat="45.83727" lon="6.2191">
        <ele>520.4</ele>
      </rtept>
      <rtept lat="45.83728" lon="6.21913">
        <ele>520.8</ele>
      </rtept>
      <rtept lat="45.83728" lon="6.21916">
        <ele>521.6</ele>
      </rtept>
      <rtept lat="45.83727" lon="6.2192">
        <ele>522</ele>
      </rtept>
      <rtept lat="45.83727" lon="6.21923">
        <ele>522.4</ele>
      </rtept>
      <rtept lat="45.83726" lon="6.21927">
        <ele>523</ele>
      </rtept>
      <rtept lat="45.83725" lon="6.21929">
        <ele>523.4</ele>
      </rtept>
      <rtept lat="45.83724" lon="6.21933">
        <ele>523.6</ele>
      </rtept>
      <rtept lat="45.83723" lon="6.21936">
        <ele>524</ele>
      </rtept>
      <rtept lat="45.83721" lon="6.21939">
        <ele>524.4</ele>
      </rtept>
      <rtept lat="45.8372" lon="6.21941">
        <ele>524.6</ele>
      </rtept>
      <rtept lat="45.83719" lon="6.21943">
        <ele>524.8</ele>
      </rtept>
      <rtept lat="45.83718" lon="6.21945">
        <ele>525</ele>
      </rtept>
      <rtept lat="45.83716" lon="6.21947">
        <ele>525.2</ele>
      </rtept>
      <rtept lat="45.83714" lon="6.21949">
        <ele>525.4</ele>
      </rtept>
      <rtept lat="45.83713" lon="6.21952">
        <ele>525.8</ele>
      </rtept>
      <rtept lat="45.83712" lon="6.21954">
        <ele>526.6</ele>
      </rtept>
      <rtept lat="45.8371" lon="6.21956">
        <ele>527</ele>
      </rtept>
      <rtept lat="45.83709" lon="6.21958">
        <ele>527.2</ele>
      </rtept>
      <rtept lat="45.83707" lon="6.21961">
        <ele>527.6</ele>
      </rtept>
      <rtept lat="45.83705" lon="6.21963">
        <ele>528</ele>
      </rtept>
      <rtept lat="45.83704" lon="6.21965">
        <ele>528.6</ele>
      </rtept>
      <rtept lat="45.83703" lon="6.21968">
        <ele>529</ele>
      </rtept>
      <rtept lat="45.837" lon="6.21969">
        <ele>529.4</ele>
      </rtept>
      <rtept lat="45.83698" lon="6.21971">
        <ele>529.8</ele>
      </rtept>
      <rtept lat="45.83696" lon="6.21972">
        <ele>530.4</ele>
      </rtept>
      <rtept lat="45.83694" lon="6.21974">
        <ele>530.6</ele>
      </rtept>
      <rtept lat="45.83693" lon="6.21976">
        <ele>531</ele>
      </rtept>
      <rtept lat="45.8369" lon="6.21979">
        <ele>531.6</ele>
      </rtept>
      <rtept lat="45.8369" lon="6.21981">
        <ele>532</ele>
      </rtept>
      <rtept lat="45.83688" lon="6.21983">
        <ele>532.2</ele>
      </rtept>
      <rtept lat="45.83686" lon="6.21984">
        <ele>532.6</ele>
      </rtept>
      <rtept lat="45.83684" lon="6.21986">
        <ele>533.4</ele>
      </rtept>
      <rtept lat="45.83682" lon="6.21988">
        <ele>533.8</ele>
      </rtept>
      <rtept lat="45.83681" lon="6.21989">
        <ele>534</ele>
      </rtept>
      <rtept lat="45.83679" lon="6.2199">
        <ele>534.6</ele>
      </rtept>
      <rtept lat="45.83677" lon="6.21991">
        <ele>534.6</ele>
      </rtept>
      <rtept lat="45.83675" lon="6.21993">
        <ele>535.2</ele>
      </rtept>
      <rtept lat="45.83673" lon="6.21995">
        <ele>535.4</ele>
      </rtept>
      <rtept lat="45.83671" lon="6.21996">
        <ele>536</ele>
      </rtept>
      <rtept lat="45.83669" lon="6.21997">
        <ele>536</ele>
      </rtept>
      <rtept lat="45.83668" lon="6.21999">
        <ele>536.2</ele>
      </rtept>
      <rtept lat="45.83666" lon="6.22">
        <ele>537</ele>
      </rtept>
      <rtept lat="45.83664" lon="6.22001">
        <ele>537.8</ele>
      </rtept>
      <rtept lat="45.83662" lon="6.22003">
        <ele>538.2</ele>
      </rtept>
      <rtept lat="45.8366" lon="6.22003">
        <ele>538.6</ele>
      </rtept>
      <rtept lat="45.83658" lon="6.22004">
        <ele>539.2</ele>
      </rtept>
      <rtept lat="45.83656" lon="6.22005">
        <ele>539.6</ele>
      </rtept>
      <rtept lat="45.83653" lon="6.22006">
        <ele>539.8</ele>
      </rtept>
      <rtept lat="45.83651" lon="6.22007">
        <ele>540.4</ele>
      </rtept>
      <rtept lat="45.8365" lon="6.22009">
        <ele>541</ele>
      </rtept>
      <rtept lat="45.83649" lon="6.22012">
        <ele>541.8</ele>
      </rtept>
      <rtept lat="45.83647" lon="6.22013">
        <ele>542.2</ele>
      </rtept>
      <rtept lat="45.83645" lon="6.22014">
        <ele>542.8</ele>
      </rtept>
      <rtept lat="45.83644" lon="6.22016">
        <ele>543.2</ele>
      </rtept>
      <rtept lat="45.83642" lon="6.22017">
        <ele>543.6</ele>
      </rtept>
      <rtept lat="45.83641" lon="6.22019">
        <ele>544.4</ele>
      </rtept>
      <rtept lat="45.83639" lon="6.2202">
        <ele>544.6</ele>
      </rtept>
      <rtept lat="45.83637" lon="6.22021">
        <ele>545</ele>
      </rtept>
      <rtept lat="45.83636" lon="6.22023">
        <ele>545.8</ele>
      </rtept>
      <rtept lat="45.83635" lon="6.22024">
        <ele>546.6</ele>
      </rtept>
      <rtept lat="45.83632" lon="6.22025">
        <ele>547.2</ele>
      </rtept>
      <rtept lat="45.8363" lon="6.22027">
        <ele>548.2</ele>
      </rtept>
      <rtept lat="45.83629" lon="6.22029">
        <ele>548.8</ele>
      </rtept>
      <rtept lat="45.83629" lon="6.22032">
        <ele>549.4</ele>
      </rtept>
      <rtept lat="45.83628" lon="6.22034">
        <ele>550.2</ele>
      </rtept>
      <rtept lat="45.83628" lon="6.22036">
        <ele>550.8</ele>
      </rtept>
      <rtept lat="45.8363" lon="6.22039">
        <ele>551.8</ele>
      </rtept>
      <rtept lat="45.8363" lon="6.22041">
        <ele>552.6</ele>
      </rtept>
      <rtept lat="45.83632" lon="6.22044">
        <ele>554.2</ele>
      </rtept>
      <rtept lat="45.83633" lon="6.22047">
        <ele>554.8</ele>
      </rtept>
      <rtept lat="45.83635" lon="6.22049">
        <ele>555</ele>
      </rtept>
      <rtept lat="45.83636" lon="6.22052">
        <ele>555.2</ele>
      </rtept>
      <rtept lat="45.83637" lon="6.22054">
        <ele>555.8</ele>
      </rtept>
      <rtept lat="45.83639" lon="6.22056">
        <ele>556</ele>
      </rtept>
      <rtept lat="45.83641" lon="6.22058">
        <ele>557.2</ele>
      </rtept>
      <rtept lat="45.83642" lon="6.22059">
        <ele>557.4</ele>
      </rtept>
      <rtept lat="45.83643" lon="6.22062">
        <ele>557.8</ele>
      </rtept>
      <rtept lat="45.83645" lon="6.22064">
        <ele>558.6</ele>
      </rtept>
      <rtept lat="45.83645" lon="6.22067">
        <ele>558.8</ele>
      </rtept>
      <rtept lat="45.83644" lon="6.22071">
        <ele>559.2</ele>
      </rtept>
      <rtept lat="45.83643" lon="6.22074">
        <ele>559.6</ele>
      </rtept>
      <rtept lat="45.83643" lon="6.22078">
        <ele>560.2</ele>
      </rtept>
      <rtept lat="45.83642" lon="6.2208">
        <ele>560.2</ele>
      </rtept>
      <rtept lat="45.83641" lon="6.22083">
        <ele>560.6</ele>
      </rtept>
      <rtept lat="45.83639" lon="6.22086">
        <ele>560.8</ele>
      </rtept>
      <rtept lat="45.83638" lon="6.22089">
        <ele>561.2</ele>
      </rtept>
      <rtept lat="45.83637" lon="6.22092">
        <ele>562</ele>
      </rtept>
      <rtept lat="45.83636" lon="6.22095">
        <ele>562.2</ele>
      </rtept>
      <rtept lat="45.83635" lon="6.22097">
        <ele>562.8</ele>
      </rtept>
      <rtept lat="45.83633" lon="6.221">
        <ele>563.2</ele>
      </rtept>
      <rtept lat="45.83632" lon="6.22103">
        <ele>563.6</ele>
      </rtept>
      <rtept lat="45.83631" lon="6.22106">
        <ele>563.8</ele>
      </rtept>
      <rtept lat="45.8363" lon="6.22109">
        <ele>564</ele>
      </rtept>
      <rtept lat="45.83629" lon="6.22112">
        <ele>564.8</ele>
      </rtept>
      <rtept lat="45.83628" lon="6.22115">
        <ele>565.2</ele>
      </rtept>
      <rtept lat="45.83627" lon="6.22118">
        <ele>565.4</ele>
      </rtept>
      <rtept lat="45.83626" lon="6.2212">
        <ele>566</ele>
      </rtept>
      <rtept lat="45.83625" lon="6.22123">
        <ele>566.4</ele>
      </rtept>
      <rtept lat="45.83625" lon="6.22126">
        <ele>567.2</ele>
      </rtept>
      <rtept lat="45.83624" lon="6.22129">
        <ele>567.4</ele>
      </rtept>
      <rtept lat="45.83624" lon="6.22132">
        <ele>568</ele>
      </rtept>
      <rtept lat="45.83622" lon="6.22134">
        <ele>568.4</ele>
      </rtept>
      <rtept lat="45.83621" lon="6.22137">
        <ele>569</ele>
      </rtept>
      <rtept lat="45.8362" lon="6.2214">
        <ele>569.6</ele>
      </rtept>
      <rtept lat="45.83618" lon="6.22142">
        <ele>570.2</ele>
      </rtept>
      <rtept lat="45.83617" lon="6.22145">
        <ele>570.8</ele>
      </rtept>
      <rtept lat="45.83616" lon="6.22147">
        <ele>571.4</ele>
      </rtept>
      <rtept lat="45.83614" lon="6.2215">
        <ele>572</ele>
      </rtept>
      <rtept lat="45.83613" lon="6.22152">
        <ele>572.6</ele>
      </rtept>
      <rtept lat="45.83612" lon="6.22154">
        <ele>573.2</ele>
      </rtept>
      <rtept lat="45.8361" lon="6.22156">
        <ele>573.4</ele>
      </rtept>
      <rtept lat="45.83608" lon="6.22157">
        <ele>573.6</ele>
      </rtept>
      <rtept lat="45.83606" lon="6.22159">
        <ele>574.2</ele>
      </rtept>
      <rtept lat="45.83604" lon="6.2216">
        <ele>574.8</ele>
      </rtept>
      <rtept lat="45.83602" lon="6.22162">
        <ele>575.2</ele>
      </rtept>
      <rtept lat="45.83601" lon="6.22163">
        <ele>576.4</ele>
      </rtept>
      <rtept lat="45.83599" lon="6.22165">
        <ele>577.2</ele>
      </rtept>
      <rtept lat="45.83598" lon="6.22168">
        <ele>578</ele>
      </rtept>
      <rtept lat="45.83598" lon="6.22171">
        <ele>578.4</ele>
      </rtept>
      <rtept lat="45.83598" lon="6.22174">
        <ele>579.2</ele>
      </rtept>
      <rtept lat="45.83599" lon="6.22177">
        <ele>579.8</ele>
      </rtept>
      <rtept lat="45.83598" lon="6.2218">
        <ele>580.6</ele>
      </rtept>
      <rtept lat="45.83598" lon="6.22183">
        <ele>581.8</ele>
      </rtept>
      <rtept lat="45.83596" lon="6.22186">
        <ele>582.2</ele>
      </rtept>
      <rtept lat="45.83595" lon="6.22189">
        <ele>582.6</ele>
      </rtept>
      <rtept lat="45.83594" lon="6.22192">
        <ele>583.2</ele>
      </rtept>
      <rtept lat="45.83593" lon="6.22195">
        <ele>583.8</ele>
      </rtept>
      <rtept lat="45.83593" lon="6.22198">
        <ele>584.2</ele>
      </rtept>
      <rtept lat="45.83592" lon="6.22202">
        <ele>584.4</ele>
      </rtept>
      <rtept lat="45.83591" lon="6.22204">
        <ele>585</ele>
      </rtept>
      <rtept lat="45.83589" lon="6.22207">
        <ele>585.2</ele>
      </rtept>
      <rtept lat="45.83588" lon="6.22209">
        <ele>586</ele>
      </rtept>
      <rtept lat="45.83587" lon="6.22211">
        <ele>586.4</ele>
      </rtept>
      <rtept lat="45.83585" lon="6.22213">
        <ele>586.8</ele>
      </rtept>
      <rtept lat="45.83583" lon="6.22214">
        <ele>587.4</ele>
      </rtept>
      <rtept lat="45.83581" lon="6.22216">
        <ele>588.2</ele>
      </rtept>
      <rtept lat="45.8358" lon="6.22219">
        <ele>588.4</ele>
      </rtept>
      <rtept lat="45.83578" lon="6.22221">
        <ele>589</ele>
      </rtept>
      <rtept lat="45.83577" lon="6.22223">
        <ele>589.4</ele>
      </rtept>
      <rtept lat="45.83575" lon="6.22226">
        <ele>589.8</ele>
      </rtept>
      <rtept lat="45.83574" lon="6.22228">
        <ele>590.2</ele>
      </rtept>
      <rtept lat="45.83572" lon="6.2223">
        <ele>590.6</ele>
      </rtept>
      <rtept lat="45.83572" lon="6.22232">
        <ele>591.2</ele>
      </rtept>
      <rtept lat="45.8357" lon="6.22234">
        <ele>591.8</ele>
      </rtept>
      <rtept lat="45.8357" lon="6.22237">
        <ele>592.2</ele>
      </rtept>
      <rtept lat="45.83569" lon="6.22239">
        <ele>592.8</ele>
      </rtept>
      <rtept lat="45.83567" lon="6.22241">
        <ele>593</ele>
      </rtept>
      <rtept lat="45.83565" lon="6.22243">
        <ele>593.8</ele>
      </rtept>
      <rtept lat="45.83564" lon="6.22245">
        <ele>593.8</ele>
      </rtept>
      <rtept lat="45.83562" lon="6.22246">
        <ele>594.4</ele>
      </rtept>
      <rtept lat="45.8356" lon="6.22248">
        <ele>594.8</ele>
      </rtept>
      <rtept lat="45.83557" lon="6.22249">
        <ele>595.6</ele>
      </rtept>
      <rtept lat="45.83556" lon="6.22251">
        <ele>596.2</ele>
      </rtept>
      <rtept lat="45.83554" lon="6.22253">
        <ele>596.8</ele>
      </rtept>
      <rtept lat="45.83552" lon="6.22254">
        <ele>597</ele>
      </rtept>
      <rtept lat="45.8355" lon="6.22255">
        <ele>597</ele>
      </rtept>
      <rtept lat="45.83548" lon="6.22257">
        <ele>597.4</ele>
      </rtept>
      <rtept lat="45.83546" lon="6.22259">
        <ele>597.8</ele>
      </rtept>
      <rtept lat="45.83545" lon="6.2226">
        <ele>598.4</ele>
      </rtept>
      <rtept lat="45.83543" lon="6.2226">
        <ele>599</ele>
      </rtept>
      <rtept lat="45.83541" lon="6.22262">
        <ele>599.4</ele>
      </rtept>
      <rtept lat="45.83539" lon="6.22264">
        <ele>599.8</ele>
      </rtept>
      <rtept lat="45.83537" lon="6.22265">
        <ele>600.2</ele>
      </rtept>
      <rtept lat="45.83535" lon="6.22266">
        <ele>600.8</ele>
      </rtept>
      <rtept lat="45.83533" lon="6.22268">
        <ele>601.4</ele>
      </rtept>
      <rtept lat="45.83531" lon="6.22268">
        <ele>602</ele>
      </rtept>
      <rtept lat="45.83529" lon="6.22269">
        <ele>602.4</ele>
      </rtept>
      <rtept lat="45.83527" lon="6.2227">
        <ele>602.8</ele>
      </rtept>
      <rtept lat="45.83524" lon="6.22273">
        <ele>603.4</ele>
      </rtept>
      <rtept lat="45.83523" lon="6.22274">
        <ele>603.4</ele>
      </rtept>
      <rtept lat="45.83522" lon="6.22276">
        <ele>603.8</ele>
      </rtept>
      <rtept lat="45.8352" lon="6.22278">
        <ele>604</ele>
      </rtept>
      <rtept lat="45.83518" lon="6.2228">
        <ele>604.8</ele>
      </rtept>
      <rtept lat="45.83516" lon="6.22282">
        <ele>605.4</ele>
      </rtept>
      <rtept lat="45.83514" lon="6.22284">
        <ele>606</ele>
      </rtept>
      <rtept lat="45.83512" lon="6.22287">
        <ele>606.6</ele>
      </rtept>
      <rtept lat="45.8351" lon="6.22288">
        <ele>607.2</ele>
      </rtept>
      <rtept lat="45.83508" lon="6.2229">
        <ele>607.4</ele>
      </rtept>
      <rtept lat="45.83507" lon="6.22293">
        <ele>608</ele>
      </rtept>
      <rtept lat="45.83505" lon="6.22295">
        <ele>608.6</ele>
      </rtept>
      <rtept lat="45.83503" lon="6.22298">
        <ele>609.2</ele>
      </rtept>
      <rtept lat="45.83502" lon="6.22299">
        <ele>609.8</ele>
      </rtept>
      <rtept lat="45.835" lon="6.223">
        <ele>610.4</ele>
      </rtept>
      <rtept lat="45.83498" lon="6.22302">
        <ele>611</ele>
      </rtept>
      <rtept lat="45.83497" lon="6.22303">
        <ele>611.6</ele>
      </rtept>
      <rtept lat="45.83495" lon="6.22304">
        <ele>611.6</ele>
      </rtept>
      <rtept lat="45.83493" lon="6.22306">
        <ele>612.2</ele>
      </rtept>
      <rtept lat="45.83492" lon="6.22309">
        <ele>612.6</ele>
      </rtept>
      <rtept lat="45.8349" lon="6.22312">
        <ele>613.6</ele>
      </rtept>
      <rtept lat="45.83488" lon="6.22313">
        <ele>614.2</ele>
      </rtept>
      <rtept lat="45.83487" lon="6.22315">
        <ele>614.6</ele>
      </rtept>
      <rtept lat="45.83486" lon="6.22319">
        <ele>615.2</ele>
      </rtept>
      <rtept lat="45.83484" lon="6.22321">
        <ele>615.4</ele>
      </rtept>
      <rtept lat="45.83483" lon="6.22322">
        <ele>615.6</ele>
      </rtept>
      <rtept lat="45.83481" lon="6.22324">
        <ele>616</ele>
      </rtept>
      <rtept lat="45.83479" lon="6.22326">
        <ele>616.6</ele>
      </rtept>
      <rtept lat="45.83477" lon="6.22328">
        <ele>617</ele>
      </rtept>
      <rtept lat="45.83474" lon="6.2233">
        <ele>617.4</ele>
      </rtept>
      <rtept lat="45.83472" lon="6.22332">
        <ele>617.6</ele>
      </rtept>
      <rtept lat="45.8347" lon="6.22333">
        <ele>618</ele>
      </rtept>
      <rtept lat="45.83468" lon="6.22335">
        <ele>618.6</ele>
      </rtept>
      <rtept lat="45.83466" lon="6.22337">
        <ele>619</ele>
      </rtept>
      <rtept lat="45.83465" lon="6.2234">
        <ele>619.6</ele>
      </rtept>
      <rtept lat="45.83464" lon="6.22343">
        <ele>620</ele>
      </rtept>
      <rtept lat="45.83462" lon="6.22345">
        <ele>620.6</ele>
      </rtept>
      <rtept lat="45.83462" lon="6.22348">
        <ele>620.8</ele>
      </rtept>
      <rtept lat="45.8346" lon="6.22351">
        <ele>621</ele>
      </rtept>
      <rtept lat="45.83459" lon="6.22353">
        <ele>622</ele>
      </rtept>
      <rtept lat="45.83457" lon="6.22355">
        <ele>622.4</ele>
      </rtept>
      <rtept lat="45.83456" lon="6.22357">
        <ele>622.6</ele>
      </rtept>
      <rtept lat="45.83455" lon="6.22359">
        <ele>623.6</ele>
      </rtept>
      <rtept lat="45.83454" lon="6.22362">
        <ele>624.4</ele>
      </rtept>
      <rtept lat="45.83453" lon="6.22364">
        <ele>625.2</ele>
      </rtept>
      <rtept lat="45.83451" lon="6.22367">
        <ele>625.4</ele>
      </rtept>
      <rtept lat="45.83449" lon="6.22368">
        <ele>625.6</ele>
      </rtept>
      <rtept lat="45.83448" lon="6.22369">
        <ele>626</ele>
      </rtept>
      <rtept lat="45.83446" lon="6.22372">
        <ele>626.8</ele>
      </rtept>
      <rtept lat="45.83444" lon="6.22374">
        <ele>627.2</ele>
      </rtept>
      <rtept lat="45.83442" lon="6.22376">
        <ele>627.4</ele>
      </rtept>
      <rtept lat="45.83442" lon="6.22379">
        <ele>628.4</ele>
      </rtept>
      <rtept lat="45.8344" lon="6.2238">
        <ele>629</ele>
      </rtept>
      <rtept lat="45.83438" lon="6.22379">
        <ele>629</ele>
      </rtept>
      <rtept lat="45.83436" lon="6.22378">
        <ele>629</ele>
      </rtept>
      <rtept lat="45.83434" lon="6.22379">
        <ele>629.2</ele>
      </rtept>
      <rtept lat="45.83433" lon="6.22383">
        <ele>629.6</ele>
      </rtept>
      <rtept lat="45.83432" lon="6.22385">
        <ele>629.6</ele>
      </rtept>
      <rtept lat="45.83431" lon="6.22389">
        <ele>630.2</ele>
      </rtept>
      <rtept lat="45.83431" lon="6.22393">
        <ele>630.8</ele>
      </rtept>
      <rtept lat="45.83431" lon="6.22394">
        <ele>631.4</ele>
      </rtept>
      <rtept lat="45.8343" lon="6.22396">
        <ele>632.4</ele>
      </rtept>
      <rtept lat="45.83429" lon="6.22398">
        <ele>633.6</ele>
      </rtept>
      <rtept lat="45.83428" lon="6.22401">
        <ele>634.2</ele>
      </rtept>
      <rtept lat="45.83427" lon="6.22403">
        <ele>635.2</ele>
      </rtept>
      <rtept lat="45.83427" lon="6.22407">
        <ele>635.6</ele>
      </rtept>
      <rtept lat="45.83426" lon="6.22409">
        <ele>636</ele>
      </rtept>
      <rtept lat="45.83424" lon="6.22411">
        <ele>637.2</ele>
      </rtept>
      <rtept lat="45.83423" lon="6.22413">
        <ele>637.8</ele>
      </rtept>
      <rtept lat="45.83421" lon="6.22415">
        <ele>638</ele>
      </rtept>
      <rtept lat="45.8342" lon="6.22417">
        <ele>638.8</ele>
      </rtept>
      <rtept lat="45.83419" lon="6.2242">
        <ele>639.8</ele>
      </rtept>
      <rtept lat="45.83419" lon="6.22422">
        <ele>640.6</ele>
      </rtept>
      <rtept lat="45.83418" lon="6.22425">
        <ele>641.4</ele>
      </rtept>
      <rtept lat="45.83418" lon="6.22428">
        <ele>642</ele>
      </rtept>
      <rtept lat="45.83417" lon="6.2243">
        <ele>642.6</ele>
      </rtept>
      <rtept lat="45.83416" lon="6.22433">
        <ele>643.2</ele>
      </rtept>
      <rtept lat="45.83415" lon="6.22436">
        <ele>643.6</ele>
      </rtept>
      <rtept lat="45.83414" lon="6.22436">
        <ele>644.2</ele>
      </rtept>
      <rtept lat="45.83412" lon="6.22438">
        <ele>645</ele>
      </rtept>
      <rtept lat="45.83411" lon="6.2244">
        <ele>645</ele>
      </rtept>
      <rtept lat="45.8341" lon="6.22443">
        <ele>645.4</ele>
      </rtept>
      <rtept lat="45.83408" lon="6.22444">
        <ele>646</ele>
      </rtept>
      <rtept lat="45.83407" lon="6.22446">
        <ele>646.6</ele>
      </rtept>
      <rtept lat="45.83406" lon="6.22449">
        <ele>646.8</ele>
      </rtept>
      <rtept lat="45.83405" lon="6.2245">
        <ele>647.2</ele>
      </rtept>
      <rtept lat="45.83403" lon="6.22452">
        <ele>648</ele>
      </rtept>
      <rtept lat="45.83402" lon="6.22454">
        <ele>648.2</ele>
      </rtept>
      <rtept lat="45.834" lon="6.22457">
        <ele>648.8</ele>
      </rtept>
      <rtept lat="45.83399" lon="6.22459">
        <ele>649</ele>
      </rtept>
      <rtept lat="45.83397" lon="6.22461">
        <ele>649.6</ele>
      </rtept>
      <rtept lat="45.83394" lon="6.22461">
        <ele>650.8</ele>
      </rtept>
      <rtept lat="45.83393" lon="6.22462">
        <ele>651</ele>
      </rtept>
      <rtept lat="45.83391" lon="6.22465">
        <ele>651.8</ele>
      </rtept>
      <rtept lat="45.8339" lon="6.22466">
        <ele>652</ele>
      </rtept>
      <rtept lat="45.83388" lon="6.22469">
        <ele>652.2</ele>
      </rtept>
      <rtept lat="45.83387" lon="6.22471">
        <ele>652.6</ele>
      </rtept>
      <rtept lat="45.83385" lon="6.22473">
        <ele>653</ele>
      </rtept>
      <rtept lat="45.83383" lon="6.22474">
        <ele>653.2</ele>
      </rtept>
      <rtept lat="45.83381" lon="6.22476">
        <ele>654</ele>
      </rtept>
      <rtept lat="45.8338" lon="6.22478">
        <ele>654</ele>
      </rtept>
      <rtept lat="45.83378" lon="6.2248">
        <ele>654.4</ele>
      </rtept>
      <rtept lat="45.83376" lon="6.22481">
        <ele>655.2</ele>
      </rtept>
      <rtept lat="45.83374" lon="6.22482">
        <ele>655.6</ele>
      </rtept>
      <rtept lat="45.83373" lon="6.22484">
        <ele>656</ele>
      </rtept>
      <rtept lat="45.83371" lon="6.22486">
        <ele>656.4</ele>
      </rtept>
      <rtept lat="45.83368" lon="6.22486">
        <ele>656.6</ele>
      </rtept>
      <rtept lat="45.83367" lon="6.22487">
        <ele>657.4</ele>
      </rtept>
      <rtept lat="45.83364" lon="6.22489">
        <ele>657</ele>
      </rtept>
      <rtept lat="45.83363" lon="6.2249">
        <ele>657.6</ele>
      </rtept>
      <rtept lat="45.8336" lon="6.22491">
        <ele>657.8</ele>
      </rtept>
      <rtept lat="45.83359" lon="6.22491">
        <ele>657.8</ele>
      </rtept>
      <rtept lat="45.83357" lon="6.22493">
        <ele>658</ele>
      </rtept>
      <rtept lat="45.83355" lon="6.22495">
        <ele>658.2</ele>
      </rtept>
      <rtept lat="45.8335" lon="6.22496">
        <ele>658.4</ele>
      </rtept>
      <rtept lat="45.83348" lon="6.22497">
        <ele>658.6</ele>
      </rtept>
      <rtept lat="45.83345" lon="6.22499">
        <ele>659</ele>
      </rtept>
      <rtept lat="45.83343" lon="6.225">
        <ele>659</ele>
      </rtept>
      <rtept lat="45.8334" lon="6.225">
        <ele>659</ele>
      </rtept>
      <rtept lat="45.83336" lon="6.22501">
        <ele>659.2</ele>
      </rtept>
      <rtept lat="45.83335" lon="6.22501">
        <ele>659.2</ele>
      </rtept>
      <rtept lat="45.83333" lon="6.22501">
        <ele>659.4</ele>
      </rtept>
      <rtept lat="45.83329" lon="6.22503">
        <ele>659.4</ele>
      </rtept>
      <rtept lat="45.83328" lon="6.22503">
        <ele>659.4</ele>
      </rtept>
      <rtept lat="45.83326" lon="6.22504">
        <ele>659.6</ele>
      </rtept>
      <rtept lat="45.83323" lon="6.22504">
        <ele>659.6</ele>
      </rtept>
      <rtept lat="45.8332" lon="6.22504">
        <ele>660</ele>
      </rtept>
      <rtept lat="45.83319" lon="6.22504">
        <ele>659.8</ele>
      </rtept>
      <rtept lat="45.83317" lon="6.22504">
        <ele>659.8</ele>
      </rtept>
      <rtept lat="45.83312" lon="6.22507">
        <ele>660.2</ele>
      </rtept>
      <rtept lat="45.83311" lon="6.22507">
        <ele>660.4</ele>
      </rtept>
      <rtept lat="45.8331" lon="6.22509">
        <ele>660.6</ele>
      </rtept>
      <rtept lat="45.83307" lon="6.22509">
        <ele>660.8</ele>
      </rtept>
      <rtept lat="45.83306" lon="6.22509">
        <ele>661.2</ele>
      </rtept>
      <rtept lat="45.83304" lon="6.2251">
        <ele>661.6</ele>
      </rtept>
      <rtept lat="45.83302" lon="6.22511">
        <ele>661.6</ele>
      </rtept>
      <rtept lat="45.833" lon="6.22512">
        <ele>662</ele>
      </rtept>
      <rtept lat="45.83297" lon="6.22513">
        <ele>662.6</ele>
      </rtept>
      <rtept lat="45.83295" lon="6.22514">
        <ele>663</ele>
      </rtept>
      <rtept lat="45.83293" lon="6.22514">
        <ele>663.2</ele>
      </rtept>
      <rtept lat="45.83292" lon="6.22514">
        <ele>663.2</ele>
      </rtept>
      <rtept lat="45.8329" lon="6.22514">
        <ele>663.4</ele>
      </rtept>
      <rtept lat="45.83286" lon="6.22513">
        <ele>664.2</ele>
      </rtept>
      <rtept lat="45.83285" lon="6.22513">
        <ele>664.2</ele>
      </rtept>
      <rtept lat="45.83282" lon="6.22514">
        <ele>665</ele>
      </rtept>
      <rtept lat="45.8328" lon="6.22514">
        <ele>665.2</ele>
      </rtept>
      <rtept lat="45.83279" lon="6.22514">
        <ele>665.4</ele>
      </rtept>
      <rtept lat="45.83276" lon="6.22516">
        <ele>665.6</ele>
      </rtept>
      <rtept lat="45.83274" lon="6.22516">
        <ele>665.6</ele>
      </rtept>
      <rtept lat="45.8327" lon="6.22517">
        <ele>666</ele>
      </rtept>
      <rtept lat="45.83267" lon="6.22517">
        <ele>666.4</ele>
      </rtept>
      <rtept lat="45.83266" lon="6.22517">
        <ele>666.6</ele>
      </rtept>
      <rtept lat="45.83265" lon="6.22518">
        <ele>666.8</ele>
      </rtept>
      <rtept lat="45.83262" lon="6.22519">
        <ele>667.2</ele>
      </rtept>
      <rtept lat="45.8326" lon="6.2252">
        <ele>667.2</ele>
      </rtept>
      <rtept lat="45.83258" lon="6.22521">
        <ele>667.4</ele>
      </rtept>
      <rtept lat="45.83256" lon="6.22523">
        <ele>668</ele>
      </rtept>
      <rtept lat="45.83254" lon="6.22524">
        <ele>668</ele>
      </rtept>
      <rtept lat="45.83251" lon="6.22526">
        <ele>668.4</ele>
      </rtept>
      <rtept lat="45.8325" lon="6.22526">
        <ele>668.6</ele>
      </rtept>
      <rtept lat="45.83248" lon="6.22526">
        <ele>669</ele>
      </rtept>
      <rtept lat="45.83244" lon="6.22527">
        <ele>669.4</ele>
      </rtept>
      <rtept lat="45.83243" lon="6.22528">
        <ele>669.4</ele>
      </rtept>
      <rtept lat="45.83242" lon="6.22529">
        <ele>669.4</ele>
      </rtept>
      <rtept lat="45.83239" lon="6.22533">
        <ele>669.6</ele>
      </rtept>
      <rtept lat="45.83238" lon="6.22534">
        <ele>669</ele>
      </rtept>
      <rtept lat="45.83236" lon="6.22535">
        <ele>669</ele>
      </rtept>
      <rtept lat="45.83232" lon="6.22537">
        <ele>669</ele>
      </rtept>
      <rtept lat="45.83231" lon="6.22537">
        <ele>669</ele>
      </rtept>
      <rtept lat="45.83229" lon="6.22537">
        <ele>669</ele>
      </rtept>
      <rtept lat="45.83225" lon="6.22538">
        <ele>669</ele>
      </rtept>
      <rtept lat="45.83224" lon="6.22538">
        <ele>669</ele>
      </rtept>
      <rtept lat="45.83222" lon="6.22538">
        <ele>669.2</ele>
      </rtept>
      <rtept lat="45.83219" lon="6.22539">
        <ele>669.6</ele>
      </rtept>
      <rtept lat="45.83216" lon="6.22539">
        <ele>669.8</ele>
      </rtept>
      <rtept lat="45.83214" lon="6.22539">
        <ele>669.8</ele>
      </rtept>
      <rtept lat="45.83213" lon="6.2254">
        <ele>669.6</ele>
      </rtept>
      <rtept lat="45.8321" lon="6.2254">
        <ele>669.8</ele>
      </rtept>
      <rtept lat="45.83208" lon="6.2254">
        <ele>670.2</ele>
      </rtept>
      <rtept lat="45.83206" lon="6.2254">
        <ele>670.2</ele>
      </rtept>
      <rtept lat="45.83205" lon="6.2254">
        <ele>670.6</ele>
      </rtept>
      <rtept lat="45.83201" lon="6.22541">
        <ele>671</ele>
      </rtept>
      <rtept lat="45.832" lon="6.2254">
        <ele>671</ele>
      </rtept>
      <rtept lat="45.83198" lon="6.22541">
        <ele>671.6</ele>
      </rtept>
      <rtept lat="45.83194" lon="6.2254">
        <ele>671.8</ele>
      </rtept>
      <rtept lat="45.83193" lon="6.2254">
        <ele>672</ele>
      </rtept>
      <rtept lat="45.8319" lon="6.2254">
        <ele>672.4</ele>
      </rtept>
      <rtept lat="45.83188" lon="6.22541">
        <ele>672.6</ele>
      </rtept>
      <rtept lat="45.83186" lon="6.22542">
        <ele>672.6</ele>
      </rtept>
      <rtept lat="45.83184" lon="6.22543">
        <ele>672.6</ele>
      </rtept>
      <rtept lat="45.83182" lon="6.22545">
        <ele>672.6</ele>
      </rtept>
      <rtept lat="45.8318" lon="6.22546">
        <ele>672.8</ele>
      </rtept>
      <rtept lat="45.83178" lon="6.22548">
        <ele>672.8</ele>
      </rtept>
      <rtept lat="45.83176" lon="6.22549">
        <ele>673</ele>
      </rtept>
      <rtept lat="45.83174" lon="6.2255">
        <ele>673.6</ele>
      </rtept>
      <rtept lat="45.83172" lon="6.22553">
        <ele>673.8</ele>
      </rtept>
      <rtept lat="45.83171" lon="6.22556">
        <ele>674.2</ele>
      </rtept>
      <rtept lat="45.8317" lon="6.22559">
        <ele>674.4</ele>
      </rtept>
      <rtept lat="45.8317" lon="6.22563">
        <ele>674.6</ele>
      </rtept>
      <rtept lat="45.8317" lon="6.22564">
        <ele>674.8</ele>
      </rtept>
      <rtept lat="45.83171" lon="6.22567">
        <ele>675.6</ele>
      </rtept>
      <rtept lat="45.83172" lon="6.2257">
        <ele>676</ele>
      </rtept>
      <rtept lat="45.83173" lon="6.22572">
        <ele>676</ele>
      </rtept>
      <rtept lat="45.83175" lon="6.22575">
        <ele>676.8</ele>
      </rtept>
      <rtept lat="45.83176" lon="6.22577">
        <ele>677</ele>
      </rtept>
      <rtept lat="45.83177" lon="6.22579">
        <ele>677.8</ele>
      </rtept>
      <rtept lat="45.83178" lon="6.22582">
        <ele>678.4</ele>
      </rtept>
      <rtept lat="45.83179" lon="6.22585">
        <ele>679</ele>
      </rtept>
      <rtept lat="45.8318" lon="6.22587">
        <ele>679.6</ele>
      </rtept>
      <rtept lat="45.83181" lon="6.2259">
        <ele>680</ele>
      </rtept>
      <rtept lat="45.83183" lon="6.22591">
        <ele>681</ele>
      </rtept>
      <rtept lat="45.83185" lon="6.2259">
        <ele>682</ele>
      </rtept>
      <rtept lat="45.83186" lon="6.22588">
        <ele>682.6</ele>
      </rtept>
      <rtept lat="45.83187" lon="6.22586">
        <ele>683</ele>
      </rtept>
      <rtept lat="45.83187" lon="6.22583">
        <ele>683.6</ele>
      </rtept>
      <rtept lat="45.83187" lon="6.2258">
        <ele>684.2</ele>
      </rtept>
      <rtept lat="45.83187" lon="6.22577">
        <ele>684.8</ele>
      </rtept>
      <rtept lat="45.83187" lon="6.22575">
        <ele>685.4</ele>
      </rtept>
      <rtept lat="45.83188" lon="6.22572">
        <ele>685.8</ele>
      </rtept>
      <rtept lat="45.8319" lon="6.22569">
        <ele>686.6</ele>
      </rtept>
      <rtept lat="45.83192" lon="6.22567">
        <ele>687</ele>
      </rtept>
      <rtept lat="45.83193" lon="6.22565">
        <ele>687.4</ele>
      </rtept>
      <rtept lat="45.83195" lon="6.22564">
        <ele>687.8</ele>
      </rtept>
      <rtept lat="45.83197" lon="6.22564">
        <ele>688.2</ele>
      </rtept>
      <rtept lat="45.83199" lon="6.22563">
        <ele>688.4</ele>
      </rtept>
      <rtept lat="45.83201" lon="6.22563">
        <ele>688.8</ele>
      </rtept>
      <rtept lat="45.83204" lon="6.22563">
        <ele>689.2</ele>
      </rtept>
      <rtept lat="45.83206" lon="6.22562">
        <ele>689.2</ele>
      </rtept>
      <rtept lat="45.83207" lon="6.22562">
        <ele>689.8</ele>
      </rtept>
      <rtept lat="45.8321" lon="6.22562">
        <ele>690.2</ele>
      </rtept>
      <rtept lat="45.83212" lon="6.22563">
        <ele>690.6</ele>
      </rtept>
      <rtept lat="45.83214" lon="6.22564">
        <ele>690.8</ele>
      </rtept>
      <rtept lat="45.83217" lon="6.22564">
        <ele>691.8</ele>
      </rtept>
      <rtept lat="45.83219" lon="6.22565">
        <ele>692.4</ele>
      </rtept>
      <rtept lat="45.83221" lon="6.22565">
        <ele>692.6</ele>
      </rtept>
      <rtept lat="45.83224" lon="6.22565">
        <ele>692.6</ele>
      </rtept>
      <rtept lat="45.83226" lon="6.22566">
        <ele>692.6</ele>
      </rtept>
      <rtept lat="45.83228" lon="6.22567">
        <ele>692.6</ele>
      </rtept>
      <rtept lat="45.8323" lon="6.22567">
        <ele>692.4</ele>
      </rtept>
      <rtept lat="45.83233" lon="6.22567">
        <ele>692.4</ele>
      </rtept>
      <rtept lat="45.83235" lon="6.22568">
        <ele>692.2</ele>
      </rtept>
      <rtept lat="45.83237" lon="6.2257">
        <ele>692.2</ele>
      </rtept>
      <rtept lat="45.83238" lon="6.22573">
        <ele>692.4</ele>
      </rtept>
      <rtept lat="45.83239" lon="6.22576">
        <ele>692.8</ele>
      </rtept>
      <rtept lat="45.83239" lon="6.22579">
        <ele>693.2</ele>
      </rtept>
      <rtept lat="45.83239" lon="6.22582">
        <ele>693.4</ele>
      </rtept>
      <rtept lat="45.83238" lon="6.22584">
        <ele>694</ele>
      </rtept>
      <rtept lat="45.83237" lon="6.22587">
        <ele>694</ele>
      </rtept>
      <rtept lat="45.83236" lon="6.22589">
        <ele>694.2</ele>
      </rtept>
      <rtept lat="45.83235" lon="6.22591">
        <ele>694.4</ele>
      </rtept>
      <rtept lat="45.83234" lon="6.22594">
        <ele>694.8</ele>
      </rtept>
      <rtept lat="45.83233" lon="6.22596">
        <ele>695.4</ele>
      </rtept>
      <rtept lat="45.83233" lon="6.22599">
        <ele>695.4</ele>
      </rtept>
      <rtept lat="45.83232" lon="6.22602">
        <ele>695.6</ele>
      </rtept>
      <rtept lat="45.83232" lon="6.22605">
        <ele>696</ele>
      </rtept>
      <rtept lat="45.83233" lon="6.22609">
        <ele>695.8</ele>
      </rtept>
      <rtept lat="45.83234" lon="6.22613">
        <ele>696</ele>
      </rtept>
      <rtept lat="45.83236" lon="6.22615">
        <ele>696</ele>
      </rtept>
      <rtept lat="45.83237" lon="6.22617">
        <ele>696</ele>
      </rtept>
      <rtept lat="45.83239" lon="6.2262">
        <ele>696</ele>
      </rtept>
      <rtept lat="45.83241" lon="6.22622">
        <ele>696</ele>
      </rtept>
      <rtept lat="45.83242" lon="6.22625">
        <ele>696.6</ele>
      </rtept>
      <rtept lat="45.83244" lon="6.22627">
        <ele>696.6</ele>
      </rtept>
      <rtept lat="45.83246" lon="6.2263">
        <ele>696.4</ele>
      </rtept>
      <rtept lat="45.83247" lon="6.22632">
        <ele>696.4</ele>
      </rtept>
      <rtept lat="45.83249" lon="6.22634">
        <ele>696.6</ele>
      </rtept>
      <rtept lat="45.83251" lon="6.22636">
        <ele>696.6</ele>
      </rtept>
      <rtept lat="45.83253" lon="6.22637">
        <ele>696.6</ele>
      </rtept>
      <rtept lat="45.83255" lon="6.22638">
        <ele>696.8</ele>
      </rtept>
      <rtept lat="45.83258" lon="6.22639">
        <ele>696.8</ele>
      </rtept>
      <rtept lat="45.8326" lon="6.2264">
        <ele>696.8</ele>
      </rtept>
      <rtept lat="45.83263" lon="6.22641">
        <ele>696.8</ele>
      </rtept>
      <rtept lat="45.83265" lon="6.22642">
        <ele>697</ele>
      </rtept>
      <rtept lat="45.83268" lon="6.22642">
        <ele>697.2</ele>
      </rtept>
      <rtept lat="45.8327" lon="6.22643">
        <ele>697.2</ele>
      </rtept>
      <rtept lat="45.83273" lon="6.22644">
        <ele>697.4</ele>
      </rtept>
      <rtept lat="45.83275" lon="6.22645">
        <ele>697.4</ele>
      </rtept>
      <rtept lat="45.83277" lon="6.22645">
        <ele>697.6</ele>
      </rtept>
      <rtept lat="45.83279" lon="6.22647">
        <ele>697.4</ele>
      </rtept>
      <rtept lat="45.83282" lon="6.22648">
        <ele>697.6</ele>
      </rtept>
      <rtept lat="45.83284" lon="6.22649">
        <ele>698</ele>
      </rtept>
      <rtept lat="45.83288" lon="6.2265">
        <ele>698.4</ele>
      </rtept>
      <rtept lat="45.83289" lon="6.2265">
        <ele>698.4</ele>
      </rtept>
      <rtept lat="45.83291" lon="6.22651">
        <ele>698.4</ele>
      </rtept>
      <rtept lat="45.83293" lon="6.22651">
        <ele>698.6</ele>
      </rtept>
      <rtept lat="45.83296" lon="6.22652">
        <ele>698.6</ele>
      </rtept>
      <rtept lat="45.83297" lon="6.22653">
        <ele>699.4</ele>
      </rtept>
      <rtept lat="45.83299" lon="6.22654">
        <ele>699.6</ele>
      </rtept>
      <rtept lat="45.83302" lon="6.22656">
        <ele>699.8</ele>
      </rtept>
      <rtept lat="45.83304" lon="6.22658">
        <ele>700.4</ele>
      </rtept>
      <rtept lat="45.83305" lon="6.2266">
        <ele>701.2</ele>
      </rtept>
      <rtept lat="45.83307" lon="6.22662">
        <ele>701.2</ele>
      </rtept>
      <rtept lat="45.83309" lon="6.22663">
        <ele>701.2</ele>
      </rtept>
      <rtept lat="45.83311" lon="6.22666">
        <ele>701.2</ele>
      </rtept>
      <rtept lat="45.83313" lon="6.22668">
        <ele>701</ele>
      </rtept>
      <rtept lat="45.83315" lon="6.22671">
        <ele>701.2</ele>
      </rtept>
      <rtept lat="45.83316" lon="6.22673">
        <ele>701.2</ele>
      </rtept>
      <rtept lat="45.83319" lon="6.22677">
        <ele>701.2</ele>
      </rtept>
      <rtept lat="45.8332" lon="6.22678">
        <ele>701.2</ele>
      </rtept>
      <rtept lat="45.83323" lon="6.2268">
        <ele>700.6</ele>
      </rtept>
      <rtept lat="45.83325" lon="6.22682">
        <ele>700.4</ele>
      </rtept>
      <rtept lat="45.83326" lon="6.22685">
        <ele>700.4</ele>
      </rtept>
      <rtept lat="45.83328" lon="6.22688">
        <ele>700.6</ele>
      </rtept>
      <rtept lat="45.8333" lon="6.2269">
        <ele>700.4</ele>
      </rtept>
      <rtept lat="45.83331" lon="6.22692">
        <ele>700</ele>
      </rtept>
      <rtept lat="45.83332" lon="6.22694">
        <ele>699.6</ele>
      </rtept>
      <rtept lat="45.83334" lon="6.22698">
        <ele>699.2</ele>
      </rtept>
      <rtept lat="45.83335" lon="6.22699">
        <ele>698.8</ele>
      </rtept>
      <rtept lat="45.83337" lon="6.22702">
        <ele>698.6</ele>
      </rtept>
      <rtept lat="45.8334" lon="6.22704">
        <ele>698.6</ele>
      </rtept>
      <rtept lat="45.83342" lon="6.22706">
        <ele>698.4</ele>
      </rtept>
      <rtept lat="45.83344" lon="6.22708">
        <ele>698</ele>
      </rtept>
      <rtept lat="45.83347" lon="6.2271">
        <ele>698</ele>
      </rtept>
      <rtept lat="45.83349" lon="6.22712">
        <ele>698.2</ele>
      </rtept>
      <rtept lat="45.83351" lon="6.22713">
        <ele>698.2</ele>
      </rtept>
      <rtept lat="45.83354" lon="6.22716">
        <ele>698.2</ele>
      </rtept>
      <rtept lat="45.83355" lon="6.22717">
        <ele>698.2</ele>
      </rtept>
      <rtept lat="45.83359" lon="6.22718">
        <ele>698.2</ele>
      </rtept>
      <rtept lat="45.8336" lon="6.2272">
        <ele>698.2</ele>
      </rtept>
      <rtept lat="45.83362" lon="6.22722">
        <ele>698.6</ele>
      </rtept>
      <rtept lat="45.83364" lon="6.22724">
        <ele>698.4</ele>
      </rtept>
      <rtept lat="45.83366" lon="6.22725">
        <ele>698.2</ele>
      </rtept>
      <rtept lat="45.83368" lon="6.22728">
        <ele>698.2</ele>
      </rtept>
      <rtept lat="45.8337" lon="6.2273">
        <ele>698.2</ele>
      </rtept>
      <rtept lat="45.83372" lon="6.22732">
        <ele>697.8</ele>
      </rtept>
      <rtept lat="45.83374" lon="6.22735">
        <ele>697.2</ele>
      </rtept>
      <rtept lat="45.83375" lon="6.22738">
        <ele>696.8</ele>
      </rtept>
      <rtept lat="45.83378" lon="6.2274">
        <ele>696.6</ele>
      </rtept>
      <rtept lat="45.8338" lon="6.22741">
        <ele>696.4</ele>
      </rtept>
      <rtept lat="45.83381" lon="6.22743">
        <ele>696</ele>
      </rtept>
      <rtept lat="45.83384" lon="6.22744">
        <ele>695.8</ele>
      </rtept>
      <rtept lat="45.83386" lon="6.22745">
        <ele>695.6</ele>
      </rtept>
      <rtept lat="45.8339" lon="6.22747">
        <ele>694.8</ele>
      </rtept>
      <rtept lat="45.83392" lon="6.22746">
        <ele>694.8</ele>
      </rtept>
      <rtept lat="45.83394" lon="6.22746">
        <ele>694.4</ele>
      </rtept>
      <rtept lat="45.83396" lon="6.22746">
        <ele>694</ele>
      </rtept>
      <rtept lat="45.83399" lon="6.22746">
        <ele>693.8</ele>
      </rtept>
      <rtept lat="45.83401" lon="6.22747">
        <ele>693.6</ele>
      </rtept>
      <rtept lat="45.83404" lon="6.22746">
        <ele>693.6</ele>
      </rtept>
      <rtept lat="45.83406" lon="6.22746">
        <ele>693.2</ele>
      </rtept>
      <rtept lat="45.83408" lon="6.22746">
        <ele>692.6</ele>
      </rtept>
      <rtept lat="45.8341" lon="6.22746">
        <ele>692.6</ele>
      </rtept>
      <rtept lat="45.83413" lon="6.22747">
        <ele>692.2</ele>
      </rtept>
      <rtept lat="45.83415" lon="6.22749">
        <ele>692</ele>
      </rtept>
      <rtept lat="45.83417" lon="6.22751">
        <ele>691.8</ele>
      </rtept>
      <rtept lat="45.83419" lon="6.22752">
        <ele>691.6</ele>
      </rtept>
      <rtept lat="45.83421" lon="6.22753">
        <ele>691.4</ele>
      </rtept>
      <rtept lat="45.83424" lon="6.22756">
        <ele>691</ele>
      </rtept>
      <rtept lat="45.83425" lon="6.22757">
        <ele>690.6</ele>
      </rtept>
      <rtept lat="45.83428" lon="6.22758">
        <ele>690.4</ele>
      </rtept>
      <rtept lat="45.83431" lon="6.22762">
        <ele>690</ele>
      </rtept>
      <rtept lat="45.83432" lon="6.22763">
        <ele>689.8</ele>
      </rtept>
      <rtept lat="45.83434" lon="6.22766">
        <ele>689.2</ele>
      </rtept>
      <rtept lat="45.83435" lon="6.2277">
        <ele>688.6</ele>
      </rtept>
      <rtept lat="45.83436" lon="6.22771">
        <ele>688.6</ele>
      </rtept>
      <rtept lat="45.83438" lon="6.22774">
        <ele>688.4</ele>
      </rtept>
      <rtept lat="45.8344" lon="6.22778">
        <ele>688</ele>
      </rtept>
      <rtept lat="45.8344" lon="6.22779">
        <ele>687.8</ele>
      </rtept>
      <rtept lat="45.83441" lon="6.22782">
        <ele>687.4</ele>
      </rtept>
      <rtept lat="45.83443" lon="6.22784">
        <ele>687</ele>
      </rtept>
      <rtept lat="45.83446" lon="6.22789">
        <ele>686.4</ele>
      </rtept>
      <rtept lat="45.83447" lon="6.2279">
        <ele>686.4</ele>
      </rtept>
      <rtept lat="45.83448" lon="6.22792">
        <ele>686.2</ele>
      </rtept>
      <rtept lat="45.83451" lon="6.22796">
        <ele>686</ele>
      </rtept>
      <rtept lat="45.83451" lon="6.22797">
        <ele>686</ele>
      </rtept>
      <rtept lat="45.83453" lon="6.22799">
        <ele>685.8</ele>
      </rtept>
      <rtept lat="45.83455" lon="6.22801">
        <ele>685.2</ele>
      </rtept>
      <rtept lat="45.83454" lon="6.22805">
        <ele>685</ele>
      </rtept>
      <rtept lat="45.83453" lon="6.22809">
        <ele>685</ele>
      </rtept>
      <rtept lat="45.83451" lon="6.2281">
        <ele>685</ele>
      </rtept>
      <rtept lat="45.83448" lon="6.2281">
        <ele>685</ele>
      </rtept>
      <rtept lat="45.83446" lon="6.22811">
        <ele>685</ele>
      </rtept>
      <rtept lat="45.83444" lon="6.22811">
        <ele>685.2</ele>
      </rtept>
      <rtept lat="45.83441" lon="6.22811">
        <ele>685.8</ele>
      </rtept>
      <rtept lat="45.83438" lon="6.22811">
        <ele>686.4</ele>
      </rtept>
      <rtept lat="45.83436" lon="6.22812">
        <ele>686.4</ele>
      </rtept>
      <rtept lat="45.83435" lon="6.22814">
        <ele>686.6</ele>
      </rtept>
      <rtept lat="45.83434" lon="6.22818">
        <ele>686.6</ele>
      </rtept>
      <rtept lat="45.83435" lon="6.2282">
        <ele>687.6</ele>
      </rtept>
      <rtept lat="45.83437" lon="6.2282">
        <ele>688.2</ele>
      </rtept>
      <rtept lat="45.8344" lon="6.2282">
        <ele>688.8</ele>
      </rtept>
      <rtept lat="45.83441" lon="6.2282">
        <ele>689.4</ele>
      </rtept>
      <rtept lat="45.83442" lon="6.22822">
        <ele>691.4</ele>
      </rtept>
      <rtept lat="45.83442" lon="6.22826">
        <ele>691.6</ele>
      </rtept>
      <rtept lat="45.83442" lon="6.22829">
        <ele>692.4</ele>
      </rtept>
      <rtept lat="45.83441" lon="6.22832">
        <ele>692.8</ele>
      </rtept>
      <rtept lat="45.8344" lon="6.22834">
        <ele>693.4</ele>
      </rtept>
      <rtept lat="45.83439" lon="6.22837">
        <ele>694</ele>
      </rtept>
      <rtept lat="45.83439" lon="6.2284">
        <ele>694.4</ele>
      </rtept>
      <rtept lat="45.8344" lon="6.22843">
        <ele>695</ele>
      </rtept>
      <rtept lat="45.83439" lon="6.22845">
        <ele>695.6</ele>
      </rtept>
      <rtept lat="45.83438" lon="6.22848">
        <ele>696</ele>
      </rtept>
      <rtept lat="45.83437" lon="6.22851">
        <ele>696.2</ele>
      </rtept>
      <rtept lat="45.83437" lon="6.22855">
        <ele>697</ele>
      </rtept>
      <rtept lat="45.83437" lon="6.22858">
        <ele>697.8</ele>
      </rtept>
      <rtept lat="45.83436" lon="6.22861">
        <ele>698.2</ele>
      </rtept>
      <rtept lat="45.83434" lon="6.22863">
        <ele>699</ele>
      </rtept>
      <rtept lat="45.83433" lon="6.22867">
        <ele>699.4</ele>
      </rtept>
      <rtept lat="45.83433" lon="6.22869">
        <ele>699.6</ele>
      </rtept>
      <rtept lat="45.83433" lon="6.22871">
        <ele>700</ele>
      </rtept>
      <rtept lat="45.83432" lon="6.22874">
        <ele>700</ele>
      </rtept>
      <rtept lat="45.83432" lon="6.22878">
        <ele>700.4</ele>
      </rtept>
      <rtept lat="45.83431" lon="6.22882">
        <ele>700.4</ele>
      </rtept>
      <rtept lat="45.83431" lon="6.22885">
        <ele>700.4</ele>
      </rtept>
      <rtept lat="45.8343" lon="6.22889">
        <ele>700.2</ele>
      </rtept>
      <rtept lat="45.8343" lon="6.22892">
        <ele>700</ele>
      </rtept>
      <rtept lat="45.8343" lon="6.22895">
        <ele>700</ele>
      </rtept>
      <rtept lat="45.83429" lon="6.22899">
        <ele>700</ele>
      </rtept>
      <rtept lat="45.83429" lon="6.22901">
        <ele>700</ele>
      </rtept>
      <rtept lat="45.8343" lon="6.22903">
        <ele>699.2</ele>
      </rtept>
      <rtept lat="45.8343" lon="6.22906">
        <ele>699</ele>
      </rtept>
      <rtept lat="45.8343" lon="6.2291">
        <ele>698.4</ele>
      </rtept>
      <rtept lat="45.8343" lon="6.22913">
        <ele>698</ele>
      </rtept>
      <rtept lat="45.83429" lon="6.22918">
        <ele>697.4</ele>
      </rtept>
      <rtept lat="45.83429" lon="6.22919">
        <ele>697.4</ele>
      </rtept>
      <rtept lat="45.8343" lon="6.22923">
        <ele>697.4</ele>
      </rtept>
      <rtept lat="45.83429" lon="6.22926">
        <ele>697.6</ele>
      </rtept>
      <rtept lat="45.83429" lon="6.22929">
        <ele>697.8</ele>
      </rtept>
      <rtept lat="45.83427" lon="6.22931">
        <ele>697.8</ele>
      </rtept>
      <rtept lat="45.83425" lon="6.22934">
        <ele>697.4</ele>
      </rtept>
      <rtept lat="45.83423" lon="6.22935">
        <ele>697</ele>
      </rtept>
      <rtept lat="45.83421" lon="6.22937">
        <ele>696.8</ele>
      </rtept>
      <rtept lat="45.83418" lon="6.22938">
        <ele>696.2</ele>
      </rtept>
      <rtept lat="45.83414" lon="6.22938">
        <ele>695.2</ele>
      </rtept>
      <rtept lat="45.83412" lon="6.22938">
        <ele>695.2</ele>
      </rtept>
      <rtept lat="45.83409" lon="6.22939">
        <ele>695.2</ele>
      </rtept>
      <rtept lat="45.83406" lon="6.22937">
        <ele>694.8</ele>
      </rtept>
      <rtept lat="45.83404" lon="6.22936">
        <ele>694.6</ele>
      </rtept>
      <rtept lat="45.83402" lon="6.22934">
        <ele>694.6</ele>
      </rtept>
      <rtept lat="45.83399" lon="6.22932">
        <ele>694.4</ele>
      </rtept>
      <rtept lat="45.83398" lon="6.22929">
        <ele>694.6</ele>
      </rtept>
      <rtept lat="45.83395" lon="6.22928">
        <ele>695</ele>
      </rtept>
      <rtept lat="45.83394" lon="6.22928">
        <ele>695.2</ele>
      </rtept>
      <rtept lat="45.83391" lon="6.22929">
        <ele>696.2</ele>
      </rtept>
      <rtept lat="45.8339" lon="6.22929">
        <ele>696.6</ele>
      </rtept>
      <rtept lat="45.83388" lon="6.22929">
        <ele>697.4</ele>
      </rtept>
      <rtept lat="45.83386" lon="6.22929">
        <ele>697.8</ele>
      </rtept>
      <rtept lat="45.83385" lon="6.2293">
        <ele>698.6</ele>
      </rtept>
      <rtept lat="45.83382" lon="6.22929">
        <ele>699</ele>
      </rtept>
      <rtept lat="45.8338" lon="6.22928">
        <ele>699.6</ele>
      </rtept>
      <rtept lat="45.83379" lon="6.22926">
        <ele>700.4</ele>
      </rtept>
      <rtept lat="45.83377" lon="6.22925">
        <ele>701</ele>
      </rtept>
      <rtept lat="45.83376" lon="6.22926">
        <ele>701.4</ele>
      </rtept>
      <rtept lat="45.83374" lon="6.22928">
        <ele>702</ele>
      </rtept>
      <rtept lat="45.83372" lon="6.22932">
        <ele>702.4</ele>
      </rtept>
      <rtept lat="45.8337" lon="6.22934">
        <ele>702.6</ele>
      </rtept>
      <rtept lat="45.83369" lon="6.22935">
        <ele>702.8</ele>
      </rtept>
      <rtept lat="45.83368" lon="6.22938">
        <ele>703.2</ele>
      </rtept>
      <rtept lat="45.83366" lon="6.2294">
        <ele>703.6</ele>
      </rtept>
      <rtept lat="45.83365" lon="6.22943">
        <ele>704</ele>
      </rtept>
      <rtept lat="45.83363" lon="6.22945">
        <ele>704.4</ele>
      </rtept>
      <rtept lat="45.83361" lon="6.22947">
        <ele>705</ele>
      </rtept>
      <rtept lat="45.8336" lon="6.2295">
        <ele>705.8</ele>
      </rtept>
      <rtept lat="45.83359" lon="6.22951">
        <ele>706.2</ele>
      </rtept>
      <rtept lat="45.83357" lon="6.22952">
        <ele>706.8</ele>
      </rtept>
      <rtept lat="45.83355" lon="6.22955">
        <ele>707</ele>
      </rtept>
      <rtept lat="45.83354" lon="6.22958">
        <ele>707.6</ele>
      </rtept>
      <rtept lat="45.83353" lon="6.22959">
        <ele>707.6</ele>
      </rtept>
      <rtept lat="45.83351" lon="6.22961">
        <ele>708.4</ele>
      </rtept>
      <rtept lat="45.8335" lon="6.22965">
        <ele>709.2</ele>
      </rtept>
      <rtept lat="45.8335" lon="6.22967">
        <ele>709.4</ele>
      </rtept>
      <rtept lat="45.83349" lon="6.22969">
        <ele>710</ele>
      </rtept>
      <rtept lat="45.83348" lon="6.22972">
        <ele>710.6</ele>
      </rtept>
      <rtept lat="45.83347" lon="6.22975">
        <ele>711.2</ele>
      </rtept>
      <rtept lat="45.83346" lon="6.22978">
        <ele>711.4</ele>
      </rtept>
      <rtept lat="45.83345" lon="6.2298">
        <ele>712</ele>
      </rtept>
      <rtept lat="45.83344" lon="6.22983">
        <ele>712.4</ele>
      </rtept>
      <rtept lat="45.83343" lon="6.22986">
        <ele>713.2</ele>
      </rtept>
      <rtept lat="45.83342" lon="6.22989">
        <ele>713.8</ele>
      </rtept>
      <rtept lat="45.83342" lon="6.2299">
        <ele>714</ele>
      </rtept>
      <rtept lat="45.83341" lon="6.22993">
        <ele>715.4</ele>
      </rtept>
      <rtept lat="45.83341" lon="6.22995">
        <ele>715.6</ele>
      </rtept>
      <rtept lat="45.8334" lon="6.22998">
        <ele>715.8</ele>
      </rtept>
      <rtept lat="45.83339" lon="6.23">
        <ele>716.2</ele>
      </rtept>
      <rtept lat="45.83337" lon="6.23003">
        <ele>716.8</ele>
      </rtept>
      <rtept lat="45.83335" lon="6.23004">
        <ele>717.4</ele>
      </rtept>
      <rtept lat="45.83333" lon="6.23003">
        <ele>718</ele>
      </rtept>
      <rtept lat="45.83331" lon="6.23001">
        <ele>718.4</ele>
      </rtept>
      <rtept lat="45.8333" lon="6.23001">
        <ele>717.2</ele>
      </rtept>
      <rtept lat="45.83328" lon="6.23003">
        <ele>717</ele>
      </rtept>
      <rtept lat="45.83325" lon="6.23006">
        <ele>717.2</ele>
      </rtept>
      <rtept lat="45.83323" lon="6.2301">
        <ele>717.6</ele>
      </rtept>
      <rtept lat="45.83322" lon="6.23013">
        <ele>718.2</ele>
      </rtept>
      <rtept lat="45.8332" lon="6.23016">
        <ele>719.2</ele>
      </rtept>
      <rtept lat="45.83319" lon="6.23019">
        <ele>719.4</ele>
      </rtept>
      <rtept lat="45.83318" lon="6.23021">
        <ele>719.4</ele>
      </rtept>
      <rtept lat="45.83318" lon="6.23024">
        <ele>719.6</ele>
      </rtept>
      <rtept lat="45.83318" lon="6.23027">
        <ele>720.2</ele>
      </rtept>
      <rtept lat="45.8332" lon="6.2303">
        <ele>720.2</ele>
      </rtept>
      <rtept lat="45.83321" lon="6.23032">
        <ele>720.4</ele>
      </rtept>
      <rtept lat="45.83322" lon="6.23034">
        <ele>721</ele>
      </rtept>
      <rtept lat="45.83323" lon="6.23037">
        <ele>721.8</ele>
      </rtept>
      <rtept lat="45.83324" lon="6.2304">
        <ele>722</ele>
      </rtept>
      <rtept lat="45.83324" lon="6.23044">
        <ele>722.6</ele>
      </rtept>
      <rtept lat="45.83325" lon="6.23047">
        <ele>723</ele>
      </rtept>
      <rtept lat="45.83325" lon="6.2305">
        <ele>723.2</ele>
      </rtept>
      <rtept lat="45.83325" lon="6.23053">
        <ele>723.4</ele>
      </rtept>
      <rtept lat="45.83324" lon="6.23056">
        <ele>723.8</ele>
      </rtept>
      <rtept lat="45.83324" lon="6.2306">
        <ele>724</ele>
      </rtept>
      <rtept lat="45.83324" lon="6.23063">
        <ele>724.2</ele>
      </rtept>
      <rtept lat="45.83323" lon="6.23066">
        <ele>724.4</ele>
      </rtept>
      <rtept lat="45.83323" lon="6.23069">
        <ele>724.2</ele>
      </rtept>
      <rtept lat="45.83323" lon="6.23073">
        <ele>724.2</ele>
      </rtept>
      <rtept lat="45.83323" lon="6.23076">
        <ele>724.2</ele>
      </rtept>
      <rtept lat="45.83322" lon="6.23079">
        <ele>724.2</ele>
      </rtept>
      <rtept lat="45.83321" lon="6.23083">
        <ele>724.4</ele>
      </rtept>
      <rtept lat="45.83321" lon="6.23086">
        <ele>724.4</ele>
      </rtept>
      <rtept lat="45.83321" lon="6.23089">
        <ele>724.4</ele>
      </rtept>
      <rtept lat="45.8332" lon="6.23093">
        <ele>724.4</ele>
      </rtept>
      <rtept lat="45.83319" lon="6.23096">
        <ele>724.6</ele>
      </rtept>
      <rtept lat="45.83318" lon="6.23099">
        <ele>724.8</ele>
      </rtept>
      <rtept lat="45.83317" lon="6.23102">
        <ele>724.6</ele>
      </rtept>
      <rtept lat="45.83316" lon="6.23105">
        <ele>724.8</ele>
      </rtept>
      <rtept lat="45.83315" lon="6.23108">
        <ele>724.8</ele>
      </rtept>
      <rtept lat="45.83314" lon="6.2311">
        <ele>724.8</ele>
      </rtept>
      <rtept lat="45.83313" lon="6.23114">
        <ele>725</ele>
      </rtept>
      <rtept lat="45.83312" lon="6.23117">
        <ele>725</ele>
      </rtept>
      <rtept lat="45.8331" lon="6.23121">
        <ele>725</ele>
      </rtept>
      <rtept lat="45.8331" lon="6.23124">
        <ele>726</ele>
      </rtept>
      <rtept lat="45.83309" lon="6.23127">
        <ele>726</ele>
      </rtept>
      <rtept lat="45.83309" lon="6.2313">
        <ele>726.2</ele>
      </rtept>
      <rtept lat="45.83308" lon="6.23134">
        <ele>726.4</ele>
      </rtept>
      <rtept lat="45.83308" lon="6.23137">
        <ele>726.8</ele>
      </rtept>
      <rtept lat="45.83308" lon="6.2314">
        <ele>727</ele>
      </rtept>
      <rtept lat="45.83307" lon="6.23142">
        <ele>727</ele>
      </rtept>
      <rtept lat="45.83306" lon="6.23145">
        <ele>727.4</ele>
      </rtept>
      <rtept lat="45.83305" lon="6.23149">
        <ele>727.8</ele>
      </rtept>
      <rtept lat="45.83304" lon="6.23152">
        <ele>728.2</ele>
      </rtept>
      <rtept lat="45.83303" lon="6.23155">
        <ele>728.6</ele>
      </rtept>
      <rtept lat="45.83302" lon="6.23157">
        <ele>729.4</ele>
      </rtept>
      <rtept lat="45.83301" lon="6.23161">
        <ele>729.4</ele>
      </rtept>
      <rtept lat="45.833" lon="6.23164">
        <ele>730.2</ele>
      </rtept>
      <rtept lat="45.833" lon="6.23167">
        <ele>730.4</ele>
      </rtept>
      <rtept lat="45.83301" lon="6.2317">
        <ele>731</ele>
      </rtept>
      <rtept lat="45.833" lon="6.23174">
        <ele>731.6</ele>
      </rtept>
      <rtept lat="45.833" lon="6.23177">
        <ele>732</ele>
      </rtept>
      <rtept lat="45.83299" lon="6.23179">
        <ele>732.6</ele>
      </rtept>
      <rtept lat="45.83299" lon="6.23182">
        <ele>733</ele>
      </rtept>
      <rtept lat="45.83298" lon="6.23184">
        <ele>733</ele>
      </rtept>
      <rtept lat="45.83297" lon="6.23187">
        <ele>733.4</ele>
      </rtept>
      <rtept lat="45.83296" lon="6.2319">
        <ele>733.6</ele>
      </rtept>
      <rtept lat="45.83294" lon="6.23192">
        <ele>734</ele>
      </rtept>
      <rtept lat="45.83293" lon="6.23195">
        <ele>734.2</ele>
      </rtept>
      <rtept lat="45.83292" lon="6.23199">
        <ele>734.4</ele>
      </rtept>
      <rtept lat="45.83291" lon="6.23202">
        <ele>734.2</ele>
      </rtept>
      <rtept lat="45.8329" lon="6.23205">
        <ele>734.2</ele>
      </rtept>
      <rtept lat="45.8329" lon="6.23209">
        <ele>734.4</ele>
      </rtept>
      <rtept lat="45.83288" lon="6.23211">
        <ele>734.4</ele>
      </rtept>
      <rtept lat="45.83287" lon="6.23213">
        <ele>734.4</ele>
      </rtept>
      <rtept lat="45.83286" lon="6.23216">
        <ele>734.4</ele>
      </rtept>
      <rtept lat="45.83285" lon="6.2322">
        <ele>734.6</ele>
      </rtept>
      <rtept lat="45.83284" lon="6.23224">
        <ele>735</ele>
      </rtept>
      <rtept lat="45.83283" lon="6.23227">
        <ele>735</ele>
      </rtept>
      <rtept lat="45.83282" lon="6.2323">
        <ele>735</ele>
      </rtept>
      <rtept lat="45.8328" lon="6.23235">
        <ele>735.2</ele>
      </rtept>
      <rtept lat="45.83279" lon="6.23236">
        <ele>735</ele>
      </rtept>
      <rtept lat="45.83278" lon="6.23239">
        <ele>734.8</ele>
      </rtept>
      <rtept lat="45.83277" lon="6.23242">
        <ele>735</ele>
      </rtept>
      <rtept lat="45.83276" lon="6.23246">
        <ele>735.2</ele>
      </rtept>
      <rtept lat="45.83276" lon="6.23249">
        <ele>735</ele>
      </rtept>
      <rtept lat="45.83275" lon="6.23253">
        <ele>735.2</ele>
      </rtept>
      <rtept lat="45.83274" lon="6.23256">
        <ele>735.2</ele>
      </rtept>
      <rtept lat="45.83273" lon="6.23259">
        <ele>735.2</ele>
      </rtept>
      <rtept lat="45.83273" lon="6.23262">
        <ele>735.2</ele>
      </rtept>
      <rtept lat="45.83273" lon="6.23266">
        <ele>735.4</ele>
      </rtept>
      <rtept lat="45.83272" lon="6.23269">
        <ele>735.4</ele>
      </rtept>
      <rtept lat="45.83271" lon="6.23272">
        <ele>735.2</ele>
      </rtept>
      <rtept lat="45.83271" lon="6.23276">
        <ele>735.2</ele>
      </rtept>
      <rtept lat="45.83271" lon="6.2328">
        <ele>735.4</ele>
      </rtept>
      <rtept lat="45.8327" lon="6.23284">
        <ele>735.4</ele>
      </rtept>
      <rtept lat="45.83269" lon="6.23287">
        <ele>735.6</ele>
      </rtept>
      <rtept lat="45.83268" lon="6.23291">
        <ele>735.6</ele>
      </rtept>
      <rtept lat="45.83267" lon="6.23294">
        <ele>735.6</ele>
      </rtept>
      <rtept lat="45.83266" lon="6.23297">
        <ele>736.2</ele>
      </rtept>
      <rtept lat="45.83265" lon="6.23301">
        <ele>736.2</ele>
      </rtept>
      <rtept lat="45.83264" lon="6.23304">
        <ele>736.4</ele>
      </rtept>
      <rtept lat="45.83262" lon="6.23307">
        <ele>736.6</ele>
      </rtept>
      <rtept lat="45.83261" lon="6.23309">
        <ele>736.6</ele>
      </rtept>
      <rtept lat="45.8326" lon="6.23312">
        <ele>736.8</ele>
      </rtept>
      <rtept lat="45.83259" lon="6.23315">
        <ele>737.2</ele>
      </rtept>
      <rtept lat="45.83258" lon="6.23317">
        <ele>737</ele>
      </rtept>
      <rtept lat="45.83256" lon="6.23319">
        <ele>737.4</ele>
      </rtept>
      <rtept lat="45.83254" lon="6.23322">
        <ele>738</ele>
      </rtept>
      <rtept lat="45.83253" lon="6.23325">
        <ele>738</ele>
      </rtept>
      <rtept lat="45.83251" lon="6.23327">
        <ele>738.4</ele>
      </rtept>
      <rtept lat="45.8325" lon="6.2333">
        <ele>738.4</ele>
      </rtept>
      <rtept lat="45.83248" lon="6.23333">
        <ele>738.8</ele>
      </rtept>
      <rtept lat="45.83247" lon="6.23336">
        <ele>739.2</ele>
      </rtept>
      <rtept lat="45.83246" lon="6.23339">
        <ele>739.6</ele>
      </rtept>
      <rtept lat="45.83246" lon="6.23341">
        <ele>739.8</ele>
      </rtept>
      <rtept lat="45.83245" lon="6.23344">
        <ele>740</ele>
      </rtept>
      <rtept lat="45.83244" lon="6.23347">
        <ele>740</ele>
      </rtept>
      <rtept lat="45.83244" lon="6.2335">
        <ele>740.6</ele>
      </rtept>
      <rtept lat="45.83243" lon="6.23353">
        <ele>740.8</ele>
      </rtept>
      <rtept lat="45.83243" lon="6.23356">
        <ele>741</ele>
      </rtept>
      <rtept lat="45.83243" lon="6.2336">
        <ele>741.4</ele>
      </rtept>
      <rtept lat="45.83243" lon="6.23363">
        <ele>741.4</ele>
      </rtept>
      <rtept lat="45.83242" lon="6.23367">
        <ele>741.6</ele>
      </rtept>
      <rtept lat="45.83242" lon="6.2337">
        <ele>742.2</ele>
      </rtept>
      <rtept lat="45.83241" lon="6.23373">
        <ele>742.4</ele>
      </rtept>
      <rtept lat="45.83241" lon="6.23376">
        <ele>742.2</ele>
      </rtept>
      <rtept lat="45.8324" lon="6.2338">
        <ele>742.4</ele>
      </rtept>
      <rtept lat="45.83239" lon="6.23383">
        <ele>742.6</ele>
      </rtept>
      <rtept lat="45.83237" lon="6.23386">
        <ele>743</ele>
      </rtept>
      <rtept lat="45.83235" lon="6.23389">
        <ele>743.2</ele>
      </rtept>
      <rtept lat="45.83234" lon="6.23392">
        <ele>743.2</ele>
      </rtept>
      <rtept lat="45.83233" lon="6.23395">
        <ele>743.4</ele>
      </rtept>
      <rtept lat="45.83231" lon="6.23397">
        <ele>743.6</ele>
      </rtept>
      <rtept lat="45.8323" lon="6.234">
        <ele>744.2</ele>
      </rtept>
      <rtept lat="45.83229" lon="6.23403">
        <ele>744.4</ele>
      </rtept>
      <rtept lat="45.83228" lon="6.23406">
        <ele>744.8</ele>
      </rtept>
      <rtept lat="45.83226" lon="6.23408">
        <ele>745.2</ele>
      </rtept>
      <rtept lat="45.83225" lon="6.23412">
        <ele>745.4</ele>
      </rtept>
      <rtept lat="45.83225" lon="6.23415">
        <ele>745.6</ele>
      </rtept>
      <rtept lat="45.83223" lon="6.23418">
        <ele>746.2</ele>
      </rtept>
      <rtept lat="45.83222" lon="6.23421">
        <ele>746</ele>
      </rtept>
      <rtept lat="45.83222" lon="6.23423">
        <ele>746.2</ele>
      </rtept>
      <rtept lat="45.83221" lon="6.23426">
        <ele>747</ele>
      </rtept>
      <rtept lat="45.83221" lon="6.23429">
        <ele>747.6</ele>
      </rtept>
      <rtept lat="45.8322" lon="6.23431">
        <ele>747.8</ele>
      </rtept>
      <rtept lat="45.83219" lon="6.23434">
        <ele>747.8</ele>
      </rtept>
      <rtept lat="45.83218" lon="6.23437">
        <ele>747.4</ele>
      </rtept>
      <rtept lat="45.83217" lon="6.23439">
        <ele>747.8</ele>
      </rtept>
      <rtept lat="45.83216" lon="6.23442">
        <ele>748.2</ele>
      </rtept>
      <rtept lat="45.83216" lon="6.23445">
        <ele>748.6</ele>
      </rtept>
      <rtept lat="45.83215" lon="6.23447">
        <ele>748.8</ele>
      </rtept>
      <rtept lat="45.83213" lon="6.23451">
        <ele>749.4</ele>
      </rtept>
      <rtept lat="45.83212" lon="6.23453">
        <ele>749.6</ele>
      </rtept>
      <rtept lat="45.83212" lon="6.23456">
        <ele>750</ele>
      </rtept>
      <rtept lat="45.83211" lon="6.23458">
        <ele>750.6</ele>
      </rtept>
      <rtept lat="45.8321" lon="6.2346">
        <ele>750.8</ele>
      </rtept>
      <rtept lat="45.83209" lon="6.23463">
        <ele>751.2</ele>
      </rtept>
      <rtept lat="45.83208" lon="6.23465">
        <ele>752</ele>
      </rtept>
      <rtept lat="45.83207" lon="6.23468">
        <ele>752.2</ele>
      </rtept>
      <rtept lat="45.83206" lon="6.23469">
        <ele>752.4</ele>
      </rtept>
      <rtept lat="45.83204" lon="6.23471">
        <ele>753</ele>
      </rtept>
      <rtept lat="45.83203" lon="6.23473">
        <ele>753.4</ele>
      </rtept>
      <rtept lat="45.83201" lon="6.23475">
        <ele>754</ele>
      </rtept>
      <rtept lat="45.832" lon="6.23477">
        <ele>754.2</ele>
      </rtept>
      <rtept lat="45.83198" lon="6.23479">
        <ele>754.8</ele>
      </rtept>
      <rtept lat="45.83197" lon="6.23482">
        <ele>755.2</ele>
      </rtept>
      <rtept lat="45.83195" lon="6.23483">
        <ele>755.6</ele>
      </rtept>
      <rtept lat="45.83194" lon="6.23485">
        <ele>756.2</ele>
      </rtept>
      <rtept lat="45.83191" lon="6.23486">
        <ele>756.6</ele>
      </rtept>
      <rtept lat="45.8319" lon="6.23487">
        <ele>757</ele>
      </rtept>
      <rtept lat="45.83187" lon="6.23487">
        <ele>757.6</ele>
      </rtept>
      <rtept lat="45.83185" lon="6.23488">
        <ele>758</ele>
      </rtept>
      <rtept lat="45.83183" lon="6.23488">
        <ele>758.2</ele>
      </rtept>
      <rtept lat="45.83181" lon="6.23488">
        <ele>758.4</ele>
      </rtept>
      <rtept lat="45.83179" lon="6.23489">
        <ele>758.8</ele>
      </rtept>
      <rtept lat="45.83177" lon="6.2349">
        <ele>758.8</ele>
      </rtept>
      <rtept lat="45.83175" lon="6.23491">
        <ele>759.2</ele>
      </rtept>
      <rtept lat="45.83173" lon="6.23492">
        <ele>759.6</ele>
      </rtept>
      <rtept lat="45.83172" lon="6.23494">
        <ele>759.8</ele>
      </rtept>
      <rtept lat="45.8317" lon="6.23495">
        <ele>760</ele>
      </rtept>
      <rtept lat="45.83168" lon="6.23497">
        <ele>760.6</ele>
      </rtept>
      <rtept lat="45.83167" lon="6.23499">
        <ele>760.8</ele>
      </rtept>
      <rtept lat="45.83165" lon="6.23501">
        <ele>761</ele>
      </rtept>
      <rtept lat="45.83163" lon="6.23503">
        <ele>761.2</ele>
      </rtept>
      <rtept lat="45.83162" lon="6.23505">
        <ele>761.2</ele>
      </rtept>
      <rtept lat="45.8316" lon="6.23507">
        <ele>761.4</ele>
      </rtept>
      <rtept lat="45.83159" lon="6.23509">
        <ele>762</ele>
      </rtept>
      <rtept lat="45.83157" lon="6.23511">
        <ele>762.2</ele>
      </rtept>
      <rtept lat="45.83154" lon="6.23514">
        <ele>762.6</ele>
      </rtept>
      <rtept lat="45.83153" lon="6.23515">
        <ele>762.8</ele>
      </rtept>
      <rtept lat="45.83152" lon="6.23517">
        <ele>762.6</ele>
      </rtept>
      <rtept lat="45.83151" lon="6.2352">
        <ele>762.6</ele>
      </rtept>
      <rtept lat="45.8315" lon="6.23523">
        <ele>763</ele>
      </rtept>
      <rtept lat="45.8315" lon="6.23526">
        <ele>763</ele>
      </rtept>
      <rtept lat="45.83149" lon="6.23529">
        <ele>763.2</ele>
      </rtept>
      <rtept lat="45.83149" lon="6.23532">
        <ele>763.6</ele>
      </rtept>
      <rtept lat="45.83147" lon="6.23536">
        <ele>763.8</ele>
      </rtept>
      <rtept lat="45.83147" lon="6.23538">
        <ele>763.8</ele>
      </rtept>
      <rtept lat="45.83147" lon="6.23541">
        <ele>764.2</ele>
      </rtept>
      <rtept lat="45.83146" lon="6.23544">
        <ele>764.4</ele>
      </rtept>
      <rtept lat="45.83146" lon="6.23548">
        <ele>764.8</ele>
      </rtept>
      <rtept lat="45.83145" lon="6.2355">
        <ele>765.2</ele>
      </rtept>
      <rtept lat="45.83145" lon="6.23553">
        <ele>765.4</ele>
      </rtept>
      <rtept lat="45.83144" lon="6.23558">
        <ele>765.8</ele>
      </rtept>
      <rtept lat="45.83144" lon="6.2356">
        <ele>766</ele>
      </rtept>
      <rtept lat="45.83143" lon="6.23562">
        <ele>766.2</ele>
      </rtept>
      <rtept lat="45.83141" lon="6.23565">
        <ele>766.6</ele>
      </rtept>
      <rtept lat="45.83139" lon="6.23567">
        <ele>766.8</ele>
      </rtept>
      <rtept lat="45.83138" lon="6.23569">
        <ele>767.2</ele>
      </rtept>
      <rtept lat="45.83136" lon="6.23571">
        <ele>767.4</ele>
      </rtept>
      <rtept lat="45.83134" lon="6.23572">
        <ele>767.8</ele>
      </rtept>
      <rtept lat="45.83131" lon="6.23573">
        <ele>768.2</ele>
      </rtept>
      <rtept lat="45.83129" lon="6.23573">
        <ele>768.6</ele>
      </rtept>
      <rtept lat="45.83126" lon="6.23573">
        <ele>768.8</ele>
      </rtept>
      <rtept lat="45.83124" lon="6.23573">
        <ele>769</ele>
      </rtept>
      <rtept lat="45.83121" lon="6.23572">
        <ele>769.6</ele>
      </rtept>
      <rtept lat="45.83119" lon="6.23571">
        <ele>769.6</ele>
      </rtept>
      <rtept lat="45.83117" lon="6.2357">
        <ele>769.8</ele>
      </rtept>
      <rtept lat="45.83114" lon="6.2357">
        <ele>769.8</ele>
      </rtept>
      <rtept lat="45.83112" lon="6.23571">
        <ele>770</ele>
      </rtept>
      <rtept lat="45.83109" lon="6.23571">
        <ele>770.4</ele>
      </rtept>
      <rtept lat="45.83107" lon="6.23572">
        <ele>770.6</ele>
      </rtept>
      <rtept lat="45.83106" lon="6.23573">
        <ele>770.6</ele>
      </rtept>
      <rtept lat="45.83104" lon="6.23576">
        <ele>771</ele>
      </rtept>
      <rtept lat="45.83103" lon="6.23577">
        <ele>771.4</ele>
      </rtept>
      <rtept lat="45.83099" lon="6.2358">
        <ele>771.6</ele>
      </rtept>
      <rtept lat="45.83098" lon="6.23581">
        <ele>771.6</ele>
      </rtept>
      <rtept lat="45.83096" lon="6.23583">
        <ele>771.8</ele>
      </rtept>
      <rtept lat="45.83094" lon="6.23585">
        <ele>772</ele>
      </rtept>
      <rtept lat="45.83093" lon="6.23587">
        <ele>772.2</ele>
      </rtept>
      <rtept lat="45.83091" lon="6.23588">
        <ele>772.2</ele>
      </rtept>
      <rtept lat="45.83089" lon="6.2359">
        <ele>772.8</ele>
      </rtept>
      <rtept lat="45.83086" lon="6.23592">
        <ele>773.2</ele>
      </rtept>
      <rtept lat="45.83084" lon="6.23594">
        <ele>773</ele>
      </rtept>
      <rtept lat="45.83082" lon="6.23596">
        <ele>773.4</ele>
      </rtept>
      <rtept lat="45.8308" lon="6.23597">
        <ele>773.6</ele>
      </rtept>
      <rtept lat="45.83078" lon="6.23598">
        <ele>773.8</ele>
      </rtept>
      <rtept lat="45.83076" lon="6.23599">
        <ele>774</ele>
      </rtept>
      <rtept lat="45.83073" lon="6.23601">
        <ele>774.2</ele>
      </rtept>
      <rtept lat="45.83071" lon="6.23602">
        <ele>774.4</ele>
      </rtept>
      <rtept lat="45.83069" lon="6.23603">
        <ele>774.8</ele>
      </rtept>
      <rtept lat="45.83067" lon="6.23605">
        <ele>775</ele>
      </rtept>
      <rtept lat="45.83064" lon="6.23606">
        <ele>775</ele>
      </rtept>
      <rtept lat="45.83062" lon="6.23606">
        <ele>775.2</ele>
      </rtept>
      <rtept lat="45.83059" lon="6.23607">
        <ele>775.6</ele>
      </rtept>
      <rtept lat="45.83057" lon="6.23608">
        <ele>775.8</ele>
      </rtept>
      <rtept lat="45.83055" lon="6.23608">
        <ele>776.2</ele>
      </rtept>
      <rtept lat="45.83052" lon="6.23608">
        <ele>776.6</ele>
      </rtept>
      <rtept lat="45.8305" lon="6.23608">
        <ele>776.6</ele>
      </rtept>
      <rtept lat="45.83047" lon="6.23608">
        <ele>777.2</ele>
      </rtept>
      <rtept lat="45.83045" lon="6.23608">
        <ele>777.2</ele>
      </rtept>
      <rtept lat="45.83043" lon="6.23609">
        <ele>777.6</ele>
      </rtept>
      <rtept lat="45.8304" lon="6.23609">
        <ele>777.6</ele>
      </rtept>
      <rtept lat="45.83038" lon="6.23609">
        <ele>777.6</ele>
      </rtept>
      <rtept lat="45.83036" lon="6.23611">
        <ele>778</ele>
      </rtept>
      <rtept lat="45.83034" lon="6.23612">
        <ele>778</ele>
      </rtept>
      <rtept lat="45.83031" lon="6.23612">
        <ele>778.4</ele>
      </rtept>
      <rtept lat="45.83029" lon="6.23614">
        <ele>779.2</ele>
      </rtept>
      <rtept lat="45.83026" lon="6.23615">
        <ele>779.2</ele>
      </rtept>
      <rtept lat="45.83024" lon="6.23616">
        <ele>779.4</ele>
      </rtept>
      <rtept lat="45.83021" lon="6.23617">
        <ele>779.8</ele>
      </rtept>
      <rtept lat="45.8302" lon="6.23619">
        <ele>779.8</ele>
      </rtept>
      <rtept lat="45.83018" lon="6.23622">
        <ele>780.4</ele>
      </rtept>
      <rtept lat="45.83017" lon="6.23624">
        <ele>780.6</ele>
      </rtept>
      <rtept lat="45.83016" lon="6.23626">
        <ele>781.2</ele>
      </rtept>
      <rtept lat="45.83014" lon="6.23628">
        <ele>781.4</ele>
      </rtept>
      <rtept lat="45.83013" lon="6.23631">
        <ele>781.8</ele>
      </rtept>
      <rtept lat="45.83011" lon="6.23633">
        <ele>782</ele>
      </rtept>
      <rtept lat="45.83011" lon="6.23637">
        <ele>782.6</ele>
      </rtept>
      <rtept lat="45.83012" lon="6.23639">
        <ele>783</ele>
      </rtept>
      <rtept lat="45.83013" lon="6.23642">
        <ele>783.8</ele>
      </rtept>
      <rtept lat="45.83014" lon="6.23644">
        <ele>784</ele>
      </rtept>
      <rtept lat="45.83015" lon="6.23648">
        <ele>784.4</ele>
      </rtept>
      <rtept lat="45.83016" lon="6.23651">
        <ele>785.2</ele>
      </rtept>
      <rtept lat="45.83017" lon="6.23653">
        <ele>785.6</ele>
      </rtept>
      <rtept lat="45.83017" lon="6.23656">
        <ele>785.8</ele>
      </rtept>
      <rtept lat="45.83018" lon="6.23658">
        <ele>786.2</ele>
      </rtept>
      <rtept lat="45.8302" lon="6.23662">
        <ele>786.8</ele>
      </rtept>
      <rtept lat="45.83021" lon="6.23664">
        <ele>787.4</ele>
      </rtept>
      <rtept lat="45.83022" lon="6.23667">
        <ele>787.4</ele>
      </rtept>
      <rtept lat="45.83023" lon="6.2367">
        <ele>788.2</ele>
      </rtept>
      <rtept lat="45.83024" lon="6.23672">
        <ele>788.2</ele>
      </rtept>
      <rtept lat="45.83025" lon="6.23675">
        <ele>788.8</ele>
      </rtept>
      <rtept lat="45.83025" lon="6.23678">
        <ele>789</ele>
      </rtept>
      <rtept lat="45.83026" lon="6.23681">
        <ele>789.2</ele>
      </rtept>
      <rtept lat="45.83027" lon="6.23684">
        <ele>789.6</ele>
      </rtept>
      <rtept lat="45.83027" lon="6.23687">
        <ele>789.8</ele>
      </rtept>
      <rtept lat="45.83028" lon="6.2369">
        <ele>790.2</ele>
      </rtept>
      <rtept lat="45.83029" lon="6.23693">
        <ele>790.4</ele>
      </rtept>
      <rtept lat="45.83029" lon="6.23695">
        <ele>790.6</ele>
      </rtept>
      <rtept lat="45.8303" lon="6.23698">
        <ele>790.8</ele>
      </rtept>
      <rtept lat="45.83031" lon="6.23702">
        <ele>791.6</ele>
      </rtept>
      <rtept lat="45.83032" lon="6.23704">
        <ele>791.8</ele>
      </rtept>
      <rtept lat="45.83033" lon="6.23707">
        <ele>792.4</ele>
      </rtept>
      <rtept lat="45.83033" lon="6.23709">
        <ele>792.8</ele>
      </rtept>
      <rtept lat="45.83034" lon="6.23712">
        <ele>793</ele>
      </rtept>
      <rtept lat="45.83034" lon="6.23716">
        <ele>793.2</ele>
      </rtept>
      <rtept lat="45.83034" lon="6.23719">
        <ele>793.8</ele>
      </rtept>
      <rtept lat="45.83035" lon="6.23723">
        <ele>794.2</ele>
      </rtept>
      <rtept lat="45.83035" lon="6.23726">
        <ele>794.6</ele>
      </rtept>
      <rtept lat="45.83036" lon="6.23728">
        <ele>795.2</ele>
      </rtept>
      <rtept lat="45.83037" lon="6.23731">
        <ele>795.4</ele>
      </rtept>
      <rtept lat="45.83037" lon="6.23734">
        <ele>795.6</ele>
      </rtept>
      <rtept lat="45.83037" lon="6.23738">
        <ele>796.2</ele>
      </rtept>
      <rtept lat="45.83037" lon="6.23741">
        <ele>796.6</ele>
      </rtept>
      <rtept lat="45.83037" lon="6.23743">
        <ele>797</ele>
      </rtept>
      <rtept lat="45.83037" lon="6.23746">
        <ele>797.2</ele>
      </rtept>
      <rtept lat="45.83036" lon="6.23749">
        <ele>797.6</ele>
      </rtept>
      <rtept lat="45.83036" lon="6.23752">
        <ele>798</ele>
      </rtept>
      <rtept lat="45.83035" lon="6.23755">
        <ele>798.6</ele>
      </rtept>
      <rtept lat="45.83033" lon="6.23757">
        <ele>799.2</ele>
      </rtept>
      <rtept lat="45.83031" lon="6.23759">
        <ele>799.6</ele>
      </rtept>
      <rtept lat="45.8303" lon="6.23762">
        <ele>800.4</ele>
      </rtept>
      <rtept lat="45.83028" lon="6.23764">
        <ele>800.8</ele>
      </rtept>
      <rtept lat="45.83027" lon="6.23766">
        <ele>801.6</ele>
      </rtept>
      <rtept lat="45.83025" lon="6.23768">
        <ele>801.8</ele>
      </rtept>
      <rtept lat="45.83024" lon="6.23769">
        <ele>802</ele>
      </rtept>
      <rtept lat="45.83022" lon="6.23771">
        <ele>802.8</ele>
      </rtept>
      <rtept lat="45.83021" lon="6.23773">
        <ele>803.2</ele>
      </rtept>
      <rtept lat="45.83019" lon="6.23776">
        <ele>803.8</ele>
      </rtept>
      <rtept lat="45.83017" lon="6.23778">
        <ele>804.6</ele>
      </rtept>
      <rtept lat="45.83016" lon="6.2378">
        <ele>804.6</ele>
      </rtept>
      <rtept lat="45.83014" lon="6.23783">
        <ele>805.6</ele>
      </rtept>
      <rtept lat="45.83013" lon="6.23785">
        <ele>806.2</ele>
      </rtept>
      <rtept lat="45.83012" lon="6.23787">
        <ele>806.6</ele>
      </rtept>
      <rtept lat="45.8301" lon="6.2379">
        <ele>807.2</ele>
      </rtept>
      <rtept lat="45.83008" lon="6.23793">
        <ele>808</ele>
      </rtept>
      <rtept lat="45.83007" lon="6.23795">
        <ele>808.2</ele>
      </rtept>
      <rtept lat="45.83006" lon="6.23797">
        <ele>809</ele>
      </rtept>
      <rtept lat="45.83004" lon="6.238">
        <ele>809.6</ele>
      </rtept>
      <rtept lat="45.83003" lon="6.23803">
        <ele>810.2</ele>
      </rtept>
      <rtept lat="45.83001" lon="6.23806">
        <ele>810.6</ele>
      </rtept>
      <rtept lat="45.83001" lon="6.23809">
        <ele>810.8</ele>
      </rtept>
      <rtept lat="45.82999" lon="6.23812">
        <ele>810.6</ele>
      </rtept>
      <rtept lat="45.82999" lon="6.23815">
        <ele>810.6</ele>
      </rtept>
      <rtept lat="45.82997" lon="6.23817">
        <ele>811.4</ele>
      </rtept>
      <rtept lat="45.82996" lon="6.23819">
        <ele>811.6</ele>
      </rtept>
      <rtept lat="45.82995" lon="6.23821">
        <ele>812</ele>
      </rtept>
      <rtept lat="45.82994" lon="6.23824">
        <ele>812.6</ele>
      </rtept>
      <rtept lat="45.82994" lon="6.23826">
        <ele>813.2</ele>
      </rtept>
      <rtept lat="45.82993" lon="6.23829">
        <ele>813.4</ele>
      </rtept>
      <rtept lat="45.82993" lon="6.23832">
        <ele>813.4</ele>
      </rtept>
      <rtept lat="45.82993" lon="6.23835">
        <ele>814</ele>
      </rtept>
      <rtept lat="45.82993" lon="6.23838">
        <ele>814</ele>
      </rtept>
      <rtept lat="45.82994" lon="6.23841">
        <ele>814.6</ele>
      </rtept>
      <rtept lat="45.82995" lon="6.23844">
        <ele>814.6</ele>
      </rtept>
      <rtept lat="45.82995" lon="6.23848">
        <ele>814.6</ele>
      </rtept>
      <rtept lat="45.82995" lon="6.23851">
        <ele>815</ele>
      </rtept>
      <rtept lat="45.82996" lon="6.23855">
        <ele>814.8</ele>
      </rtept>
      <rtept lat="45.82996" lon="6.23858">
        <ele>814.6</ele>
      </rtept>
      <rtept lat="45.82997" lon="6.23861">
        <ele>814.8</ele>
      </rtept>
      <rtept lat="45.82997" lon="6.23865">
        <ele>814.8</ele>
      </rtept>
      <rtept lat="45.82998" lon="6.23867">
        <ele>815.4</ele>
      </rtept>
      <rtept lat="45.82998" lon="6.23871">
        <ele>815.6</ele>
      </rtept>
      <rtept lat="45.82999" lon="6.23873">
        <ele>815.8</ele>
      </rtept>
      <rtept lat="45.83" lon="6.23876">
        <ele>815.8</ele>
      </rtept>
      <rtept lat="45.83" lon="6.23879">
        <ele>815.8</ele>
      </rtept>
      <rtept lat="45.83001" lon="6.23882">
        <ele>816.2</ele>
      </rtept>
      <rtept lat="45.83003" lon="6.23885">
        <ele>816.2</ele>
      </rtept>
      <rtept lat="45.83004" lon="6.23888">
        <ele>816.6</ele>
      </rtept>
      <rtept lat="45.83005" lon="6.2389">
        <ele>817</ele>
      </rtept>
      <rtept lat="45.83007" lon="6.23893">
        <ele>817.2</ele>
      </rtept>
      <rtept lat="45.83009" lon="6.23895">
        <ele>817.4</ele>
      </rtept>
      <rtept lat="45.8301" lon="6.23898">
        <ele>817.6</ele>
      </rtept>
      <rtept lat="45.83012" lon="6.239">
        <ele>817.8</ele>
      </rtept>
      <rtept lat="45.83013" lon="6.23903">
        <ele>817.8</ele>
      </rtept>
      <rtept lat="45.83014" lon="6.23905">
        <ele>818</ele>
      </rtept>
      <rtept lat="45.83016" lon="6.23908">
        <ele>818.6</ele>
      </rtept>
      <rtept lat="45.83017" lon="6.23911">
        <ele>818.4</ele>
      </rtept>
      <rtept lat="45.83018" lon="6.23914">
        <ele>818.4</ele>
      </rtept>
      <rtept lat="45.83019" lon="6.23917">
        <ele>818.6</ele>
      </rtept>
      <rtept lat="45.83021" lon="6.23919">
        <ele>818.8</ele>
      </rtept>
      <rtept lat="45.83022" lon="6.23922">
        <ele>819.2</ele>
      </rtept>
      <rtept lat="45.83023" lon="6.23925">
        <ele>819.4</ele>
      </rtept>
      <rtept lat="45.83025" lon="6.23928">
        <ele>819.4</ele>
      </rtept>
      <rtept lat="45.83026" lon="6.23931">
        <ele>819.8</ele>
      </rtept>
      <rtept lat="45.83028" lon="6.23934">
        <ele>819.8</ele>
      </rtept>
      <rtept lat="45.83029" lon="6.23937">
        <ele>820</ele>
      </rtept>
      <rtept lat="45.8303" lon="6.23939">
        <ele>820.4</ele>
      </rtept>
      <rtept lat="45.83031" lon="6.23942">
        <ele>820.6</ele>
      </rtept>
      <rtept lat="45.83033" lon="6.23944">
        <ele>820.8</ele>
      </rtept>
      <rtept lat="45.83035" lon="6.23947">
        <ele>821</ele>
      </rtept>
      <rtept lat="45.83037" lon="6.23949">
        <ele>821.4</ele>
      </rtept>
      <rtept lat="45.83038" lon="6.23952">
        <ele>821.4</ele>
      </rtept>
      <rtept lat="45.8304" lon="6.23955">
        <ele>821.6</ele>
      </rtept>
      <rtept lat="45.83041" lon="6.23958">
        <ele>821.4</ele>
      </rtept>
      <rtept lat="45.83043" lon="6.23961">
        <ele>821.4</ele>
      </rtept>
      <rtept lat="45.83045" lon="6.23963">
        <ele>821.4</ele>
      </rtept>
      <rtept lat="45.83048" lon="6.23968">
        <ele>821.4</ele>
      </rtept>
      <rtept lat="45.83049" lon="6.23969">
        <ele>821.2</ele>
      </rtept>
      <rtept lat="45.83051" lon="6.23971">
        <ele>821</ele>
      </rtept>
      <rtept lat="45.83052" lon="6.23976">
        <ele>821.2</ele>
      </rtept>
      <rtept lat="45.83053" lon="6.23978">
        <ele>821.2</ele>
      </rtept>
      <rtept lat="45.83054" lon="6.23981">
        <ele>821.2</ele>
      </rtept>
      <rtept lat="45.83056" lon="6.23986">
        <ele>821.2</ele>
      </rtept>
      <rtept lat="45.83057" lon="6.23988">
        <ele>821.4</ele>
      </rtept>
      <rtept lat="45.83058" lon="6.23991">
        <ele>821.2</ele>
      </rtept>
      <rtept lat="45.83059" lon="6.23994">
        <ele>821.6</ele>
      </rtept>
      <rtept lat="45.8306" lon="6.23998">
        <ele>821.6</ele>
      </rtept>
      <rtept lat="45.83062" lon="6.24001">
        <ele>821.8</ele>
      </rtept>
      <rtept lat="45.83063" lon="6.24004">
        <ele>822</ele>
      </rtept>
      <rtept lat="45.83064" lon="6.24007">
        <ele>822</ele>
      </rtept>
      <rtept lat="45.83065" lon="6.24011">
        <ele>822.4</ele>
      </rtept>
      <rtept lat="45.83066" lon="6.24013">
        <ele>822.4</ele>
      </rtept>
      <rtept lat="45.83067" lon="6.24017">
        <ele>822.6</ele>
      </rtept>
      <rtept lat="45.83068" lon="6.2402">
        <ele>823</ele>
      </rtept>
      <rtept lat="45.83069" lon="6.24023">
        <ele>823</ele>
      </rtept>
      <rtept lat="45.8307" lon="6.24026">
        <ele>823.2</ele>
      </rtept>
      <rtept lat="45.83072" lon="6.24029">
        <ele>823.4</ele>
      </rtept>
      <rtept lat="45.83073" lon="6.24032">
        <ele>823.4</ele>
      </rtept>
      <rtept lat="45.83074" lon="6.24036">
        <ele>823.6</ele>
      </rtept>
      <rtept lat="45.83075" lon="6.24039">
        <ele>823.8</ele>
      </rtept>
      <rtept lat="45.83076" lon="6.24044">
        <ele>823.8</ele>
      </rtept>
      <rtept lat="45.83077" lon="6.24046">
        <ele>824</ele>
      </rtept>
      <rtept lat="45.83078" lon="6.24049">
        <ele>824.4</ele>
      </rtept>
      <rtept lat="45.83078" lon="6.24053">
        <ele>824.4</ele>
      </rtept>
      <rtept lat="45.83078" lon="6.24057">
        <ele>824.8</ele>
      </rtept>
      <rtept lat="45.83078" lon="6.2406">
        <ele>825</ele>
      </rtept>
      <rtept lat="45.83078" lon="6.24064">
        <ele>824.8</ele>
      </rtept>
      <rtept lat="45.83078" lon="6.2407">
        <ele>825</ele>
      </rtept>
      <rtept lat="45.83078" lon="6.24072">
        <ele>825</ele>
      </rtept>
      <rtept lat="45.83078" lon="6.24075">
        <ele>824.6</ele>
      </rtept>
      <rtept lat="45.83078" lon="6.24079">
        <ele>824.8</ele>
      </rtept>
      <rtept lat="45.83078" lon="6.24085">
        <ele>824.6</ele>
      </rtept>
      <rtept lat="45.83078" lon="6.24087">
        <ele>824.6</ele>
      </rtept>
      <rtept lat="45.83078" lon="6.24091">
        <ele>824.8</ele>
      </rtept>
      <rtept lat="45.83077" lon="6.24096">
        <ele>824.8</ele>
      </rtept>
      <rtept lat="45.83076" lon="6.24098">
        <ele>825</ele>
      </rtept>
      <rtept lat="45.83075" lon="6.24102">
        <ele>825</ele>
      </rtept>
      <rtept lat="45.83075" lon="6.24106">
        <ele>825</ele>
      </rtept>
      <rtept lat="45.83074" lon="6.2411">
        <ele>825</ele>
      </rtept>
      <rtept lat="45.83073" lon="6.24113">
        <ele>824.8</ele>
      </rtept>
      <rtept lat="45.83073" lon="6.24117">
        <ele>824.8</ele>
      </rtept>
      <rtept lat="45.83072" lon="6.2412">
        <ele>824.8</ele>
      </rtept>
      <rtept lat="45.83071" lon="6.24124">
        <ele>825</ele>
      </rtept>
      <rtept lat="45.83069" lon="6.24129">
        <ele>824.8</ele>
      </rtept>
      <rtept lat="45.83068" lon="6.24131">
        <ele>824.8</ele>
      </rtept>
      <rtept lat="45.83067" lon="6.24134">
        <ele>824.8</ele>
      </rtept>
      <rtept lat="45.83066" lon="6.2414">
        <ele>824.6</ele>
      </rtept>
      <rtept lat="45.83066" lon="6.24143">
        <ele>824.4</ele>
      </rtept>
      <rtept lat="45.83065" lon="6.24147">
        <ele>824.4</ele>
      </rtept>
      <rtept lat="45.83064" lon="6.24152">
        <ele>824.6</ele>
      </rtept>
      <rtept lat="45.83063" lon="6.24154">
        <ele>824.2</ele>
      </rtept>
      <rtept lat="45.83062" lon="6.24157">
        <ele>824.6</ele>
      </rtept>
      <rtept lat="45.83062" lon="6.24163">
        <ele>824.6</ele>
      </rtept>
      <rtept lat="45.83062" lon="6.24164">
        <ele>824.6</ele>
      </rtept>
      <rtept lat="45.83061" lon="6.24168">
        <ele>824.6</ele>
      </rtept>
      <rtept lat="45.83061" lon="6.24172">
        <ele>824.8</ele>
      </rtept>
      <rtept lat="45.83061" lon="6.24177">
        <ele>824.6</ele>
      </rtept>
      <rtept lat="45.83061" lon="6.24179">
        <ele>824.6</ele>
      </rtept>
      <rtept lat="45.8306" lon="6.24183">
        <ele>824.6</ele>
      </rtept>
      <rtept lat="45.83059" lon="6.24187">
        <ele>824.8</ele>
      </rtept>
      <rtept lat="45.83058" lon="6.24192">
        <ele>825</ele>
      </rtept>
      <rtept lat="45.83058" lon="6.24194">
        <ele>825</ele>
      </rtept>
      <rtept lat="45.83057" lon="6.24198">
        <ele>824.8</ele>
      </rtept>
      <rtept lat="45.83057" lon="6.24201">
        <ele>825</ele>
      </rtept>
      <rtept lat="45.83056" lon="6.24205">
        <ele>825.2</ele>
      </rtept>
      <rtept lat="45.83055" lon="6.24208">
        <ele>825.6</ele>
      </rtept>
      <rtept lat="45.83053" lon="6.24211">
        <ele>825.6</ele>
      </rtept>
      <rtept lat="45.83054" lon="6.24215">
        <ele>826.2</ele>
      </rtept>
      <rtept lat="45.83056" lon="6.24219">
        <ele>826.6</ele>
      </rtept>
      <rtept lat="45.83057" lon="6.24223">
        <ele>826.8</ele>
      </rtept>
      <rtept lat="45.83058" lon="6.24226">
        <ele>827.2</ele>
      </rtept>
      <rtept lat="45.83058" lon="6.24229">
        <ele>827.2</ele>
      </rtept>
      <rtept lat="45.83059" lon="6.24235">
        <ele>828</ele>
      </rtept>
      <rtept lat="45.83059" lon="6.24237">
        <ele>828.2</ele>
      </rtept>
      <rtept lat="45.83058" lon="6.2424">
        <ele>828.4</ele>
      </rtept>
      <rtept lat="45.83057" lon="6.24244">
        <ele>829</ele>
      </rtept>
      <rtept lat="45.83058" lon="6.24245">
        <ele>829.2</ele>
      </rtept>
      <rtept lat="45.83058" lon="6.24248">
        <ele>829.6</ele>
      </rtept>
      <rtept lat="45.83059" lon="6.24254">
        <ele>830</ele>
      </rtept>
      <rtept lat="45.83059" lon="6.24256">
        <ele>830</ele>
      </rtept>
      <rtept lat="45.83059" lon="6.2426">
        <ele>830.8</ele>
      </rtept>
      <rtept lat="45.83059" lon="6.24266">
        <ele>830.8</ele>
      </rtept>
      <rtept lat="45.8306" lon="6.24268">
        <ele>830.8</ele>
      </rtept>
      <rtept lat="45.83059" lon="6.24272">
        <ele>831</ele>
      </rtept>
      <rtept lat="45.8306" lon="6.24276">
        <ele>831.2</ele>
      </rtept>
      <rtept lat="45.83061" lon="6.2428">
        <ele>831.2</ele>
      </rtept>
      <rtept lat="45.8306" lon="6.24283">
        <ele>831.6</ele>
      </rtept>
      <rtept lat="45.83061" lon="6.24289">
        <ele>831.8</ele>
      </rtept>
      <rtept lat="45.83062" lon="6.2429">
        <ele>832</ele>
      </rtept>
      <rtept lat="45.83062" lon="6.24293">
        <ele>832</ele>
      </rtept>
      <rtept lat="45.83062" lon="6.24299">
        <ele>833</ele>
      </rtept>
      <rtept lat="45.83062" lon="6.24301">
        <ele>833</ele>
      </rtept>
      <rtept lat="45.83061" lon="6.24304">
        <ele>833.4</ele>
      </rtept>
      <rtept lat="45.83059" lon="6.24308">
        <ele>833.4</ele>
      </rtept>
      <rtept lat="45.83059" lon="6.2431">
        <ele>833.6</ele>
      </rtept>
      <rtept lat="45.83058" lon="6.24314">
        <ele>833.8</ele>
      </rtept>
      <rtept lat="45.83058" lon="6.24319">
        <ele>834</ele>
      </rtept>
      <rtept lat="45.83058" lon="6.2432">
        <ele>834</ele>
      </rtept>
      <rtept lat="45.83057" lon="6.24324">
        <ele>834.2</ele>
      </rtept>
      <rtept lat="45.83056" lon="6.24327">
        <ele>834.4</ele>
      </rtept>
      <rtept lat="45.83057" lon="6.24329">
        <ele>834.6</ele>
      </rtept>
      <rtept lat="45.83057" lon="6.24333">
        <ele>835.2</ele>
      </rtept>
      <rtept lat="45.83057" lon="6.24338">
        <ele>835.6</ele>
      </rtept>
      <rtept lat="45.83057" lon="6.2434">
        <ele>835.6</ele>
      </rtept>
      <rtept lat="45.83058" lon="6.24345">
        <ele>835.8</ele>
      </rtept>
      <rtept lat="45.8306" lon="6.2435">
        <ele>835.8</ele>
      </rtept>
      <rtept lat="45.8306" lon="6.24352">
        <ele>836</ele>
      </rtept>
      <rtept lat="45.83061" lon="6.24355">
        <ele>836.2</ele>
      </rtept>
      <rtept lat="45.83062" lon="6.24358">
        <ele>836.4</ele>
      </rtept>
      <rtept lat="45.83064" lon="6.2436">
        <ele>836.8</ele>
      </rtept>
      <rtept lat="45.83066" lon="6.24362">
        <ele>836.2</ele>
      </rtept>
      <rtept lat="45.8307" lon="6.24366">
        <ele>836.2</ele>
      </rtept>
      <rtept lat="45.83072" lon="6.24368">
        <ele>835.8</ele>
      </rtept>
      <rtept lat="45.83073" lon="6.24369">
        <ele>835.8</ele>
      </rtept>
      <rtept lat="45.83076" lon="6.24372">
        <ele>835.8</ele>
      </rtept>
      <rtept lat="45.83077" lon="6.24373">
        <ele>835.8</ele>
      </rtept>
      <rtept lat="45.83079" lon="6.24376">
        <ele>835.8</ele>
      </rtept>
      <rtept lat="45.83082" lon="6.24379">
        <ele>836</ele>
      </rtept>
      <rtept lat="45.83083" lon="6.24379">
        <ele>836</ele>
      </rtept>
      <rtept lat="45.83086" lon="6.2438">
        <ele>836.4</ele>
      </rtept>
      <rtept lat="45.83089" lon="6.24381">
        <ele>836.6</ele>
      </rtept>
      <rtept lat="45.8309" lon="6.24382">
        <ele>836.8</ele>
      </rtept>
      <rtept lat="45.83093" lon="6.24384">
        <ele>836.8</ele>
      </rtept>
      <rtept lat="45.83096" lon="6.24387">
        <ele>837</ele>
      </rtept>
      <rtept lat="45.83096" lon="6.24388">
        <ele>837.2</ele>
      </rtept>
      <rtept lat="45.83098" lon="6.2439">
        <ele>837.4</ele>
      </rtept>
      <rtept lat="45.831" lon="6.24394">
        <ele>837.8</ele>
      </rtept>
      <rtept lat="45.83101" lon="6.24395">
        <ele>837.8</ele>
      </rtept>
      <rtept lat="45.83103" lon="6.24398">
        <ele>838.2</ele>
      </rtept>
      <rtept lat="45.83103" lon="6.24401">
        <ele>838.8</ele>
      </rtept>
      <rtept lat="45.83104" lon="6.24404">
        <ele>839</ele>
      </rtept>
      <rtept lat="45.83104" lon="6.24407">
        <ele>839.4</ele>
      </rtept>
      <rtept lat="45.83102" lon="6.24409">
        <ele>840</ele>
      </rtept>
      <rtept lat="45.83101" lon="6.24411">
        <ele>840.6</ele>
      </rtept>
      <rtept lat="45.831" lon="6.24415">
        <ele>841</ele>
      </rtept>
      <rtept lat="45.83099" lon="6.24418">
        <ele>841.4</ele>
      </rtept>
      <rtept lat="45.83099" lon="6.24421">
        <ele>841.6</ele>
      </rtept>
      <rtept lat="45.83099" lon="6.24423">
        <ele>841.8</ele>
      </rtept>
      <rtept lat="45.83098" lon="6.24426">
        <ele>842.4</ele>
      </rtept>
      <rtept lat="45.83097" lon="6.2443">
        <ele>843.8</ele>
      </rtept>
      <rtept lat="45.83095" lon="6.24434">
        <ele>844.8</ele>
      </rtept>
      <rtept lat="45.83093" lon="6.24436">
        <ele>845.2</ele>
      </rtept>
      <rtept lat="45.83092" lon="6.24437">
        <ele>845.2</ele>
      </rtept>
      <rtept lat="45.83091" lon="6.2444">
        <ele>845.8</ele>
      </rtept>
      <rtept lat="45.8309" lon="6.24442">
        <ele>846.4</ele>
      </rtept>
      <rtept lat="45.83089" lon="6.24445">
        <ele>847.2</ele>
      </rtept>
      <rtept lat="45.83088" lon="6.24448">
        <ele>847.6</ele>
      </rtept>
      <rtept lat="45.83086" lon="6.24451">
        <ele>849.2</ele>
      </rtept>
      <rtept lat="45.83085" lon="6.24453">
        <ele>849.4</ele>
      </rtept>
      <rtept lat="45.83085" lon="6.24457">
        <ele>849.8</ele>
      </rtept>
      <rtept lat="45.83084" lon="6.2446">
        <ele>850.2</ele>
      </rtept>
      <rtept lat="45.83083" lon="6.24462">
        <ele>851.2</ele>
      </rtept>
      <rtept lat="45.83081" lon="6.24465">
        <ele>851.8</ele>
      </rtept>
      <rtept lat="45.83081" lon="6.24466">
        <ele>852.2</ele>
      </rtept>
      <rtept lat="45.8308" lon="6.24469">
        <ele>852.8</ele>
      </rtept>
      <rtept lat="45.83081" lon="6.24472">
        <ele>853.6</ele>
      </rtept>
      <rtept lat="45.83081" lon="6.24476">
        <ele>854.4</ele>
      </rtept>
      <rtept lat="45.83081" lon="6.2448">
        <ele>854.6</ele>
      </rtept>
      <rtept lat="45.83082" lon="6.24484">
        <ele>855.2</ele>
      </rtept>
      <rtept lat="45.83082" lon="6.24486">
        <ele>855.2</ele>
      </rtept>
      <rtept lat="45.83082" lon="6.24488">
        <ele>855.6</ele>
      </rtept>
      <rtept lat="45.83081" lon="6.24491">
        <ele>855.8</ele>
      </rtept>
      <rtept lat="45.83079" lon="6.24493">
        <ele>856.2</ele>
      </rtept>
      <rtept lat="45.83079" lon="6.24496">
        <ele>856.6</ele>
      </rtept>
      <rtept lat="45.8308" lon="6.24499">
        <ele>856.8</ele>
      </rtept>
      <rtept lat="45.8308" lon="6.24501">
        <ele>856.8</ele>
      </rtept>
      <rtept lat="45.83082" lon="6.24506">
        <ele>857.4</ele>
      </rtept>
      <rtept lat="45.83082" lon="6.24507">
        <ele>857.8</ele>
      </rtept>
      <rtept lat="45.83083" lon="6.2451">
        <ele>858</ele>
      </rtept>
      <rtept lat="45.83084" lon="6.24513">
        <ele>858.4</ele>
      </rtept>
      <rtept lat="45.83085" lon="6.24517">
        <ele>859</ele>
      </rtept>
      <rtept lat="45.83087" lon="6.24521">
        <ele>859.4</ele>
      </rtept>
      <rtept lat="45.83088" lon="6.24522">
        <ele>859.4</ele>
      </rtept>
      <rtept lat="45.83089" lon="6.24524">
        <ele>859.8</ele>
      </rtept>
      <rtept lat="45.83091" lon="6.24526">
        <ele>860.2</ele>
      </rtept>
      <rtept lat="45.83092" lon="6.24528">
        <ele>860.2</ele>
      </rtept>
      <rtept lat="45.83094" lon="6.24532">
        <ele>861</ele>
      </rtept>
      <rtept lat="45.83095" lon="6.24534">
        <ele>861.2</ele>
      </rtept>
      <rtept lat="45.83097" lon="6.24536">
        <ele>861.6</ele>
      </rtept>
      <rtept lat="45.83099" lon="6.2454">
        <ele>861.6</ele>
      </rtept>
      <rtept lat="45.831" lon="6.24541">
        <ele>861.6</ele>
      </rtept>
      <rtept lat="45.831" lon="6.24543">
        <ele>862</ele>
      </rtept>
      <rtept lat="45.83102" lon="6.24548">
        <ele>862.4</ele>
      </rtept>
      <rtept lat="45.83103" lon="6.24551">
        <ele>863.2</ele>
      </rtept>
      <rtept lat="45.83103" lon="6.24552">
        <ele>863.2</ele>
      </rtept>
      <rtept lat="45.83105" lon="6.24554">
        <ele>863.4</ele>
      </rtept>
      <rtept lat="45.83105" lon="6.24558">
        <ele>863.6</ele>
      </rtept>
      <rtept lat="45.83105" lon="6.2456">
        <ele>863.8</ele>
      </rtept>
      <rtept lat="45.83105" lon="6.24563">
        <ele>864</ele>
      </rtept>
      <rtept lat="45.83106" lon="6.24568">
        <ele>865</ele>
      </rtept>
      <rtept lat="45.83106" lon="6.24569">
        <ele>865</ele>
      </rtept>
      <rtept lat="45.83107" lon="6.24571">
        <ele>865.4</ele>
      </rtept>
      <rtept lat="45.83108" lon="6.24576">
        <ele>866.2</ele>
      </rtept>
      <rtept lat="45.83108" lon="6.24577">
        <ele>866.4</ele>
      </rtept>
      <rtept lat="45.83109" lon="6.2458">
        <ele>866.6</ele>
      </rtept>
      <rtept lat="45.8311" lon="6.24582">
        <ele>867</ele>
      </rtept>
      <rtept lat="45.83112" lon="6.24585">
        <ele>867.8</ele>
      </rtept>
      <rtept lat="45.83113" lon="6.24587">
        <ele>868.6</ele>
      </rtept>
      <rtept lat="45.83114" lon="6.24591">
        <ele>869.4</ele>
      </rtept>
      <rtept lat="45.83114" lon="6.24594">
        <ele>870</ele>
      </rtept>
      <rtept lat="45.83115" lon="6.24596">
        <ele>870.4</ele>
      </rtept>
      <rtept lat="45.83116" lon="6.24596">
        <ele>871.2</ele>
      </rtept>
      <rtept lat="45.83118" lon="6.24599">
        <ele>871.6</ele>
      </rtept>
      <rtept lat="45.83117" lon="6.24601">
        <ele>872.2</ele>
      </rtept>
      <rtept lat="45.83116" lon="6.24603">
        <ele>872.8</ele>
      </rtept>
      <rtept lat="45.83114" lon="6.24605">
        <ele>873.4</ele>
      </rtept>
      <rtept lat="45.83112" lon="6.24606">
        <ele>874</ele>
      </rtept>
      <rtept lat="45.83111" lon="6.24608">
        <ele>874</ele>
      </rtept>
      <rtept lat="45.83109" lon="6.24609">
        <ele>874.2</ele>
      </rtept>
      <rtept lat="45.83106" lon="6.24611">
        <ele>874.6</ele>
      </rtept>
      <rtept lat="45.83105" lon="6.24611">
        <ele>875</ele>
      </rtept>
      <rtept lat="45.83102" lon="6.24612">
        <ele>875.4</ele>
      </rtept>
      <rtept lat="45.831" lon="6.24613">
        <ele>876.2</ele>
      </rtept>
      <rtept lat="45.83097" lon="6.24614">
        <ele>876.4</ele>
      </rtept>
      <rtept lat="45.83096" lon="6.24615">
        <ele>877.4</ele>
      </rtept>
      <rtept lat="45.83093" lon="6.24616">
        <ele>877.8</ele>
      </rtept>
      <rtept lat="45.83092" lon="6.24617">
        <ele>878.6</ele>
      </rtept>
      <rtept lat="45.83089" lon="6.24618">
        <ele>879.2</ele>
      </rtept>
      <rtept lat="45.83087" lon="6.24618">
        <ele>879.8</ele>
      </rtept>
      <rtept lat="45.83085" lon="6.2462">
        <ele>880.6</ele>
      </rtept>
      <rtept lat="45.83084" lon="6.24621">
        <ele>881.2</ele>
      </rtept>
      <rtept lat="45.83081" lon="6.24622">
        <ele>882.2</ele>
      </rtept>
      <rtept lat="45.8308" lon="6.24623">
        <ele>882.2</ele>
      </rtept>
      <rtept lat="45.83078" lon="6.24623">
        <ele>882.6</ele>
      </rtept>
      <rtept lat="45.83075" lon="6.24623">
        <ele>883.2</ele>
      </rtept>
      <rtept lat="45.83074" lon="6.24623">
        <ele>883.2</ele>
      </rtept>
      <rtept lat="45.83072" lon="6.24623">
        <ele>883.2</ele>
      </rtept>
      <rtept lat="45.83069" lon="6.24624">
        <ele>883.2</ele>
      </rtept>
      <rtept lat="45.83067" lon="6.24623">
        <ele>883.2</ele>
      </rtept>
      <rtept lat="45.83064" lon="6.24623">
        <ele>883.2</ele>
      </rtept>
      <rtept lat="45.8306" lon="6.24625">
        <ele>883.2</ele>
      </rtept>
      <rtept lat="45.83058" lon="6.24625">
        <ele>883.6</ele>
      </rtept>
      <rtept lat="45.83057" lon="6.24627">
        <ele>884.4</ele>
      </rtept>
      <rtept lat="45.83055" lon="6.24628">
        <ele>885</ele>
      </rtept>
      <rtept lat="45.83053" lon="6.24629">
        <ele>885.2</ele>
      </rtept>
      <rtept lat="45.83051" lon="6.2463">
        <ele>886</ele>
      </rtept>
      <rtept lat="45.83048" lon="6.24631">
        <ele>886.4</ele>
      </rtept>
      <rtept lat="45.83047" lon="6.24631">
        <ele>887</ele>
      </rtept>
      <rtept lat="45.83043" lon="6.24632">
        <ele>887.4</ele>
      </rtept>
      <rtept lat="45.83042" lon="6.24633">
        <ele>887.8</ele>
      </rtept>
      <rtept lat="45.8304" lon="6.24634">
        <ele>888.2</ele>
      </rtept>
      <rtept lat="45.83038" lon="6.24634">
        <ele>889</ele>
      </rtept>
      <rtept lat="45.83036" lon="6.24632">
        <ele>889.6</ele>
      </rtept>
      <rtept lat="45.83034" lon="6.24631">
        <ele>889.8</ele>
      </rtept>
      <rtept lat="45.83031" lon="6.2463">
        <ele>890.2</ele>
      </rtept>
      <rtept lat="45.83029" lon="6.24628">
        <ele>890.6</ele>
      </rtept>
      <rtept lat="45.83028" lon="6.24628">
        <ele>890.8</ele>
      </rtept>
      <rtept lat="45.83024" lon="6.24626">
        <ele>891.4</ele>
      </rtept>
      <rtept lat="45.83023" lon="6.24625">
        <ele>891.4</ele>
      </rtept>
      <rtept lat="45.83021" lon="6.24622">
        <ele>891.8</ele>
      </rtept>
      <rtept lat="45.8302" lon="6.2462">
        <ele>892.4</ele>
      </rtept>
      <rtept lat="45.83018" lon="6.24618">
        <ele>892.6</ele>
      </rtept>
      <rtept lat="45.83018" lon="6.24614">
        <ele>893.4</ele>
      </rtept>
      <rtept lat="45.83018" lon="6.24611">
        <ele>894.2</ele>
      </rtept>
      <rtept lat="45.83017" lon="6.2461">
        <ele>894.2</ele>
      </rtept>
      <rtept lat="45.83017" lon="6.24607">
        <ele>894.8</ele>
      </rtept>
      <rtept lat="45.83017" lon="6.24604">
        <ele>895</ele>
      </rtept>
      <rtept lat="45.83016" lon="6.24601">
        <ele>895.4</ele>
      </rtept>
      <rtept lat="45.83016" lon="6.24599">
        <ele>895.8</ele>
      </rtept>
      <rtept lat="45.83015" lon="6.24597">
        <ele>896.6</ele>
      </rtept>
      <rtept lat="45.83013" lon="6.24594">
        <ele>897.2</ele>
      </rtept>
      <rtept lat="45.8301" lon="6.24594">
        <ele>897.6</ele>
      </rtept>
      <rtept lat="45.83008" lon="6.24593">
        <ele>898</ele>
      </rtept>
      <rtept lat="45.83006" lon="6.24593">
        <ele>898.4</ele>
      </rtept>
      <rtept lat="45.83002" lon="6.24591">
        <ele>898.8</ele>
      </rtept>
      <rtept lat="45.83" lon="6.24591">
        <ele>899.2</ele>
      </rtept>
      <rtept lat="45.82999" lon="6.2459">
        <ele>899.4</ele>
      </rtept>
      <rtept lat="45.82997" lon="6.2459">
        <ele>899.6</ele>
      </rtept>
      <rtept lat="45.82995" lon="6.24589">
        <ele>900.2</ele>
      </rtept>
      <rtept lat="45.82993" lon="6.24589">
        <ele>900.8</ele>
      </rtept>
      <rtept lat="45.82991" lon="6.24588">
        <ele>901.4</ele>
      </rtept>
      <rtept lat="45.82987" lon="6.24589">
        <ele>902</ele>
      </rtept>
      <rtept lat="45.82986" lon="6.24589">
        <ele>902</ele>
      </rtept>
      <rtept lat="45.82984" lon="6.24588">
        <ele>902.6</ele>
      </rtept>
      <rtept lat="45.8298" lon="6.24587">
        <ele>903</ele>
      </rtept>
      <rtept lat="45.82977" lon="6.24588">
        <ele>903.6</ele>
      </rtept>
      <rtept lat="45.82976" lon="6.24588">
        <ele>903.8</ele>
      </rtept>
      <rtept lat="45.82975" lon="6.24589">
        <ele>905</ele>
      </rtept>
      <rtept lat="45.82975" lon="6.24591">
        <ele>905.8</ele>
      </rtept>
      <rtept lat="45.82977" lon="6.24593">
        <ele>906.6</ele>
      </rtept>
      <rtept lat="45.82979" lon="6.24595">
        <ele>907</ele>
      </rtept>
      <rtept lat="45.82981" lon="6.24599">
        <ele>907.6</ele>
      </rtept>
      <rtept lat="45.82982" lon="6.246">
        <ele>907.8</ele>
      </rtept>
      <rtept lat="45.82982" lon="6.24602">
        <ele>908.4</ele>
      </rtept>
      <rtept lat="45.82984" lon="6.24604">
        <ele>909</ele>
      </rtept>
      <rtept lat="45.82986" lon="6.24606">
        <ele>909.4</ele>
      </rtept>
      <rtept lat="45.82987" lon="6.2461">
        <ele>910</ele>
      </rtept>
      <rtept lat="45.82988" lon="6.24612">
        <ele>910.4</ele>
      </rtept>
      <rtept lat="45.82989" lon="6.24616">
        <ele>910.8</ele>
      </rtept>
      <rtept lat="45.8299" lon="6.24618">
        <ele>911</ele>
      </rtept>
      <rtept lat="45.8299" lon="6.2462">
        <ele>911.8</ele>
      </rtept>
      <rtept lat="45.8299" lon="6.24623">
        <ele>912.2</ele>
      </rtept>
      <rtept lat="45.82991" lon="6.24626">
        <ele>913</ele>
      </rtept>
      <rtept lat="45.82991" lon="6.2463">
        <ele>913.4</ele>
      </rtept>
      <rtept lat="45.82992" lon="6.24632">
        <ele>913.6</ele>
      </rtept>
      <rtept lat="45.82992" lon="6.24636">
        <ele>914</ele>
      </rtept>
      <rtept lat="45.82991" lon="6.2464">
        <ele>914.8</ele>
      </rtept>
      <rtept lat="45.82991" lon="6.24642">
        <ele>915.4</ele>
      </rtept>
      <rtept lat="45.82991" lon="6.24647">
        <ele>916.2</ele>
      </rtept>
      <rtept lat="45.82991" lon="6.24648">
        <ele>916.4</ele>
      </rtept>
      <rtept lat="45.8299" lon="6.2465">
        <ele>916.4</ele>
      </rtept>
      <rtept lat="45.82987" lon="6.24653">
        <ele>917.2</ele>
      </rtept>
      <rtept lat="45.82986" lon="6.24654">
        <ele>917.2</ele>
      </rtept>
      <rtept lat="45.82984" lon="6.24656">
        <ele>917.8</ele>
      </rtept>
      <rtept lat="45.82983" lon="6.24657">
        <ele>918.2</ele>
      </rtept>
      <rtept lat="45.82982" lon="6.2466">
        <ele>918.6</ele>
      </rtept>
      <rtept lat="45.82982" lon="6.24664">
        <ele>918.8</ele>
      </rtept>
      <rtept lat="45.82981" lon="6.24665">
        <ele>919.2</ele>
      </rtept>
      <rtept lat="45.8298" lon="6.24669">
        <ele>919.6</ele>
      </rtept>
      <rtept lat="45.8298" lon="6.24671">
        <ele>919.6</ele>
      </rtept>
      <rtept lat="45.82979" lon="6.24674">
        <ele>920.4</ele>
      </rtept>
      <rtept lat="45.82982" lon="6.24679">
        <ele>920.4</ele>
      </rtept>
      <rtept lat="45.82982" lon="6.2468">
        <ele>920.4</ele>
      </rtept>
      <rtept lat="45.82983" lon="6.24682">
        <ele>921</ele>
      </rtept>
      <rtept lat="45.82984" lon="6.24685">
        <ele>921.4</ele>
      </rtept>
      <rtept lat="45.82986" lon="6.24687">
        <ele>922.2</ele>
      </rtept>
      <rtept lat="45.82988" lon="6.24689">
        <ele>923</ele>
      </rtept>
      <rtept lat="45.8299" lon="6.2469">
        <ele>923.6</ele>
      </rtept>
      <rtept lat="45.82993" lon="6.24692">
        <ele>924.4</ele>
      </rtept>
      <rtept lat="45.82993" lon="6.24696">
        <ele>925</ele>
      </rtept>
      <rtept lat="45.82993" lon="6.24697">
        <ele>925</ele>
      </rtept>
      <rtept lat="45.82994" lon="6.247">
        <ele>925.2</ele>
      </rtept>
      <rtept lat="45.82995" lon="6.24704">
        <ele>926.2</ele>
      </rtept>
      <rtept lat="45.82997" lon="6.24705">
        <ele>926.4</ele>
      </rtept>
      <rtept lat="45.82999" lon="6.24707">
        <ele>926.8</ele>
      </rtept>
      <rtept lat="45.83001" lon="6.24709">
        <ele>927</ele>
      </rtept>
      <rtept lat="45.83002" lon="6.24712">
        <ele>927.4</ele>
      </rtept>
      <rtept lat="45.83004" lon="6.24714">
        <ele>928</ele>
      </rtept>
      <rtept lat="45.83005" lon="6.24717">
        <ele>928.6</ele>
      </rtept>
      <rtept lat="45.83006" lon="6.2472">
        <ele>929</ele>
      </rtept>
      <rtept lat="45.83008" lon="6.24723">
        <ele>929.6</ele>
      </rtept>
      <rtept lat="45.83009" lon="6.24725">
        <ele>930.2</ele>
      </rtept>
      <rtept lat="45.83009" lon="6.24728">
        <ele>930.4</ele>
      </rtept>
      <rtept lat="45.8301" lon="6.2473">
        <ele>930.6</ele>
      </rtept>
      <rtept lat="45.83011" lon="6.24734">
        <ele>931.6</ele>
      </rtept>
      <rtept lat="45.83011" lon="6.24735">
        <ele>931.6</ele>
      </rtept>
      <rtept lat="45.83012" lon="6.24739">
        <ele>932</ele>
      </rtept>
      <rtept lat="45.83012" lon="6.24741">
        <ele>932.4</ele>
      </rtept>
      <rtept lat="45.83013" lon="6.24744">
        <ele>932.8</ele>
      </rtept>
      <rtept lat="45.83014" lon="6.24747">
        <ele>933</ele>
      </rtept>
      <rtept lat="45.83014" lon="6.2475">
        <ele>933</ele>
      </rtept>
      <rtept lat="45.83014" lon="6.24753">
        <ele>933.8</ele>
      </rtept>
      <rtept lat="45.83017" lon="6.24756">
        <ele>934.6</ele>
      </rtept>
      <rtept lat="45.83017" lon="6.24757">
        <ele>934.6</ele>
      </rtept>
      <rtept lat="45.83018" lon="6.2476">
        <ele>935</ele>
      </rtept>
      <rtept lat="45.83019" lon="6.24764">
        <ele>935.6</ele>
      </rtept>
      <rtept lat="45.8302" lon="6.24765">
        <ele>935.6</ele>
      </rtept>
      <rtept lat="45.8302" lon="6.24768">
        <ele>936</ele>
      </rtept>
      <rtept lat="45.83021" lon="6.24771">
        <ele>936.8</ele>
      </rtept>
      <rtept lat="45.83022" lon="6.24774">
        <ele>937</ele>
      </rtept>
      <rtept lat="45.83025" lon="6.24778">
        <ele>937.6</ele>
      </rtept>
      <rtept lat="45.83025" lon="6.24779">
        <ele>937.6</ele>
      </rtept>
      <rtept lat="45.83026" lon="6.24781">
        <ele>938</ele>
      </rtept>
      <rtept lat="45.83028" lon="6.24784">
        <ele>938.6</ele>
      </rtept>
      <rtept lat="45.83029" lon="6.24786">
        <ele>939.2</ele>
      </rtept>
      <rtept lat="45.8303" lon="6.24788">
        <ele>939.4</ele>
      </rtept>
      <rtept lat="45.83032" lon="6.2479">
        <ele>939.8</ele>
      </rtept>
      <rtept lat="45.83032" lon="6.24792">
        <ele>940.8</ele>
      </rtept>
      <rtept lat="45.83032" lon="6.24796">
        <ele>941.8</ele>
      </rtept>
      <rtept lat="45.83032" lon="6.24799">
        <ele>942.4</ele>
      </rtept>
      <rtept lat="45.83033" lon="6.24802">
        <ele>943.4</ele>
      </rtept>
      <rtept lat="45.83034" lon="6.24804">
        <ele>943.6</ele>
      </rtept>
      <rtept lat="45.83034" lon="6.24808">
        <ele>943.8</ele>
      </rtept>
      <rtept lat="45.83035" lon="6.24811">
        <ele>943.8</ele>
      </rtept>
      <rtept lat="45.83036" lon="6.24814">
        <ele>944.2</ele>
      </rtept>
      <rtept lat="45.83036" lon="6.24817">
        <ele>944.8</ele>
      </rtept>
      <rtept lat="45.83038" lon="6.2482">
        <ele>945.6</ele>
      </rtept>
      <rtept lat="45.83039" lon="6.24823">
        <ele>946.2</ele>
      </rtept>
      <rtept lat="45.83039" lon="6.24826">
        <ele>946.2</ele>
      </rtept>
      <rtept lat="45.8304" lon="6.24828">
        <ele>946.4</ele>
      </rtept>
      <rtept lat="45.83041" lon="6.24832">
        <ele>947.4</ele>
      </rtept>
      <rtept lat="45.8304" lon="6.24834">
        <ele>947.8</ele>
      </rtept>
      <rtept lat="45.83041" lon="6.24837">
        <ele>948</ele>
      </rtept>
      <rtept lat="45.83042" lon="6.24839">
        <ele>948.4</ele>
      </rtept>
      <rtept lat="45.83044" lon="6.24841">
        <ele>948.6</ele>
      </rtept>
      <rtept lat="45.83046" lon="6.24843">
        <ele>948.8</ele>
      </rtept>
      <rtept lat="45.83047" lon="6.24846">
        <ele>949.2</ele>
      </rtept>
      <rtept lat="45.83048" lon="6.24848">
        <ele>949.8</ele>
      </rtept>
      <rtept lat="45.83049" lon="6.24853">
        <ele>950.4</ele>
      </rtept>
      <rtept lat="45.8305" lon="6.24855">
        <ele>950.6</ele>
      </rtept>
      <rtept lat="45.83051" lon="6.24856">
        <ele>950.8</ele>
      </rtept>
      <rtept lat="45.83053" lon="6.24859">
        <ele>951.8</ele>
      </rtept>
      <rtept lat="45.83054" lon="6.24861">
        <ele>952.4</ele>
      </rtept>
      <rtept lat="45.83055" lon="6.24865">
        <ele>952.8</ele>
      </rtept>
      <rtept lat="45.83055" lon="6.24867">
        <ele>953</ele>
      </rtept>
      <rtept lat="45.83057" lon="6.2487">
        <ele>953.4</ele>
      </rtept>
      <rtept lat="45.83058" lon="6.24872">
        <ele>953.6</ele>
      </rtept>
      <rtept lat="45.83059" lon="6.24875">
        <ele>953.8</ele>
      </rtept>
      <rtept lat="45.83059" lon="6.2488">
        <ele>954.4</ele>
      </rtept>
      <rtept lat="45.83058" lon="6.2488">
        <ele>954.6</ele>
      </rtept>
      <rtept lat="45.83056" lon="6.24881">
        <ele>954.8</ele>
      </rtept>
      <rtept lat="45.83054" lon="6.2488">
        <ele>955.2</ele>
      </rtept>
      <rtept lat="45.83053" lon="6.24879">
        <ele>955.8</ele>
      </rtept>
      <rtept lat="45.83051" lon="6.24877">
        <ele>956.2</ele>
      </rtept>
      <rtept lat="45.83049" lon="6.24876">
        <ele>956</ele>
      </rtept>
      <rtept lat="45.83044" lon="6.24875">
        <ele>957.4</ele>
      </rtept>
      <rtept lat="45.8304" lon="6.24875">
        <ele>957.6</ele>
      </rtept>
      <rtept lat="45.83039" lon="6.24875">
        <ele>957.8</ele>
      </rtept>
      <rtept lat="45.83036" lon="6.24875">
        <ele>958.2</ele>
      </rtept>
      <rtept lat="45.83034" lon="6.24876">
        <ele>958.8</ele>
      </rtept>
      <rtept lat="45.83031" lon="6.24875">
        <ele>959.4</ele>
      </rtept>
      <rtept lat="45.83028" lon="6.24875">
        <ele>960.2</ele>
      </rtept>
      <rtept lat="45.83024" lon="6.24873">
        <ele>960.8</ele>
      </rtept>
      <rtept lat="45.83024" lon="6.24873">
        <ele>961</ele>
      </rtept>
      <rtept lat="45.83022" lon="6.24872">
        <ele>961.2</ele>
      </rtept>
      <rtept lat="45.8302" lon="6.24871">
        <ele>961.4</ele>
      </rtept>
      <rtept lat="45.83017" lon="6.2487">
        <ele>962</ele>
      </rtept>
      <rtept lat="45.83016" lon="6.24868">
        <ele>962.2</ele>
      </rtept>
      <rtept lat="45.83014" lon="6.24867">
        <ele>963</ele>
      </rtept>
      <rtept lat="45.83011" lon="6.24866">
        <ele>963.6</ele>
      </rtept>
      <rtept lat="45.83009" lon="6.24865">
        <ele>964.2</ele>
      </rtept>
      <rtept lat="45.83007" lon="6.24865">
        <ele>964.4</ele>
      </rtept>
      <rtept lat="45.83005" lon="6.24864">
        <ele>964.8</ele>
      </rtept>
      <rtept lat="45.83003" lon="6.24864">
        <ele>965.2</ele>
      </rtept>
      <rtept lat="45.83" lon="6.24862">
        <ele>965.2</ele>
      </rtept>
      <rtept lat="45.82999" lon="6.2486">
        <ele>966.2</ele>
      </rtept>
      <rtept lat="45.82995" lon="6.2486">
        <ele>966.6</ele>
      </rtept>
      <rtept lat="45.82994" lon="6.2486">
        <ele>966.6</ele>
      </rtept>
      <rtept lat="45.82992" lon="6.24858">
        <ele>967.4</ele>
      </rtept>
      <rtept lat="45.82991" lon="6.24858">
        <ele>968</ele>
      </rtept>
      <rtept lat="45.82989" lon="6.24857">
        <ele>968.8</ele>
      </rtept>
      <rtept lat="45.82986" lon="6.24856">
        <ele>969</ele>
      </rtept>
      <rtept lat="45.82985" lon="6.24856">
        <ele>969.4</ele>
      </rtept>
      <rtept lat="45.82983" lon="6.24856">
        <ele>969.8</ele>
      </rtept>
      <rtept lat="45.8298" lon="6.24857">
        <ele>970.4</ele>
      </rtept>
      <rtept lat="45.82978" lon="6.24857">
        <ele>971.2</ele>
      </rtept>
      <rtept lat="45.82976" lon="6.24857">
        <ele>971.4</ele>
      </rtept>
      <rtept lat="45.82974" lon="6.24857">
        <ele>971.8</ele>
      </rtept>
      <rtept lat="45.82971" lon="6.24857">
        <ele>972.6</ele>
      </rtept>
      <rtept lat="45.8297" lon="6.24856">
        <ele>972.6</ele>
      </rtept>
      <rtept lat="45.82968" lon="6.24855">
        <ele>973</ele>
      </rtept>
      <rtept lat="45.82965" lon="6.24854">
        <ele>973.6</ele>
      </rtept>
      <rtept lat="45.82964" lon="6.24853">
        <ele>973.6</ele>
      </rtept>
      <rtept lat="45.82962" lon="6.24851">
        <ele>974</ele>
      </rtept>
      <rtept lat="45.8296" lon="6.24849">
        <ele>974.8</ele>
      </rtept>
      <rtept lat="45.82958" lon="6.24847">
        <ele>975.4</ele>
      </rtept>
      <rtept lat="45.82956" lon="6.24846">
        <ele>975.6</ele>
      </rtept>
      <rtept lat="45.82954" lon="6.24846">
        <ele>976.4</ele>
      </rtept>
      <rtept lat="45.8295" lon="6.24844">
        <ele>977</ele>
      </rtept>
      <rtept lat="45.82949" lon="6.24844">
        <ele>977.2</ele>
      </rtept>
      <rtept lat="45.82947" lon="6.24842">
        <ele>977.8</ele>
      </rtept>
      <rtept lat="45.82945" lon="6.24842">
        <ele>978</ele>
      </rtept>
      <rtept lat="45.82942" lon="6.24842">
        <ele>978.2</ele>
      </rtept>
      <rtept lat="45.8294" lon="6.24841">
        <ele>978.6</ele>
      </rtept>
      <rtept lat="45.82937" lon="6.24841">
        <ele>979</ele>
      </rtept>
      <rtept lat="45.82935" lon="6.24839">
        <ele>979.4</ele>
      </rtept>
      <rtept lat="45.82933" lon="6.24838">
        <ele>979.6</ele>
      </rtept>
      <rtept lat="45.82931" lon="6.24837">
        <ele>980.2</ele>
      </rtept>
      <rtept lat="45.82929" lon="6.24835">
        <ele>981</ele>
      </rtept>
      <rtept lat="45.82927" lon="6.24836">
        <ele>981.4</ele>
      </rtept>
      <rtept lat="45.82924" lon="6.24836">
        <ele>982</ele>
      </rtept>
      <rtept lat="45.82922" lon="6.24836">
        <ele>982.4</ele>
      </rtept>
      <rtept lat="45.8292" lon="6.24835">
        <ele>983</ele>
      </rtept>
      <rtept lat="45.82918" lon="6.24835">
        <ele>983.4</ele>
      </rtept>
      <rtept lat="45.82916" lon="6.24835">
        <ele>983.8</ele>
      </rtept>
      <rtept lat="45.82911" lon="6.24833">
        <ele>985</ele>
      </rtept>
      <rtept lat="45.8291" lon="6.24832">
        <ele>985</ele>
      </rtept>
      <rtept lat="45.82908" lon="6.2483">
        <ele>985.2</ele>
      </rtept>
      <rtept lat="45.82906" lon="6.24828">
        <ele>985.8</ele>
      </rtept>
      <rtept lat="45.82903" lon="6.24828">
        <ele>986.2</ele>
      </rtept>
      <rtept lat="45.82903" lon="6.24831">
        <ele>987</ele>
      </rtept>
      <rtept lat="45.82904" lon="6.24834">
        <ele>987.6</ele>
      </rtept>
      <rtept lat="45.82905" lon="6.24837">
        <ele>988</ele>
      </rtept>
      <rtept lat="45.82906" lon="6.2484">
        <ele>989</ele>
      </rtept>
      <rtept lat="45.82908" lon="6.24841">
        <ele>989.6</ele>
      </rtept>
      <rtept lat="45.8291" lon="6.24842">
        <ele>989.8</ele>
      </rtept>
      <rtept lat="45.82913" lon="6.24845">
        <ele>990.6</ele>
      </rtept>
      <rtept lat="45.82914" lon="6.24846">
        <ele>991</ele>
      </rtept>
      <rtept lat="45.82915" lon="6.24847">
        <ele>991.2</ele>
      </rtept>
      <rtept lat="45.82916" lon="6.24849">
        <ele>991.6</ele>
      </rtept>
      <rtept lat="45.82919" lon="6.24854">
        <ele>992.6</ele>
      </rtept>
      <rtept lat="45.82919" lon="6.24856">
        <ele>993</ele>
      </rtept>
      <rtept lat="45.8292" lon="6.24858">
        <ele>993.2</ele>
      </rtept>
      <rtept lat="45.82921" lon="6.24862">
        <ele>993.8</ele>
      </rtept>
      <rtept lat="45.82921" lon="6.24866">
        <ele>994</ele>
      </rtept>
      <rtept lat="45.82922" lon="6.24867">
        <ele>994.2</ele>
      </rtept>
      <rtept lat="45.82923" lon="6.24869">
        <ele>994.8</ele>
      </rtept>
      <rtept lat="45.82925" lon="6.24871">
        <ele>995.2</ele>
      </rtept>
      <rtept lat="45.82926" lon="6.24873">
        <ele>996</ele>
      </rtept>
      <rtept lat="45.82927" lon="6.24875">
        <ele>996.4</ele>
      </rtept>
      <rtept lat="45.82929" lon="6.24878">
        <ele>996.6</ele>
      </rtept>
      <rtept lat="45.82931" lon="6.24879">
        <ele>997</ele>
      </rtept>
      <rtept lat="45.82932" lon="6.24881">
        <ele>997.6</ele>
      </rtept>
      <rtept lat="45.82933" lon="6.24883">
        <ele>998.2</ele>
      </rtept>
      <rtept lat="45.82935" lon="6.24885">
        <ele>998.4</ele>
      </rtept>
      <rtept lat="45.82935" lon="6.24888">
        <ele>998.8</ele>
      </rtept>
      <rtept lat="45.82937" lon="6.2489">
        <ele>999</ele>
      </rtept>
      <rtept lat="45.82938" lon="6.24893">
        <ele>999.6</ele>
      </rtept>
      <rtept lat="45.82939" lon="6.24895">
        <ele>1000.2</ele>
      </rtept>
      <rtept lat="45.8294" lon="6.24899">
        <ele>1001</ele>
      </rtept>
      <rtept lat="45.82941" lon="6.24902">
        <ele>1001.2</ele>
      </rtept>
      <rtept lat="45.82942" lon="6.24904">
        <ele>1001.6</ele>
      </rtept>
      <rtept lat="45.82943" lon="6.24907">
        <ele>1002</ele>
      </rtept>
      <rtept lat="45.82944" lon="6.2491">
        <ele>1002.4</ele>
      </rtept>
      <rtept lat="45.82945" lon="6.24912">
        <ele>1002.6</ele>
      </rtept>
      <rtept lat="45.82947" lon="6.24915">
        <ele>1003</ele>
      </rtept>
      <rtept lat="45.82948" lon="6.24918">
        <ele>1003.2</ele>
      </rtept>
      <rtept lat="45.82949" lon="6.24921">
        <ele>1004</ele>
      </rtept>
      <rtept lat="45.8295" lon="6.24923">
        <ele>1004.4</ele>
      </rtept>
      <rtept lat="45.82951" lon="6.24926">
        <ele>1005</ele>
      </rtept>
      <rtept lat="45.82951" lon="6.24929">
        <ele>1005.4</ele>
      </rtept>
      <rtept lat="45.82953" lon="6.24933">
        <ele>1005.6</ele>
      </rtept>
      <rtept lat="45.82953" lon="6.24934">
        <ele>1006</ele>
      </rtept>
      <rtept lat="45.82955" lon="6.24937">
        <ele>1006.6</ele>
      </rtept>
      <rtept lat="45.82956" lon="6.24941">
        <ele>1006.8</ele>
      </rtept>
      <rtept lat="45.82956" lon="6.24942">
        <ele>1007</ele>
      </rtept>
      <rtept lat="45.82957" lon="6.24944">
        <ele>1007.6</ele>
      </rtept>
      <rtept lat="45.82959" lon="6.24947">
        <ele>1008</ele>
      </rtept>
      <rtept lat="45.82959" lon="6.2495">
        <ele>1008.8</ele>
      </rtept>
      <rtept lat="45.82957" lon="6.24949">
        <ele>1010.2</ele>
      </rtept>
      <rtept lat="45.82955" lon="6.24948">
        <ele>1010.8</ele>
      </rtept>
      <rtept lat="45.82953" lon="6.24947">
        <ele>1011</ele>
      </rtept>
      <rtept lat="45.82951" lon="6.24946">
        <ele>1011.2</ele>
      </rtept>
      <rtept lat="45.82949" lon="6.24945">
        <ele>1011.2</ele>
      </rtept>
      <rtept lat="45.82946" lon="6.24942">
        <ele>1011.4</ele>
      </rtept>
      <rtept lat="45.82941" lon="6.2494">
        <ele>1012</ele>
      </rtept>
      <rtept lat="45.8294" lon="6.2494">
        <ele>1012.6</ele>
      </rtept>
      <rtept lat="45.82938" lon="6.24939">
        <ele>1012.6</ele>
      </rtept>
      <rtept lat="45.82935" lon="6.24936">
        <ele>1013.2</ele>
      </rtept>
      <rtept lat="45.82934" lon="6.24936">
        <ele>1013.2</ele>
      </rtept>
      <rtept lat="45.82932" lon="6.24935">
        <ele>1013.4</ele>
      </rtept>
      <rtept lat="45.82929" lon="6.24935">
        <ele>1013.8</ele>
      </rtept>
      <rtept lat="45.82928" lon="6.24934">
        <ele>1014</ele>
      </rtept>
      <rtept lat="45.82925" lon="6.24933">
        <ele>1014.4</ele>
      </rtept>
      <rtept lat="45.82921" lon="6.24931">
        <ele>1014.6</ele>
      </rtept>
      <rtept lat="45.8292" lon="6.24931">
        <ele>1014.6</ele>
      </rtept>
      <rtept lat="45.82918" lon="6.2493">
        <ele>1015.2</ele>
      </rtept>
      <rtept lat="45.82915" lon="6.24929">
        <ele>1015.8</ele>
      </rtept>
      <rtept lat="45.82911" lon="6.24926">
        <ele>1016.4</ele>
      </rtept>
      <rtept lat="45.82909" lon="6.24925">
        <ele>1016.6</ele>
      </rtept>
      <rtept lat="45.82909" lon="6.24924">
        <ele>1016.8</ele>
      </rtept>
      <rtept lat="45.82906" lon="6.24922">
        <ele>1017</ele>
      </rtept>
      <rtept lat="45.82903" lon="6.24921">
        <ele>1017.6</ele>
      </rtept>
      <rtept lat="45.829" lon="6.24919">
        <ele>1018</ele>
      </rtept>
      <rtept lat="45.82899" lon="6.24918">
        <ele>1018.2</ele>
      </rtept>
      <rtept lat="45.82896" lon="6.24918">
        <ele>1018.6</ele>
      </rtept>
      <rtept lat="45.82895" lon="6.24918">
        <ele>1018.6</ele>
      </rtept>
      <rtept lat="45.82893" lon="6.24918">
        <ele>1018.8</ele>
      </rtept>
      <rtept lat="45.82891" lon="6.24918">
        <ele>1019.2</ele>
      </rtept>
      <rtept lat="45.8289" lon="6.24921">
        <ele>1019.2</ele>
      </rtept>
      <rtept lat="45.82891" lon="6.24923">
        <ele>1020</ele>
      </rtept>
      <rtept lat="45.82892" lon="6.24925">
        <ele>1020.4</ele>
      </rtept>
      <rtept lat="45.82894" lon="6.24927">
        <ele>1021</ele>
      </rtept>
      <rtept lat="45.82896" lon="6.2493">
        <ele>1021.2</ele>
      </rtept>
      <rtept lat="45.82898" lon="6.24932">
        <ele>1022</ele>
      </rtept>
      <rtept lat="45.82899" lon="6.24934">
        <ele>1022.6</ele>
      </rtept>
      <rtept lat="45.82901" lon="6.24936">
        <ele>1022.6</ele>
      </rtept>
      <rtept lat="45.82902" lon="6.24937">
        <ele>1023.2</ele>
      </rtept>
      <rtept lat="45.82904" lon="6.24939">
        <ele>1023.4</ele>
      </rtept>
      <rtept lat="45.82906" lon="6.24941">
        <ele>1023.8</ele>
      </rtept>
      <rtept lat="45.82908" lon="6.24943">
        <ele>1024.4</ele>
      </rtept>
      <rtept lat="45.82909" lon="6.24944">
        <ele>1024.8</ele>
      </rtept>
      <rtept lat="45.8291" lon="6.24947">
        <ele>1025.2</ele>
      </rtept>
      <rtept lat="45.82912" lon="6.24949">
        <ele>1025.6</ele>
      </rtept>
      <rtept lat="45.82913" lon="6.24951">
        <ele>1025.6</ele>
      </rtept>
      <rtept lat="45.82915" lon="6.24953">
        <ele>1026.2</ele>
      </rtept>
      <rtept lat="45.82916" lon="6.24955">
        <ele>1026.8</ele>
      </rtept>
      <rtept lat="45.82917" lon="6.24958">
        <ele>1027.2</ele>
      </rtept>
      <rtept lat="45.82918" lon="6.24961">
        <ele>1027.6</ele>
      </rtept>
      <rtept lat="45.82919" lon="6.24963">
        <ele>1027.6</ele>
      </rtept>
      <rtept lat="45.8292" lon="6.24965">
        <ele>1027.8</ele>
      </rtept>
      <rtept lat="45.82922" lon="6.24968">
        <ele>1028.2</ele>
      </rtept>
      <rtept lat="45.82923" lon="6.24971">
        <ele>1028.8</ele>
      </rtept>
      <rtept lat="45.82924" lon="6.24974">
        <ele>1029.4</ele>
      </rtept>
      <rtept lat="45.82925" lon="6.24976">
        <ele>1029.6</ele>
      </rtept>
      <rtept lat="45.82926" lon="6.24979">
        <ele>1030.2</ele>
      </rtept>
      <rtept lat="45.82928" lon="6.24982">
        <ele>1030.8</ele>
      </rtept>
      <rtept lat="45.82929" lon="6.24984">
        <ele>1031</ele>
      </rtept>
      <rtept lat="45.8293" lon="6.24985">
        <ele>1031.8</ele>
      </rtept>
      <rtept lat="45.82931" lon="6.24987">
        <ele>1032.4</ele>
      </rtept>
      <rtept lat="45.82934" lon="6.24989">
        <ele>1033</ele>
      </rtept>
      <rtept lat="45.82935" lon="6.2499">
        <ele>1033.4</ele>
      </rtept>
      <rtept lat="45.82937" lon="6.24992">
        <ele>1034.2</ele>
      </rtept>
      <rtept lat="45.82938" lon="6.24995">
        <ele>1034.4</ele>
      </rtept>
      <rtept lat="45.82939" lon="6.24997">
        <ele>1034.8</ele>
      </rtept>
      <rtept lat="45.82941" lon="6.24999">
        <ele>1035.4</ele>
      </rtept>
      <rtept lat="45.82942" lon="6.25002">
        <ele>1036</ele>
      </rtept>
      <rtept lat="45.82944" lon="6.25004">
        <ele>1036.6</ele>
      </rtept>
      <rtept lat="45.82946" lon="6.25007">
        <ele>1037</ele>
      </rtept>
      <rtept lat="45.82947" lon="6.25009">
        <ele>1037.8</ele>
      </rtept>
      <rtept lat="45.82948" lon="6.25012">
        <ele>1037.8</ele>
      </rtept>
      <rtept lat="45.82949" lon="6.25014">
        <ele>1038.2</ele>
      </rtept>
      <rtept lat="45.8295" lon="6.25018">
        <ele>1038.6</ele>
      </rtept>
      <rtept lat="45.82952" lon="6.2502">
        <ele>1039.6</ele>
      </rtept>
      <rtept lat="45.82953" lon="6.25022">
        <ele>1040</ele>
      </rtept>
      <rtept lat="45.82953" lon="6.25024">
        <ele>1040.2</ele>
      </rtept>
      <rtept lat="45.82955" lon="6.25026">
        <ele>1041</ele>
      </rtept>
      <rtept lat="45.82957" lon="6.2503">
        <ele>1041.6</ele>
      </rtept>
      <rtept lat="45.82958" lon="6.25032">
        <ele>1041.6</ele>
      </rtept>
      <rtept lat="45.82958" lon="6.25034">
        <ele>1042</ele>
      </rtept>
      <rtept lat="45.8296" lon="6.25037">
        <ele>1042.4</ele>
      </rtept>
      <rtept lat="45.82961" lon="6.25039">
        <ele>1042.6</ele>
      </rtept>
      <rtept lat="45.82962" lon="6.25041">
        <ele>1043</ele>
      </rtept>
      <rtept lat="45.82964" lon="6.25045">
        <ele>1043.6</ele>
      </rtept>
      <rtept lat="45.82965" lon="6.25047">
        <ele>1044</ele>
      </rtept>
      <rtept lat="45.82965" lon="6.2505">
        <ele>1044.4</ele>
      </rtept>
      <rtept lat="45.82965" lon="6.25053">
        <ele>1044.6</ele>
      </rtept>
      <rtept lat="45.82966" lon="6.25056">
        <ele>1044.6</ele>
      </rtept>
      <rtept lat="45.82967" lon="6.25059">
        <ele>1044.8</ele>
      </rtept>
      <rtept lat="45.82969" lon="6.25063">
        <ele>1045.2</ele>
      </rtept>
      <rtept lat="45.8297" lon="6.25065">
        <ele>1045.4</ele>
      </rtept>
      <rtept lat="45.82971" lon="6.25068">
        <ele>1045.8</ele>
      </rtept>
      <rtept lat="45.82972" lon="6.2507">
        <ele>1046.4</ele>
      </rtept>
      <rtept lat="45.82973" lon="6.25072">
        <ele>1046.6</ele>
      </rtept>
      <rtept lat="45.82975" lon="6.25075">
        <ele>1046.8</ele>
      </rtept>
      <rtept lat="45.82976" lon="6.25078">
        <ele>1047.2</ele>
      </rtept>
      <rtept lat="45.82977" lon="6.2508">
        <ele>1047.4</ele>
      </rtept>
      <rtept lat="45.82979" lon="6.25084">
        <ele>1047.8</ele>
      </rtept>
      <rtept lat="45.8298" lon="6.25086">
        <ele>1048.4</ele>
      </rtept>
      <rtept lat="45.82981" lon="6.25087">
        <ele>1048.4</ele>
      </rtept>
      <rtept lat="45.82982" lon="6.25089">
        <ele>1048.8</ele>
      </rtept>
      <rtept lat="45.82985" lon="6.25093">
        <ele>1049.4</ele>
      </rtept>
      <rtept lat="45.82985" lon="6.25094">
        <ele>1049.4</ele>
      </rtept>
      <rtept lat="45.82988" lon="6.25098">
        <ele>1049.6</ele>
      </rtept>
      <rtept lat="45.82988" lon="6.25099">
        <ele>1049.8</ele>
      </rtept>
      <rtept lat="45.82991" lon="6.25102">
        <ele>1050.4</ele>
      </rtept>
      <rtept lat="45.82992" lon="6.25103">
        <ele>1050.6</ele>
      </rtept>
      <rtept lat="45.82994" lon="6.25106">
        <ele>1051</ele>
      </rtept>
      <rtept lat="45.82996" lon="6.25108">
        <ele>1051.2</ele>
      </rtept>
      <rtept lat="45.82998" lon="6.25111">
        <ele>1051.8</ele>
      </rtept>
      <rtept lat="45.82999" lon="6.25113">
        <ele>1052.2</ele>
      </rtept>
      <rtept lat="45.83" lon="6.25117">
        <ele>1052.6</ele>
      </rtept>
      <rtept lat="45.83001" lon="6.25119">
        <ele>1053</ele>
      </rtept>
      <rtept lat="45.83003" lon="6.25122">
        <ele>1053</ele>
      </rtept>
      <rtept lat="45.83004" lon="6.25124">
        <ele>1053.2</ele>
      </rtept>
      <rtept lat="45.83005" lon="6.25126">
        <ele>1053.8</ele>
      </rtept>
      <rtept lat="45.83007" lon="6.25128">
        <ele>1053.8</ele>
      </rtept>
      <rtept lat="45.83008" lon="6.2513">
        <ele>1054.6</ele>
      </rtept>
      <rtept lat="45.8301" lon="6.25131">
        <ele>1055</ele>
      </rtept>
      <rtept lat="45.83011" lon="6.25133">
        <ele>1055.4</ele>
      </rtept>
      <rtept lat="45.83012" lon="6.25136">
        <ele>1055.6</ele>
      </rtept>
      <rtept lat="45.83014" lon="6.25138">
        <ele>1055.8</ele>
      </rtept>
      <rtept lat="45.83016" lon="6.25141">
        <ele>1056.4</ele>
      </rtept>
      <rtept lat="45.83016" lon="6.25142">
        <ele>1056.6</ele>
      </rtept>
      <rtept lat="45.83019" lon="6.25147">
        <ele>1057.2</ele>
      </rtept>
      <rtept lat="45.8302" lon="6.25147">
        <ele>1057.2</ele>
      </rtept>
      <rtept lat="45.83022" lon="6.25151">
        <ele>1058</ele>
      </rtept>
      <rtept lat="45.83023" lon="6.25152">
        <ele>1058.4</ele>
      </rtept>
      <rtept lat="45.83025" lon="6.25153">
        <ele>1058.8</ele>
      </rtept>
      <rtept lat="45.83026" lon="6.25155">
        <ele>1059.6</ele>
      </rtept>
      <rtept lat="45.83028" lon="6.25158">
        <ele>1059.6</ele>
      </rtept>
      <rtept lat="45.83029" lon="6.2516">
        <ele>1059.8</ele>
      </rtept>
      <rtept lat="45.8303" lon="6.25163">
        <ele>1060</ele>
      </rtept>
      <rtept lat="45.83032" lon="6.25165">
        <ele>1060.6</ele>
      </rtept>
      <rtept lat="45.83033" lon="6.25168">
        <ele>1061.2</ele>
      </rtept>
      <rtept lat="45.83035" lon="6.2517">
        <ele>1061.4</ele>
      </rtept>
      <rtept lat="45.83036" lon="6.25172">
        <ele>1061.4</ele>
      </rtept>
      <rtept lat="45.83038" lon="6.25175">
        <ele>1062.2</ele>
      </rtept>
      <rtept lat="45.8304" lon="6.25178">
        <ele>1062.2</ele>
      </rtept>
      <rtept lat="45.83041" lon="6.2518">
        <ele>1062.8</ele>
      </rtept>
      <rtept lat="45.83042" lon="6.25182">
        <ele>1063.2</ele>
      </rtept>
      <rtept lat="45.83043" lon="6.25184">
        <ele>1063.4</ele>
      </rtept>
      <rtept lat="45.83045" lon="6.25188">
        <ele>1063.6</ele>
      </rtept>
      <rtept lat="45.83046" lon="6.25189">
        <ele>1064.4</ele>
      </rtept>
      <rtept lat="45.83048" lon="6.25191">
        <ele>1064.6</ele>
      </rtept>
      <rtept lat="45.83051" lon="6.25194">
        <ele>1065.2</ele>
      </rtept>
      <rtept lat="45.83052" lon="6.25195">
        <ele>1066</ele>
      </rtept>
      <rtept lat="45.83055" lon="6.25197">
        <ele>1066.6</ele>
      </rtept>
      <rtept lat="45.83057" lon="6.25198">
        <ele>1067</ele>
      </rtept>
      <rtept lat="45.8306" lon="6.25199">
        <ele>1067.8</ele>
      </rtept>
      <rtept lat="45.8306" lon="6.25199">
        <ele>1067.8</ele>
      </rtept>
      <rtept lat="45.83062" lon="6.252">
        <ele>1068.4</ele>
      </rtept>
      <rtept lat="45.83064" lon="6.25203">
        <ele>1069</ele>
      </rtept>
      <rtept lat="45.83065" lon="6.25206">
        <ele>1069.4</ele>
      </rtept>
      <rtept lat="45.83066" lon="6.25207">
        <ele>1070</ele>
      </rtept>
      <rtept lat="45.83068" lon="6.2521">
        <ele>1070.6</ele>
      </rtept>
      <rtept lat="45.8307" lon="6.25213">
        <ele>1070.8</ele>
      </rtept>
      <rtept lat="45.8307" lon="6.25214">
        <ele>1071</ele>
      </rtept>
      <rtept lat="45.83072" lon="6.25218">
        <ele>1071.4</ele>
      </rtept>
      <rtept lat="45.83073" lon="6.25219">
        <ele>1071.6</ele>
      </rtept>
      <rtept lat="45.83074" lon="6.25221">
        <ele>1072.2</ele>
      </rtept>
      <rtept lat="45.83075" lon="6.25224">
        <ele>1072.8</ele>
      </rtept>
      <rtept lat="45.83076" lon="6.25226">
        <ele>1073.2</ele>
      </rtept>
      <rtept lat="45.83077" lon="6.25229">
        <ele>1073.6</ele>
      </rtept>
      <rtept lat="45.83078" lon="6.25232">
        <ele>1073.8</ele>
      </rtept>
      <rtept lat="45.8308" lon="6.25236">
        <ele>1074.4</ele>
      </rtept>
      <rtept lat="45.83081" lon="6.25238">
        <ele>1075</ele>
      </rtept>
      <rtept lat="45.83081" lon="6.25239">
        <ele>1075</ele>
      </rtept>
      <rtept lat="45.83082" lon="6.25242">
        <ele>1075.2</ele>
      </rtept>
      <rtept lat="45.83083" lon="6.25245">
        <ele>1075.4</ele>
      </rtept>
      <rtept lat="45.83084" lon="6.25248">
        <ele>1076</ele>
      </rtept>
      <rtept lat="45.83083" lon="6.25251">
        <ele>1076.4</ele>
      </rtept>
      <rtept lat="45.83084" lon="6.25254">
        <ele>1077.2</ele>
      </rtept>
      <rtept lat="45.83084" lon="6.25258">
        <ele>1077.6</ele>
      </rtept>
      <rtept lat="45.83085" lon="6.25262">
        <ele>1078.4</ele>
      </rtept>
      <rtept lat="45.83086" lon="6.25265">
        <ele>1078.8</ele>
      </rtept>
      <rtept lat="45.83087" lon="6.25267">
        <ele>1079.2</ele>
      </rtept>
      <rtept lat="45.83088" lon="6.2527">
        <ele>1079.6</ele>
      </rtept>
      <rtept lat="45.83089" lon="6.25272">
        <ele>1080.2</ele>
      </rtept>
      <rtept lat="45.83089" lon="6.25276">
        <ele>1080.6</ele>
      </rtept>
      <rtept lat="45.8309" lon="6.25278">
        <ele>1080.6</ele>
      </rtept>
      <rtept lat="45.83092" lon="6.25282">
        <ele>1081.6</ele>
      </rtept>
      <rtept lat="45.83093" lon="6.25283">
        <ele>1081.6</ele>
      </rtept>
      <rtept lat="45.83094" lon="6.25286">
        <ele>1082</ele>
      </rtept>
      <rtept lat="45.83093" lon="6.25289">
        <ele>1082.2</ele>
      </rtept>
      <rtept lat="45.83093" lon="6.2529">
        <ele>1082.8</ele>
      </rtept>
      <rtept lat="45.83093" lon="6.25294">
        <ele>1083</ele>
      </rtept>
      <rtept lat="45.83093" lon="6.25297">
        <ele>1083.4</ele>
      </rtept>
      <rtept lat="45.83093" lon="6.253">
        <ele>1083.4</ele>
      </rtept>
      <rtept lat="45.83094" lon="6.25303">
        <ele>1084</ele>
      </rtept>
      <rtept lat="45.83094" lon="6.25307">
        <ele>1084.6</ele>
      </rtept>
      <rtept lat="45.83094" lon="6.25309">
        <ele>1084.8</ele>
      </rtept>
      <rtept lat="45.83094" lon="6.25311">
        <ele>1085.4</ele>
      </rtept>
      <rtept lat="45.83094" lon="6.25314">
        <ele>1085.6</ele>
      </rtept>
      <rtept lat="45.83095" lon="6.25317">
        <ele>1086</ele>
      </rtept>
      <rtept lat="45.83096" lon="6.25319">
        <ele>1086</ele>
      </rtept>
      <rtept lat="45.83097" lon="6.25322">
        <ele>1086.6</ele>
      </rtept>
      <rtept lat="45.83097" lon="6.25325">
        <ele>1086.8</ele>
      </rtept>
      <rtept lat="45.83099" lon="6.25328">
        <ele>1087.8</ele>
      </rtept>
      <rtept lat="45.831" lon="6.2533">
        <ele>1088</ele>
      </rtept>
      <rtept lat="45.83101" lon="6.25333">
        <ele>1088.6</ele>
      </rtept>
      <rtept lat="45.83102" lon="6.25335">
        <ele>1088.6</ele>
      </rtept>
      <rtept lat="45.83104" lon="6.25338">
        <ele>1089.2</ele>
      </rtept>
      <rtept lat="45.83105" lon="6.25341">
        <ele>1089.6</ele>
      </rtept>
      <rtept lat="45.83105" lon="6.25344">
        <ele>1090</ele>
      </rtept>
      <rtept lat="45.83106" lon="6.25348">
        <ele>1090.4</ele>
      </rtept>
      <rtept lat="45.83106" lon="6.25351">
        <ele>1090.8</ele>
      </rtept>
      <rtept lat="45.83107" lon="6.25354">
        <ele>1091.2</ele>
      </rtept>
      <rtept lat="45.83109" lon="6.25359">
        <ele>1091.6</ele>
      </rtept>
      <rtept lat="45.8311" lon="6.2536">
        <ele>1091.6</ele>
      </rtept>
      <rtept lat="45.83112" lon="6.25364">
        <ele>1092.2</ele>
      </rtept>
      <rtept lat="45.83112" lon="6.25365">
        <ele>1092.2</ele>
      </rtept>
      <rtept lat="45.83113" lon="6.25368">
        <ele>1092.8</ele>
      </rtept>
      <rtept lat="45.83113" lon="6.25371">
        <ele>1093</ele>
      </rtept>
      <rtept lat="45.83114" lon="6.25376">
        <ele>1093</ele>
      </rtept>
      <rtept lat="45.83114" lon="6.25377">
        <ele>1093.2</ele>
      </rtept>
      <rtept lat="45.83114" lon="6.2538">
        <ele>1093.8</ele>
      </rtept>
      <rtept lat="45.83115" lon="6.25383">
        <ele>1093.8</ele>
      </rtept>
      <rtept lat="45.83115" lon="6.25387">
        <ele>1094.4</ele>
      </rtept>
      <rtept lat="45.83115" lon="6.2539">
        <ele>1094.4</ele>
      </rtept>
      <rtept lat="45.83114" lon="6.25393">
        <ele>1094.8</ele>
      </rtept>
      <rtept lat="45.83114" lon="6.25396">
        <ele>1095.2</ele>
      </rtept>
      <rtept lat="45.83114" lon="6.254">
        <ele>1095.6</ele>
      </rtept>
      <rtept lat="45.83114" lon="6.25403">
        <ele>1096</ele>
      </rtept>
      <rtept lat="45.83114" lon="6.25409">
        <ele>1096.6</ele>
      </rtept>
      <rtept lat="45.83114" lon="6.2541">
        <ele>1096.6</ele>
      </rtept>
      <rtept lat="45.83113" lon="6.25415">
        <ele>1097</ele>
      </rtept>
      <rtept lat="45.83113" lon="6.25417">
        <ele>1097.6</ele>
      </rtept>
      <rtept lat="45.83114" lon="6.2542">
        <ele>1097.6</ele>
      </rtept>
      <rtept lat="45.83115" lon="6.25424">
        <ele>1097.2</ele>
      </rtept>
      <rtept lat="45.83117" lon="6.25427">
        <ele>1097.2</ele>
      </rtept>
      <rtept lat="45.83119" lon="6.2543">
        <ele>1097.2</ele>
      </rtept>
      <rtept lat="45.83119" lon="6.25435">
        <ele>1097.4</ele>
      </rtept>
      <rtept lat="45.8312" lon="6.25437">
        <ele>1097.8</ele>
      </rtept>
      <rtept lat="45.83121" lon="6.25442">
        <ele>1098</ele>
      </rtept>
      <rtept lat="45.83122" lon="6.25446">
        <ele>1098.2</ele>
      </rtept>
      <rtept lat="45.83122" lon="6.25448">
        <ele>1098.4</ele>
      </rtept>
      <rtept lat="45.83123" lon="6.25451">
        <ele>1098.6</ele>
      </rtept>
      <rtept lat="45.83124" lon="6.25455">
        <ele>1098.6</ele>
      </rtept>
      <rtept lat="45.83125" lon="6.25457">
        <ele>1099</ele>
      </rtept>
      <rtept lat="45.83126" lon="6.2546">
        <ele>1099</ele>
      </rtept>
      <rtept lat="45.83127" lon="6.25463">
        <ele>1099.2</ele>
      </rtept>
      <rtept lat="45.83127" lon="6.25465">
        <ele>1099.6</ele>
      </rtept>
      <rtept lat="45.83128" lon="6.25469">
        <ele>1099.6</ele>
      </rtept>
      <rtept lat="45.83128" lon="6.25472">
        <ele>1100</ele>
      </rtept>
      <rtept lat="45.8313" lon="6.25475">
        <ele>1100.4</ele>
      </rtept>
      <rtept lat="45.83132" lon="6.2548">
        <ele>1101.2</ele>
      </rtept>
      <rtept lat="45.83131" lon="6.25481">
        <ele>1101.4</ele>
      </rtept>
      <rtept lat="45.83131" lon="6.25485">
        <ele>1101.8</ele>
      </rtept>
      <rtept lat="45.83132" lon="6.25487">
        <ele>1102.2</ele>
      </rtept>
      <rtept lat="45.83133" lon="6.25491">
        <ele>1102.2</ele>
      </rtept>
      <rtept lat="45.83133" lon="6.25493">
        <ele>1102.6</ele>
      </rtept>
      <rtept lat="45.83135" lon="6.25495">
        <ele>1103.4</ele>
      </rtept>
      <rtept lat="45.83136" lon="6.25493">
        <ele>1103.6</ele>
      </rtept>
      <rtept lat="45.83138" lon="6.25491">
        <ele>1103.8</ele>
      </rtept>
      <rtept lat="45.83139" lon="6.25489">
        <ele>1104.2</ele>
      </rtept>
      <rtept lat="45.8314" lon="6.25486">
        <ele>1104.6</ele>
      </rtept>
      <rtept lat="45.83142" lon="6.25485">
        <ele>1104.8</ele>
      </rtept>
      <rtept lat="45.83144" lon="6.25485">
        <ele>1105.2</ele>
      </rtept>
      <rtept lat="45.83145" lon="6.25486">
        <ele>1105.6</ele>
      </rtept>
      <rtept lat="45.83148" lon="6.25486">
        <ele>1106.2</ele>
      </rtept>
      <rtept lat="45.83149" lon="6.25486">
        <ele>1106.4</ele>
      </rtept>
      <rtept lat="45.83151" lon="6.25486">
        <ele>1106.6</ele>
      </rtept>
      <rtept lat="45.83154" lon="6.25486">
        <ele>1107</ele>
      </rtept>
      <rtept lat="45.83156" lon="6.25484">
        <ele>1107.4</ele>
      </rtept>
      <rtept lat="45.83158" lon="6.25484">
        <ele>1107.6</ele>
      </rtept>
      <rtept lat="45.8316" lon="6.25484">
        <ele>1108.2</ele>
      </rtept>
      <rtept lat="45.83161" lon="6.25483">
        <ele>1108.6</ele>
      </rtept>
      <rtept lat="45.83163" lon="6.25483">
        <ele>1109.4</ele>
      </rtept>
      <rtept lat="45.83165" lon="6.25485">
        <ele>1109.8</ele>
      </rtept>
      <rtept lat="45.83168" lon="6.25487">
        <ele>1110.4</ele>
      </rtept>
      <rtept lat="45.8317" lon="6.25487">
        <ele>1110.6</ele>
      </rtept>
      <rtept lat="45.83173" lon="6.25488">
        <ele>1111</ele>
      </rtept>
      <rtept lat="45.83175" lon="6.25488">
        <ele>1111</ele>
      </rtept>
      <rtept lat="45.83179" lon="6.25488">
        <ele>1111.6</ele>
      </rtept>
      <rtept lat="45.83181" lon="6.25488">
        <ele>1111.6</ele>
      </rtept>
      <rtept lat="45.83183" lon="6.25488">
        <ele>1111.8</ele>
      </rtept>
      <rtept lat="45.83185" lon="6.25487">
        <ele>1112.2</ele>
      </rtept>
      <rtept lat="45.83187" lon="6.25487">
        <ele>1112.4</ele>
      </rtept>
      <rtept lat="45.83189" lon="6.25487">
        <ele>1112.6</ele>
      </rtept>
      <rtept lat="45.83191" lon="6.25487">
        <ele>1113.4</ele>
      </rtept>
      <rtept lat="45.83193" lon="6.25488">
        <ele>1113.8</ele>
      </rtept>
      <rtept lat="45.83196" lon="6.25488">
        <ele>1114.8</ele>
      </rtept>
      <rtept lat="45.83197" lon="6.25488">
        <ele>1114.8</ele>
      </rtept>
      <rtept lat="45.83199" lon="6.25488">
        <ele>1115.2</ele>
      </rtept>
      <rtept lat="45.83201" lon="6.25488">
        <ele>1115.6</ele>
      </rtept>
      <rtept lat="45.83204" lon="6.25487">
        <ele>1115.8</ele>
      </rtept>
      <rtept lat="45.83206" lon="6.25487">
        <ele>1116</ele>
      </rtept>
      <rtept lat="45.83208" lon="6.25487">
        <ele>1116.8</ele>
      </rtept>
      <rtept lat="45.8321" lon="6.25487">
        <ele>1116.8</ele>
      </rtept>
      <rtept lat="45.83212" lon="6.25487">
        <ele>1117</ele>
      </rtept>
      <rtept lat="45.83214" lon="6.25486">
        <ele>1117.6</ele>
      </rtept>
      <rtept lat="45.83216" lon="6.25485">
        <ele>1118</ele>
      </rtept>
      <rtept lat="45.83218" lon="6.25485">
        <ele>1118.6</ele>
      </rtept>
      <rtept lat="45.83221" lon="6.25485">
        <ele>1119.2</ele>
      </rtept>
      <rtept lat="45.83223" lon="6.25485">
        <ele>1119.8</ele>
      </rtept>
      <rtept lat="45.83225" lon="6.25484">
        <ele>1120.2</ele>
      </rtept>
      <rtept lat="45.83228" lon="6.25484">
        <ele>1120.4</ele>
      </rtept>
      <rtept lat="45.8323" lon="6.25484">
        <ele>1120.6</ele>
      </rtept>
      <rtept lat="45.83232" lon="6.25484">
        <ele>1120.8</ele>
      </rtept>
      <rtept lat="45.83235" lon="6.25483">
        <ele>1121.8</ele>
      </rtept>
      <rtept lat="45.83237" lon="6.25483">
        <ele>1121.8</ele>
      </rtept>
      <rtept lat="45.83239" lon="6.25483">
        <ele>1122.8</ele>
      </rtept>
      <rtept lat="45.83241" lon="6.25484">
        <ele>1123.2</ele>
      </rtept>
      <rtept lat="45.83243" lon="6.25483">
        <ele>1123.4</ele>
      </rtept>
      <rtept lat="45.83245" lon="6.25482">
        <ele>1123.8</ele>
      </rtept>
      <rtept lat="45.83247" lon="6.25482">
        <ele>1124.2</ele>
      </rtept>
      <rtept lat="45.83249" lon="6.25481">
        <ele>1124.6</ele>
      </rtept>
      <rtept lat="45.83251" lon="6.25481">
        <ele>1124.6</ele>
      </rtept>
      <rtept lat="45.83254" lon="6.25479">
        <ele>1125.2</ele>
      </rtept>
      <rtept lat="45.83256" lon="6.25479">
        <ele>1125.6</ele>
      </rtept>
      <rtept lat="45.83258" lon="6.25478">
        <ele>1126.2</ele>
      </rtept>
      <rtept lat="45.83259" lon="6.25477">
        <ele>1127</ele>
      </rtept>
      <rtept lat="45.83262" lon="6.25477">
        <ele>1127.8</ele>
      </rtept>
      <rtept lat="45.83264" lon="6.25476">
        <ele>1128.2</ele>
      </rtept>
      <rtept lat="45.83266" lon="6.25475">
        <ele>1129</ele>
      </rtept>
      <rtept lat="45.83268" lon="6.25475">
        <ele>1129.6</ele>
      </rtept>
      <rtept lat="45.8327" lon="6.25475">
        <ele>1130.2</ele>
      </rtept>
      <rtept lat="45.83272" lon="6.25475">
        <ele>1130.8</ele>
      </rtept>
      <rtept lat="45.83275" lon="6.25474">
        <ele>1131.6</ele>
      </rtept>
      <rtept lat="45.83276" lon="6.25474">
        <ele>1131.6</ele>
      </rtept>
      <rtept lat="45.83278" lon="6.25472">
        <ele>1132</ele>
      </rtept>
      <rtept lat="45.83281" lon="6.25471">
        <ele>1132.2</ele>
      </rtept>
      <rtept lat="45.83285" lon="6.25469">
        <ele>1132.2</ele>
      </rtept>
      <rtept lat="45.83286" lon="6.25469">
        <ele>1132.4</ele>
      </rtept>
      <rtept lat="45.83288" lon="6.2547">
        <ele>1132.8</ele>
      </rtept>
      <rtept lat="45.83291" lon="6.25469">
        <ele>1133.8</ele>
      </rtept>
      <rtept lat="45.83292" lon="6.25468">
        <ele>1134</ele>
      </rtept>
      <rtept lat="45.83294" lon="6.25469">
        <ele>1134.6</ele>
      </rtept>
      <rtept lat="45.83296" lon="6.25469">
        <ele>1135.2</ele>
      </rtept>
      <rtept lat="45.83299" lon="6.2547">
        <ele>1135.8</ele>
      </rtept>
      <rtept lat="45.833" lon="6.2547">
        <ele>1135.8</ele>
      </rtept>
      <rtept lat="45.83302" lon="6.25471">
        <ele>1136.4</ele>
      </rtept>
      <rtept lat="45.83304" lon="6.25471">
        <ele>1136.6</ele>
      </rtept>
      <rtept lat="45.83306" lon="6.25471">
        <ele>1137.4</ele>
      </rtept>
      <rtept lat="45.83309" lon="6.25473">
        <ele>1137.6</ele>
      </rtept>
      <rtept lat="45.83311" lon="6.25475">
        <ele>1138.2</ele>
      </rtept>
      <rtept lat="45.83313" lon="6.25477">
        <ele>1138.4</ele>
      </rtept>
      <rtept lat="45.83316" lon="6.25477">
        <ele>1139.2</ele>
      </rtept>
      <rtept lat="45.83319" lon="6.25478">
        <ele>1139.8</ele>
      </rtept>
      <rtept lat="45.83321" lon="6.25478">
        <ele>1140</ele>
      </rtept>
      <rtept lat="45.83323" lon="6.25478">
        <ele>1140.2</ele>
      </rtept>
      <rtept lat="45.83325" lon="6.25479">
        <ele>1140.6</ele>
      </rtept>
      <rtept lat="45.83327" lon="6.2548">
        <ele>1141</ele>
      </rtept>
      <rtept lat="45.83331" lon="6.2548">
        <ele>1142</ele>
      </rtept>
      <rtept lat="45.83332" lon="6.2548">
        <ele>1142.4</ele>
      </rtept>
      <rtept lat="45.83335" lon="6.25481">
        <ele>1143</ele>
      </rtept>
      <rtept lat="45.83336" lon="6.25481">
        <ele>1143</ele>
      </rtept>
      <rtept lat="45.83338" lon="6.25481">
        <ele>1143.4</ele>
      </rtept>
      <rtept lat="45.83339" lon="6.2548">
        <ele>1143.8</ele>
      </rtept>
      <rtept lat="45.83342" lon="6.2548">
        <ele>1144</ele>
      </rtept>
      <rtept lat="45.83344" lon="6.2548">
        <ele>1144.6</ele>
      </rtept>
      <rtept lat="45.83346" lon="6.25481">
        <ele>1144.8</ele>
      </rtept>
      <rtept lat="45.83348" lon="6.25485">
        <ele>1145.8</ele>
      </rtept>
      <rtept lat="45.83348" lon="6.25487">
        <ele>1145.8</ele>
      </rtept>
      <rtept lat="45.83348" lon="6.25492">
        <ele>1146.4</ele>
      </rtept>
      <rtept lat="45.83348" lon="6.25493">
        <ele>1146.4</ele>
      </rtept>
      <rtept lat="45.83345" lon="6.25493">
        <ele>1147.4</ele>
      </rtept>
      <rtept lat="45.83344" lon="6.25495">
        <ele>1148</ele>
      </rtept>
      <rtept lat="45.83342" lon="6.25498">
        <ele>1148.2</ele>
      </rtept>
      <rtept lat="45.8334" lon="6.25499">
        <ele>1148.6</ele>
      </rtept>
      <rtept lat="45.83337" lon="6.25502">
        <ele>1149.4</ele>
      </rtept>
      <rtept lat="45.83335" lon="6.25504">
        <ele>1150.2</ele>
      </rtept>
      <rtept lat="45.83334" lon="6.25507">
        <ele>1150.4</ele>
      </rtept>
      <rtept lat="45.83332" lon="6.25508">
        <ele>1150.8</ele>
      </rtept>
      <rtept lat="45.83329" lon="6.25509">
        <ele>1151.2</ele>
      </rtept>
      <rtept lat="45.83327" lon="6.25511">
        <ele>1151.4</ele>
      </rtept>
      <rtept lat="45.83325" lon="6.25512">
        <ele>1152.2</ele>
      </rtept>
      <rtept lat="45.83322" lon="6.25513">
        <ele>1153.4</ele>
      </rtept>
      <rtept lat="45.8332" lon="6.25515">
        <ele>1154</ele>
      </rtept>
      <rtept lat="45.83319" lon="6.25516">
        <ele>1154.2</ele>
      </rtept>
      <rtept lat="45.83317" lon="6.25516">
        <ele>1154.8</ele>
      </rtept>
      <rtept lat="45.83315" lon="6.25517">
        <ele>1155</ele>
      </rtept>
      <rtept lat="45.83312" lon="6.25519">
        <ele>1155.8</ele>
      </rtept>
      <rtept lat="45.83311" lon="6.2552">
        <ele>1156</ele>
      </rtept>
      <rtept lat="45.8331" lon="6.25522">
        <ele>1156.2</ele>
      </rtept>
      <rtept lat="45.83307" lon="6.25525">
        <ele>1156.6</ele>
      </rtept>
      <rtept lat="45.83305" lon="6.25527">
        <ele>1157</ele>
      </rtept>
      <rtept lat="45.83304" lon="6.25528">
        <ele>1157</ele>
      </rtept>
      <rtept lat="45.83302" lon="6.25531">
        <ele>1158</ele>
      </rtept>
      <rtept lat="45.833" lon="6.25535">
        <ele>1158.4</ele>
      </rtept>
      <rtept lat="45.83302" lon="6.25536">
        <ele>1158.8</ele>
      </rtept>
      <rtept lat="45.83304" lon="6.25535">
        <ele>1159.6</ele>
      </rtept>
      <rtept lat="45.83306" lon="6.25535">
        <ele>1160.2</ele>
      </rtept>
      <rtept lat="45.83308" lon="6.25533">
        <ele>1160.4</ele>
      </rtept>
      <rtept lat="45.8331" lon="6.25531">
        <ele>1160.8</ele>
      </rtept>
      <rtept lat="45.83312" lon="6.2553">
        <ele>1161.4</ele>
      </rtept>
      <rtept lat="45.83316" lon="6.2553">
        <ele>1161.8</ele>
      </rtept>
      <rtept lat="45.8332" lon="6.25532">
        <ele>1162.2</ele>
      </rtept>
      <rtept lat="45.83321" lon="6.25533">
        <ele>1162.2</ele>
      </rtept>
      <rtept lat="45.83323" lon="6.25535">
        <ele>1162.8</ele>
      </rtept>
      <rtept lat="45.83323" lon="6.25538">
        <ele>1163</ele>
      </rtept>
      <rtept lat="45.83324" lon="6.2554">
        <ele>1163.6</ele>
      </rtept>
      <rtept lat="45.83325" lon="6.25543">
        <ele>1164</ele>
      </rtept>
      <rtept lat="45.83322" lon="6.25544">
        <ele>1164.4</ele>
      </rtept>
      <rtept lat="45.8332" lon="6.25544">
        <ele>1165.4</ele>
      </rtept>
      <rtept lat="45.83317" lon="6.25547">
        <ele>1166.2</ele>
      </rtept>
      <rtept lat="45.83315" lon="6.25547">
        <ele>1166.2</ele>
      </rtept>
      <rtept lat="45.83314" lon="6.25548">
        <ele>1167.2</ele>
      </rtept>
      <rtept lat="45.83311" lon="6.2555">
        <ele>1167.6</ele>
      </rtept>
      <rtept lat="45.83308" lon="6.25551">
        <ele>1168.2</ele>
      </rtept>
      <rtept lat="45.83305" lon="6.25553">
        <ele>1168.8</ele>
      </rtept>
      <rtept lat="45.83303" lon="6.25555">
        <ele>1169.2</ele>
      </rtept>
      <rtept lat="45.83302" lon="6.25557">
        <ele>1169.6</ele>
      </rtept>
      <rtept lat="45.833" lon="6.25559">
        <ele>1169.8</ele>
      </rtept>
      <rtept lat="45.83298" lon="6.25562">
        <ele>1170.2</ele>
      </rtept>
      <rtept lat="45.83296" lon="6.25565">
        <ele>1170.4</ele>
      </rtept>
      <rtept lat="45.83296" lon="6.25567">
        <ele>1171.6</ele>
      </rtept>
      <rtept lat="45.83298" lon="6.25566">
        <ele>1172.6</ele>
      </rtept>
      <rtept lat="45.83301" lon="6.25564">
        <ele>1172.8</ele>
      </rtept>
      <rtept lat="45.83302" lon="6.25564">
        <ele>1173</ele>
      </rtept>
      <rtept lat="45.83304" lon="6.25565">
        <ele>1173.8</ele>
      </rtept>
      <rtept lat="45.83306" lon="6.25566">
        <ele>1174.6</ele>
      </rtept>
      <rtept lat="45.83309" lon="6.25568">
        <ele>1175.2</ele>
      </rtept>
      <rtept lat="45.83307" lon="6.25569">
        <ele>1176</ele>
      </rtept>
      <rtept lat="45.83303" lon="6.2557">
        <ele>1176.6</ele>
      </rtept>
      <rtept lat="45.83301" lon="6.25573">
        <ele>1177</ele>
      </rtept>
      <rtept lat="45.83299" lon="6.25574">
        <ele>1178.2</ele>
      </rtept>
      <rtept lat="45.83297" lon="6.25576">
        <ele>1178.8</ele>
      </rtept>
      <rtept lat="45.83294" lon="6.2558">
        <ele>1179.2</ele>
      </rtept>
      <rtept lat="45.83293" lon="6.25581">
        <ele>1179.6</ele>
      </rtept>
      <rtept lat="45.83291" lon="6.25584">
        <ele>1179.8</ele>
      </rtept>
      <rtept lat="45.83289" lon="6.25586">
        <ele>1180</ele>
      </rtept>
      <rtept lat="45.83287" lon="6.25587">
        <ele>1180.6</ele>
      </rtept>
      <rtept lat="45.83285" lon="6.25589">
        <ele>1180.8</ele>
      </rtept>
      <rtept lat="45.83283" lon="6.25589">
        <ele>1181.2</ele>
      </rtept>
      <rtept lat="45.83281" lon="6.2559">
        <ele>1181.6</ele>
      </rtept>
      <rtept lat="45.83278" lon="6.2559">
        <ele>1182.2</ele>
      </rtept>
      <rtept lat="45.83276" lon="6.25591">
        <ele>1182.4</ele>
      </rtept>
      <rtept lat="45.83273" lon="6.25591">
        <ele>1182.4</ele>
      </rtept>
      <rtept lat="45.83271" lon="6.25591">
        <ele>1182.8</ele>
      </rtept>
      <rtept lat="45.83269" lon="6.25592">
        <ele>1183.4</ele>
      </rtept>
      <rtept lat="45.83267" lon="6.25594">
        <ele>1184</ele>
      </rtept>
      <rtept lat="45.83264" lon="6.25595">
        <ele>1184</ele>
      </rtept>
      <rtept lat="45.83262" lon="6.25596">
        <ele>1184.8</ele>
      </rtept>
      <rtept lat="45.83259" lon="6.25597">
        <ele>1185</ele>
      </rtept>
      <rtept lat="45.83256" lon="6.25597">
        <ele>1185.2</ele>
      </rtept>
      <rtept lat="45.83254" lon="6.25597">
        <ele>1185.8</ele>
      </rtept>
      <rtept lat="45.83252" lon="6.25597">
        <ele>1186.8</ele>
      </rtept>
      <rtept lat="45.83249" lon="6.25597">
        <ele>1187</ele>
      </rtept>
      <rtept lat="45.83247" lon="6.25597">
        <ele>1187.4</ele>
      </rtept>
      <rtept lat="45.83245" lon="6.25597">
        <ele>1187.8</ele>
      </rtept>
      <rtept lat="45.83242" lon="6.25598">
        <ele>1188.4</ele>
      </rtept>
      <rtept lat="45.83241" lon="6.25597">
        <ele>1189</ele>
      </rtept>
      <rtept lat="45.83239" lon="6.25598">
        <ele>1189.8</ele>
      </rtept>
      <rtept lat="45.83237" lon="6.25599">
        <ele>1190.4</ele>
      </rtept>
      <rtept lat="45.83235" lon="6.25601">
        <ele>1191.2</ele>
      </rtept>
      <rtept lat="45.83235" lon="6.25603">
        <ele>1191.6</ele>
      </rtept>
      <rtept lat="45.83233" lon="6.25605">
        <ele>1192.4</ele>
      </rtept>
      <rtept lat="45.83232" lon="6.25608">
        <ele>1193</ele>
      </rtept>
      <rtept lat="45.83231" lon="6.25611">
        <ele>1193.4</ele>
      </rtept>
      <rtept lat="45.83228" lon="6.25611">
        <ele>1194</ele>
      </rtept>
      <rtept lat="45.83227" lon="6.25613">
        <ele>1194.8</ele>
      </rtept>
      <rtept lat="45.83229" lon="6.25613">
        <ele>1195.4</ele>
      </rtept>
      <rtept lat="45.83231" lon="6.25612">
        <ele>1196.2</ele>
      </rtept>
      <rtept lat="45.83233" lon="6.2561">
        <ele>1196.8</ele>
      </rtept>
      <rtept lat="45.83235" lon="6.2561">
        <ele>1198.2</ele>
      </rtept>
      <rtept lat="45.83237" lon="6.2561">
        <ele>1198.8</ele>
      </rtept>
      <rtept lat="45.8324" lon="6.25611">
        <ele>1199.2</ele>
      </rtept>
      <rtept lat="45.83243" lon="6.25613">
        <ele>1199.6</ele>
      </rtept>
      <rtept lat="45.83246" lon="6.25615">
        <ele>1200.2</ele>
      </rtept>
      <rtept lat="45.83247" lon="6.25617">
        <ele>1200.2</ele>
      </rtept>
      <rtept lat="45.83249" lon="6.25619">
        <ele>1200.6</ele>
      </rtept>
      <rtept lat="45.8325" lon="6.25621">
        <ele>1201</ele>
      </rtept>
      <rtept lat="45.83252" lon="6.25622">
        <ele>1201.4</ele>
      </rtept>
      <rtept lat="45.83254" lon="6.25623">
        <ele>1201.8</ele>
      </rtept>
      <rtept lat="45.83256" lon="6.25624">
        <ele>1202</ele>
      </rtept>
      <rtept lat="45.83258" lon="6.25626">
        <ele>1202.2</ele>
      </rtept>
      <rtept lat="45.83259" lon="6.25627">
        <ele>1202.8</ele>
      </rtept>
      <rtept lat="45.83261" lon="6.25629">
        <ele>1203.8</ele>
      </rtept>
      <rtept lat="45.83263" lon="6.2563">
        <ele>1204.8</ele>
      </rtept>
      <rtept lat="45.83266" lon="6.25631">
        <ele>1204.8</ele>
      </rtept>
      <rtept lat="45.83268" lon="6.25632">
        <ele>1205.4</ele>
      </rtept>
      <rtept lat="45.8327" lon="6.25632">
        <ele>1206.4</ele>
      </rtept>
      <rtept lat="45.83273" lon="6.25633">
        <ele>1206.6</ele>
      </rtept>
      <rtept lat="45.83275" lon="6.25633">
        <ele>1206.8</ele>
      </rtept>
      <rtept lat="45.83277" lon="6.25634">
        <ele>1207</ele>
      </rtept>
      <rtept lat="45.83279" lon="6.25635">
        <ele>1207.4</ele>
      </rtept>
      <rtept lat="45.83277" lon="6.25638">
        <ele>1208.2</ele>
      </rtept>
      <rtept lat="45.83276" lon="6.25638">
        <ele>1209.2</ele>
      </rtept>
      <rtept lat="45.83273" lon="6.25639">
        <ele>1209.4</ele>
      </rtept>
      <rtept lat="45.83271" lon="6.2564">
        <ele>1210</ele>
      </rtept>
      <rtept lat="45.83268" lon="6.25641">
        <ele>1210.4</ele>
      </rtept>
      <rtept lat="45.83267" lon="6.25643">
        <ele>1210.6</ele>
      </rtept>
      <rtept lat="45.83265" lon="6.25645">
        <ele>1211.4</ele>
      </rtept>
      <rtept lat="45.83263" lon="6.25647">
        <ele>1211.6</ele>
      </rtept>
      <rtept lat="45.83261" lon="6.25648">
        <ele>1211.8</ele>
      </rtept>
      <rtept lat="45.83259" lon="6.25649">
        <ele>1212.6</ele>
      </rtept>
      <rtept lat="45.83256" lon="6.25651">
        <ele>1212.8</ele>
      </rtept>
      <rtept lat="45.83253" lon="6.25652">
        <ele>1213.4</ele>
      </rtept>
      <rtept lat="45.8325" lon="6.25653">
        <ele>1213.8</ele>
      </rtept>
      <rtept lat="45.83248" lon="6.25654">
        <ele>1214.6</ele>
      </rtept>
      <rtept lat="45.83246" lon="6.25654">
        <ele>1214.6</ele>
      </rtept>
      <rtept lat="45.83244" lon="6.25655">
        <ele>1215</ele>
      </rtept>
      <rtept lat="45.83242" lon="6.25656">
        <ele>1215.6</ele>
      </rtept>
      <rtept lat="45.8324" lon="6.25658">
        <ele>1215.8</ele>
      </rtept>
      <rtept lat="45.83239" lon="6.25661">
        <ele>1216.4</ele>
      </rtept>
      <rtept lat="45.83237" lon="6.25663">
        <ele>1216.6</ele>
      </rtept>
      <rtept lat="45.83235" lon="6.25664">
        <ele>1217.2</ele>
      </rtept>
      <rtept lat="45.83233" lon="6.25666">
        <ele>1217.8</ele>
      </rtept>
      <rtept lat="45.83231" lon="6.25667">
        <ele>1218.2</ele>
      </rtept>
      <rtept lat="45.83229" lon="6.25668">
        <ele>1218.4</ele>
      </rtept>
      <rtept lat="45.83227" lon="6.25668">
        <ele>1219</ele>
      </rtept>
      <rtept lat="45.83225" lon="6.25669">
        <ele>1219.4</ele>
      </rtept>
      <rtept lat="45.83222" lon="6.25669">
        <ele>1219.8</ele>
      </rtept>
      <rtept lat="45.83221" lon="6.2567">
        <ele>1220</ele>
      </rtept>
      <rtept lat="45.83218" lon="6.25671">
        <ele>1220.6</ele>
      </rtept>
      <rtept lat="45.83216" lon="6.25673">
        <ele>1221</ele>
      </rtept>
      <rtept lat="45.83214" lon="6.25673">
        <ele>1221.4</ele>
      </rtept>
      <rtept lat="45.83212" lon="6.25674">
        <ele>1221.4</ele>
      </rtept>
      <rtept lat="45.8321" lon="6.25675">
        <ele>1221.8</ele>
      </rtept>
      <rtept lat="45.83208" lon="6.25675">
        <ele>1222.2</ele>
      </rtept>
      <rtept lat="45.83205" lon="6.25674">
        <ele>1222.6</ele>
      </rtept>
      <rtept lat="45.83204" lon="6.25675">
        <ele>1223.2</ele>
      </rtept>
      <rtept lat="45.83207" lon="6.25676">
        <ele>1224.6</ele>
      </rtept>
      <rtept lat="45.83208" lon="6.25676">
        <ele>1224.6</ele>
      </rtept>
      <rtept lat="45.83211" lon="6.25677">
        <ele>1225</ele>
      </rtept>
      <rtept lat="45.83214" lon="6.25678">
        <ele>1225.8</ele>
      </rtept>
      <rtept lat="45.83215" lon="6.25678">
        <ele>1226.2</ele>
      </rtept>
      <rtept lat="45.83217" lon="6.25679">
        <ele>1226.6</ele>
      </rtept>
      <rtept lat="45.8322" lon="6.2568">
        <ele>1227</ele>
      </rtept>
      <rtept lat="45.83223" lon="6.2568">
        <ele>1227.6</ele>
      </rtept>
      <rtept lat="45.83224" lon="6.25681">
        <ele>1228</ele>
      </rtept>
      <rtept lat="45.83227" lon="6.25681">
        <ele>1228.4</ele>
      </rtept>
      <rtept lat="45.83229" lon="6.25681">
        <ele>1228.4</ele>
      </rtept>
      <rtept lat="45.83231" lon="6.25683">
        <ele>1228.6</ele>
      </rtept>
      <rtept lat="45.83233" lon="6.25684">
        <ele>1229</ele>
      </rtept>
      <rtept lat="45.83235" lon="6.25685">
        <ele>1229.6</ele>
      </rtept>
      <rtept lat="45.83237" lon="6.25686">
        <ele>1230.2</ele>
      </rtept>
      <rtept lat="45.83239" lon="6.25686">
        <ele>1230.6</ele>
      </rtept>
      <rtept lat="45.83241" lon="6.25686">
        <ele>1231.4</ele>
      </rtept>
      <rtept lat="45.83244" lon="6.25687">
        <ele>1231.8</ele>
      </rtept>
      <rtept lat="45.83246" lon="6.25689">
        <ele>1232.4</ele>
      </rtept>
      <rtept lat="45.83248" lon="6.25691">
        <ele>1232.8</ele>
      </rtept>
      <rtept lat="45.83249" lon="6.25694">
        <ele>1233.2</ele>
      </rtept>
      <rtept lat="45.83251" lon="6.25697">
        <ele>1233.6</ele>
      </rtept>
      <rtept lat="45.83252" lon="6.25698">
        <ele>1233.6</ele>
      </rtept>
      <rtept lat="45.83253" lon="6.25701">
        <ele>1234.4</ele>
      </rtept>
      <rtept lat="45.83254" lon="6.25704">
        <ele>1234.6</ele>
      </rtept>
      <rtept lat="45.83255" lon="6.25707">
        <ele>1235</ele>
      </rtept>
      <rtept lat="45.83257" lon="6.25709">
        <ele>1235.4</ele>
      </rtept>
      <rtept lat="45.83257" lon="6.25712">
        <ele>1235.8</ele>
      </rtept>
      <rtept lat="45.83259" lon="6.25714">
        <ele>1236.2</ele>
      </rtept>
      <rtept lat="45.8326" lon="6.25718">
        <ele>1237</ele>
      </rtept>
      <rtept lat="45.83261" lon="6.25719">
        <ele>1237</ele>
      </rtept>
      <rtept lat="45.83262" lon="6.25722">
        <ele>1237</ele>
      </rtept>
      <rtept lat="45.83263" lon="6.25725">
        <ele>1237.4</ele>
      </rtept>
      <rtept lat="45.83262" lon="6.25726">
        <ele>1238.6</ele>
      </rtept>
      <rtept lat="45.83259" lon="6.25726">
        <ele>1240.2</ele>
      </rtept>
      <rtept lat="45.83258" lon="6.25726">
        <ele>1241.4</ele>
      </rtept>
      <rtept lat="45.83255" lon="6.25725">
        <ele>1241.8</ele>
      </rtept>
      <rtept lat="45.83251" lon="6.25724">
        <ele>1242</ele>
      </rtept>
      <rtept lat="45.83249" lon="6.25723">
        <ele>1242.6</ele>
      </rtept>
      <rtept lat="45.83247" lon="6.25722">
        <ele>1243.2</ele>
      </rtept>
      <rtept lat="45.83244" lon="6.2572">
        <ele>1243.4</ele>
      </rtept>
      <rtept lat="45.83242" lon="6.25719">
        <ele>1243.6</ele>
      </rtept>
      <rtept lat="45.8324" lon="6.25719">
        <ele>1244</ele>
      </rtept>
      <rtept lat="45.83238" lon="6.25718">
        <ele>1244.4</ele>
      </rtept>
      <rtept lat="45.83235" lon="6.25719">
        <ele>1244.4</ele>
      </rtept>
      <rtept lat="45.83232" lon="6.2572">
        <ele>1245</ele>
      </rtept>
      <rtept lat="45.8323" lon="6.25719">
        <ele>1245.2</ele>
      </rtept>
      <rtept lat="45.83227" lon="6.2572">
        <ele>1246</ele>
      </rtept>
      <rtept lat="45.83226" lon="6.2572">
        <ele>1246.2</ele>
      </rtept>
      <rtept lat="45.83223" lon="6.2572">
        <ele>1246.2</ele>
      </rtept>
      <rtept lat="45.83221" lon="6.25719">
        <ele>1247</ele>
      </rtept>
      <rtept lat="45.83219" lon="6.25718">
        <ele>1247.4</ele>
      </rtept>
      <rtept lat="45.83216" lon="6.25718">
        <ele>1248</ele>
      </rtept>
      <rtept lat="45.83214" lon="6.25719">
        <ele>1248.2</ele>
      </rtept>
      <rtept lat="45.83211" lon="6.25719">
        <ele>1248.6</ele>
      </rtept>
      <rtept lat="45.8321" lon="6.2572">
        <ele>1249</ele>
      </rtept>
      <rtept lat="45.83207" lon="6.25721">
        <ele>1249.4</ele>
      </rtept>
      <rtept lat="45.83208" lon="6.25723">
        <ele>1250.6</ele>
      </rtept>
      <rtept lat="45.8321" lon="6.25724">
        <ele>1251.2</ele>
      </rtept>
      <rtept lat="45.83213" lon="6.25723">
        <ele>1252</ele>
      </rtept>
      <rtept lat="45.83215" lon="6.25724">
        <ele>1252.4</ele>
      </rtept>
      <rtept lat="45.83218" lon="6.25724">
        <ele>1253</ele>
      </rtept>
      <rtept lat="45.83221" lon="6.25726">
        <ele>1253.6</ele>
      </rtept>
      <rtept lat="45.83224" lon="6.25727">
        <ele>1253.6</ele>
      </rtept>
      <rtept lat="45.83225" lon="6.25727">
        <ele>1253.8</ele>
      </rtept>
      <rtept lat="45.83226" lon="6.2573">
        <ele>1254.6</ele>
      </rtept>
      <rtept lat="45.83228" lon="6.25731">
        <ele>1255</ele>
      </rtept>
      <rtept lat="45.83231" lon="6.25732">
        <ele>1255.4</ele>
      </rtept>
      <rtept lat="45.83233" lon="6.25734">
        <ele>1256.2</ele>
      </rtept>
      <rtept lat="45.83235" lon="6.25734">
        <ele>1256.8</ele>
      </rtept>
      <rtept lat="45.83237" lon="6.25736">
        <ele>1257.2</ele>
      </rtept>
      <rtept lat="45.83239" lon="6.25738">
        <ele>1257.6</ele>
      </rtept>
      <rtept lat="45.83241" lon="6.25739">
        <ele>1258.2</ele>
      </rtept>
      <rtept lat="45.83243" lon="6.25742">
        <ele>1259</ele>
      </rtept>
      <rtept lat="45.83245" lon="6.25743">
        <ele>1259.2</ele>
      </rtept>
      <rtept lat="45.83247" lon="6.25745">
        <ele>1259.6</ele>
      </rtept>
      <rtept lat="45.83249" lon="6.25749">
        <ele>1260.4</ele>
      </rtept>
      <rtept lat="45.8325" lon="6.2575">
        <ele>1260.6</ele>
      </rtept>
      <rtept lat="45.83252" lon="6.25753">
        <ele>1261</ele>
      </rtept>
      <rtept lat="45.83253" lon="6.25754">
        <ele>1261</ele>
      </rtept>
      <rtept lat="45.83255" lon="6.25757">
        <ele>1261.8</ele>
      </rtept>
      <rtept lat="45.83255" lon="6.25759">
        <ele>1262</ele>
      </rtept>
      <rtept lat="45.83256" lon="6.25761">
        <ele>1262.4</ele>
      </rtept>
      <rtept lat="45.83258" lon="6.25765">
        <ele>1263.2</ele>
      </rtept>
      <rtept lat="45.83259" lon="6.25766">
        <ele>1263.8</ele>
      </rtept>
      <rtept lat="45.8326" lon="6.25768">
        <ele>1264</ele>
      </rtept>
      <rtept lat="45.83258" lon="6.2577">
        <ele>1264.8</ele>
      </rtept>
      <rtept lat="45.83256" lon="6.2577">
        <ele>1265.4</ele>
      </rtept>
      <rtept lat="45.83254" lon="6.25769">
        <ele>1265.6</ele>
      </rtept>
      <rtept lat="45.83252" lon="6.25769">
        <ele>1266.2</ele>
      </rtept>
      <rtept lat="45.8325" lon="6.25768">
        <ele>1267</ele>
      </rtept>
      <rtept lat="45.83246" lon="6.25765">
        <ele>1267.2</ele>
      </rtept>
      <rtept lat="45.83245" lon="6.25765">
        <ele>1267.2</ele>
      </rtept>
      <rtept lat="45.83243" lon="6.25765">
        <ele>1267.4</ele>
      </rtept>
      <rtept lat="45.83241" lon="6.25764">
        <ele>1268</ele>
      </rtept>
      <rtept lat="45.83238" lon="6.25763">
        <ele>1268.6</ele>
      </rtept>
      <rtept lat="45.83235" lon="6.2576">
        <ele>1269</ele>
      </rtept>
      <rtept lat="45.83234" lon="6.2576">
        <ele>1269</ele>
      </rtept>
      <rtept lat="45.83231" lon="6.25759">
        <ele>1269.6</ele>
      </rtept>
      <rtept lat="45.8323" lon="6.25759">
        <ele>1270.4</ele>
      </rtept>
      <rtept lat="45.83229" lon="6.25762">
        <ele>1271.4</ele>
      </rtept>
      <rtept lat="45.8323" lon="6.25759">
        <ele>1272.2</ele>
      </rtept>
      <rtept lat="45.83231" lon="6.25758">
        <ele>1273.8</ele>
      </rtept>
      <rtept lat="45.83234" lon="6.2576">
        <ele>1273.8</ele>
      </rtept>
      <rtept lat="45.83235" lon="6.25761">
        <ele>1273.8</ele>
      </rtept>
      <rtept lat="45.83237" lon="6.25763">
        <ele>1274</ele>
      </rtept>
      <rtept lat="45.8324" lon="6.25766">
        <ele>1274.6</ele>
      </rtept>
      <rtept lat="45.83241" lon="6.25767">
        <ele>1274.6</ele>
      </rtept>
      <rtept lat="45.83244" lon="6.25772">
        <ele>1275.2</ele>
      </rtept>
      <rtept lat="45.83245" lon="6.25773">
        <ele>1275.4</ele>
      </rtept>
      <rtept lat="45.83247" lon="6.25775">
        <ele>1276.2</ele>
      </rtept>
      <rtept lat="45.83247" lon="6.25777">
        <ele>1276.8</ele>
      </rtept>
      <rtept lat="45.8325" lon="6.25781">
        <ele>1278.2</ele>
      </rtept>
      <rtept lat="45.83251" lon="6.25781">
        <ele>1278.4</ele>
      </rtept>
      <rtept lat="45.83253" lon="6.25784">
        <ele>1278.8</ele>
      </rtept>
      <rtept lat="45.83255" lon="6.25785">
        <ele>1279.4</ele>
      </rtept>
      <rtept lat="45.83256" lon="6.25787">
        <ele>1279.8</ele>
      </rtept>
      <rtept lat="45.83258" lon="6.25788">
        <ele>1280.4</ele>
      </rtept>
      <rtept lat="45.83259" lon="6.25791">
        <ele>1281</ele>
      </rtept>
      <rtept lat="45.8326" lon="6.25794">
        <ele>1281</ele>
      </rtept>
      <rtept lat="45.83261" lon="6.25796">
        <ele>1281</ele>
      </rtept>
      <rtept lat="45.83263" lon="6.25798">
        <ele>1281.8</ele>
      </rtept>
      <rtept lat="45.83265" lon="6.258">
        <ele>1281.8</ele>
      </rtept>
      <rtept lat="45.83267" lon="6.25803">
        <ele>1282.6</ele>
      </rtept>
      <rtept lat="45.83268" lon="6.25803">
        <ele>1282.8</ele>
      </rtept>
      <rtept lat="45.83269" lon="6.25806">
        <ele>1283.2</ele>
      </rtept>
      <rtept lat="45.83271" lon="6.25808">
        <ele>1283.8</ele>
      </rtept>
      <rtept lat="45.83272" lon="6.2581">
        <ele>1284.4</ele>
      </rtept>
      <rtept lat="45.83274" lon="6.25811">
        <ele>1285.2</ele>
      </rtept>
      <rtept lat="45.83276" lon="6.25813">
        <ele>1285.8</ele>
      </rtept>
      <rtept lat="45.83278" lon="6.25816">
        <ele>1286.4</ele>
      </rtept>
      <rtept lat="45.83279" lon="6.25818">
        <ele>1286.6</ele>
      </rtept>
      <rtept lat="45.8328" lon="6.2582">
        <ele>1287</ele>
      </rtept>
      <rtept lat="45.83281" lon="6.25823">
        <ele>1287.8</ele>
      </rtept>
      <rtept lat="45.83282" lon="6.25825">
        <ele>1288.6</ele>
      </rtept>
      <rtept lat="45.83283" lon="6.25828">
        <ele>1288.8</ele>
      </rtept>
      <rtept lat="45.83284" lon="6.25832">
        <ele>1289.6</ele>
      </rtept>
      <rtept lat="45.83286" lon="6.25835">
        <ele>1289.8</ele>
      </rtept>
      <rtept lat="45.83287" lon="6.25839">
        <ele>1290.6</ele>
      </rtept>
      <rtept lat="45.83288" lon="6.2584">
        <ele>1290.6</ele>
      </rtept>
      <rtept lat="45.8329" lon="6.25843">
        <ele>1291</ele>
      </rtept>
      <rtept lat="45.83291" lon="6.25844">
        <ele>1291.2</ele>
      </rtept>
      <rtept lat="45.83292" lon="6.25846">
        <ele>1291.6</ele>
      </rtept>
      <rtept lat="45.83294" lon="6.25847">
        <ele>1292</ele>
      </rtept>
      <rtept lat="45.83296" lon="6.2585">
        <ele>1292.6</ele>
      </rtept>
      <rtept lat="45.83297" lon="6.25853">
        <ele>1292.8</ele>
      </rtept>
      <rtept lat="45.83298" lon="6.25855">
        <ele>1293</ele>
      </rtept>
      <rtept lat="45.833" lon="6.25858">
        <ele>1293.2</ele>
      </rtept>
      <rtept lat="45.83301" lon="6.25861">
        <ele>1294</ele>
      </rtept>
      <rtept lat="45.83301" lon="6.25864">
        <ele>1294.2</ele>
      </rtept>
      <rtept lat="45.83301" lon="6.25865">
        <ele>1294.4</ele>
      </rtept>
      <rtept lat="45.83302" lon="6.25868">
        <ele>1295.2</ele>
      </rtept>
      <rtept lat="45.83304" lon="6.2587">
        <ele>1295.6</ele>
      </rtept>
      <rtept lat="45.83304" lon="6.25874">
        <ele>1296</ele>
      </rtept>
      <rtept lat="45.83305" lon="6.25877">
        <ele>1296.6</ele>
      </rtept>
      <rtept lat="45.83305" lon="6.2588">
        <ele>1297</ele>
      </rtept>
      <rtept lat="45.83306" lon="6.25883">
        <ele>1297.2</ele>
      </rtept>
      <rtept lat="45.83307" lon="6.25887">
        <ele>1298</ele>
      </rtept>
      <rtept lat="45.83308" lon="6.25888">
        <ele>1298</ele>
      </rtept>
      <rtept lat="45.83309" lon="6.25893">
        <ele>1299</ele>
      </rtept>
      <rtept lat="45.83309" lon="6.25894">
        <ele>1299.2</ele>
      </rtept>
      <rtept lat="45.83311" lon="6.25898">
        <ele>1299.4</ele>
      </rtept>
      <rtept lat="45.83315" lon="6.25901">
        <ele>1299.4</ele>
      </rtept>
      <rtept lat="45.83315" lon="6.25903">
        <ele>1299.6</ele>
      </rtept>
      <rtept lat="45.83317" lon="6.25905">
        <ele>1299.8</ele>
      </rtept>
      <rtept lat="45.83318" lon="6.25907">
        <ele>1300.4</ele>
      </rtept>
      <rtept lat="45.8332" lon="6.2591">
        <ele>1301.2</ele>
      </rtept>
      <rtept lat="45.83322" lon="6.25913">
        <ele>1302</ele>
      </rtept>
      <rtept lat="45.83323" lon="6.25915">
        <ele>1302.4</ele>
      </rtept>
      <rtept lat="45.83323" lon="6.25918">
        <ele>1303.2</ele>
      </rtept>
      <rtept lat="45.83324" lon="6.25921">
        <ele>1303.4</ele>
      </rtept>
      <rtept lat="45.83325" lon="6.25924">
        <ele>1303.8</ele>
      </rtept>
      <rtept lat="45.83326" lon="6.25927">
        <ele>1304.4</ele>
      </rtept>
      <rtept lat="45.83327" lon="6.25929">
        <ele>1304.4</ele>
      </rtept>
      <rtept lat="45.83329" lon="6.25932">
        <ele>1304.8</ele>
      </rtept>
      <rtept lat="45.8333" lon="6.25934">
        <ele>1305.6</ele>
      </rtept>
      <rtept lat="45.83329" lon="6.25937">
        <ele>1306.2</ele>
      </rtept>
      <rtept lat="45.8333" lon="6.25939">
        <ele>1306.8</ele>
      </rtept>
      <rtept lat="45.8333" lon="6.25942">
        <ele>1307.8</ele>
      </rtept>
      <rtept lat="45.83331" lon="6.25945">
        <ele>1307.8</ele>
      </rtept>
      <rtept lat="45.83333" lon="6.25949">
        <ele>1308.4</ele>
      </rtept>
      <rtept lat="45.83334" lon="6.25952">
        <ele>1308.6</ele>
      </rtept>
      <rtept lat="45.83336" lon="6.25956">
        <ele>1309.2</ele>
      </rtept>
      <rtept lat="45.83337" lon="6.25957">
        <ele>1309.4</ele>
      </rtept>
      <rtept lat="45.83339" lon="6.2596">
        <ele>1309.4</ele>
      </rtept>
      <rtept lat="45.83339" lon="6.25963">
        <ele>1309.6</ele>
      </rtept>
      <rtept lat="45.8334" lon="6.25966">
        <ele>1310.2</ele>
      </rtept>
      <rtept lat="45.83341" lon="6.25968">
        <ele>1311.6</ele>
      </rtept>
      <rtept lat="45.83341" lon="6.25971">
        <ele>1312.4</ele>
      </rtept>
      <rtept lat="45.83342" lon="6.25974">
        <ele>1312.8</ele>
      </rtept>
      <rtept lat="45.83342" lon="6.25978">
        <ele>1313.4</ele>
      </rtept>
      <rtept lat="45.83344" lon="6.25983">
        <ele>1313.8</ele>
      </rtept>
      <rtept lat="45.83344" lon="6.25984">
        <ele>1313.8</ele>
      </rtept>
      <rtept lat="45.83344" lon="6.25987">
        <ele>1314.4</ele>
      </rtept>
      <rtept lat="45.83344" lon="6.25989">
        <ele>1315</ele>
      </rtept>
      <rtept lat="45.83345" lon="6.25993">
        <ele>1316</ele>
      </rtept>
      <rtept lat="45.83346" lon="6.25994">
        <ele>1316</ele>
      </rtept>
      <rtept lat="45.83346" lon="6.25998">
        <ele>1316.4</ele>
      </rtept>
      <rtept lat="45.83347" lon="6.26001">
        <ele>1316.6</ele>
      </rtept>
      <rtept lat="45.83348" lon="6.26005">
        <ele>1317</ele>
      </rtept>
      <rtept lat="45.83349" lon="6.26007">
        <ele>1317.6</ele>
      </rtept>
      <rtept lat="45.8335" lon="6.26011">
        <ele>1318.2</ele>
      </rtept>
      <rtept lat="45.83347" lon="6.26011">
        <ele>1319.2</ele>
      </rtept>
      <rtept lat="45.83346" lon="6.2601">
        <ele>1319.6</ele>
      </rtept>
      <rtept lat="45.83345" lon="6.26007">
        <ele>1320.2</ele>
      </rtept>
      <rtept lat="45.83344" lon="6.26004">
        <ele>1320.6</ele>
      </rtept>
      <rtept lat="45.83344" lon="6.26001">
        <ele>1320.4</ele>
      </rtept>
      <rtept lat="45.83341" lon="6.25999">
        <ele>1320.6</ele>
      </rtept>
      <rtept lat="45.83339" lon="6.25998">
        <ele>1321.8</ele>
      </rtept>
      <rtept lat="45.83337" lon="6.25998">
        <ele>1321.8</ele>
      </rtept>
      <rtept lat="45.83335" lon="6.25997">
        <ele>1322.4</ele>
      </rtept>
      <rtept lat="45.83333" lon="6.25996">
        <ele>1324</ele>
      </rtept>
      <rtept lat="45.83331" lon="6.25993">
        <ele>1324.4</ele>
      </rtept>
      <rtept lat="45.83328" lon="6.25992">
        <ele>1324.6</ele>
      </rtept>
      <rtept lat="45.83326" lon="6.2599">
        <ele>1324.8</ele>
      </rtept>
      <rtept lat="45.83323" lon="6.25989">
        <ele>1325.2</ele>
      </rtept>
      <rtept lat="45.83322" lon="6.25987">
        <ele>1325.4</ele>
      </rtept>
      <rtept lat="45.8332" lon="6.25984">
        <ele>1326</ele>
      </rtept>
      <rtept lat="45.83317" lon="6.25981">
        <ele>1326.6</ele>
      </rtept>
      <rtept lat="45.83317" lon="6.25979">
        <ele>1326.8</ele>
      </rtept>
      <rtept lat="45.83316" lon="6.25976">
        <ele>1328</ele>
      </rtept>
      <rtept lat="45.83314" lon="6.25974">
        <ele>1329.2</ele>
      </rtept>
      <rtept lat="45.83313" lon="6.25973">
        <ele>1329.6</ele>
      </rtept>
      <rtept lat="45.83311" lon="6.25971">
        <ele>1329.8</ele>
      </rtept>
      <rtept lat="45.83309" lon="6.25969">
        <ele>1329.8</ele>
      </rtept>
      <rtept lat="45.83307" lon="6.25968">
        <ele>1329.8</ele>
      </rtept>
      <rtept lat="45.83305" lon="6.25968">
        <ele>1330.2</ele>
      </rtept>
      <rtept lat="45.83303" lon="6.25966">
        <ele>1330.4</ele>
      </rtept>
      <rtept lat="45.83301" lon="6.25965">
        <ele>1330.8</ele>
      </rtept>
      <rtept lat="45.83298" lon="6.25963">
        <ele>1331.4</ele>
      </rtept>
      <rtept lat="45.83297" lon="6.25963">
        <ele>1331.8</ele>
      </rtept>
      <rtept lat="45.83296" lon="6.25962">
        <ele>1332.2</ele>
      </rtept>
      <rtept lat="45.83294" lon="6.2596">
        <ele>1332.8</ele>
      </rtept>
      <rtept lat="45.83292" lon="6.25958">
        <ele>1333.6</ele>
      </rtept>
      <rtept lat="45.83292" lon="6.2596">
        <ele>1335.6</ele>
      </rtept>
      <rtept lat="45.83293" lon="6.25963">
        <ele>1336</ele>
      </rtept>
      <rtept lat="45.83294" lon="6.25965">
        <ele>1336.8</ele>
      </rtept>
      <rtept lat="45.83296" lon="6.25968">
        <ele>1337.4</ele>
      </rtept>
      <rtept lat="45.83297" lon="6.2597">
        <ele>1337.8</ele>
      </rtept>
      <rtept lat="45.83297" lon="6.25973">
        <ele>1338.4</ele>
      </rtept>
      <rtept lat="45.83298" lon="6.25976">
        <ele>1338.6</ele>
      </rtept>
      <rtept lat="45.83299" lon="6.25979">
        <ele>1339.4</ele>
      </rtept>
      <rtept lat="45.83301" lon="6.25981">
        <ele>1339.8</ele>
      </rtept>
      <rtept lat="45.83301" lon="6.25985">
        <ele>1340.2</ele>
      </rtept>
      <rtept lat="45.83301" lon="6.25987">
        <ele>1340.2</ele>
      </rtept>
      <rtept lat="45.83302" lon="6.25989">
        <ele>1340.6</ele>
      </rtept>
      <rtept lat="45.83304" lon="6.25993">
        <ele>1341.2</ele>
      </rtept>
      <rtept lat="45.83304" lon="6.25997">
        <ele>1341.4</ele>
      </rtept>
      <rtept lat="45.83305" lon="6.25999">
        <ele>1342.6</ele>
      </rtept>
      <rtept lat="45.83306" lon="6.26001">
        <ele>1342.6</ele>
      </rtept>
      <rtept lat="45.83308" lon="6.26003">
        <ele>1343</ele>
      </rtept>
      <rtept lat="45.8331" lon="6.26005">
        <ele>1343.4</ele>
      </rtept>
      <rtept lat="45.83311" lon="6.26008">
        <ele>1344</ele>
      </rtept>
      <rtept lat="45.83312" lon="6.2601">
        <ele>1344.2</ele>
      </rtept>
      <rtept lat="45.83312" lon="6.26015">
        <ele>1345</ele>
      </rtept>
      <rtept lat="45.83312" lon="6.26016">
        <ele>1345.4</ele>
      </rtept>
      <rtept lat="45.83312" lon="6.26019">
        <ele>1345.6</ele>
      </rtept>
      <rtept lat="45.83313" lon="6.26023">
        <ele>1347</ele>
      </rtept>
      <rtept lat="45.83313" lon="6.26027">
        <ele>1346.8</ele>
      </rtept>
      <rtept lat="45.83313" lon="6.26029">
        <ele>1346.8</ele>
      </rtept>
      <rtept lat="45.83313" lon="6.26031">
        <ele>1347.2</ele>
      </rtept>
      <rtept lat="45.83313" lon="6.26036">
        <ele>1347.6</ele>
      </rtept>
      <rtept lat="45.83312" lon="6.26038">
        <ele>1347.6</ele>
      </rtept>
      <rtept lat="45.83312" lon="6.26041">
        <ele>1347.8</ele>
      </rtept>
      <rtept lat="45.83313" lon="6.26045">
        <ele>1348.2</ele>
      </rtept>
      <rtept lat="45.83313" lon="6.26046">
        <ele>1348.6</ele>
      </rtept>
      <rtept lat="45.83312" lon="6.26049">
        <ele>1349.2</ele>
      </rtept>
      <rtept lat="45.83311" lon="6.26052">
        <ele>1350.2</ele>
      </rtept>
      <rtept lat="45.8331" lon="6.26055">
        <ele>1350.8</ele>
      </rtept>
      <rtept lat="45.83308" lon="6.26056">
        <ele>1351</ele>
      </rtept>
      <rtept lat="45.83307" lon="6.26062">
        <ele>1351.8</ele>
      </rtept>
      <rtept lat="45.83307" lon="6.26063">
        <ele>1351.8</ele>
      </rtept>
      <rtept lat="45.83308" lon="6.26066">
        <ele>1352</ele>
      </rtept>
      <rtept lat="45.83306" lon="6.2607">
        <ele>1353</ele>
      </rtept>
      <rtept lat="45.83306" lon="6.26074">
        <ele>1353.2</ele>
      </rtept>
      <rtept lat="45.83305" lon="6.26076">
        <ele>1353.4</ele>
      </rtept>
      <rtept lat="45.83304" lon="6.26078">
        <ele>1354</ele>
      </rtept>
      <rtept lat="45.83301" lon="6.26077">
        <ele>1354.8</ele>
      </rtept>
      <rtept lat="45.83301" lon="6.26072">
        <ele>1355.6</ele>
      </rtept>
      <rtept lat="45.83301" lon="6.26071">
        <ele>1355.6</ele>
      </rtept>
      <rtept lat="45.833" lon="6.26067">
        <ele>1356.2</ele>
      </rtept>
      <rtept lat="45.83297" lon="6.26063">
        <ele>1357.2</ele>
      </rtept>
      <rtept lat="45.83296" lon="6.26061">
        <ele>1357.4</ele>
      </rtept>
      <rtept lat="45.83296" lon="6.26058">
        <ele>1357.6</ele>
      </rtept>
      <rtept lat="45.83295" lon="6.26055">
        <ele>1358.2</ele>
      </rtept>
      <rtept lat="45.83294" lon="6.26053">
        <ele>1359</ele>
      </rtept>
      <rtept lat="45.83293" lon="6.26051">
        <ele>1359.8</ele>
      </rtept>
      <rtept lat="45.83292" lon="6.26049">
        <ele>1360</ele>
      </rtept>
      <rtept lat="45.8329" lon="6.26047">
        <ele>1361.2</ele>
      </rtept>
      <rtept lat="45.83289" lon="6.26045">
        <ele>1361.2</ele>
      </rtept>
      <rtept lat="45.83287" lon="6.26043">
        <ele>1362</ele>
      </rtept>
      <rtept lat="45.83286" lon="6.26042">
        <ele>1362.4</ele>
      </rtept>
      <rtept lat="45.83283" lon="6.2604">
        <ele>1363</ele>
      </rtept>
      <rtept lat="45.8328" lon="6.26038">
        <ele>1363.6</ele>
      </rtept>
      <rtept lat="45.8328" lon="6.26037">
        <ele>1363.8</ele>
      </rtept>
      <rtept lat="45.83278" lon="6.26035">
        <ele>1364.4</ele>
      </rtept>
      <rtept lat="45.83277" lon="6.26032">
        <ele>1365.4</ele>
      </rtept>
      <rtept lat="45.83276" lon="6.2603">
        <ele>1366.2</ele>
      </rtept>
      <rtept lat="45.83274" lon="6.26028">
        <ele>1366.6</ele>
      </rtept>
      <rtept lat="45.83271" lon="6.26027">
        <ele>1367.2</ele>
      </rtept>
      <rtept lat="45.8327" lon="6.26026">
        <ele>1367.2</ele>
      </rtept>
      <rtept lat="45.83268" lon="6.26025">
        <ele>1367.6</ele>
      </rtept>
      <rtept lat="45.83266" lon="6.26022">
        <ele>1368.4</ele>
      </rtept>
      <rtept lat="45.83264" lon="6.26019">
        <ele>1369</ele>
      </rtept>
      <rtept lat="45.83262" lon="6.26016">
        <ele>1369.6</ele>
      </rtept>
      <rtept lat="45.8326" lon="6.26014">
        <ele>1370.6</ele>
      </rtept>
      <rtept lat="45.83258" lon="6.26014">
        <ele>1371</ele>
      </rtept>
      <rtept lat="45.83257" lon="6.26013">
        <ele>1371.2</ele>
      </rtept>
      <rtept lat="45.83255" lon="6.26013">
        <ele>1371.8</ele>
      </rtept>
      <rtept lat="45.83253" lon="6.26013">
        <ele>1372.2</ele>
      </rtept>
      <rtept lat="45.83252" lon="6.2601">
        <ele>1373.2</ele>
      </rtept>
      <rtept lat="45.8325" lon="6.26007">
        <ele>1373.6</ele>
      </rtept>
      <rtept lat="45.83249" lon="6.26006">
        <ele>1373.8</ele>
      </rtept>
      <rtept lat="45.83248" lon="6.26003">
        <ele>1374.2</ele>
      </rtept>
      <rtept lat="45.83246" lon="6.26">
        <ele>1374.8</ele>
      </rtept>
      <rtept lat="45.83245" lon="6.25997">
        <ele>1375.4</ele>
      </rtept>
      <rtept lat="45.83244" lon="6.25995">
        <ele>1375.6</ele>
      </rtept>
      <rtept lat="45.83242" lon="6.25994">
        <ele>1376</ele>
      </rtept>
      <rtept lat="45.83241" lon="6.25991">
        <ele>1377</ele>
      </rtept>
      <rtept lat="45.83239" lon="6.25987">
        <ele>1377.6</ele>
      </rtept>
      <rtept lat="45.83238" lon="6.25986">
        <ele>1377.8</ele>
      </rtept>
      <rtept lat="45.83235" lon="6.25985">
        <ele>1378.2</ele>
      </rtept>
      <rtept lat="45.83233" lon="6.25982">
        <ele>1378.8</ele>
      </rtept>
      <rtept lat="45.83231" lon="6.2598">
        <ele>1379.2</ele>
      </rtept>
      <rtept lat="45.83228" lon="6.25978">
        <ele>1379.8</ele>
      </rtept>
      <rtept lat="45.83227" lon="6.25977">
        <ele>1380.2</ele>
      </rtept>
      <rtept lat="45.83226" lon="6.25975">
        <ele>1380.4</ele>
      </rtept>
      <rtept lat="45.83224" lon="6.25973">
        <ele>1381.2</ele>
      </rtept>
      <rtept lat="45.83223" lon="6.25971">
        <ele>1381.4</ele>
      </rtept>
      <rtept lat="45.83221" lon="6.25969">
        <ele>1381.6</ele>
      </rtept>
      <rtept lat="45.8322" lon="6.25968">
        <ele>1382.4</ele>
      </rtept>
      <rtept lat="45.83217" lon="6.25967">
        <ele>1383</ele>
      </rtept>
      <rtept lat="45.83214" lon="6.25965">
        <ele>1383.4</ele>
      </rtept>
      <rtept lat="45.83212" lon="6.25965">
        <ele>1383.6</ele>
      </rtept>
      <rtept lat="45.8321" lon="6.25965">
        <ele>1383.8</ele>
      </rtept>
      <rtept lat="45.83208" lon="6.25965">
        <ele>1384.4</ele>
      </rtept>
      <rtept lat="45.83206" lon="6.25965">
        <ele>1384.6</ele>
      </rtept>
      <rtept lat="45.83204" lon="6.25965">
        <ele>1384.8</ele>
      </rtept>
      <rtept lat="45.83202" lon="6.25965">
        <ele>1385.2</ele>
      </rtept>
      <rtept lat="45.832" lon="6.25966">
        <ele>1385.6</ele>
      </rtept>
      <rtept lat="45.83198" lon="6.25968">
        <ele>1386.4</ele>
      </rtept>
      <rtept lat="45.83196" lon="6.2597">
        <ele>1387</ele>
      </rtept>
      <rtept lat="45.83195" lon="6.25972">
        <ele>1387.4</ele>
      </rtept>
      <rtept lat="45.83194" lon="6.25975">
        <ele>1388</ele>
      </rtept>
      <rtept lat="45.83193" lon="6.25978">
        <ele>1388.4</ele>
      </rtept>
      <rtept lat="45.83192" lon="6.2598">
        <ele>1388.8</ele>
      </rtept>
      <rtept lat="45.83191" lon="6.25983">
        <ele>1389.2</ele>
      </rtept>
      <rtept lat="45.8319" lon="6.25987">
        <ele>1389.8</ele>
      </rtept>
      <rtept lat="45.83189" lon="6.2599">
        <ele>1390.4</ele>
      </rtept>
      <rtept lat="45.83189" lon="6.25991">
        <ele>1390.4</ele>
      </rtept>
      <rtept lat="45.83188" lon="6.25995">
        <ele>1391.2</ele>
      </rtept>
      <rtept lat="45.83188" lon="6.25998">
        <ele>1392.4</ele>
      </rtept>
      <rtept lat="45.83187" lon="6.26002">
        <ele>1393</ele>
      </rtept>
      <rtept lat="45.83186" lon="6.26005">
        <ele>1393</ele>
      </rtept>
      <rtept lat="45.83186" lon="6.26008">
        <ele>1393.4</ele>
      </rtept>
      <rtept lat="45.83186" lon="6.26011">
        <ele>1394.2</ele>
      </rtept>
      <rtept lat="45.83186" lon="6.26013">
        <ele>1394.6</ele>
      </rtept>
      <rtept lat="45.83187" lon="6.26016">
        <ele>1395.4</ele>
      </rtept>
      <rtept lat="45.83189" lon="6.26019">
        <ele>1395.8</ele>
      </rtept>
      <rtept lat="45.8319" lon="6.26022">
        <ele>1396.6</ele>
      </rtept>
      <rtept lat="45.83191" lon="6.26026">
        <ele>1397</ele>
      </rtept>
      <rtept lat="45.83192" lon="6.26027">
        <ele>1397.8</ele>
      </rtept>
      <rtept lat="45.83193" lon="6.26029">
        <ele>1398</ele>
      </rtept>
      <rtept lat="45.83194" lon="6.26032">
        <ele>1398.6</ele>
      </rtept>
      <rtept lat="45.83195" lon="6.26035">
        <ele>1399.2</ele>
      </rtept>
      <rtept lat="45.83196" lon="6.26037">
        <ele>1399.6</ele>
      </rtept>
      <rtept lat="45.83197" lon="6.26041">
        <ele>1400.4</ele>
      </rtept>
      <rtept lat="45.83199" lon="6.26043">
        <ele>1400.8</ele>
      </rtept>
      <rtept lat="45.83199" lon="6.26044">
        <ele>1401</ele>
      </rtept>
      <rtept lat="45.83201" lon="6.26046">
        <ele>1401.2</ele>
      </rtept>
      <rtept lat="45.83203" lon="6.26049">
        <ele>1402</ele>
      </rtept>
      <rtept lat="45.83204" lon="6.2605">
        <ele>1402.4</ele>
      </rtept>
      <rtept lat="45.83206" lon="6.26053">
        <ele>1402.6</ele>
      </rtept>
      <rtept lat="45.83207" lon="6.26056">
        <ele>1403.4</ele>
      </rtept>
      <rtept lat="45.83208" lon="6.26057">
        <ele>1403.4</ele>
      </rtept>
      <rtept lat="45.83209" lon="6.2606">
        <ele>1403.8</ele>
      </rtept>
      <rtept lat="45.8321" lon="6.26062">
        <ele>1404.6</ele>
      </rtept>
      <rtept lat="45.83212" lon="6.26066">
        <ele>1405.6</ele>
      </rtept>
      <rtept lat="45.83212" lon="6.26068">
        <ele>1405.8</ele>
      </rtept>
      <rtept lat="45.83213" lon="6.26073">
        <ele>1407</ele>
      </rtept>
      <rtept lat="45.83213" lon="6.26077">
        <ele>1407.8</ele>
      </rtept>
      <rtept lat="45.83213" lon="6.2608">
        <ele>1408.4</ele>
      </rtept>
      <rtept lat="45.83213" lon="6.26082">
        <ele>1408.6</ele>
      </rtept>
      <rtept lat="45.83213" lon="6.26087">
        <ele>1409.2</ele>
      </rtept>
      <rtept lat="45.83213" lon="6.26088">
        <ele>1409.8</ele>
      </rtept>
      <rtept lat="45.83213" lon="6.26092">
        <ele>1410.6</ele>
      </rtept>
      <rtept lat="45.83213" lon="6.26094">
        <ele>1411</ele>
      </rtept>
      <rtept lat="45.83213" lon="6.26098">
        <ele>1411.8</ele>
      </rtept>
      <rtept lat="45.83213" lon="6.261">
        <ele>1412.4</ele>
      </rtept>
      <rtept lat="45.83213" lon="6.26103">
        <ele>1412.8</ele>
      </rtept>
      <rtept lat="45.83214" lon="6.26105">
        <ele>1413.6</ele>
      </rtept>
      <rtept lat="45.83214" lon="6.26108">
        <ele>1414</ele>
      </rtept>
      <rtept lat="45.83214" lon="6.26111">
        <ele>1414.6</ele>
      </rtept>
      <rtept lat="45.83214" lon="6.26113">
        <ele>1415.2</ele>
      </rtept>
      <rtept lat="45.83214" lon="6.26116">
        <ele>1415.6</ele>
      </rtept>
      <rtept lat="45.83215" lon="6.26119">
        <ele>1416.2</ele>
      </rtept>
      <rtept lat="45.83215" lon="6.26121">
        <ele>1416.8</ele>
      </rtept>
      <rtept lat="45.83215" lon="6.26124">
        <ele>1417.6</ele>
      </rtept>
      <rtept lat="45.83215" lon="6.26127">
        <ele>1418.4</ele>
      </rtept>
      <rtept lat="45.83215" lon="6.26129">
        <ele>1418.8</ele>
      </rtept>
      <rtept lat="45.83215" lon="6.26132">
        <ele>1419.6</ele>
      </rtept>
      <rtept lat="45.83215" lon="6.26135">
        <ele>1420.2</ele>
      </rtept>
      <rtept lat="45.83215" lon="6.26137">
        <ele>1420.8</ele>
      </rtept>
      <rtept lat="45.83215" lon="6.2614">
        <ele>1421.4</ele>
      </rtept>
      <rtept lat="45.83215" lon="6.26142">
        <ele>1422.2</ele>
      </rtept>
      <rtept lat="45.83215" lon="6.26145">
        <ele>1422.8</ele>
      </rtept>
      <rtept lat="45.83215" lon="6.26148">
        <ele>1423.8</ele>
      </rtept>
      <rtept lat="45.83215" lon="6.26152">
        <ele>1424.6</ele>
      </rtept>
      <rtept lat="45.83215" lon="6.26154">
        <ele>1425.4</ele>
      </rtept>
      <rtept lat="45.83215" lon="6.26157">
        <ele>1426.2</ele>
      </rtept>
      <rtept lat="45.83215" lon="6.2616">
        <ele>1426.8</ele>
      </rtept>
      <rtept lat="45.83215" lon="6.26163">
        <ele>1427.2</ele>
      </rtept>
      <rtept lat="45.83217" lon="6.26166">
        <ele>1427.8</ele>
      </rtept>
      <rtept lat="45.83217" lon="6.26168">
        <ele>1428.4</ele>
      </rtept>
      <rtept lat="45.83217" lon="6.26171">
        <ele>1428.4</ele>
      </rtept>
      <rtept lat="45.83217" lon="6.26175">
        <ele>1428.8</ele>
      </rtept>
      <rtept lat="45.83219" lon="6.26177">
        <ele>1429</ele>
      </rtept>
      <rtept lat="45.83222" lon="6.26178">
        <ele>1429</ele>
      </rtept>
      <rtept lat="45.83224" lon="6.2618">
        <ele>1429.2</ele>
      </rtept>
      <rtept lat="45.83221" lon="6.26178">
        <ele>1428.6</ele>
      </rtept>
      <rtept lat="45.83219" lon="6.26178">
        <ele>1428.8</ele>
      </rtept>
      <rtept lat="45.83218" lon="6.26176">
        <ele>1428.6</ele>
      </rtept>
      <rtept lat="45.83218" lon="6.26179">
        <ele>1428.8</ele>
      </rtept>
      <rtept lat="45.83218" lon="6.26183">
        <ele>1429</ele>
      </rtept>
      <rtept lat="45.83219" lon="6.26188">
        <ele>1429</ele>
      </rtept>
      <rtept lat="45.83219" lon="6.26192">
        <ele>1429</ele>
      </rtept>
      <rtept lat="45.83219" lon="6.26195">
        <ele>1428.8</ele>
      </rtept>
      <rtept lat="45.83219" lon="6.26199">
        <ele>1428.4</ele>
      </rtept>
      <rtept lat="45.8322" lon="6.26203">
        <ele>1428</ele>
      </rtept>
      <rtept lat="45.8322" lon="6.26207">
        <ele>1427.8</ele>
      </rtept>
      <rtept lat="45.8322" lon="6.26211">
        <ele>1427.6</ele>
      </rtept>
      <rtept lat="45.83221" lon="6.26215">
        <ele>1427.2</ele>
      </rtept>
      <rtept lat="45.83221" lon="6.26221">
        <ele>1427.2</ele>
      </rtept>
      <rtept lat="45.83221" lon="6.26223">
        <ele>1427</ele>
      </rtept>
      <rtept lat="45.83222" lon="6.26226">
        <ele>1426.8</ele>
      </rtept>
      <rtept lat="45.83223" lon="6.26229">
        <ele>1426.8</ele>
      </rtept>
      <rtept lat="45.83224" lon="6.26234">
        <ele>1427</ele>
      </rtept>
      <rtept lat="45.83225" lon="6.26236">
        <ele>1427</ele>
      </rtept>
      <rtept lat="45.83226" lon="6.2624">
        <ele>1427</ele>
      </rtept>
      <rtept lat="45.83227" lon="6.2624">
        <ele>1426.6</ele>
      </rtept>
      <rtept lat="45.83228" lon="6.26244">
        <ele>1426.2</ele>
      </rtept>
      <rtept lat="45.83229" lon="6.26248">
        <ele>1426</ele>
      </rtept>
      <rtept lat="45.8323" lon="6.26252">
        <ele>1425.4</ele>
      </rtept>
      <rtept lat="45.83231" lon="6.26256">
        <ele>1424.6</ele>
      </rtept>
      <rtept lat="45.83232" lon="6.26259">
        <ele>1424</ele>
      </rtept>
      <rtept lat="45.83233" lon="6.26263">
        <ele>1423.8</ele>
      </rtept>
      <rtept lat="45.83234" lon="6.26266">
        <ele>1424</ele>
      </rtept>
      <rtept lat="45.83235" lon="6.26269">
        <ele>1424</ele>
      </rtept>
      <rtept lat="45.83235" lon="6.26273">
        <ele>1424</ele>
      </rtept>
      <rtept lat="45.83235" lon="6.26277">
        <ele>1423.8</ele>
      </rtept>
      <rtept lat="45.83234" lon="6.26281">
        <ele>1423.8</ele>
      </rtept>
      <rtept lat="45.83233" lon="6.26285">
        <ele>1423.2</ele>
      </rtept>
      <rtept lat="45.83231" lon="6.26288">
        <ele>1423.2</ele>
      </rtept>
      <rtept lat="45.8323" lon="6.26291">
        <ele>1423</ele>
      </rtept>
      <rtept lat="45.83228" lon="6.26294">
        <ele>1423</ele>
      </rtept>
      <rtept lat="45.83226" lon="6.26296">
        <ele>1422.2</ele>
      </rtept>
      <rtept lat="45.83223" lon="6.26298">
        <ele>1421.8</ele>
      </rtept>
      <rtept lat="45.83221" lon="6.26299">
        <ele>1421.8</ele>
      </rtept>
      <rtept lat="45.8322" lon="6.26301">
        <ele>1421.8</ele>
      </rtept>
      <rtept lat="45.83219" lon="6.26303">
        <ele>1422.4</ele>
      </rtept>
      <rtept lat="45.83217" lon="6.26305">
        <ele>1422.4</ele>
      </rtept>
      <rtept lat="45.83216" lon="6.26308">
        <ele>1423</ele>
      </rtept>
      <rtept lat="45.83214" lon="6.2631">
        <ele>1423.2</ele>
      </rtept>
      <rtept lat="45.83213" lon="6.26313">
        <ele>1423.4</ele>
      </rtept>
      <rtept lat="45.83211" lon="6.26316">
        <ele>1423.8</ele>
      </rtept>
      <rtept lat="45.8321" lon="6.26319">
        <ele>1424</ele>
      </rtept>
      <rtept lat="45.83209" lon="6.26322">
        <ele>1424</ele>
      </rtept>
      <rtept lat="45.83207" lon="6.26324">
        <ele>1424.2</ele>
      </rtept>
      <rtept lat="45.83206" lon="6.26328">
        <ele>1424.4</ele>
      </rtept>
      <rtept lat="45.83205" lon="6.26331">
        <ele>1424.6</ele>
      </rtept>
      <rtept lat="45.83204" lon="6.26334">
        <ele>1424.8</ele>
      </rtept>
      <rtept lat="45.83202" lon="6.26337">
        <ele>1425.2</ele>
      </rtept>
      <rtept lat="45.83205" lon="6.26341">
        <ele>1425.4</ele>
      </rtept>
      <rtept lat="45.83206" lon="6.26342">
        <ele>1425.6</ele>
      </rtept>
      <rtept lat="45.83208" lon="6.26347">
        <ele>1426</ele>
      </rtept>
      <rtept lat="45.83208" lon="6.26348">
        <ele>1426.2</ele>
      </rtept>
      <rtept lat="45.83208" lon="6.26353">
        <ele>1426.8</ele>
      </rtept>
      <rtept lat="45.83208" lon="6.26354">
        <ele>1426.8</ele>
      </rtept>
      <rtept lat="45.83208" lon="6.26358">
        <ele>1426.8</ele>
      </rtept>
      <rtept lat="45.83207" lon="6.26361">
        <ele>1427.2</ele>
      </rtept>
      <rtept lat="45.83206" lon="6.26364">
        <ele>1427.4</ele>
      </rtept>
      <rtept lat="45.83206" lon="6.26368">
        <ele>1428</ele>
      </rtept>
      <rtept lat="45.83205" lon="6.26371">
        <ele>1428.2</ele>
      </rtept>
      <rtept lat="45.83204" lon="6.26374">
        <ele>1428.2</ele>
      </rtept>
      <rtept lat="45.83204" lon="6.26377">
        <ele>1428.2</ele>
      </rtept>
      <rtept lat="45.83202" lon="6.26381">
        <ele>1428.6</ele>
      </rtept>
      <rtept lat="45.83201" lon="6.26385">
        <ele>1428.8</ele>
      </rtept>
      <rtept lat="45.83201" lon="6.26388">
        <ele>1429.2</ele>
      </rtept>
      <rtept lat="45.83201" lon="6.2639">
        <ele>1429.2</ele>
      </rtept>
      <rtept lat="45.832" lon="6.26393">
        <ele>1429.8</ele>
      </rtept>
      <rtept lat="45.83199" lon="6.26397">
        <ele>1429.8</ele>
      </rtept>
      <rtept lat="45.83199" lon="6.26401">
        <ele>1430</ele>
      </rtept>
      <rtept lat="45.83199" lon="6.26403">
        <ele>1430.2</ele>
      </rtept>
      <rtept lat="45.83199" lon="6.26407">
        <ele>1430.4</ele>
      </rtept>
      <rtept lat="45.83198" lon="6.26409">
        <ele>1431.2</ele>
      </rtept>
      <rtept lat="45.83198" lon="6.26412">
        <ele>1431.4</ele>
      </rtept>
      <rtept lat="45.83198" lon="6.26415">
        <ele>1432</ele>
      </rtept>
      <rtept lat="45.83197" lon="6.26417">
        <ele>1432.4</ele>
      </rtept>
      <rtept lat="45.83196" lon="6.26419">
        <ele>1432.6</ele>
      </rtept>
      <rtept lat="45.83195" lon="6.26423">
        <ele>1433</ele>
      </rtept>
      <rtept lat="45.83194" lon="6.26426">
        <ele>1434</ele>
      </rtept>
      <rtept lat="45.83193" lon="6.26428">
        <ele>1434.6</ele>
      </rtept>
      <rtept lat="45.83192" lon="6.26431">
        <ele>1435</ele>
      </rtept>
      <rtept lat="45.83191" lon="6.26433">
        <ele>1435.6</ele>
      </rtept>
      <rtept lat="45.83189" lon="6.26436">
        <ele>1436.2</ele>
      </rtept>
      <rtept lat="45.83188" lon="6.26438">
        <ele>1436.8</ele>
      </rtept>
      <rtept lat="45.83188" lon="6.26441">
        <ele>1437.6</ele>
      </rtept>
      <rtept lat="45.83191" lon="6.26442">
        <ele>1438.2</ele>
      </rtept>
      <rtept lat="45.83193" lon="6.26443">
        <ele>1438.6</ele>
      </rtept>
      <rtept lat="45.83195" lon="6.26445">
        <ele>1439.2</ele>
      </rtept>
      <rtept lat="45.83197" lon="6.26446">
        <ele>1439.8</ele>
      </rtept>
      <rtept lat="45.832" lon="6.26447">
        <ele>1440</ele>
      </rtept>
      <rtept lat="45.83201" lon="6.26448">
        <ele>1440</ele>
      </rtept>
      <rtept lat="45.83204" lon="6.26449">
        <ele>1440.4</ele>
      </rtept>
      <rtept lat="45.83206" lon="6.26451">
        <ele>1440.8</ele>
      </rtept>
      <rtept lat="45.83208" lon="6.26452">
        <ele>1441</ele>
      </rtept>
      <rtept lat="45.83209" lon="6.26452">
        <ele>1441.2</ele>
      </rtept>
      <rtept lat="45.83211" lon="6.26454">
        <ele>1441.4</ele>
      </rtept>
      <rtept lat="45.83213" lon="6.26456">
        <ele>1441.8</ele>
      </rtept>
      <rtept lat="45.83214" lon="6.26456">
        <ele>1441.8</ele>
      </rtept>
      <rtept lat="45.83216" lon="6.26457">
        <ele>1442.2</ele>
      </rtept>
      <rtept lat="45.83219" lon="6.26459">
        <ele>1442.6</ele>
      </rtept>
      <rtept lat="45.83218" lon="6.26462">
        <ele>1442.8</ele>
      </rtept>
      <rtept lat="45.83217" lon="6.26463">
        <ele>1443.4</ele>
      </rtept>
      <rtept lat="45.83215" lon="6.26465">
        <ele>1443.8</ele>
      </rtept>
      <rtept lat="45.83212" lon="6.26466">
        <ele>1444.4</ele>
      </rtept>
      <rtept lat="45.83211" lon="6.26466">
        <ele>1444.6</ele>
      </rtept>
      <rtept lat="45.83208" lon="6.26466">
        <ele>1445</ele>
      </rtept>
      <rtept lat="45.83209" lon="6.26469">
        <ele>1445.8</ele>
      </rtept>
      <rtept lat="45.8321" lon="6.26471">
        <ele>1446.4</ele>
      </rtept>
      <rtept lat="45.83211" lon="6.26473">
        <ele>1446.8</ele>
      </rtept>
      <rtept lat="45.83212" lon="6.26475">
        <ele>1447.2</ele>
      </rtept>
      <rtept lat="45.83214" lon="6.26478">
        <ele>1447.8</ele>
      </rtept>
      <rtept lat="45.83216" lon="6.2648">
        <ele>1448.6</ele>
      </rtept>
      <rtept lat="45.83217" lon="6.26483">
        <ele>1449</ele>
      </rtept>
      <rtept lat="45.83219" lon="6.26485">
        <ele>1449.8</ele>
      </rtept>
      <rtept lat="45.8322" lon="6.26487">
        <ele>1450.4</ele>
      </rtept>
      <rtept lat="45.83221" lon="6.2649">
        <ele>1450.8</ele>
      </rtept>
      <rtept lat="45.83223" lon="6.26493">
        <ele>1451.6</ele>
      </rtept>
      <rtept lat="45.83224" lon="6.26494">
        <ele>1452.2</ele>
      </rtept>
      <rtept lat="45.83225" lon="6.26496">
        <ele>1453</ele>
      </rtept>
      <rtept lat="45.83227" lon="6.26498">
        <ele>1453.6</ele>
      </rtept>
      <rtept lat="45.83227" lon="6.26502">
        <ele>1454.2</ele>
      </rtept>
      <rtept lat="45.83225" lon="6.26503">
        <ele>1455</ele>
      </rtept>
      <rtept lat="45.83223" lon="6.26505">
        <ele>1455.4</ele>
      </rtept>
      <rtept lat="45.83222" lon="6.26506">
        <ele>1455.8</ele>
      </rtept>
      <rtept lat="45.8322" lon="6.26508">
        <ele>1456.2</ele>
      </rtept>
      <rtept lat="45.83218" lon="6.2651">
        <ele>1456.6</ele>
      </rtept>
      <rtept lat="45.83217" lon="6.26512">
        <ele>1457.6</ele>
      </rtept>
      <rtept lat="45.83214" lon="6.26514">
        <ele>1458.8</ele>
      </rtept>
      <rtept lat="45.83213" lon="6.26514">
        <ele>1459</ele>
      </rtept>
      <rtept lat="45.83211" lon="6.26515">
        <ele>1459.6</ele>
      </rtept>
      <rtept lat="45.83209" lon="6.26515">
        <ele>1459.8</ele>
      </rtept>
      <rtept lat="45.83207" lon="6.26515">
        <ele>1459.6</ele>
      </rtept>
      <rtept lat="45.83204" lon="6.26516">
        <ele>1460.4</ele>
      </rtept>
      <rtept lat="45.83202" lon="6.26517">
        <ele>1461</ele>
      </rtept>
      <rtept lat="45.83199" lon="6.26519">
        <ele>1461.4</ele>
      </rtept>
      <rtept lat="45.83198" lon="6.2652">
        <ele>1461.8</ele>
      </rtept>
      <rtept lat="45.83196" lon="6.26522">
        <ele>1462.2</ele>
      </rtept>
      <rtept lat="45.83194" lon="6.26524">
        <ele>1463.4</ele>
      </rtept>
      <rtept lat="45.83195" lon="6.26526">
        <ele>1463.8</ele>
      </rtept>
      <rtept lat="45.83197" lon="6.26528">
        <ele>1464.2</ele>
      </rtept>
      <rtept lat="45.83199" lon="6.26529">
        <ele>1464.8</ele>
      </rtept>
      <rtept lat="45.832" lon="6.2653">
        <ele>1464.8</ele>
      </rtept>
      <rtept lat="45.83202" lon="6.26531">
        <ele>1465</ele>
      </rtept>
      <rtept lat="45.83204" lon="6.26533">
        <ele>1465.8</ele>
      </rtept>
      <rtept lat="45.83206" lon="6.26535">
        <ele>1466</ele>
      </rtept>
      <rtept lat="45.83207" lon="6.26536">
        <ele>1466.2</ele>
      </rtept>
      <rtept lat="45.83208" lon="6.26539">
        <ele>1466.4</ele>
      </rtept>
      <rtept lat="45.8321" lon="6.26541">
        <ele>1466.8</ele>
      </rtept>
      <rtept lat="45.83212" lon="6.26544">
        <ele>1467.6</ele>
      </rtept>
      <rtept lat="45.83213" lon="6.26546">
        <ele>1468.2</ele>
      </rtept>
      <rtept lat="45.83214" lon="6.26548">
        <ele>1468.4</ele>
      </rtept>
      <rtept lat="45.83213" lon="6.2655">
        <ele>1469.2</ele>
      </rtept>
      <rtept lat="45.83211" lon="6.26549">
        <ele>1469.8</ele>
      </rtept>
      <rtept lat="45.83208" lon="6.26549">
        <ele>1470.2</ele>
      </rtept>
      <rtept lat="45.83206" lon="6.2655">
        <ele>1470.4</ele>
      </rtept>
      <rtept lat="45.83204" lon="6.26551">
        <ele>1470.8</ele>
      </rtept>
      <rtept lat="45.83202" lon="6.26551">
        <ele>1471.4</ele>
      </rtept>
      <rtept lat="45.832" lon="6.26552">
        <ele>1471.4</ele>
      </rtept>
      <rtept lat="45.83199" lon="6.26553">
        <ele>1471.8</ele>
      </rtept>
      <rtept lat="45.83197" lon="6.26554">
        <ele>1472.2</ele>
      </rtept>
      <rtept lat="45.83194" lon="6.26556">
        <ele>1472.4</ele>
      </rtept>
      <rtept lat="45.83193" lon="6.26558">
        <ele>1473.2</ele>
      </rtept>
      <rtept lat="45.83191" lon="6.26559">
        <ele>1473.4</ele>
      </rtept>
      <rtept lat="45.83189" lon="6.26561">
        <ele>1474.2</ele>
      </rtept>
      <rtept lat="45.83187" lon="6.26563">
        <ele>1474.8</ele>
      </rtept>
      <rtept lat="45.83186" lon="6.26564">
        <ele>1475</ele>
      </rtept>
      <rtept lat="45.83185" lon="6.26567">
        <ele>1475.8</ele>
      </rtept>
      <rtept lat="45.83187" lon="6.26568">
        <ele>1476.8</ele>
      </rtept>
      <rtept lat="45.8319" lon="6.26569">
        <ele>1477.2</ele>
      </rtept>
      <rtept lat="45.83192" lon="6.2657">
        <ele>1477.4</ele>
      </rtept>
      <rtept lat="45.83194" lon="6.2657">
        <ele>1477.8</ele>
      </rtept>
      <rtept lat="45.83196" lon="6.26571">
        <ele>1477.8</ele>
      </rtept>
      <rtept lat="45.83197" lon="6.26573">
        <ele>1478.2</ele>
      </rtept>
      <rtept lat="45.832" lon="6.26574">
        <ele>1478.6</ele>
      </rtept>
      <rtept lat="45.83201" lon="6.26576">
        <ele>1478.8</ele>
      </rtept>
      <rtept lat="45.83203" lon="6.26579">
        <ele>1479.6</ele>
      </rtept>
      <rtept lat="45.83205" lon="6.26581">
        <ele>1480.2</ele>
      </rtept>
      <rtept lat="45.83208" lon="6.26584">
        <ele>1480.6</ele>
      </rtept>
      <rtept lat="45.83208" lon="6.26584">
        <ele>1480.8</ele>
      </rtept>
      <rtept lat="45.83211" lon="6.26586">
        <ele>1481.8</ele>
      </rtept>
      <rtept lat="45.83212" lon="6.26588">
        <ele>1482</ele>
      </rtept>
      <rtept lat="45.83212" lon="6.26591">
        <ele>1482.4</ele>
      </rtept>
      <rtept lat="45.83209" lon="6.26592">
        <ele>1483.2</ele>
      </rtept>
      <rtept lat="45.83207" lon="6.26594">
        <ele>1483.8</ele>
      </rtept>
      <rtept lat="45.83206" lon="6.26594">
        <ele>1484.2</ele>
      </rtept>
      <rtept lat="45.83204" lon="6.26596">
        <ele>1484.4</ele>
      </rtept>
      <rtept lat="45.83202" lon="6.26597">
        <ele>1484.8</ele>
      </rtept>
      <rtept lat="45.832" lon="6.26599">
        <ele>1485.2</ele>
      </rtept>
      <rtept lat="45.83198" lon="6.26601">
        <ele>1486</ele>
      </rtept>
      <rtept lat="45.83195" lon="6.26603">
        <ele>1486.4</ele>
      </rtept>
      <rtept lat="45.83193" lon="6.26604">
        <ele>1488</ele>
      </rtept>
      <rtept lat="45.83192" lon="6.26606">
        <ele>1488.2</ele>
      </rtept>
      <rtept lat="45.83192" lon="6.26609">
        <ele>1489</ele>
      </rtept>
      <rtept lat="45.83193" lon="6.26611">
        <ele>1489.4</ele>
      </rtept>
      <rtept lat="45.83194" lon="6.26613">
        <ele>1489.8</ele>
      </rtept>
      <rtept lat="45.83196" lon="6.26615">
        <ele>1490.4</ele>
      </rtept>
      <rtept lat="45.83198" lon="6.26618">
        <ele>1491.2</ele>
      </rtept>
      <rtept lat="45.83199" lon="6.26619">
        <ele>1491.6</ele>
      </rtept>
      <rtept lat="45.832" lon="6.26622">
        <ele>1492.2</ele>
      </rtept>
      <rtept lat="45.83202" lon="6.26624">
        <ele>1492.8</ele>
      </rtept>
      <rtept lat="45.83202" lon="6.26628">
        <ele>1493</ele>
      </rtept>
      <rtept lat="45.83199" lon="6.26628">
        <ele>1493.8</ele>
      </rtept>
      <rtept lat="45.83197" lon="6.26629">
        <ele>1493.8</ele>
      </rtept>
      <rtept lat="45.83195" lon="6.26631">
        <ele>1494.4</ele>
      </rtept>
      <rtept lat="45.83193" lon="6.26631">
        <ele>1494.4</ele>
      </rtept>
      <rtept lat="45.83191" lon="6.26632">
        <ele>1495.4</ele>
      </rtept>
      <rtept lat="45.83188" lon="6.26633">
        <ele>1496</ele>
      </rtept>
      <rtept lat="45.83187" lon="6.26634">
        <ele>1496</ele>
      </rtept>
      <rtept lat="45.83185" lon="6.26635">
        <ele>1496.6</ele>
      </rtept>
      <rtept lat="45.83183" lon="6.26636">
        <ele>1497.2</ele>
      </rtept>
      <rtept lat="45.83182" lon="6.26637">
        <ele>1497.6</ele>
      </rtept>
      <rtept lat="45.8318" lon="6.26638">
        <ele>1498</ele>
      </rtept>
      <rtept lat="45.83181" lon="6.2664">
        <ele>1498.8</ele>
      </rtept>
      <rtept lat="45.83183" lon="6.26643">
        <ele>1499.4</ele>
      </rtept>
      <rtept lat="45.83185" lon="6.26645">
        <ele>1499.8</ele>
      </rtept>
      <rtept lat="45.83186" lon="6.26647">
        <ele>1500.2</ele>
      </rtept>
      <rtept lat="45.83187" lon="6.2665">
        <ele>1500.4</ele>
      </rtept>
      <rtept lat="45.8319" lon="6.26652">
        <ele>1501.2</ele>
      </rtept>
      <rtept lat="45.83191" lon="6.26655">
        <ele>1501.8</ele>
      </rtept>
      <rtept lat="45.83189" lon="6.26657">
        <ele>1502.4</ele>
      </rtept>
      <rtept lat="45.83186" lon="6.26657">
        <ele>1503</ele>
      </rtept>
      <rtept lat="45.83184" lon="6.26659">
        <ele>1504</ele>
      </rtept>
      <rtept lat="45.83182" lon="6.26659">
        <ele>1504.2</ele>
      </rtept>
      <rtept lat="45.83179" lon="6.26661">
        <ele>1504.6</ele>
      </rtept>
      <rtept lat="45.83177" lon="6.26661">
        <ele>1504.8</ele>
      </rtept>
      <rtept lat="45.83174" lon="6.26663">
        <ele>1506</ele>
      </rtept>
      <rtept lat="45.83175" lon="6.26665">
        <ele>1506.8</ele>
      </rtept>
      <rtept lat="45.83176" lon="6.26667">
        <ele>1507</ele>
      </rtept>
      <rtept lat="45.83179" lon="6.26669">
        <ele>1507.6</ele>
      </rtept>
      <rtept lat="45.8318" lon="6.26671">
        <ele>1507.6</ele>
      </rtept>
      <rtept lat="45.8318" lon="6.26674">
        <ele>1508.2</ele>
      </rtept>
      <rtept lat="45.83178" lon="6.26676">
        <ele>1509.2</ele>
      </rtept>
      <rtept lat="45.83174" lon="6.26678">
        <ele>1509.8</ele>
      </rtept>
      <rtept lat="45.83172" lon="6.26679">
        <ele>1510.2</ele>
      </rtept>
      <rtept lat="45.83169" lon="6.2668">
        <ele>1511</ele>
      </rtept>
      <rtept lat="45.83167" lon="6.26681">
        <ele>1511.2</ele>
      </rtept>
      <rtept lat="45.83165" lon="6.26681">
        <ele>1511.6</ele>
      </rtept>
      <rtept lat="45.83163" lon="6.26682">
        <ele>1512.4</ele>
      </rtept>
      <rtept lat="45.83162" lon="6.26682">
        <ele>1512.8</ele>
      </rtept>
      <rtept lat="45.83159" lon="6.26682">
        <ele>1513.2</ele>
      </rtept>
      <rtept lat="45.83158" lon="6.26682">
        <ele>1513.4</ele>
      </rtept>
      <rtept lat="45.83155" lon="6.26682">
        <ele>1513.8</ele>
      </rtept>
      <rtept lat="45.83153" lon="6.26682">
        <ele>1514</ele>
      </rtept>
      <rtept lat="45.83151" lon="6.26683">
        <ele>1514</ele>
      </rtept>
      <rtept lat="45.83149" lon="6.26684">
        <ele>1514</ele>
      </rtept>
      <rtept lat="45.83147" lon="6.26684">
        <ele>1514</ele>
      </rtept>
      <rtept lat="45.83144" lon="6.26686">
        <ele>1514</ele>
      </rtept>
      <rtept lat="45.83143" lon="6.26686">
        <ele>1514.2</ele>
      </rtept>
      <rtept lat="45.83141" lon="6.26687">
        <ele>1515</ele>
      </rtept>
      <rtept lat="45.83139" lon="6.26689">
        <ele>1514.8</ele>
      </rtept>
      <rtept lat="45.83137" lon="6.2669">
        <ele>1515.6</ele>
      </rtept>
      <rtept lat="45.83136" lon="6.26691">
        <ele>1516</ele>
      </rtept>
      <rtept lat="45.83134" lon="6.26693">
        <ele>1516.8</ele>
      </rtept>
      <rtept lat="45.83131" lon="6.26695">
        <ele>1517.4</ele>
      </rtept>
      <rtept lat="45.8313" lon="6.26696">
        <ele>1517.8</ele>
      </rtept>
      <rtept lat="45.83128" lon="6.26699">
        <ele>1518.4</ele>
      </rtept>
      <rtept lat="45.83126" lon="6.26701">
        <ele>1519.4</ele>
      </rtept>
      <rtept lat="45.83125" lon="6.26704">
        <ele>1519.8</ele>
      </rtept>
      <rtept lat="45.83124" lon="6.26707">
        <ele>1520.6</ele>
      </rtept>
      <rtept lat="45.83125" lon="6.26708">
        <ele>1521.2</ele>
      </rtept>
      <rtept lat="45.83127" lon="6.26709">
        <ele>1522.2</ele>
      </rtept>
      <rtept lat="45.83129" lon="6.2671">
        <ele>1522.6</ele>
      </rtept>
      <rtept lat="45.8313" lon="6.26711">
        <ele>1523.4</ele>
      </rtept>
      <rtept lat="45.83131" lon="6.26711">
        <ele>1525.4</ele>
      </rtept>
      <rtept lat="45.83133" lon="6.26713">
        <ele>1526</ele>
      </rtept>
      <rtept lat="45.83137" lon="6.26715">
        <ele>1526.2</ele>
      </rtept>
      <rtept lat="45.83137" lon="6.26716">
        <ele>1526.4</ele>
      </rtept>
      <rtept lat="45.8314" lon="6.26717">
        <ele>1527.2</ele>
      </rtept>
      <rtept lat="45.83142" lon="6.26718">
        <ele>1527.8</ele>
      </rtept>
      <rtept lat="45.83144" lon="6.26719">
        <ele>1528.8</ele>
      </rtept>
      <rtept lat="45.83146" lon="6.2672">
        <ele>1528.8</ele>
      </rtept>
      <rtept lat="45.83149" lon="6.26721">
        <ele>1529.6</ele>
      </rtept>
      <rtept lat="45.83151" lon="6.26722">
        <ele>1530.2</ele>
      </rtept>
      <rtept lat="45.83153" lon="6.26723">
        <ele>1530.6</ele>
      </rtept>
      <rtept lat="45.83156" lon="6.26724">
        <ele>1530.8</ele>
      </rtept>
      <rtept lat="45.83159" lon="6.26725">
        <ele>1531.2</ele>
      </rtept>
      <rtept lat="45.83161" lon="6.26727">
        <ele>1531.6</ele>
      </rtept>
      <rtept lat="45.83163" lon="6.26729">
        <ele>1531.8</ele>
      </rtept>
      <rtept lat="45.83165" lon="6.26731">
        <ele>1532.4</ele>
      </rtept>
      <rtept lat="45.83167" lon="6.26733">
        <ele>1533.2</ele>
      </rtept>
      <rtept lat="45.8317" lon="6.26734">
        <ele>1533.8</ele>
      </rtept>
      <rtept lat="45.83171" lon="6.26737">
        <ele>1534.2</ele>
      </rtept>
      <rtept lat="45.83169" lon="6.26739">
        <ele>1534.8</ele>
      </rtept>
      <rtept lat="45.83167" lon="6.26739">
        <ele>1535.2</ele>
      </rtept>
      <rtept lat="45.83165" lon="6.26741">
        <ele>1536.2</ele>
      </rtept>
      <rtept lat="45.83164" lon="6.26743">
        <ele>1536.4</ele>
      </rtept>
      <rtept lat="45.83162" lon="6.26746">
        <ele>1537.6</ele>
      </rtept>
      <rtept lat="45.83162" lon="6.26747">
        <ele>1537.8</ele>
      </rtept>
      <rtept lat="45.83161" lon="6.2675">
        <ele>1538.6</ele>
      </rtept>
      <rtept lat="45.83161" lon="6.26753">
        <ele>1539.2</ele>
      </rtept>
      <rtept lat="45.8316" lon="6.26756">
        <ele>1539.6</ele>
      </rtept>
      <rtept lat="45.83159" lon="6.26759">
        <ele>1540.6</ele>
      </rtept>
      <rtept lat="45.83159" lon="6.26762">
        <ele>1541.6</ele>
      </rtept>
      <rtept lat="45.83158" lon="6.26765">
        <ele>1542.4</ele>
      </rtept>
      <rtept lat="45.83157" lon="6.26768">
        <ele>1542.8</ele>
      </rtept>
      <rtept lat="45.83157" lon="6.26771">
        <ele>1543.4</ele>
      </rtept>
      <rtept lat="45.83156" lon="6.26774">
        <ele>1544</ele>
      </rtept>
      <rtept lat="45.83155" lon="6.26777">
        <ele>1544.4</ele>
      </rtept>
      <rtept lat="45.83155" lon="6.2678">
        <ele>1545.4</ele>
      </rtept>
      <rtept lat="45.83154" lon="6.26783">
        <ele>1546.2</ele>
      </rtept>
      <rtept lat="45.83153" lon="6.26786">
        <ele>1546.6</ele>
      </rtept>
      <rtept lat="45.83153" lon="6.2679">
        <ele>1547.4</ele>
      </rtept>
      <rtept lat="45.83153" lon="6.26793">
        <ele>1548</ele>
      </rtept>
      <rtept lat="45.83152" lon="6.26796">
        <ele>1548.8</ele>
      </rtept>
      <rtept lat="45.83151" lon="6.26799">
        <ele>1549</ele>
      </rtept>
      <rtept lat="45.83151" lon="6.26801">
        <ele>1549.8</ele>
      </rtept>
      <rtept lat="45.83152" lon="6.26804">
        <ele>1550.8</ele>
      </rtept>
      <rtept lat="45.83154" lon="6.26805">
        <ele>1551.6</ele>
      </rtept>
      <rtept lat="45.83156" lon="6.26807">
        <ele>1551.8</ele>
      </rtept>
      <rtept lat="45.83156" lon="6.2681">
        <ele>1552.4</ele>
      </rtept>
      <rtept lat="45.83155" lon="6.26813">
        <ele>1553</ele>
      </rtept>
      <rtept lat="45.83155" lon="6.26816">
        <ele>1553.4</ele>
      </rtept>
      <rtept lat="45.83154" lon="6.26818">
        <ele>1554.2</ele>
      </rtept>
      <rtept lat="45.83155" lon="6.26821">
        <ele>1555.2</ele>
      </rtept>
      <rtept lat="45.83156" lon="6.26823">
        <ele>1555.6</ele>
      </rtept>
      <rtept lat="45.83158" lon="6.26825">
        <ele>1555.8</ele>
      </rtept>
      <rtept lat="45.83159" lon="6.26827">
        <ele>1556.6</ele>
      </rtept>
      <rtept lat="45.83161" lon="6.2683">
        <ele>1556.8</ele>
      </rtept>
      <rtept lat="45.83162" lon="6.26832">
        <ele>1557.4</ele>
      </rtept>
      <rtept lat="45.83164" lon="6.26834">
        <ele>1558.4</ele>
      </rtept>
      <rtept lat="45.83165" lon="6.26836">
        <ele>1559.2</ele>
      </rtept>
      <rtept lat="45.83166" lon="6.26839">
        <ele>1559.4</ele>
      </rtept>
      <rtept lat="45.83167" lon="6.26842">
        <ele>1560.2</ele>
      </rtept>
      <rtept lat="45.83167" lon="6.26845">
        <ele>1561.2</ele>
      </rtept>
      <rtept lat="45.83167" lon="6.26847">
        <ele>1561.2</ele>
      </rtept>
      <rtept lat="45.83166" lon="6.2685">
        <ele>1562.4</ele>
      </rtept>
      <rtept lat="45.83166" lon="6.26853">
        <ele>1563</ele>
      </rtept>
      <rtept lat="45.83166" lon="6.26856">
        <ele>1563.2</ele>
      </rtept>
      <rtept lat="45.83167" lon="6.26859">
        <ele>1563.6</ele>
      </rtept>
      <rtept lat="45.83167" lon="6.26863">
        <ele>1564</ele>
      </rtept>
      <rtept lat="45.83167" lon="6.26866">
        <ele>1564.4</ele>
      </rtept>
      <rtept lat="45.83167" lon="6.2687">
        <ele>1564.8</ele>
      </rtept>
      <rtept lat="45.83167" lon="6.26873">
        <ele>1565.4</ele>
      </rtept>
      <rtept lat="45.83167" lon="6.26876">
        <ele>1566</ele>
      </rtept>
      <rtept lat="45.83167" lon="6.2688">
        <ele>1566</ele>
      </rtept>
      <rtept lat="45.83167" lon="6.26883">
        <ele>1567.4</ele>
      </rtept>
      <rtept lat="45.83167" lon="6.26886">
        <ele>1568</ele>
      </rtept>
      <rtept lat="45.83167" lon="6.2689">
        <ele>1568.4</ele>
      </rtept>
      <rtept lat="45.83168" lon="6.26893">
        <ele>1569</ele>
      </rtept>
      <rtept lat="45.83169" lon="6.26896">
        <ele>1569.6</ele>
      </rtept>
      <rtept lat="45.83169" lon="6.26899">
        <ele>1569.8</ele>
      </rtept>
      <rtept lat="45.83169" lon="6.26902">
        <ele>1570.6</ele>
      </rtept>
      <rtept lat="45.8317" lon="6.26906">
        <ele>1571.4</ele>
      </rtept>
      <rtept lat="45.8317" lon="6.26909">
        <ele>1572</ele>
      </rtept>
      <rtept lat="45.83171" lon="6.26912">
        <ele>1572.2</ele>
      </rtept>
      <rtept lat="45.83171" lon="6.26916">
        <ele>1573</ele>
      </rtept>
      <rtept lat="45.83171" lon="6.26919">
        <ele>1572.8</ele>
      </rtept>
      <rtept lat="45.83171" lon="6.26922">
        <ele>1573.4</ele>
      </rtept>
      <rtept lat="45.83171" lon="6.26925">
        <ele>1573.6</ele>
      </rtept>
      <rtept lat="45.83171" lon="6.26928">
        <ele>1574.2</ele>
      </rtept>
      <rtept lat="45.83172" lon="6.26931">
        <ele>1574.8</ele>
      </rtept>
      <rtept lat="45.83171" lon="6.26934">
        <ele>1575.6</ele>
      </rtept>
      <rtept lat="45.83171" lon="6.26937">
        <ele>1576.4</ele>
      </rtept>
      <rtept lat="45.8317" lon="6.2694">
        <ele>1577</ele>
      </rtept>
      <rtept lat="45.8317" lon="6.26942">
        <ele>1578.2</ele>
      </rtept>
      <rtept lat="45.83169" lon="6.26945">
        <ele>1578.8</ele>
      </rtept>
      <rtept lat="45.83171" lon="6.26947">
        <ele>1580.6</ele>
      </rtept>
      <rtept lat="45.83172" lon="6.2695">
        <ele>1580.8</ele>
      </rtept>
      <rtept lat="45.83172" lon="6.26952">
        <ele>1581.4</ele>
      </rtept>
      <rtept lat="45.83172" lon="6.26955">
        <ele>1582.4</ele>
      </rtept>
      <rtept lat="45.83171" lon="6.26957">
        <ele>1582.8</ele>
      </rtept>
      <rtept lat="45.8317" lon="6.2696">
        <ele>1583.6</ele>
      </rtept>
      <rtept lat="45.8317" lon="6.26962">
        <ele>1584.8</ele>
      </rtept>
      <rtept lat="45.83172" lon="6.26963">
        <ele>1585.4</ele>
      </rtept>
      <rtept lat="45.83174" lon="6.26964">
        <ele>1585.6</ele>
      </rtept>
      <rtept lat="45.83175" lon="6.26966">
        <ele>1586.4</ele>
      </rtept>
      <rtept lat="45.83176" lon="6.26969">
        <ele>1587</ele>
      </rtept>
      <rtept lat="45.83177" lon="6.26971">
        <ele>1588.6</ele>
      </rtept>
      <rtept lat="45.83177" lon="6.26973">
        <ele>1588.4</ele>
      </rtept>
      <rtept lat="45.83177" lon="6.26976">
        <ele>1589.6</ele>
      </rtept>
      <rtept lat="45.83176" lon="6.26978">
        <ele>1589</ele>
      </rtept>
      <rtept lat="45.83174" lon="6.26979">
        <ele>1589.6</ele>
      </rtept>
      <rtept lat="45.83174" lon="6.26982">
        <ele>1590.8</ele>
      </rtept>
      <rtept lat="45.83175" lon="6.26983">
        <ele>1592.4</ele>
      </rtept>
      <rtept lat="45.83175" lon="6.26987">
        <ele>1592.8</ele>
      </rtept>
      <rtept lat="45.83175" lon="6.26988">
        <ele>1593.4</ele>
      </rtept>
      <rtept lat="45.83174" lon="6.26991">
        <ele>1593.6</ele>
      </rtept>
      <rtept lat="45.83173" lon="6.26993">
        <ele>1595.6</ele>
      </rtept>
      <rtept lat="45.83173" lon="6.26996">
        <ele>1596</ele>
      </rtept>
      <rtept lat="45.83173" lon="6.26998">
        <ele>1596.6</ele>
      </rtept>
      <rtept lat="45.83172" lon="6.27001">
        <ele>1597.2</ele>
      </rtept>
      <rtept lat="45.83171" lon="6.27003">
        <ele>1597</ele>
      </rtept>
      <rtept lat="45.8317" lon="6.27005">
        <ele>1597.8</ele>
      </rtept>
      <rtept lat="45.83169" lon="6.27008">
        <ele>1598.4</ele>
      </rtept>
      <rtept lat="45.83169" lon="6.27011">
        <ele>1598.8</ele>
      </rtept>
      <rtept lat="45.83168" lon="6.27014">
        <ele>1598.8</ele>
      </rtept>
      <rtept lat="45.83167" lon="6.27017">
        <ele>1598.2</ele>
      </rtept>
      <rtept lat="45.83165" lon="6.27019">
        <ele>1599.2</ele>
      </rtept>
      <rtept lat="45.83165" lon="6.27023">
        <ele>1600</ele>
      </rtept>
      <rtept lat="45.83164" lon="6.27025">
        <ele>1600.4</ele>
      </rtept>
      <rtept lat="45.83164" lon="6.27027">
        <ele>1600.6</ele>
      </rtept>
      <rtept lat="45.83163" lon="6.2703">
        <ele>1600.8</ele>
      </rtept>
      <rtept lat="45.83163" lon="6.27033">
        <ele>1601.4</ele>
      </rtept>
      <rtept lat="45.83164" lon="6.27036">
        <ele>1602.6</ele>
      </rtept>
      <rtept lat="45.83166" lon="6.27034">
        <ele>1602.2</ele>
      </rtept>
      <rtept lat="45.83167" lon="6.27032">
        <ele>1602.4</ele>
      </rtept>
      <rtept lat="45.83168" lon="6.27032">
        <ele>1603</ele>
      </rtept>
      <rtept lat="45.83169" lon="6.27031">
        <ele>1604.8</ele>
      </rtept>
      <rtept lat="45.83172" lon="6.2703">
        <ele>1605.2</ele>
      </rtept>
      <rtept lat="45.83175" lon="6.27029">
        <ele>1606</ele>
      </rtept>
      <rtept lat="45.83176" lon="6.27029">
        <ele>1606.4</ele>
      </rtept>
      <rtept lat="45.83179" lon="6.27029">
        <ele>1607</ele>
      </rtept>
      <rtept lat="45.83181" lon="6.2703">
        <ele>1607.4</ele>
      </rtept>
      <rtept lat="45.83182" lon="6.27032">
        <ele>1607.8</ele>
      </rtept>
      <rtept lat="45.83182" lon="6.27035">
        <ele>1608</ele>
      </rtept>
      <rtept lat="45.83181" lon="6.27037">
        <ele>1609</ele>
      </rtept>
      <rtept lat="45.83179" lon="6.27039">
        <ele>1609.6</ele>
      </rtept>
      <rtept lat="45.83177" lon="6.27042">
        <ele>1610.4</ele>
      </rtept>
      <rtept lat="45.83177" lon="6.27044">
        <ele>1611.2</ele>
      </rtept>
      <rtept lat="45.83176" lon="6.27047">
        <ele>1612.2</ele>
      </rtept>
      <rtept lat="45.83176" lon="6.2705">
        <ele>1612.6</ele>
      </rtept>
      <rtept lat="45.83175" lon="6.27053">
        <ele>1614</ele>
      </rtept>
      <rtept lat="45.83175" lon="6.27055">
        <ele>1615</ele>
      </rtept>
      <rtept lat="45.83174" lon="6.27059">
        <ele>1616.4</ele>
      </rtept>
      <rtept lat="45.83173" lon="6.27062">
        <ele>1616.6</ele>
      </rtept>
      <rtept lat="45.83172" lon="6.27063">
        <ele>1617</ele>
      </rtept>
      <rtept lat="45.83172" lon="6.27065">
        <ele>1619.6</ele>
      </rtept>
      <rtept lat="45.83173" lon="6.27065">
        <ele>1619.4</ele>
      </rtept>
      <rtept lat="45.83174" lon="6.27064">
        <ele>1620.2</ele>
      </rtept>
      <rtept lat="45.83175" lon="6.27066">
        <ele>1624.2</ele>
      </rtept>
      <rtept lat="45.83175" lon="6.27069">
        <ele>1624.2</ele>
      </rtept>
      <rtept lat="45.83176" lon="6.27072">
        <ele>1624.4</ele>
      </rtept>
      <rtept lat="45.83177" lon="6.27075">
        <ele>1624.6</ele>
      </rtept>
      <rtept lat="45.83178" lon="6.27077">
        <ele>1624.6</ele>
      </rtept>
      <rtept lat="45.8318" lon="6.27079">
        <ele>1624.8</ele>
      </rtept>
      <rtept lat="45.83182" lon="6.27079">
        <ele>1625</ele>
      </rtept>
      <rtept lat="45.83184" lon="6.2708">
        <ele>1626.2</ele>
      </rtept>
      <rtept lat="45.83186" lon="6.2708">
        <ele>1626.8</ele>
      </rtept>
      <rtept lat="45.83188" lon="6.2708">
        <ele>1630.2</ele>
      </rtept>
      <rtept lat="45.8319" lon="6.27079">
        <ele>1630.8</ele>
      </rtept>
      <rtept lat="45.83193" lon="6.27078">
        <ele>1631.4</ele>
      </rtept>
      <rtept lat="45.83196" lon="6.27078">
        <ele>1631.6</ele>
      </rtept>
      <rtept lat="45.83198" lon="6.27079">
        <ele>1632</ele>
      </rtept>
      <rtept lat="45.83199" lon="6.2708">
        <ele>1632.8</ele>
      </rtept>
      <rtept lat="45.83199" lon="6.27083">
        <ele>1633.6</ele>
      </rtept>
      <rtept lat="45.83197" lon="6.27085">
        <ele>1634</ele>
      </rtept>
      <rtept lat="45.83197" lon="6.27087">
        <ele>1634.8</ele>
      </rtept>
      <rtept lat="45.83195" lon="6.27089">
        <ele>1635.2</ele>
      </rtept>
      <rtept lat="45.83194" lon="6.27092">
        <ele>1636.6</ele>
      </rtept>
      <rtept lat="45.83194" lon="6.27093">
        <ele>1638.2</ele>
      </rtept>
      <rtept lat="45.83194" lon="6.27096">
        <ele>1638.2</ele>
      </rtept>
      <rtept lat="45.83194" lon="6.27098">
        <ele>1638.6</ele>
      </rtept>
      <rtept lat="45.83193" lon="6.27101">
        <ele>1638.4</ele>
      </rtept>
      <rtept lat="45.83192" lon="6.27105">
        <ele>1639.8</ele>
      </rtept>
      <rtept lat="45.83192" lon="6.27107">
        <ele>1640</ele>
      </rtept>
      <rtept lat="45.83192" lon="6.2711">
        <ele>1640.2</ele>
      </rtept>
      <rtept lat="45.83191" lon="6.27113">
        <ele>1640.6</ele>
      </rtept>
      <rtept lat="45.8319" lon="6.27115">
        <ele>1641.2</ele>
      </rtept>
      <rtept lat="45.83189" lon="6.27117">
        <ele>1641.2</ele>
      </rtept>
      <rtept lat="45.83189" lon="6.2712">
        <ele>1642</ele>
      </rtept>
      <rtept lat="45.83188" lon="6.27123">
        <ele>1642.6</ele>
      </rtept>
      <rtept lat="45.83187" lon="6.27125">
        <ele>1643.4</ele>
      </rtept>
      <rtept lat="45.83186" lon="6.27128">
        <ele>1644.8</ele>
      </rtept>
      <rtept lat="45.83186" lon="6.27131">
        <ele>1645.8</ele>
      </rtept>
      <rtept lat="45.83188" lon="6.27129">
        <ele>1648.2</ele>
      </rtept>
      <rtept lat="45.83192" lon="6.27129">
        <ele>1649.2</ele>
      </rtept>
      <rtept lat="45.83194" lon="6.27129">
        <ele>1649.4</ele>
      </rtept>
      <rtept lat="45.83196" lon="6.27128">
        <ele>1649.4</ele>
      </rtept>
      <rtept lat="45.83197" lon="6.27127">
        <ele>1649.8</ele>
      </rtept>
      <rtept lat="45.83199" lon="6.27126">
        <ele>1650.4</ele>
      </rtept>
      <rtept lat="45.83201" lon="6.27126">
        <ele>1651.8</ele>
      </rtept>
      <rtept lat="45.83204" lon="6.27126">
        <ele>1652.6</ele>
      </rtept>
      <rtept lat="45.83205" lon="6.27128">
        <ele>1653</ele>
      </rtept>
      <rtept lat="45.83206" lon="6.27131">
        <ele>1654.2</ele>
      </rtept>
      <rtept lat="45.83206" lon="6.27133">
        <ele>1655.2</ele>
      </rtept>
      <rtept lat="45.8321" lon="6.27131">
        <ele>1656.2</ele>
      </rtept>
      <rtept lat="45.83211" lon="6.27131">
        <ele>1656.6</ele>
      </rtept>
      <rtept lat="45.83213" lon="6.2713">
        <ele>1657.4</ele>
      </rtept>
      <rtept lat="45.83215" lon="6.2713">
        <ele>1659.2</ele>
      </rtept>
      <rtept lat="45.83217" lon="6.2713">
        <ele>1660</ele>
      </rtept>
      <rtept lat="45.83219" lon="6.2713">
        <ele>1661</ele>
      </rtept>
      <rtept lat="45.83221" lon="6.2713">
        <ele>1661.4</ele>
      </rtept>
      <rtept lat="45.83223" lon="6.2713">
        <ele>1662</ele>
      </rtept>
      <rtept lat="45.83227" lon="6.2713">
        <ele>1662.8</ele>
      </rtept>
      <rtept lat="45.83229" lon="6.27129">
        <ele>1663</ele>
      </rtept>
      <rtept lat="45.83231" lon="6.27129">
        <ele>1663.2</ele>
      </rtept>
      <rtept lat="45.83233" lon="6.27129">
        <ele>1663.4</ele>
      </rtept>
      <rtept lat="45.83233" lon="6.27131">
        <ele>1663.8</ele>
      </rtept>
      <rtept lat="45.83232" lon="6.27134">
        <ele>1664.6</ele>
      </rtept>
      <rtept lat="45.8323" lon="6.27136">
        <ele>1664.8</ele>
      </rtept>
      <rtept lat="45.83228" lon="6.27138">
        <ele>1665.6</ele>
      </rtept>
      <rtept lat="45.83225" lon="6.2714">
        <ele>1666.8</ele>
      </rtept>
      <rtept lat="45.83225" lon="6.27141">
        <ele>1667.6</ele>
      </rtept>
      <rtept lat="45.83223" lon="6.27143">
        <ele>1667.8</ele>
      </rtept>
      <rtept lat="45.83222" lon="6.27146">
        <ele>1668</ele>
      </rtept>
      <rtept lat="45.83221" lon="6.27148">
        <ele>1669</ele>
      </rtept>
      <rtept lat="45.83219" lon="6.27149">
        <ele>1669.2</ele>
      </rtept>
      <rtept lat="45.83217" lon="6.2715">
        <ele>1669.8</ele>
      </rtept>
      <rtept lat="45.83216" lon="6.27152">
        <ele>1671.2</ele>
      </rtept>
      <rtept lat="45.83217" lon="6.27155">
        <ele>1673</ele>
      </rtept>
      <rtept lat="45.83219" lon="6.27156">
        <ele>1673</ele>
      </rtept>
      <rtept lat="45.83221" lon="6.27155">
        <ele>1673.2</ele>
      </rtept>
      <rtept lat="45.83221" lon="6.27156">
        <ele>1675</ele>
      </rtept>
      <rtept lat="45.8322" lon="6.27159">
        <ele>1674.6</ele>
      </rtept>
      <rtept lat="45.83219" lon="6.27162">
        <ele>1674.6</ele>
      </rtept>
      <rtept lat="45.83217" lon="6.27165">
        <ele>1675</ele>
      </rtept>
      <rtept lat="45.83218" lon="6.27167">
        <ele>1676</ele>
      </rtept>
      <rtept lat="45.8322" lon="6.27166">
        <ele>1676.6</ele>
      </rtept>
      <rtept lat="45.83222" lon="6.27166">
        <ele>1678.2</ele>
      </rtept>
      <rtept lat="45.83222" lon="6.27168">
        <ele>1680.2</ele>
      </rtept>
      <rtept lat="45.83221" lon="6.27171">
        <ele>1680.4</ele>
      </rtept>
      <rtept lat="45.83219" lon="6.27177">
        <ele>1680.6</ele>
      </rtept>
      <rtept lat="45.83218" lon="6.27179">
        <ele>1680.6</ele>
      </rtept>
      <rtept lat="45.83216" lon="6.2718">
        <ele>1680.8</ele>
      </rtept>
      <rtept lat="45.83213" lon="6.2718">
        <ele>1680.8</ele>
      </rtept>
      <rtept lat="45.83212" lon="6.27181">
        <ele>1681.2</ele>
      </rtept>
      <rtept lat="45.83211" lon="6.27183">
        <ele>1682.2</ele>
      </rtept>
      <rtept lat="45.8321" lon="6.27186">
        <ele>1683.2</ele>
      </rtept>
      <rtept lat="45.83212" lon="6.27186">
        <ele>1683.2</ele>
      </rtept>
      <rtept lat="45.83214" lon="6.27188">
        <ele>1683.6</ele>
      </rtept>
      <rtept lat="45.83213" lon="6.27191">
        <ele>1685</ele>
      </rtept>
      <rtept lat="45.83211" lon="6.27195">
        <ele>1686.2</ele>
      </rtept>
      <rtept lat="45.83211" lon="6.27197">
        <ele>1687</ele>
      </rtept>
      <rtept lat="45.83209" lon="6.272">
        <ele>1687.2</ele>
      </rtept>
      <rtept lat="45.83208" lon="6.27203">
        <ele>1687.4</ele>
      </rtept>
      <rtept lat="45.83206" lon="6.27204">
        <ele>1687.8</ele>
      </rtept>
      <rtept lat="45.83206" lon="6.27206">
        <ele>1689.8</ele>
      </rtept>
      <rtept lat="45.83208" lon="6.27205">
        <ele>1689.6</ele>
      </rtept>
      <rtept lat="45.8321" lon="6.27206">
        <ele>1691.8</ele>
      </rtept>
      <rtept lat="45.83214" lon="6.27207">
        <ele>1692</ele>
      </rtept>
      <rtept lat="45.83215" lon="6.27207">
        <ele>1692.4</ele>
      </rtept>
      <rtept lat="45.83218" lon="6.27208">
        <ele>1692.6</ele>
      </rtept>
      <rtept lat="45.83218" lon="6.2721">
        <ele>1693.4</ele>
      </rtept>
      <rtept lat="45.83217" lon="6.27213">
        <ele>1694.2</ele>
      </rtept>
      <rtept lat="45.83215" lon="6.27216">
        <ele>1694.6</ele>
      </rtept>
      <rtept lat="45.83214" lon="6.27219">
        <ele>1695.4</ele>
      </rtept>
      <rtept lat="45.83213" lon="6.27222">
        <ele>1695.6</ele>
      </rtept>
      <rtept lat="45.83212" lon="6.27225">
        <ele>1695.8</ele>
      </rtept>
      <rtept lat="45.83211" lon="6.27227">
        <ele>1696.4</ele>
      </rtept>
      <rtept lat="45.8321" lon="6.27228">
        <ele>1697</ele>
      </rtept>
      <rtept lat="45.83209" lon="6.2723">
        <ele>1698.4</ele>
      </rtept>
      <rtept lat="45.83207" lon="6.2723">
        <ele>1699</ele>
      </rtept>
      <rtept lat="45.83205" lon="6.27232">
        <ele>1699.2</ele>
      </rtept>
      <rtept lat="45.83203" lon="6.27234">
        <ele>1700.2</ele>
      </rtept>
      <rtept lat="45.83203" lon="6.27236">
        <ele>1698.6</ele>
      </rtept>
      <rtept lat="45.83203" lon="6.27237">
        <ele>1700</ele>
      </rtept>
      <rtept lat="45.83201" lon="6.27239">
        <ele>1701.4</ele>
      </rtept>
      <rtept lat="45.832" lon="6.27241">
        <ele>1702.2</ele>
      </rtept>
      <rtept lat="45.832" lon="6.27242">
        <ele>1702.8</ele>
      </rtept>
      <rtept lat="45.83199" lon="6.27245">
        <ele>1704.6</ele>
      </rtept>
      <rtept lat="45.83198" lon="6.27247">
        <ele>1705</ele>
      </rtept>
      <rtept lat="45.83198" lon="6.2725">
        <ele>1705.8</ele>
      </rtept>
      <rtept lat="45.83198" lon="6.27252">
        <ele>1706.4</ele>
      </rtept>
      <rtept lat="45.83197" lon="6.27255">
        <ele>1706</ele>
      </rtept>
      <rtept lat="45.83196" lon="6.27257">
        <ele>1707</ele>
      </rtept>
      <rtept lat="45.83195" lon="6.2726">
        <ele>1708</ele>
      </rtept>
      <rtept lat="45.83196" lon="6.27261">
        <ele>1708.6</ele>
      </rtept>
      <rtept lat="45.83197" lon="6.27262">
        <ele>1708.8</ele>
      </rtept>
      <rtept lat="45.83197" lon="6.27264">
        <ele>1709.8</ele>
      </rtept>
      <rtept lat="45.83195" lon="6.27266">
        <ele>1710.2</ele>
      </rtept>
      <rtept lat="45.83193" lon="6.27269">
        <ele>1711.2</ele>
      </rtept>
      <rtept lat="45.83192" lon="6.2727">
        <ele>1711.6</ele>
      </rtept>
      <rtept lat="45.83191" lon="6.2727">
        <ele>1713</ele>
      </rtept>
      <rtept lat="45.8319" lon="6.27271">
        <ele>1715.4</ele>
      </rtept>
      <rtept lat="45.83189" lon="6.27276">
        <ele>1716.8</ele>
      </rtept>
      <rtept lat="45.83188" lon="6.27278">
        <ele>1716.4</ele>
      </rtept>
      <rtept lat="45.83186" lon="6.27281">
        <ele>1716</ele>
      </rtept>
      <rtept lat="45.83188" lon="6.27282">
        <ele>1717.2</ele>
      </rtept>
      <rtept lat="45.8319" lon="6.27281">
        <ele>1719.8</ele>
      </rtept>
      <rtept lat="45.83193" lon="6.27281">
        <ele>1720.2</ele>
      </rtept>
      <rtept lat="45.83197" lon="6.2728">
        <ele>1720</ele>
      </rtept>
      <rtept lat="45.83198" lon="6.2728">
        <ele>1720.4</ele>
      </rtept>
      <rtept lat="45.83201" lon="6.2728">
        <ele>1721.2</ele>
      </rtept>
      <rtept lat="45.83203" lon="6.27279">
        <ele>1721.8</ele>
      </rtept>
      <rtept lat="45.83205" lon="6.27279">
        <ele>1723.4</ele>
      </rtept>
      <rtept lat="45.83206" lon="6.27278">
        <ele>1724.8</ele>
      </rtept>
      <rtept lat="45.83208" lon="6.27277">
        <ele>1725.6</ele>
      </rtept>
      <rtept lat="45.8321" lon="6.27276">
        <ele>1726.4</ele>
      </rtept>
      <rtept lat="45.83212" lon="6.27277">
        <ele>1727.6</ele>
      </rtept>
      <rtept lat="45.83213" lon="6.27277">
        <ele>1728.6</ele>
      </rtept>
      <rtept lat="45.83215" lon="6.27277">
        <ele>1729.4</ele>
      </rtept>
      <rtept lat="45.83217" lon="6.27277">
        <ele>1730.4</ele>
      </rtept>
      <rtept lat="45.83219" lon="6.27276">
        <ele>1731.4</ele>
      </rtept>
      <rtept lat="45.83221" lon="6.27276">
        <ele>1731.8</ele>
      </rtept>
      <rtept lat="45.83223" lon="6.27277">
        <ele>1732</ele>
      </rtept>
      <rtept lat="45.83225" lon="6.27276">
        <ele>1732.8</ele>
      </rtept>
      <rtept lat="45.83227" lon="6.27276">
        <ele>1733.2</ele>
      </rtept>
      <rtept lat="45.83229" lon="6.27275">
        <ele>1734.4</ele>
      </rtept>
      <rtept lat="45.83231" lon="6.27274">
        <ele>1735.2</ele>
      </rtept>
      <rtept lat="45.83233" lon="6.27273">
        <ele>1735.4</ele>
      </rtept>
      <rtept lat="45.83235" lon="6.27271">
        <ele>1736</ele>
      </rtept>
      <rtept lat="45.83237" lon="6.2727">
        <ele>1736.4</ele>
      </rtept>
      <rtept lat="45.83239" lon="6.27269">
        <ele>1737</ele>
      </rtept>
      <rtept lat="45.8324" lon="6.27268">
        <ele>1738.4</ele>
      </rtept>
      <rtept lat="45.83242" lon="6.27267">
        <ele>1740.8</ele>
      </rtept>
      <rtept lat="45.83244" lon="6.27267">
        <ele>1740.8</ele>
      </rtept>
      <rtept lat="45.83245" lon="6.27269">
        <ele>1742.6</ele>
      </rtept>
      <rtept lat="45.83244" lon="6.27272">
        <ele>1744.8</ele>
      </rtept>
      <rtept lat="45.83244" lon="6.27273">
        <ele>1744.8</ele>
      </rtept>
      <rtept lat="45.83243" lon="6.27274">
        <ele>1746.8</ele>
      </rtept>
      <rtept lat="45.83244" lon="6.27277">
        <ele>1746.6</ele>
      </rtept>
      <rtept lat="45.83246" lon="6.27278">
        <ele>1747</ele>
      </rtept>
      <rtept lat="45.83248" lon="6.27279">
        <ele>1747</ele>
      </rtept>
      <rtept lat="45.8325" lon="6.2728">
        <ele>1746.8</ele>
      </rtept>
      <rtept lat="45.83252" lon="6.27281">
        <ele>1746.4</ele>
      </rtept>
      <rtept lat="45.83254" lon="6.27282">
        <ele>1746.4</ele>
      </rtept>
      <rtept lat="45.83257" lon="6.27282">
        <ele>1747.2</ele>
      </rtept>
      <rtept lat="45.83259" lon="6.27281">
        <ele>1746.8</ele>
      </rtept>
      <rtept lat="45.83261" lon="6.27281">
        <ele>1747.6</ele>
      </rtept>
      <rtept lat="45.83264" lon="6.2728">
        <ele>1748</ele>
      </rtept>
      <rtept lat="45.83264" lon="6.27281">
        <ele>1748.6</ele>
      </rtept>
      <rtept lat="45.83262" lon="6.27284">
        <ele>1750.6</ele>
      </rtept>
      <rtept lat="45.83262" lon="6.27284">
        <ele>1752</ele>
      </rtept>
      <rtept lat="45.8326" lon="6.27286">
        <ele>1750.8</ele>
      </rtept>
      <rtept lat="45.83259" lon="6.27288">
        <ele>1752</ele>
      </rtept>
      <rtept lat="45.83257" lon="6.2729">
        <ele>1752.4</ele>
      </rtept>
      <rtept lat="45.83256" lon="6.27293">
        <ele>1751.6</ele>
      </rtept>
      <rtept lat="45.83254" lon="6.27294">
        <ele>1751.6</ele>
      </rtept>
      <rtept lat="45.83251" lon="6.27295">
        <ele>1752</ele>
      </rtept>
      <rtept lat="45.83249" lon="6.27295">
        <ele>1751.6</ele>
      </rtept>
      <rtept lat="45.83247" lon="6.27297">
        <ele>1753</ele>
      </rtept>
      <rtept lat="45.83245" lon="6.27298">
        <ele>1754</ele>
      </rtept>
      <rtept lat="45.83244" lon="6.273">
        <ele>1755.4</ele>
      </rtept>
      <rtept lat="45.83242" lon="6.27301">
        <ele>1754.2</ele>
      </rtept>
      <rtept lat="45.8324" lon="6.27303">
        <ele>1753.6</ele>
      </rtept>
      <rtept lat="45.8324" lon="6.27305">
        <ele>1754.4</ele>
      </rtept>
      <rtept lat="45.83242" lon="6.27305">
        <ele>1755.2</ele>
      </rtept>
      <rtept lat="45.83244" lon="6.27305">
        <ele>1755</ele>
      </rtept>
      <rtept lat="45.83246" lon="6.27305">
        <ele>1756.2</ele>
      </rtept>
      <rtept lat="45.83248" lon="6.27305">
        <ele>1756.4</ele>
      </rtept>
      <rtept lat="45.83248" lon="6.27307">
        <ele>1758</ele>
      </rtept>
      <rtept lat="45.83247" lon="6.2731">
        <ele>1758.4</ele>
      </rtept>
      <rtept lat="45.83246" lon="6.27312">
        <ele>1759.2</ele>
      </rtept>
      <rtept lat="45.83248" lon="6.27314">
        <ele>1759.4</ele>
      </rtept>
      <rtept lat="45.8325" lon="6.27313">
        <ele>1760.8</ele>
      </rtept>
      <rtept lat="45.83252" lon="6.27314">
        <ele>1761.4</ele>
      </rtept>
      <rtept lat="45.83252" lon="6.27317">
        <ele>1761.8</ele>
      </rtept>
      <rtept lat="45.8325" lon="6.27318">
        <ele>1760.8</ele>
      </rtept>
      <rtept lat="45.83249" lon="6.27319">
        <ele>1764</ele>
      </rtept>
      <rtept lat="45.83247" lon="6.27323">
        <ele>1764.8</ele>
      </rtept>
      <rtept lat="45.83246" lon="6.27325">
        <ele>1764.8</ele>
      </rtept>
      <rtept lat="45.83244" lon="6.27327">
        <ele>1765.6</ele>
      </rtept>
      <rtept lat="45.83242" lon="6.27328">
        <ele>1766</ele>
      </rtept>
      <rtept lat="45.8324" lon="6.2733">
        <ele>1766.8</ele>
      </rtept>
      <rtept lat="45.83239" lon="6.27331">
        <ele>1768.2</ele>
      </rtept>
      <rtept lat="45.83237" lon="6.27332">
        <ele>1769</ele>
      </rtept>
      <rtept lat="45.83235" lon="6.27333">
        <ele>1769.6</ele>
      </rtept>
      <rtept lat="45.83233" lon="6.27337">
        <ele>1770.2</ele>
      </rtept>
      <rtept lat="45.83232" lon="6.27338">
        <ele>1770.2</ele>
      </rtept>
      <rtept lat="45.8323" lon="6.27339">
        <ele>1770.2</ele>
      </rtept>
      <rtept lat="45.83228" lon="6.27342">
        <ele>1769.8</ele>
      </rtept>
      <rtept lat="45.83225" lon="6.27343">
        <ele>1770.4</ele>
      </rtept>
      <rtept lat="45.83224" lon="6.27344">
        <ele>1770.4</ele>
      </rtept>
      <rtept lat="45.83222" lon="6.27344">
        <ele>1770.8</ele>
      </rtept>
      <rtept lat="45.8322" lon="6.27347">
        <ele>1771.6</ele>
      </rtept>
      <rtept lat="45.83218" lon="6.27348">
        <ele>1772.4</ele>
      </rtept>
      <rtept lat="45.83217" lon="6.27349">
        <ele>1772.8</ele>
      </rtept>
      <rtept lat="45.83216" lon="6.27352">
        <ele>1774.8</ele>
      </rtept>
      <rtept lat="45.83217" lon="6.27353">
        <ele>1776.4</ele>
      </rtept>
      <rtept lat="45.83218" lon="6.27355">
        <ele>1776.8</ele>
      </rtept>
      <rtept lat="45.8322" lon="6.27355">
        <ele>1777</ele>
      </rtept>
      <rtept lat="45.83222" lon="6.27354">
        <ele>1777.4</ele>
      </rtept>
      <rtept lat="45.83224" lon="6.27354">
        <ele>1777.6</ele>
      </rtept>
      <rtept lat="45.83226" lon="6.27354">
        <ele>1778.4</ele>
      </rtept>
      <rtept lat="45.83229" lon="6.27353">
        <ele>1778.4</ele>
      </rtept>
      <rtept lat="45.83231" lon="6.27353">
        <ele>1779</ele>
      </rtept>
      <rtept lat="45.83233" lon="6.27353">
        <ele>1779.2</ele>
      </rtept>
      <rtept lat="45.83235" lon="6.27352">
        <ele>1779.4</ele>
      </rtept>
      <rtept lat="45.83237" lon="6.27351">
        <ele>1780.2</ele>
      </rtept>
      <rtept lat="45.83239" lon="6.2735">
        <ele>1780.4</ele>
      </rtept>
      <rtept lat="45.83241" lon="6.27349">
        <ele>1781</ele>
      </rtept>
      <rtept lat="45.83243" lon="6.27349">
        <ele>1781.2</ele>
      </rtept>
      <rtept lat="45.83244" lon="6.2735">
        <ele>1782.4</ele>
      </rtept>
      <rtept lat="45.83243" lon="6.27352">
        <ele>1782.4</ele>
      </rtept>
      <rtept lat="45.83241" lon="6.27356">
        <ele>1783.4</ele>
      </rtept>
      <rtept lat="45.83239" lon="6.27357">
        <ele>1783</ele>
      </rtept>
      <rtept lat="45.83238" lon="6.27358">
        <ele>1783.4</ele>
      </rtept>
      <rtept lat="45.83236" lon="6.27358">
        <ele>1783.4</ele>
      </rtept>
      <rtept lat="45.83235" lon="6.27359">
        <ele>1784</ele>
      </rtept>
      <rtept lat="45.83233" lon="6.27361">
        <ele>1784.4</ele>
      </rtept>
      <rtept lat="45.8323" lon="6.27363">
        <ele>1782.6</ele>
      </rtept>
      <rtept lat="45.8323" lon="6.27363">
        <ele>1783</ele>
      </rtept>
      <rtept lat="45.83227" lon="6.27365">
        <ele>1784.6</ele>
      </rtept>
      <rtept lat="45.83227" lon="6.27366">
        <ele>1786.6</ele>
      </rtept>
      <rtept lat="45.83226" lon="6.27369">
        <ele>1785.6</ele>
      </rtept>
      <rtept lat="45.83226" lon="6.27372">
        <ele>1786.6</ele>
      </rtept>
      <rtept lat="45.83227" lon="6.27374">
        <ele>1787</ele>
      </rtept>
      <rtept lat="45.83227" lon="6.27376">
        <ele>1785.4</ele>
      </rtept>
      <rtept lat="45.83228" lon="6.27378">
        <ele>1783.4</ele>
      </rtept>
      <rtept lat="45.83229" lon="6.27382">
        <ele>1783</ele>
      </rtept>
      <rtept lat="45.8323" lon="6.27385">
        <ele>1783.6</ele>
      </rtept>
      <rtept lat="45.83231" lon="6.27387">
        <ele>1784.2</ele>
      </rtept>
      <rtept lat="45.83232" lon="6.27391">
        <ele>1784</ele>
      </rtept>
      <rtept lat="45.83233" lon="6.27393">
        <ele>1784.6</ele>
      </rtept>
      <rtept lat="45.83235" lon="6.27395">
        <ele>1784.6</ele>
      </rtept>
      <rtept lat="45.83237" lon="6.27398">
        <ele>1785.2</ele>
      </rtept>
      <rtept lat="45.83238" lon="6.27399">
        <ele>1785.6</ele>
      </rtept>
      <rtept lat="45.83237" lon="6.27402">
        <ele>1787</ele>
      </rtept>
      <rtept lat="45.83239" lon="6.27404">
        <ele>1787.6</ele>
      </rtept>
      <rtept lat="45.83239" lon="6.27406">
        <ele>1789.6</ele>
      </rtept>
      <rtept lat="45.83238" lon="6.27408">
        <ele>1790.4</ele>
      </rtept>
      <rtept lat="45.83236" lon="6.2741">
        <ele>1791.2</ele>
      </rtept>
      <rtept lat="45.83234" lon="6.27411">
        <ele>1791.6</ele>
      </rtept>
      <rtept lat="45.83231" lon="6.27412">
        <ele>1791.8</ele>
      </rtept>
      <rtept lat="45.83229" lon="6.27413">
        <ele>1792.4</ele>
      </rtept>
      <rtept lat="45.83227" lon="6.27414">
        <ele>1792.6</ele>
      </rtept>
      <rtept lat="45.83224" lon="6.27416">
        <ele>1793.2</ele>
      </rtept>
      <rtept lat="45.83223" lon="6.27418">
        <ele>1793.8</ele>
      </rtept>
      <rtept lat="45.83222" lon="6.27419">
        <ele>1794</ele>
      </rtept>
      <rtept lat="45.83221" lon="6.27421">
        <ele>1794.2</ele>
      </rtept>
      <rtept lat="45.83218" lon="6.27422">
        <ele>1794.6</ele>
      </rtept>
      <rtept lat="45.83216" lon="6.27423">
        <ele>1794.8</ele>
      </rtept>
      <rtept lat="45.83214" lon="6.27423">
        <ele>1794.6</ele>
      </rtept>
      <rtept lat="45.83212" lon="6.27422">
        <ele>1794.2</ele>
      </rtept>
      <rtept lat="45.83209" lon="6.27422">
        <ele>1793.8</ele>
      </rtept>
      <rtept lat="45.83207" lon="6.27422">
        <ele>1793.2</ele>
      </rtept>
      <rtept lat="45.83205" lon="6.27423">
        <ele>1793</ele>
      </rtept>
      <rtept lat="45.83203" lon="6.27423">
        <ele>1793.4</ele>
      </rtept>
      <rtept lat="45.83201" lon="6.27424">
        <ele>1793.8</ele>
      </rtept>
      <rtept lat="45.83199" lon="6.27424">
        <ele>1794.2</ele>
      </rtept>
      <rtept lat="45.83197" lon="6.27424">
        <ele>1794.4</ele>
      </rtept>
      <rtept lat="45.83194" lon="6.27424">
        <ele>1794.2</ele>
      </rtept>
      <rtept lat="45.83191" lon="6.27424">
        <ele>1794.2</ele>
      </rtept>
      <rtept lat="45.8319" lon="6.27424">
        <ele>1794.2</ele>
      </rtept>
      <rtept lat="45.83188" lon="6.27424">
        <ele>1794</ele>
      </rtept>
      <rtept lat="45.83186" lon="6.27424">
        <ele>1793.4</ele>
      </rtept>
      <rtept lat="45.83184" lon="6.27424">
        <ele>1793</ele>
      </rtept>
      <rtept lat="45.83181" lon="6.27423">
        <ele>1793</ele>
      </rtept>
      <rtept lat="45.83179" lon="6.27423">
        <ele>1792.8</ele>
      </rtept>
      <rtept lat="45.83174" lon="6.27422">
        <ele>1792.6</ele>
      </rtept>
      <rtept lat="45.83173" lon="6.27423">
        <ele>1792.6</ele>
      </rtept>
      <rtept lat="45.8317" lon="6.27423">
        <ele>1792.6</ele>
      </rtept>
      <rtept lat="45.83168" lon="6.27423">
        <ele>1793</ele>
      </rtept>
      <rtept lat="45.83166" lon="6.27424">
        <ele>1793.6</ele>
      </rtept>
      <rtept lat="45.83164" lon="6.27425">
        <ele>1793.8</ele>
      </rtept>
      <rtept lat="45.83161" lon="6.27426">
        <ele>1794.6</ele>
      </rtept>
      <rtept lat="45.8316" lon="6.27428">
        <ele>1795.2</ele>
      </rtept>
      <rtept lat="45.83158" lon="6.27428">
        <ele>1795.2</ele>
      </rtept>
      <rtept lat="45.83155" lon="6.27427">
        <ele>1795.6</ele>
      </rtept>
      <rtept lat="45.83153" lon="6.27424">
        <ele>1795.4</ele>
      </rtept>
      <rtept lat="45.8315" lon="6.27423">
        <ele>1794.4</ele>
      </rtept>
      <rtept lat="45.83148" lon="6.27422">
        <ele>1794.2</ele>
      </rtept>
      <rtept lat="45.83146" lon="6.27422">
        <ele>1794.6</ele>
      </rtept>
      <rtept lat="45.83144" lon="6.27422">
        <ele>1795.2</ele>
      </rtept>
      <rtept lat="45.83141" lon="6.27421">
        <ele>1795.6</ele>
      </rtept>
      <rtept lat="45.83139" lon="6.27423">
        <ele>1795.8</ele>
      </rtept>
      <rtept lat="45.83136" lon="6.27426">
        <ele>1796.4</ele>
      </rtept>
      <rtept lat="45.83135" lon="6.27427">
        <ele>1796</ele>
      </rtept>
      <rtept lat="45.83133" lon="6.2743">
        <ele>1795</ele>
      </rtept>
      <rtept lat="45.83131" lon="6.27431">
        <ele>1795</ele>
      </rtept>
      <rtept lat="45.83128" lon="6.27432">
        <ele>1795.4</ele>
      </rtept>
      <rtept lat="45.83127" lon="6.27433">
        <ele>1795.4</ele>
      </rtept>
      <rtept lat="45.83125" lon="6.27433">
        <ele>1795.6</ele>
      </rtept>
      <rtept lat="45.83124" lon="6.27436">
        <ele>1796.2</ele>
      </rtept>
      <rtept lat="45.83122" lon="6.27438">
        <ele>1796.6</ele>
      </rtept>
      <rtept lat="45.83119" lon="6.2744">
        <ele>1796.4</ele>
      </rtept>
      <rtept lat="45.83117" lon="6.2744">
        <ele>1794.6</ele>
      </rtept>
      <rtept lat="45.83116" lon="6.27441">
        <ele>1794.4</ele>
      </rtept>
      <rtept lat="45.83114" lon="6.27442">
        <ele>1794.2</ele>
      </rtept>
      <rtept lat="45.83112" lon="6.27442">
        <ele>1793.8</ele>
      </rtept>
      <rtept lat="45.83109" lon="6.27444">
        <ele>1793.8</ele>
      </rtept>
      <rtept lat="45.83107" lon="6.27445">
        <ele>1793.6</ele>
      </rtept>
      <rtept lat="45.83104" lon="6.27445">
        <ele>1793.4</ele>
      </rtept>
      <rtept lat="45.83102" lon="6.27445">
        <ele>1793.6</ele>
      </rtept>
      <rtept lat="45.83099" lon="6.27444">
        <ele>1793.2</ele>
      </rtept>
      <rtept lat="45.83095" lon="6.27445">
        <ele>1793.2</ele>
      </rtept>
      <rtept lat="45.83094" lon="6.27446">
        <ele>1793.2</ele>
      </rtept>
      <rtept lat="45.83092" lon="6.27447">
        <ele>1793.4</ele>
      </rtept>
      <rtept lat="45.8309" lon="6.27449">
        <ele>1793.4</ele>
      </rtept>
      <rtept lat="45.83088" lon="6.2745">
        <ele>1793.6</ele>
      </rtept>
      <rtept lat="45.83086" lon="6.27451">
        <ele>1793.8</ele>
      </rtept>
      <rtept lat="45.83084" lon="6.27451">
        <ele>1793.2</ele>
      </rtept>
      <rtept lat="45.83082" lon="6.27452">
        <ele>1793</ele>
      </rtept>
      <rtept lat="45.8308" lon="6.27454">
        <ele>1792.4</ele>
      </rtept>
      <rtept lat="45.83079" lon="6.27457">
        <ele>1792.2</ele>
      </rtept>
      <rtept lat="45.83077" lon="6.27459">
        <ele>1792.2</ele>
      </rtept>
      <rtept lat="45.83076" lon="6.27461">
        <ele>1792.6</ele>
      </rtept>
      <rtept lat="45.83074" lon="6.27462">
        <ele>1793.2</ele>
      </rtept>
      <rtept lat="45.83072" lon="6.27463">
        <ele>1794.4</ele>
      </rtept>
      <rtept lat="45.8307" lon="6.27464">
        <ele>1794.4</ele>
      </rtept>
      <rtept lat="45.83067" lon="6.27466">
        <ele>1794.8</ele>
      </rtept>
      <rtept lat="45.83065" lon="6.27466">
        <ele>1795</ele>
      </rtept>
      <rtept lat="45.83064" lon="6.27468">
        <ele>1794.6</ele>
      </rtept>
      <rtept lat="45.83062" lon="6.27468">
        <ele>1796</ele>
      </rtept>
      <rtept lat="45.8306" lon="6.27468">
        <ele>1796.4</ele>
      </rtept>
      <rtept lat="45.83057" lon="6.27469">
        <ele>1796.4</ele>
      </rtept>
      <rtept lat="45.83054" lon="6.2747">
        <ele>1796.2</ele>
      </rtept>
      <rtept lat="45.83053" lon="6.27471">
        <ele>1796</ele>
      </rtept>
      <rtept lat="45.83051" lon="6.27472">
        <ele>1795.6</ele>
      </rtept>
      <rtept lat="45.83049" lon="6.27473">
        <ele>1795.6</ele>
      </rtept>
      <rtept lat="45.83046" lon="6.27475">
        <ele>1795.6</ele>
      </rtept>
      <rtept lat="45.83045" lon="6.27476">
        <ele>1794.4</ele>
      </rtept>
      <rtept lat="45.83043" lon="6.27477">
        <ele>1794.6</ele>
      </rtept>
      <rtept lat="45.8304" lon="6.2748">
        <ele>1794.6</ele>
      </rtept>
      <rtept lat="45.83039" lon="6.27481">
        <ele>1795</ele>
      </rtept>
      <rtept lat="45.83035" lon="6.27482">
        <ele>1794.2</ele>
      </rtept>
      <rtept lat="45.83033" lon="6.27484">
        <ele>1793.8</ele>
      </rtept>
      <rtept lat="45.83032" lon="6.27484">
        <ele>1792.8</ele>
      </rtept>
      <rtept lat="45.8303" lon="6.27485">
        <ele>1793</ele>
      </rtept>
      <rtept lat="45.83027" lon="6.27488">
        <ele>1793</ele>
      </rtept>
      <rtept lat="45.83024" lon="6.27491">
        <ele>1792.8</ele>
      </rtept>
      <rtept lat="45.83023" lon="6.27492">
        <ele>1792.8</ele>
      </rtept>
      <rtept lat="45.8302" lon="6.27493">
        <ele>1793.2</ele>
      </rtept>
      <rtept lat="45.83017" lon="6.27495">
        <ele>1793.6</ele>
      </rtept>
      <rtept lat="45.83015" lon="6.27496">
        <ele>1793.4</ele>
      </rtept>
      <rtept lat="45.83011" lon="6.27497">
        <ele>1793</ele>
      </rtept>
      <rtept lat="45.83009" lon="6.27497">
        <ele>1792.8</ele>
      </rtept>
      <rtept lat="45.83006" lon="6.27497">
        <ele>1792.4</ele>
      </rtept>
      <rtept lat="45.83004" lon="6.27499">
        <ele>1792</ele>
      </rtept>
      <rtept lat="45.83002" lon="6.27501">
        <ele>1791.6</ele>
      </rtept>
      <rtept lat="45.82998" lon="6.27505">
        <ele>1791.4</ele>
      </rtept>
      <rtept lat="45.82997" lon="6.27506">
        <ele>1791.4</ele>
      </rtept>
      <rtept lat="45.82995" lon="6.27509">
        <ele>1791.8</ele>
      </rtept>
      <rtept lat="45.82994" lon="6.27512">
        <ele>1792</ele>
      </rtept>
      <rtept lat="45.82992" lon="6.27514">
        <ele>1791.4</ele>
      </rtept>
      <rtept lat="45.82991" lon="6.27516">
        <ele>1791</ele>
      </rtept>
      <rtept lat="45.8299" lon="6.2752">
        <ele>1791</ele>
      </rtept>
      <rtept lat="45.82988" lon="6.27523">
        <ele>1790.6</ele>
      </rtept>
      <rtept lat="45.82986" lon="6.27526">
        <ele>1789.2</ele>
      </rtept>
      <rtept lat="45.82985" lon="6.27527">
        <ele>1788</ele>
      </rtept>
      <rtept lat="45.82984" lon="6.2753">
        <ele>1786.8</ele>
      </rtept>
      <rtept lat="45.82983" lon="6.27534">
        <ele>1786.2</ele>
      </rtept>
      <rtept lat="45.82983" lon="6.27538">
        <ele>1786.2</ele>
      </rtept>
      <rtept lat="45.82983" lon="6.27542">
        <ele>1786.2</ele>
      </rtept>
      <rtept lat="45.82983" lon="6.27546">
        <ele>1786</ele>
      </rtept>
      <rtept lat="45.82982" lon="6.27548">
        <ele>1785.6</ele>
      </rtept>
      <rtept lat="45.82982" lon="6.27552">
        <ele>1784.6</ele>
      </rtept>
      <rtept lat="45.82981" lon="6.27556">
        <ele>1785.8</ele>
      </rtept>
      <rtept lat="45.82979" lon="6.27561">
        <ele>1785.4</ele>
      </rtept>
      <rtept lat="45.82979" lon="6.27563">
        <ele>1785.4</ele>
      </rtept>
      <rtept lat="45.82978" lon="6.27567">
        <ele>1785.8</ele>
      </rtept>
      <rtept lat="45.82978" lon="6.27572">
        <ele>1784.8</ele>
      </rtept>
      <rtept lat="45.82978" lon="6.27573">
        <ele>1784.4</ele>
      </rtept>
      <rtept lat="45.82978" lon="6.27576">
        <ele>1784.6</ele>
      </rtept>
      <rtept lat="45.82979" lon="6.2758">
        <ele>1785</ele>
      </rtept>
      <rtept lat="45.82978" lon="6.27583">
        <ele>1785</ele>
      </rtept>
      <rtept lat="45.82977" lon="6.27586">
        <ele>1784.4</ele>
      </rtept>
      <rtept lat="45.82976" lon="6.27588">
        <ele>1784.2</ele>
      </rtept>
      <rtept lat="45.82975" lon="6.27589">
        <ele>1783.4</ele>
      </rtept>
      <rtept lat="45.82973" lon="6.27593">
        <ele>1782.6</ele>
      </rtept>
      <rtept lat="45.82971" lon="6.27597">
        <ele>1781.6</ele>
      </rtept>
      <rtept lat="45.82971" lon="6.27598">
        <ele>1781.2</ele>
      </rtept>
      <rtept lat="45.8297" lon="6.27601">
        <ele>1780.6</ele>
      </rtept>
      <rtept lat="45.82969" lon="6.27605">
        <ele>1780</ele>
      </rtept>
      <rtept lat="45.82967" lon="6.27606">
        <ele>1779.4</ele>
      </rtept>
      <rtept lat="45.82965" lon="6.27607">
        <ele>1779</ele>
      </rtept>
      <rtept lat="45.82964" lon="6.27609">
        <ele>1778.4</ele>
      </rtept>
      <rtept lat="45.82963" lon="6.27613">
        <ele>1778</ele>
      </rtept>
      <rtept lat="45.82963" lon="6.27616">
        <ele>1777.2</ele>
      </rtept>
      <rtept lat="45.82963" lon="6.2762">
        <ele>1776.6</ele>
      </rtept>
      <rtept lat="45.82962" lon="6.27625">
        <ele>1776.4</ele>
      </rtept>
      <rtept lat="45.82961" lon="6.27627">
        <ele>1776.6</ele>
      </rtept>
      <rtept lat="45.8296" lon="6.2763">
        <ele>1775.8</ele>
      </rtept>
      <rtept lat="45.82958" lon="6.27633">
        <ele>1775.4</ele>
      </rtept>
      <rtept lat="45.82955" lon="6.27636">
        <ele>1775.8</ele>
      </rtept>
      <rtept lat="45.82954" lon="6.27637">
        <ele>1775.4</ele>
      </rtept>
      <rtept lat="45.82953" lon="6.2764">
        <ele>1775.2</ele>
      </rtept>
      <rtept lat="45.82951" lon="6.27642">
        <ele>1774.8</ele>
      </rtept>
      <rtept lat="45.82949" lon="6.27643">
        <ele>1774.2</ele>
      </rtept>
      <rtept lat="45.82947" lon="6.27644">
        <ele>1773.4</ele>
      </rtept>
      <rtept lat="45.82945" lon="6.27644">
        <ele>1772.8</ele>
      </rtept>
      <rtept lat="45.82943" lon="6.27647">
        <ele>1771.8</ele>
      </rtept>
      <rtept lat="45.82942" lon="6.27649">
        <ele>1771.8</ele>
      </rtept>
      <rtept lat="45.82941" lon="6.27651">
        <ele>1771.8</ele>
      </rtept>
      <rtept lat="45.82939" lon="6.27653">
        <ele>1772</ele>
      </rtept>
      <rtept lat="45.82937" lon="6.27656">
        <ele>1772.6</ele>
      </rtept>
      <rtept lat="45.82935" lon="6.27658">
        <ele>1772.6</ele>
      </rtept>
      <rtept lat="45.82933" lon="6.2766">
        <ele>1773</ele>
      </rtept>
      <rtept lat="45.82932" lon="6.27663">
        <ele>1772.8</ele>
      </rtept>
      <rtept lat="45.8293" lon="6.27666">
        <ele>1772.4</ele>
      </rtept>
      <rtept lat="45.82929" lon="6.2767">
        <ele>1771.8</ele>
      </rtept>
      <rtept lat="45.82928" lon="6.27674">
        <ele>1771.2</ele>
      </rtept>
      <rtept lat="45.82927" lon="6.27677">
        <ele>1771</ele>
      </rtept>
      <rtept lat="45.82927" lon="6.27681">
        <ele>1771</ele>
      </rtept>
      <rtept lat="45.82926" lon="6.27687">
        <ele>1771</ele>
      </rtept>
      <rtept lat="45.82926" lon="6.27689">
        <ele>1771</ele>
      </rtept>
      <rtept lat="45.82925" lon="6.27692">
        <ele>1770.6</ele>
      </rtept>
      <rtept lat="45.82924" lon="6.27696">
        <ele>1770.8</ele>
      </rtept>
      <rtept lat="45.82922" lon="6.27699">
        <ele>1771.2</ele>
      </rtept>
      <rtept lat="45.82921" lon="6.27703">
        <ele>1771.2</ele>
      </rtept>
      <rtept lat="45.82919" lon="6.27706">
        <ele>1770.8</ele>
      </rtept>
      <rtept lat="45.82917" lon="6.27709">
        <ele>1770.4</ele>
      </rtept>
      <rtept lat="45.82915" lon="6.27712">
        <ele>1770.4</ele>
      </rtept>
      <rtept lat="45.82914" lon="6.27715">
        <ele>1770.4</ele>
      </rtept>
      <rtept lat="45.82912" lon="6.27717">
        <ele>1769.6</ele>
      </rtept>
      <rtept lat="45.8291" lon="6.2772">
        <ele>1769.6</ele>
      </rtept>
      <rtept lat="45.82908" lon="6.27723">
        <ele>1769.2</ele>
      </rtept>
      <rtept lat="45.82907" lon="6.27725">
        <ele>1769.2</ele>
      </rtept>
      <rtept lat="45.82905" lon="6.27729">
        <ele>1768.8</ele>
      </rtept>
      <rtept lat="45.82904" lon="6.27733">
        <ele>1768.2</ele>
      </rtept>
      <rtept lat="45.82902" lon="6.27736">
        <ele>1768</ele>
      </rtept>
      <rtept lat="45.82899" lon="6.27738">
        <ele>1767.8</ele>
      </rtept>
      <rtept lat="45.82897" lon="6.27741">
        <ele>1767.8</ele>
      </rtept>
      <rtept lat="45.82895" lon="6.27744">
        <ele>1767.8</ele>
      </rtept>
      <rtept lat="45.82894" lon="6.27747">
        <ele>1767.2</ele>
      </rtept>
      <rtept lat="45.82893" lon="6.27751">
        <ele>1767</ele>
      </rtept>
      <rtept lat="45.82891" lon="6.27754">
        <ele>1766.6</ele>
      </rtept>
      <rtept lat="45.8289" lon="6.2776">
        <ele>1766.8</ele>
      </rtept>
      <rtept lat="45.8289" lon="6.27762">
        <ele>1767</ele>
      </rtept>
      <rtept lat="45.8289" lon="6.27766">
        <ele>1767.6</ele>
      </rtept>
      <rtept lat="45.8289" lon="6.27771">
        <ele>1767.2</ele>
      </rtept>
      <rtept lat="45.82889" lon="6.27773">
        <ele>1767.2</ele>
      </rtept>
      <rtept lat="45.82887" lon="6.27776">
        <ele>1767.4</ele>
      </rtept>
      <rtept lat="45.82886" lon="6.27779">
        <ele>1767.4</ele>
      </rtept>
      <rtept lat="45.82883" lon="6.27781">
        <ele>1767.4</ele>
      </rtept>
      <rtept lat="45.82881" lon="6.27782">
        <ele>1767.4</ele>
      </rtept>
      <rtept lat="45.82878" lon="6.27783">
        <ele>1767.6</ele>
      </rtept>
      <rtept lat="45.82875" lon="6.27784">
        <ele>1767.8</ele>
      </rtept>
      <rtept lat="45.82874" lon="6.27787">
        <ele>1767.8</ele>
      </rtept>
      <rtept lat="45.82871" lon="6.27788">
        <ele>1768</ele>
      </rtept>
      <rtept lat="45.82867" lon="6.2779">
        <ele>1768</ele>
      </rtept>
      <rtept lat="45.82866" lon="6.27791">
        <ele>1768.2</ele>
      </rtept>
      <rtept lat="45.82864" lon="6.27794">
        <ele>1768.2</ele>
      </rtept>
      <rtept lat="45.82862" lon="6.27796">
        <ele>1768</ele>
      </rtept>
      <rtept lat="45.82861" lon="6.27799">
        <ele>1768.2</ele>
      </rtept>
      <rtept lat="45.82859" lon="6.27802">
        <ele>1768.6</ele>
      </rtept>
      <rtept lat="45.82858" lon="6.27804">
        <ele>1768.6</ele>
      </rtept>
      <rtept lat="45.82856" lon="6.27807">
        <ele>1769</ele>
      </rtept>
      <rtept lat="45.82855" lon="6.2781">
        <ele>1769</ele>
      </rtept>
      <rtept lat="45.82853" lon="6.27813">
        <ele>1769.8</ele>
      </rtept>
      <rtept lat="45.82852" lon="6.27816">
        <ele>1769.6</ele>
      </rtept>
      <rtept lat="45.82851" lon="6.2782">
        <ele>1769.4</ele>
      </rtept>
      <rtept lat="45.82851" lon="6.27824">
        <ele>1769.4</ele>
      </rtept>
      <rtept lat="45.8285" lon="6.27826">
        <ele>1770</ele>
      </rtept>
      <rtept lat="45.82849" lon="6.2783">
        <ele>1770.4</ele>
      </rtept>
      <rtept lat="45.82848" lon="6.27833">
        <ele>1770.4</ele>
      </rtept>
      <rtept lat="45.82846" lon="6.27837">
        <ele>1770.4</ele>
      </rtept>
      <rtept lat="45.82845" lon="6.27839">
        <ele>1770.6</ele>
      </rtept>
      <rtept lat="45.82842" lon="6.27842">
        <ele>1771</ele>
      </rtept>
      <rtept lat="45.82839" lon="6.27843">
        <ele>1771.2</ele>
      </rtept>
      <rtept lat="45.82836" lon="6.27844">
        <ele>1771.2</ele>
      </rtept>
      <rtept lat="45.82834" lon="6.27844">
        <ele>1771.4</ele>
      </rtept>
      <rtept lat="45.82831" lon="6.27844">
        <ele>1771.4</ele>
      </rtept>
      <rtept lat="45.82828" lon="6.27844">
        <ele>1771.6</ele>
      </rtept>
      <rtept lat="45.82826" lon="6.27844">
        <ele>1771.8</ele>
      </rtept>
      <rtept lat="45.82824" lon="6.27843">
        <ele>1771.2</ele>
      </rtept>
      <rtept lat="45.82821" lon="6.27841">
        <ele>1771</ele>
      </rtept>
      <rtept lat="45.82819" lon="6.27839">
        <ele>1771.4</ele>
      </rtept>
      <rtept lat="45.82817" lon="6.27838">
        <ele>1771.6</ele>
      </rtept>
      <rtept lat="45.82815" lon="6.27837">
        <ele>1771.6</ele>
      </rtept>
      <rtept lat="45.82813" lon="6.27836">
        <ele>1771.8</ele>
      </rtept>
      <rtept lat="45.82811" lon="6.27834">
        <ele>1772.2</ele>
      </rtept>
      <rtept lat="45.82809" lon="6.27833">
        <ele>1772.6</ele>
      </rtept>
      <rtept lat="45.82806" lon="6.27832">
        <ele>1772.6</ele>
      </rtept>
      <rtept lat="45.82805" lon="6.27832">
        <ele>1772.6</ele>
      </rtept>
      <rtept lat="45.82803" lon="6.27831">
        <ele>1772.8</ele>
      </rtept>
      <rtept lat="45.82801" lon="6.2783">
        <ele>1773</ele>
      </rtept>
      <rtept lat="45.82799" lon="6.2783">
        <ele>1773.6</ele>
      </rtept>
      <rtept lat="45.82797" lon="6.2783">
        <ele>1773.8</ele>
      </rtept>
      <rtept lat="45.82794" lon="6.27831">
        <ele>1773.8</ele>
      </rtept>
      <rtept lat="45.82792" lon="6.2783">
        <ele>1774.2</ele>
      </rtept>
      <rtept lat="45.8279" lon="6.27831">
        <ele>1774.8</ele>
      </rtept>
      <rtept lat="45.82788" lon="6.27832">
        <ele>1775</ele>
      </rtept>
      <rtept lat="45.82787" lon="6.27833">
        <ele>1775</ele>
      </rtept>
      <rtept lat="45.82784" lon="6.27834">
        <ele>1775.8</ele>
      </rtept>
      <rtept lat="45.82782" lon="6.27836">
        <ele>1776.2</ele>
      </rtept>
      <rtept lat="45.82781" lon="6.27837">
        <ele>1776.2</ele>
      </rtept>
      <rtept lat="45.82779" lon="6.27839">
        <ele>1776.4</ele>
      </rtept>
      <rtept lat="45.82778" lon="6.27841">
        <ele>1776.8</ele>
      </rtept>
      <rtept lat="45.82776" lon="6.27843">
        <ele>1777.6</ele>
      </rtept>
      <rtept lat="45.82774" lon="6.27845">
        <ele>1777.6</ele>
      </rtept>
      <rtept lat="45.82773" lon="6.27847">
        <ele>1778</ele>
      </rtept>
      <rtept lat="45.82771" lon="6.2785">
        <ele>1778.4</ele>
      </rtept>
      <rtept lat="45.82769" lon="6.27852">
        <ele>1779</ele>
      </rtept>
      <rtept lat="45.82767" lon="6.27854">
        <ele>1779.4</ele>
      </rtept>
      <rtept lat="45.82767" lon="6.27857">
        <ele>1780</ele>
      </rtept>
      <rtept lat="45.82766" lon="6.2786">
        <ele>1780.6</ele>
      </rtept>
      <rtept lat="45.82765" lon="6.27864">
        <ele>1781.6</ele>
      </rtept>
      <rtept lat="45.82765" lon="6.27867">
        <ele>1782</ele>
      </rtept>
      <rtept lat="45.82764" lon="6.27869">
        <ele>1782.6</ele>
      </rtept>
      <rtept lat="45.82763" lon="6.27872">
        <ele>1783</ele>
      </rtept>
      <rtept lat="45.82762" lon="6.27875">
        <ele>1783.2</ele>
      </rtept>
      <rtept lat="45.82762" lon="6.27877">
        <ele>1783.8</ele>
      </rtept>
      <rtept lat="45.82761" lon="6.2788">
        <ele>1783.8</ele>
      </rtept>
      <rtept lat="45.8276" lon="6.27883">
        <ele>1784.2</ele>
      </rtept>
      <rtept lat="45.82758" lon="6.27885">
        <ele>1784.6</ele>
      </rtept>
      <rtept lat="45.82756" lon="6.27884">
        <ele>1784.2</ele>
      </rtept>
      <rtept lat="45.82753" lon="6.27883">
        <ele>1783.8</ele>
      </rtept>
      <rtept lat="45.8275" lon="6.27885">
        <ele>1784.6</ele>
      </rtept>
      <rtept lat="45.82749" lon="6.27886">
        <ele>1784.8</ele>
      </rtept>
      <rtept lat="45.82747" lon="6.27887">
        <ele>1784.8</ele>
      </rtept>
      <rtept lat="45.82745" lon="6.27889">
        <ele>1785.2</ele>
      </rtept>
      <rtept lat="45.82743" lon="6.27891">
        <ele>1785.8</ele>
      </rtept>
      <rtept lat="45.82742" lon="6.27892">
        <ele>1786</ele>
      </rtept>
      <rtept lat="45.8274" lon="6.27894">
        <ele>1786.4</ele>
      </rtept>
      <rtept lat="45.82739" lon="6.27896">
        <ele>1786.8</ele>
      </rtept>
      <rtept lat="45.82738" lon="6.27899">
        <ele>1787.4</ele>
      </rtept>
      <rtept lat="45.82736" lon="6.279">
        <ele>1788</ele>
      </rtept>
      <rtept lat="45.82734" lon="6.27902">
        <ele>1788.4</ele>
      </rtept>
      <rtept lat="45.82732" lon="6.27904">
        <ele>1788.6</ele>
      </rtept>
      <rtept lat="45.82731" lon="6.27905">
        <ele>1788.6</ele>
      </rtept>
      <rtept lat="45.82729" lon="6.27906">
        <ele>1788.8</ele>
      </rtept>
      <rtept lat="45.82727" lon="6.27908">
        <ele>1789.2</ele>
      </rtept>
      <rtept lat="45.82725" lon="6.27909">
        <ele>1789.4</ele>
      </rtept>
      <rtept lat="45.82723" lon="6.27911">
        <ele>1789.8</ele>
      </rtept>
      <rtept lat="45.82721" lon="6.27911">
        <ele>1790.2</ele>
      </rtept>
      <rtept lat="45.82719" lon="6.27911">
        <ele>1790.8</ele>
      </rtept>
      <rtept lat="45.82717" lon="6.27912">
        <ele>1790.8</ele>
      </rtept>
      <rtept lat="45.82715" lon="6.27914">
        <ele>1791</ele>
      </rtept>
      <rtept lat="45.82712" lon="6.27914">
        <ele>1791.4</ele>
      </rtept>
      <rtept lat="45.82711" lon="6.27915">
        <ele>1791.6</ele>
      </rtept>
      <rtept lat="45.82709" lon="6.27917">
        <ele>1792.4</ele>
      </rtept>
      <rtept lat="45.82706" lon="6.27919">
        <ele>1792.6</ele>
      </rtept>
      <rtept lat="45.82704" lon="6.27921">
        <ele>1793</ele>
      </rtept>
      <rtept lat="45.82701" lon="6.27923">
        <ele>1794.4</ele>
      </rtept>
      <rtept lat="45.827" lon="6.27924">
        <ele>1794.6</ele>
      </rtept>
      <rtept lat="45.82698" lon="6.27925">
        <ele>1795</ele>
      </rtept>
      <rtept lat="45.82696" lon="6.27925">
        <ele>1795.6</ele>
      </rtept>
      <rtept lat="45.82694" lon="6.27926">
        <ele>1796</ele>
      </rtept>
      <rtept lat="45.82693" lon="6.27928">
        <ele>1796.8</ele>
      </rtept>
      <rtept lat="45.82691" lon="6.2793">
        <ele>1797.8</ele>
      </rtept>
      <rtept lat="45.82689" lon="6.2793">
        <ele>1798.6</ele>
      </rtept>
      <rtept lat="45.82687" lon="6.27931">
        <ele>1799.4</ele>
      </rtept>
      <rtept lat="45.82686" lon="6.27932">
        <ele>1799.8</ele>
      </rtept>
      <rtept lat="45.82684" lon="6.27934">
        <ele>1800.6</ele>
      </rtept>
      <rtept lat="45.82682" lon="6.27936">
        <ele>1801.2</ele>
      </rtept>
      <rtept lat="45.82679" lon="6.27937">
        <ele>1801.6</ele>
      </rtept>
      <rtept lat="45.82679" lon="6.2794">
        <ele>1802.4</ele>
      </rtept>
      <rtept lat="45.82678" lon="6.27943">
        <ele>1803</ele>
      </rtept>
      <rtept lat="45.82676" lon="6.27945">
        <ele>1803.2</ele>
      </rtept>
      <rtept lat="45.82675" lon="6.27947">
        <ele>1803.8</ele>
      </rtept>
      <rtept lat="45.82674" lon="6.27949">
        <ele>1804.2</ele>
      </rtept>
      <rtept lat="45.82672" lon="6.27952">
        <ele>1804.4</ele>
      </rtept>
      <rtept lat="45.82671" lon="6.27954">
        <ele>1804.8</ele>
      </rtept>
      <rtept lat="45.82669" lon="6.27955">
        <ele>1805.4</ele>
      </rtept>
      <rtept lat="45.82668" lon="6.27957">
        <ele>1805.6</ele>
      </rtept>
      <rtept lat="45.82665" lon="6.27958">
        <ele>1806.2</ele>
      </rtept>
      <rtept lat="45.82664" lon="6.2796">
        <ele>1806.6</ele>
      </rtept>
      <rtept lat="45.82662" lon="6.27961">
        <ele>1807</ele>
      </rtept>
      <rtept lat="45.8266" lon="6.27962">
        <ele>1807.4</ele>
      </rtept>
      <rtept lat="45.82659" lon="6.27963">
        <ele>1808</ele>
      </rtept>
      <rtept lat="45.82657" lon="6.27966">
        <ele>1808.8</ele>
      </rtept>
      <rtept lat="45.82656" lon="6.27968">
        <ele>1809</ele>
      </rtept>
      <rtept lat="45.82654" lon="6.27971">
        <ele>1809</ele>
      </rtept>
      <rtept lat="45.82653" lon="6.27972">
        <ele>1809.6</ele>
      </rtept>
      <rtept lat="45.82651" lon="6.27975">
        <ele>1810</ele>
      </rtept>
      <rtept lat="45.82649" lon="6.27976">
        <ele>1810.6</ele>
      </rtept>
      <rtept lat="45.82647" lon="6.27978">
        <ele>1811</ele>
      </rtept>
      <rtept lat="45.82644" lon="6.27978">
        <ele>1811.4</ele>
      </rtept>
      <rtept lat="45.82643" lon="6.27978">
        <ele>1811.6</ele>
      </rtept>
      <rtept lat="45.82641" lon="6.27978">
        <ele>1812</ele>
      </rtept>
      <rtept lat="45.82638" lon="6.27979">
        <ele>1812.2</ele>
      </rtept>
      <rtept lat="45.82636" lon="6.2798">
        <ele>1812.2</ele>
      </rtept>
      <rtept lat="45.82635" lon="6.27982">
        <ele>1813</ele>
      </rtept>
      <rtept lat="45.82633" lon="6.27984">
        <ele>1814</ele>
      </rtept>
      <rtept lat="45.82633" lon="6.27986">
        <ele>1814.8</ele>
      </rtept>
      <rtept lat="45.82632" lon="6.27987">
        <ele>1815.4</ele>
      </rtept>
      <rtept lat="45.8263" lon="6.27989">
        <ele>1815.8</ele>
      </rtept>
      <rtept lat="45.82627" lon="6.27989">
        <ele>1816.4</ele>
      </rtept>
      <rtept lat="45.82625" lon="6.27989">
        <ele>1817.4</ele>
      </rtept>
      <rtept lat="45.82623" lon="6.27989">
        <ele>1817.8</ele>
      </rtept>
      <rtept lat="45.82623" lon="6.27992">
        <ele>1819</ele>
      </rtept>
      <rtept lat="45.82623" lon="6.27994">
        <ele>1822.8</ele>
      </rtept>
      <rtept lat="45.8262" lon="6.27996">
        <ele>1823.4</ele>
      </rtept>
      <rtept lat="45.82618" lon="6.27997">
        <ele>1823.6</ele>
      </rtept>
      <rtept lat="45.82615" lon="6.27999">
        <ele>1823.8</ele>
      </rtept>
      <rtept lat="45.82614" lon="6.28001">
        <ele>1824.6</ele>
      </rtept>
      <rtept lat="45.82612" lon="6.28003">
        <ele>1826.8</ele>
      </rtept>
      <rtept lat="45.82609" lon="6.28003">
        <ele>1827.4</ele>
      </rtept>
      <rtept lat="45.82606" lon="6.28003">
        <ele>1827.6</ele>
      </rtept>
      <rtept lat="45.82604" lon="6.28004">
        <ele>1827.6</ele>
      </rtept>
      <rtept lat="45.82602" lon="6.28005">
        <ele>1827.4</ele>
      </rtept>
      <rtept lat="45.826" lon="6.28006">
        <ele>1827.6</ele>
      </rtept>
      <rtept lat="45.82598" lon="6.28006">
        <ele>1828</ele>
      </rtept>
      <rtept lat="45.82596" lon="6.28007">
        <ele>1828.2</ele>
      </rtept>
      <rtept lat="45.82594" lon="6.28008">
        <ele>1828.4</ele>
      </rtept>
      <rtept lat="45.82592" lon="6.28008">
        <ele>1828.8</ele>
      </rtept>
      <rtept lat="45.8259" lon="6.28008">
        <ele>1828.4</ele>
      </rtept>
      <rtept lat="45.82587" lon="6.28008">
        <ele>1828.8</ele>
      </rtept>
      <rtept lat="45.82585" lon="6.28008">
        <ele>1829.6</ele>
      </rtept>
      <rtept lat="45.82584" lon="6.28008">
        <ele>1829.4</ele>
      </rtept>
      <rtept lat="45.82582" lon="6.28009">
        <ele>1830</ele>
      </rtept>
      <rtept lat="45.8258" lon="6.2801">
        <ele>1830.8</ele>
      </rtept>
      <rtept lat="45.82578" lon="6.28011">
        <ele>1831</ele>
      </rtept>
      <rtept lat="45.82575" lon="6.28012">
        <ele>1831.4</ele>
      </rtept>
      <rtept lat="45.82574" lon="6.28014">
        <ele>1832.4</ele>
      </rtept>
      <rtept lat="45.82573" lon="6.28017">
        <ele>1833</ele>
      </rtept>
      <rtept lat="45.82571" lon="6.28018">
        <ele>1833.8</ele>
      </rtept>
      <rtept lat="45.82569" lon="6.28018">
        <ele>1834.6</ele>
      </rtept>
      <rtept lat="45.82567" lon="6.28018">
        <ele>1835.4</ele>
      </rtept>
      <rtept lat="45.82565" lon="6.28019">
        <ele>1835.6</ele>
      </rtept>
      <rtept lat="45.82563" lon="6.2802">
        <ele>1836</ele>
      </rtept>
      <rtept lat="45.82561" lon="6.2802">
        <ele>1836.2</ele>
      </rtept>
      <rtept lat="45.82559" lon="6.28021">
        <ele>1837</ele>
      </rtept>
      <rtept lat="45.82558" lon="6.28022">
        <ele>1837.8</ele>
      </rtept>
      <rtept lat="45.82555" lon="6.28023">
        <ele>1838</ele>
      </rtept>
      <rtept lat="45.82553" lon="6.28023">
        <ele>1838.4</ele>
      </rtept>
      <rtept lat="45.82552" lon="6.28024">
        <ele>1839.6</ele>
      </rtept>
      <rtept lat="45.8255" lon="6.28026">
        <ele>1840</ele>
      </rtept>
      <rtept lat="45.82548" lon="6.28027">
        <ele>1841.4</ele>
      </rtept>
      <rtept lat="45.82547" lon="6.28028">
        <ele>1842.8</ele>
      </rtept>
      <rtept lat="45.82545" lon="6.28029">
        <ele>1843.8</ele>
      </rtept>
      <rtept lat="45.82543" lon="6.2803">
        <ele>1843.8</ele>
      </rtept>
      <rtept lat="45.82541" lon="6.28031">
        <ele>1844.2</ele>
      </rtept>
      <rtept lat="45.8254" lon="6.28034">
        <ele>1845.6</ele>
      </rtept>
      <rtept lat="45.82539" lon="6.28036">
        <ele>1846.2</ele>
      </rtept>
      <rtept lat="45.82538" lon="6.28038">
        <ele>1846.4</ele>
      </rtept>
      <rtept lat="45.82536" lon="6.28038">
        <ele>1847.6</ele>
      </rtept>
      <rtept lat="45.82535" lon="6.2804">
        <ele>1847.8</ele>
      </rtept>
      <rtept lat="45.82534" lon="6.28042">
        <ele>1849</ele>
      </rtept>
      <rtept lat="45.82532" lon="6.28044">
        <ele>1849.6</ele>
      </rtept>
      <rtept lat="45.82529" lon="6.28044">
        <ele>1850.2</ele>
      </rtept>
      <rtept lat="45.82528" lon="6.28045">
        <ele>1850.4</ele>
      </rtept>
      <rtept lat="45.82525" lon="6.28046">
        <ele>1850.8</ele>
      </rtept>
      <rtept lat="45.82523" lon="6.28047">
        <ele>1850.8</ele>
      </rtept>
      <rtept lat="45.82521" lon="6.28048">
        <ele>1851.4</ele>
      </rtept>
      <rtept lat="45.82519" lon="6.28049">
        <ele>1851.6</ele>
      </rtept>
      <rtept lat="45.82518" lon="6.2805">
        <ele>1851.8</ele>
      </rtept>
      <rtept lat="45.82516" lon="6.28052">
        <ele>1851.8</ele>
      </rtept>
      <rtept lat="45.82514" lon="6.28054">
        <ele>1852.2</ele>
      </rtept>
      <rtept lat="45.82513" lon="6.28056">
        <ele>1852.2</ele>
      </rtept>
      <rtept lat="45.82512" lon="6.28057">
        <ele>1852.6</ele>
      </rtept>
      <rtept lat="45.8251" lon="6.2806">
        <ele>1852.8</ele>
      </rtept>
      <rtept lat="45.82508" lon="6.28062">
        <ele>1853.8</ele>
      </rtept>
      <rtept lat="45.82506" lon="6.28064">
        <ele>1854</ele>
      </rtept>
      <rtept lat="45.82504" lon="6.28065">
        <ele>1854.4</ele>
      </rtept>
      <rtept lat="45.82502" lon="6.28067">
        <ele>1855.2</ele>
      </rtept>
      <rtept lat="45.825" lon="6.28068">
        <ele>1856</ele>
      </rtept>
      <rtept lat="45.82498" lon="6.2807">
        <ele>1856.2</ele>
      </rtept>
      <rtept lat="45.82497" lon="6.28072">
        <ele>1857.2</ele>
      </rtept>
      <rtept lat="45.82496" lon="6.28075">
        <ele>1857.8</ele>
      </rtept>
      <rtept lat="45.82495" lon="6.28077">
        <ele>1858.6</ele>
      </rtept>
      <rtept lat="45.82494" lon="6.2808">
        <ele>1859</ele>
      </rtept>
      <rtept lat="45.82494" lon="6.28082">
        <ele>1859.8</ele>
      </rtept>
      <rtept lat="45.82494" lon="6.28085">
        <ele>1860.6</ele>
      </rtept>
      <rtept lat="45.82493" lon="6.28088">
        <ele>1861.4</ele>
      </rtept>
      <rtept lat="45.82492" lon="6.28091">
        <ele>1861.8</ele>
      </rtept>
      <rtept lat="45.82491" lon="6.28093">
        <ele>1861.8</ele>
      </rtept>
      <rtept lat="45.82489" lon="6.28095">
        <ele>1862.4</ele>
      </rtept>
      <rtept lat="45.82487" lon="6.28095">
        <ele>1862.8</ele>
      </rtept>
      <rtept lat="45.82485" lon="6.28095">
        <ele>1863.6</ele>
      </rtept>
      <rtept lat="45.82483" lon="6.28097">
        <ele>1864</ele>
      </rtept>
      <rtept lat="45.82481" lon="6.28095">
        <ele>1864.4</ele>
      </rtept>
      <rtept lat="45.8248" lon="6.28093">
        <ele>1865.2</ele>
      </rtept>
      <rtept lat="45.82478" lon="6.28091">
        <ele>1866.2</ele>
      </rtept>
      <rtept lat="45.82476" lon="6.28091">
        <ele>1866.6</ele>
      </rtept>
      <rtept lat="45.82474" lon="6.28089">
        <ele>1867.2</ele>
      </rtept>
      <rtept lat="45.82472" lon="6.28087">
        <ele>1867.6</ele>
      </rtept>
      <rtept lat="45.8247" lon="6.28087">
        <ele>1868</ele>
      </rtept>
      <rtept lat="45.82468" lon="6.28089">
        <ele>1868.8</ele>
      </rtept>
      <rtept lat="45.82466" lon="6.28089">
        <ele>1869.2</ele>
      </rtept>
      <rtept lat="45.82464" lon="6.28089">
        <ele>1870</ele>
      </rtept>
      <rtept lat="45.82464" lon="6.28091">
        <ele>1870.8</ele>
      </rtept>
      <rtept lat="45.82465" lon="6.28093">
        <ele>1872.8</ele>
      </rtept>
      <rtept lat="45.82464" lon="6.28094">
        <ele>1875.4</ele>
      </rtept>
      <rtept lat="45.82462" lon="6.28097">
        <ele>1876</ele>
      </rtept>
      <rtept lat="45.8246" lon="6.28098">
        <ele>1876.2</ele>
      </rtept>
      <rtept lat="45.82458" lon="6.28101">
        <ele>1876.8</ele>
      </rtept>
      <rtept lat="45.82456" lon="6.28102">
        <ele>1876.8</ele>
      </rtept>
      <rtept lat="45.82455" lon="6.28104">
        <ele>1878</ele>
      </rtept>
      <rtept lat="45.82455" lon="6.28104">
        <ele>1880.8</ele>
      </rtept>
      <rtept lat="45.82453" lon="6.28105">
        <ele>1881.2</ele>
      </rtept>
      <rtept lat="45.82451" lon="6.28106">
        <ele>1882</ele>
      </rtept>
      <rtept lat="45.82449" lon="6.28108">
        <ele>1882.4</ele>
      </rtept>
      <rtept lat="45.82448" lon="6.28109">
        <ele>1883.8</ele>
      </rtept>
      <rtept lat="45.82447" lon="6.2811">
        <ele>1889.6</ele>
      </rtept>
      <rtept lat="45.82446" lon="6.28111">
        <ele>1889.6</ele>
      </rtept>
      <rtept lat="45.82444" lon="6.28113">
        <ele>1889.6</ele>
      </rtept>
      <rtept lat="45.82442" lon="6.28115">
        <ele>1889.8</ele>
      </rtept>
      <rtept lat="45.8244" lon="6.28117">
        <ele>1890</ele>
      </rtept>
      <rtept lat="45.82442" lon="6.28119">
        <ele>1891</ele>
      </rtept>
      <rtept lat="45.82443" lon="6.28121">
        <ele>1891.4</ele>
      </rtept>
      <rtept lat="45.82445" lon="6.28123">
        <ele>1892</ele>
      </rtept>
      <rtept lat="45.82444" lon="6.28126">
        <ele>1893</ele>
      </rtept>
      <rtept lat="45.82444" lon="6.28128">
        <ele>1894.6</ele>
      </rtept>
      <rtept lat="45.82443" lon="6.28131">
        <ele>1895.8</ele>
      </rtept>
      <rtept lat="45.82441" lon="6.28132">
        <ele>1898.8</ele>
      </rtept>
      <rtept lat="45.82439" lon="6.28134">
        <ele>1899.2</ele>
      </rtept>
      <rtept lat="45.82436" lon="6.28135">
        <ele>1899.6</ele>
      </rtept>
      <rtept lat="45.82434" lon="6.28136">
        <ele>1899.8</ele>
      </rtept>
      <rtept lat="45.82433" lon="6.28136">
        <ele>1901</ele>
      </rtept>
      <rtept lat="45.82431" lon="6.28137">
        <ele>1901.6</ele>
      </rtept>
      <rtept lat="45.82432" lon="6.28139">
        <ele>1902</ele>
      </rtept>
      <rtept lat="45.82431" lon="6.2814">
        <ele>1904.8</ele>
      </rtept>
      <rtept lat="45.82431" lon="6.28145">
        <ele>1905.4</ele>
      </rtept>
      <rtept lat="45.8243" lon="6.28146">
        <ele>1906</ele>
      </rtept>
      <rtept lat="45.82428" lon="6.28145">
        <ele>1906.6</ele>
      </rtept>
      <rtept lat="45.82426" lon="6.28145">
        <ele>1911.6</ele>
      </rtept>
      <rtept lat="45.82424" lon="6.28149">
        <ele>1912</ele>
      </rtept>
      <rtept lat="45.82423" lon="6.28153">
        <ele>1912.2</ele>
      </rtept>
      <rtept lat="45.82421" lon="6.28155">
        <ele>1912.8</ele>
      </rtept>
      <rtept lat="45.82419" lon="6.28155">
        <ele>1913.8</ele>
      </rtept>
      <rtept lat="45.82418" lon="6.28156">
        <ele>1914.8</ele>
      </rtept>
      <rtept lat="45.82415" lon="6.28156">
        <ele>1915.6</ele>
      </rtept>
      <rtept lat="45.82413" lon="6.28156">
        <ele>1916</ele>
      </rtept>
      <rtept lat="45.82411" lon="6.28155">
        <ele>1915.8</ele>
      </rtept>
      <rtept lat="45.82409" lon="6.28154">
        <ele>1916.4</ele>
      </rtept>
      <rtept lat="45.82407" lon="6.28154">
        <ele>1916.6</ele>
      </rtept>
      <rtept lat="45.82405" lon="6.28154">
        <ele>1917.4</ele>
      </rtept>
      <rtept lat="45.82403" lon="6.28156">
        <ele>1917.8</ele>
      </rtept>
      <rtept lat="45.82401" lon="6.28158">
        <ele>1918.6</ele>
      </rtept>
      <rtept lat="45.82399" lon="6.28159">
        <ele>1919</ele>
      </rtept>
      <rtept lat="45.82397" lon="6.2816">
        <ele>1919.4</ele>
      </rtept>
      <rtept lat="45.82394" lon="6.28163">
        <ele>1920</ele>
      </rtept>
      <rtept lat="45.82393" lon="6.28165">
        <ele>1920.6</ele>
      </rtept>
      <rtept lat="45.82393" lon="6.28167">
        <ele>1921.4</ele>
      </rtept>
      <rtept lat="45.82393" lon="6.2817">
        <ele>1922</ele>
      </rtept>
      <rtept lat="45.82395" lon="6.28171">
        <ele>1923.4</ele>
      </rtept>
      <rtept lat="45.82395" lon="6.28174">
        <ele>1924.2</ele>
      </rtept>
      <rtept lat="45.82396" lon="6.28175">
        <ele>1926</ele>
      </rtept>
      <rtept lat="45.82398" lon="6.28177">
        <ele>1926</ele>
      </rtept>
      <rtept lat="45.824" lon="6.28179">
        <ele>1926.2</ele>
      </rtept>
      <rtept lat="45.82402" lon="6.28179">
        <ele>1927.2</ele>
      </rtept>
      <rtept lat="45.82403" lon="6.28182">
        <ele>1927.8</ele>
      </rtept>
      <rtept lat="45.82404" lon="6.28184">
        <ele>1928.6</ele>
      </rtept>
      <rtept lat="45.82405" lon="6.28186">
        <ele>1929.2</ele>
      </rtept>
      <rtept lat="45.82407" lon="6.28188">
        <ele>1930.2</ele>
      </rtept>
      <rtept lat="45.82408" lon="6.2819">
        <ele>1931</ele>
      </rtept>
      <rtept lat="45.8241" lon="6.28191">
        <ele>1931.8</ele>
      </rtept>
      <rtept lat="45.82412" lon="6.28192">
        <ele>1932.8</ele>
      </rtept>
      <rtept lat="45.82413" lon="6.28194">
        <ele>1933.6</ele>
      </rtept>
      <rtept lat="45.82414" lon="6.28196">
        <ele>1933.8</ele>
      </rtept>
      <rtept lat="45.82415" lon="6.28198">
        <ele>1935.2</ele>
      </rtept>
      <rtept lat="45.82416" lon="6.28201">
        <ele>1936.2</ele>
      </rtept>
      <rtept lat="45.82418" lon="6.28203">
        <ele>1936.2</ele>
      </rtept>
      <rtept lat="45.8242" lon="6.28204">
        <ele>1936.8</ele>
      </rtept>
      <rtept lat="45.82422" lon="6.28204">
        <ele>1937.8</ele>
      </rtept>
      <rtept lat="45.82424" lon="6.28204">
        <ele>1938.8</ele>
      </rtept>
      <rtept lat="45.82426" lon="6.28204">
        <ele>1939</ele>
      </rtept>
      <rtept lat="45.82428" lon="6.28205">
        <ele>1939.6</ele>
      </rtept>
      <rtept lat="45.8243" lon="6.28205">
        <ele>1940.2</ele>
      </rtept>
      <rtept lat="45.82433" lon="6.28205">
        <ele>1939.4</ele>
      </rtept>
      <rtept lat="45.82435" lon="6.28206">
        <ele>1939.8</ele>
      </rtept>
      <rtept lat="45.82437" lon="6.28207">
        <ele>1939.2</ele>
      </rtept>
      <rtept lat="45.82439" lon="6.28209">
        <ele>1939.8</ele>
      </rtept>
      <rtept lat="45.82441" lon="6.28211">
        <ele>1940</ele>
      </rtept>
      <rtept lat="45.82443" lon="6.28213">
        <ele>1940.2</ele>
      </rtept>
      <rtept lat="45.82445" lon="6.28212">
        <ele>1940.4</ele>
      </rtept>
      <rtept lat="45.82447" lon="6.28212">
        <ele>1941</ele>
      </rtept>
      <rtept lat="45.8245" lon="6.28213">
        <ele>1940.6</ele>
      </rtept>
      <rtept lat="45.82452" lon="6.28214">
        <ele>1940.2</ele>
      </rtept>
      <rtept lat="45.82454" lon="6.28215">
        <ele>1940.8</ele>
      </rtept>
      <rtept lat="45.82456" lon="6.28217">
        <ele>1941</ele>
      </rtept>
      <rtept lat="45.82458" lon="6.28218">
        <ele>1941.4</ele>
      </rtept>
      <rtept lat="45.8246" lon="6.28219">
        <ele>1941.6</ele>
      </rtept>
      <rtept lat="45.82461" lon="6.28221">
        <ele>1942</ele>
      </rtept>
      <rtept lat="45.82464" lon="6.28223">
        <ele>1942.6</ele>
      </rtept>
      <rtept lat="45.82466" lon="6.28223">
        <ele>1943</ele>
      </rtept>
      <rtept lat="45.82468" lon="6.28223">
        <ele>1942.2</ele>
      </rtept>
      <rtept lat="45.8247" lon="6.28224">
        <ele>1942.6</ele>
      </rtept>
      <rtept lat="45.82472" lon="6.28224">
        <ele>1943.6</ele>
      </rtept>
      <rtept lat="45.82474" lon="6.28225">
        <ele>1944</ele>
      </rtept>
      <rtept lat="45.82476" lon="6.28227">
        <ele>1944.4</ele>
      </rtept>
      <rtept lat="45.82479" lon="6.2823">
        <ele>1943.4</ele>
      </rtept>
      <rtept lat="45.82481" lon="6.28231">
        <ele>1943.8</ele>
      </rtept>
      <rtept lat="45.82482" lon="6.28232">
        <ele>1943.8</ele>
      </rtept>
      <rtept lat="45.82485" lon="6.28234">
        <ele>1943</ele>
      </rtept>
      <rtept lat="45.82486" lon="6.28234">
        <ele>1943.6</ele>
      </rtept>
      <rtept lat="45.82488" lon="6.28235">
        <ele>1944.6</ele>
      </rtept>
      <rtept lat="45.82491" lon="6.28234">
        <ele>1945</ele>
      </rtept>
      <rtept lat="45.82493" lon="6.28235">
        <ele>1945.8</ele>
      </rtept>
      <rtept lat="45.82495" lon="6.28237">
        <ele>1946</ele>
      </rtept>
      <rtept lat="45.82497" lon="6.28237">
        <ele>1946.2</ele>
      </rtept>
      <rtept lat="45.82499" lon="6.28237">
        <ele>1946.2</ele>
      </rtept>
      <rtept lat="45.82501" lon="6.28237">
        <ele>1946.4</ele>
      </rtept>
      <rtept lat="45.82502" lon="6.28236">
        <ele>1947.2</ele>
      </rtept>
      <rtept lat="45.82504" lon="6.28234">
        <ele>1947</ele>
      </rtept>
      <rtept lat="45.82505" lon="6.28231">
        <ele>1947.4</ele>
      </rtept>
      <rtept lat="45.82506" lon="6.28229">
        <ele>1947.6</ele>
      </rtept>
      <rtept lat="45.82507" lon="6.28226">
        <ele>1947.6</ele>
      </rtept>
      <rtept lat="45.82509" lon="6.28223">
        <ele>1948</ele>
      </rtept>
      <rtept lat="45.82511" lon="6.2822">
        <ele>1948.6</ele>
      </rtept>
      <rtept lat="45.82512" lon="6.28218">
        <ele>1949.2</ele>
      </rtept>
      <rtept lat="45.82512" lon="6.28215">
        <ele>1950.2</ele>
      </rtept>
      <rtept lat="45.82514" lon="6.28211">
        <ele>1950.6</ele>
      </rtept>
      <rtept lat="45.82515" lon="6.28209">
        <ele>1951.6</ele>
      </rtept>
      <rtept lat="45.82516" lon="6.28207">
        <ele>1951.8</ele>
      </rtept>
      <rtept lat="45.82517" lon="6.28204">
        <ele>1952.6</ele>
      </rtept>
      <rtept lat="45.82518" lon="6.28201">
        <ele>1953</ele>
      </rtept>
      <rtept lat="45.82519" lon="6.28198">
        <ele>1953.2</ele>
      </rtept>
      <rtept lat="45.8252" lon="6.28195">
        <ele>1953.4</ele>
      </rtept>
      <rtept lat="45.82521" lon="6.28192">
        <ele>1954.2</ele>
      </rtept>
      <rtept lat="45.82523" lon="6.2819">
        <ele>1954.6</ele>
      </rtept>
      <rtept lat="45.82525" lon="6.28188">
        <ele>1955.2</ele>
      </rtept>
      <rtept lat="45.82527" lon="6.28188">
        <ele>1955.8</ele>
      </rtept>
      <rtept lat="45.82529" lon="6.28188">
        <ele>1956.4</ele>
      </rtept>
      <rtept lat="45.82531" lon="6.28189">
        <ele>1957</ele>
      </rtept>
      <rtept lat="45.82533" lon="6.28191">
        <ele>1957.8</ele>
      </rtept>
      <rtept lat="45.82534" lon="6.28194">
        <ele>1959</ele>
      </rtept>
      <rtept lat="45.82535" lon="6.28195">
        <ele>1959.4</ele>
      </rtept>
      <rtept lat="45.82535" lon="6.28198">
        <ele>1959.6</ele>
      </rtept>
      <rtept lat="45.82536" lon="6.28201">
        <ele>1959.8</ele>
      </rtept>
      <rtept lat="45.82538" lon="6.28203">
        <ele>1960.8</ele>
      </rtept>
      <rtept lat="45.82539" lon="6.28203">
        <ele>1961.8</ele>
      </rtept>
      <rtept lat="45.82541" lon="6.28203">
        <ele>1962.4</ele>
      </rtept>
      <rtept lat="45.82544" lon="6.28205">
        <ele>1963.2</ele>
      </rtept>
      <rtept lat="45.82545" lon="6.28207">
        <ele>1963.8</ele>
      </rtept>
      <rtept lat="45.82547" lon="6.28206">
        <ele>1964.4</ele>
      </rtept>
      <rtept lat="45.82548" lon="6.28205">
        <ele>1964.6</ele>
      </rtept>
      <rtept lat="45.8255" lon="6.28203">
        <ele>1965.8</ele>
      </rtept>
      <rtept lat="45.8255" lon="6.28201">
        <ele>1966.6</ele>
      </rtept>
      <rtept lat="45.82551" lon="6.28199">
        <ele>1967.6</ele>
      </rtept>
      <rtept lat="45.82552" lon="6.28197">
        <ele>1968.2</ele>
      </rtept>
      <rtept lat="45.82553" lon="6.28195">
        <ele>1968.8</ele>
      </rtept>
      <rtept lat="45.82555" lon="6.28194">
        <ele>1969.6</ele>
      </rtept>
      <rtept lat="45.82557" lon="6.28193">
        <ele>1969.8</ele>
      </rtept>
      <rtept lat="45.82559" lon="6.28192">
        <ele>1970.4</ele>
      </rtept>
      <rtept lat="45.82561" lon="6.28193">
        <ele>1970.6</ele>
      </rtept>
      <rtept lat="45.82562" lon="6.28195">
        <ele>1971.2</ele>
      </rtept>
      <rtept lat="45.82563" lon="6.28197">
        <ele>1971.8</ele>
      </rtept>
      <rtept lat="45.82565" lon="6.28199">
        <ele>1972.4</ele>
      </rtept>
      <rtept lat="45.82566" lon="6.282">
        <ele>1973</ele>
      </rtept>
      <rtept lat="45.82568" lon="6.282">
        <ele>1973.8</ele>
      </rtept>
      <rtept lat="45.82571" lon="6.28199">
        <ele>1974.6</ele>
      </rtept>
      <rtept lat="45.82572" lon="6.28197">
        <ele>1975</ele>
      </rtept>
      <rtept lat="45.82575" lon="6.28196">
        <ele>1975.8</ele>
      </rtept>
      <rtept lat="45.82576" lon="6.28195">
        <ele>1976.6</ele>
      </rtept>
      <rtept lat="45.82577" lon="6.28194">
        <ele>1977.2</ele>
      </rtept>
      <rtept lat="45.82579" lon="6.28192">
        <ele>1977.8</ele>
      </rtept>
      <rtept lat="45.82581" lon="6.28192">
        <ele>1978.4</ele>
      </rtept>
      <rtept lat="45.82582" lon="6.2819">
        <ele>1979</ele>
      </rtept>
      <rtept lat="45.82584" lon="6.28189">
        <ele>1979.4</ele>
      </rtept>
      <rtept lat="45.82585" lon="6.28187">
        <ele>1980.6</ele>
      </rtept>
      <rtept lat="45.82587" lon="6.28185">
        <ele>1981.6</ele>
      </rtept>
      <rtept lat="45.82588" lon="6.28184">
        <ele>1982.4</ele>
      </rtept>
      <rtept lat="45.8259" lon="6.28182">
        <ele>1983.2</ele>
      </rtept>
      <rtept lat="45.82591" lon="6.28181">
        <ele>1984.2</ele>
      </rtept>
      <rtept lat="45.82593" lon="6.28182">
        <ele>1985.4</ele>
      </rtept>
      <rtept lat="45.82595" lon="6.28184">
        <ele>1986.2</ele>
      </rtept>
      <rtept lat="45.82596" lon="6.28185">
        <ele>1991.6</ele>
      </rtept>
      <rtept lat="45.826" lon="6.28186">
        <ele>1992</ele>
      </rtept>
      <rtept lat="45.82602" lon="6.28186">
        <ele>1992.2</ele>
      </rtept>
      <rtept lat="45.82604" lon="6.28186">
        <ele>1992.4</ele>
      </rtept>
      <rtept lat="45.82606" lon="6.28186">
        <ele>1992.6</ele>
      </rtept>
      <rtept lat="45.82608" lon="6.28185">
        <ele>1994.2</ele>
      </rtept>
      <rtept lat="45.82611" lon="6.28184">
        <ele>1994.6</ele>
      </rtept>
      <rtept lat="45.82613" lon="6.28184">
        <ele>1995</ele>
      </rtept>
      <rtept lat="45.82616" lon="6.28185">
        <ele>1995.2</ele>
      </rtept>
      <rtept lat="45.82618" lon="6.28184">
        <ele>1995</ele>
      </rtept>
      <rtept lat="45.82621" lon="6.28184">
        <ele>1995</ele>
      </rtept>
      <rtept lat="45.82624" lon="6.28184">
        <ele>1993.8</ele>
      </rtept>
      <rtept lat="45.82626" lon="6.28184">
        <ele>1993.8</ele>
      </rtept>
      <rtept lat="45.82629" lon="6.28184">
        <ele>1994</ele>
      </rtept>
      <rtept lat="45.8263" lon="6.28184">
        <ele>1994.2</ele>
      </rtept>
      <rtept lat="45.82633" lon="6.28186">
        <ele>1994.8</ele>
      </rtept>
      <rtept lat="45.82636" lon="6.28187">
        <ele>1995.2</ele>
      </rtept>
      <rtept lat="45.82637" lon="6.28187">
        <ele>1995</ele>
      </rtept>
      <rtept lat="45.82639" lon="6.28188">
        <ele>1995.2</ele>
      </rtept>
      <rtept lat="45.82641" lon="6.28188">
        <ele>1995.6</ele>
      </rtept>
      <rtept lat="45.82643" lon="6.28189">
        <ele>1996</ele>
      </rtept>
      <rtept lat="45.82645" lon="6.2819">
        <ele>1996.4</ele>
      </rtept>
      <rtept lat="45.82647" lon="6.28191">
        <ele>1997</ele>
      </rtept>
      <rtept lat="45.82649" lon="6.28192">
        <ele>1997.6</ele>
      </rtept>
      <rtept lat="45.82651" lon="6.28191">
        <ele>1997.4</ele>
      </rtept>
      <rtept lat="45.82654" lon="6.28191">
        <ele>1998</ele>
      </rtept>
      <rtept lat="45.82655" lon="6.2819">
        <ele>1998.2</ele>
      </rtept>
      <rtept lat="45.82657" lon="6.28188">
        <ele>1998.4</ele>
      </rtept>
      <rtept lat="45.82658" lon="6.28186">
        <ele>1999.4</ele>
      </rtept>
      <rtept lat="45.8266" lon="6.28184">
        <ele>2000.2</ele>
      </rtept>
      <rtept lat="45.82662" lon="6.28183">
        <ele>2000.8</ele>
      </rtept>
      <rtept lat="45.82665" lon="6.28183">
        <ele>2001.6</ele>
      </rtept>
      <rtept lat="45.82667" lon="6.28182">
        <ele>2002.4</ele>
      </rtept>
      <rtept lat="45.82669" lon="6.28181">
        <ele>2003</ele>
      </rtept>
      <rtept lat="45.82671" lon="6.2818">
        <ele>2003</ele>
      </rtept>
      <rtept lat="45.82674" lon="6.28179">
        <ele>2003.6</ele>
      </rtept>
      <rtept lat="45.82676" lon="6.28178">
        <ele>2004.2</ele>
      </rtept>
      <rtept lat="45.82678" lon="6.28177">
        <ele>2004.8</ele>
      </rtept>
      <rtept lat="45.8268" lon="6.28176">
        <ele>2004.8</ele>
      </rtept>
      <rtept lat="45.82682" lon="6.28176">
        <ele>2004.8</ele>
      </rtept>
      <rtept lat="45.82684" lon="6.28176">
        <ele>2005</ele>
      </rtept>
      <rtept lat="45.82686" lon="6.28176">
        <ele>2005.4</ele>
      </rtept>
      <rtept lat="45.82688" lon="6.28176">
        <ele>2005.6</ele>
      </rtept>
      <rtept lat="45.8269" lon="6.28176">
        <ele>2006.4</ele>
      </rtept>
      <rtept lat="45.82693" lon="6.28175">
        <ele>2006.8</ele>
      </rtept>
      <rtept lat="45.82695" lon="6.28176">
        <ele>2007</ele>
      </rtept>
      <rtept lat="45.82697" lon="6.28176">
        <ele>2007.6</ele>
      </rtept>
      <rtept lat="45.82699" lon="6.28177">
        <ele>2008.4</ele>
      </rtept>
      <rtept lat="45.82701" lon="6.28179">
        <ele>2008.8</ele>
      </rtept>
      <rtept lat="45.82702" lon="6.28181">
        <ele>2008.8</ele>
      </rtept>
      <rtept lat="45.82704" lon="6.28184">
        <ele>2009</ele>
      </rtept>
      <rtept lat="45.82705" lon="6.28187">
        <ele>2009.6</ele>
      </rtept>
      <rtept lat="45.82706" lon="6.28189">
        <ele>2010.4</ele>
      </rtept>
      <rtept lat="45.82708" lon="6.28191">
        <ele>2011</ele>
      </rtept>
      <rtept lat="45.8271" lon="6.28193">
        <ele>2011.2</ele>
      </rtept>
      <rtept lat="45.82711" lon="6.28195">
        <ele>2011.4</ele>
      </rtept>
      <rtept lat="45.82713" lon="6.28196">
        <ele>2011.8</ele>
      </rtept>
      <rtept lat="45.82715" lon="6.28199">
        <ele>2012.4</ele>
      </rtept>
      <rtept lat="45.82716" lon="6.282">
        <ele>2012.6</ele>
      </rtept>
      <rtept lat="45.82718" lon="6.28202">
        <ele>2013.2</ele>
      </rtept>
      <rtept lat="45.82719" lon="6.28204">
        <ele>2013.2</ele>
      </rtept>
      <rtept lat="45.82721" lon="6.28206">
        <ele>2013.2</ele>
      </rtept>
      <rtept lat="45.82722" lon="6.28208">
        <ele>2013.6</ele>
      </rtept>
      <rtept lat="45.82724" lon="6.2821">
        <ele>2014</ele>
      </rtept>
      <rtept lat="45.82726" lon="6.28212">
        <ele>2014.4</ele>
      </rtept>
      <rtept lat="45.82728" lon="6.28213">
        <ele>2014.6</ele>
      </rtept>
      <rtept lat="45.8273" lon="6.28215">
        <ele>2014.6</ele>
      </rtept>
      <rtept lat="45.82732" lon="6.28215">
        <ele>2014.6</ele>
      </rtept>
      <rtept lat="45.82734" lon="6.28214">
        <ele>2014.8</ele>
      </rtept>
      <rtept lat="45.82736" lon="6.28213">
        <ele>2015.2</ele>
      </rtept>
      <rtept lat="45.82738" lon="6.28213">
        <ele>2016</ele>
      </rtept>
      <rtept lat="45.8274" lon="6.28212">
        <ele>2016.6</ele>
      </rtept>
      <rtept lat="45.82743" lon="6.28211">
        <ele>2017</ele>
      </rtept>
      <rtept lat="45.82744" lon="6.2821">
        <ele>2017.2</ele>
      </rtept>
      <rtept lat="45.82746" lon="6.28209">
        <ele>2017.4</ele>
      </rtept>
      <rtept lat="45.82748" lon="6.28209">
        <ele>2017.4</ele>
      </rtept>
      <rtept lat="45.82751" lon="6.2821">
        <ele>2017.8</ele>
      </rtept>
      <rtept lat="45.82753" lon="6.28211">
        <ele>2018.2</ele>
      </rtept>
      <rtept lat="45.82754" lon="6.28211">
        <ele>2018.8</ele>
      </rtept>
      <rtept lat="45.82757" lon="6.28212">
        <ele>2019.6</ele>
      </rtept>
      <rtept lat="45.82759" lon="6.28213">
        <ele>2020</ele>
      </rtept>
      <rtept lat="45.82761" lon="6.28214">
        <ele>2020.8</ele>
      </rtept>
      <rtept lat="45.82763" lon="6.28215">
        <ele>2021.6</ele>
      </rtept>
      <rtept lat="45.82764" lon="6.28217">
        <ele>2022.2</ele>
      </rtept>
      <rtept lat="45.82762" lon="6.28218">
        <ele>2023.6</ele>
      </rtept>
      <rtept lat="45.82763" lon="6.28219">
        <ele>2025.2</ele>
      </rtept>
      <rtept lat="45.82765" lon="6.2822">
        <ele>2025.4</ele>
      </rtept>
      <rtept lat="45.82767" lon="6.28221">
        <ele>2025.6</ele>
      </rtept>
      <rtept lat="45.8277" lon="6.28222">
        <ele>2026.2</ele>
      </rtept>
      <rtept lat="45.82771" lon="6.28224">
        <ele>2026.8</ele>
      </rtept>
      <rtept lat="45.82773" lon="6.28225">
        <ele>2027.8</ele>
      </rtept>
      <rtept lat="45.82775" lon="6.28226">
        <ele>2029.2</ele>
      </rtept>
      <rtept lat="45.82777" lon="6.28226">
        <ele>2030</ele>
      </rtept>
      <rtept lat="45.82779" lon="6.28226">
        <ele>2030</ele>
      </rtept>
      <rtept lat="45.82782" lon="6.28227">
        <ele>2030.4</ele>
      </rtept>
      <rtept lat="45.82784" lon="6.28227">
        <ele>2030.4</ele>
      </rtept>
      <rtept lat="45.82786" lon="6.28227">
        <ele>2030.8</ele>
      </rtept>
      <rtept lat="45.82788" lon="6.28227">
        <ele>2031.2</ele>
      </rtept>
      <rtept lat="45.8279" lon="6.28227">
        <ele>2031.4</ele>
      </rtept>
      <rtept lat="45.82791" lon="6.28225">
        <ele>2032.2</ele>
      </rtept>
      <rtept lat="45.82793" lon="6.28222">
        <ele>2032.4</ele>
      </rtept>
      <rtept lat="45.82794" lon="6.2822">
        <ele>2032.8</ele>
      </rtept>
      <rtept lat="45.82795" lon="6.28218">
        <ele>2033.2</ele>
      </rtept>
      <rtept lat="45.82797" lon="6.28217">
        <ele>2034</ele>
      </rtept>
      <rtept lat="45.82799" lon="6.28216">
        <ele>2034.4</ele>
      </rtept>
      <rtept lat="45.82801" lon="6.28216">
        <ele>2035</ele>
      </rtept>
      <rtept lat="45.82803" lon="6.28214">
        <ele>2036.2</ele>
      </rtept>
      <rtept lat="45.82805" lon="6.28213">
        <ele>2036.8</ele>
      </rtept>
      <rtept lat="45.82806" lon="6.28211">
        <ele>2037.2</ele>
      </rtept>
      <rtept lat="45.82808" lon="6.28209">
        <ele>2038.4</ele>
      </rtept>
      <rtept lat="45.8281" lon="6.28209">
        <ele>2039</ele>
      </rtept>
      <rtept lat="45.82812" lon="6.28207">
        <ele>2040.2</ele>
      </rtept>
      <rtept lat="45.82814" lon="6.28207">
        <ele>2040.4</ele>
      </rtept>
      <rtept lat="45.82815" lon="6.28206">
        <ele>2040.6</ele>
      </rtept>
      <rtept lat="45.82817" lon="6.28203">
        <ele>2041.2</ele>
      </rtept>
      <rtept lat="45.82818" lon="6.28201">
        <ele>2041.8</ele>
      </rtept>
      <rtept lat="45.82819" lon="6.28198">
        <ele>2042.4</ele>
      </rtept>
      <rtept lat="45.82821" lon="6.28196">
        <ele>2042.6</ele>
      </rtept>
      <rtept lat="45.82823" lon="6.28193">
        <ele>2043.2</ele>
      </rtept>
      <rtept lat="45.82824" lon="6.28192">
        <ele>2043.8</ele>
      </rtept>
      <rtept lat="45.82827" lon="6.2819">
        <ele>2044</ele>
      </rtept>
      <rtept lat="45.82829" lon="6.28188">
        <ele>2044</ele>
      </rtept>
      <rtept lat="45.8283" lon="6.28187">
        <ele>2044.4</ele>
      </rtept>
      <rtept lat="45.82832" lon="6.28186">
        <ele>2044.8</ele>
      </rtept>
      <rtept lat="45.82834" lon="6.28185">
        <ele>2045.2</ele>
      </rtept>
      <rtept lat="45.82837" lon="6.28184">
        <ele>2045.4</ele>
      </rtept>
      <rtept lat="45.82838" lon="6.28183">
        <ele>2046</ele>
      </rtept>
      <rtept lat="45.8284" lon="6.28183">
        <ele>2046.2</ele>
      </rtept>
      <rtept lat="45.82842" lon="6.28184">
        <ele>2046.8</ele>
      </rtept>
      <rtept lat="45.82845" lon="6.28183">
        <ele>2047.6</ele>
      </rtept>
      <rtept lat="45.82847" lon="6.28182">
        <ele>2048</ele>
      </rtept>
      <rtept lat="45.82849" lon="6.2818">
        <ele>2048.2</ele>
      </rtept>
      <rtept lat="45.8285" lon="6.28178">
        <ele>2048.4</ele>
      </rtept>
      <rtept lat="45.82851" lon="6.28175">
        <ele>2049.2</ele>
      </rtept>
      <rtept lat="45.82852" lon="6.28172">
        <ele>2050.2</ele>
      </rtept>
      <rtept lat="45.82852" lon="6.2817">
        <ele>2050.4</ele>
      </rtept>
      <rtept lat="45.82854" lon="6.28169">
        <ele>2051.4</ele>
      </rtept>
      <rtept lat="45.82856" lon="6.28168">
        <ele>2051.8</ele>
      </rtept>
      <rtept lat="45.82858" lon="6.28165">
        <ele>2052.2</ele>
      </rtept>
      <rtept lat="45.8286" lon="6.28164">
        <ele>2052.6</ele>
      </rtept>
      <rtept lat="45.82862" lon="6.28162">
        <ele>2052.2</ele>
      </rtept>
      <rtept lat="45.82863" lon="6.2816">
        <ele>2052.6</ele>
      </rtept>
      <rtept lat="45.82864" lon="6.28157">
        <ele>2052.8</ele>
      </rtept>
      <rtept lat="45.82864" lon="6.28154">
        <ele>2053.4</ele>
      </rtept>
      <rtept lat="45.82865" lon="6.28151">
        <ele>2054.2</ele>
      </rtept>
      <rtept lat="45.82867" lon="6.28149">
        <ele>2054.8</ele>
      </rtept>
      <rtept lat="45.82868" lon="6.28147">
        <ele>2055.2</ele>
      </rtept>
      <rtept lat="45.82869" lon="6.28144">
        <ele>2056</ele>
      </rtept>
      <rtept lat="45.82871" lon="6.28142">
        <ele>2056.6</ele>
      </rtept>
      <rtept lat="45.82873" lon="6.28142">
        <ele>2057</ele>
      </rtept>
      <rtept lat="45.82874" lon="6.28143">
        <ele>2057.6</ele>
      </rtept>
      <rtept lat="45.82876" lon="6.28144">
        <ele>2058.6</ele>
      </rtept>
      <rtept lat="45.82877" lon="6.28146">
        <ele>2059.6</ele>
      </rtept>
      <rtept lat="45.82878" lon="6.28148">
        <ele>2060.6</ele>
      </rtept>
      <rtept lat="45.82879" lon="6.28151">
        <ele>2060.6</ele>
      </rtept>
      <rtept lat="45.8288" lon="6.28153">
        <ele>2061.2</ele>
      </rtept>
      <rtept lat="45.8288" lon="6.28157">
        <ele>2062.2</ele>
      </rtept>
      <rtept lat="45.8288" lon="6.2816">
        <ele>2062.6</ele>
      </rtept>
      <rtept lat="45.82879" lon="6.28162">
        <ele>2063.4</ele>
      </rtept>
      <rtept lat="45.82879" lon="6.28165">
        <ele>2064.2</ele>
      </rtept>
      <rtept lat="45.82879" lon="6.28167">
        <ele>2064.8</ele>
      </rtept>
      <rtept lat="45.82879" lon="6.2817">
        <ele>2065.6</ele>
      </rtept>
      <rtept lat="45.82879" lon="6.28173">
        <ele>2066.2</ele>
      </rtept>
      <rtept lat="45.82882" lon="6.28172">
        <ele>2066.8</ele>
      </rtept>
      <rtept lat="45.82883" lon="6.2817">
        <ele>2067.2</ele>
      </rtept>
      <rtept lat="45.82885" lon="6.28169">
        <ele>2068.2</ele>
      </rtept>
      <rtept lat="45.82887" lon="6.28167">
        <ele>2068.6</ele>
      </rtept>
      <rtept lat="45.82889" lon="6.28166">
        <ele>2069</ele>
      </rtept>
      <rtept lat="45.8289" lon="6.28164">
        <ele>2069.4</ele>
      </rtept>
      <rtept lat="45.82892" lon="6.28162">
        <ele>2070</ele>
      </rtept>
      <rtept lat="45.82892" lon="6.28159">
        <ele>2070.6</ele>
      </rtept>
      <rtept lat="45.82893" lon="6.28157">
        <ele>2071.2</ele>
      </rtept>
      <rtept lat="45.82895" lon="6.28154">
        <ele>2071.6</ele>
      </rtept>
      <rtept lat="45.82896" lon="6.28152">
        <ele>2071.6</ele>
      </rtept>
      <rtept lat="45.82897" lon="6.28149">
        <ele>2072.2</ele>
      </rtept>
      <rtept lat="45.82899" lon="6.2815">
        <ele>2072.6</ele>
      </rtept>
      <rtept lat="45.829" lon="6.28152">
        <ele>2073.6</ele>
      </rtept>
      <rtept lat="45.82901" lon="6.28155">
        <ele>2074</ele>
      </rtept>
      <rtept lat="45.82902" lon="6.28156">
        <ele>2075.4</ele>
      </rtept>
      <rtept lat="45.82903" lon="6.28158">
        <ele>2076.6</ele>
      </rtept>
      <rtept lat="45.82904" lon="6.28162">
        <ele>2077</ele>
      </rtept>
      <rtept lat="45.82905" lon="6.28165">
        <ele>2077.4</ele>
      </rtept>
      <rtept lat="45.82905" lon="6.28168">
        <ele>2078</ele>
      </rtept>
      <rtept lat="45.82905" lon="6.2817">
        <ele>2079.4</ele>
      </rtept>
      <rtept lat="45.82907" lon="6.28168">
        <ele>2079.8</ele>
      </rtept>
      <rtept lat="45.82908" lon="6.28166">
        <ele>2082.6</ele>
      </rtept>
      <rtept lat="45.8291" lon="6.28163">
        <ele>2083.2</ele>
      </rtept>
      <rtept lat="45.82912" lon="6.28161">
        <ele>2083.4</ele>
      </rtept>
      <rtept lat="45.82913" lon="6.28158">
        <ele>2083.4</ele>
      </rtept>
      <rtept lat="45.82915" lon="6.28155">
        <ele>2084</ele>
      </rtept>
      <rtept lat="45.82916" lon="6.28152">
        <ele>2084.6</ele>
      </rtept>
      <rtept lat="45.82917" lon="6.28149">
        <ele>2085.2</ele>
      </rtept>
      <rtept lat="45.82918" lon="6.28148">
        <ele>2085.6</ele>
      </rtept>
      <rtept lat="45.82919" lon="6.28145">
        <ele>2086.2</ele>
      </rtept>
      <rtept lat="45.82919" lon="6.28143">
        <ele>2087.2</ele>
      </rtept>
      <rtept lat="45.82919" lon="6.2814">
        <ele>2087.6</ele>
      </rtept>
      <rtept lat="45.82921" lon="6.28138">
        <ele>2088</ele>
      </rtept>
      <rtept lat="45.82923" lon="6.28138">
        <ele>2089.2</ele>
      </rtept>
      <rtept lat="45.82924" lon="6.28139">
        <ele>2089.8</ele>
      </rtept>
      <rtept lat="45.82925" lon="6.28141">
        <ele>2090.6</ele>
      </rtept>
      <rtept lat="45.82928" lon="6.28145">
        <ele>2093</ele>
      </rtept>
      <rtept lat="45.82928" lon="6.28147">
        <ele>2093</ele>
      </rtept>
      <rtept lat="45.8293" lon="6.2815">
        <ele>2093.2</ele>
      </rtept>
      <rtept lat="45.82931" lon="6.28153">
        <ele>2094</ele>
      </rtept>
      <rtept lat="45.82932" lon="6.28155">
        <ele>2095</ele>
      </rtept>
      <rtept lat="45.82933" lon="6.28157">
        <ele>2095.8</ele>
      </rtept>
      <rtept lat="45.82935" lon="6.28158">
        <ele>2096.8</ele>
      </rtept>
      <rtept lat="45.82935" lon="6.2816">
        <ele>2097.6</ele>
      </rtept>
      <rtept lat="45.82935" lon="6.28163">
        <ele>2098</ele>
      </rtept>
      <rtept lat="45.82936" lon="6.28164">
        <ele>2100.2</ele>
      </rtept>
      <rtept lat="45.82938" lon="6.28164">
        <ele>2100.6</ele>
      </rtept>
      <rtept lat="45.82941" lon="6.28162">
        <ele>2101.2</ele>
      </rtept>
      <rtept lat="45.82941" lon="6.28161">
        <ele>2101.8</ele>
      </rtept>
      <rtept lat="45.82943" lon="6.28158">
        <ele>2105.6</ele>
      </rtept>
      <rtept lat="45.82945" lon="6.28155">
        <ele>2105.6</ele>
      </rtept>
      <rtept lat="45.82946" lon="6.28153">
        <ele>2106.2</ele>
      </rtept>
      <rtept lat="45.82948" lon="6.28148">
        <ele>2106</ele>
      </rtept>
      <rtept lat="45.82948" lon="6.28146">
        <ele>2106</ele>
      </rtept>
      <rtept lat="45.8295" lon="6.28144">
        <ele>2106.8</ele>
      </rtept>
      <rtept lat="45.82952" lon="6.28143">
        <ele>2107.6</ele>
      </rtept>
      <rtept lat="45.82952" lon="6.2814">
        <ele>2108.2</ele>
      </rtept>
      <rtept lat="45.82952" lon="6.28138">
        <ele>2109.8</ele>
      </rtept>
      <rtept lat="45.82952" lon="6.28135">
        <ele>2110.6</ele>
      </rtept>
      <rtept lat="45.82952" lon="6.28132">
        <ele>2111.2</ele>
      </rtept>
      <rtept lat="45.82952" lon="6.28129">
        <ele>2111.6</ele>
      </rtept>
      <rtept lat="45.82952" lon="6.28125">
        <ele>2111.8</ele>
      </rtept>
      <rtept lat="45.82952" lon="6.28121">
        <ele>2112.2</ele>
      </rtept>
      <rtept lat="45.82952" lon="6.28119">
        <ele>2112.6</ele>
      </rtept>
      <rtept lat="45.82952" lon="6.28115">
        <ele>2112.6</ele>
      </rtept>
      <rtept lat="45.82953" lon="6.28112">
        <ele>2113</ele>
      </rtept>
      <rtept lat="45.82954" lon="6.2811">
        <ele>2114</ele>
      </rtept>
      <rtept lat="45.82955" lon="6.28108">
        <ele>2114</ele>
      </rtept>
      <rtept lat="45.82956" lon="6.28105">
        <ele>2114</ele>
      </rtept>
      <rtept lat="45.82957" lon="6.28102">
        <ele>2114.2</ele>
      </rtept>
      <rtept lat="45.82957" lon="6.28099">
        <ele>2114.8</ele>
      </rtept>
      <rtept lat="45.82958" lon="6.28097">
        <ele>2115.2</ele>
      </rtept>
      <rtept lat="45.82959" lon="6.28094">
        <ele>2115.6</ele>
      </rtept>
      <rtept lat="45.82959" lon="6.28091">
        <ele>2115.8</ele>
      </rtept>
      <rtept lat="45.8296" lon="6.28088">
        <ele>2116.2</ele>
      </rtept>
      <rtept lat="45.8296" lon="6.28086">
        <ele>2116.6</ele>
      </rtept>
      <rtept lat="45.82962" lon="6.28083">
        <ele>2117</ele>
      </rtept>
      <rtept lat="45.82963" lon="6.28081">
        <ele>2117.2</ele>
      </rtept>
      <rtept lat="45.82965" lon="6.28079">
        <ele>2117</ele>
      </rtept>
      <rtept lat="45.82967" lon="6.28077">
        <ele>2117</ele>
      </rtept>
      <rtept lat="45.82969" lon="6.28076">
        <ele>2117.2</ele>
      </rtept>
      <rtept lat="45.82971" lon="6.28076">
        <ele>2117.6</ele>
      </rtept>
      <rtept lat="45.82973" lon="6.28076">
        <ele>2117.2</ele>
      </rtept>
      <rtept lat="45.82976" lon="6.28076">
        <ele>2117.2</ele>
      </rtept>
      <rtept lat="45.82979" lon="6.28076">
        <ele>2117.2</ele>
      </rtept>
      <rtept lat="45.8298" lon="6.28075">
        <ele>2117.4</ele>
      </rtept>
      <rtept lat="45.82983" lon="6.28075">
        <ele>2117.6</ele>
      </rtept>
      <rtept lat="45.82985" lon="6.28075">
        <ele>2118.4</ele>
      </rtept>
      <rtept lat="45.82987" lon="6.28074">
        <ele>2119.8</ele>
      </rtept>
      <rtept lat="45.82989" lon="6.28073">
        <ele>2119.8</ele>
      </rtept>
      <rtept lat="45.82992" lon="6.28071">
        <ele>2120.2</ele>
      </rtept>
      <rtept lat="45.82993" lon="6.28071">
        <ele>2120.6</ele>
      </rtept>
      <rtept lat="45.82995" lon="6.2807">
        <ele>2121.6</ele>
      </rtept>
      <rtept lat="45.82997" lon="6.28069">
        <ele>2122</ele>
      </rtept>
      <rtept lat="45.82999" lon="6.28069">
        <ele>2122.6</ele>
      </rtept>
      <rtept lat="45.83001" lon="6.28067">
        <ele>2123.8</ele>
      </rtept>
      <rtept lat="45.83003" lon="6.28066">
        <ele>2124.6</ele>
      </rtept>
      <rtept lat="45.83005" lon="6.28065">
        <ele>2123.6</ele>
      </rtept>
      <rtept lat="45.83007" lon="6.28064">
        <ele>2123.6</ele>
      </rtept>
      <rtept lat="45.83009" lon="6.28063">
        <ele>2125</ele>
      </rtept>
      <rtept lat="45.83012" lon="6.28062">
        <ele>2125.4</ele>
      </rtept>
      <rtept lat="45.83014" lon="6.28062">
        <ele>2125.2</ele>
      </rtept>
      <rtept lat="45.83017" lon="6.28061">
        <ele>2125.6</ele>
      </rtept>
      <rtept lat="45.83019" lon="6.28061">
        <ele>2126.6</ele>
      </rtept>
      <rtept lat="45.83022" lon="6.28063">
        <ele>2128</ele>
      </rtept>
      <rtept lat="45.83023" lon="6.28065">
        <ele>2126.8</ele>
      </rtept>
      <rtept lat="45.83023" lon="6.28068">
        <ele>2126.8</ele>
      </rtept>
      <rtept lat="45.83023" lon="6.28071">
        <ele>2127</ele>
      </rtept>
      <rtept lat="45.83022" lon="6.28074">
        <ele>2128</ele>
      </rtept>
      <rtept lat="45.8302" lon="6.28075">
        <ele>2128.4</ele>
      </rtept>
      <rtept lat="45.83019" lon="6.28075">
        <ele>2129.6</ele>
      </rtept>
      <rtept lat="45.83017" lon="6.28075">
        <ele>2130.6</ele>
      </rtept>
      <rtept lat="45.83015" lon="6.28075">
        <ele>2133.2</ele>
      </rtept>
      <rtept lat="45.83013" lon="6.28076">
        <ele>2134.2</ele>
      </rtept>
      <rtept lat="45.83012" lon="6.28079">
        <ele>2135.6</ele>
      </rtept>
      <rtept lat="45.83011" lon="6.28081">
        <ele>2136.6</ele>
      </rtept>
      <rtept lat="45.8301" lon="6.28083">
        <ele>2137.8</ele>
      </rtept>
      <rtept lat="45.8301" lon="6.28086">
        <ele>2137.4</ele>
      </rtept>
      <rtept lat="45.8301" lon="6.28089">
        <ele>2137.2</ele>
      </rtept>
      <rtept lat="45.83008" lon="6.28092">
        <ele>2137</ele>
      </rtept>
      <rtept lat="45.83008" lon="6.28093">
        <ele>2137.2</ele>
      </rtept>
      <rtept lat="45.83007" lon="6.28096">
        <ele>2138.4</ele>
      </rtept>
      <rtept lat="45.83006" lon="6.281">
        <ele>2139.2</ele>
      </rtept>
      <rtept lat="45.83006" lon="6.28101">
        <ele>2139.8</ele>
      </rtept>
      <rtept lat="45.83005" lon="6.28103">
        <ele>2140.4</ele>
      </rtept>
      <rtept lat="45.83005" lon="6.28106">
        <ele>2141.4</ele>
      </rtept>
      <rtept lat="45.83004" lon="6.28112">
        <ele>2141.4</ele>
      </rtept>
      <rtept lat="45.83004" lon="6.28113">
        <ele>2141.4</ele>
      </rtept>
      <rtept lat="45.83004" lon="6.28116">
        <ele>2141.8</ele>
      </rtept>
      <rtept lat="45.83004" lon="6.2812">
        <ele>2141.8</ele>
      </rtept>
      <rtept lat="45.83003" lon="6.28123">
        <ele>2141.4</ele>
      </rtept>
      <rtept lat="45.83004" lon="6.28128">
        <ele>2140</ele>
      </rtept>
      <rtept lat="45.83004" lon="6.2813">
        <ele>2140</ele>
      </rtept>
      <rtept lat="45.83004" lon="6.28134">
        <ele>2139.4</ele>
      </rtept>
      <rtept lat="45.83004" lon="6.2814">
        <ele>2139.4</ele>
      </rtept>
      <rtept lat="45.83004" lon="6.28142">
        <ele>2139.4</ele>
      </rtept>
      <rtept lat="45.83004" lon="6.28146">
        <ele>2139.4</ele>
      </rtept>
      <rtept lat="45.83004" lon="6.2815">
        <ele>2139.4</ele>
      </rtept>
      <rtept lat="45.83004" lon="6.28153">
        <ele>2139.4</ele>
      </rtept>
      <rtept lat="45.83003" lon="6.28156">
        <ele>2139</ele>
      </rtept>
      <rtept lat="45.83002" lon="6.28159">
        <ele>2139.2</ele>
      </rtept>
      <rtept lat="45.83003" lon="6.28162">
        <ele>2139.8</ele>
      </rtept>
      <rtept lat="45.83002" lon="6.28165">
        <ele>2140</ele>
      </rtept>
      <rtept lat="45.83002" lon="6.28168">
        <ele>2140.4</ele>
      </rtept>
      <rtept lat="45.83004" lon="6.28172">
        <ele>2140.8</ele>
      </rtept>
      <rtept lat="45.83004" lon="6.28173">
        <ele>2140.8</ele>
      </rtept>
      <rtept lat="45.83004" lon="6.28176">
        <ele>2140.8</ele>
      </rtept>
      <rtept lat="45.83005" lon="6.28179">
        <ele>2141.4</ele>
      </rtept>
      <rtept lat="45.83006" lon="6.28181">
        <ele>2142.2</ele>
      </rtept>
      <rtept lat="45.83006" lon="6.28183">
        <ele>2142.2</ele>
      </rtept>
      <rtept lat="45.83007" lon="6.28186">
        <ele>2142.2</ele>
      </rtept>
      <rtept lat="45.83008" lon="6.28189">
        <ele>2141.8</ele>
      </rtept>
      <rtept lat="45.83008" lon="6.28192">
        <ele>2142</ele>
      </rtept>
      <rtept lat="45.83008" lon="6.28195">
        <ele>2142.2</ele>
      </rtept>
      <rtept lat="45.83009" lon="6.28197">
        <ele>2143</ele>
      </rtept>
      <rtept lat="45.8301" lon="6.282">
        <ele>2143.6</ele>
      </rtept>
      <rtept lat="45.8301" lon="6.28203">
        <ele>2145.2</ele>
      </rtept>
      <rtept lat="45.83011" lon="6.28205">
        <ele>2145.6</ele>
      </rtept>
      <rtept lat="45.83012" lon="6.28208">
        <ele>2147.2</ele>
      </rtept>
      <rtept lat="45.83012" lon="6.28211">
        <ele>2147.8</ele>
      </rtept>
      <rtept lat="45.83012" lon="6.28213">
        <ele>2148.4</ele>
      </rtept>
      <rtept lat="45.83013" lon="6.28216">
        <ele>2149</ele>
      </rtept>
      <rtept lat="45.83013" lon="6.28219">
        <ele>2150.8</ele>
      </rtept>
      <rtept lat="45.83014" lon="6.28223">
        <ele>2151.4</ele>
      </rtept>
      <rtept lat="45.83014" lon="6.28225">
        <ele>2151.6</ele>
      </rtept>
      <rtept lat="45.83015" lon="6.28228">
        <ele>2151.8</ele>
      </rtept>
      <rtept lat="45.83015" lon="6.28231">
        <ele>2153.2</ele>
      </rtept>
      <rtept lat="45.83015" lon="6.28233">
        <ele>2153.8</ele>
      </rtept>
      <rtept lat="45.83014" lon="6.28237">
        <ele>2154.6</ele>
      </rtept>
      <rtept lat="45.83014" lon="6.28239">
        <ele>2156</ele>
      </rtept>
      <rtept lat="45.83013" lon="6.28242">
        <ele>2160.4</ele>
      </rtept>
      <rtept lat="45.83012" lon="6.28244">
        <ele>2160.6</ele>
      </rtept>
      <rtept lat="45.83011" lon="6.28249">
        <ele>2160.6</ele>
      </rtept>
      <rtept lat="45.83009" lon="6.28252">
        <ele>2161.6</ele>
      </rtept>
      <rtept lat="45.83008" lon="6.28254">
        <ele>2161.8</ele>
      </rtept>
      <rtept lat="45.83006" lon="6.28257">
        <ele>2163</ele>
      </rtept>
      <rtept lat="45.83005" lon="6.28259">
        <ele>2163.4</ele>
      </rtept>
      <rtept lat="45.83004" lon="6.28262">
        <ele>2164.6</ele>
      </rtept>
      <rtept lat="45.83003" lon="6.28264">
        <ele>2165</ele>
      </rtept>
      <rtept lat="45.83002" lon="6.28266">
        <ele>2165.4</ele>
      </rtept>
      <rtept lat="45.83001" lon="6.2827">
        <ele>2166.8</ele>
      </rtept>
      <rtept lat="45.82999" lon="6.28272">
        <ele>2166.4</ele>
      </rtept>
      <rtept lat="45.82998" lon="6.28274">
        <ele>2167.6</ele>
      </rtept>
      <rtept lat="45.82997" lon="6.28276">
        <ele>2168.6</ele>
      </rtept>
      <rtept lat="45.82996" lon="6.28279">
        <ele>2169.4</ele>
      </rtept>
      <rtept lat="45.82997" lon="6.28282">
        <ele>2169.6</ele>
      </rtept>
      <rtept lat="45.82999" lon="6.28282">
        <ele>2169</ele>
      </rtept>
      <rtept lat="45.83" lon="6.28283">
        <ele>2169</ele>
      </rtept>
      <rtept lat="45.83003" lon="6.28285">
        <ele>2172.2</ele>
      </rtept>
      <rtept lat="45.83004" lon="6.28286">
        <ele>2172.4</ele>
      </rtept>
      <rtept lat="45.83006" lon="6.28288">
        <ele>2172.4</ele>
      </rtept>
      <rtept lat="45.83007" lon="6.28291">
        <ele>2173</ele>
      </rtept>
      <rtept lat="45.83006" lon="6.28294">
        <ele>2174.2</ele>
      </rtept>
      <rtept lat="45.83006" lon="6.28296">
        <ele>2175.6</ele>
      </rtept>
      <rtept lat="45.83005" lon="6.28298">
        <ele>2175.6</ele>
      </rtept>
      <rtept lat="45.83003" lon="6.283">
        <ele>2176.2</ele>
      </rtept>
      <rtept lat="45.83002" lon="6.28302">
        <ele>2176.6</ele>
      </rtept>
      <rtept lat="45.83001" lon="6.28304">
        <ele>2177.4</ele>
      </rtept>
      <rtept lat="45.83" lon="6.28306">
        <ele>2177.6</ele>
      </rtept>
      <rtept lat="45.82999" lon="6.28308">
        <ele>2178.4</ele>
      </rtept>
      <rtept lat="45.82997" lon="6.2831">
        <ele>2179</ele>
      </rtept>
      <rtept lat="45.82996" lon="6.28312">
        <ele>2179.6</ele>
      </rtept>
      <rtept lat="45.82995" lon="6.28314">
        <ele>2181.6</ele>
      </rtept>
      <rtept lat="45.82994" lon="6.28316">
        <ele>2182.6</ele>
      </rtept>
      <rtept lat="45.82991" lon="6.2832">
        <ele>2182.2</ele>
      </rtept>
      <rtept lat="45.82991" lon="6.28321">
        <ele>2182.6</ele>
      </rtept>
      <rtept lat="45.82989" lon="6.28325">
        <ele>2182.6</ele>
      </rtept>
      <rtept lat="45.82988" lon="6.28326">
        <ele>2182.8</ele>
      </rtept>
      <rtept lat="45.82986" lon="6.28327">
        <ele>2183.4</ele>
      </rtept>
      <rtept lat="45.82985" lon="6.28329">
        <ele>2183</ele>
      </rtept>
      <rtept lat="45.82983" lon="6.28331">
        <ele>2183.6</ele>
      </rtept>
      <rtept lat="45.82982" lon="6.28333">
        <ele>2185.6</ele>
      </rtept>
      <rtept lat="45.8298" lon="6.28335">
        <ele>2185.2</ele>
      </rtept>
      <rtept lat="45.82979" lon="6.28337">
        <ele>2184.8</ele>
      </rtept>
      <rtept lat="45.82978" lon="6.28339">
        <ele>2185.4</ele>
      </rtept>
      <rtept lat="45.82976" lon="6.28343">
        <ele>2185.8</ele>
      </rtept>
      <rtept lat="45.82975" lon="6.28345">
        <ele>2186.6</ele>
      </rtept>
      <rtept lat="45.82975" lon="6.28347">
        <ele>2186.8</ele>
      </rtept>
      <rtept lat="45.82978" lon="6.28346">
        <ele>2186.8</ele>
      </rtept>
      <rtept lat="45.82979" lon="6.28346">
        <ele>2187.4</ele>
      </rtept>
      <rtept lat="45.8298" lon="6.28346">
        <ele>2190.6</ele>
      </rtept>
      <rtept lat="45.82983" lon="6.28346">
        <ele>2191.8</ele>
      </rtept>
      <rtept lat="45.82985" lon="6.28347">
        <ele>2191.8</ele>
      </rtept>
      <rtept lat="45.82987" lon="6.28348">
        <ele>2193</ele>
      </rtept>
      <rtept lat="45.82988" lon="6.28351">
        <ele>2198.6</ele>
      </rtept>
      <rtept lat="45.82985" lon="6.28356">
        <ele>2203.4</ele>
      </rtept>
      <rtept lat="45.82984" lon="6.28361">
        <ele>2203.4</ele>
      </rtept>
      <rtept lat="45.82982" lon="6.28365">
        <ele>2203.4</ele>
      </rtept>
      <rtept lat="45.82981" lon="6.28369">
        <ele>2204.2</ele>
      </rtept>
      <rtept lat="45.82981" lon="6.28372">
        <ele>2204</ele>
      </rtept>
      <rtept lat="45.82983" lon="6.28371">
        <ele>2203.4</ele>
      </rtept>
      <rtept lat="45.82984" lon="6.28371">
        <ele>2208</ele>
      </rtept>
      <rtept lat="45.82986" lon="6.28373">
        <ele>2207.8</ele>
      </rtept>
      <rtept lat="45.82989" lon="6.28375">
        <ele>2208.4</ele>
      </rtept>
      <rtept lat="45.8299" lon="6.28375">
        <ele>2208.8</ele>
      </rtept>
      <rtept lat="45.82992" lon="6.28374">
        <ele>2209.8</ele>
      </rtept>
      <rtept lat="45.82994" lon="6.28374">
        <ele>2210.6</ele>
      </rtept>
      <rtept lat="45.82994" lon="6.28377">
        <ele>2211.4</ele>
      </rtept>
      <rtept lat="45.82993" lon="6.28379">
        <ele>2212.6</ele>
      </rtept>
      <rtept lat="45.82992" lon="6.28382">
        <ele>2214</ele>
      </rtept>
      <rtept lat="45.82991" lon="6.28386">
        <ele>2214</ele>
      </rtept>
      <rtept lat="45.8299" lon="6.28388">
        <ele>2214.4</ele>
      </rtept>
      <rtept lat="45.82989" lon="6.2839">
        <ele>2215</ele>
      </rtept>
      <rtept lat="45.82991" lon="6.28392">
        <ele>2214.8</ele>
      </rtept>
      <rtept lat="45.8299" lon="6.28394">
        <ele>2220.8</ele>
      </rtept>
      <rtept lat="45.8299" lon="6.28398">
        <ele>2221.4</ele>
      </rtept>
      <rtept lat="45.82988" lon="6.28402">
        <ele>2221.8</ele>
      </rtept>
      <rtept lat="45.82987" lon="6.28404">
        <ele>2222.4</ele>
      </rtept>
      <rtept lat="45.82986" lon="6.28406">
        <ele>2223.6</ele>
      </rtept>
      <rtept lat="45.82987" lon="6.2841">
        <ele>2229.8</ele>
      </rtept>
      <rtept lat="45.82989" lon="6.28416">
        <ele>2230</ele>
      </rtept>
      <rtept lat="45.82989" lon="6.28421">
        <ele>2230</ele>
      </rtept>
      <rtept lat="45.82989" lon="6.28423">
        <ele>2230</ele>
      </rtept>
      <rtept lat="45.82989" lon="6.28426">
        <ele>2230.2</ele>
      </rtept>
      <rtept lat="45.82988" lon="6.28428">
        <ele>2230.2</ele>
      </rtept>
      <rtept lat="45.82987" lon="6.2843">
        <ele>2230.4</ele>
      </rtept>
      <rtept lat="45.82986" lon="6.28433">
        <ele>2231</ele>
      </rtept>
      <rtept lat="45.82985" lon="6.28435">
        <ele>2231</ele>
      </rtept>
      <rtept lat="45.82983" lon="6.28437">
        <ele>2231</ele>
      </rtept>
      <rtept lat="45.82982" lon="6.28439">
        <ele>2231</ele>
      </rtept>
      <rtept lat="45.82979" lon="6.28441">
        <ele>2231.2</ele>
      </rtept>
      <rtept lat="45.82978" lon="6.28442">
        <ele>2230.8</ele>
      </rtept>
      <rtept lat="45.82975" lon="6.28444">
        <ele>2230.8</ele>
      </rtept>
      <rtept lat="45.82974" lon="6.28446">
        <ele>2230.6</ele>
      </rtept>
      <rtept lat="45.82972" lon="6.28448">
        <ele>2231.4</ele>
      </rtept>
      <rtept lat="45.82971" lon="6.28451">
        <ele>2232</ele>
      </rtept>
      <rtept lat="45.8297" lon="6.28453">
        <ele>2231.4</ele>
      </rtept>
      <rtept lat="45.82969" lon="6.28456">
        <ele>2232.2</ele>
      </rtept>
      <rtept lat="45.82968" lon="6.28458">
        <ele>2233</ele>
      </rtept>
      <rtept lat="45.82968" lon="6.28461">
        <ele>2233</ele>
      </rtept>
      <rtept lat="45.82967" lon="6.28463">
        <ele>2233.2</ele>
      </rtept>
      <rtept lat="45.82964" lon="6.28465">
        <ele>2232.4</ele>
      </rtept>
      <rtept lat="45.82962" lon="6.28465">
        <ele>2231.8</ele>
      </rtept>
      <rtept lat="45.8296" lon="6.28464">
        <ele>2231.4</ele>
      </rtept>
      <rtept lat="45.82958" lon="6.28465">
        <ele>2230.8</ele>
      </rtept>
      <rtept lat="45.82955" lon="6.28468">
        <ele>2230.8</ele>
      </rtept>
      <rtept lat="45.82954" lon="6.28469">
        <ele>2231</ele>
      </rtept>
      <rtept lat="45.82952" lon="6.2847">
        <ele>2231</ele>
      </rtept>
      <rtept lat="45.8295" lon="6.2847">
        <ele>2230.6</ele>
      </rtept>
      <rtept lat="45.82947" lon="6.2847">
        <ele>2229.6</ele>
      </rtept>
      <rtept lat="45.82945" lon="6.28469">
        <ele>2229</ele>
      </rtept>
      <rtept lat="45.82942" lon="6.28469">
        <ele>2228.2</ele>
      </rtept>
      <rtept lat="45.8294" lon="6.28469">
        <ele>2228.2</ele>
      </rtept>
      <rtept lat="45.82938" lon="6.28469">
        <ele>2228.2</ele>
      </rtept>
      <rtept lat="45.82936" lon="6.28468">
        <ele>2227.4</ele>
      </rtept>
      <rtept lat="45.82934" lon="6.28468">
        <ele>2226.6</ele>
      </rtept>
      <rtept lat="45.82931" lon="6.28469">
        <ele>2226.2</ele>
      </rtept>
      <rtept lat="45.82929" lon="6.2847">
        <ele>2226.2</ele>
      </rtept>
      <rtept lat="45.82927" lon="6.2847">
        <ele>2226</ele>
      </rtept>
      <rtept lat="45.82925" lon="6.2847">
        <ele>2225.8</ele>
      </rtept>
      <rtept lat="45.82922" lon="6.2847">
        <ele>2226.2</ele>
      </rtept>
      <rtept lat="45.8292" lon="6.2847">
        <ele>2226.2</ele>
      </rtept>
      <rtept lat="45.82917" lon="6.2847">
        <ele>2226.2</ele>
      </rtept>
      <rtept lat="45.82915" lon="6.2847">
        <ele>2226.2</ele>
      </rtept>
      <rtept lat="45.82913" lon="6.28473">
        <ele>2226.4</ele>
      </rtept>
      <rtept lat="45.82911" lon="6.28475">
        <ele>2225.8</ele>
      </rtept>
      <rtept lat="45.82909" lon="6.28478">
        <ele>2225</ele>
      </rtept>
      <rtept lat="45.82907" lon="6.28479">
        <ele>2225</ele>
      </rtept>
      <rtept lat="45.82905" lon="6.28479">
        <ele>2225.4</ele>
      </rtept>
      <rtept lat="45.82902" lon="6.28478">
        <ele>2225.4</ele>
      </rtept>
      <rtept lat="45.829" lon="6.28478">
        <ele>2225.8</ele>
      </rtept>
      <rtept lat="45.82899" lon="6.28477">
        <ele>2226.8</ele>
      </rtept>
      <rtept lat="45.82897" lon="6.28479">
        <ele>2234</ele>
      </rtept>
      <rtept lat="45.82896" lon="6.28481">
        <ele>2234.4</ele>
      </rtept>
      <rtept lat="45.82895" lon="6.28484">
        <ele>2234.6</ele>
      </rtept>
      <rtept lat="45.82896" lon="6.28486">
        <ele>2235</ele>
      </rtept>
      <rtept lat="45.82898" lon="6.28488">
        <ele>2235.6</ele>
      </rtept>
      <rtept lat="45.82899" lon="6.28489">
        <ele>2236.4</ele>
      </rtept>
      <rtept lat="45.82902" lon="6.2849">
        <ele>2236.8</ele>
      </rtept>
      <rtept lat="45.82903" lon="6.28493">
        <ele>2238.2</ele>
      </rtept>
      <rtept lat="45.82903" lon="6.28494">
        <ele>2240.4</ele>
      </rtept>
      <rtept lat="45.82904" lon="6.28497">
        <ele>2241.4</ele>
      </rtept>
      <rtept lat="45.82904" lon="6.28499">
        <ele>2241.8</ele>
      </rtept>
      <rtept lat="45.82905" lon="6.28502">
        <ele>2243.4</ele>
      </rtept>
      <rtept lat="45.82903" lon="6.28503">
        <ele>2244.4</ele>
      </rtept>
      <rtept lat="45.82901" lon="6.28504">
        <ele>2245.2</ele>
      </rtept>
      <rtept lat="45.82898" lon="6.28506">
        <ele>2244.8</ele>
      </rtept>
      <rtept lat="45.82896" lon="6.28506">
        <ele>2245.6</ele>
      </rtept>
      <rtept lat="45.82895" lon="6.28504">
        <ele>2246.4</ele>
      </rtept>
      <rtept lat="45.82894" lon="6.28501">
        <ele>2246.8</ele>
      </rtept>
      <rtept lat="45.82892" lon="6.28499">
        <ele>2247</ele>
      </rtept>
      <rtept lat="45.8289" lon="6.28497">
        <ele>2246.2</ele>
      </rtept>
      <rtept lat="45.82888" lon="6.28496">
        <ele>2246</ele>
      </rtept>
      <rtept lat="45.82886" lon="6.28495">
        <ele>2247</ele>
      </rtept>
      <rtept lat="45.82884" lon="6.28496">
        <ele>2246</ele>
      </rtept>
      <rtept lat="45.82883" lon="6.28498">
        <ele>2246.2</ele>
      </rtept>
      <rtept lat="45.82881" lon="6.285">
        <ele>2246.2</ele>
      </rtept>
      <rtept lat="45.82878" lon="6.28502">
        <ele>2244.8</ele>
      </rtept>
      <rtept lat="45.82876" lon="6.28504">
        <ele>2244.2</ele>
      </rtept>
      <rtept lat="45.82874" lon="6.28507">
        <ele>2243</ele>
      </rtept>
      <rtept lat="45.82873" lon="6.2851">
        <ele>2242.6</ele>
      </rtept>
      <rtept lat="45.82872" lon="6.28511">
        <ele>2241</ele>
      </rtept>
      <rtept lat="45.8287" lon="6.28513">
        <ele>2240.8</ele>
      </rtept>
      <rtept lat="45.82868" lon="6.28514">
        <ele>2240.8</ele>
      </rtept>
      <rtept lat="45.82865" lon="6.28513">
        <ele>2241</ele>
      </rtept>
      <rtept lat="45.82863" lon="6.28512">
        <ele>2241.2</ele>
      </rtept>
      <rtept lat="45.82862" lon="6.28512">
        <ele>2243</ele>
      </rtept>
      <rtept lat="45.8286" lon="6.28513">
        <ele>2244.2</ele>
      </rtept>
      <rtept lat="45.82859" lon="6.28515">
        <ele>2244.6</ele>
      </rtept>
      <rtept lat="45.82857" lon="6.28515">
        <ele>2245</ele>
      </rtept>
      <rtept lat="45.82855" lon="6.28516">
        <ele>2245.4</ele>
      </rtept>
      <rtept lat="45.82855" lon="6.28518">
        <ele>2246.8</ele>
      </rtept>
      <rtept lat="45.82856" lon="6.2852">
        <ele>2248.2</ele>
      </rtept>
      <rtept lat="45.82858" lon="6.28523">
        <ele>2249.2</ele>
      </rtept>
      <rtept lat="45.82859" lon="6.28526">
        <ele>2249.4</ele>
      </rtept>
      <rtept lat="45.8286" lon="6.28529">
        <ele>2249.4</ele>
      </rtept>
      <rtept lat="45.82859" lon="6.28531">
        <ele>2250.4</ele>
      </rtept>
      <rtept lat="45.8286" lon="6.28531">
        <ele>2256.2</ele>
      </rtept>
      <rtept lat="45.82863" lon="6.28529">
        <ele>2256.2</ele>
      </rtept>
      <rtept lat="45.82864" lon="6.28528">
        <ele>2256.4</ele>
      </rtept>
      <rtept lat="45.82867" lon="6.28525">
        <ele>2256.8</ele>
      </rtept>
      <rtept lat="45.82869" lon="6.28524">
        <ele>2257.6</ele>
      </rtept>
      <rtept lat="45.8287" lon="6.28523">
        <ele>2258.6</ele>
      </rtept>
      <rtept lat="45.82872" lon="6.28521">
        <ele>2258.2</ele>
      </rtept>
      <rtept lat="45.82872" lon="6.28519">
        <ele>2259.2</ele>
      </rtept>
      <rtept lat="45.82873" lon="6.28515">
        <ele>2260.8</ele>
      </rtept>
      <rtept lat="45.82874" lon="6.28515">
        <ele>2259.8</ele>
      </rtept>
      <rtept lat="45.82876" lon="6.28515">
        <ele>2261.6</ele>
      </rtept>
      <rtept lat="45.82877" lon="6.28516">
        <ele>2263</ele>
      </rtept>
      <rtept lat="45.82876" lon="6.2852">
        <ele>2262.8</ele>
      </rtept>
      <rtept lat="45.82876" lon="6.28522">
        <ele>2264.8</ele>
      </rtept>
      <rtept lat="45.82876" lon="6.28525">
        <ele>2264.6</ele>
      </rtept>
      <rtept lat="45.82875" lon="6.28528">
        <ele>2264.6</ele>
      </rtept>
      <rtept lat="45.82874" lon="6.2853">
        <ele>2265.2</ele>
      </rtept>
      <rtept lat="45.82873" lon="6.28532">
        <ele>2265.6</ele>
      </rtept>
      <rtept lat="45.82871" lon="6.28535">
        <ele>2265.6</ele>
      </rtept>
      <rtept lat="45.82871" lon="6.28538">
        <ele>2265.6</ele>
      </rtept>
      <rtept lat="45.8287" lon="6.28541">
        <ele>2266.2</ele>
      </rtept>
      <rtept lat="45.82868" lon="6.28543">
        <ele>2266.2</ele>
      </rtept>
      <rtept lat="45.82866" lon="6.28545">
        <ele>2266.8</ele>
      </rtept>
      <rtept lat="45.82864" lon="6.28547">
        <ele>2267.6</ele>
      </rtept>
      <rtept lat="45.82863" lon="6.28549">
        <ele>2267.8</ele>
      </rtept>
      <rtept lat="45.82862" lon="6.28551">
        <ele>2268.2</ele>
      </rtept>
      <rtept lat="45.8286" lon="6.28553">
        <ele>2269</ele>
      </rtept>
      <rtept lat="45.82859" lon="6.28555">
        <ele>2269.8</ele>
      </rtept>
      <rtept lat="45.82856" lon="6.28556">
        <ele>2270.6</ele>
      </rtept>
      <rtept lat="45.82854" lon="6.28556">
        <ele>2271.6</ele>
      </rtept>
      <rtept lat="45.82852" lon="6.28557">
        <ele>2272.4</ele>
      </rtept>
      <rtept lat="45.82851" lon="6.28557">
        <ele>2273.2</ele>
      </rtept>
      <rtept lat="45.8285" lon="6.2856">
        <ele>2274.2</ele>
      </rtept>
      <rtept lat="45.82849" lon="6.28561">
        <ele>2281</ele>
      </rtept>
      <rtept lat="45.82846" lon="6.28561">
        <ele>2281.6</ele>
      </rtept>
      <rtept lat="45.82845" lon="6.2856">
        <ele>2282</ele>
      </rtept>
      <rtept lat="45.82843" lon="6.2856">
        <ele>2282</ele>
      </rtept>
      <rtept lat="45.8284" lon="6.28558">
        <ele>2282</ele>
      </rtept>
      <rtept lat="45.82838" lon="6.28556">
        <ele>2282.6</ele>
      </rtept>
      <rtept lat="45.82837" lon="6.28554">
        <ele>2284.2</ele>
      </rtept>
      <rtept lat="45.82836" lon="6.28551">
        <ele>2284.6</ele>
      </rtept>
      <rtept lat="45.82834" lon="6.28549">
        <ele>2284.6</ele>
      </rtept>
      <rtept lat="45.82832" lon="6.28548">
        <ele>2285.4</ele>
      </rtept>
      <rtept lat="45.82831" lon="6.2855">
        <ele>2287</ele>
      </rtept>
      <rtept lat="45.82831" lon="6.28552">
        <ele>2287</ele>
      </rtept>
      <rtept lat="45.82831" lon="6.28553">
        <ele>2288.4</ele>
      </rtept>
      <rtept lat="45.8283" lon="6.28554">
        <ele>2290.2</ele>
      </rtept>
      <rtept lat="45.82829" lon="6.28557">
        <ele>2290.4</ele>
      </rtept>
      <rtept lat="45.82829" lon="6.28557">
        <ele>2293.6</ele>
      </rtept>
      <rtept lat="45.82828" lon="6.2856">
        <ele>2294.6</ele>
      </rtept>
      <rtept lat="45.82828" lon="6.28565">
        <ele>2294.4</ele>
      </rtept>
      <rtept lat="45.82828" lon="6.28567">
        <ele>2294.8</ele>
      </rtept>
      <rtept lat="45.82828" lon="6.28568">
        <ele>2298.4</ele>
      </rtept>
      <rtept lat="45.82825" lon="6.2857">
        <ele>2298.8</ele>
      </rtept>
      <rtept lat="45.82823" lon="6.28571">
        <ele>2299</ele>
      </rtept>
      <rtept lat="45.82818" lon="6.28572">
        <ele>2299.2</ele>
      </rtept>
      <rtept lat="45.82816" lon="6.28572">
        <ele>2299.2</ele>
      </rtept>
      <rtept lat="45.82812" lon="6.28572">
        <ele>2299.4</ele>
      </rtept>
      <rtept lat="45.82809" lon="6.28573">
        <ele>2299.2</ele>
      </rtept>
      <rtept lat="45.82807" lon="6.28576">
        <ele>2298.8</ele>
      </rtept>
      <rtept lat="45.82804" lon="6.28579">
        <ele>2299.6</ele>
      </rtept>
      <rtept lat="45.82801" lon="6.28581">
        <ele>2299.8</ele>
      </rtept>
      <rtept lat="45.828" lon="6.28582">
        <ele>2300.6</ele>
      </rtept>
      <rtept lat="45.82798" lon="6.28585">
        <ele>2300.6</ele>
      </rtept>
      <rtept lat="45.82795" lon="6.28587">
        <ele>2301.2</ele>
      </rtept>
      <rtept lat="45.82793" lon="6.2859">
        <ele>2302.4</ele>
      </rtept>
      <rtept lat="45.8279" lon="6.28591">
        <ele>2303</ele>
      </rtept>
      <rtept lat="45.82789" lon="6.28592">
        <ele>2304.4</ele>
      </rtept>
      <rtept lat="45.82786" lon="6.28593">
        <ele>2305.2</ele>
      </rtept>
      <rtept lat="45.82782" lon="6.28595">
        <ele>2305.4</ele>
      </rtept>
      <rtept lat="45.82781" lon="6.28595">
        <ele>2305.6</ele>
      </rtept>
      <rtept lat="45.82779" lon="6.28597">
        <ele>2305.4</ele>
      </rtept>
      <rtept lat="45.82776" lon="6.28598">
        <ele>2305.6</ele>
      </rtept>
      <rtept lat="45.82774" lon="6.28599">
        <ele>2307.4</ele>
      </rtept>
      <rtept lat="45.82771" lon="6.28601">
        <ele>2307.4</ele>
      </rtept>
      <rtept lat="45.82768" lon="6.28602">
        <ele>2307.8</ele>
      </rtept>
      <rtept lat="45.82766" lon="6.28603">
        <ele>2307.2</ele>
      </rtept>
      <rtept lat="45.82766" lon="6.28604">
        <ele>2305.2</ele>
      </rtept>
      <rtept lat="45.82764" lon="6.28605">
        <ele>2307.6</ele>
      </rtept>
      <rtept lat="45.82762" lon="6.28606">
        <ele>2306.8</ele>
      </rtept>
    </rte>
</gpx>