<?xml version="1.0" encoding="UTF-8" standalone="no" ?>
<gpx xmlns="http://www.topografix.com/GPX/1/1" xmlns:xsi="http://www.w3.org/2001/XMLSchema-instance" xsi:schemaLocation="http://www.topografix.com/GPX/1/1 http://www.topografix.com/GPX/1/1/gpx.xsd" version="1.1" creator="VisuGPX - https://www.visugpx.com">
  <metadata>
    <name>[Sentier] Traversée Annecy Chambéry</name>
    <desc><![CDATA[Modifié: 4 minutes]]></desc>
  </metadata>
  <wpt lat="45.89239" lon="6.13694">
    <ele>449</ele>
    <name><![CDATA[Départ annecy]]></name>
    <desc><![CDATA[Départ Annecy]]></desc>
    <type><![CDATA[ville]]></type>
  </wpt>
  <wpt lat="45.79202" lon="6.10456">
    <ele>1593.9</ele>
    <name><![CDATA[Bivouac 1 -Semnoz]]></name>
    <desc><![CDATA[Bivouac 1 -Semnoz]]></desc>
    <type><![CDATA[camping]]></type>
  </wpt>
  <wpt lat="45.79584" lon="6.10299">
    <ele>1661.6</ele>
    <name><![CDATA[Eau]]></name>
    <type><![CDATA[river]]></type>
  </wpt>
  <wpt lat="45.77184" lon="6.13156">
    <ele>898.2</ele>
    <name><![CDATA[Eau]]></name>
    <type><![CDATA[drink]]></type>
  </wpt>
  <wpt lat="45.77744" lon="6.1503">
    <ele>938.4</ele>
    <name><![CDATA[Eau]]></name>
    <type><![CDATA[drink]]></type>
  </wpt>
  <wpt lat="45.76866" lon="6.1507">
    <ele>1014.3</ele>
    <name><![CDATA[Eau]]></name>
    <type><![CDATA[river]]></type>
  </wpt>
  <wpt lat="45.73913" lon="6.15928">
    <ele>1035.6</ele>
    <name><![CDATA[Eau]]></name>
    <type><![CDATA[drink]]></type>
  </wpt>
  <wpt lat="45.73843" lon="6.15951">
    <ele>1027</ele>
    <name><![CDATA[Eau]]></name>
    <type><![CDATA[drink]]></type>
  </wpt>
  <wpt lat="45.73506" lon="6.16198">
    <ele>1021.5</ele>
    <name><![CDATA[Eau]]></name>
    <type><![CDATA[drink]]></type>
  </wpt>
  <wpt lat="45.73424" lon="6.16414">
    <ele>1026.2</ele>
    <name><![CDATA[Eau]]></name>
    <type><![CDATA[drink]]></type>
  </wpt>
  <wpt lat="45.72763" lon="6.17429">
    <ele>1170</ele>
    <name><![CDATA[Eau]]></name>
    <type><![CDATA[river]]></type>
  </wpt>
  <wpt lat="45.69029" lon="6.14772">
    <ele>1097</ele>
    <name><![CDATA[Eau]]></name>
    <type><![CDATA[drink]]></type>
  </wpt>
  <wpt lat="45.69022" lon="6.14667">
    <ele>1084.9</ele>
    <name><![CDATA[Bivouac 2 - Garins]]></name>
    <desc><![CDATA[Bivouac 2 - Garins]]></desc>
    <type><![CDATA[camping]]></type>
  </wpt>
  <wpt lat="45.68161" lon="6.13761">
    <ele>761.6</ele>
    <name><![CDATA[Eau]]></name>
    <type><![CDATA[drink]]></type>
  </wpt>
  <wpt lat="45.67197" lon="6.15958">
    <ele>727.1</ele>
    <name><![CDATA[Eau]]></name>
    <type><![CDATA[drink]]></type>
  </wpt>
  <wpt lat="45.66716" lon="6.15736">
    <ele>684.4</ele>
    <name><![CDATA[Eau]]></name>
    <type><![CDATA[drink]]></type>
  </wpt>
  <wpt lat="45.65891" lon="6.15171">
    <ele>774.7</ele>
    <name><![CDATA[Eau]]></name>
    <type><![CDATA[river]]></type>
  </wpt>
  <wpt lat="45.63743" lon="6.13664">
    <ele>1392</ele>
    <name><![CDATA[Eau]]></name>
    <type><![CDATA[drink]]></type>
  </wpt>
  <wpt lat="45.63018" lon="6.13214">
    <ele>1192.5</ele>
    <name><![CDATA[Eau]]></name>
    <type><![CDATA[river]]></type>
  </wpt>
  <wpt lat="45.61102" lon="6.1086">
    <ele>967.1</ele>
    <name><![CDATA[Eau]]></name>
    <type><![CDATA[drink]]></type>
  </wpt>
  <wpt lat="45.61023" lon="6.10757">
    <ele>961.8</ele>
    <name><![CDATA[Eau]]></name>
    <type><![CDATA[drink]]></type>
  </wpt>
  <wpt lat="45.6099" lon="6.10623">
    <ele>958.3</ele>
    <name><![CDATA[Eau]]></name>
    <type><![CDATA[drink]]></type>
  </wpt>
  <wpt lat="45.6179" lon="6.08002">
    <ele>901.1</ele>
    <name><![CDATA[Eau]]></name>
    <type><![CDATA[drink]]></type>
  </wpt>
  <wpt lat="45.617" lon="6.05139">
    <ele>1341.6</ele>
    <name><![CDATA[Bivouac 3 -Col de la Verne]]></name>
    <desc><![CDATA[Bivouac 3 -Col de la Verne]]></desc>
    <type><![CDATA[camping]]></type>
  </wpt>
  <wpt lat="45.6086" lon="6.044">
    <ele>1040.3</ele>
    <name><![CDATA[Eau]]></name>
    <type><![CDATA[drink]]></type>
  </wpt>
  <wpt lat="45.61404" lon="6.04136">
    <ele>958.9</ele>
    <name><![CDATA[Eau]]></name>
    <type><![CDATA[river]]></type>
  </wpt>
  <wpt lat="45.61597" lon="6.04219">
    <ele>972.7</ele>
    <name><![CDATA[Eau]]></name>
    <type><![CDATA[river]]></type>
  </wpt>
  <wpt lat="45.61738" lon="6.04127">
    <ele>986.9</ele>
    <name><![CDATA[Eau]]></name>
    <type><![CDATA[river]]></type>
  </wpt>
  <wpt lat="45.6191" lon="6.03959">
    <ele>1009.2</ele>
    <name><![CDATA[Eau]]></name>
    <type><![CDATA[river]]></type>
  </wpt>
  <wpt lat="45.61964" lon="6.03762">
    <ele>1028.7</ele>
    <name><![CDATA[Eau]]></name>
    <type><![CDATA[river]]></type>
  </wpt>
  <wpt lat="45.62103" lon="6.01983">
    <ele>999.9</ele>
    <name><![CDATA[Eau]]></name>
    <type><![CDATA[drink]]></type>
  </wpt>
  <wpt lat="45.6087" lon="5.98069">
    <ele>932.9</ele>
    <name><![CDATA[Eau]]></name>
    <type><![CDATA[river]]></type>
  </wpt>
  <wpt lat="45.5968" lon="5.96979">
    <ele>683.8</ele>
    <name><![CDATA[Eau]]></name>
    <type><![CDATA[drink]]></type>
  </wpt>
  <wpt lat="45.57087" lon="5.92074">
    <ele>271.6</ele>
    <name><![CDATA[Arrivée Chambéry]]></name>
    <desc><![CDATA[Arrivée Chambéry]]></desc>
    <type><![CDATA[ville]]></type>
  </wpt>
  <trk>
    <name><![CDATA[[Sentier] Traversée Annecy Chambéry]]></name>
    <desc><![CDATA[Modifié: 4 minutes]]></desc>
    <extensions>
      <line xmlns="http://www.topografix.com/GPX/gpx_style/0/2">
        <color>0000FF</color>
        <width>4</width>
      </line>
    </extensions>
    <trkseg>
      <trkpt lat="45.89239" lon="6.13695">
        <ele>451</ele>
      </trkpt>
      <trkpt lat="45.89239" lon="6.13695">
        <ele>451</ele>
      </trkpt>
      <trkpt lat="45.8923" lon="6.13678">
        <ele>452</ele>
      </trkpt>
      <trkpt lat="45.89224" lon="6.13668">
        <ele>452</ele>
      </trkpt>
      <trkpt lat="45.8922" lon="6.13662">
        <ele>453</ele>
      </trkpt>
      <trkpt lat="45.89215" lon="6.13656">
        <ele>453</ele>
      </trkpt>
      <trkpt lat="45.89202" lon="6.1364">
        <ele>454</ele>
      </trkpt>
      <trkpt lat="45.89192" lon="6.13628">
        <ele>455</ele>
      </trkpt>
      <trkpt lat="45.89186" lon="6.13619">
        <ele>456</ele>
      </trkpt>
      <trkpt lat="45.89184" lon="6.13613">
        <ele>458</ele>
      </trkpt>
      <trkpt lat="45.89183" lon="6.13601">
        <ele>459</ele>
      </trkpt>
      <trkpt lat="45.89182" lon="6.13591">
        <ele>460</ele>
      </trkpt>
      <trkpt lat="45.8918" lon="6.13578">
        <ele>461</ele>
      </trkpt>
      <trkpt lat="45.89173" lon="6.13578">
        <ele>463</ele>
      </trkpt>
      <trkpt lat="45.89165" lon="6.13576">
        <ele>465</ele>
      </trkpt>
      <trkpt lat="45.89153" lon="6.13572">
        <ele>467</ele>
      </trkpt>
      <trkpt lat="45.89142" lon="6.13571">
        <ele>469</ele>
      </trkpt>
      <trkpt lat="45.89132" lon="6.1357">
        <ele>471</ele>
      </trkpt>
      <trkpt lat="45.89122" lon="6.13561">
        <ele>473</ele>
      </trkpt>
      <trkpt lat="45.89117" lon="6.13553">
        <ele>476</ele>
      </trkpt>
      <trkpt lat="45.89115" lon="6.13534">
        <ele>479</ele>
      </trkpt>
      <trkpt lat="45.89111" lon="6.13505">
        <ele>482</ele>
      </trkpt>
      <trkpt lat="45.8911" lon="6.13482">
        <ele>485</ele>
      </trkpt>
      <trkpt lat="45.89106" lon="6.13467">
        <ele>488</ele>
      </trkpt>
      <trkpt lat="45.891" lon="6.13456">
        <ele>492</ele>
      </trkpt>
      <trkpt lat="45.8909" lon="6.13448">
        <ele>495</ele>
      </trkpt>
      <trkpt lat="45.89079" lon="6.13444">
        <ele>498</ele>
      </trkpt>
      <trkpt lat="45.8907" lon="6.13444">
        <ele>501</ele>
      </trkpt>
      <trkpt lat="45.89055" lon="6.13445">
        <ele>504</ele>
      </trkpt>
      <trkpt lat="45.89045" lon="6.13453">
        <ele>507</ele>
      </trkpt>
      <trkpt lat="45.89036" lon="6.13456">
        <ele>510</ele>
      </trkpt>
      <trkpt lat="45.89027" lon="6.13451">
        <ele>513</ele>
      </trkpt>
      <trkpt lat="45.8902" lon="6.1344">
        <ele>515</ele>
      </trkpt>
      <trkpt lat="45.89018" lon="6.13419">
        <ele>518</ele>
      </trkpt>
      <trkpt lat="45.89017" lon="6.13402">
        <ele>520</ele>
      </trkpt>
      <trkpt lat="45.89016" lon="6.13384">
        <ele>521</ele>
      </trkpt>
      <trkpt lat="45.89016" lon="6.13356">
        <ele>523</ele>
      </trkpt>
      <trkpt lat="45.89011" lon="6.13341">
        <ele>524</ele>
      </trkpt>
      <trkpt lat="45.89006" lon="6.13337">
        <ele>525</ele>
      </trkpt>
      <trkpt lat="45.89004" lon="6.13335">
        <ele>526</ele>
      </trkpt>
      <trkpt lat="45.89001" lon="6.13333">
        <ele>527</ele>
      </trkpt>
      <trkpt lat="45.89005" lon="6.13311">
        <ele>527</ele>
      </trkpt>
      <trkpt lat="45.89007" lon="6.13291">
        <ele>528</ele>
      </trkpt>
      <trkpt lat="45.8901" lon="6.13282">
        <ele>528</ele>
      </trkpt>
      <trkpt lat="45.89013" lon="6.13273">
        <ele>529</ele>
      </trkpt>
      <trkpt lat="45.89016" lon="6.13265">
        <ele>529</ele>
      </trkpt>
      <trkpt lat="45.89007" lon="6.13279">
        <ele>530</ele>
      </trkpt>
      <trkpt lat="45.88999" lon="6.13292">
        <ele>531</ele>
      </trkpt>
      <trkpt lat="45.88991" lon="6.13319">
        <ele>532</ele>
      </trkpt>
      <trkpt lat="45.88985" lon="6.13349">
        <ele>533</ele>
      </trkpt>
      <trkpt lat="45.88977" lon="6.13361">
        <ele>535</ele>
      </trkpt>
      <trkpt lat="45.8897" lon="6.13372">
        <ele>536</ele>
      </trkpt>
      <trkpt lat="45.88956" lon="6.13385">
        <ele>538</ele>
      </trkpt>
      <trkpt lat="45.8894" lon="6.13404">
        <ele>539</ele>
      </trkpt>
      <trkpt lat="45.88924" lon="6.13424">
        <ele>541</ele>
      </trkpt>
      <trkpt lat="45.88911" lon="6.13436">
        <ele>543</ele>
      </trkpt>
      <trkpt lat="45.88899" lon="6.13448">
        <ele>544</ele>
      </trkpt>
      <trkpt lat="45.88886" lon="6.1346">
        <ele>546</ele>
      </trkpt>
      <trkpt lat="45.88877" lon="6.13467">
        <ele>547</ele>
      </trkpt>
      <trkpt lat="45.88861" lon="6.1348">
        <ele>549</ele>
      </trkpt>
      <trkpt lat="45.8885" lon="6.13488">
        <ele>551</ele>
      </trkpt>
      <trkpt lat="45.88834" lon="6.13498">
        <ele>553</ele>
      </trkpt>
      <trkpt lat="45.88819" lon="6.13507">
        <ele>554</ele>
      </trkpt>
      <trkpt lat="45.88804" lon="6.13515">
        <ele>556</ele>
      </trkpt>
      <trkpt lat="45.88793" lon="6.1352">
        <ele>558</ele>
      </trkpt>
      <trkpt lat="45.88781" lon="6.13517">
        <ele>561</ele>
      </trkpt>
      <trkpt lat="45.88769" lon="6.13514">
        <ele>563</ele>
      </trkpt>
      <trkpt lat="45.8875" lon="6.1351">
        <ele>565</ele>
      </trkpt>
      <trkpt lat="45.88735" lon="6.13508">
        <ele>568</ele>
      </trkpt>
      <trkpt lat="45.8872" lon="6.13511">
        <ele>571</ele>
      </trkpt>
      <trkpt lat="45.88699" lon="6.1351">
        <ele>573</ele>
      </trkpt>
      <trkpt lat="45.88686" lon="6.13512">
        <ele>576</ele>
      </trkpt>
      <trkpt lat="45.88671" lon="6.13515">
        <ele>579</ele>
      </trkpt>
      <trkpt lat="45.88659" lon="6.13514">
        <ele>582</ele>
      </trkpt>
      <trkpt lat="45.88647" lon="6.13507">
        <ele>585</ele>
      </trkpt>
      <trkpt lat="45.88635" lon="6.13501">
        <ele>588</ele>
      </trkpt>
      <trkpt lat="45.88617" lon="6.13482">
        <ele>591</ele>
      </trkpt>
      <trkpt lat="45.88607" lon="6.13471">
        <ele>594</ele>
      </trkpt>
      <trkpt lat="45.88598" lon="6.13459">
        <ele>596</ele>
      </trkpt>
      <trkpt lat="45.88586" lon="6.13447">
        <ele>599</ele>
      </trkpt>
      <trkpt lat="45.88574" lon="6.13434">
        <ele>602</ele>
      </trkpt>
      <trkpt lat="45.88567" lon="6.13421">
        <ele>605</ele>
      </trkpt>
      <trkpt lat="45.88559" lon="6.13408">
        <ele>607</ele>
      </trkpt>
      <trkpt lat="45.88546" lon="6.13403">
        <ele>610</ele>
      </trkpt>
      <trkpt lat="45.88536" lon="6.13404">
        <ele>612</ele>
      </trkpt>
      <trkpt lat="45.88519" lon="6.13408">
        <ele>614</ele>
      </trkpt>
      <trkpt lat="45.88507" lon="6.13411">
        <ele>616</ele>
      </trkpt>
      <trkpt lat="45.88496" lon="6.13411">
        <ele>618</ele>
      </trkpt>
      <trkpt lat="45.88485" lon="6.1341">
        <ele>620</ele>
      </trkpt>
      <trkpt lat="45.88475" lon="6.13409">
        <ele>622</ele>
      </trkpt>
      <trkpt lat="45.88466" lon="6.13408">
        <ele>624</ele>
      </trkpt>
      <trkpt lat="45.88456" lon="6.13407">
        <ele>626</ele>
      </trkpt>
      <trkpt lat="45.88446" lon="6.13404">
        <ele>627</ele>
      </trkpt>
      <trkpt lat="45.8844" lon="6.13402">
        <ele>629</ele>
      </trkpt>
      <trkpt lat="45.88434" lon="6.13399">
        <ele>630</ele>
      </trkpt>
      <trkpt lat="45.88419" lon="6.13396">
        <ele>632</ele>
      </trkpt>
      <trkpt lat="45.88409" lon="6.13399">
        <ele>633</ele>
      </trkpt>
      <trkpt lat="45.88397" lon="6.13399">
        <ele>635</ele>
      </trkpt>
      <trkpt lat="45.88382" lon="6.13394">
        <ele>637</ele>
      </trkpt>
      <trkpt lat="45.8837" lon="6.13383">
        <ele>638</ele>
      </trkpt>
      <trkpt lat="45.88357" lon="6.13365">
        <ele>640</ele>
      </trkpt>
      <trkpt lat="45.88348" lon="6.13353">
        <ele>641</ele>
      </trkpt>
      <trkpt lat="45.88347" lon="6.13352">
        <ele>643</ele>
      </trkpt>
      <trkpt lat="45.88341" lon="6.13338">
        <ele>644</ele>
      </trkpt>
      <trkpt lat="45.88336" lon="6.13325">
        <ele>646</ele>
      </trkpt>
      <trkpt lat="45.88332" lon="6.13317">
        <ele>647</ele>
      </trkpt>
      <trkpt lat="45.88326" lon="6.13305">
        <ele>649</ele>
      </trkpt>
      <trkpt lat="45.88316" lon="6.13289">
        <ele>650</ele>
      </trkpt>
      <trkpt lat="45.88313" lon="6.13284">
        <ele>652</ele>
      </trkpt>
      <trkpt lat="45.88311" lon="6.1328">
        <ele>653</ele>
      </trkpt>
      <trkpt lat="45.88307" lon="6.13273">
        <ele>654</ele>
      </trkpt>
      <trkpt lat="45.88305" lon="6.13269">
        <ele>656</ele>
      </trkpt>
      <trkpt lat="45.88302" lon="6.13262">
        <ele>657</ele>
      </trkpt>
      <trkpt lat="45.88299" lon="6.13257">
        <ele>659</ele>
      </trkpt>
      <trkpt lat="45.88294" lon="6.13243">
        <ele>661</ele>
      </trkpt>
      <trkpt lat="45.88289" lon="6.13227">
        <ele>662</ele>
      </trkpt>
      <trkpt lat="45.88284" lon="6.1321">
        <ele>663</ele>
      </trkpt>
      <trkpt lat="45.88267" lon="6.13213">
        <ele>665</ele>
      </trkpt>
      <trkpt lat="45.88247" lon="6.13216">
        <ele>666</ele>
      </trkpt>
      <trkpt lat="45.88235" lon="6.13221">
        <ele>667</ele>
      </trkpt>
      <trkpt lat="45.88222" lon="6.13226">
        <ele>668</ele>
      </trkpt>
      <trkpt lat="45.88211" lon="6.13234">
        <ele>670</ele>
      </trkpt>
      <trkpt lat="45.88194" lon="6.13245">
        <ele>671</ele>
      </trkpt>
      <trkpt lat="45.88174" lon="6.13259">
        <ele>672</ele>
      </trkpt>
      <trkpt lat="45.88164" lon="6.13267">
        <ele>673</ele>
      </trkpt>
      <trkpt lat="45.88154" lon="6.13274">
        <ele>674</ele>
      </trkpt>
      <trkpt lat="45.88134" lon="6.13285">
        <ele>675</ele>
      </trkpt>
      <trkpt lat="45.88121" lon="6.13288">
        <ele>676</ele>
      </trkpt>
      <trkpt lat="45.88108" lon="6.13291">
        <ele>678</ele>
      </trkpt>
      <trkpt lat="45.88089" lon="6.13292">
        <ele>679</ele>
      </trkpt>
      <trkpt lat="45.88068" lon="6.13291">
        <ele>681</ele>
      </trkpt>
      <trkpt lat="45.88048" lon="6.13294">
        <ele>683</ele>
      </trkpt>
      <trkpt lat="45.88026" lon="6.13301">
        <ele>685</ele>
      </trkpt>
      <trkpt lat="45.88004" lon="6.13301">
        <ele>687</ele>
      </trkpt>
      <trkpt lat="45.87987" lon="6.13299">
        <ele>689</ele>
      </trkpt>
      <trkpt lat="45.87978" lon="6.13281">
        <ele>691</ele>
      </trkpt>
      <trkpt lat="45.87966" lon="6.13269">
        <ele>693</ele>
      </trkpt>
      <trkpt lat="45.87957" lon="6.13261">
        <ele>694</ele>
      </trkpt>
      <trkpt lat="45.87946" lon="6.13256">
        <ele>696</ele>
      </trkpt>
      <trkpt lat="45.87935" lon="6.13249">
        <ele>698</ele>
      </trkpt>
      <trkpt lat="45.87927" lon="6.13236">
        <ele>699</ele>
      </trkpt>
      <trkpt lat="45.87921" lon="6.13219">
        <ele>701</ele>
      </trkpt>
      <trkpt lat="45.87911" lon="6.13196">
        <ele>702</ele>
      </trkpt>
      <trkpt lat="45.879" lon="6.13195">
        <ele>704</ele>
      </trkpt>
      <trkpt lat="45.87886" lon="6.13201">
        <ele>705</ele>
      </trkpt>
      <trkpt lat="45.87879" lon="6.13204">
        <ele>706</ele>
      </trkpt>
      <trkpt lat="45.8787" lon="6.13213">
        <ele>707</ele>
      </trkpt>
      <trkpt lat="45.87861" lon="6.13217">
        <ele>708</ele>
      </trkpt>
      <trkpt lat="45.87851" lon="6.13217">
        <ele>710</ele>
      </trkpt>
      <trkpt lat="45.87838" lon="6.13211">
        <ele>711</ele>
      </trkpt>
      <trkpt lat="45.87822" lon="6.13198">
        <ele>711</ele>
      </trkpt>
      <trkpt lat="45.87808" lon="6.13196">
        <ele>712</ele>
      </trkpt>
      <trkpt lat="45.87794" lon="6.13201">
        <ele>713</ele>
      </trkpt>
      <trkpt lat="45.87785" lon="6.13207">
        <ele>714</ele>
      </trkpt>
      <trkpt lat="45.87779" lon="6.13214">
        <ele>714</ele>
      </trkpt>
      <trkpt lat="45.87773" lon="6.13223">
        <ele>715</ele>
      </trkpt>
      <trkpt lat="45.87763" lon="6.13225">
        <ele>715</ele>
      </trkpt>
      <trkpt lat="45.87746" lon="6.13225">
        <ele>716</ele>
      </trkpt>
      <trkpt lat="45.87734" lon="6.13223">
        <ele>716</ele>
      </trkpt>
      <trkpt lat="45.8772" lon="6.13221">
        <ele>716</ele>
      </trkpt>
      <trkpt lat="45.877" lon="6.13216">
        <ele>716</ele>
      </trkpt>
      <trkpt lat="45.87688" lon="6.13215">
        <ele>716</ele>
      </trkpt>
      <trkpt lat="45.87675" lon="6.13214">
        <ele>716</ele>
      </trkpt>
      <trkpt lat="45.87667" lon="6.13213">
        <ele>716</ele>
      </trkpt>
      <trkpt lat="45.87653" lon="6.13215">
        <ele>716</ele>
      </trkpt>
      <trkpt lat="45.87647" lon="6.13219">
        <ele>716</ele>
      </trkpt>
      <trkpt lat="45.8763" lon="6.13224">
        <ele>716</ele>
      </trkpt>
      <trkpt lat="45.87619" lon="6.13231">
        <ele>716</ele>
      </trkpt>
      <trkpt lat="45.87609" lon="6.13238">
        <ele>716</ele>
      </trkpt>
      <trkpt lat="45.87595" lon="6.13241">
        <ele>716</ele>
      </trkpt>
      <trkpt lat="45.87582" lon="6.13244">
        <ele>717</ele>
      </trkpt>
      <trkpt lat="45.87568" lon="6.1325">
        <ele>717</ele>
      </trkpt>
      <trkpt lat="45.87548" lon="6.13242">
        <ele>718</ele>
      </trkpt>
      <trkpt lat="45.87531" lon="6.13229">
        <ele>718</ele>
      </trkpt>
      <trkpt lat="45.8752" lon="6.13212">
        <ele>719</ele>
      </trkpt>
      <trkpt lat="45.87508" lon="6.13208">
        <ele>720</ele>
      </trkpt>
      <trkpt lat="45.87496" lon="6.13204">
        <ele>721</ele>
      </trkpt>
      <trkpt lat="45.87477" lon="6.13206">
        <ele>721</ele>
      </trkpt>
      <trkpt lat="45.87463" lon="6.1322">
        <ele>722</ele>
      </trkpt>
      <trkpt lat="45.8745" lon="6.13227">
        <ele>723</ele>
      </trkpt>
      <trkpt lat="45.87433" lon="6.13242">
        <ele>723</ele>
      </trkpt>
      <trkpt lat="45.87424" lon="6.13248">
        <ele>723</ele>
      </trkpt>
      <trkpt lat="45.87412" lon="6.13259">
        <ele>723</ele>
      </trkpt>
      <trkpt lat="45.87395" lon="6.13269">
        <ele>723</ele>
      </trkpt>
      <trkpt lat="45.8738" lon="6.13286">
        <ele>722</ele>
      </trkpt>
      <trkpt lat="45.87373" lon="6.13297">
        <ele>721</ele>
      </trkpt>
      <trkpt lat="45.87365" lon="6.13309">
        <ele>720</ele>
      </trkpt>
      <trkpt lat="45.87356" lon="6.13311">
        <ele>720</ele>
      </trkpt>
      <trkpt lat="45.87335" lon="6.13317">
        <ele>719</ele>
      </trkpt>
      <trkpt lat="45.87317" lon="6.13322">
        <ele>718</ele>
      </trkpt>
      <trkpt lat="45.87299" lon="6.13328">
        <ele>718</ele>
      </trkpt>
      <trkpt lat="45.87283" lon="6.13332">
        <ele>717</ele>
      </trkpt>
      <trkpt lat="45.87267" lon="6.13336">
        <ele>717</ele>
      </trkpt>
      <trkpt lat="45.87252" lon="6.13339">
        <ele>717</ele>
      </trkpt>
      <trkpt lat="45.87232" lon="6.13339">
        <ele>717</ele>
      </trkpt>
      <trkpt lat="45.87213" lon="6.13339">
        <ele>718</ele>
      </trkpt>
      <trkpt lat="45.87191" lon="6.13338">
        <ele>719</ele>
      </trkpt>
      <trkpt lat="45.87169" lon="6.13336">
        <ele>721</ele>
      </trkpt>
      <trkpt lat="45.87154" lon="6.13327">
        <ele>722</ele>
      </trkpt>
      <trkpt lat="45.87139" lon="6.13319">
        <ele>724</ele>
      </trkpt>
      <trkpt lat="45.87126" lon="6.13321">
        <ele>726</ele>
      </trkpt>
      <trkpt lat="45.87114" lon="6.13323">
        <ele>728</ele>
      </trkpt>
      <trkpt lat="45.87096" lon="6.13316">
        <ele>730</ele>
      </trkpt>
      <trkpt lat="45.87079" lon="6.13303">
        <ele>733</ele>
      </trkpt>
      <trkpt lat="45.87063" lon="6.13287">
        <ele>735</ele>
      </trkpt>
      <trkpt lat="45.87052" lon="6.13275">
        <ele>738</ele>
      </trkpt>
      <trkpt lat="45.87037" lon="6.13264">
        <ele>740</ele>
      </trkpt>
      <trkpt lat="45.87024" lon="6.13247">
        <ele>743</ele>
      </trkpt>
      <trkpt lat="45.87015" lon="6.13224">
        <ele>745</ele>
      </trkpt>
      <trkpt lat="45.87008" lon="6.13211">
        <ele>748</ele>
      </trkpt>
      <trkpt lat="45.87001" lon="6.13198">
        <ele>750</ele>
      </trkpt>
      <trkpt lat="45.86988" lon="6.13187">
        <ele>752</ele>
      </trkpt>
      <trkpt lat="45.86975" lon="6.13177">
        <ele>754</ele>
      </trkpt>
      <trkpt lat="45.86966" lon="6.13165">
        <ele>756</ele>
      </trkpt>
      <trkpt lat="45.86956" lon="6.13152">
        <ele>758</ele>
      </trkpt>
      <trkpt lat="45.86945" lon="6.13139">
        <ele>760</ele>
      </trkpt>
      <trkpt lat="45.86931" lon="6.13128">
        <ele>762</ele>
      </trkpt>
      <trkpt lat="45.86921" lon="6.1313">
        <ele>763</ele>
      </trkpt>
      <trkpt lat="45.86904" lon="6.13127">
        <ele>764</ele>
      </trkpt>
      <trkpt lat="45.86889" lon="6.1313">
        <ele>765</ele>
      </trkpt>
      <trkpt lat="45.8687" lon="6.13131">
        <ele>766</ele>
      </trkpt>
      <trkpt lat="45.86855" lon="6.13131">
        <ele>766</ele>
      </trkpt>
      <trkpt lat="45.86838" lon="6.13132">
        <ele>767</ele>
      </trkpt>
      <trkpt lat="45.8682" lon="6.13129">
        <ele>767</ele>
      </trkpt>
      <trkpt lat="45.868" lon="6.13126">
        <ele>767</ele>
      </trkpt>
      <trkpt lat="45.86783" lon="6.13125">
        <ele>767</ele>
      </trkpt>
      <trkpt lat="45.86766" lon="6.13135">
        <ele>766</ele>
      </trkpt>
      <trkpt lat="45.86756" lon="6.13146">
        <ele>766</ele>
      </trkpt>
      <trkpt lat="45.8674" lon="6.13157">
        <ele>765</ele>
      </trkpt>
      <trkpt lat="45.86719" lon="6.13163">
        <ele>765</ele>
      </trkpt>
      <trkpt lat="45.86699" lon="6.13168">
        <ele>764</ele>
      </trkpt>
      <trkpt lat="45.86691" lon="6.13174">
        <ele>764</ele>
      </trkpt>
      <trkpt lat="45.86681" lon="6.13175">
        <ele>764</ele>
      </trkpt>
      <trkpt lat="45.86662" lon="6.13176">
        <ele>764</ele>
      </trkpt>
      <trkpt lat="45.86643" lon="6.13171">
        <ele>764</ele>
      </trkpt>
      <trkpt lat="45.8663" lon="6.1317">
        <ele>764</ele>
      </trkpt>
      <trkpt lat="45.86619" lon="6.13173">
        <ele>765</ele>
      </trkpt>
      <trkpt lat="45.86611" lon="6.1317">
        <ele>765</ele>
      </trkpt>
      <trkpt lat="45.86595" lon="6.13163">
        <ele>766</ele>
      </trkpt>
      <trkpt lat="45.8658" lon="6.13149">
        <ele>767</ele>
      </trkpt>
      <trkpt lat="45.86567" lon="6.13141">
        <ele>768</ele>
      </trkpt>
      <trkpt lat="45.86557" lon="6.13136">
        <ele>769</ele>
      </trkpt>
      <trkpt lat="45.86549" lon="6.13133">
        <ele>771</ele>
      </trkpt>
      <trkpt lat="45.86541" lon="6.13134">
        <ele>772</ele>
      </trkpt>
      <trkpt lat="45.86534" lon="6.13138">
        <ele>773</ele>
      </trkpt>
      <trkpt lat="45.86517" lon="6.13138">
        <ele>774</ele>
      </trkpt>
      <trkpt lat="45.865" lon="6.13137">
        <ele>775</ele>
      </trkpt>
      <trkpt lat="45.86485" lon="6.13136">
        <ele>777</ele>
      </trkpt>
      <trkpt lat="45.86465" lon="6.13137">
        <ele>778</ele>
      </trkpt>
      <trkpt lat="45.86446" lon="6.13133">
        <ele>779</ele>
      </trkpt>
      <trkpt lat="45.86433" lon="6.13127">
        <ele>780</ele>
      </trkpt>
      <trkpt lat="45.86421" lon="6.13122">
        <ele>781</ele>
      </trkpt>
      <trkpt lat="45.864" lon="6.13115">
        <ele>782</ele>
      </trkpt>
      <trkpt lat="45.86379" lon="6.13117">
        <ele>783</ele>
      </trkpt>
      <trkpt lat="45.86361" lon="6.13115">
        <ele>784</ele>
      </trkpt>
      <trkpt lat="45.86343" lon="6.13112">
        <ele>784</ele>
      </trkpt>
      <trkpt lat="45.86329" lon="6.13107">
        <ele>785</ele>
      </trkpt>
      <trkpt lat="45.86316" lon="6.13101">
        <ele>785</ele>
      </trkpt>
      <trkpt lat="45.863" lon="6.13102">
        <ele>785</ele>
      </trkpt>
      <trkpt lat="45.86281" lon="6.13104">
        <ele>785</ele>
      </trkpt>
      <trkpt lat="45.86263" lon="6.13112">
        <ele>785</ele>
      </trkpt>
      <trkpt lat="45.86247" lon="6.13117">
        <ele>785</ele>
      </trkpt>
      <trkpt lat="45.86228" lon="6.13116">
        <ele>785</ele>
      </trkpt>
      <trkpt lat="45.86215" lon="6.13112">
        <ele>785</ele>
      </trkpt>
      <trkpt lat="45.86197" lon="6.13106">
        <ele>784</ele>
      </trkpt>
      <trkpt lat="45.86185" lon="6.13107">
        <ele>784</ele>
      </trkpt>
      <trkpt lat="45.86166" lon="6.13109">
        <ele>784</ele>
      </trkpt>
      <trkpt lat="45.8615" lon="6.13111">
        <ele>784</ele>
      </trkpt>
      <trkpt lat="45.86138" lon="6.13114">
        <ele>783</ele>
      </trkpt>
      <trkpt lat="45.86124" lon="6.1312">
        <ele>783</ele>
      </trkpt>
      <trkpt lat="45.86112" lon="6.13125">
        <ele>783</ele>
      </trkpt>
      <trkpt lat="45.86094" lon="6.13127">
        <ele>783</ele>
      </trkpt>
      <trkpt lat="45.86077" lon="6.13129">
        <ele>783</ele>
      </trkpt>
      <trkpt lat="45.8606" lon="6.13135">
        <ele>782</ele>
      </trkpt>
      <trkpt lat="45.86044" lon="6.13137">
        <ele>782</ele>
      </trkpt>
      <trkpt lat="45.86031" lon="6.13138">
        <ele>783</ele>
      </trkpt>
      <trkpt lat="45.86018" lon="6.13135">
        <ele>784</ele>
      </trkpt>
      <trkpt lat="45.86009" lon="6.13133">
        <ele>786</ele>
      </trkpt>
      <trkpt lat="45.85994" lon="6.13127">
        <ele>787</ele>
      </trkpt>
      <trkpt lat="45.85979" lon="6.13121">
        <ele>789</ele>
      </trkpt>
      <trkpt lat="45.85965" lon="6.13111">
        <ele>791</ele>
      </trkpt>
      <trkpt lat="45.85957" lon="6.13103">
        <ele>793</ele>
      </trkpt>
      <trkpt lat="45.85946" lon="6.13097">
        <ele>795</ele>
      </trkpt>
      <trkpt lat="45.85936" lon="6.131">
        <ele>798</ele>
      </trkpt>
      <trkpt lat="45.85926" lon="6.13095">
        <ele>801</ele>
      </trkpt>
      <trkpt lat="45.85911" lon="6.13084">
        <ele>804</ele>
      </trkpt>
      <trkpt lat="45.859" lon="6.13077">
        <ele>806</ele>
      </trkpt>
      <trkpt lat="45.85889" lon="6.1307">
        <ele>808</ele>
      </trkpt>
      <trkpt lat="45.8587" lon="6.13062">
        <ele>810</ele>
      </trkpt>
      <trkpt lat="45.85856" lon="6.13052">
        <ele>812</ele>
      </trkpt>
      <trkpt lat="45.85839" lon="6.1304">
        <ele>813</ele>
      </trkpt>
      <trkpt lat="45.85825" lon="6.13032">
        <ele>815</ele>
      </trkpt>
      <trkpt lat="45.85813" lon="6.13031">
        <ele>816</ele>
      </trkpt>
      <trkpt lat="45.85804" lon="6.13037">
        <ele>816</ele>
      </trkpt>
      <trkpt lat="45.8579" lon="6.13047">
        <ele>817</ele>
      </trkpt>
      <trkpt lat="45.85774" lon="6.1305">
        <ele>817</ele>
      </trkpt>
      <trkpt lat="45.85763" lon="6.13048">
        <ele>817</ele>
      </trkpt>
      <trkpt lat="45.85753" lon="6.13048">
        <ele>818</ele>
      </trkpt>
      <trkpt lat="45.85743" lon="6.13057">
        <ele>818</ele>
      </trkpt>
      <trkpt lat="45.85736" lon="6.13067">
        <ele>818</ele>
      </trkpt>
      <trkpt lat="45.85725" lon="6.13077">
        <ele>818</ele>
      </trkpt>
      <trkpt lat="45.85707" lon="6.13078">
        <ele>818</ele>
      </trkpt>
      <trkpt lat="45.85689" lon="6.13081">
        <ele>819</ele>
      </trkpt>
      <trkpt lat="45.8567" lon="6.13079">
        <ele>819</ele>
      </trkpt>
      <trkpt lat="45.85657" lon="6.13077">
        <ele>820</ele>
      </trkpt>
      <trkpt lat="45.85644" lon="6.13076">
        <ele>821</ele>
      </trkpt>
      <trkpt lat="45.85637" lon="6.13075">
        <ele>822</ele>
      </trkpt>
      <trkpt lat="45.85615" lon="6.13077">
        <ele>824</ele>
      </trkpt>
      <trkpt lat="45.85603" lon="6.13081">
        <ele>825</ele>
      </trkpt>
      <trkpt lat="45.85586" lon="6.13091">
        <ele>827</ele>
      </trkpt>
      <trkpt lat="45.85569" lon="6.13096">
        <ele>829</ele>
      </trkpt>
      <trkpt lat="45.85552" lon="6.13094">
        <ele>831</ele>
      </trkpt>
      <trkpt lat="45.85539" lon="6.13087">
        <ele>833</ele>
      </trkpt>
      <trkpt lat="45.85524" lon="6.1308">
        <ele>836</ele>
      </trkpt>
      <trkpt lat="45.85512" lon="6.13075">
        <ele>838</ele>
      </trkpt>
      <trkpt lat="45.85498" lon="6.13067">
        <ele>841</ele>
      </trkpt>
      <trkpt lat="45.85482" lon="6.13059">
        <ele>843</ele>
      </trkpt>
      <trkpt lat="45.85466" lon="6.13047">
        <ele>846</ele>
      </trkpt>
      <trkpt lat="45.85445" lon="6.13039">
        <ele>849</ele>
      </trkpt>
      <trkpt lat="45.8543" lon="6.13036">
        <ele>851</ele>
      </trkpt>
      <trkpt lat="45.85416" lon="6.13033">
        <ele>854</ele>
      </trkpt>
      <trkpt lat="45.85403" lon="6.13028">
        <ele>856</ele>
      </trkpt>
      <trkpt lat="45.85391" lon="6.13023">
        <ele>858</ele>
      </trkpt>
      <trkpt lat="45.85378" lon="6.13018">
        <ele>860</ele>
      </trkpt>
      <trkpt lat="45.85361" lon="6.13016">
        <ele>862</ele>
      </trkpt>
      <trkpt lat="45.85347" lon="6.13014">
        <ele>864</ele>
      </trkpt>
      <trkpt lat="45.85334" lon="6.13006">
        <ele>865</ele>
      </trkpt>
      <trkpt lat="45.85323" lon="6.12997">
        <ele>867</ele>
      </trkpt>
      <trkpt lat="45.85307" lon="6.12991">
        <ele>868</ele>
      </trkpt>
      <trkpt lat="45.85288" lon="6.12994">
        <ele>869</ele>
      </trkpt>
      <trkpt lat="45.85272" lon="6.12998">
        <ele>870</ele>
      </trkpt>
      <trkpt lat="45.85254" lon="6.12994">
        <ele>872</ele>
      </trkpt>
      <trkpt lat="45.85239" lon="6.12988">
        <ele>873</ele>
      </trkpt>
      <trkpt lat="45.85227" lon="6.12981">
        <ele>874</ele>
      </trkpt>
      <trkpt lat="45.8522" lon="6.12974">
        <ele>874</ele>
      </trkpt>
      <trkpt lat="45.85209" lon="6.12973">
        <ele>875</ele>
      </trkpt>
      <trkpt lat="45.852" lon="6.12976">
        <ele>876</ele>
      </trkpt>
      <trkpt lat="45.8519" lon="6.12981">
        <ele>876</ele>
      </trkpt>
      <trkpt lat="45.8518" lon="6.12979">
        <ele>879</ele>
      </trkpt>
      <trkpt lat="45.85171" lon="6.12972">
        <ele>881</ele>
      </trkpt>
      <trkpt lat="45.85163" lon="6.12971">
        <ele>883</ele>
      </trkpt>
      <trkpt lat="45.85153" lon="6.12971">
        <ele>886</ele>
      </trkpt>
      <trkpt lat="45.85142" lon="6.1297">
        <ele>889</ele>
      </trkpt>
      <trkpt lat="45.8514" lon="6.1295">
        <ele>892</ele>
      </trkpt>
      <trkpt lat="45.85139" lon="6.12931">
        <ele>895</ele>
      </trkpt>
      <trkpt lat="45.85139" lon="6.12911">
        <ele>899</ele>
      </trkpt>
      <trkpt lat="45.85138" lon="6.12891">
        <ele>903</ele>
      </trkpt>
      <trkpt lat="45.8514" lon="6.1286">
        <ele>908</ele>
      </trkpt>
      <trkpt lat="45.85144" lon="6.1283">
        <ele>912</ele>
      </trkpt>
      <trkpt lat="45.85148" lon="6.12809">
        <ele>915</ele>
      </trkpt>
      <trkpt lat="45.8515" lon="6.12791">
        <ele>918</ele>
      </trkpt>
      <trkpt lat="45.85158" lon="6.12765">
        <ele>922</ele>
      </trkpt>
      <trkpt lat="45.85166" lon="6.12737">
        <ele>925</ele>
      </trkpt>
      <trkpt lat="45.85167" lon="6.12721">
        <ele>927</ele>
      </trkpt>
      <trkpt lat="45.85166" lon="6.12707">
        <ele>930</ele>
      </trkpt>
      <trkpt lat="45.85163" lon="6.12691">
        <ele>932</ele>
      </trkpt>
      <trkpt lat="45.85159" lon="6.12675">
        <ele>935</ele>
      </trkpt>
      <trkpt lat="45.85156" lon="6.12665">
        <ele>937</ele>
      </trkpt>
      <trkpt lat="45.85155" lon="6.1265">
        <ele>939</ele>
      </trkpt>
      <trkpt lat="45.85156" lon="6.12636">
        <ele>940</ele>
      </trkpt>
      <trkpt lat="45.85159" lon="6.12621">
        <ele>942</ele>
      </trkpt>
      <trkpt lat="45.85157" lon="6.12605">
        <ele>943</ele>
      </trkpt>
      <trkpt lat="45.85155" lon="6.12586">
        <ele>945</ele>
      </trkpt>
      <trkpt lat="45.85151" lon="6.12564">
        <ele>946</ele>
      </trkpt>
      <trkpt lat="45.85151" lon="6.12564">
        <ele>947</ele>
      </trkpt>
      <trkpt lat="45.85144" lon="6.12542">
        <ele>949</ele>
      </trkpt>
      <trkpt lat="45.85133" lon="6.12529">
        <ele>950</ele>
      </trkpt>
      <trkpt lat="45.85123" lon="6.12516">
        <ele>952</ele>
      </trkpt>
      <trkpt lat="45.85115" lon="6.125">
        <ele>953</ele>
      </trkpt>
      <trkpt lat="45.85106" lon="6.12484">
        <ele>954</ele>
      </trkpt>
      <trkpt lat="45.851" lon="6.12467">
        <ele>956</ele>
      </trkpt>
      <trkpt lat="45.85097" lon="6.12447">
        <ele>958</ele>
      </trkpt>
      <trkpt lat="45.85093" lon="6.12428">
        <ele>959</ele>
      </trkpt>
      <trkpt lat="45.85086" lon="6.12406">
        <ele>961</ele>
      </trkpt>
      <trkpt lat="45.85078" lon="6.12384">
        <ele>962</ele>
      </trkpt>
      <trkpt lat="45.85071" lon="6.12365">
        <ele>964</ele>
      </trkpt>
      <trkpt lat="45.85063" lon="6.12345">
        <ele>966</ele>
      </trkpt>
      <trkpt lat="45.85053" lon="6.12326">
        <ele>967</ele>
      </trkpt>
      <trkpt lat="45.85043" lon="6.12307">
        <ele>969</ele>
      </trkpt>
      <trkpt lat="45.85037" lon="6.12292">
        <ele>970</ele>
      </trkpt>
      <trkpt lat="45.85031" lon="6.12277">
        <ele>971</ele>
      </trkpt>
      <trkpt lat="45.85023" lon="6.12261">
        <ele>972</ele>
      </trkpt>
      <trkpt lat="45.85015" lon="6.12244">
        <ele>973</ele>
      </trkpt>
      <trkpt lat="45.85011" lon="6.12228">
        <ele>973</ele>
      </trkpt>
      <trkpt lat="45.85008" lon="6.12211">
        <ele>974</ele>
      </trkpt>
      <trkpt lat="45.85006" lon="6.1219">
        <ele>974</ele>
      </trkpt>
      <trkpt lat="45.85005" lon="6.12168">
        <ele>973</ele>
      </trkpt>
      <trkpt lat="45.85005" lon="6.1215">
        <ele>972</ele>
      </trkpt>
      <trkpt lat="45.85005" lon="6.12132">
        <ele>971</ele>
      </trkpt>
      <trkpt lat="45.85" lon="6.12108">
        <ele>970</ele>
      </trkpt>
      <trkpt lat="45.84995" lon="6.12084">
        <ele>968</ele>
      </trkpt>
      <trkpt lat="45.84999" lon="6.1206">
        <ele>966</ele>
      </trkpt>
      <trkpt lat="45.85005" lon="6.12045">
        <ele>964</ele>
      </trkpt>
      <trkpt lat="45.85011" lon="6.12029">
        <ele>962</ele>
      </trkpt>
      <trkpt lat="45.8502" lon="6.12011">
        <ele>959</ele>
      </trkpt>
      <trkpt lat="45.85033" lon="6.11993">
        <ele>957</ele>
      </trkpt>
      <trkpt lat="45.85038" lon="6.11986">
        <ele>954</ele>
      </trkpt>
      <trkpt lat="45.85042" lon="6.11976">
        <ele>952</ele>
      </trkpt>
      <trkpt lat="45.85042" lon="6.11964">
        <ele>949</ele>
      </trkpt>
      <trkpt lat="45.85044" lon="6.11934">
        <ele>947</ele>
      </trkpt>
      <trkpt lat="45.85049" lon="6.11913">
        <ele>945</ele>
      </trkpt>
      <trkpt lat="45.85056" lon="6.11889">
        <ele>942</ele>
      </trkpt>
      <trkpt lat="45.85062" lon="6.11869">
        <ele>941</ele>
      </trkpt>
      <trkpt lat="45.85069" lon="6.11854">
        <ele>939</ele>
      </trkpt>
      <trkpt lat="45.85074" lon="6.11837">
        <ele>937</ele>
      </trkpt>
      <trkpt lat="45.85077" lon="6.11828">
        <ele>936</ele>
      </trkpt>
      <trkpt lat="45.85078" lon="6.11812">
        <ele>935</ele>
      </trkpt>
      <trkpt lat="45.85079" lon="6.11808">
        <ele>934</ele>
      </trkpt>
      <trkpt lat="45.85067" lon="6.11797">
        <ele>934</ele>
      </trkpt>
      <trkpt lat="45.85056" lon="6.11787">
        <ele>933</ele>
      </trkpt>
      <trkpt lat="45.85042" lon="6.11774">
        <ele>933</ele>
      </trkpt>
      <trkpt lat="45.85026" lon="6.11763">
        <ele>933</ele>
      </trkpt>
      <trkpt lat="45.85012" lon="6.11764">
        <ele>933</ele>
      </trkpt>
      <trkpt lat="45.85" lon="6.11762">
        <ele>934</ele>
      </trkpt>
      <trkpt lat="45.8499" lon="6.11759">
        <ele>935</ele>
      </trkpt>
      <trkpt lat="45.8498" lon="6.11755">
        <ele>936</ele>
      </trkpt>
      <trkpt lat="45.84966" lon="6.11751">
        <ele>937</ele>
      </trkpt>
      <trkpt lat="45.84957" lon="6.11752">
        <ele>938</ele>
      </trkpt>
      <trkpt lat="45.84947" lon="6.11749">
        <ele>939</ele>
      </trkpt>
      <trkpt lat="45.84943" lon="6.11761">
        <ele>940</ele>
      </trkpt>
      <trkpt lat="45.84938" lon="6.11765">
        <ele>941</ele>
      </trkpt>
      <trkpt lat="45.84933" lon="6.11764">
        <ele>942</ele>
      </trkpt>
      <trkpt lat="45.84926" lon="6.11759">
        <ele>943</ele>
      </trkpt>
      <trkpt lat="45.84921" lon="6.11752">
        <ele>944</ele>
      </trkpt>
      <trkpt lat="45.84917" lon="6.1174">
        <ele>945</ele>
      </trkpt>
      <trkpt lat="45.84917" lon="6.11721">
        <ele>946</ele>
      </trkpt>
      <trkpt lat="45.84917" lon="6.11701">
        <ele>946</ele>
      </trkpt>
      <trkpt lat="45.84916" lon="6.1168">
        <ele>947</ele>
      </trkpt>
      <trkpt lat="45.84914" lon="6.11669">
        <ele>947</ele>
      </trkpt>
      <trkpt lat="45.84914" lon="6.11666">
        <ele>948</ele>
      </trkpt>
      <trkpt lat="45.84906" lon="6.11648">
        <ele>949</ele>
      </trkpt>
      <trkpt lat="45.84896" lon="6.11628">
        <ele>950</ele>
      </trkpt>
      <trkpt lat="45.84887" lon="6.11614">
        <ele>951</ele>
      </trkpt>
      <trkpt lat="45.84875" lon="6.116">
        <ele>952</ele>
      </trkpt>
      <trkpt lat="45.84868" lon="6.11592">
        <ele>953</ele>
      </trkpt>
      <trkpt lat="45.84851" lon="6.11577">
        <ele>954</ele>
      </trkpt>
      <trkpt lat="45.84837" lon="6.11564">
        <ele>955</ele>
      </trkpt>
      <trkpt lat="45.84826" lon="6.11552">
        <ele>956</ele>
      </trkpt>
      <trkpt lat="45.84813" lon="6.11531">
        <ele>957</ele>
      </trkpt>
      <trkpt lat="45.848" lon="6.11511">
        <ele>958</ele>
      </trkpt>
      <trkpt lat="45.84788" lon="6.11497">
        <ele>959</ele>
      </trkpt>
      <trkpt lat="45.84781" lon="6.11493">
        <ele>960</ele>
      </trkpt>
      <trkpt lat="45.84775" lon="6.1149">
        <ele>960</ele>
      </trkpt>
      <trkpt lat="45.84768" lon="6.11491">
        <ele>961</ele>
      </trkpt>
      <trkpt lat="45.84761" lon="6.11496">
        <ele>962</ele>
      </trkpt>
      <trkpt lat="45.84759" lon="6.11497">
        <ele>962</ele>
      </trkpt>
      <trkpt lat="45.84754" lon="6.11496">
        <ele>963</ele>
      </trkpt>
      <trkpt lat="45.8475" lon="6.11493">
        <ele>964</ele>
      </trkpt>
      <trkpt lat="45.84747" lon="6.11487">
        <ele>965</ele>
      </trkpt>
      <trkpt lat="45.84742" lon="6.11484">
        <ele>966</ele>
      </trkpt>
      <trkpt lat="45.84736" lon="6.11485">
        <ele>967</ele>
      </trkpt>
      <trkpt lat="45.84727" lon="6.11489">
        <ele>968</ele>
      </trkpt>
      <trkpt lat="45.84721" lon="6.11496">
        <ele>969</ele>
      </trkpt>
      <trkpt lat="45.8472" lon="6.11509">
        <ele>970</ele>
      </trkpt>
      <trkpt lat="45.84716" lon="6.1152">
        <ele>972</ele>
      </trkpt>
      <trkpt lat="45.8471" lon="6.11532">
        <ele>973</ele>
      </trkpt>
      <trkpt lat="45.84703" lon="6.11538">
        <ele>974</ele>
      </trkpt>
      <trkpt lat="45.84697" lon="6.11539">
        <ele>975</ele>
      </trkpt>
      <trkpt lat="45.84687" lon="6.11538">
        <ele>976</ele>
      </trkpt>
      <trkpt lat="45.84671" lon="6.11531">
        <ele>977</ele>
      </trkpt>
      <trkpt lat="45.84659" lon="6.11521">
        <ele>978</ele>
      </trkpt>
      <trkpt lat="45.84652" lon="6.11513">
        <ele>979</ele>
      </trkpt>
      <trkpt lat="45.84643" lon="6.11501">
        <ele>980</ele>
      </trkpt>
      <trkpt lat="45.84632" lon="6.11485">
        <ele>981</ele>
      </trkpt>
      <trkpt lat="45.84623" lon="6.11477">
        <ele>981</ele>
      </trkpt>
      <trkpt lat="45.8461" lon="6.11469">
        <ele>982</ele>
      </trkpt>
      <trkpt lat="45.84593" lon="6.11463">
        <ele>983</ele>
      </trkpt>
      <trkpt lat="45.84574" lon="6.11457">
        <ele>984</ele>
      </trkpt>
      <trkpt lat="45.84552" lon="6.11454">
        <ele>985</ele>
      </trkpt>
      <trkpt lat="45.84544" lon="6.11453">
        <ele>986</ele>
      </trkpt>
      <trkpt lat="45.84538" lon="6.1145">
        <ele>987</ele>
      </trkpt>
      <trkpt lat="45.84529" lon="6.11442">
        <ele>988</ele>
      </trkpt>
      <trkpt lat="45.84517" lon="6.11427">
        <ele>989</ele>
      </trkpt>
      <trkpt lat="45.84509" lon="6.1142">
        <ele>991</ele>
      </trkpt>
      <trkpt lat="45.84501" lon="6.11416">
        <ele>992</ele>
      </trkpt>
      <trkpt lat="45.84493" lon="6.11413">
        <ele>993</ele>
      </trkpt>
      <trkpt lat="45.84488" lon="6.11411">
        <ele>995</ele>
      </trkpt>
      <trkpt lat="45.84469" lon="6.11407">
        <ele>996</ele>
      </trkpt>
      <trkpt lat="45.84456" lon="6.11403">
        <ele>997</ele>
      </trkpt>
      <trkpt lat="45.84442" lon="6.11396">
        <ele>999</ele>
      </trkpt>
      <trkpt lat="45.84425" lon="6.11382">
        <ele>1000</ele>
      </trkpt>
      <trkpt lat="45.84413" lon="6.11371">
        <ele>1001</ele>
      </trkpt>
      <trkpt lat="45.84402" lon="6.11359">
        <ele>1002</ele>
      </trkpt>
      <trkpt lat="45.8439" lon="6.11349">
        <ele>1004</ele>
      </trkpt>
      <trkpt lat="45.84379" lon="6.11336">
        <ele>1005</ele>
      </trkpt>
      <trkpt lat="45.8437" lon="6.11329">
        <ele>1006</ele>
      </trkpt>
      <trkpt lat="45.84361" lon="6.11322">
        <ele>1006</ele>
      </trkpt>
      <trkpt lat="45.84356" lon="6.11316">
        <ele>1007</ele>
      </trkpt>
      <trkpt lat="45.8435" lon="6.11303">
        <ele>1008</ele>
      </trkpt>
      <trkpt lat="45.84343" lon="6.11287">
        <ele>1008</ele>
      </trkpt>
      <trkpt lat="45.84339" lon="6.1128">
        <ele>1008</ele>
      </trkpt>
      <trkpt lat="45.84334" lon="6.11275">
        <ele>1009</ele>
      </trkpt>
      <trkpt lat="45.84329" lon="6.11274">
        <ele>1009</ele>
      </trkpt>
      <trkpt lat="45.84323" lon="6.11275">
        <ele>1010</ele>
      </trkpt>
      <trkpt lat="45.84318" lon="6.11278">
        <ele>1010</ele>
      </trkpt>
      <trkpt lat="45.84317" lon="6.11281">
        <ele>1010</ele>
      </trkpt>
      <trkpt lat="45.84309" lon="6.11274">
        <ele>1011</ele>
      </trkpt>
      <trkpt lat="45.843" lon="6.11266">
        <ele>1011</ele>
      </trkpt>
      <trkpt lat="45.84294" lon="6.1126">
        <ele>1012</ele>
      </trkpt>
      <trkpt lat="45.84291" lon="6.11252">
        <ele>1013</ele>
      </trkpt>
      <trkpt lat="45.84287" lon="6.11239">
        <ele>1014</ele>
      </trkpt>
      <trkpt lat="45.84281" lon="6.1123">
        <ele>1015</ele>
      </trkpt>
      <trkpt lat="45.84275" lon="6.11228">
        <ele>1016</ele>
      </trkpt>
      <trkpt lat="45.84266" lon="6.11226">
        <ele>1016</ele>
      </trkpt>
      <trkpt lat="45.84253" lon="6.11223">
        <ele>1017</ele>
      </trkpt>
      <trkpt lat="45.84241" lon="6.1122">
        <ele>1019</ele>
      </trkpt>
      <trkpt lat="45.84227" lon="6.11215">
        <ele>1020</ele>
      </trkpt>
      <trkpt lat="45.84218" lon="6.11213">
        <ele>1021</ele>
      </trkpt>
      <trkpt lat="45.84208" lon="6.11209">
        <ele>1023</ele>
      </trkpt>
      <trkpt lat="45.84199" lon="6.11205">
        <ele>1025</ele>
      </trkpt>
      <trkpt lat="45.84193" lon="6.11203">
        <ele>1027</ele>
      </trkpt>
      <trkpt lat="45.84185" lon="6.11204">
        <ele>1028</ele>
      </trkpt>
      <trkpt lat="45.84181" lon="6.11201">
        <ele>1029</ele>
      </trkpt>
      <trkpt lat="45.84177" lon="6.11193">
        <ele>1031</ele>
      </trkpt>
      <trkpt lat="45.84171" lon="6.11185">
        <ele>1032</ele>
      </trkpt>
      <trkpt lat="45.84165" lon="6.11179">
        <ele>1034</ele>
      </trkpt>
      <trkpt lat="45.84157" lon="6.11176">
        <ele>1037</ele>
      </trkpt>
      <trkpt lat="45.84149" lon="6.11175">
        <ele>1039</ele>
      </trkpt>
      <trkpt lat="45.8414" lon="6.11176">
        <ele>1040</ele>
      </trkpt>
      <trkpt lat="45.84129" lon="6.11177">
        <ele>1042</ele>
      </trkpt>
      <trkpt lat="45.8412" lon="6.11178">
        <ele>1043</ele>
      </trkpt>
      <trkpt lat="45.84112" lon="6.11173">
        <ele>1045</ele>
      </trkpt>
      <trkpt lat="45.841" lon="6.1116">
        <ele>1046</ele>
      </trkpt>
      <trkpt lat="45.84092" lon="6.11155">
        <ele>1048</ele>
      </trkpt>
      <trkpt lat="45.84081" lon="6.11149">
        <ele>1049</ele>
      </trkpt>
      <trkpt lat="45.84077" lon="6.11145">
        <ele>1051</ele>
      </trkpt>
      <trkpt lat="45.84071" lon="6.11137">
        <ele>1052</ele>
      </trkpt>
      <trkpt lat="45.84066" lon="6.11128">
        <ele>1052</ele>
      </trkpt>
      <trkpt lat="45.84062" lon="6.1112">
        <ele>1053</ele>
      </trkpt>
      <trkpt lat="45.84057" lon="6.11115">
        <ele>1054</ele>
      </trkpt>
      <trkpt lat="45.84053" lon="6.11112">
        <ele>1055</ele>
      </trkpt>
      <trkpt lat="45.84047" lon="6.1111">
        <ele>1056</ele>
      </trkpt>
      <trkpt lat="45.84037" lon="6.11105">
        <ele>1057</ele>
      </trkpt>
      <trkpt lat="45.84027" lon="6.11101">
        <ele>1058</ele>
      </trkpt>
      <trkpt lat="45.84018" lon="6.11098">
        <ele>1060</ele>
      </trkpt>
      <trkpt lat="45.84005" lon="6.11089">
        <ele>1061</ele>
      </trkpt>
      <trkpt lat="45.83994" lon="6.11082">
        <ele>1063</ele>
      </trkpt>
      <trkpt lat="45.83984" lon="6.11075">
        <ele>1064</ele>
      </trkpt>
      <trkpt lat="45.83975" lon="6.11071">
        <ele>1066</ele>
      </trkpt>
      <trkpt lat="45.83967" lon="6.11066">
        <ele>1067</ele>
      </trkpt>
      <trkpt lat="45.83961" lon="6.11066">
        <ele>1068</ele>
      </trkpt>
      <trkpt lat="45.83953" lon="6.11065">
        <ele>1070</ele>
      </trkpt>
      <trkpt lat="45.83947" lon="6.11065">
        <ele>1071</ele>
      </trkpt>
      <trkpt lat="45.8394" lon="6.11064">
        <ele>1072</ele>
      </trkpt>
      <trkpt lat="45.83935" lon="6.11058">
        <ele>1073</ele>
      </trkpt>
      <trkpt lat="45.83932" lon="6.11048">
        <ele>1074</ele>
      </trkpt>
      <trkpt lat="45.83929" lon="6.11035">
        <ele>1075</ele>
      </trkpt>
      <trkpt lat="45.83924" lon="6.11026">
        <ele>1076</ele>
      </trkpt>
      <trkpt lat="45.83923" lon="6.11019">
        <ele>1077</ele>
      </trkpt>
      <trkpt lat="45.83912" lon="6.11005">
        <ele>1078</ele>
      </trkpt>
      <trkpt lat="45.83899" lon="6.10988">
        <ele>1079</ele>
      </trkpt>
      <trkpt lat="45.83892" lon="6.10983">
        <ele>1081</ele>
      </trkpt>
      <trkpt lat="45.83872" lon="6.10973">
        <ele>1082</ele>
      </trkpt>
      <trkpt lat="45.83852" lon="6.10964">
        <ele>1084</ele>
      </trkpt>
      <trkpt lat="45.83833" lon="6.10956">
        <ele>1086</ele>
      </trkpt>
      <trkpt lat="45.83822" lon="6.10955">
        <ele>1088</ele>
      </trkpt>
      <trkpt lat="45.83813" lon="6.10958">
        <ele>1090</ele>
      </trkpt>
      <trkpt lat="45.83803" lon="6.10961">
        <ele>1093</ele>
      </trkpt>
      <trkpt lat="45.83791" lon="6.10954">
        <ele>1095</ele>
      </trkpt>
      <trkpt lat="45.83779" lon="6.10952">
        <ele>1097</ele>
      </trkpt>
      <trkpt lat="45.83757" lon="6.10943">
        <ele>1100</ele>
      </trkpt>
      <trkpt lat="45.83738" lon="6.10938">
        <ele>1102</ele>
      </trkpt>
      <trkpt lat="45.8373" lon="6.10926">
        <ele>1104</ele>
      </trkpt>
      <trkpt lat="45.83721" lon="6.10916">
        <ele>1106</ele>
      </trkpt>
      <trkpt lat="45.83714" lon="6.10913">
        <ele>1108</ele>
      </trkpt>
      <trkpt lat="45.83708" lon="6.10914">
        <ele>1110</ele>
      </trkpt>
      <trkpt lat="45.83698" lon="6.10923">
        <ele>1112</ele>
      </trkpt>
      <trkpt lat="45.83693" lon="6.10927">
        <ele>1114</ele>
      </trkpt>
      <trkpt lat="45.83685" lon="6.10927">
        <ele>1116</ele>
      </trkpt>
      <trkpt lat="45.83678" lon="6.10922">
        <ele>1117</ele>
      </trkpt>
      <trkpt lat="45.83666" lon="6.10903">
        <ele>1119</ele>
      </trkpt>
      <trkpt lat="45.83653" lon="6.10897">
        <ele>1120</ele>
      </trkpt>
      <trkpt lat="45.83641" lon="6.10897">
        <ele>1121</ele>
      </trkpt>
      <trkpt lat="45.83634" lon="6.10894">
        <ele>1122</ele>
      </trkpt>
      <trkpt lat="45.83631" lon="6.10894">
        <ele>1123</ele>
      </trkpt>
      <trkpt lat="45.8363" lon="6.10894">
        <ele>1124</ele>
      </trkpt>
      <trkpt lat="45.83629" lon="6.10893">
        <ele>1125</ele>
      </trkpt>
      <trkpt lat="45.83626" lon="6.10886">
        <ele>1126</ele>
      </trkpt>
      <trkpt lat="45.83622" lon="6.10879">
        <ele>1127</ele>
      </trkpt>
      <trkpt lat="45.83618" lon="6.10872">
        <ele>1128</ele>
      </trkpt>
      <trkpt lat="45.83611" lon="6.10869">
        <ele>1129</ele>
      </trkpt>
      <trkpt lat="45.83605" lon="6.10863">
        <ele>1130</ele>
      </trkpt>
      <trkpt lat="45.83596" lon="6.10863">
        <ele>1131</ele>
      </trkpt>
      <trkpt lat="45.83586" lon="6.10862">
        <ele>1133</ele>
      </trkpt>
      <trkpt lat="45.83582" lon="6.1086">
        <ele>1134</ele>
      </trkpt>
      <trkpt lat="45.83578" lon="6.10862">
        <ele>1135</ele>
      </trkpt>
      <trkpt lat="45.83575" lon="6.10867">
        <ele>1137</ele>
      </trkpt>
      <trkpt lat="45.83567" lon="6.10879">
        <ele>1139</ele>
      </trkpt>
      <trkpt lat="45.83562" lon="6.10891">
        <ele>1140</ele>
      </trkpt>
      <trkpt lat="45.83558" lon="6.10903">
        <ele>1142</ele>
      </trkpt>
      <trkpt lat="45.83556" lon="6.10906">
        <ele>1143</ele>
      </trkpt>
      <trkpt lat="45.83555" lon="6.10909">
        <ele>1144</ele>
      </trkpt>
      <trkpt lat="45.83554" lon="6.10912">
        <ele>1145</ele>
      </trkpt>
      <trkpt lat="45.83552" lon="6.10913">
        <ele>1146</ele>
      </trkpt>
      <trkpt lat="45.8355" lon="6.10914">
        <ele>1147</ele>
      </trkpt>
      <trkpt lat="45.83548" lon="6.10914">
        <ele>1148</ele>
      </trkpt>
      <trkpt lat="45.83546" lon="6.10915">
        <ele>1148</ele>
      </trkpt>
      <trkpt lat="45.83544" lon="6.10914">
        <ele>1149</ele>
      </trkpt>
      <trkpt lat="45.83542" lon="6.10913">
        <ele>1149</ele>
      </trkpt>
      <trkpt lat="45.8354" lon="6.1091">
        <ele>1149</ele>
      </trkpt>
      <trkpt lat="45.83539" lon="6.10907">
        <ele>1149</ele>
      </trkpt>
      <trkpt lat="45.83536" lon="6.10902">
        <ele>1150</ele>
      </trkpt>
      <trkpt lat="45.83531" lon="6.10891">
        <ele>1150</ele>
      </trkpt>
      <trkpt lat="45.83528" lon="6.10887">
        <ele>1150</ele>
      </trkpt>
      <trkpt lat="45.83527" lon="6.10886">
        <ele>1150</ele>
      </trkpt>
      <trkpt lat="45.83526" lon="6.10886">
        <ele>1151</ele>
      </trkpt>
      <trkpt lat="45.83525" lon="6.10885">
        <ele>1151</ele>
      </trkpt>
      <trkpt lat="45.83523" lon="6.10885">
        <ele>1151</ele>
      </trkpt>
      <trkpt lat="45.83522" lon="6.10886">
        <ele>1151</ele>
      </trkpt>
      <trkpt lat="45.8352" lon="6.10887">
        <ele>1152</ele>
      </trkpt>
      <trkpt lat="45.83519" lon="6.10888">
        <ele>1152</ele>
      </trkpt>
      <trkpt lat="45.83517" lon="6.1089">
        <ele>1152</ele>
      </trkpt>
      <trkpt lat="45.83515" lon="6.10891">
        <ele>1153</ele>
      </trkpt>
      <trkpt lat="45.83513" lon="6.10891">
        <ele>1153</ele>
      </trkpt>
      <trkpt lat="45.83512" lon="6.10891">
        <ele>1153</ele>
      </trkpt>
      <trkpt lat="45.8351" lon="6.10891">
        <ele>1153</ele>
      </trkpt>
      <trkpt lat="45.83509" lon="6.1089">
        <ele>1153</ele>
      </trkpt>
      <trkpt lat="45.83508" lon="6.10889">
        <ele>1153</ele>
      </trkpt>
      <trkpt lat="45.83507" lon="6.10887">
        <ele>1153</ele>
      </trkpt>
      <trkpt lat="45.83507" lon="6.10885">
        <ele>1153</ele>
      </trkpt>
      <trkpt lat="45.83506" lon="6.10882">
        <ele>1153</ele>
      </trkpt>
      <trkpt lat="45.83506" lon="6.10878">
        <ele>1153</ele>
      </trkpt>
      <trkpt lat="45.83506" lon="6.10876">
        <ele>1153</ele>
      </trkpt>
      <trkpt lat="45.83506" lon="6.10873">
        <ele>1153</ele>
      </trkpt>
      <trkpt lat="45.83505" lon="6.10872">
        <ele>1154</ele>
      </trkpt>
      <trkpt lat="45.83504" lon="6.1087">
        <ele>1154</ele>
      </trkpt>
      <trkpt lat="45.83502" lon="6.10868">
        <ele>1154</ele>
      </trkpt>
      <trkpt lat="45.835" lon="6.10867">
        <ele>1155</ele>
      </trkpt>
      <trkpt lat="45.83498" lon="6.10867">
        <ele>1155</ele>
      </trkpt>
      <trkpt lat="45.83494" lon="6.10866">
        <ele>1156</ele>
      </trkpt>
      <trkpt lat="45.83486" lon="6.10865">
        <ele>1157</ele>
      </trkpt>
      <trkpt lat="45.83475" lon="6.10866">
        <ele>1158</ele>
      </trkpt>
      <trkpt lat="45.83471" lon="6.10866">
        <ele>1160</ele>
      </trkpt>
      <trkpt lat="45.8347" lon="6.10865">
        <ele>1161</ele>
      </trkpt>
      <trkpt lat="45.83468" lon="6.10878">
        <ele>1163</ele>
      </trkpt>
      <trkpt lat="45.83476" lon="6.10893">
        <ele>1165</ele>
      </trkpt>
      <trkpt lat="45.83483" lon="6.10914">
        <ele>1167</ele>
      </trkpt>
      <trkpt lat="45.83486" lon="6.1093">
        <ele>1170</ele>
      </trkpt>
      <trkpt lat="45.83489" lon="6.10946">
        <ele>1173</ele>
      </trkpt>
      <trkpt lat="45.83482" lon="6.10964">
        <ele>1176</ele>
      </trkpt>
      <trkpt lat="45.83476" lon="6.10983">
        <ele>1179</ele>
      </trkpt>
      <trkpt lat="45.83468" lon="6.10995">
        <ele>1183</ele>
      </trkpt>
      <trkpt lat="45.8345" lon="6.10996">
        <ele>1187</ele>
      </trkpt>
      <trkpt lat="45.83433" lon="6.10996">
        <ele>1191</ele>
      </trkpt>
      <trkpt lat="45.83421" lon="6.10998">
        <ele>1195</ele>
      </trkpt>
      <trkpt lat="45.83408" lon="6.11">
        <ele>1199</ele>
      </trkpt>
      <trkpt lat="45.83394" lon="6.11019">
        <ele>1203</ele>
      </trkpt>
      <trkpt lat="45.83379" lon="6.11037">
        <ele>1207</ele>
      </trkpt>
      <trkpt lat="45.83369" lon="6.11059">
        <ele>1211</ele>
      </trkpt>
      <trkpt lat="45.83358" lon="6.11081">
        <ele>1214</ele>
      </trkpt>
      <trkpt lat="45.83352" lon="6.111">
        <ele>1217</ele>
      </trkpt>
      <trkpt lat="45.83347" lon="6.11119">
        <ele>1219</ele>
      </trkpt>
      <trkpt lat="45.83347" lon="6.11115">
        <ele>1221</ele>
      </trkpt>
      <trkpt lat="45.83347" lon="6.11111">
        <ele>1222</ele>
      </trkpt>
      <trkpt lat="45.83348" lon="6.11106">
        <ele>1223</ele>
      </trkpt>
      <trkpt lat="45.83349" lon="6.11102">
        <ele>1224</ele>
      </trkpt>
      <trkpt lat="45.8335" lon="6.11097">
        <ele>1224</ele>
      </trkpt>
      <trkpt lat="45.83353" lon="6.11087">
        <ele>1224</ele>
      </trkpt>
      <trkpt lat="45.83354" lon="6.11083">
        <ele>1224</ele>
      </trkpt>
      <trkpt lat="45.83354" lon="6.11079">
        <ele>1224</ele>
      </trkpt>
      <trkpt lat="45.83355" lon="6.11076">
        <ele>1223</ele>
      </trkpt>
      <trkpt lat="45.83355" lon="6.1107">
        <ele>1223</ele>
      </trkpt>
      <trkpt lat="45.83356" lon="6.11067">
        <ele>1222</ele>
      </trkpt>
      <trkpt lat="45.83356" lon="6.11063">
        <ele>1222</ele>
      </trkpt>
      <trkpt lat="45.83355" lon="6.11059">
        <ele>1221</ele>
      </trkpt>
      <trkpt lat="45.83355" lon="6.11056">
        <ele>1221</ele>
      </trkpt>
      <trkpt lat="45.83354" lon="6.11052">
        <ele>1220</ele>
      </trkpt>
      <trkpt lat="45.8335" lon="6.11044">
        <ele>1220</ele>
      </trkpt>
      <trkpt lat="45.83346" lon="6.11038">
        <ele>1219</ele>
      </trkpt>
      <trkpt lat="45.83342" lon="6.11028">
        <ele>1219</ele>
      </trkpt>
      <trkpt lat="45.83339" lon="6.11021">
        <ele>1219</ele>
      </trkpt>
      <trkpt lat="45.83338" lon="6.11017">
        <ele>1219</ele>
      </trkpt>
      <trkpt lat="45.83337" lon="6.11013">
        <ele>1218</ele>
      </trkpt>
      <trkpt lat="45.83336" lon="6.1101">
        <ele>1218</ele>
      </trkpt>
      <trkpt lat="45.83335" lon="6.11008">
        <ele>1218</ele>
      </trkpt>
      <trkpt lat="45.83334" lon="6.11007">
        <ele>1219</ele>
      </trkpt>
      <trkpt lat="45.83332" lon="6.11006">
        <ele>1219</ele>
      </trkpt>
      <trkpt lat="45.8333" lon="6.11006">
        <ele>1219</ele>
      </trkpt>
      <trkpt lat="45.83328" lon="6.11006">
        <ele>1220</ele>
      </trkpt>
      <trkpt lat="45.83324" lon="6.11008">
        <ele>1220</ele>
      </trkpt>
      <trkpt lat="45.83321" lon="6.1101">
        <ele>1221</ele>
      </trkpt>
      <trkpt lat="45.83318" lon="6.11011">
        <ele>1221</ele>
      </trkpt>
      <trkpt lat="45.83316" lon="6.11011">
        <ele>1222</ele>
      </trkpt>
      <trkpt lat="45.83314" lon="6.11011">
        <ele>1222</ele>
      </trkpt>
      <trkpt lat="45.83313" lon="6.11011">
        <ele>1223</ele>
      </trkpt>
      <trkpt lat="45.83312" lon="6.11013">
        <ele>1224</ele>
      </trkpt>
      <trkpt lat="45.8331" lon="6.11015">
        <ele>1224</ele>
      </trkpt>
      <trkpt lat="45.83309" lon="6.11018">
        <ele>1225</ele>
      </trkpt>
      <trkpt lat="45.83309" lon="6.11021">
        <ele>1226</ele>
      </trkpt>
      <trkpt lat="45.83309" lon="6.11025">
        <ele>1226</ele>
      </trkpt>
      <trkpt lat="45.83309" lon="6.1103">
        <ele>1227</ele>
      </trkpt>
      <trkpt lat="45.83309" lon="6.11034">
        <ele>1228</ele>
      </trkpt>
      <trkpt lat="45.83308" lon="6.11037">
        <ele>1229</ele>
      </trkpt>
      <trkpt lat="45.83306" lon="6.11042">
        <ele>1229</ele>
      </trkpt>
      <trkpt lat="45.83302" lon="6.11051">
        <ele>1230</ele>
      </trkpt>
      <trkpt lat="45.83299" lon="6.11058">
        <ele>1231</ele>
      </trkpt>
      <trkpt lat="45.83298" lon="6.11061">
        <ele>1232</ele>
      </trkpt>
      <trkpt lat="45.83297" lon="6.11064">
        <ele>1232</ele>
      </trkpt>
      <trkpt lat="45.83296" lon="6.11065">
        <ele>1233</ele>
      </trkpt>
      <trkpt lat="45.83295" lon="6.11066">
        <ele>1233</ele>
      </trkpt>
      <trkpt lat="45.83294" lon="6.11066">
        <ele>1234</ele>
      </trkpt>
      <trkpt lat="45.83293" lon="6.11066">
        <ele>1234</ele>
      </trkpt>
      <trkpt lat="45.83291" lon="6.11064">
        <ele>1234</ele>
      </trkpt>
      <trkpt lat="45.83291" lon="6.11061">
        <ele>1234</ele>
      </trkpt>
      <trkpt lat="45.8329" lon="6.11057">
        <ele>1235</ele>
      </trkpt>
      <trkpt lat="45.8329" lon="6.11054">
        <ele>1235</ele>
      </trkpt>
      <trkpt lat="45.8329" lon="6.11051">
        <ele>1235</ele>
      </trkpt>
      <trkpt lat="45.83289" lon="6.11049">
        <ele>1235</ele>
      </trkpt>
      <trkpt lat="45.83287" lon="6.11047">
        <ele>1235</ele>
      </trkpt>
      <trkpt lat="45.83286" lon="6.11045">
        <ele>1236</ele>
      </trkpt>
      <trkpt lat="45.83284" lon="6.11043">
        <ele>1236</ele>
      </trkpt>
      <trkpt lat="45.83282" lon="6.11042">
        <ele>1236</ele>
      </trkpt>
      <trkpt lat="45.83281" lon="6.11041">
        <ele>1237</ele>
      </trkpt>
      <trkpt lat="45.83277" lon="6.11037">
        <ele>1238</ele>
      </trkpt>
      <trkpt lat="45.83274" lon="6.11035">
        <ele>1238</ele>
      </trkpt>
      <trkpt lat="45.83269" lon="6.11033">
        <ele>1240</ele>
      </trkpt>
      <trkpt lat="45.83267" lon="6.11033">
        <ele>1241</ele>
      </trkpt>
      <trkpt lat="45.83264" lon="6.11035">
        <ele>1242</ele>
      </trkpt>
      <trkpt lat="45.83261" lon="6.11037">
        <ele>1244</ele>
      </trkpt>
      <trkpt lat="45.83259" lon="6.11041">
        <ele>1246</ele>
      </trkpt>
      <trkpt lat="45.8325" lon="6.11051">
        <ele>1248</ele>
      </trkpt>
      <trkpt lat="45.83238" lon="6.11067">
        <ele>1250</ele>
      </trkpt>
      <trkpt lat="45.83226" lon="6.11076">
        <ele>1251</ele>
      </trkpt>
      <trkpt lat="45.8322" lon="6.11085">
        <ele>1253</ele>
      </trkpt>
      <trkpt lat="45.83208" lon="6.111">
        <ele>1255</ele>
      </trkpt>
      <trkpt lat="45.83198" lon="6.11115">
        <ele>1257</ele>
      </trkpt>
      <trkpt lat="45.83194" lon="6.11121">
        <ele>1258</ele>
      </trkpt>
      <trkpt lat="45.83189" lon="6.11131">
        <ele>1260</ele>
      </trkpt>
      <trkpt lat="45.83188" lon="6.11136">
        <ele>1261</ele>
      </trkpt>
      <trkpt lat="45.83186" lon="6.11143">
        <ele>1262</ele>
      </trkpt>
      <trkpt lat="45.83186" lon="6.11148">
        <ele>1262</ele>
      </trkpt>
      <trkpt lat="45.83185" lon="6.11161">
        <ele>1263</ele>
      </trkpt>
      <trkpt lat="45.83185" lon="6.11167">
        <ele>1263</ele>
      </trkpt>
      <trkpt lat="45.83183" lon="6.11169">
        <ele>1264</ele>
      </trkpt>
      <trkpt lat="45.83182" lon="6.11172">
        <ele>1264</ele>
      </trkpt>
      <trkpt lat="45.83178" lon="6.11192">
        <ele>1265</ele>
      </trkpt>
      <trkpt lat="45.83174" lon="6.11205">
        <ele>1266</ele>
      </trkpt>
      <trkpt lat="45.83171" lon="6.11214">
        <ele>1266</ele>
      </trkpt>
      <trkpt lat="45.83167" lon="6.11219">
        <ele>1267</ele>
      </trkpt>
      <trkpt lat="45.83162" lon="6.11215">
        <ele>1268</ele>
      </trkpt>
      <trkpt lat="45.83158" lon="6.11208">
        <ele>1269</ele>
      </trkpt>
      <trkpt lat="45.83154" lon="6.11194">
        <ele>1270</ele>
      </trkpt>
      <trkpt lat="45.83149" lon="6.11183">
        <ele>1271</ele>
      </trkpt>
      <trkpt lat="45.83145" lon="6.11179">
        <ele>1273</ele>
      </trkpt>
      <trkpt lat="45.83137" lon="6.11177">
        <ele>1274</ele>
      </trkpt>
      <trkpt lat="45.8313" lon="6.11187">
        <ele>1275</ele>
      </trkpt>
      <trkpt lat="45.83115" lon="6.11209">
        <ele>1276</ele>
      </trkpt>
      <trkpt lat="45.83105" lon="6.11226">
        <ele>1278</ele>
      </trkpt>
      <trkpt lat="45.83095" lon="6.11242">
        <ele>1279</ele>
      </trkpt>
      <trkpt lat="45.83082" lon="6.11257">
        <ele>1280</ele>
      </trkpt>
      <trkpt lat="45.8307" lon="6.11272">
        <ele>1282</ele>
      </trkpt>
      <trkpt lat="45.83061" lon="6.11286">
        <ele>1283</ele>
      </trkpt>
      <trkpt lat="45.83048" lon="6.11302">
        <ele>1285</ele>
      </trkpt>
      <trkpt lat="45.83038" lon="6.11305">
        <ele>1286</ele>
      </trkpt>
      <trkpt lat="45.83028" lon="6.11299">
        <ele>1287</ele>
      </trkpt>
      <trkpt lat="45.83022" lon="6.1129">
        <ele>1289</ele>
      </trkpt>
      <trkpt lat="45.83019" lon="6.11279">
        <ele>1290</ele>
      </trkpt>
      <trkpt lat="45.83015" lon="6.11266">
        <ele>1292</ele>
      </trkpt>
      <trkpt lat="45.83011" lon="6.11252">
        <ele>1293</ele>
      </trkpt>
      <trkpt lat="45.83003" lon="6.11245">
        <ele>1294</ele>
      </trkpt>
      <trkpt lat="45.82996" lon="6.11241">
        <ele>1295</ele>
      </trkpt>
      <trkpt lat="45.82989" lon="6.11241">
        <ele>1296</ele>
      </trkpt>
      <trkpt lat="45.82983" lon="6.11241">
        <ele>1297</ele>
      </trkpt>
      <trkpt lat="45.82981" lon="6.11239">
        <ele>1298</ele>
      </trkpt>
      <trkpt lat="45.82979" lon="6.11233">
        <ele>1299</ele>
      </trkpt>
      <trkpt lat="45.82979" lon="6.11228">
        <ele>1300</ele>
      </trkpt>
      <trkpt lat="45.82977" lon="6.1122">
        <ele>1301</ele>
      </trkpt>
      <trkpt lat="45.82975" lon="6.11207">
        <ele>1302</ele>
      </trkpt>
      <trkpt lat="45.82972" lon="6.11202">
        <ele>1303</ele>
      </trkpt>
      <trkpt lat="45.82971" lon="6.112">
        <ele>1304</ele>
      </trkpt>
      <trkpt lat="45.82967" lon="6.11193">
        <ele>1305</ele>
      </trkpt>
      <trkpt lat="45.82962" lon="6.11182">
        <ele>1306</ele>
      </trkpt>
      <trkpt lat="45.82955" lon="6.11168">
        <ele>1306</ele>
      </trkpt>
      <trkpt lat="45.82948" lon="6.11153">
        <ele>1307</ele>
      </trkpt>
      <trkpt lat="45.82942" lon="6.11134">
        <ele>1308</ele>
      </trkpt>
      <trkpt lat="45.82939" lon="6.11117">
        <ele>1309</ele>
      </trkpt>
      <trkpt lat="45.82936" lon="6.11108">
        <ele>1310</ele>
      </trkpt>
      <trkpt lat="45.82935" lon="6.11104">
        <ele>1310</ele>
      </trkpt>
      <trkpt lat="45.82934" lon="6.111">
        <ele>1311</ele>
      </trkpt>
      <trkpt lat="45.8293" lon="6.11097">
        <ele>1312</ele>
      </trkpt>
      <trkpt lat="45.82926" lon="6.11094">
        <ele>1312</ele>
      </trkpt>
      <trkpt lat="45.82921" lon="6.11094">
        <ele>1313</ele>
      </trkpt>
      <trkpt lat="45.82917" lon="6.11095">
        <ele>1313</ele>
      </trkpt>
      <trkpt lat="45.82913" lon="6.11096">
        <ele>1314</ele>
      </trkpt>
      <trkpt lat="45.82909" lon="6.11097">
        <ele>1314</ele>
      </trkpt>
      <trkpt lat="45.82906" lon="6.11099">
        <ele>1315</ele>
      </trkpt>
      <trkpt lat="45.82904" lon="6.11101">
        <ele>1315</ele>
      </trkpt>
      <trkpt lat="45.82902" lon="6.11104">
        <ele>1315</ele>
      </trkpt>
      <trkpt lat="45.829" lon="6.11107">
        <ele>1316</ele>
      </trkpt>
      <trkpt lat="45.82897" lon="6.11112">
        <ele>1316</ele>
      </trkpt>
      <trkpt lat="45.82895" lon="6.11116">
        <ele>1317</ele>
      </trkpt>
      <trkpt lat="45.82894" lon="6.11118">
        <ele>1317</ele>
      </trkpt>
      <trkpt lat="45.82892" lon="6.1112">
        <ele>1317</ele>
      </trkpt>
      <trkpt lat="45.8289" lon="6.1112">
        <ele>1318</ele>
      </trkpt>
      <trkpt lat="45.82888" lon="6.11119">
        <ele>1318</ele>
      </trkpt>
      <trkpt lat="45.82885" lon="6.1112">
        <ele>1318</ele>
      </trkpt>
      <trkpt lat="45.82884" lon="6.11122">
        <ele>1319</ele>
      </trkpt>
      <trkpt lat="45.82881" lon="6.11133">
        <ele>1319</ele>
      </trkpt>
      <trkpt lat="45.82877" lon="6.11143">
        <ele>1319</ele>
      </trkpt>
      <trkpt lat="45.82873" lon="6.11153">
        <ele>1320</ele>
      </trkpt>
      <trkpt lat="45.82871" lon="6.11157">
        <ele>1320</ele>
      </trkpt>
      <trkpt lat="45.82868" lon="6.11162">
        <ele>1320</ele>
      </trkpt>
      <trkpt lat="45.82866" lon="6.11165">
        <ele>1321</ele>
      </trkpt>
      <trkpt lat="45.82864" lon="6.11167">
        <ele>1321</ele>
      </trkpt>
      <trkpt lat="45.82861" lon="6.11168">
        <ele>1322</ele>
      </trkpt>
      <trkpt lat="45.82857" lon="6.11169">
        <ele>1322</ele>
      </trkpt>
      <trkpt lat="45.82854" lon="6.11169">
        <ele>1322</ele>
      </trkpt>
      <trkpt lat="45.82848" lon="6.11167">
        <ele>1323</ele>
      </trkpt>
      <trkpt lat="45.82845" lon="6.11165">
        <ele>1323</ele>
      </trkpt>
      <trkpt lat="45.82842" lon="6.11163">
        <ele>1324</ele>
      </trkpt>
      <trkpt lat="45.82839" lon="6.11159">
        <ele>1324</ele>
      </trkpt>
      <trkpt lat="45.82837" lon="6.11156">
        <ele>1325</ele>
      </trkpt>
      <trkpt lat="45.82834" lon="6.11154">
        <ele>1325</ele>
      </trkpt>
      <trkpt lat="45.82829" lon="6.11147">
        <ele>1326</ele>
      </trkpt>
      <trkpt lat="45.82825" lon="6.11134">
        <ele>1326</ele>
      </trkpt>
      <trkpt lat="45.82825" lon="6.11121">
        <ele>1326</ele>
      </trkpt>
      <trkpt lat="45.82825" lon="6.11104">
        <ele>1327</ele>
      </trkpt>
      <trkpt lat="45.82822" lon="6.11096">
        <ele>1327</ele>
      </trkpt>
      <trkpt lat="45.82819" lon="6.11087">
        <ele>1328</ele>
      </trkpt>
      <trkpt lat="45.82816" lon="6.11078">
        <ele>1328</ele>
      </trkpt>
      <trkpt lat="45.8281" lon="6.11065">
        <ele>1328</ele>
      </trkpt>
      <trkpt lat="45.82804" lon="6.11055">
        <ele>1329</ele>
      </trkpt>
      <trkpt lat="45.82799" lon="6.11045">
        <ele>1329</ele>
      </trkpt>
      <trkpt lat="45.82795" lon="6.11038">
        <ele>1329</ele>
      </trkpt>
      <trkpt lat="45.82792" lon="6.11032">
        <ele>1330</ele>
      </trkpt>
      <trkpt lat="45.8279" lon="6.11029">
        <ele>1330</ele>
      </trkpt>
      <trkpt lat="45.82789" lon="6.11025">
        <ele>1330</ele>
      </trkpt>
      <trkpt lat="45.82786" lon="6.11023">
        <ele>1331</ele>
      </trkpt>
      <trkpt lat="45.82783" lon="6.11022">
        <ele>1331</ele>
      </trkpt>
      <trkpt lat="45.8278" lon="6.11021">
        <ele>1331</ele>
      </trkpt>
      <trkpt lat="45.82776" lon="6.11021">
        <ele>1332</ele>
      </trkpt>
      <trkpt lat="45.82773" lon="6.1102">
        <ele>1332</ele>
      </trkpt>
      <trkpt lat="45.8277" lon="6.11019">
        <ele>1332</ele>
      </trkpt>
      <trkpt lat="45.82767" lon="6.11018">
        <ele>1333</ele>
      </trkpt>
      <trkpt lat="45.82764" lon="6.11017">
        <ele>1333</ele>
      </trkpt>
      <trkpt lat="45.82764" lon="6.11017">
        <ele>1333</ele>
      </trkpt>
      <trkpt lat="45.82762" lon="6.11017">
        <ele>1334</ele>
      </trkpt>
      <trkpt lat="45.82759" lon="6.1102">
        <ele>1334</ele>
      </trkpt>
      <trkpt lat="45.82757" lon="6.11023">
        <ele>1335</ele>
      </trkpt>
      <trkpt lat="45.82755" lon="6.11027">
        <ele>1335</ele>
      </trkpt>
      <trkpt lat="45.82752" lon="6.11031">
        <ele>1336</ele>
      </trkpt>
      <trkpt lat="45.8275" lon="6.11035">
        <ele>1337</ele>
      </trkpt>
      <trkpt lat="45.82748" lon="6.11043">
        <ele>1337</ele>
      </trkpt>
      <trkpt lat="45.82738" lon="6.11069">
        <ele>1338</ele>
      </trkpt>
      <trkpt lat="45.82729" lon="6.11091">
        <ele>1339</ele>
      </trkpt>
      <trkpt lat="45.82719" lon="6.11108">
        <ele>1340</ele>
      </trkpt>
      <trkpt lat="45.8271" lon="6.11126">
        <ele>1341</ele>
      </trkpt>
      <trkpt lat="45.827" lon="6.11144">
        <ele>1342</ele>
      </trkpt>
      <trkpt lat="45.82691" lon="6.11154">
        <ele>1343</ele>
      </trkpt>
      <trkpt lat="45.82683" lon="6.11165">
        <ele>1344</ele>
      </trkpt>
      <trkpt lat="45.82672" lon="6.11174">
        <ele>1344</ele>
      </trkpt>
      <trkpt lat="45.82661" lon="6.11183">
        <ele>1345</ele>
      </trkpt>
      <trkpt lat="45.82641" lon="6.11193">
        <ele>1346</ele>
      </trkpt>
      <trkpt lat="45.82628" lon="6.11212">
        <ele>1347</ele>
      </trkpt>
      <trkpt lat="45.82615" lon="6.11228">
        <ele>1347</ele>
      </trkpt>
      <trkpt lat="45.82604" lon="6.11254">
        <ele>1348</ele>
      </trkpt>
      <trkpt lat="45.82598" lon="6.11284">
        <ele>1349</ele>
      </trkpt>
      <trkpt lat="45.82589" lon="6.11309">
        <ele>1349</ele>
      </trkpt>
      <trkpt lat="45.82575" lon="6.11332">
        <ele>1350</ele>
      </trkpt>
      <trkpt lat="45.82562" lon="6.11338">
        <ele>1351</ele>
      </trkpt>
      <trkpt lat="45.82549" lon="6.11345">
        <ele>1352</ele>
      </trkpt>
      <trkpt lat="45.82528" lon="6.11352">
        <ele>1353</ele>
      </trkpt>
      <trkpt lat="45.8251" lon="6.11358">
        <ele>1353</ele>
      </trkpt>
      <trkpt lat="45.82496" lon="6.11359">
        <ele>1354</ele>
      </trkpt>
      <trkpt lat="45.82479" lon="6.11371">
        <ele>1355</ele>
      </trkpt>
      <trkpt lat="45.8247" lon="6.11392">
        <ele>1356</ele>
      </trkpt>
      <trkpt lat="45.82456" lon="6.11398">
        <ele>1356</ele>
      </trkpt>
      <trkpt lat="45.82437" lon="6.11396">
        <ele>1357</ele>
      </trkpt>
      <trkpt lat="45.82416" lon="6.11389">
        <ele>1358</ele>
      </trkpt>
      <trkpt lat="45.82405" lon="6.11386">
        <ele>1359</ele>
      </trkpt>
      <trkpt lat="45.82394" lon="6.11382">
        <ele>1359</ele>
      </trkpt>
      <trkpt lat="45.82382" lon="6.11374">
        <ele>1360</ele>
      </trkpt>
      <trkpt lat="45.82369" lon="6.11363">
        <ele>1360</ele>
      </trkpt>
      <trkpt lat="45.82355" lon="6.11357">
        <ele>1360</ele>
      </trkpt>
      <trkpt lat="45.82339" lon="6.11354">
        <ele>1360</ele>
      </trkpt>
      <trkpt lat="45.82326" lon="6.11346">
        <ele>1361</ele>
      </trkpt>
      <trkpt lat="45.82323" lon="6.11334">
        <ele>1361</ele>
      </trkpt>
      <trkpt lat="45.82326" lon="6.11323">
        <ele>1361</ele>
      </trkpt>
      <trkpt lat="45.82328" lon="6.11305">
        <ele>1361</ele>
      </trkpt>
      <trkpt lat="45.82324" lon="6.11293">
        <ele>1361</ele>
      </trkpt>
      <trkpt lat="45.82317" lon="6.11286">
        <ele>1360</ele>
      </trkpt>
      <trkpt lat="45.82307" lon="6.11289">
        <ele>1360</ele>
      </trkpt>
      <trkpt lat="45.82296" lon="6.11304">
        <ele>1360</ele>
      </trkpt>
      <trkpt lat="45.82288" lon="6.11324">
        <ele>1359</ele>
      </trkpt>
      <trkpt lat="45.82286" lon="6.11345">
        <ele>1359</ele>
      </trkpt>
      <trkpt lat="45.82287" lon="6.11367">
        <ele>1358</ele>
      </trkpt>
      <trkpt lat="45.82289" lon="6.11395">
        <ele>1358</ele>
      </trkpt>
      <trkpt lat="45.82281" lon="6.11417">
        <ele>1357</ele>
      </trkpt>
      <trkpt lat="45.82269" lon="6.11429">
        <ele>1357</ele>
      </trkpt>
      <trkpt lat="45.82256" lon="6.11428">
        <ele>1356</ele>
      </trkpt>
      <trkpt lat="45.82246" lon="6.11416">
        <ele>1356</ele>
      </trkpt>
      <trkpt lat="45.82237" lon="6.1139">
        <ele>1355</ele>
      </trkpt>
      <trkpt lat="45.8223" lon="6.11368">
        <ele>1355</ele>
      </trkpt>
      <trkpt lat="45.82225" lon="6.1135">
        <ele>1355</ele>
      </trkpt>
      <trkpt lat="45.82219" lon="6.11332">
        <ele>1354</ele>
      </trkpt>
      <trkpt lat="45.82211" lon="6.11337">
        <ele>1354</ele>
      </trkpt>
      <trkpt lat="45.82206" lon="6.1135">
        <ele>1354</ele>
      </trkpt>
      <trkpt lat="45.82196" lon="6.11369">
        <ele>1353</ele>
      </trkpt>
      <trkpt lat="45.82188" lon="6.11385">
        <ele>1353</ele>
      </trkpt>
      <trkpt lat="45.82189" lon="6.1139">
        <ele>1353</ele>
      </trkpt>
      <trkpt lat="45.82189" lon="6.11393">
        <ele>1352</ele>
      </trkpt>
      <trkpt lat="45.82189" lon="6.11398">
        <ele>1352</ele>
      </trkpt>
      <trkpt lat="45.82188" lon="6.11404">
        <ele>1352</ele>
      </trkpt>
      <trkpt lat="45.82188" lon="6.11409">
        <ele>1352</ele>
      </trkpt>
      <trkpt lat="45.82188" lon="6.11413">
        <ele>1351</ele>
      </trkpt>
      <trkpt lat="45.82188" lon="6.11418">
        <ele>1351</ele>
      </trkpt>
      <trkpt lat="45.82188" lon="6.11422">
        <ele>1351</ele>
      </trkpt>
      <trkpt lat="45.82189" lon="6.11426">
        <ele>1351</ele>
      </trkpt>
      <trkpt lat="45.82189" lon="6.1143">
        <ele>1351</ele>
      </trkpt>
      <trkpt lat="45.8219" lon="6.11433">
        <ele>1350</ele>
      </trkpt>
      <trkpt lat="45.82191" lon="6.11438">
        <ele>1350</ele>
      </trkpt>
      <trkpt lat="45.82192" lon="6.1144">
        <ele>1350</ele>
      </trkpt>
      <trkpt lat="45.82192" lon="6.11444">
        <ele>1350</ele>
      </trkpt>
      <trkpt lat="45.82192" lon="6.11447">
        <ele>1350</ele>
      </trkpt>
      <trkpt lat="45.8219" lon="6.1145">
        <ele>1349</ele>
      </trkpt>
      <trkpt lat="45.82185" lon="6.1146">
        <ele>1349</ele>
      </trkpt>
      <trkpt lat="45.82182" lon="6.11471">
        <ele>1349</ele>
      </trkpt>
      <trkpt lat="45.8218" lon="6.11475">
        <ele>1348</ele>
      </trkpt>
      <trkpt lat="45.82179" lon="6.11478">
        <ele>1348</ele>
      </trkpt>
      <trkpt lat="45.82178" lon="6.11481">
        <ele>1348</ele>
      </trkpt>
      <trkpt lat="45.82178" lon="6.11484">
        <ele>1347</ele>
      </trkpt>
      <trkpt lat="45.82177" lon="6.11487">
        <ele>1347</ele>
      </trkpt>
      <trkpt lat="45.82176" lon="6.11492">
        <ele>1347</ele>
      </trkpt>
      <trkpt lat="45.82176" lon="6.11495">
        <ele>1347</ele>
      </trkpt>
      <trkpt lat="45.82176" lon="6.115">
        <ele>1346</ele>
      </trkpt>
      <trkpt lat="45.82176" lon="6.11503">
        <ele>1346</ele>
      </trkpt>
      <trkpt lat="45.82176" lon="6.11508">
        <ele>1346</ele>
      </trkpt>
      <trkpt lat="45.82177" lon="6.11512">
        <ele>1346</ele>
      </trkpt>
      <trkpt lat="45.82178" lon="6.11519">
        <ele>1345</ele>
      </trkpt>
      <trkpt lat="45.82179" lon="6.11523">
        <ele>1345</ele>
      </trkpt>
      <trkpt lat="45.82179" lon="6.11529">
        <ele>1345</ele>
      </trkpt>
      <trkpt lat="45.8218" lon="6.11533">
        <ele>1345</ele>
      </trkpt>
      <trkpt lat="45.82181" lon="6.11543">
        <ele>1345</ele>
      </trkpt>
      <trkpt lat="45.82182" lon="6.11558">
        <ele>1344</ele>
      </trkpt>
      <trkpt lat="45.82182" lon="6.11568">
        <ele>1344</ele>
      </trkpt>
      <trkpt lat="45.82183" lon="6.11578">
        <ele>1344</ele>
      </trkpt>
      <trkpt lat="45.82183" lon="6.11581">
        <ele>1344</ele>
      </trkpt>
      <trkpt lat="45.82178" lon="6.11587">
        <ele>1344</ele>
      </trkpt>
      <trkpt lat="45.82175" lon="6.11591">
        <ele>1344</ele>
      </trkpt>
      <trkpt lat="45.82173" lon="6.11592">
        <ele>1344</ele>
      </trkpt>
      <trkpt lat="45.82169" lon="6.11591">
        <ele>1344</ele>
      </trkpt>
      <trkpt lat="45.82165" lon="6.11588">
        <ele>1344</ele>
      </trkpt>
      <trkpt lat="45.82163" lon="6.11584">
        <ele>1344</ele>
      </trkpt>
      <trkpt lat="45.8216" lon="6.11579">
        <ele>1344</ele>
      </trkpt>
      <trkpt lat="45.82157" lon="6.11574">
        <ele>1344</ele>
      </trkpt>
      <trkpt lat="45.82154" lon="6.1157">
        <ele>1344</ele>
      </trkpt>
      <trkpt lat="45.82152" lon="6.11567">
        <ele>1344</ele>
      </trkpt>
      <trkpt lat="45.8215" lon="6.11563">
        <ele>1344</ele>
      </trkpt>
      <trkpt lat="45.82147" lon="6.11559">
        <ele>1344</ele>
      </trkpt>
      <trkpt lat="45.82144" lon="6.11557">
        <ele>1344</ele>
      </trkpt>
      <trkpt lat="45.8214" lon="6.11554">
        <ele>1344</ele>
      </trkpt>
      <trkpt lat="45.82136" lon="6.11552">
        <ele>1344</ele>
      </trkpt>
      <trkpt lat="45.8213" lon="6.1155">
        <ele>1344</ele>
      </trkpt>
      <trkpt lat="45.82126" lon="6.11547">
        <ele>1344</ele>
      </trkpt>
      <trkpt lat="45.82122" lon="6.11545">
        <ele>1344</ele>
      </trkpt>
      <trkpt lat="45.82119" lon="6.11543">
        <ele>1344</ele>
      </trkpt>
      <trkpt lat="45.82116" lon="6.11541">
        <ele>1344</ele>
      </trkpt>
      <trkpt lat="45.82113" lon="6.11539">
        <ele>1344</ele>
      </trkpt>
      <trkpt lat="45.8211" lon="6.11538">
        <ele>1344</ele>
      </trkpt>
      <trkpt lat="45.82108" lon="6.11536">
        <ele>1344</ele>
      </trkpt>
      <trkpt lat="45.82105" lon="6.11533">
        <ele>1344</ele>
      </trkpt>
      <trkpt lat="45.82103" lon="6.11529">
        <ele>1344</ele>
      </trkpt>
      <trkpt lat="45.82101" lon="6.11525">
        <ele>1344</ele>
      </trkpt>
      <trkpt lat="45.82099" lon="6.11521">
        <ele>1344</ele>
      </trkpt>
      <trkpt lat="45.82097" lon="6.11517">
        <ele>1344</ele>
      </trkpt>
      <trkpt lat="45.82095" lon="6.11513">
        <ele>1344</ele>
      </trkpt>
      <trkpt lat="45.82092" lon="6.1151">
        <ele>1344</ele>
      </trkpt>
      <trkpt lat="45.8209" lon="6.11507">
        <ele>1344</ele>
      </trkpt>
      <trkpt lat="45.82088" lon="6.11503">
        <ele>1344</ele>
      </trkpt>
      <trkpt lat="45.82085" lon="6.11501">
        <ele>1344</ele>
      </trkpt>
      <trkpt lat="45.82083" lon="6.11498">
        <ele>1344</ele>
      </trkpt>
      <trkpt lat="45.8208" lon="6.11496">
        <ele>1344</ele>
      </trkpt>
      <trkpt lat="45.82075" lon="6.11492">
        <ele>1344</ele>
      </trkpt>
      <trkpt lat="45.82066" lon="6.11488">
        <ele>1344</ele>
      </trkpt>
      <trkpt lat="45.82057" lon="6.11484">
        <ele>1344</ele>
      </trkpt>
      <trkpt lat="45.82055" lon="6.11483">
        <ele>1344</ele>
      </trkpt>
      <trkpt lat="45.82053" lon="6.11482">
        <ele>1344</ele>
      </trkpt>
      <trkpt lat="45.82051" lon="6.11481">
        <ele>1345</ele>
      </trkpt>
      <trkpt lat="45.8205" lon="6.11479">
        <ele>1345</ele>
      </trkpt>
      <trkpt lat="45.82048" lon="6.11475">
        <ele>1345</ele>
      </trkpt>
      <trkpt lat="45.82048" lon="6.1147">
        <ele>1345</ele>
      </trkpt>
      <trkpt lat="45.82047" lon="6.11465">
        <ele>1345</ele>
      </trkpt>
      <trkpt lat="45.82046" lon="6.11457">
        <ele>1345</ele>
      </trkpt>
      <trkpt lat="45.82045" lon="6.11454">
        <ele>1345</ele>
      </trkpt>
      <trkpt lat="45.82045" lon="6.11451">
        <ele>1345</ele>
      </trkpt>
      <trkpt lat="45.82043" lon="6.11446">
        <ele>1345</ele>
      </trkpt>
      <trkpt lat="45.82041" lon="6.11444">
        <ele>1346</ele>
      </trkpt>
      <trkpt lat="45.82037" lon="6.11434">
        <ele>1346</ele>
      </trkpt>
      <trkpt lat="45.82031" lon="6.11419">
        <ele>1346</ele>
      </trkpt>
      <trkpt lat="45.82029" lon="6.11414">
        <ele>1346</ele>
      </trkpt>
      <trkpt lat="45.82028" lon="6.11409">
        <ele>1347</ele>
      </trkpt>
      <trkpt lat="45.82026" lon="6.11403">
        <ele>1347</ele>
      </trkpt>
      <trkpt lat="45.82024" lon="6.11399">
        <ele>1347</ele>
      </trkpt>
      <trkpt lat="45.82023" lon="6.11396">
        <ele>1347</ele>
      </trkpt>
      <trkpt lat="45.82021" lon="6.11394">
        <ele>1348</ele>
      </trkpt>
      <trkpt lat="45.8202" lon="6.11392">
        <ele>1348</ele>
      </trkpt>
      <trkpt lat="45.82015" lon="6.11387">
        <ele>1348</ele>
      </trkpt>
      <trkpt lat="45.82012" lon="6.11386">
        <ele>1349</ele>
      </trkpt>
      <trkpt lat="45.8201" lon="6.11386">
        <ele>1349</ele>
      </trkpt>
      <trkpt lat="45.82007" lon="6.11387">
        <ele>1350</ele>
      </trkpt>
      <trkpt lat="45.82003" lon="6.11388">
        <ele>1350</ele>
      </trkpt>
      <trkpt lat="45.81999" lon="6.11391">
        <ele>1350</ele>
      </trkpt>
      <trkpt lat="45.81993" lon="6.11396">
        <ele>1351</ele>
      </trkpt>
      <trkpt lat="45.81988" lon="6.11403">
        <ele>1351</ele>
      </trkpt>
      <trkpt lat="45.81984" lon="6.11409">
        <ele>1352</ele>
      </trkpt>
      <trkpt lat="45.81979" lon="6.1142">
        <ele>1352</ele>
      </trkpt>
      <trkpt lat="45.81974" lon="6.11436">
        <ele>1352</ele>
      </trkpt>
      <trkpt lat="45.81968" lon="6.11454">
        <ele>1353</ele>
      </trkpt>
      <trkpt lat="45.81964" lon="6.11465">
        <ele>1353</ele>
      </trkpt>
      <trkpt lat="45.81963" lon="6.1147">
        <ele>1353</ele>
      </trkpt>
      <trkpt lat="45.81963" lon="6.11473">
        <ele>1353</ele>
      </trkpt>
      <trkpt lat="45.81963" lon="6.11477">
        <ele>1353</ele>
      </trkpt>
      <trkpt lat="45.81963" lon="6.11481">
        <ele>1353</ele>
      </trkpt>
      <trkpt lat="45.81965" lon="6.11489">
        <ele>1353</ele>
      </trkpt>
      <trkpt lat="45.81966" lon="6.11497">
        <ele>1353</ele>
      </trkpt>
      <trkpt lat="45.81966" lon="6.11505">
        <ele>1353</ele>
      </trkpt>
      <trkpt lat="45.81964" lon="6.11514">
        <ele>1353</ele>
      </trkpt>
      <trkpt lat="45.81962" lon="6.11527">
        <ele>1353</ele>
      </trkpt>
      <trkpt lat="45.81957" lon="6.11549">
        <ele>1352</ele>
      </trkpt>
      <trkpt lat="45.81956" lon="6.11553">
        <ele>1352</ele>
      </trkpt>
      <trkpt lat="45.81954" lon="6.11556">
        <ele>1353</ele>
      </trkpt>
      <trkpt lat="45.81953" lon="6.11559">
        <ele>1353</ele>
      </trkpt>
      <trkpt lat="45.81952" lon="6.11562">
        <ele>1353</ele>
      </trkpt>
      <trkpt lat="45.8195" lon="6.11563">
        <ele>1353</ele>
      </trkpt>
      <trkpt lat="45.81948" lon="6.11566">
        <ele>1354</ele>
      </trkpt>
      <trkpt lat="45.81944" lon="6.11567">
        <ele>1355</ele>
      </trkpt>
      <trkpt lat="45.81941" lon="6.11568">
        <ele>1355</ele>
      </trkpt>
      <trkpt lat="45.81933" lon="6.11568">
        <ele>1356</ele>
      </trkpt>
      <trkpt lat="45.81915" lon="6.11568">
        <ele>1358</ele>
      </trkpt>
      <trkpt lat="45.81901" lon="6.11566">
        <ele>1359</ele>
      </trkpt>
      <trkpt lat="45.81888" lon="6.11565">
        <ele>1360</ele>
      </trkpt>
      <trkpt lat="45.81868" lon="6.11566">
        <ele>1361</ele>
      </trkpt>
      <trkpt lat="45.81865" lon="6.11565">
        <ele>1363</ele>
      </trkpt>
      <trkpt lat="45.8186" lon="6.11565">
        <ele>1364</ele>
      </trkpt>
      <trkpt lat="45.81857" lon="6.11564">
        <ele>1366</ele>
      </trkpt>
      <trkpt lat="45.81854" lon="6.11562">
        <ele>1367</ele>
      </trkpt>
      <trkpt lat="45.81843" lon="6.11553">
        <ele>1368</ele>
      </trkpt>
      <trkpt lat="45.81833" lon="6.11545">
        <ele>1369</ele>
      </trkpt>
      <trkpt lat="45.81821" lon="6.11537">
        <ele>1371</ele>
      </trkpt>
      <trkpt lat="45.81816" lon="6.11534">
        <ele>1372</ele>
      </trkpt>
      <trkpt lat="45.81814" lon="6.11533">
        <ele>1373</ele>
      </trkpt>
      <trkpt lat="45.81809" lon="6.11531">
        <ele>1374</ele>
      </trkpt>
      <trkpt lat="45.81805" lon="6.1153">
        <ele>1375</ele>
      </trkpt>
      <trkpt lat="45.81801" lon="6.1153">
        <ele>1376</ele>
      </trkpt>
      <trkpt lat="45.81799" lon="6.1153">
        <ele>1377</ele>
      </trkpt>
      <trkpt lat="45.81793" lon="6.11529">
        <ele>1378</ele>
      </trkpt>
      <trkpt lat="45.8179" lon="6.11529">
        <ele>1378</ele>
      </trkpt>
      <trkpt lat="45.81787" lon="6.11517">
        <ele>1379</ele>
      </trkpt>
      <trkpt lat="45.81784" lon="6.11498">
        <ele>1380</ele>
      </trkpt>
      <trkpt lat="45.81782" lon="6.11484">
        <ele>1381</ele>
      </trkpt>
      <trkpt lat="45.81781" lon="6.11474">
        <ele>1381</ele>
      </trkpt>
      <trkpt lat="45.81781" lon="6.11464">
        <ele>1382</ele>
      </trkpt>
      <trkpt lat="45.81782" lon="6.11456">
        <ele>1382</ele>
      </trkpt>
      <trkpt lat="45.81784" lon="6.11445">
        <ele>1382</ele>
      </trkpt>
      <trkpt lat="45.81787" lon="6.11434">
        <ele>1383</ele>
      </trkpt>
      <trkpt lat="45.8179" lon="6.11423">
        <ele>1383</ele>
      </trkpt>
      <trkpt lat="45.81796" lon="6.11409">
        <ele>1383</ele>
      </trkpt>
      <trkpt lat="45.81805" lon="6.11395">
        <ele>1383</ele>
      </trkpt>
      <trkpt lat="45.81812" lon="6.11384">
        <ele>1383</ele>
      </trkpt>
      <trkpt lat="45.81817" lon="6.11373">
        <ele>1383</ele>
      </trkpt>
      <trkpt lat="45.81818" lon="6.1137">
        <ele>1383</ele>
      </trkpt>
      <trkpt lat="45.8182" lon="6.11366">
        <ele>1383</ele>
      </trkpt>
      <trkpt lat="45.81821" lon="6.11362">
        <ele>1383</ele>
      </trkpt>
      <trkpt lat="45.81821" lon="6.11356">
        <ele>1383</ele>
      </trkpt>
      <trkpt lat="45.81822" lon="6.1135">
        <ele>1383</ele>
      </trkpt>
      <trkpt lat="45.81822" lon="6.11345">
        <ele>1383</ele>
      </trkpt>
      <trkpt lat="45.81822" lon="6.11341">
        <ele>1383</ele>
      </trkpt>
      <trkpt lat="45.81821" lon="6.11337">
        <ele>1384</ele>
      </trkpt>
      <trkpt lat="45.81821" lon="6.11335">
        <ele>1384</ele>
      </trkpt>
      <trkpt lat="45.8182" lon="6.11332">
        <ele>1385</ele>
      </trkpt>
      <trkpt lat="45.81819" lon="6.1133">
        <ele>1385</ele>
      </trkpt>
      <trkpt lat="45.81818" lon="6.11327">
        <ele>1385</ele>
      </trkpt>
      <trkpt lat="45.81817" lon="6.11326">
        <ele>1386</ele>
      </trkpt>
      <trkpt lat="45.81814" lon="6.11324">
        <ele>1386</ele>
      </trkpt>
      <trkpt lat="45.81812" lon="6.11324">
        <ele>1387</ele>
      </trkpt>
      <trkpt lat="45.81809" lon="6.11323">
        <ele>1387</ele>
      </trkpt>
      <trkpt lat="45.81806" lon="6.11322">
        <ele>1388</ele>
      </trkpt>
      <trkpt lat="45.81805" lon="6.11322">
        <ele>1388</ele>
      </trkpt>
      <trkpt lat="45.81802" lon="6.1132">
        <ele>1389</ele>
      </trkpt>
      <trkpt lat="45.818" lon="6.11319">
        <ele>1389</ele>
      </trkpt>
      <trkpt lat="45.81793" lon="6.11325">
        <ele>1390</ele>
      </trkpt>
      <trkpt lat="45.81789" lon="6.11328">
        <ele>1390</ele>
      </trkpt>
      <trkpt lat="45.81786" lon="6.11331">
        <ele>1391</ele>
      </trkpt>
      <trkpt lat="45.81783" lon="6.11332">
        <ele>1392</ele>
      </trkpt>
      <trkpt lat="45.81781" lon="6.11333">
        <ele>1393</ele>
      </trkpt>
      <trkpt lat="45.81779" lon="6.11333">
        <ele>1394</ele>
      </trkpt>
      <trkpt lat="45.81776" lon="6.11331">
        <ele>1395</ele>
      </trkpt>
      <trkpt lat="45.81769" lon="6.11324">
        <ele>1396</ele>
      </trkpt>
      <trkpt lat="45.81752" lon="6.11309">
        <ele>1398</ele>
      </trkpt>
      <trkpt lat="45.81735" lon="6.11291">
        <ele>1399</ele>
      </trkpt>
      <trkpt lat="45.81727" lon="6.11282">
        <ele>1401</ele>
      </trkpt>
      <trkpt lat="45.81718" lon="6.11274">
        <ele>1402</ele>
      </trkpt>
      <trkpt lat="45.8171" lon="6.11268">
        <ele>1403</ele>
      </trkpt>
      <trkpt lat="45.81696" lon="6.11261">
        <ele>1405</ele>
      </trkpt>
      <trkpt lat="45.81693" lon="6.1126">
        <ele>1406</ele>
      </trkpt>
      <trkpt lat="45.81689" lon="6.11259">
        <ele>1407</ele>
      </trkpt>
      <trkpt lat="45.81686" lon="6.11258">
        <ele>1408</ele>
      </trkpt>
      <trkpt lat="45.81683" lon="6.11258">
        <ele>1409</ele>
      </trkpt>
      <trkpt lat="45.81681" lon="6.11258">
        <ele>1410</ele>
      </trkpt>
      <trkpt lat="45.81677" lon="6.11258">
        <ele>1410</ele>
      </trkpt>
      <trkpt lat="45.81675" lon="6.11259">
        <ele>1411</ele>
      </trkpt>
      <trkpt lat="45.81671" lon="6.11259">
        <ele>1412</ele>
      </trkpt>
      <trkpt lat="45.81668" lon="6.1126">
        <ele>1412</ele>
      </trkpt>
      <trkpt lat="45.81662" lon="6.11263">
        <ele>1413</ele>
      </trkpt>
      <trkpt lat="45.81656" lon="6.11266">
        <ele>1413</ele>
      </trkpt>
      <trkpt lat="45.81652" lon="6.11267">
        <ele>1414</ele>
      </trkpt>
      <trkpt lat="45.81648" lon="6.11268">
        <ele>1414</ele>
      </trkpt>
      <trkpt lat="45.81645" lon="6.11269">
        <ele>1415</ele>
      </trkpt>
      <trkpt lat="45.81641" lon="6.11269">
        <ele>1416</ele>
      </trkpt>
      <trkpt lat="45.81638" lon="6.11268">
        <ele>1416</ele>
      </trkpt>
      <trkpt lat="45.81634" lon="6.11267">
        <ele>1417</ele>
      </trkpt>
      <trkpt lat="45.81631" lon="6.11266">
        <ele>1418</ele>
      </trkpt>
      <trkpt lat="45.81628" lon="6.11263">
        <ele>1418</ele>
      </trkpt>
      <trkpt lat="45.81625" lon="6.1126">
        <ele>1419</ele>
      </trkpt>
      <trkpt lat="45.81621" lon="6.11252">
        <ele>1421</ele>
      </trkpt>
      <trkpt lat="45.81616" lon="6.11242">
        <ele>1422</ele>
      </trkpt>
      <trkpt lat="45.81609" lon="6.11229">
        <ele>1424</ele>
      </trkpt>
      <trkpt lat="45.816" lon="6.11211">
        <ele>1425</ele>
      </trkpt>
      <trkpt lat="45.81595" lon="6.11201">
        <ele>1427</ele>
      </trkpt>
      <trkpt lat="45.81587" lon="6.11185">
        <ele>1428</ele>
      </trkpt>
      <trkpt lat="45.81575" lon="6.11173">
        <ele>1430</ele>
      </trkpt>
      <trkpt lat="45.81563" lon="6.11166">
        <ele>1432</ele>
      </trkpt>
      <trkpt lat="45.81557" lon="6.11164">
        <ele>1433</ele>
      </trkpt>
      <trkpt lat="45.81544" lon="6.11169">
        <ele>1435</ele>
      </trkpt>
      <trkpt lat="45.81536" lon="6.11163">
        <ele>1437</ele>
      </trkpt>
      <trkpt lat="45.81533" lon="6.11154">
        <ele>1438</ele>
      </trkpt>
      <trkpt lat="45.81533" lon="6.11142">
        <ele>1439</ele>
      </trkpt>
      <trkpt lat="45.81533" lon="6.11126">
        <ele>1440</ele>
      </trkpt>
      <trkpt lat="45.81532" lon="6.11112">
        <ele>1441</ele>
      </trkpt>
      <trkpt lat="45.81528" lon="6.11098">
        <ele>1442</ele>
      </trkpt>
      <trkpt lat="45.81523" lon="6.11081">
        <ele>1443</ele>
      </trkpt>
      <trkpt lat="45.81519" lon="6.11066">
        <ele>1444</ele>
      </trkpt>
      <trkpt lat="45.81513" lon="6.11054">
        <ele>1446</ele>
      </trkpt>
      <trkpt lat="45.81507" lon="6.11047">
        <ele>1447</ele>
      </trkpt>
      <trkpt lat="45.81496" lon="6.11042">
        <ele>1448</ele>
      </trkpt>
      <trkpt lat="45.81488" lon="6.11037">
        <ele>1449</ele>
      </trkpt>
      <trkpt lat="45.81481" lon="6.11038">
        <ele>1450</ele>
      </trkpt>
      <trkpt lat="45.81476" lon="6.11044">
        <ele>1451</ele>
      </trkpt>
      <trkpt lat="45.8147" lon="6.11043">
        <ele>1452</ele>
      </trkpt>
      <trkpt lat="45.81467" lon="6.11035">
        <ele>1453</ele>
      </trkpt>
      <trkpt lat="45.81464" lon="6.11026">
        <ele>1454</ele>
      </trkpt>
      <trkpt lat="45.81459" lon="6.11015">
        <ele>1456</ele>
      </trkpt>
      <trkpt lat="45.81449" lon="6.11006">
        <ele>1457</ele>
      </trkpt>
      <trkpt lat="45.81446" lon="6.11009">
        <ele>1458</ele>
      </trkpt>
      <trkpt lat="45.81438" lon="6.1102">
        <ele>1459</ele>
      </trkpt>
      <trkpt lat="45.81426" lon="6.11034">
        <ele>1460</ele>
      </trkpt>
      <trkpt lat="45.81421" lon="6.1104">
        <ele>1460</ele>
      </trkpt>
      <trkpt lat="45.81418" lon="6.11041">
        <ele>1461</ele>
      </trkpt>
      <trkpt lat="45.81415" lon="6.11041">
        <ele>1463</ele>
      </trkpt>
      <trkpt lat="45.81412" lon="6.11041">
        <ele>1463</ele>
      </trkpt>
      <trkpt lat="45.81409" lon="6.1104">
        <ele>1464</ele>
      </trkpt>
      <trkpt lat="45.81407" lon="6.11039">
        <ele>1464</ele>
      </trkpt>
      <trkpt lat="45.81396" lon="6.11054">
        <ele>1465</ele>
      </trkpt>
      <trkpt lat="45.81388" lon="6.11069">
        <ele>1466</ele>
      </trkpt>
      <trkpt lat="45.8138" lon="6.11085">
        <ele>1467</ele>
      </trkpt>
      <trkpt lat="45.81374" lon="6.11095">
        <ele>1467</ele>
      </trkpt>
      <trkpt lat="45.81365" lon="6.11107">
        <ele>1468</ele>
      </trkpt>
      <trkpt lat="45.81354" lon="6.11118">
        <ele>1469</ele>
      </trkpt>
      <trkpt lat="45.81345" lon="6.11127">
        <ele>1470</ele>
      </trkpt>
      <trkpt lat="45.81336" lon="6.11134">
        <ele>1470</ele>
      </trkpt>
      <trkpt lat="45.81329" lon="6.11138">
        <ele>1471</ele>
      </trkpt>
      <trkpt lat="45.81327" lon="6.11139">
        <ele>1472</ele>
      </trkpt>
      <trkpt lat="45.81324" lon="6.11139">
        <ele>1473</ele>
      </trkpt>
      <trkpt lat="45.81321" lon="6.11139">
        <ele>1474</ele>
      </trkpt>
      <trkpt lat="45.81317" lon="6.11138">
        <ele>1475</ele>
      </trkpt>
      <trkpt lat="45.81313" lon="6.11137">
        <ele>1475</ele>
      </trkpt>
      <trkpt lat="45.8131" lon="6.11137">
        <ele>1476</ele>
      </trkpt>
      <trkpt lat="45.81307" lon="6.11138">
        <ele>1477</ele>
      </trkpt>
      <trkpt lat="45.81302" lon="6.1114">
        <ele>1478</ele>
      </trkpt>
      <trkpt lat="45.81297" lon="6.11145">
        <ele>1478</ele>
      </trkpt>
      <trkpt lat="45.81289" lon="6.11157">
        <ele>1479</ele>
      </trkpt>
      <trkpt lat="45.81284" lon="6.11164">
        <ele>1480</ele>
      </trkpt>
      <trkpt lat="45.81282" lon="6.11167">
        <ele>1480</ele>
      </trkpt>
      <trkpt lat="45.8128" lon="6.1117">
        <ele>1481</ele>
      </trkpt>
      <trkpt lat="45.81278" lon="6.11173">
        <ele>1482</ele>
      </trkpt>
      <trkpt lat="45.81276" lon="6.11174">
        <ele>1482</ele>
      </trkpt>
      <trkpt lat="45.81274" lon="6.11176">
        <ele>1483</ele>
      </trkpt>
      <trkpt lat="45.81271" lon="6.11177">
        <ele>1483</ele>
      </trkpt>
      <trkpt lat="45.81269" lon="6.11178">
        <ele>1483</ele>
      </trkpt>
      <trkpt lat="45.81267" lon="6.11179">
        <ele>1484</ele>
      </trkpt>
      <trkpt lat="45.81265" lon="6.11182">
        <ele>1484</ele>
      </trkpt>
      <trkpt lat="45.81264" lon="6.11185">
        <ele>1485</ele>
      </trkpt>
      <trkpt lat="45.81262" lon="6.11188">
        <ele>1485</ele>
      </trkpt>
      <trkpt lat="45.8126" lon="6.11191">
        <ele>1486</ele>
      </trkpt>
      <trkpt lat="45.81257" lon="6.11194">
        <ele>1486</ele>
      </trkpt>
      <trkpt lat="45.81254" lon="6.11196">
        <ele>1486</ele>
      </trkpt>
      <trkpt lat="45.81251" lon="6.11199">
        <ele>1487</ele>
      </trkpt>
      <trkpt lat="45.81249" lon="6.11201">
        <ele>1488</ele>
      </trkpt>
      <trkpt lat="45.81244" lon="6.11204">
        <ele>1488</ele>
      </trkpt>
      <trkpt lat="45.81241" lon="6.11205">
        <ele>1489</ele>
      </trkpt>
      <trkpt lat="45.81237" lon="6.11208">
        <ele>1489</ele>
      </trkpt>
      <trkpt lat="45.81233" lon="6.1121">
        <ele>1490</ele>
      </trkpt>
      <trkpt lat="45.8123" lon="6.11211">
        <ele>1491</ele>
      </trkpt>
      <trkpt lat="45.81225" lon="6.11212">
        <ele>1491</ele>
      </trkpt>
      <trkpt lat="45.81221" lon="6.11214">
        <ele>1492</ele>
      </trkpt>
      <trkpt lat="45.81217" lon="6.11215">
        <ele>1492</ele>
      </trkpt>
      <trkpt lat="45.81212" lon="6.11217">
        <ele>1493</ele>
      </trkpt>
      <trkpt lat="45.81209" lon="6.11217">
        <ele>1494</ele>
      </trkpt>
      <trkpt lat="45.81207" lon="6.11215">
        <ele>1494</ele>
      </trkpt>
      <trkpt lat="45.81205" lon="6.11213">
        <ele>1495</ele>
      </trkpt>
      <trkpt lat="45.81202" lon="6.11211">
        <ele>1495</ele>
      </trkpt>
      <trkpt lat="45.812" lon="6.1121">
        <ele>1496</ele>
      </trkpt>
      <trkpt lat="45.81193" lon="6.11214">
        <ele>1496</ele>
      </trkpt>
      <trkpt lat="45.81192" lon="6.11215">
        <ele>1496</ele>
      </trkpt>
      <trkpt lat="45.81189" lon="6.11217">
        <ele>1497</ele>
      </trkpt>
      <trkpt lat="45.81186" lon="6.11219">
        <ele>1497</ele>
      </trkpt>
      <trkpt lat="45.81183" lon="6.11222">
        <ele>1497</ele>
      </trkpt>
      <trkpt lat="45.8118" lon="6.11224">
        <ele>1498</ele>
      </trkpt>
      <trkpt lat="45.81177" lon="6.11225">
        <ele>1498</ele>
      </trkpt>
      <trkpt lat="45.81175" lon="6.11225">
        <ele>1499</ele>
      </trkpt>
      <trkpt lat="45.8117" lon="6.11225">
        <ele>1499</ele>
      </trkpt>
      <trkpt lat="45.81168" lon="6.11225">
        <ele>1499</ele>
      </trkpt>
      <trkpt lat="45.81165" lon="6.11225">
        <ele>1500</ele>
      </trkpt>
      <trkpt lat="45.81161" lon="6.11225">
        <ele>1500</ele>
      </trkpt>
      <trkpt lat="45.81158" lon="6.11224">
        <ele>1500</ele>
      </trkpt>
      <trkpt lat="45.81155" lon="6.11223">
        <ele>1501</ele>
      </trkpt>
      <trkpt lat="45.81152" lon="6.11221">
        <ele>1501</ele>
      </trkpt>
      <trkpt lat="45.8115" lon="6.1122">
        <ele>1501</ele>
      </trkpt>
      <trkpt lat="45.81148" lon="6.11217">
        <ele>1502</ele>
      </trkpt>
      <trkpt lat="45.81146" lon="6.11215">
        <ele>1502</ele>
      </trkpt>
      <trkpt lat="45.81143" lon="6.11212">
        <ele>1503</ele>
      </trkpt>
      <trkpt lat="45.81141" lon="6.1121">
        <ele>1503</ele>
      </trkpt>
      <trkpt lat="45.81138" lon="6.11206">
        <ele>1503</ele>
      </trkpt>
      <trkpt lat="45.81136" lon="6.11203">
        <ele>1504</ele>
      </trkpt>
      <trkpt lat="45.81133" lon="6.11197">
        <ele>1504</ele>
      </trkpt>
      <trkpt lat="45.81126" lon="6.11184">
        <ele>1504</ele>
      </trkpt>
      <trkpt lat="45.81123" lon="6.11181">
        <ele>1505</ele>
      </trkpt>
      <trkpt lat="45.81121" lon="6.11178">
        <ele>1505</ele>
      </trkpt>
      <trkpt lat="45.81119" lon="6.11175">
        <ele>1505</ele>
      </trkpt>
      <trkpt lat="45.81117" lon="6.11172">
        <ele>1505</ele>
      </trkpt>
      <trkpt lat="45.81115" lon="6.1117">
        <ele>1506</ele>
      </trkpt>
      <trkpt lat="45.81114" lon="6.11168">
        <ele>1506</ele>
      </trkpt>
      <trkpt lat="45.81112" lon="6.11166">
        <ele>1506</ele>
      </trkpt>
      <trkpt lat="45.8111" lon="6.11164">
        <ele>1506</ele>
      </trkpt>
      <trkpt lat="45.81108" lon="6.1116">
        <ele>1507</ele>
      </trkpt>
      <trkpt lat="45.81107" lon="6.11155">
        <ele>1507</ele>
      </trkpt>
      <trkpt lat="45.81107" lon="6.1115">
        <ele>1507</ele>
      </trkpt>
      <trkpt lat="45.81106" lon="6.11147">
        <ele>1507</ele>
      </trkpt>
      <trkpt lat="45.81106" lon="6.11142">
        <ele>1507</ele>
      </trkpt>
      <trkpt lat="45.81105" lon="6.11136">
        <ele>1508</ele>
      </trkpt>
      <trkpt lat="45.81105" lon="6.11132">
        <ele>1508</ele>
      </trkpt>
      <trkpt lat="45.81103" lon="6.11129">
        <ele>1508</ele>
      </trkpt>
      <trkpt lat="45.81101" lon="6.11125">
        <ele>1509</ele>
      </trkpt>
      <trkpt lat="45.81099" lon="6.11122">
        <ele>1509</ele>
      </trkpt>
      <trkpt lat="45.81096" lon="6.11119">
        <ele>1509</ele>
      </trkpt>
      <trkpt lat="45.81094" lon="6.11116">
        <ele>1510</ele>
      </trkpt>
      <trkpt lat="45.81093" lon="6.11112">
        <ele>1510</ele>
      </trkpt>
      <trkpt lat="45.81091" lon="6.11107">
        <ele>1511</ele>
      </trkpt>
      <trkpt lat="45.81091" lon="6.11101">
        <ele>1512</ele>
      </trkpt>
      <trkpt lat="45.81086" lon="6.11078">
        <ele>1512</ele>
      </trkpt>
      <trkpt lat="45.81084" lon="6.11053">
        <ele>1513</ele>
      </trkpt>
      <trkpt lat="45.81081" lon="6.11035">
        <ele>1513</ele>
      </trkpt>
      <trkpt lat="45.81078" lon="6.11018">
        <ele>1514</ele>
      </trkpt>
      <trkpt lat="45.81073" lon="6.10999">
        <ele>1515</ele>
      </trkpt>
      <trkpt lat="45.81071" lon="6.10991">
        <ele>1515</ele>
      </trkpt>
      <trkpt lat="45.8107" lon="6.10984">
        <ele>1516</ele>
      </trkpt>
      <trkpt lat="45.81068" lon="6.10979">
        <ele>1516</ele>
      </trkpt>
      <trkpt lat="45.81065" lon="6.10974">
        <ele>1517</ele>
      </trkpt>
      <trkpt lat="45.81063" lon="6.10971">
        <ele>1517</ele>
      </trkpt>
      <trkpt lat="45.8106" lon="6.10968">
        <ele>1518</ele>
      </trkpt>
      <trkpt lat="45.81058" lon="6.10967">
        <ele>1518</ele>
      </trkpt>
      <trkpt lat="45.81054" lon="6.10965">
        <ele>1518</ele>
      </trkpt>
      <trkpt lat="45.8105" lon="6.10962">
        <ele>1518</ele>
      </trkpt>
      <trkpt lat="45.81046" lon="6.10962">
        <ele>1519</ele>
      </trkpt>
      <trkpt lat="45.81043" lon="6.10962">
        <ele>1519</ele>
      </trkpt>
      <trkpt lat="45.81041" lon="6.1096">
        <ele>1519</ele>
      </trkpt>
      <trkpt lat="45.81038" lon="6.10957">
        <ele>1519</ele>
      </trkpt>
      <trkpt lat="45.81037" lon="6.10952">
        <ele>1519</ele>
      </trkpt>
      <trkpt lat="45.81036" lon="6.10947">
        <ele>1519</ele>
      </trkpt>
      <trkpt lat="45.81034" lon="6.10941">
        <ele>1519</ele>
      </trkpt>
      <trkpt lat="45.81033" lon="6.10935">
        <ele>1519</ele>
      </trkpt>
      <trkpt lat="45.81031" lon="6.10929">
        <ele>1519</ele>
      </trkpt>
      <trkpt lat="45.81028" lon="6.10921">
        <ele>1519</ele>
      </trkpt>
      <trkpt lat="45.81026" lon="6.10915">
        <ele>1519</ele>
      </trkpt>
      <trkpt lat="45.81024" lon="6.10909">
        <ele>1519</ele>
      </trkpt>
      <trkpt lat="45.81022" lon="6.10903">
        <ele>1519</ele>
      </trkpt>
      <trkpt lat="45.8102" lon="6.10896">
        <ele>1519</ele>
      </trkpt>
      <trkpt lat="45.81018" lon="6.10891">
        <ele>1519</ele>
      </trkpt>
      <trkpt lat="45.81018" lon="6.10891">
        <ele>1519</ele>
      </trkpt>
      <trkpt lat="45.81015" lon="6.10885">
        <ele>1518</ele>
      </trkpt>
      <trkpt lat="45.81013" lon="6.10881">
        <ele>1518</ele>
      </trkpt>
      <trkpt lat="45.8101" lon="6.10876">
        <ele>1518</ele>
      </trkpt>
      <trkpt lat="45.81007" lon="6.10872">
        <ele>1518</ele>
      </trkpt>
      <trkpt lat="45.81003" lon="6.10866">
        <ele>1518</ele>
      </trkpt>
      <trkpt lat="45.81001" lon="6.10861">
        <ele>1518</ele>
      </trkpt>
      <trkpt lat="45.80998" lon="6.10858">
        <ele>1519</ele>
      </trkpt>
      <trkpt lat="45.80995" lon="6.10855">
        <ele>1519</ele>
      </trkpt>
      <trkpt lat="45.80992" lon="6.10852">
        <ele>1519</ele>
      </trkpt>
      <trkpt lat="45.8099" lon="6.1085">
        <ele>1520</ele>
      </trkpt>
      <trkpt lat="45.80987" lon="6.10849">
        <ele>1520</ele>
      </trkpt>
      <trkpt lat="45.80985" lon="6.10847">
        <ele>1521</ele>
      </trkpt>
      <trkpt lat="45.80981" lon="6.10846">
        <ele>1521</ele>
      </trkpt>
      <trkpt lat="45.80972" lon="6.10841">
        <ele>1522</ele>
      </trkpt>
      <trkpt lat="45.80957" lon="6.10832">
        <ele>1522</ele>
      </trkpt>
      <trkpt lat="45.80948" lon="6.10826">
        <ele>1523</ele>
      </trkpt>
      <trkpt lat="45.80945" lon="6.10823">
        <ele>1524</ele>
      </trkpt>
      <trkpt lat="45.80942" lon="6.10819">
        <ele>1524</ele>
      </trkpt>
      <trkpt lat="45.80936" lon="6.1081">
        <ele>1525</ele>
      </trkpt>
      <trkpt lat="45.80932" lon="6.10799">
        <ele>1525</ele>
      </trkpt>
      <trkpt lat="45.8093" lon="6.10795">
        <ele>1526</ele>
      </trkpt>
      <trkpt lat="45.80927" lon="6.10794">
        <ele>1527</ele>
      </trkpt>
      <trkpt lat="45.80923" lon="6.10794">
        <ele>1527</ele>
      </trkpt>
      <trkpt lat="45.80919" lon="6.10795">
        <ele>1528</ele>
      </trkpt>
      <trkpt lat="45.80916" lon="6.10795">
        <ele>1529</ele>
      </trkpt>
      <trkpt lat="45.80912" lon="6.10796">
        <ele>1529</ele>
      </trkpt>
      <trkpt lat="45.80908" lon="6.10797">
        <ele>1530</ele>
      </trkpt>
      <trkpt lat="45.80901" lon="6.10799">
        <ele>1531</ele>
      </trkpt>
      <trkpt lat="45.80896" lon="6.10799">
        <ele>1531</ele>
      </trkpt>
      <trkpt lat="45.8089" lon="6.10801">
        <ele>1532</ele>
      </trkpt>
      <trkpt lat="45.8089" lon="6.10806">
        <ele>1533</ele>
      </trkpt>
      <trkpt lat="45.8089" lon="6.10812">
        <ele>1534</ele>
      </trkpt>
      <trkpt lat="45.80889" lon="6.10819">
        <ele>1536</ele>
      </trkpt>
      <trkpt lat="45.80889" lon="6.10831">
        <ele>1537</ele>
      </trkpt>
      <trkpt lat="45.80872" lon="6.10847">
        <ele>1538</ele>
      </trkpt>
      <trkpt lat="45.80855" lon="6.10864">
        <ele>1540</ele>
      </trkpt>
      <trkpt lat="45.80839" lon="6.10881">
        <ele>1542</ele>
      </trkpt>
      <trkpt lat="45.80823" lon="6.10898">
        <ele>1543</ele>
      </trkpt>
      <trkpt lat="45.80804" lon="6.10911">
        <ele>1545</ele>
      </trkpt>
      <trkpt lat="45.80791" lon="6.10918">
        <ele>1547</ele>
      </trkpt>
      <trkpt lat="45.80778" lon="6.10925">
        <ele>1549</ele>
      </trkpt>
      <trkpt lat="45.80758" lon="6.10938">
        <ele>1551</ele>
      </trkpt>
      <trkpt lat="45.80753" lon="6.10937">
        <ele>1552</ele>
      </trkpt>
      <trkpt lat="45.8075" lon="6.10937">
        <ele>1554</ele>
      </trkpt>
      <trkpt lat="45.80743" lon="6.10939">
        <ele>1555</ele>
      </trkpt>
      <trkpt lat="45.80731" lon="6.10939">
        <ele>1557</ele>
      </trkpt>
      <trkpt lat="45.80725" lon="6.10939">
        <ele>1558</ele>
      </trkpt>
      <trkpt lat="45.80722" lon="6.10938">
        <ele>1559</ele>
      </trkpt>
      <trkpt lat="45.80709" lon="6.10933">
        <ele>1560</ele>
      </trkpt>
      <trkpt lat="45.80699" lon="6.10927">
        <ele>1561</ele>
      </trkpt>
      <trkpt lat="45.80696" lon="6.10922">
        <ele>1562</ele>
      </trkpt>
      <trkpt lat="45.80687" lon="6.10903">
        <ele>1563</ele>
      </trkpt>
      <trkpt lat="45.80686" lon="6.10898">
        <ele>1563</ele>
      </trkpt>
      <trkpt lat="45.80681" lon="6.109">
        <ele>1564</ele>
      </trkpt>
      <trkpt lat="45.80678" lon="6.109">
        <ele>1564</ele>
      </trkpt>
      <trkpt lat="45.80674" lon="6.10901">
        <ele>1564</ele>
      </trkpt>
      <trkpt lat="45.80671" lon="6.109">
        <ele>1564</ele>
      </trkpt>
      <trkpt lat="45.80667" lon="6.10899">
        <ele>1565</ele>
      </trkpt>
      <trkpt lat="45.80665" lon="6.10898">
        <ele>1565</ele>
      </trkpt>
      <trkpt lat="45.80661" lon="6.10895">
        <ele>1565</ele>
      </trkpt>
      <trkpt lat="45.80657" lon="6.10893">
        <ele>1565</ele>
      </trkpt>
      <trkpt lat="45.80654" lon="6.10891">
        <ele>1565</ele>
      </trkpt>
      <trkpt lat="45.80651" lon="6.10889">
        <ele>1565</ele>
      </trkpt>
      <trkpt lat="45.80648" lon="6.10887">
        <ele>1565</ele>
      </trkpt>
      <trkpt lat="45.80645" lon="6.10885">
        <ele>1565</ele>
      </trkpt>
      <trkpt lat="45.80641" lon="6.10883">
        <ele>1565</ele>
      </trkpt>
      <trkpt lat="45.80638" lon="6.10882">
        <ele>1564</ele>
      </trkpt>
      <trkpt lat="45.80635" lon="6.10881">
        <ele>1564</ele>
      </trkpt>
      <trkpt lat="45.80631" lon="6.10881">
        <ele>1564</ele>
      </trkpt>
      <trkpt lat="45.80629" lon="6.10881">
        <ele>1565</ele>
      </trkpt>
      <trkpt lat="45.80626" lon="6.10881">
        <ele>1565</ele>
      </trkpt>
      <trkpt lat="45.80624" lon="6.10881">
        <ele>1565</ele>
      </trkpt>
      <trkpt lat="45.80621" lon="6.10881">
        <ele>1565</ele>
      </trkpt>
      <trkpt lat="45.80617" lon="6.10881">
        <ele>1566</ele>
      </trkpt>
      <trkpt lat="45.80608" lon="6.1088">
        <ele>1566</ele>
      </trkpt>
      <trkpt lat="45.80602" lon="6.1088">
        <ele>1567</ele>
      </trkpt>
      <trkpt lat="45.80599" lon="6.1088">
        <ele>1568</ele>
      </trkpt>
      <trkpt lat="45.80593" lon="6.10881">
        <ele>1569</ele>
      </trkpt>
      <trkpt lat="45.80586" lon="6.10884">
        <ele>1569</ele>
      </trkpt>
      <trkpt lat="45.80577" lon="6.10887">
        <ele>1570</ele>
      </trkpt>
      <trkpt lat="45.8057" lon="6.10892">
        <ele>1571</ele>
      </trkpt>
      <trkpt lat="45.8056" lon="6.10899">
        <ele>1573</ele>
      </trkpt>
      <trkpt lat="45.80555" lon="6.10903">
        <ele>1574</ele>
      </trkpt>
      <trkpt lat="45.8055" lon="6.10909">
        <ele>1575</ele>
      </trkpt>
      <trkpt lat="45.80545" lon="6.10916">
        <ele>1576</ele>
      </trkpt>
      <trkpt lat="45.80541" lon="6.1092">
        <ele>1577</ele>
      </trkpt>
      <trkpt lat="45.80538" lon="6.10922">
        <ele>1578</ele>
      </trkpt>
      <trkpt lat="45.80536" lon="6.10923">
        <ele>1579</ele>
      </trkpt>
      <trkpt lat="45.80533" lon="6.10926">
        <ele>1579</ele>
      </trkpt>
      <trkpt lat="45.8053" lon="6.10928">
        <ele>1580</ele>
      </trkpt>
      <trkpt lat="45.80528" lon="6.10931">
        <ele>1581</ele>
      </trkpt>
      <trkpt lat="45.80521" lon="6.10935">
        <ele>1581</ele>
      </trkpt>
      <trkpt lat="45.80519" lon="6.10937">
        <ele>1582</ele>
      </trkpt>
      <trkpt lat="45.80516" lon="6.10937">
        <ele>1582</ele>
      </trkpt>
      <trkpt lat="45.80513" lon="6.10938">
        <ele>1583</ele>
      </trkpt>
      <trkpt lat="45.8051" lon="6.10939">
        <ele>1583</ele>
      </trkpt>
      <trkpt lat="45.80507" lon="6.10939">
        <ele>1584</ele>
      </trkpt>
      <trkpt lat="45.80505" lon="6.10939">
        <ele>1584</ele>
      </trkpt>
      <trkpt lat="45.80501" lon="6.10939">
        <ele>1584</ele>
      </trkpt>
      <trkpt lat="45.80499" lon="6.10939">
        <ele>1584</ele>
      </trkpt>
      <trkpt lat="45.80497" lon="6.10939">
        <ele>1585</ele>
      </trkpt>
      <trkpt lat="45.80495" lon="6.10938">
        <ele>1585</ele>
      </trkpt>
      <trkpt lat="45.80493" lon="6.10938">
        <ele>1585</ele>
      </trkpt>
      <trkpt lat="45.8049" lon="6.10938">
        <ele>1585</ele>
      </trkpt>
      <trkpt lat="45.80486" lon="6.10939">
        <ele>1585</ele>
      </trkpt>
      <trkpt lat="45.80484" lon="6.10939">
        <ele>1585</ele>
      </trkpt>
      <trkpt lat="45.8048" lon="6.10939">
        <ele>1585</ele>
      </trkpt>
      <trkpt lat="45.80477" lon="6.1094">
        <ele>1585</ele>
      </trkpt>
      <trkpt lat="45.80474" lon="6.10941">
        <ele>1585</ele>
      </trkpt>
      <trkpt lat="45.80471" lon="6.10942">
        <ele>1585</ele>
      </trkpt>
      <trkpt lat="45.80468" lon="6.10942">
        <ele>1585</ele>
      </trkpt>
      <trkpt lat="45.80465" lon="6.10943">
        <ele>1585</ele>
      </trkpt>
      <trkpt lat="45.80461" lon="6.10944">
        <ele>1585</ele>
      </trkpt>
      <trkpt lat="45.80458" lon="6.10945">
        <ele>1585</ele>
      </trkpt>
      <trkpt lat="45.80456" lon="6.10947">
        <ele>1586</ele>
      </trkpt>
      <trkpt lat="45.80447" lon="6.10949">
        <ele>1586</ele>
      </trkpt>
      <trkpt lat="45.80439" lon="6.10952">
        <ele>1586</ele>
      </trkpt>
      <trkpt lat="45.80433" lon="6.10954">
        <ele>1586</ele>
      </trkpt>
      <trkpt lat="45.80426" lon="6.10959">
        <ele>1587</ele>
      </trkpt>
      <trkpt lat="45.80422" lon="6.10962">
        <ele>1587</ele>
      </trkpt>
      <trkpt lat="45.80416" lon="6.10969">
        <ele>1587</ele>
      </trkpt>
      <trkpt lat="45.8041" lon="6.10977">
        <ele>1588</ele>
      </trkpt>
      <trkpt lat="45.80402" lon="6.10988">
        <ele>1588</ele>
      </trkpt>
      <trkpt lat="45.80396" lon="6.10994">
        <ele>1588</ele>
      </trkpt>
      <trkpt lat="45.80386" lon="6.10993">
        <ele>1589</ele>
      </trkpt>
      <trkpt lat="45.8037" lon="6.10987">
        <ele>1589</ele>
      </trkpt>
      <trkpt lat="45.80361" lon="6.10984">
        <ele>1589</ele>
      </trkpt>
      <trkpt lat="45.80355" lon="6.10982">
        <ele>1589</ele>
      </trkpt>
      <trkpt lat="45.80351" lon="6.10981">
        <ele>1589</ele>
      </trkpt>
      <trkpt lat="45.80348" lon="6.10979">
        <ele>1589</ele>
      </trkpt>
      <trkpt lat="45.80345" lon="6.10977">
        <ele>1589</ele>
      </trkpt>
      <trkpt lat="45.80342" lon="6.10975">
        <ele>1589</ele>
      </trkpt>
      <trkpt lat="45.8034" lon="6.10973">
        <ele>1590</ele>
      </trkpt>
      <trkpt lat="45.80336" lon="6.10971">
        <ele>1590</ele>
      </trkpt>
      <trkpt lat="45.80333" lon="6.10968">
        <ele>1590</ele>
      </trkpt>
      <trkpt lat="45.80327" lon="6.10962">
        <ele>1591</ele>
      </trkpt>
      <trkpt lat="45.80315" lon="6.10952">
        <ele>1592</ele>
      </trkpt>
      <trkpt lat="45.80312" lon="6.10949">
        <ele>1593</ele>
      </trkpt>
      <trkpt lat="45.80306" lon="6.10945">
        <ele>1594</ele>
      </trkpt>
      <trkpt lat="45.80301" lon="6.10938">
        <ele>1595</ele>
      </trkpt>
      <trkpt lat="45.80293" lon="6.1093">
        <ele>1596</ele>
      </trkpt>
      <trkpt lat="45.80278" lon="6.10916">
        <ele>1597</ele>
      </trkpt>
      <trkpt lat="45.80272" lon="6.1091">
        <ele>1599</ele>
      </trkpt>
      <trkpt lat="45.80257" lon="6.10896">
        <ele>1600</ele>
      </trkpt>
      <trkpt lat="45.80248" lon="6.10887">
        <ele>1601</ele>
      </trkpt>
      <trkpt lat="45.80237" lon="6.10878">
        <ele>1603</ele>
      </trkpt>
      <trkpt lat="45.80229" lon="6.1087">
        <ele>1604</ele>
      </trkpt>
      <trkpt lat="45.80224" lon="6.10863">
        <ele>1605</ele>
      </trkpt>
      <trkpt lat="45.80219" lon="6.10854">
        <ele>1606</ele>
      </trkpt>
      <trkpt lat="45.80216" lon="6.10849">
        <ele>1607</ele>
      </trkpt>
      <trkpt lat="45.80212" lon="6.10847">
        <ele>1608</ele>
      </trkpt>
      <trkpt lat="45.80211" lon="6.1086">
        <ele>1609</ele>
      </trkpt>
      <trkpt lat="45.8021" lon="6.10877">
        <ele>1610</ele>
      </trkpt>
      <trkpt lat="45.80209" lon="6.10882">
        <ele>1611</ele>
      </trkpt>
      <trkpt lat="45.80209" lon="6.10887">
        <ele>1611</ele>
      </trkpt>
      <trkpt lat="45.80209" lon="6.10891">
        <ele>1612</ele>
      </trkpt>
      <trkpt lat="45.80209" lon="6.10896">
        <ele>1613</ele>
      </trkpt>
      <trkpt lat="45.80209" lon="6.10899">
        <ele>1613</ele>
      </trkpt>
      <trkpt lat="45.80198" lon="6.10892">
        <ele>1614</ele>
      </trkpt>
      <trkpt lat="45.80188" lon="6.10885">
        <ele>1615</ele>
      </trkpt>
      <trkpt lat="45.80174" lon="6.10875">
        <ele>1616</ele>
      </trkpt>
      <trkpt lat="45.80163" lon="6.10868">
        <ele>1617</ele>
      </trkpt>
      <trkpt lat="45.80149" lon="6.1086">
        <ele>1618</ele>
      </trkpt>
      <trkpt lat="45.80137" lon="6.1085">
        <ele>1619</ele>
      </trkpt>
      <trkpt lat="45.8013" lon="6.10844">
        <ele>1620</ele>
      </trkpt>
      <trkpt lat="45.80122" lon="6.1084">
        <ele>1621</ele>
      </trkpt>
      <trkpt lat="45.80116" lon="6.10836">
        <ele>1622</ele>
      </trkpt>
      <trkpt lat="45.80107" lon="6.10834">
        <ele>1624</ele>
      </trkpt>
      <trkpt lat="45.80096" lon="6.10832">
        <ele>1625</ele>
      </trkpt>
      <trkpt lat="45.80082" lon="6.10828">
        <ele>1627</ele>
      </trkpt>
      <trkpt lat="45.80069" lon="6.10825">
        <ele>1628</ele>
      </trkpt>
      <trkpt lat="45.80055" lon="6.1082">
        <ele>1630</ele>
      </trkpt>
      <trkpt lat="45.80048" lon="6.10816">
        <ele>1631</ele>
      </trkpt>
      <trkpt lat="45.80034" lon="6.10808">
        <ele>1633</ele>
      </trkpt>
      <trkpt lat="45.80018" lon="6.108">
        <ele>1635</ele>
      </trkpt>
      <trkpt lat="45.80007" lon="6.10792">
        <ele>1637</ele>
      </trkpt>
      <trkpt lat="45.80001" lon="6.10787">
        <ele>1638</ele>
      </trkpt>
      <trkpt lat="45.79997" lon="6.10782">
        <ele>1640</ele>
      </trkpt>
      <trkpt lat="45.79989" lon="6.10774">
        <ele>1642</ele>
      </trkpt>
      <trkpt lat="45.7998" lon="6.10766">
        <ele>1643</ele>
      </trkpt>
      <trkpt lat="45.7997" lon="6.1076">
        <ele>1645</ele>
      </trkpt>
      <trkpt lat="45.79956" lon="6.10754">
        <ele>1646</ele>
      </trkpt>
      <trkpt lat="45.79948" lon="6.10751">
        <ele>1648</ele>
      </trkpt>
      <trkpt lat="45.79941" lon="6.10751">
        <ele>1649</ele>
      </trkpt>
      <trkpt lat="45.79937" lon="6.10752">
        <ele>1651</ele>
      </trkpt>
      <trkpt lat="45.79918" lon="6.1074">
        <ele>1652</ele>
      </trkpt>
      <trkpt lat="45.79914" lon="6.10737">
        <ele>1654</ele>
      </trkpt>
      <trkpt lat="45.79912" lon="6.10735">
        <ele>1655</ele>
      </trkpt>
      <trkpt lat="45.799" lon="6.10722">
        <ele>1656</ele>
      </trkpt>
      <trkpt lat="45.79889" lon="6.10711">
        <ele>1658</ele>
      </trkpt>
      <trkpt lat="45.79885" lon="6.10707">
        <ele>1659</ele>
      </trkpt>
      <trkpt lat="45.79882" lon="6.10703">
        <ele>1660</ele>
      </trkpt>
      <trkpt lat="45.79878" lon="6.10698">
        <ele>1662</ele>
      </trkpt>
      <trkpt lat="45.79863" lon="6.10687">
        <ele>1663</ele>
      </trkpt>
      <trkpt lat="45.79846" lon="6.10673">
        <ele>1665</ele>
      </trkpt>
      <trkpt lat="45.79839" lon="6.10668">
        <ele>1667</ele>
      </trkpt>
      <trkpt lat="45.79825" lon="6.10655">
        <ele>1669</ele>
      </trkpt>
      <trkpt lat="45.79814" lon="6.10642">
        <ele>1670</ele>
      </trkpt>
      <trkpt lat="45.79808" lon="6.10633">
        <ele>1672</ele>
      </trkpt>
      <trkpt lat="45.79796" lon="6.10617">
        <ele>1675</ele>
      </trkpt>
      <trkpt lat="45.7979" lon="6.10607">
        <ele>1677</ele>
      </trkpt>
      <trkpt lat="45.79787" lon="6.10603">
        <ele>1679</ele>
      </trkpt>
      <trkpt lat="45.79783" lon="6.10593">
        <ele>1681</ele>
      </trkpt>
      <trkpt lat="45.7977" lon="6.10567">
        <ele>1683</ele>
      </trkpt>
      <trkpt lat="45.79757" lon="6.10542">
        <ele>1685</ele>
      </trkpt>
      <trkpt lat="45.79744" lon="6.1052">
        <ele>1687</ele>
      </trkpt>
      <trkpt lat="45.79734" lon="6.10504">
        <ele>1688</ele>
      </trkpt>
      <trkpt lat="45.79724" lon="6.10489">
        <ele>1690</ele>
      </trkpt>
      <trkpt lat="45.7971" lon="6.10467">
        <ele>1691</ele>
      </trkpt>
      <trkpt lat="45.79705" lon="6.10464">
        <ele>1692</ele>
      </trkpt>
      <trkpt lat="45.79698" lon="6.10463">
        <ele>1692</ele>
      </trkpt>
      <trkpt lat="45.79693" lon="6.1046">
        <ele>1693</ele>
      </trkpt>
      <trkpt lat="45.79689" lon="6.10457">
        <ele>1693</ele>
      </trkpt>
      <trkpt lat="45.79684" lon="6.10452">
        <ele>1693</ele>
      </trkpt>
      <trkpt lat="45.79678" lon="6.10447">
        <ele>1692</ele>
      </trkpt>
      <trkpt lat="45.79666" lon="6.10446">
        <ele>1691</ele>
      </trkpt>
      <trkpt lat="45.7966" lon="6.10444">
        <ele>1690</ele>
      </trkpt>
      <trkpt lat="45.79659" lon="6.1044">
        <ele>1690</ele>
      </trkpt>
      <trkpt lat="45.79657" lon="6.10429">
        <ele>1688</ele>
      </trkpt>
      <trkpt lat="45.79657" lon="6.10421">
        <ele>1687</ele>
      </trkpt>
      <trkpt lat="45.79657" lon="6.10414">
        <ele>1686</ele>
      </trkpt>
      <trkpt lat="45.79656" lon="6.1041">
        <ele>1685</ele>
      </trkpt>
      <trkpt lat="45.79653" lon="6.10405">
        <ele>1683</ele>
      </trkpt>
      <trkpt lat="45.79647" lon="6.10403">
        <ele>1682</ele>
      </trkpt>
      <trkpt lat="45.79643" lon="6.10399">
        <ele>1681</ele>
      </trkpt>
      <trkpt lat="45.79641" lon="6.10395">
        <ele>1679</ele>
      </trkpt>
      <trkpt lat="45.79639" lon="6.10389">
        <ele>1678</ele>
      </trkpt>
      <trkpt lat="45.79636" lon="6.1038">
        <ele>1676</ele>
      </trkpt>
      <trkpt lat="45.79634" lon="6.10373">
        <ele>1675</ele>
      </trkpt>
      <trkpt lat="45.7963" lon="6.10364">
        <ele>1674</ele>
      </trkpt>
      <trkpt lat="45.79627" lon="6.1036">
        <ele>1672</ele>
      </trkpt>
      <trkpt lat="45.79624" lon="6.10356">
        <ele>1671</ele>
      </trkpt>
      <trkpt lat="45.79618" lon="6.10339">
        <ele>1670</ele>
      </trkpt>
      <trkpt lat="45.79611" lon="6.10322">
        <ele>1668</ele>
      </trkpt>
      <trkpt lat="45.79606" lon="6.10318">
        <ele>1667</ele>
      </trkpt>
      <trkpt lat="45.79601" lon="6.10315">
        <ele>1666</ele>
      </trkpt>
      <trkpt lat="45.79596" lon="6.10312">
        <ele>1665</ele>
      </trkpt>
      <trkpt lat="45.79594" lon="6.10311">
        <ele>1665</ele>
      </trkpt>
      <trkpt lat="45.79592" lon="6.10307">
        <ele>1664</ele>
      </trkpt>
      <trkpt lat="45.79588" lon="6.10303">
        <ele>1663</ele>
      </trkpt>
      <trkpt lat="45.79583" lon="6.103">
        <ele>1662</ele>
      </trkpt>
      <trkpt lat="45.7958" lon="6.10298">
        <ele>1662</ele>
      </trkpt>
      <trkpt lat="45.79575" lon="6.10295">
        <ele>1661</ele>
      </trkpt>
      <trkpt lat="45.79571" lon="6.10292">
        <ele>1661</ele>
      </trkpt>
      <trkpt lat="45.79564" lon="6.1029">
        <ele>1661</ele>
      </trkpt>
      <trkpt lat="45.79559" lon="6.1029">
        <ele>1660</ele>
      </trkpt>
      <trkpt lat="45.79557" lon="6.10289">
        <ele>1660</ele>
      </trkpt>
      <trkpt lat="45.79554" lon="6.10288">
        <ele>1659</ele>
      </trkpt>
      <trkpt lat="45.79552" lon="6.10286">
        <ele>1659</ele>
      </trkpt>
      <trkpt lat="45.79549" lon="6.10284">
        <ele>1659</ele>
      </trkpt>
      <trkpt lat="45.79546" lon="6.10284">
        <ele>1658</ele>
      </trkpt>
      <trkpt lat="45.79543" lon="6.10283">
        <ele>1658</ele>
      </trkpt>
      <trkpt lat="45.79539" lon="6.10282">
        <ele>1658</ele>
      </trkpt>
      <trkpt lat="45.79534" lon="6.10278">
        <ele>1657</ele>
      </trkpt>
      <trkpt lat="45.79527" lon="6.10279">
        <ele>1657</ele>
      </trkpt>
      <trkpt lat="45.79521" lon="6.10279">
        <ele>1657</ele>
      </trkpt>
      <trkpt lat="45.79515" lon="6.10278">
        <ele>1656</ele>
      </trkpt>
      <trkpt lat="45.79511" lon="6.10277">
        <ele>1656</ele>
      </trkpt>
      <trkpt lat="45.79506" lon="6.10274">
        <ele>1656</ele>
      </trkpt>
      <trkpt lat="45.79501" lon="6.10271">
        <ele>1655</ele>
      </trkpt>
      <trkpt lat="45.79498" lon="6.1027">
        <ele>1655</ele>
      </trkpt>
      <trkpt lat="45.79494" lon="6.10269">
        <ele>1655</ele>
      </trkpt>
      <trkpt lat="45.7949" lon="6.10267">
        <ele>1654</ele>
      </trkpt>
      <trkpt lat="45.79484" lon="6.10264">
        <ele>1654</ele>
      </trkpt>
      <trkpt lat="45.7948" lon="6.1026">
        <ele>1653</ele>
      </trkpt>
      <trkpt lat="45.79474" lon="6.10256">
        <ele>1653</ele>
      </trkpt>
      <trkpt lat="45.79467" lon="6.10249">
        <ele>1653</ele>
      </trkpt>
      <trkpt lat="45.79461" lon="6.10242">
        <ele>1652</ele>
      </trkpt>
      <trkpt lat="45.79455" lon="6.10239">
        <ele>1651</ele>
      </trkpt>
      <trkpt lat="45.79448" lon="6.10237">
        <ele>1651</ele>
      </trkpt>
      <trkpt lat="45.79445" lon="6.10235">
        <ele>1650</ele>
      </trkpt>
      <trkpt lat="45.79442" lon="6.10232">
        <ele>1650</ele>
      </trkpt>
      <trkpt lat="45.79439" lon="6.10233">
        <ele>1649</ele>
      </trkpt>
      <trkpt lat="45.79435" lon="6.10233">
        <ele>1648</ele>
      </trkpt>
      <trkpt lat="45.79424" lon="6.10234">
        <ele>1647</ele>
      </trkpt>
      <trkpt lat="45.79414" lon="6.10235">
        <ele>1647</ele>
      </trkpt>
      <trkpt lat="45.79409" lon="6.10231">
        <ele>1646</ele>
      </trkpt>
      <trkpt lat="45.794" lon="6.10225">
        <ele>1646</ele>
      </trkpt>
      <trkpt lat="45.79394" lon="6.10223">
        <ele>1645</ele>
      </trkpt>
      <trkpt lat="45.79386" lon="6.10222">
        <ele>1645</ele>
      </trkpt>
      <trkpt lat="45.79381" lon="6.10221">
        <ele>1644</ele>
      </trkpt>
      <trkpt lat="45.79372" lon="6.10222">
        <ele>1644</ele>
      </trkpt>
      <trkpt lat="45.79369" lon="6.10222">
        <ele>1643</ele>
      </trkpt>
      <trkpt lat="45.79358" lon="6.10225">
        <ele>1643</ele>
      </trkpt>
      <trkpt lat="45.79357" lon="6.10225">
        <ele>1643</ele>
      </trkpt>
      <trkpt lat="45.79355" lon="6.10226">
        <ele>1643</ele>
      </trkpt>
      <trkpt lat="45.79343" lon="6.10227">
        <ele>1642</ele>
      </trkpt>
      <trkpt lat="45.79337" lon="6.10227">
        <ele>1642</ele>
      </trkpt>
      <trkpt lat="45.79332" lon="6.10228">
        <ele>1642</ele>
      </trkpt>
      <trkpt lat="45.79326" lon="6.10227">
        <ele>1642</ele>
      </trkpt>
      <trkpt lat="45.7932" lon="6.10226">
        <ele>1641</ele>
      </trkpt>
      <trkpt lat="45.7931" lon="6.10223">
        <ele>1641</ele>
      </trkpt>
      <trkpt lat="45.793" lon="6.1022">
        <ele>1641</ele>
      </trkpt>
      <trkpt lat="45.79287" lon="6.10215">
        <ele>1641</ele>
      </trkpt>
      <trkpt lat="45.7927" lon="6.10208">
        <ele>1640</ele>
      </trkpt>
      <trkpt lat="45.7926" lon="6.10205">
        <ele>1640</ele>
      </trkpt>
      <trkpt lat="45.79258" lon="6.10204">
        <ele>1640</ele>
      </trkpt>
      <trkpt lat="45.79255" lon="6.10204">
        <ele>1639</ele>
      </trkpt>
      <trkpt lat="45.79254" lon="6.10204">
        <ele>1639</ele>
      </trkpt>
      <trkpt lat="45.79253" lon="6.10205">
        <ele>1639</ele>
      </trkpt>
      <trkpt lat="45.79251" lon="6.10207">
        <ele>1638</ele>
      </trkpt>
      <trkpt lat="45.79249" lon="6.10212">
        <ele>1638</ele>
      </trkpt>
      <trkpt lat="45.79248" lon="6.10219">
        <ele>1637</ele>
      </trkpt>
      <trkpt lat="45.79247" lon="6.10223">
        <ele>1637</ele>
      </trkpt>
      <trkpt lat="45.79248" lon="6.10229">
        <ele>1637</ele>
      </trkpt>
      <trkpt lat="45.7925" lon="6.10233">
        <ele>1636</ele>
      </trkpt>
      <trkpt lat="45.79253" lon="6.10237">
        <ele>1636</ele>
      </trkpt>
      <trkpt lat="45.79258" lon="6.10243">
        <ele>1635</ele>
      </trkpt>
      <trkpt lat="45.79268" lon="6.10253">
        <ele>1634</ele>
      </trkpt>
      <trkpt lat="45.79279" lon="6.10264">
        <ele>1633</ele>
      </trkpt>
      <trkpt lat="45.79292" lon="6.10276">
        <ele>1632</ele>
      </trkpt>
      <trkpt lat="45.79304" lon="6.10287">
        <ele>1632</ele>
      </trkpt>
      <trkpt lat="45.79317" lon="6.10299">
        <ele>1631</ele>
      </trkpt>
      <trkpt lat="45.79328" lon="6.10309">
        <ele>1630</ele>
      </trkpt>
      <trkpt lat="45.79335" lon="6.10316">
        <ele>1628</ele>
      </trkpt>
      <trkpt lat="45.79346" lon="6.10327">
        <ele>1627</ele>
      </trkpt>
      <trkpt lat="45.79356" lon="6.10338">
        <ele>1626</ele>
      </trkpt>
      <trkpt lat="45.79364" lon="6.10349">
        <ele>1625</ele>
      </trkpt>
      <trkpt lat="45.79371" lon="6.10362">
        <ele>1624</ele>
      </trkpt>
      <trkpt lat="45.7938" lon="6.10381">
        <ele>1624</ele>
      </trkpt>
      <trkpt lat="45.79382" lon="6.10386">
        <ele>1623</ele>
      </trkpt>
      <trkpt lat="45.79384" lon="6.10388">
        <ele>1622</ele>
      </trkpt>
      <trkpt lat="45.79386" lon="6.10391">
        <ele>1622</ele>
      </trkpt>
      <trkpt lat="45.79387" lon="6.10393">
        <ele>1621</ele>
      </trkpt>
      <trkpt lat="45.7939" lon="6.10395">
        <ele>1620</ele>
      </trkpt>
      <trkpt lat="45.79392" lon="6.10397">
        <ele>1620</ele>
      </trkpt>
      <trkpt lat="45.79395" lon="6.104">
        <ele>1619</ele>
      </trkpt>
      <trkpt lat="45.79401" lon="6.10405">
        <ele>1618</ele>
      </trkpt>
      <trkpt lat="45.79394" lon="6.10407">
        <ele>1618</ele>
      </trkpt>
      <trkpt lat="45.79391" lon="6.10408">
        <ele>1617</ele>
      </trkpt>
      <trkpt lat="45.79388" lon="6.10407">
        <ele>1616</ele>
      </trkpt>
      <trkpt lat="45.79381" lon="6.10406">
        <ele>1615</ele>
      </trkpt>
      <trkpt lat="45.79368" lon="6.10405">
        <ele>1614</ele>
      </trkpt>
      <trkpt lat="45.79355" lon="6.10406">
        <ele>1613</ele>
      </trkpt>
      <trkpt lat="45.79349" lon="6.10406">
        <ele>1612</ele>
      </trkpt>
      <trkpt lat="45.79346" lon="6.10406">
        <ele>1611</ele>
      </trkpt>
      <trkpt lat="45.79344" lon="6.10407">
        <ele>1610</ele>
      </trkpt>
      <trkpt lat="45.79339" lon="6.10409">
        <ele>1609</ele>
      </trkpt>
      <trkpt lat="45.79326" lon="6.10417">
        <ele>1608</ele>
      </trkpt>
      <trkpt lat="45.79309" lon="6.10428">
        <ele>1607</ele>
      </trkpt>
      <trkpt lat="45.79289" lon="6.1044">
        <ele>1606</ele>
      </trkpt>
      <trkpt lat="45.79281" lon="6.10444">
        <ele>1605</ele>
      </trkpt>
      <trkpt lat="45.79275" lon="6.10446">
        <ele>1604</ele>
      </trkpt>
      <trkpt lat="45.7927" lon="6.10448">
        <ele>1603</ele>
      </trkpt>
      <trkpt lat="45.79266" lon="6.10448">
        <ele>1602</ele>
      </trkpt>
      <trkpt lat="45.79255" lon="6.10448">
        <ele>1601</ele>
      </trkpt>
      <trkpt lat="45.79243" lon="6.10448">
        <ele>1599</ele>
      </trkpt>
      <trkpt lat="45.79228" lon="6.10448">
        <ele>1598</ele>
      </trkpt>
      <trkpt lat="45.79216" lon="6.10449">
        <ele>1597</ele>
      </trkpt>
      <trkpt lat="45.79212" lon="6.1045">
        <ele>1596</ele>
      </trkpt>
      <trkpt lat="45.79209" lon="6.10452">
        <ele>1595</ele>
      </trkpt>
      <trkpt lat="45.79205" lon="6.10455">
        <ele>1594</ele>
      </trkpt>
      <trkpt lat="45.79198" lon="6.10459">
        <ele>1593</ele>
      </trkpt>
      <trkpt lat="45.79189" lon="6.10464">
        <ele>1592</ele>
      </trkpt>
      <trkpt lat="45.79181" lon="6.10469">
        <ele>1591</ele>
      </trkpt>
      <trkpt lat="45.79172" lon="6.10472">
        <ele>1589</ele>
      </trkpt>
      <trkpt lat="45.79162" lon="6.10475">
        <ele>1588</ele>
      </trkpt>
      <trkpt lat="45.79162" lon="6.10475">
        <ele>1587</ele>
      </trkpt>
      <trkpt lat="45.7915" lon="6.10476">
        <ele>1586</ele>
      </trkpt>
      <trkpt lat="45.7913" lon="6.10479">
        <ele>1585</ele>
      </trkpt>
      <trkpt lat="45.79111" lon="6.10482">
        <ele>1583</ele>
      </trkpt>
      <trkpt lat="45.79089" lon="6.10486">
        <ele>1582</ele>
      </trkpt>
      <trkpt lat="45.79081" lon="6.10488">
        <ele>1581</ele>
      </trkpt>
      <trkpt lat="45.79078" lon="6.10489">
        <ele>1580</ele>
      </trkpt>
      <trkpt lat="45.79075" lon="6.10491">
        <ele>1579</ele>
      </trkpt>
      <trkpt lat="45.79071" lon="6.10492">
        <ele>1578</ele>
      </trkpt>
      <trkpt lat="45.79068" lon="6.10494">
        <ele>1577</ele>
      </trkpt>
      <trkpt lat="45.79064" lon="6.10496">
        <ele>1576</ele>
      </trkpt>
      <trkpt lat="45.79059" lon="6.10499">
        <ele>1575</ele>
      </trkpt>
      <trkpt lat="45.79048" lon="6.10506">
        <ele>1574</ele>
      </trkpt>
      <trkpt lat="45.79033" lon="6.10517">
        <ele>1572</ele>
      </trkpt>
      <trkpt lat="45.79021" lon="6.10525">
        <ele>1571</ele>
      </trkpt>
      <trkpt lat="45.79009" lon="6.10533">
        <ele>1570</ele>
      </trkpt>
      <trkpt lat="45.78992" lon="6.10544">
        <ele>1569</ele>
      </trkpt>
      <trkpt lat="45.78975" lon="6.10556">
        <ele>1568</ele>
      </trkpt>
      <trkpt lat="45.78962" lon="6.10564">
        <ele>1567</ele>
      </trkpt>
      <trkpt lat="45.78954" lon="6.10569">
        <ele>1566</ele>
      </trkpt>
      <trkpt lat="45.7895" lon="6.10572">
        <ele>1565</ele>
      </trkpt>
      <trkpt lat="45.78947" lon="6.10576">
        <ele>1565</ele>
      </trkpt>
      <trkpt lat="45.78943" lon="6.10582">
        <ele>1564</ele>
      </trkpt>
      <trkpt lat="45.78937" lon="6.1059">
        <ele>1563</ele>
      </trkpt>
      <trkpt lat="45.78932" lon="6.10596">
        <ele>1563</ele>
      </trkpt>
      <trkpt lat="45.78927" lon="6.10604">
        <ele>1562</ele>
      </trkpt>
      <trkpt lat="45.78923" lon="6.10607">
        <ele>1562</ele>
      </trkpt>
      <trkpt lat="45.78921" lon="6.10608">
        <ele>1561</ele>
      </trkpt>
      <trkpt lat="45.78918" lon="6.10609">
        <ele>1561</ele>
      </trkpt>
      <trkpt lat="45.78914" lon="6.10609">
        <ele>1561</ele>
      </trkpt>
      <trkpt lat="45.78912" lon="6.10608">
        <ele>1560</ele>
      </trkpt>
      <trkpt lat="45.78908" lon="6.10607">
        <ele>1560</ele>
      </trkpt>
      <trkpt lat="45.78904" lon="6.10605">
        <ele>1559</ele>
      </trkpt>
      <trkpt lat="45.789" lon="6.10603">
        <ele>1558</ele>
      </trkpt>
      <trkpt lat="45.78896" lon="6.106">
        <ele>1557</ele>
      </trkpt>
      <trkpt lat="45.78894" lon="6.10599">
        <ele>1557</ele>
      </trkpt>
      <trkpt lat="45.78891" lon="6.10596">
        <ele>1556</ele>
      </trkpt>
      <trkpt lat="45.78887" lon="6.10594">
        <ele>1555</ele>
      </trkpt>
      <trkpt lat="45.78882" lon="6.10593">
        <ele>1553</ele>
      </trkpt>
      <trkpt lat="45.78876" lon="6.10593">
        <ele>1552</ele>
      </trkpt>
      <trkpt lat="45.78871" lon="6.10594">
        <ele>1551</ele>
      </trkpt>
      <trkpt lat="45.78864" lon="6.10595">
        <ele>1549</ele>
      </trkpt>
      <trkpt lat="45.78854" lon="6.10597">
        <ele>1548</ele>
      </trkpt>
      <trkpt lat="45.7884" lon="6.106">
        <ele>1546</ele>
      </trkpt>
      <trkpt lat="45.78827" lon="6.10602">
        <ele>1545</ele>
      </trkpt>
      <trkpt lat="45.78814" lon="6.10605">
        <ele>1543</ele>
      </trkpt>
      <trkpt lat="45.78803" lon="6.10606">
        <ele>1541</ele>
      </trkpt>
      <trkpt lat="45.78785" lon="6.10605">
        <ele>1540</ele>
      </trkpt>
      <trkpt lat="45.78779" lon="6.10605">
        <ele>1538</ele>
      </trkpt>
      <trkpt lat="45.78776" lon="6.10605">
        <ele>1537</ele>
      </trkpt>
      <trkpt lat="45.78769" lon="6.10606">
        <ele>1535</ele>
      </trkpt>
      <trkpt lat="45.78764" lon="6.10607">
        <ele>1533</ele>
      </trkpt>
      <trkpt lat="45.78743" lon="6.10611">
        <ele>1532</ele>
      </trkpt>
      <trkpt lat="45.78724" lon="6.10615">
        <ele>1530</ele>
      </trkpt>
      <trkpt lat="45.78704" lon="6.10618">
        <ele>1528</ele>
      </trkpt>
      <trkpt lat="45.78686" lon="6.10619">
        <ele>1526</ele>
      </trkpt>
      <trkpt lat="45.78668" lon="6.1062">
        <ele>1525</ele>
      </trkpt>
      <trkpt lat="45.78652" lon="6.10622">
        <ele>1523</ele>
      </trkpt>
      <trkpt lat="45.78641" lon="6.10625">
        <ele>1521</ele>
      </trkpt>
      <trkpt lat="45.78623" lon="6.1063">
        <ele>1519</ele>
      </trkpt>
      <trkpt lat="45.78609" lon="6.10635">
        <ele>1517</ele>
      </trkpt>
      <trkpt lat="45.786" lon="6.10639">
        <ele>1515</ele>
      </trkpt>
      <trkpt lat="45.78595" lon="6.10642">
        <ele>1514</ele>
      </trkpt>
      <trkpt lat="45.78587" lon="6.1065">
        <ele>1512</ele>
      </trkpt>
      <trkpt lat="45.78576" lon="6.10662">
        <ele>1510</ele>
      </trkpt>
      <trkpt lat="45.78559" lon="6.10682">
        <ele>1509</ele>
      </trkpt>
      <trkpt lat="45.78544" lon="6.10702">
        <ele>1507</ele>
      </trkpt>
      <trkpt lat="45.78541" lon="6.10707">
        <ele>1506</ele>
      </trkpt>
      <trkpt lat="45.78537" lon="6.10714">
        <ele>1504</ele>
      </trkpt>
      <trkpt lat="45.78534" lon="6.1072">
        <ele>1503</ele>
      </trkpt>
      <trkpt lat="45.78531" lon="6.1073">
        <ele>1501</ele>
      </trkpt>
      <trkpt lat="45.78526" lon="6.10745">
        <ele>1500</ele>
      </trkpt>
      <trkpt lat="45.7852" lon="6.1076">
        <ele>1498</ele>
      </trkpt>
      <trkpt lat="45.78516" lon="6.1077">
        <ele>1497</ele>
      </trkpt>
      <trkpt lat="45.78507" lon="6.10786">
        <ele>1495</ele>
      </trkpt>
      <trkpt lat="45.78501" lon="6.10796">
        <ele>1494</ele>
      </trkpt>
      <trkpt lat="45.78494" lon="6.10807">
        <ele>1492</ele>
      </trkpt>
      <trkpt lat="45.78488" lon="6.10821">
        <ele>1490</ele>
      </trkpt>
      <trkpt lat="45.7848" lon="6.10833">
        <ele>1489</ele>
      </trkpt>
      <trkpt lat="45.78476" lon="6.10837">
        <ele>1487</ele>
      </trkpt>
      <trkpt lat="45.7847" lon="6.10843">
        <ele>1486</ele>
      </trkpt>
      <trkpt lat="45.78466" lon="6.10848">
        <ele>1484</ele>
      </trkpt>
      <trkpt lat="45.78454" lon="6.10861">
        <ele>1483</ele>
      </trkpt>
      <trkpt lat="45.78449" lon="6.10867">
        <ele>1481</ele>
      </trkpt>
      <trkpt lat="45.78439" lon="6.10873">
        <ele>1480</ele>
      </trkpt>
      <trkpt lat="45.78433" lon="6.10878">
        <ele>1479</ele>
      </trkpt>
      <trkpt lat="45.78429" lon="6.1088">
        <ele>1477</ele>
      </trkpt>
      <trkpt lat="45.78424" lon="6.10881">
        <ele>1476</ele>
      </trkpt>
      <trkpt lat="45.78418" lon="6.10882">
        <ele>1475</ele>
      </trkpt>
      <trkpt lat="45.78414" lon="6.10879">
        <ele>1474</ele>
      </trkpt>
      <trkpt lat="45.78411" lon="6.10882">
        <ele>1473</ele>
      </trkpt>
      <trkpt lat="45.78407" lon="6.10883">
        <ele>1472</ele>
      </trkpt>
      <trkpt lat="45.78404" lon="6.10882">
        <ele>1471</ele>
      </trkpt>
      <trkpt lat="45.784" lon="6.10882">
        <ele>1470</ele>
      </trkpt>
      <trkpt lat="45.78396" lon="6.10881">
        <ele>1469</ele>
      </trkpt>
      <trkpt lat="45.78391" lon="6.10879">
        <ele>1468</ele>
      </trkpt>
      <trkpt lat="45.78387" lon="6.10879">
        <ele>1467</ele>
      </trkpt>
      <trkpt lat="45.78377" lon="6.10879">
        <ele>1466</ele>
      </trkpt>
      <trkpt lat="45.78359" lon="6.1088">
        <ele>1465</ele>
      </trkpt>
      <trkpt lat="45.78352" lon="6.1088">
        <ele>1464</ele>
      </trkpt>
      <trkpt lat="45.78348" lon="6.10881">
        <ele>1464</ele>
      </trkpt>
      <trkpt lat="45.78345" lon="6.10882">
        <ele>1463</ele>
      </trkpt>
      <trkpt lat="45.7834" lon="6.10883">
        <ele>1462</ele>
      </trkpt>
      <trkpt lat="45.78336" lon="6.10885">
        <ele>1461</ele>
      </trkpt>
      <trkpt lat="45.7833" lon="6.10888">
        <ele>1461</ele>
      </trkpt>
      <trkpt lat="45.78322" lon="6.10892">
        <ele>1460</ele>
      </trkpt>
      <trkpt lat="45.78316" lon="6.10895">
        <ele>1459</ele>
      </trkpt>
      <trkpt lat="45.78305" lon="6.10902">
        <ele>1458</ele>
      </trkpt>
      <trkpt lat="45.78294" lon="6.10909">
        <ele>1458</ele>
      </trkpt>
      <trkpt lat="45.78284" lon="6.10914">
        <ele>1457</ele>
      </trkpt>
      <trkpt lat="45.7828" lon="6.10917">
        <ele>1456</ele>
      </trkpt>
      <trkpt lat="45.78273" lon="6.10922">
        <ele>1455</ele>
      </trkpt>
      <trkpt lat="45.78265" lon="6.10926">
        <ele>1455</ele>
      </trkpt>
      <trkpt lat="45.78261" lon="6.10929">
        <ele>1454</ele>
      </trkpt>
      <trkpt lat="45.78258" lon="6.10932">
        <ele>1454</ele>
      </trkpt>
      <trkpt lat="45.78255" lon="6.10934">
        <ele>1453</ele>
      </trkpt>
      <trkpt lat="45.78253" lon="6.10938">
        <ele>1453</ele>
      </trkpt>
      <trkpt lat="45.78251" lon="6.10942">
        <ele>1452</ele>
      </trkpt>
      <trkpt lat="45.78249" lon="6.10945">
        <ele>1452</ele>
      </trkpt>
      <trkpt lat="45.78246" lon="6.10949">
        <ele>1451</ele>
      </trkpt>
      <trkpt lat="45.78243" lon="6.10952">
        <ele>1451</ele>
      </trkpt>
      <trkpt lat="45.78239" lon="6.10958">
        <ele>1450</ele>
      </trkpt>
      <trkpt lat="45.78234" lon="6.10961">
        <ele>1450</ele>
      </trkpt>
      <trkpt lat="45.78229" lon="6.10966">
        <ele>1450</ele>
      </trkpt>
      <trkpt lat="45.78225" lon="6.10969">
        <ele>1449</ele>
      </trkpt>
      <trkpt lat="45.78215" lon="6.10973">
        <ele>1449</ele>
      </trkpt>
      <trkpt lat="45.78211" lon="6.10975">
        <ele>1448</ele>
      </trkpt>
      <trkpt lat="45.78207" lon="6.10976">
        <ele>1448</ele>
      </trkpt>
      <trkpt lat="45.78203" lon="6.10977">
        <ele>1447</ele>
      </trkpt>
      <trkpt lat="45.782" lon="6.10976">
        <ele>1447</ele>
      </trkpt>
      <trkpt lat="45.78197" lon="6.10975">
        <ele>1446</ele>
      </trkpt>
      <trkpt lat="45.78194" lon="6.10973">
        <ele>1446</ele>
      </trkpt>
      <trkpt lat="45.7819" lon="6.10971">
        <ele>1445</ele>
      </trkpt>
      <trkpt lat="45.78183" lon="6.10968">
        <ele>1445</ele>
      </trkpt>
      <trkpt lat="45.78179" lon="6.10966">
        <ele>1444</ele>
      </trkpt>
      <trkpt lat="45.78169" lon="6.10962">
        <ele>1444</ele>
      </trkpt>
      <trkpt lat="45.78163" lon="6.1096">
        <ele>1443</ele>
      </trkpt>
      <trkpt lat="45.7816" lon="6.10957">
        <ele>1443</ele>
      </trkpt>
      <trkpt lat="45.78154" lon="6.10953">
        <ele>1443</ele>
      </trkpt>
      <trkpt lat="45.78149" lon="6.10949">
        <ele>1442</ele>
      </trkpt>
      <trkpt lat="45.78144" lon="6.10946">
        <ele>1442</ele>
      </trkpt>
      <trkpt lat="45.78138" lon="6.10944">
        <ele>1441</ele>
      </trkpt>
      <trkpt lat="45.78132" lon="6.10943">
        <ele>1441</ele>
      </trkpt>
      <trkpt lat="45.78121" lon="6.10941">
        <ele>1440</ele>
      </trkpt>
      <trkpt lat="45.78116" lon="6.10941">
        <ele>1439</ele>
      </trkpt>
      <trkpt lat="45.78109" lon="6.10941">
        <ele>1438</ele>
      </trkpt>
      <trkpt lat="45.78106" lon="6.10939">
        <ele>1437</ele>
      </trkpt>
      <trkpt lat="45.781" lon="6.10938">
        <ele>1436</ele>
      </trkpt>
      <trkpt lat="45.78092" lon="6.1094">
        <ele>1435</ele>
      </trkpt>
      <trkpt lat="45.78086" lon="6.10941">
        <ele>1434</ele>
      </trkpt>
      <trkpt lat="45.78082" lon="6.10944">
        <ele>1433</ele>
      </trkpt>
      <trkpt lat="45.78079" lon="6.10946">
        <ele>1432</ele>
      </trkpt>
      <trkpt lat="45.78074" lon="6.10951">
        <ele>1430</ele>
      </trkpt>
      <trkpt lat="45.78067" lon="6.10961">
        <ele>1429</ele>
      </trkpt>
      <trkpt lat="45.78061" lon="6.10969">
        <ele>1427</ele>
      </trkpt>
      <trkpt lat="45.78057" lon="6.10974">
        <ele>1426</ele>
      </trkpt>
      <trkpt lat="45.78051" lon="6.10985">
        <ele>1424</ele>
      </trkpt>
      <trkpt lat="45.78048" lon="6.1099">
        <ele>1423</ele>
      </trkpt>
      <trkpt lat="45.78043" lon="6.11002">
        <ele>1422</ele>
      </trkpt>
      <trkpt lat="45.7804" lon="6.11011">
        <ele>1420</ele>
      </trkpt>
      <trkpt lat="45.78035" lon="6.11021">
        <ele>1419</ele>
      </trkpt>
      <trkpt lat="45.78028" lon="6.11034">
        <ele>1418</ele>
      </trkpt>
      <trkpt lat="45.78019" lon="6.11048">
        <ele>1416</ele>
      </trkpt>
      <trkpt lat="45.78016" lon="6.11056">
        <ele>1415</ele>
      </trkpt>
      <trkpt lat="45.78014" lon="6.11062">
        <ele>1414</ele>
      </trkpt>
      <trkpt lat="45.78013" lon="6.11067">
        <ele>1413</ele>
      </trkpt>
      <trkpt lat="45.78011" lon="6.11074">
        <ele>1413</ele>
      </trkpt>
      <trkpt lat="45.78007" lon="6.1109">
        <ele>1412</ele>
      </trkpt>
      <trkpt lat="45.78003" lon="6.11101">
        <ele>1411</ele>
      </trkpt>
      <trkpt lat="45.78001" lon="6.11107">
        <ele>1411</ele>
      </trkpt>
      <trkpt lat="45.77998" lon="6.1111">
        <ele>1410</ele>
      </trkpt>
      <trkpt lat="45.77996" lon="6.11113">
        <ele>1409</ele>
      </trkpt>
      <trkpt lat="45.77993" lon="6.11115">
        <ele>1409</ele>
      </trkpt>
      <trkpt lat="45.77991" lon="6.11116">
        <ele>1408</ele>
      </trkpt>
      <trkpt lat="45.77988" lon="6.11117">
        <ele>1408</ele>
      </trkpt>
      <trkpt lat="45.77983" lon="6.11115">
        <ele>1407</ele>
      </trkpt>
      <trkpt lat="45.77978" lon="6.11112">
        <ele>1406</ele>
      </trkpt>
      <trkpt lat="45.77975" lon="6.1111">
        <ele>1405</ele>
      </trkpt>
      <trkpt lat="45.77972" lon="6.11108">
        <ele>1403</ele>
      </trkpt>
      <trkpt lat="45.77968" lon="6.11103">
        <ele>1402</ele>
      </trkpt>
      <trkpt lat="45.77965" lon="6.11108">
        <ele>1401</ele>
      </trkpt>
      <trkpt lat="45.77957" lon="6.11122">
        <ele>1400</ele>
      </trkpt>
      <trkpt lat="45.77954" lon="6.11122">
        <ele>1399</ele>
      </trkpt>
      <trkpt lat="45.7795" lon="6.11124">
        <ele>1398</ele>
      </trkpt>
      <trkpt lat="45.77946" lon="6.1113">
        <ele>1398</ele>
      </trkpt>
      <trkpt lat="45.7794" lon="6.11137">
        <ele>1397</ele>
      </trkpt>
      <trkpt lat="45.77935" lon="6.11145">
        <ele>1396</ele>
      </trkpt>
      <trkpt lat="45.77933" lon="6.11153">
        <ele>1396</ele>
      </trkpt>
      <trkpt lat="45.77932" lon="6.11161">
        <ele>1396</ele>
      </trkpt>
      <trkpt lat="45.77932" lon="6.11175">
        <ele>1396</ele>
      </trkpt>
      <trkpt lat="45.77932" lon="6.1119">
        <ele>1396</ele>
      </trkpt>
      <trkpt lat="45.77932" lon="6.11201">
        <ele>1395</ele>
      </trkpt>
      <trkpt lat="45.77931" lon="6.11215">
        <ele>1395</ele>
      </trkpt>
      <trkpt lat="45.7793" lon="6.11223">
        <ele>1395</ele>
      </trkpt>
      <trkpt lat="45.77928" lon="6.11231">
        <ele>1395</ele>
      </trkpt>
      <trkpt lat="45.77925" lon="6.11239">
        <ele>1394</ele>
      </trkpt>
      <trkpt lat="45.77924" lon="6.11241">
        <ele>1394</ele>
      </trkpt>
      <trkpt lat="45.77922" lon="6.11243">
        <ele>1393</ele>
      </trkpt>
      <trkpt lat="45.77919" lon="6.11246">
        <ele>1392</ele>
      </trkpt>
      <trkpt lat="45.77917" lon="6.11249">
        <ele>1392</ele>
      </trkpt>
      <trkpt lat="45.77903" lon="6.11259">
        <ele>1391</ele>
      </trkpt>
      <trkpt lat="45.779" lon="6.11262">
        <ele>1390</ele>
      </trkpt>
      <trkpt lat="45.77897" lon="6.11264">
        <ele>1390</ele>
      </trkpt>
      <trkpt lat="45.77894" lon="6.11268">
        <ele>1388</ele>
      </trkpt>
      <trkpt lat="45.77893" lon="6.1127">
        <ele>1387</ele>
      </trkpt>
      <trkpt lat="45.77891" lon="6.11273">
        <ele>1385</ele>
      </trkpt>
      <trkpt lat="45.77891" lon="6.11275">
        <ele>1383</ele>
      </trkpt>
      <trkpt lat="45.77889" lon="6.11288">
        <ele>1382</ele>
      </trkpt>
      <trkpt lat="45.77881" lon="6.11303">
        <ele>1380</ele>
      </trkpt>
      <trkpt lat="45.77863" lon="6.11315">
        <ele>1377</ele>
      </trkpt>
      <trkpt lat="45.77851" lon="6.11315">
        <ele>1375</ele>
      </trkpt>
      <trkpt lat="45.77836" lon="6.1132">
        <ele>1372</ele>
      </trkpt>
      <trkpt lat="45.77827" lon="6.11327">
        <ele>1369</ele>
      </trkpt>
      <trkpt lat="45.77823" lon="6.11337">
        <ele>1366</ele>
      </trkpt>
      <trkpt lat="45.77817" lon="6.1135">
        <ele>1363</ele>
      </trkpt>
      <trkpt lat="45.77806" lon="6.11363">
        <ele>1360</ele>
      </trkpt>
      <trkpt lat="45.77787" lon="6.11373">
        <ele>1357</ele>
      </trkpt>
      <trkpt lat="45.7778" lon="6.11382">
        <ele>1353</ele>
      </trkpt>
      <trkpt lat="45.77779" lon="6.11396">
        <ele>1350</ele>
      </trkpt>
      <trkpt lat="45.7778" lon="6.11409">
        <ele>1346</ele>
      </trkpt>
      <trkpt lat="45.77781" lon="6.11423">
        <ele>1343</ele>
      </trkpt>
      <trkpt lat="45.77784" lon="6.11438">
        <ele>1339</ele>
      </trkpt>
      <trkpt lat="45.77788" lon="6.11451">
        <ele>1336</ele>
      </trkpt>
      <trkpt lat="45.77792" lon="6.11466">
        <ele>1332</ele>
      </trkpt>
      <trkpt lat="45.77797" lon="6.1148">
        <ele>1329</ele>
      </trkpt>
      <trkpt lat="45.77802" lon="6.11491">
        <ele>1326</ele>
      </trkpt>
      <trkpt lat="45.77813" lon="6.11503">
        <ele>1323</ele>
      </trkpt>
      <trkpt lat="45.77815" lon="6.11511">
        <ele>1320</ele>
      </trkpt>
      <trkpt lat="45.77812" lon="6.1152">
        <ele>1317</ele>
      </trkpt>
      <trkpt lat="45.77806" lon="6.11526">
        <ele>1315</ele>
      </trkpt>
      <trkpt lat="45.77799" lon="6.1153">
        <ele>1312</ele>
      </trkpt>
      <trkpt lat="45.77793" lon="6.11538">
        <ele>1310</ele>
      </trkpt>
      <trkpt lat="45.77796" lon="6.11547">
        <ele>1308</ele>
      </trkpt>
      <trkpt lat="45.77801" lon="6.11549">
        <ele>1306</ele>
      </trkpt>
      <trkpt lat="45.77815" lon="6.11556">
        <ele>1304</ele>
      </trkpt>
      <trkpt lat="45.7783" lon="6.11565">
        <ele>1302</ele>
      </trkpt>
      <trkpt lat="45.77837" lon="6.11577">
        <ele>1300</ele>
      </trkpt>
      <trkpt lat="45.77843" lon="6.11581">
        <ele>1298</ele>
      </trkpt>
      <trkpt lat="45.77845" lon="6.11588">
        <ele>1295</ele>
      </trkpt>
      <trkpt lat="45.77841" lon="6.11598">
        <ele>1293</ele>
      </trkpt>
      <trkpt lat="45.77833" lon="6.11604">
        <ele>1291</ele>
      </trkpt>
      <trkpt lat="45.77826" lon="6.11609">
        <ele>1289</ele>
      </trkpt>
      <trkpt lat="45.77828" lon="6.11616">
        <ele>1287</ele>
      </trkpt>
      <trkpt lat="45.77835" lon="6.11623">
        <ele>1285</ele>
      </trkpt>
      <trkpt lat="45.77843" lon="6.11632">
        <ele>1283</ele>
      </trkpt>
      <trkpt lat="45.77859" lon="6.11648">
        <ele>1281</ele>
      </trkpt>
      <trkpt lat="45.77867" lon="6.11656">
        <ele>1279</ele>
      </trkpt>
      <trkpt lat="45.7787" lon="6.1166">
        <ele>1277</ele>
      </trkpt>
      <trkpt lat="45.7787" lon="6.11669">
        <ele>1275</ele>
      </trkpt>
      <trkpt lat="45.77869" lon="6.11672">
        <ele>1273</ele>
      </trkpt>
      <trkpt lat="45.77866" lon="6.11674">
        <ele>1271</ele>
      </trkpt>
      <trkpt lat="45.77862" lon="6.11675">
        <ele>1270</ele>
      </trkpt>
      <trkpt lat="45.77859" lon="6.11674">
        <ele>1268</ele>
      </trkpt>
      <trkpt lat="45.77846" lon="6.11675">
        <ele>1267</ele>
      </trkpt>
      <trkpt lat="45.77844" lon="6.1168">
        <ele>1265</ele>
      </trkpt>
      <trkpt lat="45.77845" lon="6.11686">
        <ele>1263</ele>
      </trkpt>
      <trkpt lat="45.77847" lon="6.11689">
        <ele>1262</ele>
      </trkpt>
      <trkpt lat="45.77858" lon="6.11703">
        <ele>1260</ele>
      </trkpt>
      <trkpt lat="45.7787" lon="6.11712">
        <ele>1258</ele>
      </trkpt>
      <trkpt lat="45.77883" lon="6.11726">
        <ele>1256</ele>
      </trkpt>
      <trkpt lat="45.77891" lon="6.11733">
        <ele>1255</ele>
      </trkpt>
      <trkpt lat="45.77898" lon="6.1174">
        <ele>1253</ele>
      </trkpt>
      <trkpt lat="45.77903" lon="6.11748">
        <ele>1251</ele>
      </trkpt>
      <trkpt lat="45.77904" lon="6.11757">
        <ele>1248</ele>
      </trkpt>
      <trkpt lat="45.77899" lon="6.11763">
        <ele>1246</ele>
      </trkpt>
      <trkpt lat="45.77896" lon="6.11773">
        <ele>1244</ele>
      </trkpt>
      <trkpt lat="45.77897" lon="6.1178">
        <ele>1241</ele>
      </trkpt>
      <trkpt lat="45.77916" lon="6.11787">
        <ele>1238</ele>
      </trkpt>
      <trkpt lat="45.77928" lon="6.11796">
        <ele>1235</ele>
      </trkpt>
      <trkpt lat="45.77941" lon="6.11815">
        <ele>1232</ele>
      </trkpt>
      <trkpt lat="45.77952" lon="6.11829">
        <ele>1229</ele>
      </trkpt>
      <trkpt lat="45.7796" lon="6.11842">
        <ele>1226</ele>
      </trkpt>
      <trkpt lat="45.77969" lon="6.11856">
        <ele>1223</ele>
      </trkpt>
      <trkpt lat="45.77979" lon="6.11872">
        <ele>1220</ele>
      </trkpt>
      <trkpt lat="45.77983" lon="6.11885">
        <ele>1216</ele>
      </trkpt>
      <trkpt lat="45.77984" lon="6.11891">
        <ele>1213</ele>
      </trkpt>
      <trkpt lat="45.77982" lon="6.11901">
        <ele>1210</ele>
      </trkpt>
      <trkpt lat="45.77985" lon="6.11914">
        <ele>1207</ele>
      </trkpt>
      <trkpt lat="45.77999" lon="6.11925">
        <ele>1204</ele>
      </trkpt>
      <trkpt lat="45.78012" lon="6.11935">
        <ele>1202</ele>
      </trkpt>
      <trkpt lat="45.78021" lon="6.11944">
        <ele>1199</ele>
      </trkpt>
      <trkpt lat="45.78029" lon="6.11959">
        <ele>1197</ele>
      </trkpt>
      <trkpt lat="45.78037" lon="6.11971">
        <ele>1194</ele>
      </trkpt>
      <trkpt lat="45.78041" lon="6.1198">
        <ele>1192</ele>
      </trkpt>
      <trkpt lat="45.78042" lon="6.11992">
        <ele>1190</ele>
      </trkpt>
      <trkpt lat="45.78042" lon="6.11997">
        <ele>1188</ele>
      </trkpt>
      <trkpt lat="45.78041" lon="6.11999">
        <ele>1186</ele>
      </trkpt>
      <trkpt lat="45.78039" lon="6.12">
        <ele>1184</ele>
      </trkpt>
      <trkpt lat="45.78038" lon="6.12001">
        <ele>1183</ele>
      </trkpt>
      <trkpt lat="45.78029" lon="6.11998">
        <ele>1181</ele>
      </trkpt>
      <trkpt lat="45.78016" lon="6.11996">
        <ele>1179</ele>
      </trkpt>
      <trkpt lat="45.78002" lon="6.11994">
        <ele>1177</ele>
      </trkpt>
      <trkpt lat="45.77991" lon="6.11991">
        <ele>1175</ele>
      </trkpt>
      <trkpt lat="45.77979" lon="6.11989">
        <ele>1173</ele>
      </trkpt>
      <trkpt lat="45.77967" lon="6.11988">
        <ele>1171</ele>
      </trkpt>
      <trkpt lat="45.77955" lon="6.11987">
        <ele>1168</ele>
      </trkpt>
      <trkpt lat="45.77941" lon="6.11987">
        <ele>1165</ele>
      </trkpt>
      <trkpt lat="45.77927" lon="6.11986">
        <ele>1162</ele>
      </trkpt>
      <trkpt lat="45.77908" lon="6.11985">
        <ele>1159</ele>
      </trkpt>
      <trkpt lat="45.77896" lon="6.11987">
        <ele>1155</ele>
      </trkpt>
      <trkpt lat="45.77881" lon="6.11988">
        <ele>1151</ele>
      </trkpt>
      <trkpt lat="45.77862" lon="6.11995">
        <ele>1147</ele>
      </trkpt>
      <trkpt lat="45.77849" lon="6.12001">
        <ele>1143</ele>
      </trkpt>
      <trkpt lat="45.77835" lon="6.12014">
        <ele>1138</ele>
      </trkpt>
      <trkpt lat="45.77823" lon="6.12028">
        <ele>1133</ele>
      </trkpt>
      <trkpt lat="45.77815" lon="6.12042">
        <ele>1128</ele>
      </trkpt>
      <trkpt lat="45.77804" lon="6.12049">
        <ele>1123</ele>
      </trkpt>
      <trkpt lat="45.77792" lon="6.12054">
        <ele>1118</ele>
      </trkpt>
      <trkpt lat="45.77781" lon="6.12064">
        <ele>1113</ele>
      </trkpt>
      <trkpt lat="45.77768" lon="6.12071">
        <ele>1108</ele>
      </trkpt>
      <trkpt lat="45.7775" lon="6.12081">
        <ele>1103</ele>
      </trkpt>
      <trkpt lat="45.77743" lon="6.12089">
        <ele>1099</ele>
      </trkpt>
      <trkpt lat="45.77744" lon="6.12099">
        <ele>1095</ele>
      </trkpt>
      <trkpt lat="45.77742" lon="6.12108">
        <ele>1091</ele>
      </trkpt>
      <trkpt lat="45.77738" lon="6.12116">
        <ele>1086</ele>
      </trkpt>
      <trkpt lat="45.77725" lon="6.12125">
        <ele>1081</ele>
      </trkpt>
      <trkpt lat="45.77714" lon="6.12134">
        <ele>1076</ele>
      </trkpt>
      <trkpt lat="45.77708" lon="6.12144">
        <ele>1071</ele>
      </trkpt>
      <trkpt lat="45.77706" lon="6.12157">
        <ele>1067</ele>
      </trkpt>
      <trkpt lat="45.77693" lon="6.12152">
        <ele>1063</ele>
      </trkpt>
      <trkpt lat="45.77678" lon="6.12153">
        <ele>1059</ele>
      </trkpt>
      <trkpt lat="45.77664" lon="6.12157">
        <ele>1055</ele>
      </trkpt>
      <trkpt lat="45.77645" lon="6.12167">
        <ele>1050</ele>
      </trkpt>
      <trkpt lat="45.77635" lon="6.12174">
        <ele>1045</ele>
      </trkpt>
      <trkpt lat="45.77625" lon="6.12185">
        <ele>1040</ele>
      </trkpt>
      <trkpt lat="45.77622" lon="6.122">
        <ele>1037</ele>
      </trkpt>
      <trkpt lat="45.77614" lon="6.12218">
        <ele>1034</ele>
      </trkpt>
      <trkpt lat="45.77603" lon="6.12222">
        <ele>1031</ele>
      </trkpt>
      <trkpt lat="45.77589" lon="6.12228">
        <ele>1028</ele>
      </trkpt>
      <trkpt lat="45.77575" lon="6.12234">
        <ele>1025</ele>
      </trkpt>
      <trkpt lat="45.77555" lon="6.12245">
        <ele>1020</ele>
      </trkpt>
      <trkpt lat="45.77535" lon="6.12255">
        <ele>1016</ele>
      </trkpt>
      <trkpt lat="45.77517" lon="6.12268">
        <ele>1012</ele>
      </trkpt>
      <trkpt lat="45.77503" lon="6.12278">
        <ele>1009</ele>
      </trkpt>
      <trkpt lat="45.77494" lon="6.12292">
        <ele>1006</ele>
      </trkpt>
      <trkpt lat="45.77494" lon="6.12305">
        <ele>1003</ele>
      </trkpt>
      <trkpt lat="45.77492" lon="6.12317">
        <ele>1000</ele>
      </trkpt>
      <trkpt lat="45.77488" lon="6.12342">
        <ele>997</ele>
      </trkpt>
      <trkpt lat="45.77485" lon="6.12349">
        <ele>994</ele>
      </trkpt>
      <trkpt lat="45.77483" lon="6.12351">
        <ele>992</ele>
      </trkpt>
      <trkpt lat="45.7748" lon="6.12353">
        <ele>989</ele>
      </trkpt>
      <trkpt lat="45.77477" lon="6.12353">
        <ele>988</ele>
      </trkpt>
      <trkpt lat="45.77475" lon="6.12352">
        <ele>987</ele>
      </trkpt>
      <trkpt lat="45.77465" lon="6.12348">
        <ele>986</ele>
      </trkpt>
      <trkpt lat="45.77457" lon="6.12343">
        <ele>985</ele>
      </trkpt>
      <trkpt lat="45.77447" lon="6.12337">
        <ele>984</ele>
      </trkpt>
      <trkpt lat="45.77428" lon="6.12332">
        <ele>983</ele>
      </trkpt>
      <trkpt lat="45.77412" lon="6.12327">
        <ele>982</ele>
      </trkpt>
      <trkpt lat="45.7741" lon="6.12327">
        <ele>981</ele>
      </trkpt>
      <trkpt lat="45.77406" lon="6.12328">
        <ele>980</ele>
      </trkpt>
      <trkpt lat="45.77406" lon="6.12328">
        <ele>978</ele>
      </trkpt>
      <trkpt lat="45.77401" lon="6.12334">
        <ele>977</ele>
      </trkpt>
      <trkpt lat="45.77393" lon="6.12346">
        <ele>976</ele>
      </trkpt>
      <trkpt lat="45.7739" lon="6.12351">
        <ele>974</ele>
      </trkpt>
      <trkpt lat="45.7738" lon="6.12363">
        <ele>973</ele>
      </trkpt>
      <trkpt lat="45.77373" lon="6.12374">
        <ele>971</ele>
      </trkpt>
      <trkpt lat="45.77369" lon="6.12381">
        <ele>969</ele>
      </trkpt>
      <trkpt lat="45.77366" lon="6.12394">
        <ele>968</ele>
      </trkpt>
      <trkpt lat="45.77363" lon="6.12409">
        <ele>966</ele>
      </trkpt>
      <trkpt lat="45.77362" lon="6.12417">
        <ele>965</ele>
      </trkpt>
      <trkpt lat="45.7736" lon="6.12425">
        <ele>963</ele>
      </trkpt>
      <trkpt lat="45.77358" lon="6.12432">
        <ele>962</ele>
      </trkpt>
      <trkpt lat="45.77355" lon="6.12438">
        <ele>960</ele>
      </trkpt>
      <trkpt lat="45.77348" lon="6.12449">
        <ele>958</ele>
      </trkpt>
      <trkpt lat="45.7734" lon="6.12464">
        <ele>956</ele>
      </trkpt>
      <trkpt lat="45.77327" lon="6.12488">
        <ele>954</ele>
      </trkpt>
      <trkpt lat="45.77323" lon="6.12494">
        <ele>952</ele>
      </trkpt>
      <trkpt lat="45.77317" lon="6.12496">
        <ele>951</ele>
      </trkpt>
      <trkpt lat="45.77315" lon="6.12499">
        <ele>950</ele>
      </trkpt>
      <trkpt lat="45.77312" lon="6.12508">
        <ele>948</ele>
      </trkpt>
      <trkpt lat="45.77309" lon="6.12518">
        <ele>947</ele>
      </trkpt>
      <trkpt lat="45.77309" lon="6.12524">
        <ele>946</ele>
      </trkpt>
      <trkpt lat="45.7731" lon="6.12532">
        <ele>944</ele>
      </trkpt>
      <trkpt lat="45.77313" lon="6.1254">
        <ele>944</ele>
      </trkpt>
      <trkpt lat="45.77316" lon="6.12545">
        <ele>943</ele>
      </trkpt>
      <trkpt lat="45.7732" lon="6.1255">
        <ele>943</ele>
      </trkpt>
      <trkpt lat="45.77325" lon="6.12553">
        <ele>942</ele>
      </trkpt>
      <trkpt lat="45.77327" lon="6.12555">
        <ele>941</ele>
      </trkpt>
      <trkpt lat="45.77329" lon="6.12563">
        <ele>941</ele>
      </trkpt>
      <trkpt lat="45.77332" lon="6.12573">
        <ele>940</ele>
      </trkpt>
      <trkpt lat="45.77331" lon="6.12576">
        <ele>940</ele>
      </trkpt>
      <trkpt lat="45.77326" lon="6.12592">
        <ele>938</ele>
      </trkpt>
      <trkpt lat="45.77325" lon="6.12611">
        <ele>937</ele>
      </trkpt>
      <trkpt lat="45.77322" lon="6.12627">
        <ele>935</ele>
      </trkpt>
      <trkpt lat="45.77319" lon="6.12636">
        <ele>933</ele>
      </trkpt>
      <trkpt lat="45.77323" lon="6.12638">
        <ele>931</ele>
      </trkpt>
      <trkpt lat="45.77321" lon="6.12646">
        <ele>930</ele>
      </trkpt>
      <trkpt lat="45.77316" lon="6.12669">
        <ele>928</ele>
      </trkpt>
      <trkpt lat="45.7731" lon="6.12691">
        <ele>926</ele>
      </trkpt>
      <trkpt lat="45.77301" lon="6.12721">
        <ele>923</ele>
      </trkpt>
      <trkpt lat="45.77293" lon="6.1275">
        <ele>921</ele>
      </trkpt>
      <trkpt lat="45.77289" lon="6.12757">
        <ele>919</ele>
      </trkpt>
      <trkpt lat="45.7728" lon="6.12776">
        <ele>917</ele>
      </trkpt>
      <trkpt lat="45.77267" lon="6.128">
        <ele>915</ele>
      </trkpt>
      <trkpt lat="45.77256" lon="6.1282">
        <ele>913</ele>
      </trkpt>
      <trkpt lat="45.77246" lon="6.12838">
        <ele>911</ele>
      </trkpt>
      <trkpt lat="45.77234" lon="6.12855">
        <ele>910</ele>
      </trkpt>
      <trkpt lat="45.77226" lon="6.12871">
        <ele>908</ele>
      </trkpt>
      <trkpt lat="45.77218" lon="6.12887">
        <ele>907</ele>
      </trkpt>
      <trkpt lat="45.77211" lon="6.12909">
        <ele>906</ele>
      </trkpt>
      <trkpt lat="45.77202" lon="6.12934">
        <ele>905</ele>
      </trkpt>
      <trkpt lat="45.77199" lon="6.12945">
        <ele>904</ele>
      </trkpt>
      <trkpt lat="45.77197" lon="6.12954">
        <ele>904</ele>
      </trkpt>
      <trkpt lat="45.77195" lon="6.12966">
        <ele>904</ele>
      </trkpt>
      <trkpt lat="45.77194" lon="6.12971">
        <ele>903</ele>
      </trkpt>
      <trkpt lat="45.77195" lon="6.12983">
        <ele>903</ele>
      </trkpt>
      <trkpt lat="45.77194" lon="6.13003">
        <ele>903</ele>
      </trkpt>
      <trkpt lat="45.77194" lon="6.13009">
        <ele>903</ele>
      </trkpt>
      <trkpt lat="45.77196" lon="6.13014">
        <ele>903</ele>
      </trkpt>
      <trkpt lat="45.77198" lon="6.13015">
        <ele>903</ele>
      </trkpt>
      <trkpt lat="45.772" lon="6.13017">
        <ele>903</ele>
      </trkpt>
      <trkpt lat="45.772" lon="6.13024">
        <ele>903</ele>
      </trkpt>
      <trkpt lat="45.77198" lon="6.13048">
        <ele>902</ele>
      </trkpt>
      <trkpt lat="45.77197" lon="6.13073">
        <ele>902</ele>
      </trkpt>
      <trkpt lat="45.77194" lon="6.13101">
        <ele>901</ele>
      </trkpt>
      <trkpt lat="45.77193" lon="6.1311">
        <ele>901</ele>
      </trkpt>
      <trkpt lat="45.77191" lon="6.13121">
        <ele>900</ele>
      </trkpt>
      <trkpt lat="45.77187" lon="6.13142">
        <ele>899</ele>
      </trkpt>
      <trkpt lat="45.77183" lon="6.13157">
        <ele>899</ele>
      </trkpt>
      <trkpt lat="45.77181" lon="6.13163">
        <ele>898</ele>
      </trkpt>
      <trkpt lat="45.77177" lon="6.13179">
        <ele>898</ele>
      </trkpt>
      <trkpt lat="45.77171" lon="6.13202">
        <ele>898</ele>
      </trkpt>
      <trkpt lat="45.77165" lon="6.13224">
        <ele>898</ele>
      </trkpt>
      <trkpt lat="45.7716" lon="6.13239">
        <ele>898</ele>
      </trkpt>
      <trkpt lat="45.77155" lon="6.13254">
        <ele>898</ele>
      </trkpt>
      <trkpt lat="45.77152" lon="6.13267">
        <ele>899</ele>
      </trkpt>
      <trkpt lat="45.77144" lon="6.1329">
        <ele>900</ele>
      </trkpt>
      <trkpt lat="45.77138" lon="6.13302">
        <ele>900</ele>
      </trkpt>
      <trkpt lat="45.7713" lon="6.13312">
        <ele>901</ele>
      </trkpt>
      <trkpt lat="45.77118" lon="6.13324">
        <ele>902</ele>
      </trkpt>
      <trkpt lat="45.77105" lon="6.13336">
        <ele>903</ele>
      </trkpt>
      <trkpt lat="45.77087" lon="6.13351">
        <ele>904</ele>
      </trkpt>
      <trkpt lat="45.77078" lon="6.13357">
        <ele>905</ele>
      </trkpt>
      <trkpt lat="45.77069" lon="6.13359">
        <ele>906</ele>
      </trkpt>
      <trkpt lat="45.77058" lon="6.13358">
        <ele>907</ele>
      </trkpt>
      <trkpt lat="45.7704" lon="6.13354">
        <ele>908</ele>
      </trkpt>
      <trkpt lat="45.77028" lon="6.13355">
        <ele>909</ele>
      </trkpt>
      <trkpt lat="45.77017" lon="6.13358">
        <ele>910</ele>
      </trkpt>
      <trkpt lat="45.77006" lon="6.13365">
        <ele>911</ele>
      </trkpt>
      <trkpt lat="45.77" lon="6.13375">
        <ele>912</ele>
      </trkpt>
      <trkpt lat="45.76999" lon="6.13385">
        <ele>912</ele>
      </trkpt>
      <trkpt lat="45.77" lon="6.13394">
        <ele>913</ele>
      </trkpt>
      <trkpt lat="45.77005" lon="6.13403">
        <ele>914</ele>
      </trkpt>
      <trkpt lat="45.77012" lon="6.13411">
        <ele>915</ele>
      </trkpt>
      <trkpt lat="45.77029" lon="6.13422">
        <ele>916</ele>
      </trkpt>
      <trkpt lat="45.77036" lon="6.13429">
        <ele>917</ele>
      </trkpt>
      <trkpt lat="45.77041" lon="6.13436">
        <ele>918</ele>
      </trkpt>
      <trkpt lat="45.77043" lon="6.13445">
        <ele>919</ele>
      </trkpt>
      <trkpt lat="45.77042" lon="6.13458">
        <ele>920</ele>
      </trkpt>
      <trkpt lat="45.77037" lon="6.13475">
        <ele>921</ele>
      </trkpt>
      <trkpt lat="45.77026" lon="6.13501">
        <ele>922</ele>
      </trkpt>
      <trkpt lat="45.77015" lon="6.13524">
        <ele>923</ele>
      </trkpt>
      <trkpt lat="45.77005" lon="6.13543">
        <ele>924</ele>
      </trkpt>
      <trkpt lat="45.76989" lon="6.13565">
        <ele>925</ele>
      </trkpt>
      <trkpt lat="45.76977" lon="6.13578">
        <ele>926</ele>
      </trkpt>
      <trkpt lat="45.76965" lon="6.13592">
        <ele>926</ele>
      </trkpt>
      <trkpt lat="45.76954" lon="6.13605">
        <ele>927</ele>
      </trkpt>
      <trkpt lat="45.76943" lon="6.1362">
        <ele>928</ele>
      </trkpt>
      <trkpt lat="45.76937" lon="6.13634">
        <ele>929</ele>
      </trkpt>
      <trkpt lat="45.76934" lon="6.1364">
        <ele>930</ele>
      </trkpt>
      <trkpt lat="45.76929" lon="6.1366">
        <ele>931</ele>
      </trkpt>
      <trkpt lat="45.76924" lon="6.1368">
        <ele>931</ele>
      </trkpt>
      <trkpt lat="45.76919" lon="6.13704">
        <ele>932</ele>
      </trkpt>
      <trkpt lat="45.76913" lon="6.13728">
        <ele>933</ele>
      </trkpt>
      <trkpt lat="45.76913" lon="6.1374">
        <ele>934</ele>
      </trkpt>
      <trkpt lat="45.76914" lon="6.13753">
        <ele>934</ele>
      </trkpt>
      <trkpt lat="45.76919" lon="6.13771">
        <ele>935</ele>
      </trkpt>
      <trkpt lat="45.76926" lon="6.13791">
        <ele>936</ele>
      </trkpt>
      <trkpt lat="45.76933" lon="6.13811">
        <ele>936</ele>
      </trkpt>
      <trkpt lat="45.76938" lon="6.13827">
        <ele>937</ele>
      </trkpt>
      <trkpt lat="45.76941" lon="6.13841">
        <ele>937</ele>
      </trkpt>
      <trkpt lat="45.76943" lon="6.13863">
        <ele>937</ele>
      </trkpt>
      <trkpt lat="45.76945" lon="6.13883">
        <ele>937</ele>
      </trkpt>
      <trkpt lat="45.76947" lon="6.13902">
        <ele>937</ele>
      </trkpt>
      <trkpt lat="45.7695" lon="6.13931">
        <ele>937</ele>
      </trkpt>
      <trkpt lat="45.76954" lon="6.13947">
        <ele>937</ele>
      </trkpt>
      <trkpt lat="45.76957" lon="6.13963">
        <ele>937</ele>
      </trkpt>
      <trkpt lat="45.76964" lon="6.13993">
        <ele>937</ele>
      </trkpt>
      <trkpt lat="45.76969" lon="6.14008">
        <ele>937</ele>
      </trkpt>
      <trkpt lat="45.76977" lon="6.14024">
        <ele>937</ele>
      </trkpt>
      <trkpt lat="45.76978" lon="6.14026">
        <ele>936</ele>
      </trkpt>
      <trkpt lat="45.76986" lon="6.14042">
        <ele>936</ele>
      </trkpt>
      <trkpt lat="45.7699" lon="6.14055">
        <ele>936</ele>
      </trkpt>
      <trkpt lat="45.76992" lon="6.14066">
        <ele>936</ele>
      </trkpt>
      <trkpt lat="45.76993" lon="6.14084">
        <ele>936</ele>
      </trkpt>
      <trkpt lat="45.76994" lon="6.14102">
        <ele>936</ele>
      </trkpt>
      <trkpt lat="45.76996" lon="6.14107">
        <ele>936</ele>
      </trkpt>
      <trkpt lat="45.76996" lon="6.14108">
        <ele>936</ele>
      </trkpt>
      <trkpt lat="45.76998" lon="6.14112">
        <ele>936</ele>
      </trkpt>
      <trkpt lat="45.77003" lon="6.14118">
        <ele>936</ele>
      </trkpt>
      <trkpt lat="45.77012" lon="6.14122">
        <ele>935</ele>
      </trkpt>
      <trkpt lat="45.77021" lon="6.14123">
        <ele>935</ele>
      </trkpt>
      <trkpt lat="45.7703" lon="6.14121">
        <ele>935</ele>
      </trkpt>
      <trkpt lat="45.77047" lon="6.14114">
        <ele>934</ele>
      </trkpt>
      <trkpt lat="45.77056" lon="6.1411">
        <ele>934</ele>
      </trkpt>
      <trkpt lat="45.77067" lon="6.14103">
        <ele>933</ele>
      </trkpt>
      <trkpt lat="45.77078" lon="6.14096">
        <ele>933</ele>
      </trkpt>
      <trkpt lat="45.77097" lon="6.14082">
        <ele>933</ele>
      </trkpt>
      <trkpt lat="45.77101" lon="6.14079">
        <ele>932</ele>
      </trkpt>
      <trkpt lat="45.77117" lon="6.14071">
        <ele>932</ele>
      </trkpt>
      <trkpt lat="45.77127" lon="6.14069">
        <ele>931</ele>
      </trkpt>
      <trkpt lat="45.77139" lon="6.14072">
        <ele>931</ele>
      </trkpt>
      <trkpt lat="45.77148" lon="6.14079">
        <ele>931</ele>
      </trkpt>
      <trkpt lat="45.77156" lon="6.14088">
        <ele>931</ele>
      </trkpt>
      <trkpt lat="45.77164" lon="6.14102">
        <ele>931</ele>
      </trkpt>
      <trkpt lat="45.77169" lon="6.14119">
        <ele>931</ele>
      </trkpt>
      <trkpt lat="45.77173" lon="6.14147">
        <ele>931</ele>
      </trkpt>
      <trkpt lat="45.77176" lon="6.14165">
        <ele>931</ele>
      </trkpt>
      <trkpt lat="45.7718" lon="6.14184">
        <ele>931</ele>
      </trkpt>
      <trkpt lat="45.77185" lon="6.14201">
        <ele>931</ele>
      </trkpt>
      <trkpt lat="45.77192" lon="6.14216">
        <ele>931</ele>
      </trkpt>
      <trkpt lat="45.77201" lon="6.14232">
        <ele>931</ele>
      </trkpt>
      <trkpt lat="45.7721" lon="6.14247">
        <ele>931</ele>
      </trkpt>
      <trkpt lat="45.77223" lon="6.14268">
        <ele>931</ele>
      </trkpt>
      <trkpt lat="45.77236" lon="6.14288">
        <ele>931</ele>
      </trkpt>
      <trkpt lat="45.77248" lon="6.14309">
        <ele>931</ele>
      </trkpt>
      <trkpt lat="45.77261" lon="6.14334">
        <ele>930</ele>
      </trkpt>
      <trkpt lat="45.77267" lon="6.1435">
        <ele>930</ele>
      </trkpt>
      <trkpt lat="45.77271" lon="6.14367">
        <ele>930</ele>
      </trkpt>
      <trkpt lat="45.77272" lon="6.1438">
        <ele>930</ele>
      </trkpt>
      <trkpt lat="45.77269" lon="6.14396">
        <ele>930</ele>
      </trkpt>
      <trkpt lat="45.77262" lon="6.14419">
        <ele>929</ele>
      </trkpt>
      <trkpt lat="45.77257" lon="6.14438">
        <ele>929</ele>
      </trkpt>
      <trkpt lat="45.77255" lon="6.14456">
        <ele>929</ele>
      </trkpt>
      <trkpt lat="45.77257" lon="6.14474">
        <ele>929</ele>
      </trkpt>
      <trkpt lat="45.77258" lon="6.14493">
        <ele>929</ele>
      </trkpt>
      <trkpt lat="45.7726" lon="6.14514">
        <ele>929</ele>
      </trkpt>
      <trkpt lat="45.77262" lon="6.14536">
        <ele>928</ele>
      </trkpt>
      <trkpt lat="45.77265" lon="6.14547">
        <ele>928</ele>
      </trkpt>
      <trkpt lat="45.77268" lon="6.14553">
        <ele>928</ele>
      </trkpt>
      <trkpt lat="45.77275" lon="6.14567">
        <ele>928</ele>
      </trkpt>
      <trkpt lat="45.77282" lon="6.14581">
        <ele>928</ele>
      </trkpt>
      <trkpt lat="45.77287" lon="6.14597">
        <ele>929</ele>
      </trkpt>
      <trkpt lat="45.77289" lon="6.14618">
        <ele>929</ele>
      </trkpt>
      <trkpt lat="45.77289" lon="6.14641">
        <ele>929</ele>
      </trkpt>
      <trkpt lat="45.77288" lon="6.14668">
        <ele>929</ele>
      </trkpt>
      <trkpt lat="45.7729" lon="6.14684">
        <ele>929</ele>
      </trkpt>
      <trkpt lat="45.77296" lon="6.14698">
        <ele>929</ele>
      </trkpt>
      <trkpt lat="45.77305" lon="6.14705">
        <ele>929</ele>
      </trkpt>
      <trkpt lat="45.77315" lon="6.14707">
        <ele>929</ele>
      </trkpt>
      <trkpt lat="45.77331" lon="6.14704">
        <ele>929</ele>
      </trkpt>
      <trkpt lat="45.77339" lon="6.14702">
        <ele>929</ele>
      </trkpt>
      <trkpt lat="45.77351" lon="6.14693">
        <ele>929</ele>
      </trkpt>
      <trkpt lat="45.77363" lon="6.14681">
        <ele>929</ele>
      </trkpt>
      <trkpt lat="45.77376" lon="6.14662">
        <ele>929</ele>
      </trkpt>
      <trkpt lat="45.77385" lon="6.14644">
        <ele>929</ele>
      </trkpt>
      <trkpt lat="45.77393" lon="6.14624">
        <ele>929</ele>
      </trkpt>
      <trkpt lat="45.774" lon="6.1461">
        <ele>929</ele>
      </trkpt>
      <trkpt lat="45.77406" lon="6.14604">
        <ele>929</ele>
      </trkpt>
      <trkpt lat="45.77414" lon="6.14603">
        <ele>930</ele>
      </trkpt>
      <trkpt lat="45.77422" lon="6.14605">
        <ele>930</ele>
      </trkpt>
      <trkpt lat="45.77432" lon="6.14613">
        <ele>931</ele>
      </trkpt>
      <trkpt lat="45.77449" lon="6.14628">
        <ele>932</ele>
      </trkpt>
      <trkpt lat="45.77456" lon="6.14632">
        <ele>933</ele>
      </trkpt>
      <trkpt lat="45.77465" lon="6.14634">
        <ele>933</ele>
      </trkpt>
      <trkpt lat="45.77467" lon="6.14634">
        <ele>934</ele>
      </trkpt>
      <trkpt lat="45.77487" lon="6.14636">
        <ele>935</ele>
      </trkpt>
      <trkpt lat="45.77495" lon="6.14639">
        <ele>936</ele>
      </trkpt>
      <trkpt lat="45.77504" lon="6.14649">
        <ele>937</ele>
      </trkpt>
      <trkpt lat="45.77515" lon="6.14667">
        <ele>938</ele>
      </trkpt>
      <trkpt lat="45.7752" lon="6.14679">
        <ele>939</ele>
      </trkpt>
      <trkpt lat="45.77523" lon="6.14692">
        <ele>940</ele>
      </trkpt>
      <trkpt lat="45.7753" lon="6.14718">
        <ele>940</ele>
      </trkpt>
      <trkpt lat="45.77536" lon="6.14731">
        <ele>941</ele>
      </trkpt>
      <trkpt lat="45.7754" lon="6.14736">
        <ele>941</ele>
      </trkpt>
      <trkpt lat="45.77544" lon="6.14742">
        <ele>942</ele>
      </trkpt>
      <trkpt lat="45.77554" lon="6.14751">
        <ele>942</ele>
      </trkpt>
      <trkpt lat="45.77566" lon="6.14757">
        <ele>942</ele>
      </trkpt>
      <trkpt lat="45.77577" lon="6.14763">
        <ele>942</ele>
      </trkpt>
      <trkpt lat="45.77589" lon="6.14769">
        <ele>942</ele>
      </trkpt>
      <trkpt lat="45.77601" lon="6.14775">
        <ele>942</ele>
      </trkpt>
      <trkpt lat="45.77609" lon="6.14782">
        <ele>942</ele>
      </trkpt>
      <trkpt lat="45.77612" lon="6.14788">
        <ele>942</ele>
      </trkpt>
      <trkpt lat="45.77616" lon="6.14794">
        <ele>941</ele>
      </trkpt>
      <trkpt lat="45.77623" lon="6.14811">
        <ele>941</ele>
      </trkpt>
      <trkpt lat="45.77627" lon="6.14829">
        <ele>941</ele>
      </trkpt>
      <trkpt lat="45.77631" lon="6.14847">
        <ele>941</ele>
      </trkpt>
      <trkpt lat="45.77634" lon="6.14864">
        <ele>940</ele>
      </trkpt>
      <trkpt lat="45.77638" lon="6.14881">
        <ele>940</ele>
      </trkpt>
      <trkpt lat="45.77639" lon="6.14896">
        <ele>940</ele>
      </trkpt>
      <trkpt lat="45.77637" lon="6.14909">
        <ele>940</ele>
      </trkpt>
      <trkpt lat="45.77633" lon="6.1492">
        <ele>941</ele>
      </trkpt>
      <trkpt lat="45.77626" lon="6.14933">
        <ele>941</ele>
      </trkpt>
      <trkpt lat="45.77622" lon="6.14942">
        <ele>941</ele>
      </trkpt>
      <trkpt lat="45.77623" lon="6.14957">
        <ele>941</ele>
      </trkpt>
      <trkpt lat="45.77627" lon="6.14967">
        <ele>941</ele>
      </trkpt>
      <trkpt lat="45.77633" lon="6.14972">
        <ele>941</ele>
      </trkpt>
      <trkpt lat="45.77642" lon="6.14974">
        <ele>941</ele>
      </trkpt>
      <trkpt lat="45.77642" lon="6.14974">
        <ele>941</ele>
      </trkpt>
      <trkpt lat="45.77664" lon="6.1497">
        <ele>941</ele>
      </trkpt>
      <trkpt lat="45.77682" lon="6.14968">
        <ele>941</ele>
      </trkpt>
      <trkpt lat="45.77693" lon="6.1497">
        <ele>941</ele>
      </trkpt>
      <trkpt lat="45.77701" lon="6.14973">
        <ele>941</ele>
      </trkpt>
      <trkpt lat="45.77711" lon="6.1498">
        <ele>941</ele>
      </trkpt>
      <trkpt lat="45.7772" lon="6.14993">
        <ele>941</ele>
      </trkpt>
      <trkpt lat="45.7773" lon="6.15006">
        <ele>942</ele>
      </trkpt>
      <trkpt lat="45.77741" lon="6.15021">
        <ele>943</ele>
      </trkpt>
      <trkpt lat="45.77744" lon="6.15031">
        <ele>944</ele>
      </trkpt>
      <trkpt lat="45.77737" lon="6.1504">
        <ele>945</ele>
      </trkpt>
      <trkpt lat="45.77724" lon="6.15055">
        <ele>946</ele>
      </trkpt>
      <trkpt lat="45.77711" lon="6.15069">
        <ele>948</ele>
      </trkpt>
      <trkpt lat="45.777" lon="6.15081">
        <ele>950</ele>
      </trkpt>
      <trkpt lat="45.7769" lon="6.15088">
        <ele>952</ele>
      </trkpt>
      <trkpt lat="45.7768" lon="6.15091">
        <ele>953</ele>
      </trkpt>
      <trkpt lat="45.77668" lon="6.15092">
        <ele>955</ele>
      </trkpt>
      <trkpt lat="45.77654" lon="6.15089">
        <ele>957</ele>
      </trkpt>
      <trkpt lat="45.77634" lon="6.15082">
        <ele>959</ele>
      </trkpt>
      <trkpt lat="45.77621" lon="6.15077">
        <ele>961</ele>
      </trkpt>
      <trkpt lat="45.77609" lon="6.15072">
        <ele>963</ele>
      </trkpt>
      <trkpt lat="45.77595" lon="6.15067">
        <ele>964</ele>
      </trkpt>
      <trkpt lat="45.77584" lon="6.15068">
        <ele>966</ele>
      </trkpt>
      <trkpt lat="45.77569" lon="6.15073">
        <ele>968</ele>
      </trkpt>
      <trkpt lat="45.77555" lon="6.15079">
        <ele>969</ele>
      </trkpt>
      <trkpt lat="45.77548" lon="6.15084">
        <ele>971</ele>
      </trkpt>
      <trkpt lat="45.77541" lon="6.1509">
        <ele>973</ele>
      </trkpt>
      <trkpt lat="45.77534" lon="6.15095">
        <ele>974</ele>
      </trkpt>
      <trkpt lat="45.77525" lon="6.15107">
        <ele>976</ele>
      </trkpt>
      <trkpt lat="45.77514" lon="6.15123">
        <ele>977</ele>
      </trkpt>
      <trkpt lat="45.77507" lon="6.15132">
        <ele>978</ele>
      </trkpt>
      <trkpt lat="45.77499" lon="6.1514">
        <ele>980</ele>
      </trkpt>
      <trkpt lat="45.77486" lon="6.15152">
        <ele>981</ele>
      </trkpt>
      <trkpt lat="45.77479" lon="6.15154">
        <ele>982</ele>
      </trkpt>
      <trkpt lat="45.77478" lon="6.15154">
        <ele>983</ele>
      </trkpt>
      <trkpt lat="45.77471" lon="6.15154">
        <ele>983</ele>
      </trkpt>
      <trkpt lat="45.77466" lon="6.1515">
        <ele>984</ele>
      </trkpt>
      <trkpt lat="45.77463" lon="6.15136">
        <ele>984</ele>
      </trkpt>
      <trkpt lat="45.77463" lon="6.15119">
        <ele>985</ele>
      </trkpt>
      <trkpt lat="45.77462" lon="6.15112">
        <ele>985</ele>
      </trkpt>
      <trkpt lat="45.77461" lon="6.15106">
        <ele>985</ele>
      </trkpt>
      <trkpt lat="45.77457" lon="6.151">
        <ele>986</ele>
      </trkpt>
      <trkpt lat="45.7745" lon="6.15094">
        <ele>986</ele>
      </trkpt>
      <trkpt lat="45.77438" lon="6.15087">
        <ele>986</ele>
      </trkpt>
      <trkpt lat="45.77426" lon="6.1508">
        <ele>987</ele>
      </trkpt>
      <trkpt lat="45.77413" lon="6.15072">
        <ele>987</ele>
      </trkpt>
      <trkpt lat="45.77406" lon="6.15068">
        <ele>987</ele>
      </trkpt>
      <trkpt lat="45.77385" lon="6.15061">
        <ele>988</ele>
      </trkpt>
      <trkpt lat="45.7737" lon="6.15056">
        <ele>988</ele>
      </trkpt>
      <trkpt lat="45.77355" lon="6.15052">
        <ele>989</ele>
      </trkpt>
      <trkpt lat="45.77341" lon="6.15047">
        <ele>989</ele>
      </trkpt>
      <trkpt lat="45.77329" lon="6.15045">
        <ele>989</ele>
      </trkpt>
      <trkpt lat="45.77318" lon="6.15043">
        <ele>990</ele>
      </trkpt>
      <trkpt lat="45.77299" lon="6.15038">
        <ele>990</ele>
      </trkpt>
      <trkpt lat="45.77292" lon="6.15036">
        <ele>990</ele>
      </trkpt>
      <trkpt lat="45.7728" lon="6.15028">
        <ele>990</ele>
      </trkpt>
      <trkpt lat="45.77269" lon="6.15022">
        <ele>990</ele>
      </trkpt>
      <trkpt lat="45.77259" lon="6.15015">
        <ele>990</ele>
      </trkpt>
      <trkpt lat="45.77241" lon="6.15009">
        <ele>990</ele>
      </trkpt>
      <trkpt lat="45.77231" lon="6.15006">
        <ele>990</ele>
      </trkpt>
      <trkpt lat="45.77218" lon="6.15006">
        <ele>990</ele>
      </trkpt>
      <trkpt lat="45.77197" lon="6.15008">
        <ele>990</ele>
      </trkpt>
      <trkpt lat="45.77181" lon="6.15011">
        <ele>990</ele>
      </trkpt>
      <trkpt lat="45.77175" lon="6.15014">
        <ele>990</ele>
      </trkpt>
      <trkpt lat="45.77163" lon="6.15025">
        <ele>990</ele>
      </trkpt>
      <trkpt lat="45.77151" lon="6.15042">
        <ele>990</ele>
      </trkpt>
      <trkpt lat="45.77141" lon="6.15052">
        <ele>991</ele>
      </trkpt>
      <trkpt lat="45.77131" lon="6.15061">
        <ele>991</ele>
      </trkpt>
      <trkpt lat="45.77117" lon="6.15069">
        <ele>991</ele>
      </trkpt>
      <trkpt lat="45.77108" lon="6.15073">
        <ele>992</ele>
      </trkpt>
      <trkpt lat="45.77098" lon="6.15075">
        <ele>993</ele>
      </trkpt>
      <trkpt lat="45.77087" lon="6.15075">
        <ele>993</ele>
      </trkpt>
      <trkpt lat="45.77078" lon="6.15074">
        <ele>994</ele>
      </trkpt>
      <trkpt lat="45.77064" lon="6.15075">
        <ele>995</ele>
      </trkpt>
      <trkpt lat="45.77044" lon="6.15075">
        <ele>996</ele>
      </trkpt>
      <trkpt lat="45.77024" lon="6.15076">
        <ele>998</ele>
      </trkpt>
      <trkpt lat="45.77001" lon="6.15077">
        <ele>999</ele>
      </trkpt>
      <trkpt lat="45.76992" lon="6.15078">
        <ele>1000</ele>
      </trkpt>
      <trkpt lat="45.76984" lon="6.15076">
        <ele>1002</ele>
      </trkpt>
      <trkpt lat="45.76972" lon="6.15073">
        <ele>1003</ele>
      </trkpt>
      <trkpt lat="45.76964" lon="6.15071">
        <ele>1005</ele>
      </trkpt>
      <trkpt lat="45.76956" lon="6.1507">
        <ele>1006</ele>
      </trkpt>
      <trkpt lat="45.76953" lon="6.1507">
        <ele>1008</ele>
      </trkpt>
      <trkpt lat="45.76945" lon="6.15073">
        <ele>1009</ele>
      </trkpt>
      <trkpt lat="45.76936" lon="6.15082">
        <ele>1011</ele>
      </trkpt>
      <trkpt lat="45.76928" lon="6.15084">
        <ele>1013</ele>
      </trkpt>
      <trkpt lat="45.76921" lon="6.15084">
        <ele>1014</ele>
      </trkpt>
      <trkpt lat="45.76914" lon="6.15082">
        <ele>1016</ele>
      </trkpt>
      <trkpt lat="45.76893" lon="6.15083">
        <ele>1017</ele>
      </trkpt>
      <trkpt lat="45.76883" lon="6.15081">
        <ele>1019</ele>
      </trkpt>
      <trkpt lat="45.76876" lon="6.15079">
        <ele>1020</ele>
      </trkpt>
      <trkpt lat="45.7687" lon="6.15075">
        <ele>1021</ele>
      </trkpt>
      <trkpt lat="45.76866" lon="6.15072">
        <ele>1022</ele>
      </trkpt>
      <trkpt lat="45.76866" lon="6.15066">
        <ele>1022</ele>
      </trkpt>
      <trkpt lat="45.76869" lon="6.15059">
        <ele>1023</ele>
      </trkpt>
      <trkpt lat="45.76872" lon="6.15053">
        <ele>1023</ele>
      </trkpt>
      <trkpt lat="45.76873" lon="6.15049">
        <ele>1023</ele>
      </trkpt>
      <trkpt lat="45.76875" lon="6.15042">
        <ele>1023</ele>
      </trkpt>
      <trkpt lat="45.76877" lon="6.15031">
        <ele>1023</ele>
      </trkpt>
      <trkpt lat="45.76877" lon="6.15018">
        <ele>1023</ele>
      </trkpt>
      <trkpt lat="45.76876" lon="6.15007">
        <ele>1023</ele>
      </trkpt>
      <trkpt lat="45.76876" lon="6.15001">
        <ele>1022</ele>
      </trkpt>
      <trkpt lat="45.76878" lon="6.14987">
        <ele>1022</ele>
      </trkpt>
      <trkpt lat="45.76881" lon="6.14972">
        <ele>1022</ele>
      </trkpt>
      <trkpt lat="45.76881" lon="6.14959">
        <ele>1023</ele>
      </trkpt>
      <trkpt lat="45.76879" lon="6.14949">
        <ele>1023</ele>
      </trkpt>
      <trkpt lat="45.76876" lon="6.14932">
        <ele>1023</ele>
      </trkpt>
      <trkpt lat="45.76873" lon="6.14916">
        <ele>1024</ele>
      </trkpt>
      <trkpt lat="45.76867" lon="6.14895">
        <ele>1024</ele>
      </trkpt>
      <trkpt lat="45.76862" lon="6.14874">
        <ele>1025</ele>
      </trkpt>
      <trkpt lat="45.76859" lon="6.14862">
        <ele>1026</ele>
      </trkpt>
      <trkpt lat="45.76853" lon="6.14855">
        <ele>1027</ele>
      </trkpt>
      <trkpt lat="45.76838" lon="6.14838">
        <ele>1028</ele>
      </trkpt>
      <trkpt lat="45.76832" lon="6.14832">
        <ele>1029</ele>
      </trkpt>
      <trkpt lat="45.76823" lon="6.14828">
        <ele>1030</ele>
      </trkpt>
      <trkpt lat="45.7681" lon="6.14827">
        <ele>1031</ele>
      </trkpt>
      <trkpt lat="45.76794" lon="6.14831">
        <ele>1032</ele>
      </trkpt>
      <trkpt lat="45.76779" lon="6.14834">
        <ele>1033</ele>
      </trkpt>
      <trkpt lat="45.76765" lon="6.14838">
        <ele>1035</ele>
      </trkpt>
      <trkpt lat="45.76753" lon="6.1484">
        <ele>1036</ele>
      </trkpt>
      <trkpt lat="45.76746" lon="6.14839">
        <ele>1037</ele>
      </trkpt>
      <trkpt lat="45.76733" lon="6.1483">
        <ele>1039</ele>
      </trkpt>
      <trkpt lat="45.76722" lon="6.14822">
        <ele>1040</ele>
      </trkpt>
      <trkpt lat="45.76722" lon="6.14822">
        <ele>1041</ele>
      </trkpt>
      <trkpt lat="45.76713" lon="6.1482">
        <ele>1042</ele>
      </trkpt>
      <trkpt lat="45.76694" lon="6.14816">
        <ele>1044</ele>
      </trkpt>
      <trkpt lat="45.76674" lon="6.14814">
        <ele>1045</ele>
      </trkpt>
      <trkpt lat="45.76658" lon="6.14816">
        <ele>1047</ele>
      </trkpt>
      <trkpt lat="45.76645" lon="6.14819">
        <ele>1048</ele>
      </trkpt>
      <trkpt lat="45.76631" lon="6.14821">
        <ele>1050</ele>
      </trkpt>
      <trkpt lat="45.76613" lon="6.14824">
        <ele>1051</ele>
      </trkpt>
      <trkpt lat="45.76595" lon="6.14823">
        <ele>1053</ele>
      </trkpt>
      <trkpt lat="45.76577" lon="6.14822">
        <ele>1054</ele>
      </trkpt>
      <trkpt lat="45.7657" lon="6.14824">
        <ele>1055</ele>
      </trkpt>
      <trkpt lat="45.76562" lon="6.14827">
        <ele>1057</ele>
      </trkpt>
      <trkpt lat="45.76546" lon="6.14836">
        <ele>1058</ele>
      </trkpt>
      <trkpt lat="45.76529" lon="6.14845">
        <ele>1059</ele>
      </trkpt>
      <trkpt lat="45.76514" lon="6.14851">
        <ele>1061</ele>
      </trkpt>
      <trkpt lat="45.76513" lon="6.14857">
        <ele>1062</ele>
      </trkpt>
      <trkpt lat="45.7651" lon="6.14864">
        <ele>1063</ele>
      </trkpt>
      <trkpt lat="45.76504" lon="6.14871">
        <ele>1065</ele>
      </trkpt>
      <trkpt lat="45.76498" lon="6.14876">
        <ele>1066</ele>
      </trkpt>
      <trkpt lat="45.76493" lon="6.14878">
        <ele>1068</ele>
      </trkpt>
      <trkpt lat="45.76487" lon="6.14883">
        <ele>1070</ele>
      </trkpt>
      <trkpt lat="45.76481" lon="6.14891">
        <ele>1071</ele>
      </trkpt>
      <trkpt lat="45.76472" lon="6.14913">
        <ele>1073</ele>
      </trkpt>
      <trkpt lat="45.76467" lon="6.14932">
        <ele>1075</ele>
      </trkpt>
      <trkpt lat="45.76464" lon="6.14948">
        <ele>1078</ele>
      </trkpt>
      <trkpt lat="45.76462" lon="6.14959">
        <ele>1080</ele>
      </trkpt>
      <trkpt lat="45.76461" lon="6.14975">
        <ele>1082</ele>
      </trkpt>
      <trkpt lat="45.76462" lon="6.14994">
        <ele>1084</ele>
      </trkpt>
      <trkpt lat="45.76461" lon="6.15005">
        <ele>1087</ele>
      </trkpt>
      <trkpt lat="45.7646" lon="6.15024">
        <ele>1089</ele>
      </trkpt>
      <trkpt lat="45.76457" lon="6.15044">
        <ele>1091</ele>
      </trkpt>
      <trkpt lat="45.76456" lon="6.15057">
        <ele>1093</ele>
      </trkpt>
      <trkpt lat="45.76454" lon="6.15073">
        <ele>1095</ele>
      </trkpt>
      <trkpt lat="45.76449" lon="6.15087">
        <ele>1096</ele>
      </trkpt>
      <trkpt lat="45.76444" lon="6.15095">
        <ele>1098</ele>
      </trkpt>
      <trkpt lat="45.76441" lon="6.15097">
        <ele>1099</ele>
      </trkpt>
      <trkpt lat="45.76437" lon="6.15098">
        <ele>1101</ele>
      </trkpt>
      <trkpt lat="45.76424" lon="6.15096">
        <ele>1102</ele>
      </trkpt>
      <trkpt lat="45.7641" lon="6.15092">
        <ele>1104</ele>
      </trkpt>
      <trkpt lat="45.76399" lon="6.15091">
        <ele>1105</ele>
      </trkpt>
      <trkpt lat="45.7639" lon="6.15094">
        <ele>1107</ele>
      </trkpt>
      <trkpt lat="45.76386" lon="6.15098">
        <ele>1109</ele>
      </trkpt>
      <trkpt lat="45.76382" lon="6.15112">
        <ele>1111</ele>
      </trkpt>
      <trkpt lat="45.76379" lon="6.15133">
        <ele>1113</ele>
      </trkpt>
      <trkpt lat="45.76378" lon="6.15154">
        <ele>1115</ele>
      </trkpt>
      <trkpt lat="45.76377" lon="6.15167">
        <ele>1118</ele>
      </trkpt>
      <trkpt lat="45.76372" lon="6.15198">
        <ele>1121</ele>
      </trkpt>
      <trkpt lat="45.76368" lon="6.15227">
        <ele>1124</ele>
      </trkpt>
      <trkpt lat="45.76366" lon="6.15238">
        <ele>1127</ele>
      </trkpt>
      <trkpt lat="45.76361" lon="6.15252">
        <ele>1130</ele>
      </trkpt>
      <trkpt lat="45.76359" lon="6.15263">
        <ele>1133</ele>
      </trkpt>
      <trkpt lat="45.76358" lon="6.15283">
        <ele>1136</ele>
      </trkpt>
      <trkpt lat="45.76357" lon="6.15302">
        <ele>1139</ele>
      </trkpt>
      <trkpt lat="45.76356" lon="6.1532">
        <ele>1142</ele>
      </trkpt>
      <trkpt lat="45.76355" lon="6.15338">
        <ele>1145</ele>
      </trkpt>
      <trkpt lat="45.76353" lon="6.15362">
        <ele>1148</ele>
      </trkpt>
      <trkpt lat="45.76351" lon="6.15372">
        <ele>1151</ele>
      </trkpt>
      <trkpt lat="45.76348" lon="6.15378">
        <ele>1153</ele>
      </trkpt>
      <trkpt lat="45.76341" lon="6.15389">
        <ele>1156</ele>
      </trkpt>
      <trkpt lat="45.76335" lon="6.15394">
        <ele>1159</ele>
      </trkpt>
      <trkpt lat="45.76328" lon="6.15398">
        <ele>1161</ele>
      </trkpt>
      <trkpt lat="45.76326" lon="6.15402">
        <ele>1164</ele>
      </trkpt>
      <trkpt lat="45.76326" lon="6.15411">
        <ele>1166</ele>
      </trkpt>
      <trkpt lat="45.76325" lon="6.15434">
        <ele>1168</ele>
      </trkpt>
      <trkpt lat="45.76323" lon="6.15452">
        <ele>1171</ele>
      </trkpt>
      <trkpt lat="45.76319" lon="6.15462">
        <ele>1173</ele>
      </trkpt>
      <trkpt lat="45.76317" lon="6.15469">
        <ele>1175</ele>
      </trkpt>
      <trkpt lat="45.76318" lon="6.1548">
        <ele>1177</ele>
      </trkpt>
      <trkpt lat="45.76322" lon="6.15489">
        <ele>1179</ele>
      </trkpt>
      <trkpt lat="45.76324" lon="6.15498">
        <ele>1181</ele>
      </trkpt>
      <trkpt lat="45.76324" lon="6.15499">
        <ele>1183</ele>
      </trkpt>
      <trkpt lat="45.76326" lon="6.1551">
        <ele>1185</ele>
      </trkpt>
      <trkpt lat="45.76326" lon="6.1552">
        <ele>1187</ele>
      </trkpt>
      <trkpt lat="45.76325" lon="6.1553">
        <ele>1189</ele>
      </trkpt>
      <trkpt lat="45.76323" lon="6.15537">
        <ele>1191</ele>
      </trkpt>
      <trkpt lat="45.76318" lon="6.15546">
        <ele>1193</ele>
      </trkpt>
      <trkpt lat="45.76316" lon="6.15556">
        <ele>1195</ele>
      </trkpt>
      <trkpt lat="45.7631" lon="6.1556">
        <ele>1198</ele>
      </trkpt>
      <trkpt lat="45.76306" lon="6.15563">
        <ele>1200</ele>
      </trkpt>
      <trkpt lat="45.763" lon="6.15564">
        <ele>1202</ele>
      </trkpt>
      <trkpt lat="45.76289" lon="6.15565">
        <ele>1205</ele>
      </trkpt>
      <trkpt lat="45.76276" lon="6.15565">
        <ele>1208</ele>
      </trkpt>
      <trkpt lat="45.76254" lon="6.15563">
        <ele>1210</ele>
      </trkpt>
      <trkpt lat="45.76237" lon="6.15563">
        <ele>1213</ele>
      </trkpt>
      <trkpt lat="45.76223" lon="6.1557">
        <ele>1216</ele>
      </trkpt>
      <trkpt lat="45.76212" lon="6.15576">
        <ele>1219</ele>
      </trkpt>
      <trkpt lat="45.762" lon="6.15582">
        <ele>1222</ele>
      </trkpt>
      <trkpt lat="45.76187" lon="6.15588">
        <ele>1225</ele>
      </trkpt>
      <trkpt lat="45.76167" lon="6.156">
        <ele>1228</ele>
      </trkpt>
      <trkpt lat="45.76148" lon="6.15605">
        <ele>1230</ele>
      </trkpt>
      <trkpt lat="45.7613" lon="6.15605">
        <ele>1233</ele>
      </trkpt>
      <trkpt lat="45.76114" lon="6.15601">
        <ele>1235</ele>
      </trkpt>
      <trkpt lat="45.76098" lon="6.15598">
        <ele>1237</ele>
      </trkpt>
      <trkpt lat="45.76092" lon="6.15597">
        <ele>1239</ele>
      </trkpt>
      <trkpt lat="45.76081" lon="6.1559">
        <ele>1241</ele>
      </trkpt>
      <trkpt lat="45.76067" lon="6.15585">
        <ele>1243</ele>
      </trkpt>
      <trkpt lat="45.76055" lon="6.15583">
        <ele>1244</ele>
      </trkpt>
      <trkpt lat="45.76048" lon="6.15586">
        <ele>1246</ele>
      </trkpt>
      <trkpt lat="45.76035" lon="6.15588">
        <ele>1248</ele>
      </trkpt>
      <trkpt lat="45.7602" lon="6.1559">
        <ele>1250</ele>
      </trkpt>
      <trkpt lat="45.76004" lon="6.15595">
        <ele>1251</ele>
      </trkpt>
      <trkpt lat="45.75995" lon="6.15599">
        <ele>1253</ele>
      </trkpt>
      <trkpt lat="45.7598" lon="6.15608">
        <ele>1255</ele>
      </trkpt>
      <trkpt lat="45.75971" lon="6.15611">
        <ele>1256</ele>
      </trkpt>
      <trkpt lat="45.75967" lon="6.15613">
        <ele>1258</ele>
      </trkpt>
      <trkpt lat="45.75968" lon="6.15618">
        <ele>1260</ele>
      </trkpt>
      <trkpt lat="45.75969" lon="6.1562">
        <ele>1262</ele>
      </trkpt>
      <trkpt lat="45.75971" lon="6.15622">
        <ele>1263</ele>
      </trkpt>
      <trkpt lat="45.75985" lon="6.15622">
        <ele>1265</ele>
      </trkpt>
      <trkpt lat="45.75999" lon="6.15622">
        <ele>1267</ele>
      </trkpt>
      <trkpt lat="45.76012" lon="6.15629">
        <ele>1268</ele>
      </trkpt>
      <trkpt lat="45.76029" lon="6.15634">
        <ele>1270</ele>
      </trkpt>
      <trkpt lat="45.76044" lon="6.15644">
        <ele>1272</ele>
      </trkpt>
      <trkpt lat="45.76055" lon="6.15651">
        <ele>1274</ele>
      </trkpt>
      <trkpt lat="45.76065" lon="6.15658">
        <ele>1275</ele>
      </trkpt>
      <trkpt lat="45.76069" lon="6.15666">
        <ele>1277</ele>
      </trkpt>
      <trkpt lat="45.7607" lon="6.15671">
        <ele>1279</ele>
      </trkpt>
      <trkpt lat="45.76068" lon="6.15675">
        <ele>1281</ele>
      </trkpt>
      <trkpt lat="45.76061" lon="6.15676">
        <ele>1283</ele>
      </trkpt>
      <trkpt lat="45.76053" lon="6.15675">
        <ele>1284</ele>
      </trkpt>
      <trkpt lat="45.76041" lon="6.1567">
        <ele>1286</ele>
      </trkpt>
      <trkpt lat="45.76031" lon="6.15666">
        <ele>1287</ele>
      </trkpt>
      <trkpt lat="45.76024" lon="6.15667">
        <ele>1289</ele>
      </trkpt>
      <trkpt lat="45.76022" lon="6.15668">
        <ele>1291</ele>
      </trkpt>
      <trkpt lat="45.7602" lon="6.15673">
        <ele>1292</ele>
      </trkpt>
      <trkpt lat="45.76024" lon="6.15678">
        <ele>1294</ele>
      </trkpt>
      <trkpt lat="45.76032" lon="6.15682">
        <ele>1295</ele>
      </trkpt>
      <trkpt lat="45.76037" lon="6.15686">
        <ele>1297</ele>
      </trkpt>
      <trkpt lat="45.76043" lon="6.15694">
        <ele>1298</ele>
      </trkpt>
      <trkpt lat="45.76055" lon="6.157">
        <ele>1300</ele>
      </trkpt>
      <trkpt lat="45.76064" lon="6.15708">
        <ele>1302</ele>
      </trkpt>
      <trkpt lat="45.76074" lon="6.1572">
        <ele>1304</ele>
      </trkpt>
      <trkpt lat="45.76081" lon="6.15729">
        <ele>1306</ele>
      </trkpt>
      <trkpt lat="45.76086" lon="6.15734">
        <ele>1308</ele>
      </trkpt>
      <trkpt lat="45.76091" lon="6.15742">
        <ele>1311</ele>
      </trkpt>
      <trkpt lat="45.76095" lon="6.15748">
        <ele>1313</ele>
      </trkpt>
      <trkpt lat="45.76096" lon="6.15756">
        <ele>1316</ele>
      </trkpt>
      <trkpt lat="45.76092" lon="6.15761">
        <ele>1318</ele>
      </trkpt>
      <trkpt lat="45.76085" lon="6.15762">
        <ele>1321</ele>
      </trkpt>
      <trkpt lat="45.76074" lon="6.15761">
        <ele>1324</ele>
      </trkpt>
      <trkpt lat="45.76059" lon="6.15759">
        <ele>1327</ele>
      </trkpt>
      <trkpt lat="45.76045" lon="6.15757">
        <ele>1330</ele>
      </trkpt>
      <trkpt lat="45.76032" lon="6.15754">
        <ele>1333</ele>
      </trkpt>
      <trkpt lat="45.7602" lon="6.15751">
        <ele>1335</ele>
      </trkpt>
      <trkpt lat="45.7601" lon="6.15748">
        <ele>1338</ele>
      </trkpt>
      <trkpt lat="45.76005" lon="6.15748">
        <ele>1341</ele>
      </trkpt>
      <trkpt lat="45.76003" lon="6.15751">
        <ele>1343</ele>
      </trkpt>
      <trkpt lat="45.76003" lon="6.15756">
        <ele>1346</ele>
      </trkpt>
      <trkpt lat="45.76005" lon="6.1576">
        <ele>1348</ele>
      </trkpt>
      <trkpt lat="45.76007" lon="6.15764">
        <ele>1350</ele>
      </trkpt>
      <trkpt lat="45.76009" lon="6.15769">
        <ele>1353</ele>
      </trkpt>
      <trkpt lat="45.76008" lon="6.15775">
        <ele>1355</ele>
      </trkpt>
      <trkpt lat="45.76005" lon="6.15778">
        <ele>1357</ele>
      </trkpt>
      <trkpt lat="45.75996" lon="6.15777">
        <ele>1360</ele>
      </trkpt>
      <trkpt lat="45.75988" lon="6.15783">
        <ele>1362</ele>
      </trkpt>
      <trkpt lat="45.75982" lon="6.1579">
        <ele>1364</ele>
      </trkpt>
      <trkpt lat="45.75976" lon="6.15797">
        <ele>1366</ele>
      </trkpt>
      <trkpt lat="45.75966" lon="6.15801">
        <ele>1368</ele>
      </trkpt>
      <trkpt lat="45.75956" lon="6.15808">
        <ele>1370</ele>
      </trkpt>
      <trkpt lat="45.75946" lon="6.15809">
        <ele>1372</ele>
      </trkpt>
      <trkpt lat="45.75927" lon="6.15813">
        <ele>1373</ele>
      </trkpt>
      <trkpt lat="45.75915" lon="6.1582">
        <ele>1374</ele>
      </trkpt>
      <trkpt lat="45.75901" lon="6.15825">
        <ele>1375</ele>
      </trkpt>
      <trkpt lat="45.75884" lon="6.15831">
        <ele>1376</ele>
      </trkpt>
      <trkpt lat="45.75869" lon="6.15836">
        <ele>1377</ele>
      </trkpt>
      <trkpt lat="45.7585" lon="6.15841">
        <ele>1377</ele>
      </trkpt>
      <trkpt lat="45.75834" lon="6.15846">
        <ele>1378</ele>
      </trkpt>
      <trkpt lat="45.75824" lon="6.15848">
        <ele>1378</ele>
      </trkpt>
      <trkpt lat="45.75818" lon="6.15853">
        <ele>1378</ele>
      </trkpt>
      <trkpt lat="45.75813" lon="6.15857">
        <ele>1378</ele>
      </trkpt>
      <trkpt lat="45.75809" lon="6.15864">
        <ele>1378</ele>
      </trkpt>
      <trkpt lat="45.75806" lon="6.15873">
        <ele>1378</ele>
      </trkpt>
      <trkpt lat="45.75801" lon="6.15883">
        <ele>1378</ele>
      </trkpt>
      <trkpt lat="45.75799" lon="6.1589">
        <ele>1379</ele>
      </trkpt>
      <trkpt lat="45.75792" lon="6.15897">
        <ele>1379</ele>
      </trkpt>
      <trkpt lat="45.75781" lon="6.15906">
        <ele>1379</ele>
      </trkpt>
      <trkpt lat="45.75773" lon="6.15912">
        <ele>1380</ele>
      </trkpt>
      <trkpt lat="45.75765" lon="6.15918">
        <ele>1380</ele>
      </trkpt>
      <trkpt lat="45.75759" lon="6.15925">
        <ele>1381</ele>
      </trkpt>
      <trkpt lat="45.75752" lon="6.15928">
        <ele>1381</ele>
      </trkpt>
      <trkpt lat="45.75736" lon="6.15928">
        <ele>1382</ele>
      </trkpt>
      <trkpt lat="45.75724" lon="6.1593">
        <ele>1383</ele>
      </trkpt>
      <trkpt lat="45.75719" lon="6.15928">
        <ele>1384</ele>
      </trkpt>
      <trkpt lat="45.75709" lon="6.15921">
        <ele>1385</ele>
      </trkpt>
      <trkpt lat="45.75694" lon="6.15913">
        <ele>1386</ele>
      </trkpt>
      <trkpt lat="45.75683" lon="6.15908">
        <ele>1387</ele>
      </trkpt>
      <trkpt lat="45.75668" lon="6.15904">
        <ele>1388</ele>
      </trkpt>
      <trkpt lat="45.75667" lon="6.15904">
        <ele>1389</ele>
      </trkpt>
      <trkpt lat="45.75666" lon="6.15904">
        <ele>1390</ele>
      </trkpt>
      <trkpt lat="45.7566" lon="6.15901">
        <ele>1391</ele>
      </trkpt>
      <trkpt lat="45.75654" lon="6.15899">
        <ele>1392</ele>
      </trkpt>
      <trkpt lat="45.75648" lon="6.15896">
        <ele>1393</ele>
      </trkpt>
      <trkpt lat="45.75641" lon="6.15895">
        <ele>1394</ele>
      </trkpt>
      <trkpt lat="45.75634" lon="6.15894">
        <ele>1395</ele>
      </trkpt>
      <trkpt lat="45.75627" lon="6.15893">
        <ele>1396</ele>
      </trkpt>
      <trkpt lat="45.7562" lon="6.15892">
        <ele>1396</ele>
      </trkpt>
      <trkpt lat="45.75614" lon="6.15891">
        <ele>1397</ele>
      </trkpt>
      <trkpt lat="45.75609" lon="6.1589">
        <ele>1398</ele>
      </trkpt>
      <trkpt lat="45.75603" lon="6.1589">
        <ele>1398</ele>
      </trkpt>
      <trkpt lat="45.75598" lon="6.1589">
        <ele>1399</ele>
      </trkpt>
      <trkpt lat="45.75595" lon="6.1589">
        <ele>1400</ele>
      </trkpt>
      <trkpt lat="45.75591" lon="6.15889">
        <ele>1400</ele>
      </trkpt>
      <trkpt lat="45.75588" lon="6.15887">
        <ele>1401</ele>
      </trkpt>
      <trkpt lat="45.75585" lon="6.15885">
        <ele>1401</ele>
      </trkpt>
      <trkpt lat="45.75582" lon="6.15882">
        <ele>1401</ele>
      </trkpt>
      <trkpt lat="45.7558" lon="6.15878">
        <ele>1402</ele>
      </trkpt>
      <trkpt lat="45.75578" lon="6.15873">
        <ele>1402</ele>
      </trkpt>
      <trkpt lat="45.75576" lon="6.15868">
        <ele>1403</ele>
      </trkpt>
      <trkpt lat="45.75575" lon="6.15861">
        <ele>1403</ele>
      </trkpt>
      <trkpt lat="45.75572" lon="6.15852">
        <ele>1403</ele>
      </trkpt>
      <trkpt lat="45.7557" lon="6.15845">
        <ele>1404</ele>
      </trkpt>
      <trkpt lat="45.75567" lon="6.15838">
        <ele>1404</ele>
      </trkpt>
      <trkpt lat="45.75563" lon="6.15833">
        <ele>1405</ele>
      </trkpt>
      <trkpt lat="45.75559" lon="6.15829">
        <ele>1405</ele>
      </trkpt>
      <trkpt lat="45.75554" lon="6.15825">
        <ele>1406</ele>
      </trkpt>
      <trkpt lat="45.75549" lon="6.15821">
        <ele>1406</ele>
      </trkpt>
      <trkpt lat="45.75543" lon="6.15819">
        <ele>1407</ele>
      </trkpt>
      <trkpt lat="45.75537" lon="6.15817">
        <ele>1407</ele>
      </trkpt>
      <trkpt lat="45.75531" lon="6.15814">
        <ele>1408</ele>
      </trkpt>
      <trkpt lat="45.75524" lon="6.15813">
        <ele>1409</ele>
      </trkpt>
      <trkpt lat="45.75517" lon="6.15813">
        <ele>1409</ele>
      </trkpt>
      <trkpt lat="45.75511" lon="6.15813">
        <ele>1410</ele>
      </trkpt>
      <trkpt lat="45.75504" lon="6.15813">
        <ele>1411</ele>
      </trkpt>
      <trkpt lat="45.75496" lon="6.15813">
        <ele>1411</ele>
      </trkpt>
      <trkpt lat="45.75483" lon="6.15816">
        <ele>1412</ele>
      </trkpt>
      <trkpt lat="45.75476" lon="6.15819">
        <ele>1412</ele>
      </trkpt>
      <trkpt lat="45.7547" lon="6.15822">
        <ele>1412</ele>
      </trkpt>
      <trkpt lat="45.75463" lon="6.15827">
        <ele>1413</ele>
      </trkpt>
      <trkpt lat="45.75457" lon="6.15829">
        <ele>1413</ele>
      </trkpt>
      <trkpt lat="45.75452" lon="6.15831">
        <ele>1414</ele>
      </trkpt>
      <trkpt lat="45.75448" lon="6.15832">
        <ele>1414</ele>
      </trkpt>
      <trkpt lat="45.75443" lon="6.15833">
        <ele>1414</ele>
      </trkpt>
      <trkpt lat="45.75438" lon="6.15834">
        <ele>1415</ele>
      </trkpt>
      <trkpt lat="45.75434" lon="6.15838">
        <ele>1415</ele>
      </trkpt>
      <trkpt lat="45.7543" lon="6.15842">
        <ele>1415</ele>
      </trkpt>
      <trkpt lat="45.75426" lon="6.15846">
        <ele>1416</ele>
      </trkpt>
      <trkpt lat="45.75422" lon="6.15849">
        <ele>1416</ele>
      </trkpt>
      <trkpt lat="45.75417" lon="6.15851">
        <ele>1417</ele>
      </trkpt>
      <trkpt lat="45.75412" lon="6.15854">
        <ele>1417</ele>
      </trkpt>
      <trkpt lat="45.75405" lon="6.15856">
        <ele>1418</ele>
      </trkpt>
      <trkpt lat="45.75397" lon="6.15858">
        <ele>1418</ele>
      </trkpt>
      <trkpt lat="45.75391" lon="6.1586">
        <ele>1419</ele>
      </trkpt>
      <trkpt lat="45.75384" lon="6.15862">
        <ele>1420</ele>
      </trkpt>
      <trkpt lat="45.75379" lon="6.15863">
        <ele>1421</ele>
      </trkpt>
      <trkpt lat="45.75373" lon="6.15865">
        <ele>1421</ele>
      </trkpt>
      <trkpt lat="45.75366" lon="6.15867">
        <ele>1422</ele>
      </trkpt>
      <trkpt lat="45.75362" lon="6.1587">
        <ele>1423</ele>
      </trkpt>
      <trkpt lat="45.75356" lon="6.15874">
        <ele>1424</ele>
      </trkpt>
      <trkpt lat="45.7535" lon="6.15879">
        <ele>1425</ele>
      </trkpt>
      <trkpt lat="45.75345" lon="6.15883">
        <ele>1426</ele>
      </trkpt>
      <trkpt lat="45.75341" lon="6.15887">
        <ele>1427</ele>
      </trkpt>
      <trkpt lat="45.75337" lon="6.1589">
        <ele>1428</ele>
      </trkpt>
      <trkpt lat="45.75332" lon="6.15893">
        <ele>1429</ele>
      </trkpt>
      <trkpt lat="45.75327" lon="6.15896">
        <ele>1430</ele>
      </trkpt>
      <trkpt lat="45.75322" lon="6.15899">
        <ele>1431</ele>
      </trkpt>
      <trkpt lat="45.75317" lon="6.15902">
        <ele>1432</ele>
      </trkpt>
      <trkpt lat="45.75313" lon="6.15901">
        <ele>1433</ele>
      </trkpt>
      <trkpt lat="45.75309" lon="6.159">
        <ele>1434</ele>
      </trkpt>
      <trkpt lat="45.75306" lon="6.159">
        <ele>1435</ele>
      </trkpt>
      <trkpt lat="45.753" lon="6.159">
        <ele>1436</ele>
      </trkpt>
      <trkpt lat="45.75286" lon="6.159">
        <ele>1436</ele>
      </trkpt>
      <trkpt lat="45.7527" lon="6.15899">
        <ele>1437</ele>
      </trkpt>
      <trkpt lat="45.75254" lon="6.15898">
        <ele>1437</ele>
      </trkpt>
      <trkpt lat="45.75245" lon="6.15898">
        <ele>1437</ele>
      </trkpt>
      <trkpt lat="45.75241" lon="6.15905">
        <ele>1437</ele>
      </trkpt>
      <trkpt lat="45.75236" lon="6.1591">
        <ele>1436</ele>
      </trkpt>
      <trkpt lat="45.7523" lon="6.15914">
        <ele>1436</ele>
      </trkpt>
      <trkpt lat="45.75223" lon="6.15917">
        <ele>1435</ele>
      </trkpt>
      <trkpt lat="45.75216" lon="6.1592">
        <ele>1434</ele>
      </trkpt>
      <trkpt lat="45.75207" lon="6.15925">
        <ele>1433</ele>
      </trkpt>
      <trkpt lat="45.75192" lon="6.1594">
        <ele>1432</ele>
      </trkpt>
      <trkpt lat="45.75175" lon="6.15958">
        <ele>1431</ele>
      </trkpt>
      <trkpt lat="45.75161" lon="6.15974">
        <ele>1429</ele>
      </trkpt>
      <trkpt lat="45.75156" lon="6.15979">
        <ele>1428</ele>
      </trkpt>
      <trkpt lat="45.75152" lon="6.15982">
        <ele>1427</ele>
      </trkpt>
      <trkpt lat="45.75147" lon="6.15985">
        <ele>1426</ele>
      </trkpt>
      <trkpt lat="45.75142" lon="6.15988">
        <ele>1425</ele>
      </trkpt>
      <trkpt lat="45.75138" lon="6.1599">
        <ele>1423</ele>
      </trkpt>
      <trkpt lat="45.75131" lon="6.15995">
        <ele>1422</ele>
      </trkpt>
      <trkpt lat="45.75119" lon="6.16007">
        <ele>1421</ele>
      </trkpt>
      <trkpt lat="45.75107" lon="6.16018">
        <ele>1419</ele>
      </trkpt>
      <trkpt lat="45.751" lon="6.16024">
        <ele>1418</ele>
      </trkpt>
      <trkpt lat="45.75093" lon="6.16029">
        <ele>1416</ele>
      </trkpt>
      <trkpt lat="45.75088" lon="6.16033">
        <ele>1415</ele>
      </trkpt>
      <trkpt lat="45.75079" lon="6.16037">
        <ele>1413</ele>
      </trkpt>
      <trkpt lat="45.75069" lon="6.16042">
        <ele>1411</ele>
      </trkpt>
      <trkpt lat="45.75061" lon="6.16046">
        <ele>1410</ele>
      </trkpt>
      <trkpt lat="45.75052" lon="6.16052">
        <ele>1408</ele>
      </trkpt>
      <trkpt lat="45.7504" lon="6.16061">
        <ele>1407</ele>
      </trkpt>
      <trkpt lat="45.75028" lon="6.16071">
        <ele>1406</ele>
      </trkpt>
      <trkpt lat="45.75009" lon="6.16085">
        <ele>1404</ele>
      </trkpt>
      <trkpt lat="45.74996" lon="6.16095">
        <ele>1403</ele>
      </trkpt>
      <trkpt lat="45.74989" lon="6.16101">
        <ele>1402</ele>
      </trkpt>
      <trkpt lat="45.74985" lon="6.16107">
        <ele>1400</ele>
      </trkpt>
      <trkpt lat="45.74982" lon="6.16113">
        <ele>1399</ele>
      </trkpt>
      <trkpt lat="45.74979" lon="6.16119">
        <ele>1398</ele>
      </trkpt>
      <trkpt lat="45.74975" lon="6.16122">
        <ele>1396</ele>
      </trkpt>
      <trkpt lat="45.74969" lon="6.16126">
        <ele>1394</ele>
      </trkpt>
      <trkpt lat="45.74962" lon="6.16129">
        <ele>1393</ele>
      </trkpt>
      <trkpt lat="45.74949" lon="6.16137">
        <ele>1391</ele>
      </trkpt>
      <trkpt lat="45.74935" lon="6.16144">
        <ele>1389</ele>
      </trkpt>
      <trkpt lat="45.74921" lon="6.16152">
        <ele>1386</ele>
      </trkpt>
      <trkpt lat="45.7491" lon="6.16158">
        <ele>1384</ele>
      </trkpt>
      <trkpt lat="45.749" lon="6.16164">
        <ele>1382</ele>
      </trkpt>
      <trkpt lat="45.7488" lon="6.16176">
        <ele>1380</ele>
      </trkpt>
      <trkpt lat="45.74869" lon="6.16184">
        <ele>1377</ele>
      </trkpt>
      <trkpt lat="45.74858" lon="6.16192">
        <ele>1375</ele>
      </trkpt>
      <trkpt lat="45.74847" lon="6.162">
        <ele>1373</ele>
      </trkpt>
      <trkpt lat="45.74837" lon="6.16208">
        <ele>1371</ele>
      </trkpt>
      <trkpt lat="45.74824" lon="6.16218">
        <ele>1369</ele>
      </trkpt>
      <trkpt lat="45.74811" lon="6.16228">
        <ele>1367</ele>
      </trkpt>
      <trkpt lat="45.74801" lon="6.16238">
        <ele>1364</ele>
      </trkpt>
      <trkpt lat="45.7479" lon="6.16247">
        <ele>1362</ele>
      </trkpt>
      <trkpt lat="45.74771" lon="6.16261">
        <ele>1360</ele>
      </trkpt>
      <trkpt lat="45.74758" lon="6.16268">
        <ele>1358</ele>
      </trkpt>
      <trkpt lat="45.74746" lon="6.16274">
        <ele>1356</ele>
      </trkpt>
      <trkpt lat="45.74728" lon="6.16283">
        <ele>1354</ele>
      </trkpt>
      <trkpt lat="45.74707" lon="6.16293">
        <ele>1352</ele>
      </trkpt>
      <trkpt lat="45.74688" lon="6.16301">
        <ele>1349</ele>
      </trkpt>
      <trkpt lat="45.74676" lon="6.16306">
        <ele>1347</ele>
      </trkpt>
      <trkpt lat="45.74665" lon="6.16315">
        <ele>1345</ele>
      </trkpt>
      <trkpt lat="45.74655" lon="6.16321">
        <ele>1344</ele>
      </trkpt>
      <trkpt lat="45.74652" lon="6.16321">
        <ele>1342</ele>
      </trkpt>
      <trkpt lat="45.7465" lon="6.1632">
        <ele>1340</ele>
      </trkpt>
      <trkpt lat="45.74649" lon="6.16316">
        <ele>1338</ele>
      </trkpt>
      <trkpt lat="45.74649" lon="6.16312">
        <ele>1337</ele>
      </trkpt>
      <trkpt lat="45.7465" lon="6.16308">
        <ele>1335</ele>
      </trkpt>
      <trkpt lat="45.74654" lon="6.16303">
        <ele>1334</ele>
      </trkpt>
      <trkpt lat="45.74661" lon="6.16291">
        <ele>1333</ele>
      </trkpt>
      <trkpt lat="45.74673" lon="6.16278">
        <ele>1331</ele>
      </trkpt>
      <trkpt lat="45.74683" lon="6.16266">
        <ele>1330</ele>
      </trkpt>
      <trkpt lat="45.74693" lon="6.16254">
        <ele>1329</ele>
      </trkpt>
      <trkpt lat="45.74707" lon="6.16234">
        <ele>1327</ele>
      </trkpt>
      <trkpt lat="45.74722" lon="6.16217">
        <ele>1326</ele>
      </trkpt>
      <trkpt lat="45.74737" lon="6.162">
        <ele>1324</ele>
      </trkpt>
      <trkpt lat="45.74745" lon="6.16188">
        <ele>1322</ele>
      </trkpt>
      <trkpt lat="45.74752" lon="6.16176">
        <ele>1321</ele>
      </trkpt>
      <trkpt lat="45.74759" lon="6.16158">
        <ele>1319</ele>
      </trkpt>
      <trkpt lat="45.74766" lon="6.16141">
        <ele>1317</ele>
      </trkpt>
      <trkpt lat="45.74775" lon="6.16114">
        <ele>1315</ele>
      </trkpt>
      <trkpt lat="45.74785" lon="6.16087">
        <ele>1313</ele>
      </trkpt>
      <trkpt lat="45.74789" lon="6.16065">
        <ele>1311</ele>
      </trkpt>
      <trkpt lat="45.74792" lon="6.16054">
        <ele>1310</ele>
      </trkpt>
      <trkpt lat="45.74795" lon="6.16045">
        <ele>1308</ele>
      </trkpt>
      <trkpt lat="45.74797" lon="6.16039">
        <ele>1306</ele>
      </trkpt>
      <trkpt lat="45.748" lon="6.16028">
        <ele>1305</ele>
      </trkpt>
      <trkpt lat="45.74803" lon="6.16017">
        <ele>1303</ele>
      </trkpt>
      <trkpt lat="45.74805" lon="6.16005">
        <ele>1302</ele>
      </trkpt>
      <trkpt lat="45.74808" lon="6.15993">
        <ele>1300</ele>
      </trkpt>
      <trkpt lat="45.7481" lon="6.15981">
        <ele>1299</ele>
      </trkpt>
      <trkpt lat="45.74812" lon="6.15962">
        <ele>1298</ele>
      </trkpt>
      <trkpt lat="45.74814" lon="6.1595">
        <ele>1296</ele>
      </trkpt>
      <trkpt lat="45.74818" lon="6.15936">
        <ele>1295</ele>
      </trkpt>
      <trkpt lat="45.74818" lon="6.15927">
        <ele>1294</ele>
      </trkpt>
      <trkpt lat="45.74814" lon="6.15922">
        <ele>1293</ele>
      </trkpt>
      <trkpt lat="45.74811" lon="6.15922">
        <ele>1292</ele>
      </trkpt>
      <trkpt lat="45.74807" lon="6.15926">
        <ele>1290</ele>
      </trkpt>
      <trkpt lat="45.74804" lon="6.15931">
        <ele>1289</ele>
      </trkpt>
      <trkpt lat="45.74802" lon="6.15933">
        <ele>1288</ele>
      </trkpt>
      <trkpt lat="45.74798" lon="6.15938">
        <ele>1287</ele>
      </trkpt>
      <trkpt lat="45.74794" lon="6.15944">
        <ele>1286</ele>
      </trkpt>
      <trkpt lat="45.74787" lon="6.15949">
        <ele>1285</ele>
      </trkpt>
      <trkpt lat="45.74782" lon="6.15953">
        <ele>1283</ele>
      </trkpt>
      <trkpt lat="45.74778" lon="6.15959">
        <ele>1282</ele>
      </trkpt>
      <trkpt lat="45.74773" lon="6.15968">
        <ele>1281</ele>
      </trkpt>
      <trkpt lat="45.74767" lon="6.15975">
        <ele>1279</ele>
      </trkpt>
      <trkpt lat="45.74762" lon="6.15981">
        <ele>1278</ele>
      </trkpt>
      <trkpt lat="45.74755" lon="6.15987">
        <ele>1276</ele>
      </trkpt>
      <trkpt lat="45.74746" lon="6.15994">
        <ele>1275</ele>
      </trkpt>
      <trkpt lat="45.74737" lon="6.16002">
        <ele>1273</ele>
      </trkpt>
      <trkpt lat="45.74728" lon="6.16009">
        <ele>1271</ele>
      </trkpt>
      <trkpt lat="45.74714" lon="6.1602">
        <ele>1270</ele>
      </trkpt>
      <trkpt lat="45.74701" lon="6.16031">
        <ele>1268</ele>
      </trkpt>
      <trkpt lat="45.74692" lon="6.16038">
        <ele>1267</ele>
      </trkpt>
      <trkpt lat="45.74683" lon="6.16044">
        <ele>1266</ele>
      </trkpt>
      <trkpt lat="45.74676" lon="6.16051">
        <ele>1265</ele>
      </trkpt>
      <trkpt lat="45.7467" lon="6.16059">
        <ele>1263</ele>
      </trkpt>
      <trkpt lat="45.74665" lon="6.16066">
        <ele>1263</ele>
      </trkpt>
      <trkpt lat="45.74661" lon="6.16072">
        <ele>1262</ele>
      </trkpt>
      <trkpt lat="45.74658" lon="6.16075">
        <ele>1261</ele>
      </trkpt>
      <trkpt lat="45.74655" lon="6.16076">
        <ele>1260</ele>
      </trkpt>
      <trkpt lat="45.74653" lon="6.16076">
        <ele>1259</ele>
      </trkpt>
      <trkpt lat="45.7465" lon="6.16075">
        <ele>1259</ele>
      </trkpt>
      <trkpt lat="45.74648" lon="6.16071">
        <ele>1258</ele>
      </trkpt>
      <trkpt lat="45.74648" lon="6.16067">
        <ele>1258</ele>
      </trkpt>
      <trkpt lat="45.74649" lon="6.16063">
        <ele>1257</ele>
      </trkpt>
      <trkpt lat="45.74651" lon="6.16061">
        <ele>1256</ele>
      </trkpt>
      <trkpt lat="45.74654" lon="6.16057">
        <ele>1256</ele>
      </trkpt>
      <trkpt lat="45.74656" lon="6.16055">
        <ele>1255</ele>
      </trkpt>
      <trkpt lat="45.74658" lon="6.16051">
        <ele>1254</ele>
      </trkpt>
      <trkpt lat="45.74659" lon="6.16044">
        <ele>1253</ele>
      </trkpt>
      <trkpt lat="45.74661" lon="6.16036">
        <ele>1252</ele>
      </trkpt>
      <trkpt lat="45.74663" lon="6.16025">
        <ele>1252</ele>
      </trkpt>
      <trkpt lat="45.74664" lon="6.16017">
        <ele>1251</ele>
      </trkpt>
      <trkpt lat="45.74666" lon="6.1601">
        <ele>1250</ele>
      </trkpt>
      <trkpt lat="45.74669" lon="6.16003">
        <ele>1249</ele>
      </trkpt>
      <trkpt lat="45.74672" lon="6.15997">
        <ele>1248</ele>
      </trkpt>
      <trkpt lat="45.74674" lon="6.15993">
        <ele>1247</ele>
      </trkpt>
      <trkpt lat="45.74675" lon="6.15988">
        <ele>1246</ele>
      </trkpt>
      <trkpt lat="45.74675" lon="6.15984">
        <ele>1245</ele>
      </trkpt>
      <trkpt lat="45.74673" lon="6.15982">
        <ele>1244</ele>
      </trkpt>
      <trkpt lat="45.74671" lon="6.15981">
        <ele>1243</ele>
      </trkpt>
      <trkpt lat="45.74669" lon="6.15981">
        <ele>1242</ele>
      </trkpt>
      <trkpt lat="45.74665" lon="6.15983">
        <ele>1241</ele>
      </trkpt>
      <trkpt lat="45.7466" lon="6.15986">
        <ele>1240</ele>
      </trkpt>
      <trkpt lat="45.74655" lon="6.15989">
        <ele>1238</ele>
      </trkpt>
      <trkpt lat="45.74648" lon="6.15992">
        <ele>1237</ele>
      </trkpt>
      <trkpt lat="45.74643" lon="6.15995">
        <ele>1236</ele>
      </trkpt>
      <trkpt lat="45.74636" lon="6.15999">
        <ele>1234</ele>
      </trkpt>
      <trkpt lat="45.74628" lon="6.16004">
        <ele>1233</ele>
      </trkpt>
      <trkpt lat="45.74619" lon="6.16007">
        <ele>1231</ele>
      </trkpt>
      <trkpt lat="45.74611" lon="6.16011">
        <ele>1229</ele>
      </trkpt>
      <trkpt lat="45.74603" lon="6.16016">
        <ele>1227</ele>
      </trkpt>
      <trkpt lat="45.74596" lon="6.1602">
        <ele>1225</ele>
      </trkpt>
      <trkpt lat="45.74591" lon="6.16022">
        <ele>1223</ele>
      </trkpt>
      <trkpt lat="45.74584" lon="6.16025">
        <ele>1221</ele>
      </trkpt>
      <trkpt lat="45.74577" lon="6.16027">
        <ele>1218</ele>
      </trkpt>
      <trkpt lat="45.74567" lon="6.16029">
        <ele>1215</ele>
      </trkpt>
      <trkpt lat="45.74558" lon="6.16033">
        <ele>1213</ele>
      </trkpt>
      <trkpt lat="45.74545" lon="6.16038">
        <ele>1210</ele>
      </trkpt>
      <trkpt lat="45.74534" lon="6.16043">
        <ele>1207</ele>
      </trkpt>
      <trkpt lat="45.7452" lon="6.16047">
        <ele>1204</ele>
      </trkpt>
      <trkpt lat="45.74511" lon="6.1605">
        <ele>1201</ele>
      </trkpt>
      <trkpt lat="45.74503" lon="6.16052">
        <ele>1198</ele>
      </trkpt>
      <trkpt lat="45.74496" lon="6.16056">
        <ele>1196</ele>
      </trkpt>
      <trkpt lat="45.74484" lon="6.16059">
        <ele>1193</ele>
      </trkpt>
      <trkpt lat="45.74477" lon="6.16061">
        <ele>1190</ele>
      </trkpt>
      <trkpt lat="45.74459" lon="6.16063">
        <ele>1188</ele>
      </trkpt>
      <trkpt lat="45.74448" lon="6.16067">
        <ele>1185</ele>
      </trkpt>
      <trkpt lat="45.7444" lon="6.16069">
        <ele>1183</ele>
      </trkpt>
      <trkpt lat="45.74433" lon="6.16071">
        <ele>1181</ele>
      </trkpt>
      <trkpt lat="45.74426" lon="6.16071">
        <ele>1179</ele>
      </trkpt>
      <trkpt lat="45.7442" lon="6.16071">
        <ele>1177</ele>
      </trkpt>
      <trkpt lat="45.74411" lon="6.16071">
        <ele>1175</ele>
      </trkpt>
      <trkpt lat="45.74403" lon="6.16072">
        <ele>1173</ele>
      </trkpt>
      <trkpt lat="45.74397" lon="6.16073">
        <ele>1171</ele>
      </trkpt>
      <trkpt lat="45.74389" lon="6.16075">
        <ele>1170</ele>
      </trkpt>
      <trkpt lat="45.74383" lon="6.16078">
        <ele>1168</ele>
      </trkpt>
      <trkpt lat="45.74376" lon="6.16082">
        <ele>1167</ele>
      </trkpt>
      <trkpt lat="45.7437" lon="6.16086">
        <ele>1166</ele>
      </trkpt>
      <trkpt lat="45.74365" lon="6.1609">
        <ele>1164</ele>
      </trkpt>
      <trkpt lat="45.7436" lon="6.16094">
        <ele>1163</ele>
      </trkpt>
      <trkpt lat="45.74355" lon="6.16097">
        <ele>1162</ele>
      </trkpt>
      <trkpt lat="45.74352" lon="6.16099">
        <ele>1160</ele>
      </trkpt>
      <trkpt lat="45.74348" lon="6.161">
        <ele>1159</ele>
      </trkpt>
      <trkpt lat="45.74343" lon="6.161">
        <ele>1158</ele>
      </trkpt>
      <trkpt lat="45.74339" lon="6.16099">
        <ele>1156</ele>
      </trkpt>
      <trkpt lat="45.74334" lon="6.16099">
        <ele>1155</ele>
      </trkpt>
      <trkpt lat="45.74329" lon="6.16099">
        <ele>1153</ele>
      </trkpt>
      <trkpt lat="45.74321" lon="6.161">
        <ele>1152</ele>
      </trkpt>
      <trkpt lat="45.74314" lon="6.16103">
        <ele>1150</ele>
      </trkpt>
      <trkpt lat="45.74305" lon="6.16107">
        <ele>1149</ele>
      </trkpt>
      <trkpt lat="45.74297" lon="6.16111">
        <ele>1148</ele>
      </trkpt>
      <trkpt lat="45.7429" lon="6.16115">
        <ele>1146</ele>
      </trkpt>
      <trkpt lat="45.74284" lon="6.16122">
        <ele>1145</ele>
      </trkpt>
      <trkpt lat="45.74278" lon="6.16128">
        <ele>1144</ele>
      </trkpt>
      <trkpt lat="45.74275" lon="6.16136">
        <ele>1143</ele>
      </trkpt>
      <trkpt lat="45.74273" lon="6.16142">
        <ele>1143</ele>
      </trkpt>
      <trkpt lat="45.74271" lon="6.16146">
        <ele>1142</ele>
      </trkpt>
      <trkpt lat="45.74269" lon="6.16147">
        <ele>1141</ele>
      </trkpt>
      <trkpt lat="45.74267" lon="6.16148">
        <ele>1140</ele>
      </trkpt>
      <trkpt lat="45.74265" lon="6.16148">
        <ele>1139</ele>
      </trkpt>
      <trkpt lat="45.74263" lon="6.16145">
        <ele>1138</ele>
      </trkpt>
      <trkpt lat="45.74263" lon="6.1614">
        <ele>1137</ele>
      </trkpt>
      <trkpt lat="45.74264" lon="6.16133">
        <ele>1136</ele>
      </trkpt>
      <trkpt lat="45.74266" lon="6.1611">
        <ele>1135</ele>
      </trkpt>
      <trkpt lat="45.74269" lon="6.16091">
        <ele>1133</ele>
      </trkpt>
      <trkpt lat="45.74271" lon="6.16078">
        <ele>1132</ele>
      </trkpt>
      <trkpt lat="45.74274" lon="6.16064">
        <ele>1131</ele>
      </trkpt>
      <trkpt lat="45.74279" lon="6.16052">
        <ele>1130</ele>
      </trkpt>
      <trkpt lat="45.74284" lon="6.1604">
        <ele>1129</ele>
      </trkpt>
      <trkpt lat="45.74291" lon="6.16026">
        <ele>1127</ele>
      </trkpt>
      <trkpt lat="45.74294" lon="6.16019">
        <ele>1126</ele>
      </trkpt>
      <trkpt lat="45.74297" lon="6.16009">
        <ele>1125</ele>
      </trkpt>
      <trkpt lat="45.743" lon="6.15997">
        <ele>1124</ele>
      </trkpt>
      <trkpt lat="45.74301" lon="6.15987">
        <ele>1123</ele>
      </trkpt>
      <trkpt lat="45.74303" lon="6.15978">
        <ele>1122</ele>
      </trkpt>
      <trkpt lat="45.74303" lon="6.15968">
        <ele>1121</ele>
      </trkpt>
      <trkpt lat="45.74303" lon="6.15959">
        <ele>1120</ele>
      </trkpt>
      <trkpt lat="45.74302" lon="6.15948">
        <ele>1119</ele>
      </trkpt>
      <trkpt lat="45.743" lon="6.15932">
        <ele>1117</ele>
      </trkpt>
      <trkpt lat="45.74299" lon="6.15924">
        <ele>1116</ele>
      </trkpt>
      <trkpt lat="45.74295" lon="6.15918">
        <ele>1114</ele>
      </trkpt>
      <trkpt lat="45.74292" lon="6.15914">
        <ele>1112</ele>
      </trkpt>
      <trkpt lat="45.74288" lon="6.15911">
        <ele>1109</ele>
      </trkpt>
      <trkpt lat="45.74282" lon="6.15911">
        <ele>1107</ele>
      </trkpt>
      <trkpt lat="45.74264" lon="6.15909">
        <ele>1105</ele>
      </trkpt>
      <trkpt lat="45.74245" lon="6.15908">
        <ele>1102</ele>
      </trkpt>
      <trkpt lat="45.7423" lon="6.15907">
        <ele>1099</ele>
      </trkpt>
      <trkpt lat="45.74215" lon="6.15906">
        <ele>1096</ele>
      </trkpt>
      <trkpt lat="45.742" lon="6.15905">
        <ele>1094</ele>
      </trkpt>
      <trkpt lat="45.74186" lon="6.15906">
        <ele>1091</ele>
      </trkpt>
      <trkpt lat="45.74177" lon="6.15906">
        <ele>1088</ele>
      </trkpt>
      <trkpt lat="45.7417" lon="6.15907">
        <ele>1086</ele>
      </trkpt>
      <trkpt lat="45.74165" lon="6.1591">
        <ele>1084</ele>
      </trkpt>
      <trkpt lat="45.74162" lon="6.15914">
        <ele>1082</ele>
      </trkpt>
      <trkpt lat="45.74157" lon="6.15918">
        <ele>1080</ele>
      </trkpt>
      <trkpt lat="45.74153" lon="6.15922">
        <ele>1078</ele>
      </trkpt>
      <trkpt lat="45.74149" lon="6.15925">
        <ele>1077</ele>
      </trkpt>
      <trkpt lat="45.74144" lon="6.15926">
        <ele>1075</ele>
      </trkpt>
      <trkpt lat="45.74137" lon="6.15925">
        <ele>1074</ele>
      </trkpt>
      <trkpt lat="45.74128" lon="6.15923">
        <ele>1073</ele>
      </trkpt>
      <trkpt lat="45.74121" lon="6.15918">
        <ele>1071</ele>
      </trkpt>
      <trkpt lat="45.74115" lon="6.15914">
        <ele>1070</ele>
      </trkpt>
      <trkpt lat="45.74107" lon="6.1591">
        <ele>1068</ele>
      </trkpt>
      <trkpt lat="45.74099" lon="6.15907">
        <ele>1067</ele>
      </trkpt>
      <trkpt lat="45.74093" lon="6.15904">
        <ele>1065</ele>
      </trkpt>
      <trkpt lat="45.74086" lon="6.15902">
        <ele>1064</ele>
      </trkpt>
      <trkpt lat="45.74079" lon="6.15901">
        <ele>1062</ele>
      </trkpt>
      <trkpt lat="45.7407" lon="6.15901">
        <ele>1060</ele>
      </trkpt>
      <trkpt lat="45.74057" lon="6.159">
        <ele>1058</ele>
      </trkpt>
      <trkpt lat="45.74045" lon="6.15897">
        <ele>1056</ele>
      </trkpt>
      <trkpt lat="45.74025" lon="6.15898">
        <ele>1054</ele>
      </trkpt>
      <trkpt lat="45.74005" lon="6.159">
        <ele>1052</ele>
      </trkpt>
      <trkpt lat="45.73987" lon="6.15902">
        <ele>1050</ele>
      </trkpt>
      <trkpt lat="45.73977" lon="6.15904">
        <ele>1048</ele>
      </trkpt>
      <trkpt lat="45.73971" lon="6.15906">
        <ele>1046</ele>
      </trkpt>
      <trkpt lat="45.7396" lon="6.15909">
        <ele>1044</ele>
      </trkpt>
      <trkpt lat="45.73951" lon="6.15908">
        <ele>1042</ele>
      </trkpt>
      <trkpt lat="45.73942" lon="6.15907">
        <ele>1041</ele>
      </trkpt>
      <trkpt lat="45.73932" lon="6.15907">
        <ele>1040</ele>
      </trkpt>
      <trkpt lat="45.73925" lon="6.15908">
        <ele>1039</ele>
      </trkpt>
      <trkpt lat="45.7392" lon="6.1591">
        <ele>1038</ele>
      </trkpt>
      <trkpt lat="45.73917" lon="6.15915">
        <ele>1037</ele>
      </trkpt>
      <trkpt lat="45.73914" lon="6.15925">
        <ele>1036</ele>
      </trkpt>
      <trkpt lat="45.7391" lon="6.15934">
        <ele>1035</ele>
      </trkpt>
      <trkpt lat="45.73906" lon="6.15938">
        <ele>1034</ele>
      </trkpt>
      <trkpt lat="45.73905" lon="6.15939">
        <ele>1033</ele>
      </trkpt>
      <trkpt lat="45.73901" lon="6.15939">
        <ele>1032</ele>
      </trkpt>
      <trkpt lat="45.73893" lon="6.15939">
        <ele>1031</ele>
      </trkpt>
      <trkpt lat="45.73887" lon="6.15941">
        <ele>1031</ele>
      </trkpt>
      <trkpt lat="45.73881" lon="6.15945">
        <ele>1030</ele>
      </trkpt>
      <trkpt lat="45.73873" lon="6.15947">
        <ele>1029</ele>
      </trkpt>
      <trkpt lat="45.73866" lon="6.15949">
        <ele>1028</ele>
      </trkpt>
      <trkpt lat="45.73857" lon="6.15949">
        <ele>1028</ele>
      </trkpt>
      <trkpt lat="45.73848" lon="6.15949">
        <ele>1027</ele>
      </trkpt>
      <trkpt lat="45.73843" lon="6.15951">
        <ele>1027</ele>
      </trkpt>
      <trkpt lat="45.73841" lon="6.15955">
        <ele>1026</ele>
      </trkpt>
      <trkpt lat="45.73833" lon="6.15973">
        <ele>1026</ele>
      </trkpt>
      <trkpt lat="45.73825" lon="6.15992">
        <ele>1026</ele>
      </trkpt>
      <trkpt lat="45.73822" lon="6.16">
        <ele>1025</ele>
      </trkpt>
      <trkpt lat="45.73819" lon="6.16004">
        <ele>1025</ele>
      </trkpt>
      <trkpt lat="45.73816" lon="6.16007">
        <ele>1024</ele>
      </trkpt>
      <trkpt lat="45.73812" lon="6.16007">
        <ele>1024</ele>
      </trkpt>
      <trkpt lat="45.73806" lon="6.16007">
        <ele>1023</ele>
      </trkpt>
      <trkpt lat="45.73799" lon="6.16007">
        <ele>1023</ele>
      </trkpt>
      <trkpt lat="45.73784" lon="6.16006">
        <ele>1022</ele>
      </trkpt>
      <trkpt lat="45.7377" lon="6.16005">
        <ele>1021</ele>
      </trkpt>
      <trkpt lat="45.73756" lon="6.16004">
        <ele>1020</ele>
      </trkpt>
      <trkpt lat="45.73747" lon="6.16003">
        <ele>1019</ele>
      </trkpt>
      <trkpt lat="45.73742" lon="6.16003">
        <ele>1018</ele>
      </trkpt>
      <trkpt lat="45.73723" lon="6.16003">
        <ele>1017</ele>
      </trkpt>
      <trkpt lat="45.73708" lon="6.16004">
        <ele>1016</ele>
      </trkpt>
      <trkpt lat="45.73694" lon="6.16005">
        <ele>1015</ele>
      </trkpt>
      <trkpt lat="45.7368" lon="6.16007">
        <ele>1014</ele>
      </trkpt>
      <trkpt lat="45.73669" lon="6.16009">
        <ele>1014</ele>
      </trkpt>
      <trkpt lat="45.73663" lon="6.16009">
        <ele>1013</ele>
      </trkpt>
      <trkpt lat="45.73659" lon="6.16008">
        <ele>1013</ele>
      </trkpt>
      <trkpt lat="45.73655" lon="6.16005">
        <ele>1012</ele>
      </trkpt>
      <trkpt lat="45.73649" lon="6.15997">
        <ele>1012</ele>
      </trkpt>
      <trkpt lat="45.73646" lon="6.16001">
        <ele>1012</ele>
      </trkpt>
      <trkpt lat="45.73642" lon="6.16006">
        <ele>1013</ele>
      </trkpt>
      <trkpt lat="45.73638" lon="6.16012">
        <ele>1013</ele>
      </trkpt>
      <trkpt lat="45.73635" lon="6.1602">
        <ele>1014</ele>
      </trkpt>
      <trkpt lat="45.73631" lon="6.1603">
        <ele>1014</ele>
      </trkpt>
      <trkpt lat="45.73623" lon="6.16053">
        <ele>1015</ele>
      </trkpt>
      <trkpt lat="45.73615" lon="6.16074">
        <ele>1016</ele>
      </trkpt>
      <trkpt lat="45.73607" lon="6.16097">
        <ele>1016</ele>
      </trkpt>
      <trkpt lat="45.73602" lon="6.16111">
        <ele>1017</ele>
      </trkpt>
      <trkpt lat="45.73599" lon="6.16116">
        <ele>1018</ele>
      </trkpt>
      <trkpt lat="45.73595" lon="6.16119">
        <ele>1018</ele>
      </trkpt>
      <trkpt lat="45.73591" lon="6.16122">
        <ele>1019</ele>
      </trkpt>
      <trkpt lat="45.73586" lon="6.16124">
        <ele>1019</ele>
      </trkpt>
      <trkpt lat="45.73578" lon="6.16127">
        <ele>1019</ele>
      </trkpt>
      <trkpt lat="45.73572" lon="6.16128">
        <ele>1020</ele>
      </trkpt>
      <trkpt lat="45.73564" lon="6.16129">
        <ele>1020</ele>
      </trkpt>
      <trkpt lat="45.73556" lon="6.1613">
        <ele>1020</ele>
      </trkpt>
      <trkpt lat="45.7355" lon="6.16132">
        <ele>1020</ele>
      </trkpt>
      <trkpt lat="45.73544" lon="6.16135">
        <ele>1020</ele>
      </trkpt>
      <trkpt lat="45.73539" lon="6.16139">
        <ele>1020</ele>
      </trkpt>
      <trkpt lat="45.73535" lon="6.16144">
        <ele>1020</ele>
      </trkpt>
      <trkpt lat="45.7353" lon="6.16151">
        <ele>1020</ele>
      </trkpt>
      <trkpt lat="45.73525" lon="6.16157">
        <ele>1020</ele>
      </trkpt>
      <trkpt lat="45.7352" lon="6.16164">
        <ele>1021</ele>
      </trkpt>
      <trkpt lat="45.73514" lon="6.16175">
        <ele>1021</ele>
      </trkpt>
      <trkpt lat="45.73509" lon="6.16189">
        <ele>1021</ele>
      </trkpt>
      <trkpt lat="45.73504" lon="6.16204">
        <ele>1021</ele>
      </trkpt>
      <trkpt lat="45.73494" lon="6.16232">
        <ele>1021</ele>
      </trkpt>
      <trkpt lat="45.73489" lon="6.16249">
        <ele>1022</ele>
      </trkpt>
      <trkpt lat="45.73481" lon="6.16272">
        <ele>1022</ele>
      </trkpt>
      <trkpt lat="45.73474" lon="6.16295">
        <ele>1022</ele>
      </trkpt>
      <trkpt lat="45.73469" lon="6.16311">
        <ele>1023</ele>
      </trkpt>
      <trkpt lat="45.73464" lon="6.16326">
        <ele>1023</ele>
      </trkpt>
      <trkpt lat="45.73453" lon="6.16352">
        <ele>1023</ele>
      </trkpt>
      <trkpt lat="45.73446" lon="6.16366">
        <ele>1024</ele>
      </trkpt>
      <trkpt lat="45.73438" lon="6.1638">
        <ele>1024</ele>
      </trkpt>
      <trkpt lat="45.7343" lon="6.16399">
        <ele>1025</ele>
      </trkpt>
      <trkpt lat="45.73421" lon="6.16419">
        <ele>1026</ele>
      </trkpt>
      <trkpt lat="45.73414" lon="6.16431">
        <ele>1026</ele>
      </trkpt>
      <trkpt lat="45.73409" lon="6.16435">
        <ele>1027</ele>
      </trkpt>
      <trkpt lat="45.73404" lon="6.16437">
        <ele>1028</ele>
      </trkpt>
      <trkpt lat="45.73397" lon="6.16446">
        <ele>1028</ele>
      </trkpt>
      <trkpt lat="45.7339" lon="6.16451">
        <ele>1029</ele>
      </trkpt>
      <trkpt lat="45.73384" lon="6.16454">
        <ele>1030</ele>
      </trkpt>
      <trkpt lat="45.73378" lon="6.16457">
        <ele>1030</ele>
      </trkpt>
      <trkpt lat="45.73371" lon="6.16461">
        <ele>1031</ele>
      </trkpt>
      <trkpt lat="45.73367" lon="6.16466">
        <ele>1031</ele>
      </trkpt>
      <trkpt lat="45.73363" lon="6.16473">
        <ele>1032</ele>
      </trkpt>
      <trkpt lat="45.73361" lon="6.16478">
        <ele>1032</ele>
      </trkpt>
      <trkpt lat="45.73361" lon="6.16479">
        <ele>1033</ele>
      </trkpt>
      <trkpt lat="45.73352" lon="6.16487">
        <ele>1033</ele>
      </trkpt>
      <trkpt lat="45.73348" lon="6.16491">
        <ele>1034</ele>
      </trkpt>
      <trkpt lat="45.73342" lon="6.16497">
        <ele>1034</ele>
      </trkpt>
      <trkpt lat="45.73336" lon="6.165">
        <ele>1034</ele>
      </trkpt>
      <trkpt lat="45.7333" lon="6.16502">
        <ele>1034</ele>
      </trkpt>
      <trkpt lat="45.73326" lon="6.16503">
        <ele>1035</ele>
      </trkpt>
      <trkpt lat="45.7332" lon="6.16504">
        <ele>1035</ele>
      </trkpt>
      <trkpt lat="45.73315" lon="6.16507">
        <ele>1035</ele>
      </trkpt>
      <trkpt lat="45.73311" lon="6.1651">
        <ele>1034</ele>
      </trkpt>
      <trkpt lat="45.73306" lon="6.16514">
        <ele>1034</ele>
      </trkpt>
      <trkpt lat="45.733" lon="6.16516">
        <ele>1034</ele>
      </trkpt>
      <trkpt lat="45.73294" lon="6.16516">
        <ele>1034</ele>
      </trkpt>
      <trkpt lat="45.73288" lon="6.16516">
        <ele>1034</ele>
      </trkpt>
      <trkpt lat="45.73281" lon="6.16519">
        <ele>1033</ele>
      </trkpt>
      <trkpt lat="45.73275" lon="6.16523">
        <ele>1033</ele>
      </trkpt>
      <trkpt lat="45.7327" lon="6.16527">
        <ele>1033</ele>
      </trkpt>
      <trkpt lat="45.73265" lon="6.16532">
        <ele>1033</ele>
      </trkpt>
      <trkpt lat="45.7326" lon="6.16536">
        <ele>1033</ele>
      </trkpt>
      <trkpt lat="45.73257" lon="6.16539">
        <ele>1032</ele>
      </trkpt>
      <trkpt lat="45.73254" lon="6.16544">
        <ele>1032</ele>
      </trkpt>
      <trkpt lat="45.73252" lon="6.16549">
        <ele>1032</ele>
      </trkpt>
      <trkpt lat="45.73249" lon="6.16555">
        <ele>1033</ele>
      </trkpt>
      <trkpt lat="45.73246" lon="6.1656">
        <ele>1033</ele>
      </trkpt>
      <trkpt lat="45.73244" lon="6.16566">
        <ele>1033</ele>
      </trkpt>
      <trkpt lat="45.73241" lon="6.16572">
        <ele>1033</ele>
      </trkpt>
      <trkpt lat="45.73237" lon="6.1658">
        <ele>1033</ele>
      </trkpt>
      <trkpt lat="45.73234" lon="6.16587">
        <ele>1034</ele>
      </trkpt>
      <trkpt lat="45.73232" lon="6.16594">
        <ele>1034</ele>
      </trkpt>
      <trkpt lat="45.73229" lon="6.16602">
        <ele>1034</ele>
      </trkpt>
      <trkpt lat="45.73226" lon="6.1661">
        <ele>1035</ele>
      </trkpt>
      <trkpt lat="45.73224" lon="6.16618">
        <ele>1035</ele>
      </trkpt>
      <trkpt lat="45.73223" lon="6.16624">
        <ele>1036</ele>
      </trkpt>
      <trkpt lat="45.7322" lon="6.16634">
        <ele>1036</ele>
      </trkpt>
      <trkpt lat="45.73221" lon="6.16642">
        <ele>1037</ele>
      </trkpt>
      <trkpt lat="45.73221" lon="6.16652">
        <ele>1037</ele>
      </trkpt>
      <trkpt lat="45.7322" lon="6.16659">
        <ele>1038</ele>
      </trkpt>
      <trkpt lat="45.73216" lon="6.1667">
        <ele>1038</ele>
      </trkpt>
      <trkpt lat="45.73214" lon="6.16677">
        <ele>1039</ele>
      </trkpt>
      <trkpt lat="45.73212" lon="6.16683">
        <ele>1040</ele>
      </trkpt>
      <trkpt lat="45.73211" lon="6.16691">
        <ele>1041</ele>
      </trkpt>
      <trkpt lat="45.7321" lon="6.167">
        <ele>1041</ele>
      </trkpt>
      <trkpt lat="45.73209" lon="6.16707">
        <ele>1042</ele>
      </trkpt>
      <trkpt lat="45.73207" lon="6.16711">
        <ele>1043</ele>
      </trkpt>
      <trkpt lat="45.73205" lon="6.16716">
        <ele>1044</ele>
      </trkpt>
      <trkpt lat="45.73205" lon="6.16724">
        <ele>1045</ele>
      </trkpt>
      <trkpt lat="45.73205" lon="6.1673">
        <ele>1046</ele>
      </trkpt>
      <trkpt lat="45.73205" lon="6.16737">
        <ele>1047</ele>
      </trkpt>
      <trkpt lat="45.73204" lon="6.16744">
        <ele>1048</ele>
      </trkpt>
      <trkpt lat="45.73205" lon="6.16751">
        <ele>1049</ele>
      </trkpt>
      <trkpt lat="45.73205" lon="6.16758">
        <ele>1050</ele>
      </trkpt>
      <trkpt lat="45.73205" lon="6.16766">
        <ele>1052</ele>
      </trkpt>
      <trkpt lat="45.73205" lon="6.16773">
        <ele>1053</ele>
      </trkpt>
      <trkpt lat="45.73205" lon="6.1678">
        <ele>1054</ele>
      </trkpt>
      <trkpt lat="45.73204" lon="6.16785">
        <ele>1055</ele>
      </trkpt>
      <trkpt lat="45.73204" lon="6.16794">
        <ele>1056</ele>
      </trkpt>
      <trkpt lat="45.73202" lon="6.16799">
        <ele>1057</ele>
      </trkpt>
      <trkpt lat="45.732" lon="6.16806">
        <ele>1058</ele>
      </trkpt>
      <trkpt lat="45.73197" lon="6.16811">
        <ele>1059</ele>
      </trkpt>
      <trkpt lat="45.73194" lon="6.16816">
        <ele>1060</ele>
      </trkpt>
      <trkpt lat="45.73189" lon="6.16823">
        <ele>1061</ele>
      </trkpt>
      <trkpt lat="45.73184" lon="6.16827">
        <ele>1062</ele>
      </trkpt>
      <trkpt lat="45.73179" lon="6.16832">
        <ele>1064</ele>
      </trkpt>
      <trkpt lat="45.73174" lon="6.16839">
        <ele>1065</ele>
      </trkpt>
      <trkpt lat="45.73168" lon="6.16846">
        <ele>1066</ele>
      </trkpt>
      <trkpt lat="45.73163" lon="6.16853">
        <ele>1068</ele>
      </trkpt>
      <trkpt lat="45.7316" lon="6.16858">
        <ele>1069</ele>
      </trkpt>
      <trkpt lat="45.73155" lon="6.16864">
        <ele>1071</ele>
      </trkpt>
      <trkpt lat="45.73151" lon="6.16871">
        <ele>1072</ele>
      </trkpt>
      <trkpt lat="45.73147" lon="6.16878">
        <ele>1074</ele>
      </trkpt>
      <trkpt lat="45.73142" lon="6.16888">
        <ele>1075</ele>
      </trkpt>
      <trkpt lat="45.73138" lon="6.16895">
        <ele>1077</ele>
      </trkpt>
      <trkpt lat="45.73136" lon="6.169">
        <ele>1079</ele>
      </trkpt>
      <trkpt lat="45.73133" lon="6.16909">
        <ele>1081</ele>
      </trkpt>
      <trkpt lat="45.73129" lon="6.16917">
        <ele>1082</ele>
      </trkpt>
      <trkpt lat="45.73126" lon="6.16924">
        <ele>1084</ele>
      </trkpt>
      <trkpt lat="45.73123" lon="6.16931">
        <ele>1085</ele>
      </trkpt>
      <trkpt lat="45.73119" lon="6.16938">
        <ele>1087</ele>
      </trkpt>
      <trkpt lat="45.73116" lon="6.16942">
        <ele>1089</ele>
      </trkpt>
      <trkpt lat="45.73112" lon="6.16946">
        <ele>1090</ele>
      </trkpt>
      <trkpt lat="45.73107" lon="6.16948">
        <ele>1092</ele>
      </trkpt>
      <trkpt lat="45.73104" lon="6.1695">
        <ele>1094</ele>
      </trkpt>
      <trkpt lat="45.73099" lon="6.16954">
        <ele>1095</ele>
      </trkpt>
      <trkpt lat="45.73095" lon="6.1696">
        <ele>1097</ele>
      </trkpt>
      <trkpt lat="45.7309" lon="6.16965">
        <ele>1100</ele>
      </trkpt>
      <trkpt lat="45.73084" lon="6.16971">
        <ele>1102</ele>
      </trkpt>
      <trkpt lat="45.73079" lon="6.16976">
        <ele>1104</ele>
      </trkpt>
      <trkpt lat="45.73072" lon="6.16994">
        <ele>1107</ele>
      </trkpt>
      <trkpt lat="45.73065" lon="6.17006">
        <ele>1109</ele>
      </trkpt>
      <trkpt lat="45.73056" lon="6.17017">
        <ele>1112</ele>
      </trkpt>
      <trkpt lat="45.73051" lon="6.17032">
        <ele>1114</ele>
      </trkpt>
      <trkpt lat="45.73054" lon="6.17039">
        <ele>1116</ele>
      </trkpt>
      <trkpt lat="45.73059" lon="6.1704">
        <ele>1119</ele>
      </trkpt>
      <trkpt lat="45.73068" lon="6.17037">
        <ele>1122</ele>
      </trkpt>
      <trkpt lat="45.73073" lon="6.17034">
        <ele>1125</ele>
      </trkpt>
      <trkpt lat="45.73078" lon="6.17035">
        <ele>1128</ele>
      </trkpt>
      <trkpt lat="45.73082" lon="6.1704">
        <ele>1130</ele>
      </trkpt>
      <trkpt lat="45.73073" lon="6.17049">
        <ele>1132</ele>
      </trkpt>
      <trkpt lat="45.73054" lon="6.17064">
        <ele>1134</ele>
      </trkpt>
      <trkpt lat="45.73036" lon="6.17075">
        <ele>1136</ele>
      </trkpt>
      <trkpt lat="45.73021" lon="6.17084">
        <ele>1138</ele>
      </trkpt>
      <trkpt lat="45.73002" lon="6.1709">
        <ele>1140</ele>
      </trkpt>
      <trkpt lat="45.72983" lon="6.171">
        <ele>1142</ele>
      </trkpt>
      <trkpt lat="45.7297" lon="6.17112">
        <ele>1143</ele>
      </trkpt>
      <trkpt lat="45.72956" lon="6.17121">
        <ele>1144</ele>
      </trkpt>
      <trkpt lat="45.72945" lon="6.1713">
        <ele>1145</ele>
      </trkpt>
      <trkpt lat="45.72934" lon="6.17138">
        <ele>1147</ele>
      </trkpt>
      <trkpt lat="45.72923" lon="6.17151">
        <ele>1148</ele>
      </trkpt>
      <trkpt lat="45.7291" lon="6.17166">
        <ele>1150</ele>
      </trkpt>
      <trkpt lat="45.72899" lon="6.1718">
        <ele>1151</ele>
      </trkpt>
      <trkpt lat="45.72888" lon="6.17194">
        <ele>1153</ele>
      </trkpt>
      <trkpt lat="45.72874" lon="6.17213">
        <ele>1155</ele>
      </trkpt>
      <trkpt lat="45.72863" lon="6.17237">
        <ele>1157</ele>
      </trkpt>
      <trkpt lat="45.72855" lon="6.17257">
        <ele>1159</ele>
      </trkpt>
      <trkpt lat="45.72845" lon="6.17282">
        <ele>1160</ele>
      </trkpt>
      <trkpt lat="45.72835" lon="6.17307">
        <ele>1162</ele>
      </trkpt>
      <trkpt lat="45.72831" lon="6.1732">
        <ele>1163</ele>
      </trkpt>
      <trkpt lat="45.72827" lon="6.1734">
        <ele>1165</ele>
      </trkpt>
      <trkpt lat="45.72823" lon="6.17359">
        <ele>1166</ele>
      </trkpt>
      <trkpt lat="45.72821" lon="6.17373">
        <ele>1167</ele>
      </trkpt>
      <trkpt lat="45.72816" lon="6.17388">
        <ele>1168</ele>
      </trkpt>
      <trkpt lat="45.72811" lon="6.17397">
        <ele>1169</ele>
      </trkpt>
      <trkpt lat="45.72806" lon="6.17405">
        <ele>1170</ele>
      </trkpt>
      <trkpt lat="45.72799" lon="6.17412">
        <ele>1170</ele>
      </trkpt>
      <trkpt lat="45.72789" lon="6.17422">
        <ele>1171</ele>
      </trkpt>
      <trkpt lat="45.72783" lon="6.17431">
        <ele>1172</ele>
      </trkpt>
      <trkpt lat="45.72777" lon="6.17432">
        <ele>1173</ele>
      </trkpt>
      <trkpt lat="45.72771" lon="6.17433">
        <ele>1174</ele>
      </trkpt>
      <trkpt lat="45.72765" lon="6.17435">
        <ele>1175</ele>
      </trkpt>
      <trkpt lat="45.72761" lon="6.17422">
        <ele>1177</ele>
      </trkpt>
      <trkpt lat="45.72753" lon="6.17413">
        <ele>1178</ele>
      </trkpt>
      <trkpt lat="45.72733" lon="6.1741">
        <ele>1180</ele>
      </trkpt>
      <trkpt lat="45.72717" lon="6.17415">
        <ele>1182</ele>
      </trkpt>
      <trkpt lat="45.72703" lon="6.17423">
        <ele>1184</ele>
      </trkpt>
      <trkpt lat="45.72687" lon="6.17424">
        <ele>1186</ele>
      </trkpt>
      <trkpt lat="45.72671" lon="6.17425">
        <ele>1189</ele>
      </trkpt>
      <trkpt lat="45.72657" lon="6.17429">
        <ele>1191</ele>
      </trkpt>
      <trkpt lat="45.72643" lon="6.17433">
        <ele>1193</ele>
      </trkpt>
      <trkpt lat="45.72628" lon="6.17442">
        <ele>1196</ele>
      </trkpt>
      <trkpt lat="45.72613" lon="6.1745">
        <ele>1198</ele>
      </trkpt>
      <trkpt lat="45.72602" lon="6.17454">
        <ele>1200</ele>
      </trkpt>
      <trkpt lat="45.72591" lon="6.17457">
        <ele>1203</ele>
      </trkpt>
      <trkpt lat="45.72579" lon="6.17457">
        <ele>1205</ele>
      </trkpt>
      <trkpt lat="45.72573" lon="6.17459">
        <ele>1207</ele>
      </trkpt>
      <trkpt lat="45.72569" lon="6.17468">
        <ele>1209</ele>
      </trkpt>
      <trkpt lat="45.72562" lon="6.17472">
        <ele>1211</ele>
      </trkpt>
      <trkpt lat="45.72556" lon="6.17478">
        <ele>1212</ele>
      </trkpt>
      <trkpt lat="45.7254" lon="6.17486">
        <ele>1214</ele>
      </trkpt>
      <trkpt lat="45.7253" lon="6.17493">
        <ele>1216</ele>
      </trkpt>
      <trkpt lat="45.72519" lon="6.17495">
        <ele>1218</ele>
      </trkpt>
      <trkpt lat="45.72506" lon="6.17496">
        <ele>1220</ele>
      </trkpt>
      <trkpt lat="45.72492" lon="6.17494">
        <ele>1222</ele>
      </trkpt>
      <trkpt lat="45.72476" lon="6.17494">
        <ele>1223</ele>
      </trkpt>
      <trkpt lat="45.72458" lon="6.175">
        <ele>1225</ele>
      </trkpt>
      <trkpt lat="45.72447" lon="6.17507">
        <ele>1227</ele>
      </trkpt>
      <trkpt lat="45.72436" lon="6.17513">
        <ele>1228</ele>
      </trkpt>
      <trkpt lat="45.72426" lon="6.17523">
        <ele>1230</ele>
      </trkpt>
      <trkpt lat="45.72421" lon="6.17532">
        <ele>1231</ele>
      </trkpt>
      <trkpt lat="45.72417" lon="6.17542">
        <ele>1232</ele>
      </trkpt>
      <trkpt lat="45.72413" lon="6.17547">
        <ele>1233</ele>
      </trkpt>
      <trkpt lat="45.72406" lon="6.17551">
        <ele>1235</ele>
      </trkpt>
      <trkpt lat="45.724" lon="6.17553">
        <ele>1236</ele>
      </trkpt>
      <trkpt lat="45.72389" lon="6.17559">
        <ele>1237</ele>
      </trkpt>
      <trkpt lat="45.7238" lon="6.1757">
        <ele>1238</ele>
      </trkpt>
      <trkpt lat="45.72371" lon="6.17584">
        <ele>1240</ele>
      </trkpt>
      <trkpt lat="45.7236" lon="6.17591">
        <ele>1241</ele>
      </trkpt>
      <trkpt lat="45.72343" lon="6.17597">
        <ele>1242</ele>
      </trkpt>
      <trkpt lat="45.72328" lon="6.17603">
        <ele>1244</ele>
      </trkpt>
      <trkpt lat="45.72316" lon="6.17607">
        <ele>1245</ele>
      </trkpt>
      <trkpt lat="45.72308" lon="6.17612">
        <ele>1246</ele>
      </trkpt>
      <trkpt lat="45.72303" lon="6.17619">
        <ele>1247</ele>
      </trkpt>
      <trkpt lat="45.72299" lon="6.17624">
        <ele>1248</ele>
      </trkpt>
      <trkpt lat="45.72296" lon="6.17626">
        <ele>1249</ele>
      </trkpt>
      <trkpt lat="45.72291" lon="6.17626">
        <ele>1250</ele>
      </trkpt>
      <trkpt lat="45.72286" lon="6.17627">
        <ele>1250</ele>
      </trkpt>
      <trkpt lat="45.72282" lon="6.17627">
        <ele>1251</ele>
      </trkpt>
      <trkpt lat="45.7228" lon="6.1763">
        <ele>1251</ele>
      </trkpt>
      <trkpt lat="45.7228" lon="6.17632">
        <ele>1251</ele>
      </trkpt>
      <trkpt lat="45.7228" lon="6.17636">
        <ele>1251</ele>
      </trkpt>
      <trkpt lat="45.72282" lon="6.17642">
        <ele>1251</ele>
      </trkpt>
      <trkpt lat="45.72283" lon="6.17647">
        <ele>1251</ele>
      </trkpt>
      <trkpt lat="45.72284" lon="6.17653">
        <ele>1251</ele>
      </trkpt>
      <trkpt lat="45.72284" lon="6.17657">
        <ele>1251</ele>
      </trkpt>
      <trkpt lat="45.72287" lon="6.17661">
        <ele>1251</ele>
      </trkpt>
      <trkpt lat="45.7229" lon="6.17665">
        <ele>1251</ele>
      </trkpt>
      <trkpt lat="45.723" lon="6.17675">
        <ele>1250</ele>
      </trkpt>
      <trkpt lat="45.72308" lon="6.17687">
        <ele>1250</ele>
      </trkpt>
      <trkpt lat="45.72302" lon="6.17688">
        <ele>1250</ele>
      </trkpt>
      <trkpt lat="45.72296" lon="6.17687">
        <ele>1250</ele>
      </trkpt>
      <trkpt lat="45.72291" lon="6.17683">
        <ele>1251</ele>
      </trkpt>
      <trkpt lat="45.72283" lon="6.17677">
        <ele>1251</ele>
      </trkpt>
      <trkpt lat="45.72279" lon="6.17674">
        <ele>1252</ele>
      </trkpt>
      <trkpt lat="45.72275" lon="6.17672">
        <ele>1252</ele>
      </trkpt>
      <trkpt lat="45.7227" lon="6.17671">
        <ele>1253</ele>
      </trkpt>
      <trkpt lat="45.72264" lon="6.1767">
        <ele>1254</ele>
      </trkpt>
      <trkpt lat="45.72256" lon="6.17666">
        <ele>1255</ele>
      </trkpt>
      <trkpt lat="45.72252" lon="6.1766">
        <ele>1256</ele>
      </trkpt>
      <trkpt lat="45.72248" lon="6.17654">
        <ele>1257</ele>
      </trkpt>
      <trkpt lat="45.72239" lon="6.17652">
        <ele>1258</ele>
      </trkpt>
      <trkpt lat="45.72232" lon="6.17651">
        <ele>1260</ele>
      </trkpt>
      <trkpt lat="45.72219" lon="6.17651">
        <ele>1261</ele>
      </trkpt>
      <trkpt lat="45.72213" lon="6.17649">
        <ele>1263</ele>
      </trkpt>
      <trkpt lat="45.72199" lon="6.17645">
        <ele>1265</ele>
      </trkpt>
      <trkpt lat="45.72183" lon="6.1764">
        <ele>1266</ele>
      </trkpt>
      <trkpt lat="45.72175" lon="6.1764">
        <ele>1268</ele>
      </trkpt>
      <trkpt lat="45.72164" lon="6.17638">
        <ele>1270</ele>
      </trkpt>
      <trkpt lat="45.72157" lon="6.17634">
        <ele>1271</ele>
      </trkpt>
      <trkpt lat="45.72151" lon="6.17629">
        <ele>1273</ele>
      </trkpt>
      <trkpt lat="45.72135" lon="6.17634">
        <ele>1274</ele>
      </trkpt>
      <trkpt lat="45.72117" lon="6.17636">
        <ele>1276</ele>
      </trkpt>
      <trkpt lat="45.72102" lon="6.17642">
        <ele>1277</ele>
      </trkpt>
      <trkpt lat="45.72086" lon="6.17648">
        <ele>1278</ele>
      </trkpt>
      <trkpt lat="45.72076" lon="6.17657">
        <ele>1279</ele>
      </trkpt>
      <trkpt lat="45.72059" lon="6.17669">
        <ele>1280</ele>
      </trkpt>
      <trkpt lat="45.72049" lon="6.17671">
        <ele>1281</ele>
      </trkpt>
      <trkpt lat="45.72047" lon="6.17676">
        <ele>1281</ele>
      </trkpt>
      <trkpt lat="45.72049" lon="6.17683">
        <ele>1282</ele>
      </trkpt>
      <trkpt lat="45.72056" lon="6.17698">
        <ele>1282</ele>
      </trkpt>
      <trkpt lat="45.72062" lon="6.17711">
        <ele>1283</ele>
      </trkpt>
      <trkpt lat="45.7206" lon="6.1772">
        <ele>1284</ele>
      </trkpt>
      <trkpt lat="45.72058" lon="6.17725">
        <ele>1284</ele>
      </trkpt>
      <trkpt lat="45.72053" lon="6.17731">
        <ele>1285</ele>
      </trkpt>
      <trkpt lat="45.72046" lon="6.17731">
        <ele>1286</ele>
      </trkpt>
      <trkpt lat="45.72036" lon="6.17727">
        <ele>1287</ele>
      </trkpt>
      <trkpt lat="45.72026" lon="6.17723">
        <ele>1288</ele>
      </trkpt>
      <trkpt lat="45.72017" lon="6.17722">
        <ele>1290</ele>
      </trkpt>
      <trkpt lat="45.72006" lon="6.17722">
        <ele>1291</ele>
      </trkpt>
      <trkpt lat="45.71998" lon="6.17721">
        <ele>1293</ele>
      </trkpt>
      <trkpt lat="45.71988" lon="6.17721">
        <ele>1294</ele>
      </trkpt>
      <trkpt lat="45.71975" lon="6.17721">
        <ele>1296</ele>
      </trkpt>
      <trkpt lat="45.71963" lon="6.17721">
        <ele>1297</ele>
      </trkpt>
      <trkpt lat="45.71941" lon="6.17725">
        <ele>1299</ele>
      </trkpt>
      <trkpt lat="45.7192" lon="6.17729">
        <ele>1301</ele>
      </trkpt>
      <trkpt lat="45.71913" lon="6.17729">
        <ele>1302</ele>
      </trkpt>
      <trkpt lat="45.71906" lon="6.17728">
        <ele>1304</ele>
      </trkpt>
      <trkpt lat="45.719" lon="6.17727">
        <ele>1305</ele>
      </trkpt>
      <trkpt lat="45.71895" lon="6.17727">
        <ele>1307</ele>
      </trkpt>
      <trkpt lat="45.71886" lon="6.17728">
        <ele>1308</ele>
      </trkpt>
      <trkpt lat="45.71876" lon="6.1773">
        <ele>1309</ele>
      </trkpt>
      <trkpt lat="45.71869" lon="6.17735">
        <ele>1311</ele>
      </trkpt>
      <trkpt lat="45.71862" lon="6.17738">
        <ele>1312</ele>
      </trkpt>
      <trkpt lat="45.71856" lon="6.17739">
        <ele>1313</ele>
      </trkpt>
      <trkpt lat="45.7185" lon="6.17739">
        <ele>1314</ele>
      </trkpt>
      <trkpt lat="45.71845" lon="6.17738">
        <ele>1315</ele>
      </trkpt>
      <trkpt lat="45.71838" lon="6.17736">
        <ele>1316</ele>
      </trkpt>
      <trkpt lat="45.7183" lon="6.17736">
        <ele>1317</ele>
      </trkpt>
      <trkpt lat="45.71822" lon="6.17736">
        <ele>1319</ele>
      </trkpt>
      <trkpt lat="45.71813" lon="6.17737">
        <ele>1320</ele>
      </trkpt>
      <trkpt lat="45.71807" lon="6.1774">
        <ele>1321</ele>
      </trkpt>
      <trkpt lat="45.718" lon="6.17741">
        <ele>1322</ele>
      </trkpt>
      <trkpt lat="45.71793" lon="6.17742">
        <ele>1323</ele>
      </trkpt>
      <trkpt lat="45.7178" lon="6.17742">
        <ele>1324</ele>
      </trkpt>
      <trkpt lat="45.71772" lon="6.1774">
        <ele>1325</ele>
      </trkpt>
      <trkpt lat="45.7176" lon="6.17739">
        <ele>1327</ele>
      </trkpt>
      <trkpt lat="45.71744" lon="6.17743">
        <ele>1328</ele>
      </trkpt>
      <trkpt lat="45.71735" lon="6.17737">
        <ele>1329</ele>
      </trkpt>
      <trkpt lat="45.71736" lon="6.17725">
        <ele>1330</ele>
      </trkpt>
      <trkpt lat="45.71736" lon="6.17721">
        <ele>1331</ele>
      </trkpt>
      <trkpt lat="45.71735" lon="6.17715">
        <ele>1332</ele>
      </trkpt>
      <trkpt lat="45.71734" lon="6.17705">
        <ele>1333</ele>
      </trkpt>
      <trkpt lat="45.71733" lon="6.17683">
        <ele>1334</ele>
      </trkpt>
      <trkpt lat="45.71732" lon="6.1766">
        <ele>1335</ele>
      </trkpt>
      <trkpt lat="45.71732" lon="6.17655">
        <ele>1336</ele>
      </trkpt>
      <trkpt lat="45.71732" lon="6.17649">
        <ele>1337</ele>
      </trkpt>
      <trkpt lat="45.71733" lon="6.17644">
        <ele>1338</ele>
      </trkpt>
      <trkpt lat="45.71734" lon="6.17638">
        <ele>1338</ele>
      </trkpt>
      <trkpt lat="45.71738" lon="6.17625">
        <ele>1339</ele>
      </trkpt>
      <trkpt lat="45.71746" lon="6.17603">
        <ele>1340</ele>
      </trkpt>
      <trkpt lat="45.71747" lon="6.17601">
        <ele>1341</ele>
      </trkpt>
      <trkpt lat="45.71748" lon="6.17596">
        <ele>1342</ele>
      </trkpt>
      <trkpt lat="45.71748" lon="6.17591">
        <ele>1343</ele>
      </trkpt>
      <trkpt lat="45.71751" lon="6.1758">
        <ele>1345</ele>
      </trkpt>
      <trkpt lat="45.71754" lon="6.17552">
        <ele>1346</ele>
      </trkpt>
      <trkpt lat="45.7175" lon="6.17534">
        <ele>1347</ele>
      </trkpt>
      <trkpt lat="45.71749" lon="6.1753">
        <ele>1348</ele>
      </trkpt>
      <trkpt lat="45.71746" lon="6.17527">
        <ele>1350</ele>
      </trkpt>
      <trkpt lat="45.71744" lon="6.17521">
        <ele>1351</ele>
      </trkpt>
      <trkpt lat="45.71742" lon="6.17518">
        <ele>1353</ele>
      </trkpt>
      <trkpt lat="45.71741" lon="6.17514">
        <ele>1354</ele>
      </trkpt>
      <trkpt lat="45.71741" lon="6.17509">
        <ele>1355</ele>
      </trkpt>
      <trkpt lat="45.71741" lon="6.17504">
        <ele>1356</ele>
      </trkpt>
      <trkpt lat="45.71741" lon="6.17492">
        <ele>1358</ele>
      </trkpt>
      <trkpt lat="45.71743" lon="6.17477">
        <ele>1359</ele>
      </trkpt>
      <trkpt lat="45.71743" lon="6.17468">
        <ele>1360</ele>
      </trkpt>
      <trkpt lat="45.71742" lon="6.17463">
        <ele>1361</ele>
      </trkpt>
      <trkpt lat="45.71741" lon="6.17458">
        <ele>1363</ele>
      </trkpt>
      <trkpt lat="45.71739" lon="6.17454">
        <ele>1364</ele>
      </trkpt>
      <trkpt lat="45.71736" lon="6.17446">
        <ele>1365</ele>
      </trkpt>
      <trkpt lat="45.71732" lon="6.17437">
        <ele>1366</ele>
      </trkpt>
      <trkpt lat="45.7173" lon="6.17432">
        <ele>1368</ele>
      </trkpt>
      <trkpt lat="45.71729" lon="6.17428">
        <ele>1370</ele>
      </trkpt>
      <trkpt lat="45.71729" lon="6.17424">
        <ele>1371</ele>
      </trkpt>
      <trkpt lat="45.71729" lon="6.17414">
        <ele>1373</ele>
      </trkpt>
      <trkpt lat="45.71731" lon="6.17402">
        <ele>1375</ele>
      </trkpt>
      <trkpt lat="45.71734" lon="6.17388">
        <ele>1377</ele>
      </trkpt>
      <trkpt lat="45.71736" lon="6.17378">
        <ele>1380</ele>
      </trkpt>
      <trkpt lat="45.71744" lon="6.17369">
        <ele>1382</ele>
      </trkpt>
      <trkpt lat="45.7175" lon="6.17361">
        <ele>1385</ele>
      </trkpt>
      <trkpt lat="45.71766" lon="6.17343">
        <ele>1387</ele>
      </trkpt>
      <trkpt lat="45.71776" lon="6.17331">
        <ele>1389</ele>
      </trkpt>
      <trkpt lat="45.71782" lon="6.17324">
        <ele>1392</ele>
      </trkpt>
      <trkpt lat="45.71785" lon="6.17322">
        <ele>1394</ele>
      </trkpt>
      <trkpt lat="45.71787" lon="6.1732">
        <ele>1396</ele>
      </trkpt>
      <trkpt lat="45.71788" lon="6.17317">
        <ele>1398</ele>
      </trkpt>
      <trkpt lat="45.71792" lon="6.17315">
        <ele>1400</ele>
      </trkpt>
      <trkpt lat="45.71797" lon="6.17312">
        <ele>1402</ele>
      </trkpt>
      <trkpt lat="45.71813" lon="6.17302">
        <ele>1404</ele>
      </trkpt>
      <trkpt lat="45.71817" lon="6.173">
        <ele>1405</ele>
      </trkpt>
      <trkpt lat="45.71818" lon="6.17296">
        <ele>1407</ele>
      </trkpt>
      <trkpt lat="45.7182" lon="6.17291">
        <ele>1408</ele>
      </trkpt>
      <trkpt lat="45.71819" lon="6.17286">
        <ele>1410</ele>
      </trkpt>
      <trkpt lat="45.71819" lon="6.1728">
        <ele>1411</ele>
      </trkpt>
      <trkpt lat="45.71817" lon="6.17276">
        <ele>1413</ele>
      </trkpt>
      <trkpt lat="45.71813" lon="6.17273">
        <ele>1414</ele>
      </trkpt>
      <trkpt lat="45.71804" lon="6.17266">
        <ele>1416</ele>
      </trkpt>
      <trkpt lat="45.7179" lon="6.17253">
        <ele>1417</ele>
      </trkpt>
      <trkpt lat="45.71783" lon="6.17243">
        <ele>1419</ele>
      </trkpt>
      <trkpt lat="45.7178" lon="6.17237">
        <ele>1420</ele>
      </trkpt>
      <trkpt lat="45.71779" lon="6.17232">
        <ele>1422</ele>
      </trkpt>
      <trkpt lat="45.71779" lon="6.17228">
        <ele>1423</ele>
      </trkpt>
      <trkpt lat="45.71779" lon="6.17223">
        <ele>1425</ele>
      </trkpt>
      <trkpt lat="45.71783" lon="6.17218">
        <ele>1427</ele>
      </trkpt>
      <trkpt lat="45.71788" lon="6.17214">
        <ele>1428</ele>
      </trkpt>
      <trkpt lat="45.71794" lon="6.17212">
        <ele>1430</ele>
      </trkpt>
      <trkpt lat="45.71805" lon="6.1721">
        <ele>1432</ele>
      </trkpt>
      <trkpt lat="45.71824" lon="6.17206">
        <ele>1434</ele>
      </trkpt>
      <trkpt lat="45.71829" lon="6.17205">
        <ele>1435</ele>
      </trkpt>
      <trkpt lat="45.71832" lon="6.17203">
        <ele>1437</ele>
      </trkpt>
      <trkpt lat="45.71835" lon="6.172">
        <ele>1439</ele>
      </trkpt>
      <trkpt lat="45.71838" lon="6.17195">
        <ele>1441</ele>
      </trkpt>
      <trkpt lat="45.71842" lon="6.1719">
        <ele>1444</ele>
      </trkpt>
      <trkpt lat="45.71851" lon="6.17182">
        <ele>1446</ele>
      </trkpt>
      <trkpt lat="45.7186" lon="6.17176">
        <ele>1448</ele>
      </trkpt>
      <trkpt lat="45.71871" lon="6.1717">
        <ele>1450</ele>
      </trkpt>
      <trkpt lat="45.71882" lon="6.17164">
        <ele>1453</ele>
      </trkpt>
      <trkpt lat="45.71899" lon="6.17157">
        <ele>1455</ele>
      </trkpt>
      <trkpt lat="45.7191" lon="6.17147">
        <ele>1458</ele>
      </trkpt>
      <trkpt lat="45.71914" lon="6.17141">
        <ele>1460</ele>
      </trkpt>
      <trkpt lat="45.71916" lon="6.17136">
        <ele>1463</ele>
      </trkpt>
      <trkpt lat="45.71917" lon="6.17131">
        <ele>1465</ele>
      </trkpt>
      <trkpt lat="45.71917" lon="6.17126">
        <ele>1468</ele>
      </trkpt>
      <trkpt lat="45.71914" lon="6.17117">
        <ele>1470</ele>
      </trkpt>
      <trkpt lat="45.71906" lon="6.17098">
        <ele>1473</ele>
      </trkpt>
      <trkpt lat="45.71903" lon="6.17093">
        <ele>1475</ele>
      </trkpt>
      <trkpt lat="45.71893" lon="6.17082">
        <ele>1478</ele>
      </trkpt>
      <trkpt lat="45.71875" lon="6.17063">
        <ele>1480</ele>
      </trkpt>
      <trkpt lat="45.71857" lon="6.17044">
        <ele>1482</ele>
      </trkpt>
      <trkpt lat="45.71854" lon="6.17041">
        <ele>1484</ele>
      </trkpt>
      <trkpt lat="45.71849" lon="6.17039">
        <ele>1486</ele>
      </trkpt>
      <trkpt lat="45.71844" lon="6.17036">
        <ele>1488</ele>
      </trkpt>
      <trkpt lat="45.71836" lon="6.17024">
        <ele>1490</ele>
      </trkpt>
      <trkpt lat="45.71831" lon="6.17017">
        <ele>1491</ele>
      </trkpt>
      <trkpt lat="45.71826" lon="6.17006">
        <ele>1493</ele>
      </trkpt>
      <trkpt lat="45.71821" lon="6.16987">
        <ele>1495</ele>
      </trkpt>
      <trkpt lat="45.7182" lon="6.16975">
        <ele>1496</ele>
      </trkpt>
      <trkpt lat="45.7182" lon="6.16971">
        <ele>1498</ele>
      </trkpt>
      <trkpt lat="45.71822" lon="6.16968">
        <ele>1499</ele>
      </trkpt>
      <trkpt lat="45.71824" lon="6.16967">
        <ele>1500</ele>
      </trkpt>
      <trkpt lat="45.71831" lon="6.16966">
        <ele>1502</ele>
      </trkpt>
      <trkpt lat="45.71842" lon="6.16966">
        <ele>1503</ele>
      </trkpt>
      <trkpt lat="45.71854" lon="6.16963">
        <ele>1504</ele>
      </trkpt>
      <trkpt lat="45.71866" lon="6.16959">
        <ele>1504</ele>
      </trkpt>
      <trkpt lat="45.71879" lon="6.16954">
        <ele>1505</ele>
      </trkpt>
      <trkpt lat="45.71891" lon="6.1695">
        <ele>1505</ele>
      </trkpt>
      <trkpt lat="45.71906" lon="6.16961">
        <ele>1504</ele>
      </trkpt>
      <trkpt lat="45.71923" lon="6.16967">
        <ele>1503</ele>
      </trkpt>
      <trkpt lat="45.71945" lon="6.16966">
        <ele>1501</ele>
      </trkpt>
      <trkpt lat="45.71958" lon="6.1697">
        <ele>1499</ele>
      </trkpt>
      <trkpt lat="45.71971" lon="6.16974">
        <ele>1497</ele>
      </trkpt>
      <trkpt lat="45.71983" lon="6.16976">
        <ele>1494</ele>
      </trkpt>
      <trkpt lat="45.71994" lon="6.16977">
        <ele>1490</ele>
      </trkpt>
      <trkpt lat="45.72009" lon="6.16976">
        <ele>1486</ele>
      </trkpt>
      <trkpt lat="45.72023" lon="6.16974">
        <ele>1482</ele>
      </trkpt>
      <trkpt lat="45.7204" lon="6.16952">
        <ele>1478</ele>
      </trkpt>
      <trkpt lat="45.72058" lon="6.16937">
        <ele>1473</ele>
      </trkpt>
      <trkpt lat="45.72071" lon="6.16936">
        <ele>1468</ele>
      </trkpt>
      <trkpt lat="45.72088" lon="6.16933">
        <ele>1464</ele>
      </trkpt>
      <trkpt lat="45.72101" lon="6.16928">
        <ele>1459</ele>
      </trkpt>
      <trkpt lat="45.72115" lon="6.16923">
        <ele>1455</ele>
      </trkpt>
      <trkpt lat="45.72129" lon="6.1692">
        <ele>1451</ele>
      </trkpt>
      <trkpt lat="45.72142" lon="6.16918">
        <ele>1448</ele>
      </trkpt>
      <trkpt lat="45.72153" lon="6.16909">
        <ele>1445</ele>
      </trkpt>
      <trkpt lat="45.72148" lon="6.16904">
        <ele>1442</ele>
      </trkpt>
      <trkpt lat="45.72143" lon="6.16899">
        <ele>1440</ele>
      </trkpt>
      <trkpt lat="45.72137" lon="6.16893">
        <ele>1439</ele>
      </trkpt>
      <trkpt lat="45.72132" lon="6.1689">
        <ele>1438</ele>
      </trkpt>
      <trkpt lat="45.72125" lon="6.16885">
        <ele>1437</ele>
      </trkpt>
      <trkpt lat="45.72119" lon="6.16883">
        <ele>1437</ele>
      </trkpt>
      <trkpt lat="45.72112" lon="6.1688">
        <ele>1436</ele>
      </trkpt>
      <trkpt lat="45.72105" lon="6.16876">
        <ele>1436</ele>
      </trkpt>
      <trkpt lat="45.721" lon="6.16874">
        <ele>1436</ele>
      </trkpt>
      <trkpt lat="45.72094" lon="6.16871">
        <ele>1436</ele>
      </trkpt>
      <trkpt lat="45.72088" lon="6.16868">
        <ele>1436</ele>
      </trkpt>
      <trkpt lat="45.72081" lon="6.16865">
        <ele>1436</ele>
      </trkpt>
      <trkpt lat="45.72074" lon="6.1686">
        <ele>1436</ele>
      </trkpt>
      <trkpt lat="45.72068" lon="6.16855">
        <ele>1435</ele>
      </trkpt>
      <trkpt lat="45.72062" lon="6.16848">
        <ele>1435</ele>
      </trkpt>
      <trkpt lat="45.72056" lon="6.16843">
        <ele>1434</ele>
      </trkpt>
      <trkpt lat="45.72049" lon="6.16837">
        <ele>1433</ele>
      </trkpt>
      <trkpt lat="45.72041" lon="6.1683">
        <ele>1433</ele>
      </trkpt>
      <trkpt lat="45.72034" lon="6.16824">
        <ele>1432</ele>
      </trkpt>
      <trkpt lat="45.72027" lon="6.16819">
        <ele>1431</ele>
      </trkpt>
      <trkpt lat="45.72021" lon="6.16814">
        <ele>1430</ele>
      </trkpt>
      <trkpt lat="45.72016" lon="6.1681">
        <ele>1429</ele>
      </trkpt>
      <trkpt lat="45.72007" lon="6.16802">
        <ele>1428</ele>
      </trkpt>
      <trkpt lat="45.71998" lon="6.1679">
        <ele>1427</ele>
      </trkpt>
      <trkpt lat="45.71989" lon="6.16781">
        <ele>1426</ele>
      </trkpt>
      <trkpt lat="45.71982" lon="6.16774">
        <ele>1425</ele>
      </trkpt>
      <trkpt lat="45.71975" lon="6.16763">
        <ele>1424</ele>
      </trkpt>
      <trkpt lat="45.71968" lon="6.16755">
        <ele>1423</ele>
      </trkpt>
      <trkpt lat="45.71961" lon="6.16748">
        <ele>1421</ele>
      </trkpt>
      <trkpt lat="45.71953" lon="6.16744">
        <ele>1420</ele>
      </trkpt>
      <trkpt lat="45.71944" lon="6.1674">
        <ele>1419</ele>
      </trkpt>
      <trkpt lat="45.71935" lon="6.16735">
        <ele>1417</ele>
      </trkpt>
      <trkpt lat="45.71928" lon="6.1673">
        <ele>1416</ele>
      </trkpt>
      <trkpt lat="45.7192" lon="6.16722">
        <ele>1414</ele>
      </trkpt>
      <trkpt lat="45.71915" lon="6.16712">
        <ele>1412</ele>
      </trkpt>
      <trkpt lat="45.7191" lon="6.16702">
        <ele>1410</ele>
      </trkpt>
      <trkpt lat="45.71905" lon="6.16692">
        <ele>1408</ele>
      </trkpt>
      <trkpt lat="45.719" lon="6.16683">
        <ele>1407</ele>
      </trkpt>
      <trkpt lat="45.71895" lon="6.16676">
        <ele>1405</ele>
      </trkpt>
      <trkpt lat="45.71889" lon="6.16671">
        <ele>1404</ele>
      </trkpt>
      <trkpt lat="45.71882" lon="6.16665">
        <ele>1403</ele>
      </trkpt>
      <trkpt lat="45.71869" lon="6.16651">
        <ele>1401</ele>
      </trkpt>
      <trkpt lat="45.71863" lon="6.16645">
        <ele>1400</ele>
      </trkpt>
      <trkpt lat="45.71855" lon="6.16641">
        <ele>1400</ele>
      </trkpt>
      <trkpt lat="45.71846" lon="6.16639">
        <ele>1399</ele>
      </trkpt>
      <trkpt lat="45.71836" lon="6.16637">
        <ele>1399</ele>
      </trkpt>
      <trkpt lat="45.71826" lon="6.16635">
        <ele>1398</ele>
      </trkpt>
      <trkpt lat="45.71817" lon="6.16631">
        <ele>1398</ele>
      </trkpt>
      <trkpt lat="45.71807" lon="6.16628">
        <ele>1398</ele>
      </trkpt>
      <trkpt lat="45.71798" lon="6.16622">
        <ele>1398</ele>
      </trkpt>
      <trkpt lat="45.7179" lon="6.16616">
        <ele>1398</ele>
      </trkpt>
      <trkpt lat="45.71783" lon="6.16609">
        <ele>1397</ele>
      </trkpt>
      <trkpt lat="45.71775" lon="6.16602">
        <ele>1397</ele>
      </trkpt>
      <trkpt lat="45.71767" lon="6.16596">
        <ele>1397</ele>
      </trkpt>
      <trkpt lat="45.71758" lon="6.1659">
        <ele>1397</ele>
      </trkpt>
      <trkpt lat="45.71749" lon="6.16583">
        <ele>1397</ele>
      </trkpt>
      <trkpt lat="45.71741" lon="6.16575">
        <ele>1396</ele>
      </trkpt>
      <trkpt lat="45.71735" lon="6.16567">
        <ele>1396</ele>
      </trkpt>
      <trkpt lat="45.71728" lon="6.16557">
        <ele>1396</ele>
      </trkpt>
      <trkpt lat="45.71721" lon="6.16548">
        <ele>1396</ele>
      </trkpt>
      <trkpt lat="45.71714" lon="6.16538">
        <ele>1395</ele>
      </trkpt>
      <trkpt lat="45.71708" lon="6.1653">
        <ele>1395</ele>
      </trkpt>
      <trkpt lat="45.71701" lon="6.1652">
        <ele>1395</ele>
      </trkpt>
      <trkpt lat="45.71693" lon="6.16512">
        <ele>1395</ele>
      </trkpt>
      <trkpt lat="45.71686" lon="6.16503">
        <ele>1395</ele>
      </trkpt>
      <trkpt lat="45.71679" lon="6.16496">
        <ele>1395</ele>
      </trkpt>
      <trkpt lat="45.71671" lon="6.16489">
        <ele>1395</ele>
      </trkpt>
      <trkpt lat="45.71663" lon="6.16483">
        <ele>1396</ele>
      </trkpt>
      <trkpt lat="45.71656" lon="6.16477">
        <ele>1396</ele>
      </trkpt>
      <trkpt lat="45.71648" lon="6.16472">
        <ele>1396</ele>
      </trkpt>
      <trkpt lat="45.71643" lon="6.16468">
        <ele>1396</ele>
      </trkpt>
      <trkpt lat="45.71636" lon="6.16465">
        <ele>1396</ele>
      </trkpt>
      <trkpt lat="45.71627" lon="6.16464">
        <ele>1397</ele>
      </trkpt>
      <trkpt lat="45.71619" lon="6.16464">
        <ele>1397</ele>
      </trkpt>
      <trkpt lat="45.7161" lon="6.16463">
        <ele>1397</ele>
      </trkpt>
      <trkpt lat="45.716" lon="6.1646">
        <ele>1397</ele>
      </trkpt>
      <trkpt lat="45.71592" lon="6.16456">
        <ele>1398</ele>
      </trkpt>
      <trkpt lat="45.71582" lon="6.16452">
        <ele>1398</ele>
      </trkpt>
      <trkpt lat="45.71575" lon="6.16448">
        <ele>1398</ele>
      </trkpt>
      <trkpt lat="45.71565" lon="6.16444">
        <ele>1398</ele>
      </trkpt>
      <trkpt lat="45.71556" lon="6.16442">
        <ele>1399</ele>
      </trkpt>
      <trkpt lat="45.71546" lon="6.1644">
        <ele>1399</ele>
      </trkpt>
      <trkpt lat="45.71537" lon="6.16439">
        <ele>1399</ele>
      </trkpt>
      <trkpt lat="45.71529" lon="6.16439">
        <ele>1399</ele>
      </trkpt>
      <trkpt lat="45.71517" lon="6.16437">
        <ele>1400</ele>
      </trkpt>
      <trkpt lat="45.71507" lon="6.16435">
        <ele>1400</ele>
      </trkpt>
      <trkpt lat="45.71498" lon="6.16431">
        <ele>1400</ele>
      </trkpt>
      <trkpt lat="45.71491" lon="6.16427">
        <ele>1400</ele>
      </trkpt>
      <trkpt lat="45.71482" lon="6.16424">
        <ele>1400</ele>
      </trkpt>
      <trkpt lat="45.71472" lon="6.16419">
        <ele>1401</ele>
      </trkpt>
      <trkpt lat="45.71464" lon="6.16415">
        <ele>1400</ele>
      </trkpt>
      <trkpt lat="45.71456" lon="6.1641">
        <ele>1400</ele>
      </trkpt>
      <trkpt lat="45.71447" lon="6.16405">
        <ele>1400</ele>
      </trkpt>
      <trkpt lat="45.71439" lon="6.164">
        <ele>1400</ele>
      </trkpt>
      <trkpt lat="45.71431" lon="6.16395">
        <ele>1399</ele>
      </trkpt>
      <trkpt lat="45.71424" lon="6.16386">
        <ele>1399</ele>
      </trkpt>
      <trkpt lat="45.71416" lon="6.16375">
        <ele>1398</ele>
      </trkpt>
      <trkpt lat="45.71409" lon="6.16366">
        <ele>1397</ele>
      </trkpt>
      <trkpt lat="45.71404" lon="6.16355">
        <ele>1396</ele>
      </trkpt>
      <trkpt lat="45.71399" lon="6.16346">
        <ele>1395</ele>
      </trkpt>
      <trkpt lat="45.71392" lon="6.16334">
        <ele>1394</ele>
      </trkpt>
      <trkpt lat="45.71387" lon="6.16324">
        <ele>1393</ele>
      </trkpt>
      <trkpt lat="45.71381" lon="6.16314">
        <ele>1392</ele>
      </trkpt>
      <trkpt lat="45.71375" lon="6.16303">
        <ele>1391</ele>
      </trkpt>
      <trkpt lat="45.71369" lon="6.16293">
        <ele>1390</ele>
      </trkpt>
      <trkpt lat="45.71365" lon="6.16281">
        <ele>1390</ele>
      </trkpt>
      <trkpt lat="45.7136" lon="6.16267">
        <ele>1389</ele>
      </trkpt>
      <trkpt lat="45.71355" lon="6.16255">
        <ele>1388</ele>
      </trkpt>
      <trkpt lat="45.71351" lon="6.16245">
        <ele>1387</ele>
      </trkpt>
      <trkpt lat="45.7135" lon="6.16245">
        <ele>1387</ele>
      </trkpt>
      <trkpt lat="45.71346" lon="6.16234">
        <ele>1386</ele>
      </trkpt>
      <trkpt lat="45.7134" lon="6.16225">
        <ele>1386</ele>
      </trkpt>
      <trkpt lat="45.71334" lon="6.16219">
        <ele>1385</ele>
      </trkpt>
      <trkpt lat="45.71326" lon="6.16213">
        <ele>1385</ele>
      </trkpt>
      <trkpt lat="45.71319" lon="6.16206">
        <ele>1385</ele>
      </trkpt>
      <trkpt lat="45.71311" lon="6.16197">
        <ele>1384</ele>
      </trkpt>
      <trkpt lat="45.71305" lon="6.16187">
        <ele>1384</ele>
      </trkpt>
      <trkpt lat="45.71301" lon="6.16177">
        <ele>1384</ele>
      </trkpt>
      <trkpt lat="45.71295" lon="6.16166">
        <ele>1384</ele>
      </trkpt>
      <trkpt lat="45.7129" lon="6.16157">
        <ele>1384</ele>
      </trkpt>
      <trkpt lat="45.71284" lon="6.16148">
        <ele>1384</ele>
      </trkpt>
      <trkpt lat="45.71277" lon="6.16139">
        <ele>1384</ele>
      </trkpt>
      <trkpt lat="45.71269" lon="6.16131">
        <ele>1384</ele>
      </trkpt>
      <trkpt lat="45.7126" lon="6.16125">
        <ele>1384</ele>
      </trkpt>
      <trkpt lat="45.71251" lon="6.16119">
        <ele>1384</ele>
      </trkpt>
      <trkpt lat="45.71242" lon="6.16115">
        <ele>1384</ele>
      </trkpt>
      <trkpt lat="45.71234" lon="6.16112">
        <ele>1385</ele>
      </trkpt>
      <trkpt lat="45.71224" lon="6.1611">
        <ele>1385</ele>
      </trkpt>
      <trkpt lat="45.71214" lon="6.16109">
        <ele>1385</ele>
      </trkpt>
      <trkpt lat="45.71205" lon="6.16108">
        <ele>1385</ele>
      </trkpt>
      <trkpt lat="45.71195" lon="6.16107">
        <ele>1385</ele>
      </trkpt>
      <trkpt lat="45.71187" lon="6.16104">
        <ele>1386</ele>
      </trkpt>
      <trkpt lat="45.71177" lon="6.161">
        <ele>1386</ele>
      </trkpt>
      <trkpt lat="45.71167" lon="6.16095">
        <ele>1386</ele>
      </trkpt>
      <trkpt lat="45.71158" lon="6.1609">
        <ele>1386</ele>
      </trkpt>
      <trkpt lat="45.7115" lon="6.16083">
        <ele>1385</ele>
      </trkpt>
      <trkpt lat="45.71143" lon="6.16075">
        <ele>1385</ele>
      </trkpt>
      <trkpt lat="45.71138" lon="6.16063">
        <ele>1385</ele>
      </trkpt>
      <trkpt lat="45.71132" lon="6.16053">
        <ele>1384</ele>
      </trkpt>
      <trkpt lat="45.71126" lon="6.16044">
        <ele>1384</ele>
      </trkpt>
      <trkpt lat="45.71118" lon="6.16035">
        <ele>1384</ele>
      </trkpt>
      <trkpt lat="45.71111" lon="6.16023">
        <ele>1383</ele>
      </trkpt>
      <trkpt lat="45.71106" lon="6.1601">
        <ele>1383</ele>
      </trkpt>
      <trkpt lat="45.711" lon="6.15995">
        <ele>1382</ele>
      </trkpt>
      <trkpt lat="45.71097" lon="6.15981">
        <ele>1382</ele>
      </trkpt>
      <trkpt lat="45.71093" lon="6.15966">
        <ele>1381</ele>
      </trkpt>
      <trkpt lat="45.71088" lon="6.15949">
        <ele>1381</ele>
      </trkpt>
      <trkpt lat="45.71083" lon="6.15935">
        <ele>1380</ele>
      </trkpt>
      <trkpt lat="45.71079" lon="6.15922">
        <ele>1380</ele>
      </trkpt>
      <trkpt lat="45.71076" lon="6.15909">
        <ele>1379</ele>
      </trkpt>
      <trkpt lat="45.71072" lon="6.15895">
        <ele>1379</ele>
      </trkpt>
      <trkpt lat="45.71069" lon="6.15886">
        <ele>1379</ele>
      </trkpt>
      <trkpt lat="45.71068" lon="6.15883">
        <ele>1378</ele>
      </trkpt>
      <trkpt lat="45.71062" lon="6.15869">
        <ele>1377</ele>
      </trkpt>
      <trkpt lat="45.71056" lon="6.15858">
        <ele>1377</ele>
      </trkpt>
      <trkpt lat="45.71051" lon="6.15845">
        <ele>1376</ele>
      </trkpt>
      <trkpt lat="45.71046" lon="6.15833">
        <ele>1375</ele>
      </trkpt>
      <trkpt lat="45.71043" lon="6.1582">
        <ele>1375</ele>
      </trkpt>
      <trkpt lat="45.71041" lon="6.15809">
        <ele>1374</ele>
      </trkpt>
      <trkpt lat="45.71039" lon="6.15798">
        <ele>1373</ele>
      </trkpt>
      <trkpt lat="45.71039" lon="6.15795">
        <ele>1371</ele>
      </trkpt>
      <trkpt lat="45.71038" lon="6.15785">
        <ele>1370</ele>
      </trkpt>
      <trkpt lat="45.71038" lon="6.15774">
        <ele>1369</ele>
      </trkpt>
      <trkpt lat="45.71041" lon="6.15762">
        <ele>1368</ele>
      </trkpt>
      <trkpt lat="45.71044" lon="6.15755">
        <ele>1367</ele>
      </trkpt>
      <trkpt lat="45.71045" lon="6.15745">
        <ele>1366</ele>
      </trkpt>
      <trkpt lat="45.71044" lon="6.15735">
        <ele>1365</ele>
      </trkpt>
      <trkpt lat="45.71041" lon="6.15724">
        <ele>1363</ele>
      </trkpt>
      <trkpt lat="45.71038" lon="6.15713">
        <ele>1362</ele>
      </trkpt>
      <trkpt lat="45.71033" lon="6.15702">
        <ele>1361</ele>
      </trkpt>
      <trkpt lat="45.71025" lon="6.15695">
        <ele>1361</ele>
      </trkpt>
      <trkpt lat="45.71018" lon="6.15686">
        <ele>1360</ele>
      </trkpt>
      <trkpt lat="45.71012" lon="6.15677">
        <ele>1359</ele>
      </trkpt>
      <trkpt lat="45.71008" lon="6.15667">
        <ele>1358</ele>
      </trkpt>
      <trkpt lat="45.71005" lon="6.15657">
        <ele>1357</ele>
      </trkpt>
      <trkpt lat="45.71003" lon="6.15646">
        <ele>1356</ele>
      </trkpt>
      <trkpt lat="45.71" lon="6.15635">
        <ele>1354</ele>
      </trkpt>
      <trkpt lat="45.70996" lon="6.15623">
        <ele>1353</ele>
      </trkpt>
      <trkpt lat="45.70991" lon="6.15611">
        <ele>1352</ele>
      </trkpt>
      <trkpt lat="45.70986" lon="6.156">
        <ele>1351</ele>
      </trkpt>
      <trkpt lat="45.7098" lon="6.15592">
        <ele>1350</ele>
      </trkpt>
      <trkpt lat="45.70973" lon="6.15583">
        <ele>1349</ele>
      </trkpt>
      <trkpt lat="45.70966" lon="6.15575">
        <ele>1347</ele>
      </trkpt>
      <trkpt lat="45.70958" lon="6.15568">
        <ele>1346</ele>
      </trkpt>
      <trkpt lat="45.70951" lon="6.15561">
        <ele>1345</ele>
      </trkpt>
      <trkpt lat="45.70946" lon="6.15554">
        <ele>1344</ele>
      </trkpt>
      <trkpt lat="45.70942" lon="6.15544">
        <ele>1343</ele>
      </trkpt>
      <trkpt lat="45.70938" lon="6.15532">
        <ele>1342</ele>
      </trkpt>
      <trkpt lat="45.70937" lon="6.15522">
        <ele>1341</ele>
      </trkpt>
      <trkpt lat="45.70937" lon="6.1551">
        <ele>1340</ele>
      </trkpt>
      <trkpt lat="45.70937" lon="6.15499">
        <ele>1339</ele>
      </trkpt>
      <trkpt lat="45.70937" lon="6.15486">
        <ele>1338</ele>
      </trkpt>
      <trkpt lat="45.70935" lon="6.15474">
        <ele>1338</ele>
      </trkpt>
      <trkpt lat="45.70931" lon="6.15464">
        <ele>1337</ele>
      </trkpt>
      <trkpt lat="45.70925" lon="6.15455">
        <ele>1337</ele>
      </trkpt>
      <trkpt lat="45.7092" lon="6.15447">
        <ele>1337</ele>
      </trkpt>
      <trkpt lat="45.70911" lon="6.15437">
        <ele>1337</ele>
      </trkpt>
      <trkpt lat="45.70903" lon="6.1544">
        <ele>1338</ele>
      </trkpt>
      <trkpt lat="45.70896" lon="6.15444">
        <ele>1338</ele>
      </trkpt>
      <trkpt lat="45.70889" lon="6.15445">
        <ele>1338</ele>
      </trkpt>
      <trkpt lat="45.70883" lon="6.15443">
        <ele>1339</ele>
      </trkpt>
      <trkpt lat="45.70876" lon="6.15436">
        <ele>1340</ele>
      </trkpt>
      <trkpt lat="45.70872" lon="6.15426">
        <ele>1340</ele>
      </trkpt>
      <trkpt lat="45.70869" lon="6.15416">
        <ele>1341</ele>
      </trkpt>
      <trkpt lat="45.70865" lon="6.15406">
        <ele>1341</ele>
      </trkpt>
      <trkpt lat="45.70861" lon="6.15396">
        <ele>1342</ele>
      </trkpt>
      <trkpt lat="45.70856" lon="6.1539">
        <ele>1342</ele>
      </trkpt>
      <trkpt lat="45.70849" lon="6.15384">
        <ele>1343</ele>
      </trkpt>
      <trkpt lat="45.70842" lon="6.15376">
        <ele>1343</ele>
      </trkpt>
      <trkpt lat="45.70836" lon="6.15367">
        <ele>1344</ele>
      </trkpt>
      <trkpt lat="45.70829" lon="6.15358">
        <ele>1344</ele>
      </trkpt>
      <trkpt lat="45.70822" lon="6.1535">
        <ele>1344</ele>
      </trkpt>
      <trkpt lat="45.70815" lon="6.15342">
        <ele>1344</ele>
      </trkpt>
      <trkpt lat="45.70808" lon="6.15335">
        <ele>1345</ele>
      </trkpt>
      <trkpt lat="45.708" lon="6.15327">
        <ele>1345</ele>
      </trkpt>
      <trkpt lat="45.70793" lon="6.15317">
        <ele>1344</ele>
      </trkpt>
      <trkpt lat="45.70788" lon="6.15307">
        <ele>1344</ele>
      </trkpt>
      <trkpt lat="45.70784" lon="6.15292">
        <ele>1344</ele>
      </trkpt>
      <trkpt lat="45.70782" lon="6.15279">
        <ele>1344</ele>
      </trkpt>
      <trkpt lat="45.70781" lon="6.15266">
        <ele>1343</ele>
      </trkpt>
      <trkpt lat="45.70782" lon="6.15253">
        <ele>1343</ele>
      </trkpt>
      <trkpt lat="45.70786" lon="6.15242">
        <ele>1342</ele>
      </trkpt>
      <trkpt lat="45.70788" lon="6.15234">
        <ele>1342</ele>
      </trkpt>
      <trkpt lat="45.7079" lon="6.15226">
        <ele>1341</ele>
      </trkpt>
      <trkpt lat="45.70791" lon="6.15216">
        <ele>1341</ele>
      </trkpt>
      <trkpt lat="45.70791" lon="6.15206">
        <ele>1341</ele>
      </trkpt>
      <trkpt lat="45.70788" lon="6.15199">
        <ele>1340</ele>
      </trkpt>
      <trkpt lat="45.70782" lon="6.15194">
        <ele>1340</ele>
      </trkpt>
      <trkpt lat="45.70772" lon="6.1519">
        <ele>1340</ele>
      </trkpt>
      <trkpt lat="45.70753" lon="6.15189">
        <ele>1339</ele>
      </trkpt>
      <trkpt lat="45.70749" lon="6.15189">
        <ele>1339</ele>
      </trkpt>
      <trkpt lat="45.70739" lon="6.15189">
        <ele>1339</ele>
      </trkpt>
      <trkpt lat="45.70729" lon="6.1519">
        <ele>1338</ele>
      </trkpt>
      <trkpt lat="45.70718" lon="6.15188">
        <ele>1338</ele>
      </trkpt>
      <trkpt lat="45.70709" lon="6.15182">
        <ele>1337</ele>
      </trkpt>
      <trkpt lat="45.70697" lon="6.15175">
        <ele>1337</ele>
      </trkpt>
      <trkpt lat="45.70684" lon="6.15168">
        <ele>1336</ele>
      </trkpt>
      <trkpt lat="45.70675" lon="6.15163">
        <ele>1335</ele>
      </trkpt>
      <trkpt lat="45.70669" lon="6.15157">
        <ele>1335</ele>
      </trkpt>
      <trkpt lat="45.70664" lon="6.15147">
        <ele>1334</ele>
      </trkpt>
      <trkpt lat="45.70659" lon="6.15136">
        <ele>1333</ele>
      </trkpt>
      <trkpt lat="45.70654" lon="6.15124">
        <ele>1333</ele>
      </trkpt>
      <trkpt lat="45.7065" lon="6.15113">
        <ele>1332</ele>
      </trkpt>
      <trkpt lat="45.70644" lon="6.15104">
        <ele>1331</ele>
      </trkpt>
      <trkpt lat="45.70639" lon="6.15098">
        <ele>1331</ele>
      </trkpt>
      <trkpt lat="45.70631" lon="6.15097">
        <ele>1330</ele>
      </trkpt>
      <trkpt lat="45.70623" lon="6.15101">
        <ele>1330</ele>
      </trkpt>
      <trkpt lat="45.70615" lon="6.1511">
        <ele>1330</ele>
      </trkpt>
      <trkpt lat="45.70609" lon="6.15119">
        <ele>1329</ele>
      </trkpt>
      <trkpt lat="45.70593" lon="6.15133">
        <ele>1329</ele>
      </trkpt>
      <trkpt lat="45.70589" lon="6.15136">
        <ele>1328</ele>
      </trkpt>
      <trkpt lat="45.70584" lon="6.15139">
        <ele>1328</ele>
      </trkpt>
      <trkpt lat="45.70577" lon="6.15143">
        <ele>1328</ele>
      </trkpt>
      <trkpt lat="45.70568" lon="6.15149">
        <ele>1327</ele>
      </trkpt>
      <trkpt lat="45.70559" lon="6.15155">
        <ele>1327</ele>
      </trkpt>
      <trkpt lat="45.70552" lon="6.15159">
        <ele>1327</ele>
      </trkpt>
      <trkpt lat="45.70544" lon="6.15165">
        <ele>1326</ele>
      </trkpt>
      <trkpt lat="45.70536" lon="6.15172">
        <ele>1326</ele>
      </trkpt>
      <trkpt lat="45.70528" lon="6.15179">
        <ele>1326</ele>
      </trkpt>
      <trkpt lat="45.70521" lon="6.15187">
        <ele>1325</ele>
      </trkpt>
      <trkpt lat="45.70516" lon="6.15198">
        <ele>1325</ele>
      </trkpt>
      <trkpt lat="45.7051" lon="6.15208">
        <ele>1324</ele>
      </trkpt>
      <trkpt lat="45.70504" lon="6.15217">
        <ele>1324</ele>
      </trkpt>
      <trkpt lat="45.70497" lon="6.15224">
        <ele>1324</ele>
      </trkpt>
      <trkpt lat="45.70491" lon="6.15231">
        <ele>1323</ele>
      </trkpt>
      <trkpt lat="45.70482" lon="6.15238">
        <ele>1323</ele>
      </trkpt>
      <trkpt lat="45.70475" lon="6.15247">
        <ele>1322</ele>
      </trkpt>
      <trkpt lat="45.70467" lon="6.15255">
        <ele>1322</ele>
      </trkpt>
      <trkpt lat="45.70459" lon="6.15262">
        <ele>1321</ele>
      </trkpt>
      <trkpt lat="45.70452" lon="6.15268">
        <ele>1321</ele>
      </trkpt>
      <trkpt lat="45.70447" lon="6.15278">
        <ele>1320</ele>
      </trkpt>
      <trkpt lat="45.70444" lon="6.15289">
        <ele>1320</ele>
      </trkpt>
      <trkpt lat="45.70442" lon="6.15301">
        <ele>1320</ele>
      </trkpt>
      <trkpt lat="45.70441" lon="6.15313">
        <ele>1319</ele>
      </trkpt>
      <trkpt lat="45.70439" lon="6.15323">
        <ele>1319</ele>
      </trkpt>
      <trkpt lat="45.70437" lon="6.15333">
        <ele>1318</ele>
      </trkpt>
      <trkpt lat="45.7043" lon="6.15338">
        <ele>1318</ele>
      </trkpt>
      <trkpt lat="45.70421" lon="6.1534">
        <ele>1318</ele>
      </trkpt>
      <trkpt lat="45.70412" lon="6.1534">
        <ele>1317</ele>
      </trkpt>
      <trkpt lat="45.70402" lon="6.15338">
        <ele>1317</ele>
      </trkpt>
      <trkpt lat="45.70394" lon="6.15336">
        <ele>1316</ele>
      </trkpt>
      <trkpt lat="45.70385" lon="6.15335">
        <ele>1316</ele>
      </trkpt>
      <trkpt lat="45.70376" lon="6.15336">
        <ele>1316</ele>
      </trkpt>
      <trkpt lat="45.70367" lon="6.15337">
        <ele>1315</ele>
      </trkpt>
      <trkpt lat="45.70357" lon="6.15337">
        <ele>1315</ele>
      </trkpt>
      <trkpt lat="45.70348" lon="6.15335">
        <ele>1314</ele>
      </trkpt>
      <trkpt lat="45.70341" lon="6.1533">
        <ele>1313</ele>
      </trkpt>
      <trkpt lat="45.70334" lon="6.15324">
        <ele>1313</ele>
      </trkpt>
      <trkpt lat="45.70329" lon="6.15317">
        <ele>1312</ele>
      </trkpt>
      <trkpt lat="45.70323" lon="6.15312">
        <ele>1312</ele>
      </trkpt>
      <trkpt lat="45.70315" lon="6.15309">
        <ele>1311</ele>
      </trkpt>
      <trkpt lat="45.70306" lon="6.1531">
        <ele>1311</ele>
      </trkpt>
      <trkpt lat="45.70297" lon="6.15312">
        <ele>1310</ele>
      </trkpt>
      <trkpt lat="45.7029" lon="6.15313">
        <ele>1309</ele>
      </trkpt>
      <trkpt lat="45.70281" lon="6.15314">
        <ele>1309</ele>
      </trkpt>
      <trkpt lat="45.70272" lon="6.15313">
        <ele>1308</ele>
      </trkpt>
      <trkpt lat="45.70264" lon="6.15309">
        <ele>1308</ele>
      </trkpt>
      <trkpt lat="45.70256" lon="6.15305">
        <ele>1307</ele>
      </trkpt>
      <trkpt lat="45.7025" lon="6.15302">
        <ele>1307</ele>
      </trkpt>
      <trkpt lat="45.70242" lon="6.15301">
        <ele>1307</ele>
      </trkpt>
      <trkpt lat="45.70234" lon="6.15304">
        <ele>1307</ele>
      </trkpt>
      <trkpt lat="45.70225" lon="6.1531">
        <ele>1306</ele>
      </trkpt>
      <trkpt lat="45.70219" lon="6.15319">
        <ele>1306</ele>
      </trkpt>
      <trkpt lat="45.70212" lon="6.15329">
        <ele>1306</ele>
      </trkpt>
      <trkpt lat="45.70206" lon="6.15341">
        <ele>1306</ele>
      </trkpt>
      <trkpt lat="45.70199" lon="6.15352">
        <ele>1306</ele>
      </trkpt>
      <trkpt lat="45.70192" lon="6.15361">
        <ele>1306</ele>
      </trkpt>
      <trkpt lat="45.70179" lon="6.15381">
        <ele>1306</ele>
      </trkpt>
      <trkpt lat="45.70172" lon="6.15391">
        <ele>1306</ele>
      </trkpt>
      <trkpt lat="45.70167" lon="6.154">
        <ele>1306</ele>
      </trkpt>
      <trkpt lat="45.70161" lon="6.15407">
        <ele>1306</ele>
      </trkpt>
      <trkpt lat="45.70154" lon="6.15414">
        <ele>1305</ele>
      </trkpt>
      <trkpt lat="45.70146" lon="6.15419">
        <ele>1305</ele>
      </trkpt>
      <trkpt lat="45.70138" lon="6.15423">
        <ele>1304</ele>
      </trkpt>
      <trkpt lat="45.7012" lon="6.15425">
        <ele>1303</ele>
      </trkpt>
      <trkpt lat="45.70112" lon="6.15428">
        <ele>1303</ele>
      </trkpt>
      <trkpt lat="45.70104" lon="6.15431">
        <ele>1302</ele>
      </trkpt>
      <trkpt lat="45.70094" lon="6.15436">
        <ele>1301</ele>
      </trkpt>
      <trkpt lat="45.70085" lon="6.15442">
        <ele>1301</ele>
      </trkpt>
      <trkpt lat="45.70081" lon="6.15444">
        <ele>1300</ele>
      </trkpt>
      <trkpt lat="45.70078" lon="6.15447">
        <ele>1299</ele>
      </trkpt>
      <trkpt lat="45.70071" lon="6.15456">
        <ele>1299</ele>
      </trkpt>
      <trkpt lat="45.70064" lon="6.15463">
        <ele>1298</ele>
      </trkpt>
      <trkpt lat="45.70055" lon="6.15468">
        <ele>1298</ele>
      </trkpt>
      <trkpt lat="45.70044" lon="6.15472">
        <ele>1297</ele>
      </trkpt>
      <trkpt lat="45.70034" lon="6.15476">
        <ele>1296</ele>
      </trkpt>
      <trkpt lat="45.70024" lon="6.15479">
        <ele>1296</ele>
      </trkpt>
      <trkpt lat="45.70004" lon="6.15488">
        <ele>1295</ele>
      </trkpt>
      <trkpt lat="45.70004" lon="6.15489">
        <ele>1294</ele>
      </trkpt>
      <trkpt lat="45.69995" lon="6.15491">
        <ele>1293</ele>
      </trkpt>
      <trkpt lat="45.69986" lon="6.15492">
        <ele>1293</ele>
      </trkpt>
      <trkpt lat="45.69977" lon="6.15491">
        <ele>1292</ele>
      </trkpt>
      <trkpt lat="45.69967" lon="6.1549">
        <ele>1291</ele>
      </trkpt>
      <trkpt lat="45.69957" lon="6.1549">
        <ele>1290</ele>
      </trkpt>
      <trkpt lat="45.69949" lon="6.15489">
        <ele>1290</ele>
      </trkpt>
      <trkpt lat="45.69948" lon="6.15489">
        <ele>1289</ele>
      </trkpt>
      <trkpt lat="45.69939" lon="6.15487">
        <ele>1289</ele>
      </trkpt>
      <trkpt lat="45.69931" lon="6.15483">
        <ele>1288</ele>
      </trkpt>
      <trkpt lat="45.6992" lon="6.15475">
        <ele>1288</ele>
      </trkpt>
      <trkpt lat="45.69911" lon="6.1547">
        <ele>1287</ele>
      </trkpt>
      <trkpt lat="45.69902" lon="6.15466">
        <ele>1287</ele>
      </trkpt>
      <trkpt lat="45.69894" lon="6.15463">
        <ele>1286</ele>
      </trkpt>
      <trkpt lat="45.69888" lon="6.15459">
        <ele>1286</ele>
      </trkpt>
      <trkpt lat="45.69884" lon="6.15451">
        <ele>1286</ele>
      </trkpt>
      <trkpt lat="45.69875" lon="6.15449">
        <ele>1286</ele>
      </trkpt>
      <trkpt lat="45.69869" lon="6.15449">
        <ele>1286</ele>
      </trkpt>
      <trkpt lat="45.69862" lon="6.1545">
        <ele>1286</ele>
      </trkpt>
      <trkpt lat="45.69853" lon="6.15456">
        <ele>1286</ele>
      </trkpt>
      <trkpt lat="45.69847" lon="6.15465">
        <ele>1286</ele>
      </trkpt>
      <trkpt lat="45.69843" lon="6.15478">
        <ele>1286</ele>
      </trkpt>
      <trkpt lat="45.69839" lon="6.15491">
        <ele>1287</ele>
      </trkpt>
      <trkpt lat="45.69834" lon="6.1551">
        <ele>1287</ele>
      </trkpt>
      <trkpt lat="45.69828" lon="6.15526">
        <ele>1288</ele>
      </trkpt>
      <trkpt lat="45.69823" lon="6.15536">
        <ele>1288</ele>
      </trkpt>
      <trkpt lat="45.69816" lon="6.15544">
        <ele>1289</ele>
      </trkpt>
      <trkpt lat="45.69806" lon="6.1555">
        <ele>1290</ele>
      </trkpt>
      <trkpt lat="45.69795" lon="6.15554">
        <ele>1290</ele>
      </trkpt>
      <trkpt lat="45.69785" lon="6.15556">
        <ele>1291</ele>
      </trkpt>
      <trkpt lat="45.69774" lon="6.15559">
        <ele>1291</ele>
      </trkpt>
      <trkpt lat="45.69763" lon="6.15562">
        <ele>1291</ele>
      </trkpt>
      <trkpt lat="45.69754" lon="6.15564">
        <ele>1291</ele>
      </trkpt>
      <trkpt lat="45.69743" lon="6.15566">
        <ele>1292</ele>
      </trkpt>
      <trkpt lat="45.69731" lon="6.15568">
        <ele>1292</ele>
      </trkpt>
      <trkpt lat="45.6972" lon="6.15568">
        <ele>1292</ele>
      </trkpt>
      <trkpt lat="45.69708" lon="6.15569">
        <ele>1292</ele>
      </trkpt>
      <trkpt lat="45.69697" lon="6.1557">
        <ele>1292</ele>
      </trkpt>
      <trkpt lat="45.69686" lon="6.1557">
        <ele>1292</ele>
      </trkpt>
      <trkpt lat="45.69676" lon="6.15569">
        <ele>1292</ele>
      </trkpt>
      <trkpt lat="45.69665" lon="6.15568">
        <ele>1291</ele>
      </trkpt>
      <trkpt lat="45.69655" lon="6.15566">
        <ele>1291</ele>
      </trkpt>
      <trkpt lat="45.69646" lon="6.15564">
        <ele>1291</ele>
      </trkpt>
      <trkpt lat="45.69638" lon="6.1556">
        <ele>1290</ele>
      </trkpt>
      <trkpt lat="45.6963" lon="6.15554">
        <ele>1290</ele>
      </trkpt>
      <trkpt lat="45.69622" lon="6.1555">
        <ele>1289</ele>
      </trkpt>
      <trkpt lat="45.69613" lon="6.15546">
        <ele>1289</ele>
      </trkpt>
      <trkpt lat="45.69601" lon="6.15542">
        <ele>1288</ele>
      </trkpt>
      <trkpt lat="45.69592" lon="6.1554">
        <ele>1288</ele>
      </trkpt>
      <trkpt lat="45.69584" lon="6.15539">
        <ele>1287</ele>
      </trkpt>
      <trkpt lat="45.69574" lon="6.1554">
        <ele>1287</ele>
      </trkpt>
      <trkpt lat="45.69564" lon="6.15543">
        <ele>1286</ele>
      </trkpt>
      <trkpt lat="45.69554" lon="6.15546">
        <ele>1286</ele>
      </trkpt>
      <trkpt lat="45.69546" lon="6.15549">
        <ele>1285</ele>
      </trkpt>
      <trkpt lat="45.69536" lon="6.1555">
        <ele>1285</ele>
      </trkpt>
      <trkpt lat="45.69534" lon="6.15551">
        <ele>1284</ele>
      </trkpt>
      <trkpt lat="45.69526" lon="6.15552">
        <ele>1283</ele>
      </trkpt>
      <trkpt lat="45.69516" lon="6.15551">
        <ele>1282</ele>
      </trkpt>
      <trkpt lat="45.69506" lon="6.15549">
        <ele>1282</ele>
      </trkpt>
      <trkpt lat="45.69497" lon="6.15547">
        <ele>1280</ele>
      </trkpt>
      <trkpt lat="45.69488" lon="6.15545">
        <ele>1279</ele>
      </trkpt>
      <trkpt lat="45.69471" lon="6.15539">
        <ele>1278</ele>
      </trkpt>
      <trkpt lat="45.69462" lon="6.15536">
        <ele>1277</ele>
      </trkpt>
      <trkpt lat="45.69453" lon="6.15534">
        <ele>1276</ele>
      </trkpt>
      <trkpt lat="45.69445" lon="6.15533">
        <ele>1275</ele>
      </trkpt>
      <trkpt lat="45.69436" lon="6.15533">
        <ele>1273</ele>
      </trkpt>
      <trkpt lat="45.69427" lon="6.15534">
        <ele>1272</ele>
      </trkpt>
      <trkpt lat="45.69418" lon="6.15537">
        <ele>1271</ele>
      </trkpt>
      <trkpt lat="45.69408" lon="6.15538">
        <ele>1270</ele>
      </trkpt>
      <trkpt lat="45.694" lon="6.15538">
        <ele>1268</ele>
      </trkpt>
      <trkpt lat="45.6939" lon="6.15538">
        <ele>1267</ele>
      </trkpt>
      <trkpt lat="45.69381" lon="6.15537">
        <ele>1266</ele>
      </trkpt>
      <trkpt lat="45.69371" lon="6.15534">
        <ele>1264</ele>
      </trkpt>
      <trkpt lat="45.69363" lon="6.15532">
        <ele>1263</ele>
      </trkpt>
      <trkpt lat="45.69354" lon="6.15529">
        <ele>1261</ele>
      </trkpt>
      <trkpt lat="45.69346" lon="6.15525">
        <ele>1260</ele>
      </trkpt>
      <trkpt lat="45.69336" lon="6.1552">
        <ele>1258</ele>
      </trkpt>
      <trkpt lat="45.69328" lon="6.15516">
        <ele>1257</ele>
      </trkpt>
      <trkpt lat="45.69311" lon="6.1551">
        <ele>1255</ele>
      </trkpt>
      <trkpt lat="45.69303" lon="6.15508">
        <ele>1254</ele>
      </trkpt>
      <trkpt lat="45.69296" lon="6.15507">
        <ele>1252</ele>
      </trkpt>
      <trkpt lat="45.69287" lon="6.15505">
        <ele>1250</ele>
      </trkpt>
      <trkpt lat="45.69277" lon="6.15503">
        <ele>1249</ele>
      </trkpt>
      <trkpt lat="45.69268" lon="6.15501">
        <ele>1248</ele>
      </trkpt>
      <trkpt lat="45.69251" lon="6.15496">
        <ele>1246</ele>
      </trkpt>
      <trkpt lat="45.69234" lon="6.15491">
        <ele>1245</ele>
      </trkpt>
      <trkpt lat="45.69215" lon="6.15485">
        <ele>1244</ele>
      </trkpt>
      <trkpt lat="45.69203" lon="6.15481">
        <ele>1241</ele>
      </trkpt>
      <trkpt lat="45.69191" lon="6.15478">
        <ele>1239</ele>
      </trkpt>
      <trkpt lat="45.69183" lon="6.15476">
        <ele>1237</ele>
      </trkpt>
      <trkpt lat="45.69175" lon="6.15475">
        <ele>1234</ele>
      </trkpt>
      <trkpt lat="45.69169" lon="6.15476">
        <ele>1231</ele>
      </trkpt>
      <trkpt lat="45.69159" lon="6.15461">
        <ele>1229</ele>
      </trkpt>
      <trkpt lat="45.69154" lon="6.15436">
        <ele>1226</ele>
      </trkpt>
      <trkpt lat="45.69155" lon="6.15416">
        <ele>1222</ele>
      </trkpt>
      <trkpt lat="45.69161" lon="6.15388">
        <ele>1219</ele>
      </trkpt>
      <trkpt lat="45.6916" lon="6.15361">
        <ele>1215</ele>
      </trkpt>
      <trkpt lat="45.69156" lon="6.15344">
        <ele>1211</ele>
      </trkpt>
      <trkpt lat="45.69152" lon="6.15327">
        <ele>1208</ele>
      </trkpt>
      <trkpt lat="45.6915" lon="6.15307">
        <ele>1205</ele>
      </trkpt>
      <trkpt lat="45.69151" lon="6.15283">
        <ele>1202</ele>
      </trkpt>
      <trkpt lat="45.6915" lon="6.15274">
        <ele>1199</ele>
      </trkpt>
      <trkpt lat="45.69147" lon="6.15263">
        <ele>1195</ele>
      </trkpt>
      <trkpt lat="45.69142" lon="6.15251">
        <ele>1192</ele>
      </trkpt>
      <trkpt lat="45.69142" lon="6.1524">
        <ele>1188</ele>
      </trkpt>
      <trkpt lat="45.69142" lon="6.15226">
        <ele>1185</ele>
      </trkpt>
      <trkpt lat="45.69147" lon="6.1521">
        <ele>1182</ele>
      </trkpt>
      <trkpt lat="45.69151" lon="6.15193">
        <ele>1179</ele>
      </trkpt>
      <trkpt lat="45.69157" lon="6.15168">
        <ele>1175</ele>
      </trkpt>
      <trkpt lat="45.69159" lon="6.15141">
        <ele>1171</ele>
      </trkpt>
      <trkpt lat="45.69163" lon="6.15126">
        <ele>1167</ele>
      </trkpt>
      <trkpt lat="45.69172" lon="6.15115">
        <ele>1163</ele>
      </trkpt>
      <trkpt lat="45.69181" lon="6.151">
        <ele>1159</ele>
      </trkpt>
      <trkpt lat="45.69189" lon="6.15074">
        <ele>1156</ele>
      </trkpt>
      <trkpt lat="45.6919" lon="6.15059">
        <ele>1153</ele>
      </trkpt>
      <trkpt lat="45.69185" lon="6.15047">
        <ele>1150</ele>
      </trkpt>
      <trkpt lat="45.69178" lon="6.15037">
        <ele>1147</ele>
      </trkpt>
      <trkpt lat="45.69164" lon="6.15027">
        <ele>1144</ele>
      </trkpt>
      <trkpt lat="45.69149" lon="6.15013">
        <ele>1139</ele>
      </trkpt>
      <trkpt lat="45.69133" lon="6.15">
        <ele>1136</ele>
      </trkpt>
      <trkpt lat="45.69125" lon="6.14989">
        <ele>1133</ele>
      </trkpt>
      <trkpt lat="45.69117" lon="6.14966">
        <ele>1130</ele>
      </trkpt>
      <trkpt lat="45.6911" lon="6.14942">
        <ele>1127</ele>
      </trkpt>
      <trkpt lat="45.69104" lon="6.14927">
        <ele>1123</ele>
      </trkpt>
      <trkpt lat="45.69099" lon="6.14912">
        <ele>1120</ele>
      </trkpt>
      <trkpt lat="45.69088" lon="6.14888">
        <ele>1117</ele>
      </trkpt>
      <trkpt lat="45.69077" lon="6.14865">
        <ele>1113</ele>
      </trkpt>
      <trkpt lat="45.69067" lon="6.14841">
        <ele>1110</ele>
      </trkpt>
      <trkpt lat="45.69058" lon="6.14831">
        <ele>1106</ele>
      </trkpt>
      <trkpt lat="45.69049" lon="6.1482">
        <ele>1105</ele>
      </trkpt>
      <trkpt lat="45.69047" lon="6.14811">
        <ele>1103</ele>
      </trkpt>
      <trkpt lat="45.69044" lon="6.14804">
        <ele>1102</ele>
      </trkpt>
      <trkpt lat="45.69041" lon="6.14796">
        <ele>1100</ele>
      </trkpt>
      <trkpt lat="45.69035" lon="6.14785">
        <ele>1098</ele>
      </trkpt>
      <trkpt lat="45.69029" lon="6.14773">
        <ele>1097</ele>
      </trkpt>
      <trkpt lat="45.69025" lon="6.14764">
        <ele>1096</ele>
      </trkpt>
      <trkpt lat="45.69023" lon="6.14756">
        <ele>1094</ele>
      </trkpt>
      <trkpt lat="45.69021" lon="6.14749">
        <ele>1093</ele>
      </trkpt>
      <trkpt lat="45.69019" lon="6.14741">
        <ele>1092</ele>
      </trkpt>
      <trkpt lat="45.69018" lon="6.14732">
        <ele>1091</ele>
      </trkpt>
      <trkpt lat="45.69017" lon="6.14723">
        <ele>1090</ele>
      </trkpt>
      <trkpt lat="45.69016" lon="6.14714">
        <ele>1089</ele>
      </trkpt>
      <trkpt lat="45.69016" lon="6.14704">
        <ele>1088</ele>
      </trkpt>
      <trkpt lat="45.69017" lon="6.14689">
        <ele>1087</ele>
      </trkpt>
      <trkpt lat="45.6902" lon="6.14676">
        <ele>1086</ele>
      </trkpt>
      <trkpt lat="45.69022" lon="6.14666">
        <ele>1084</ele>
      </trkpt>
      <trkpt lat="45.69026" lon="6.14658">
        <ele>1083</ele>
      </trkpt>
      <trkpt lat="45.69026" lon="6.14658">
        <ele>1082</ele>
      </trkpt>
      <trkpt lat="45.69039" lon="6.14637">
        <ele>1081</ele>
      </trkpt>
      <trkpt lat="45.69051" lon="6.14621">
        <ele>1079</ele>
      </trkpt>
      <trkpt lat="45.69064" lon="6.14605">
        <ele>1078</ele>
      </trkpt>
      <trkpt lat="45.69078" lon="6.14593">
        <ele>1077</ele>
      </trkpt>
      <trkpt lat="45.69091" lon="6.14581">
        <ele>1076</ele>
      </trkpt>
      <trkpt lat="45.69105" lon="6.14569">
        <ele>1075</ele>
      </trkpt>
      <trkpt lat="45.6912" lon="6.1456">
        <ele>1074</ele>
      </trkpt>
      <trkpt lat="45.69135" lon="6.14551">
        <ele>1073</ele>
      </trkpt>
      <trkpt lat="45.69139" lon="6.14547">
        <ele>1072</ele>
      </trkpt>
      <trkpt lat="45.69142" lon="6.1454">
        <ele>1071</ele>
      </trkpt>
      <trkpt lat="45.69144" lon="6.14534">
        <ele>1070</ele>
      </trkpt>
      <trkpt lat="45.6915" lon="6.14507">
        <ele>1069</ele>
      </trkpt>
      <trkpt lat="45.69146" lon="6.14502">
        <ele>1068</ele>
      </trkpt>
      <trkpt lat="45.69143" lon="6.14499">
        <ele>1068</ele>
      </trkpt>
      <trkpt lat="45.69139" lon="6.14497">
        <ele>1067</ele>
      </trkpt>
      <trkpt lat="45.69134" lon="6.14495">
        <ele>1067</ele>
      </trkpt>
      <trkpt lat="45.69129" lon="6.14494">
        <ele>1066</ele>
      </trkpt>
      <trkpt lat="45.69123" lon="6.14494">
        <ele>1066</ele>
      </trkpt>
      <trkpt lat="45.69113" lon="6.14494">
        <ele>1066</ele>
      </trkpt>
      <trkpt lat="45.6911" lon="6.14468">
        <ele>1066</ele>
      </trkpt>
      <trkpt lat="45.69109" lon="6.14458">
        <ele>1066</ele>
      </trkpt>
      <trkpt lat="45.69111" lon="6.14449">
        <ele>1066</ele>
      </trkpt>
      <trkpt lat="45.69111" lon="6.14448">
        <ele>1065</ele>
      </trkpt>
      <trkpt lat="45.69099" lon="6.14446">
        <ele>1065</ele>
      </trkpt>
      <trkpt lat="45.69086" lon="6.14438">
        <ele>1065</ele>
      </trkpt>
      <trkpt lat="45.69076" lon="6.14426">
        <ele>1064</ele>
      </trkpt>
      <trkpt lat="45.69058" lon="6.14416">
        <ele>1063</ele>
      </trkpt>
      <trkpt lat="45.69044" lon="6.144">
        <ele>1062</ele>
      </trkpt>
      <trkpt lat="45.6904" lon="6.14385">
        <ele>1060</ele>
      </trkpt>
      <trkpt lat="45.69039" lon="6.1437">
        <ele>1059</ele>
      </trkpt>
      <trkpt lat="45.69031" lon="6.14363">
        <ele>1057</ele>
      </trkpt>
      <trkpt lat="45.69016" lon="6.14357">
        <ele>1055</ele>
      </trkpt>
      <trkpt lat="45.69004" lon="6.14356">
        <ele>1052</ele>
      </trkpt>
      <trkpt lat="45.68993" lon="6.14356">
        <ele>1050</ele>
      </trkpt>
      <trkpt lat="45.68979" lon="6.1436">
        <ele>1047</ele>
      </trkpt>
      <trkpt lat="45.68967" lon="6.14362">
        <ele>1044</ele>
      </trkpt>
      <trkpt lat="45.68956" lon="6.14365">
        <ele>1042</ele>
      </trkpt>
      <trkpt lat="45.68943" lon="6.14367">
        <ele>1039</ele>
      </trkpt>
      <trkpt lat="45.68931" lon="6.1437">
        <ele>1035</ele>
      </trkpt>
      <trkpt lat="45.68912" lon="6.14366">
        <ele>1031</ele>
      </trkpt>
      <trkpt lat="45.68897" lon="6.14363">
        <ele>1026</ele>
      </trkpt>
      <trkpt lat="45.6889" lon="6.1436">
        <ele>1023</ele>
      </trkpt>
      <trkpt lat="45.68882" lon="6.14351">
        <ele>1019</ele>
      </trkpt>
      <trkpt lat="45.68876" lon="6.14347">
        <ele>1015</ele>
      </trkpt>
      <trkpt lat="45.68879" lon="6.14341">
        <ele>1012</ele>
      </trkpt>
      <trkpt lat="45.68886" lon="6.1433">
        <ele>1008</ele>
      </trkpt>
      <trkpt lat="45.68899" lon="6.14319">
        <ele>1005</ele>
      </trkpt>
      <trkpt lat="45.6891" lon="6.14313">
        <ele>1001</ele>
      </trkpt>
      <trkpt lat="45.68922" lon="6.14308">
        <ele>997</ele>
      </trkpt>
      <trkpt lat="45.68938" lon="6.14289">
        <ele>995</ele>
      </trkpt>
      <trkpt lat="45.6894" lon="6.14279">
        <ele>993</ele>
      </trkpt>
      <trkpt lat="45.68929" lon="6.1428">
        <ele>991</ele>
      </trkpt>
      <trkpt lat="45.68918" lon="6.14283">
        <ele>989</ele>
      </trkpt>
      <trkpt lat="45.68911" lon="6.14289">
        <ele>987</ele>
      </trkpt>
      <trkpt lat="45.68897" lon="6.14293">
        <ele>985</ele>
      </trkpt>
      <trkpt lat="45.68884" lon="6.14297">
        <ele>982</ele>
      </trkpt>
      <trkpt lat="45.68872" lon="6.14296">
        <ele>980</ele>
      </trkpt>
      <trkpt lat="45.68859" lon="6.14295">
        <ele>977</ele>
      </trkpt>
      <trkpt lat="45.68841" lon="6.14291">
        <ele>975</ele>
      </trkpt>
      <trkpt lat="45.68823" lon="6.14286">
        <ele>972</ele>
      </trkpt>
      <trkpt lat="45.68804" lon="6.14285">
        <ele>969</ele>
      </trkpt>
      <trkpt lat="45.68785" lon="6.14283">
        <ele>967</ele>
      </trkpt>
      <trkpt lat="45.68763" lon="6.14281">
        <ele>964</ele>
      </trkpt>
      <trkpt lat="45.68748" lon="6.14278">
        <ele>961</ele>
      </trkpt>
      <trkpt lat="45.68733" lon="6.14275">
        <ele>957</ele>
      </trkpt>
      <trkpt lat="45.68723" lon="6.14268">
        <ele>954</ele>
      </trkpt>
      <trkpt lat="45.68712" lon="6.1426">
        <ele>951</ele>
      </trkpt>
      <trkpt lat="45.68693" lon="6.14249">
        <ele>948</ele>
      </trkpt>
      <trkpt lat="45.68678" lon="6.14236">
        <ele>944</ele>
      </trkpt>
      <trkpt lat="45.68667" lon="6.14226">
        <ele>941</ele>
      </trkpt>
      <trkpt lat="45.68656" lon="6.1421">
        <ele>938</ele>
      </trkpt>
      <trkpt lat="45.68647" lon="6.14193">
        <ele>935</ele>
      </trkpt>
      <trkpt lat="45.68642" lon="6.14177">
        <ele>932</ele>
      </trkpt>
      <trkpt lat="45.68634" lon="6.14165">
        <ele>929</ele>
      </trkpt>
      <trkpt lat="45.68626" lon="6.14157">
        <ele>927</ele>
      </trkpt>
      <trkpt lat="45.68612" lon="6.14148">
        <ele>924</ele>
      </trkpt>
      <trkpt lat="45.68593" lon="6.14134">
        <ele>922</ele>
      </trkpt>
      <trkpt lat="45.68583" lon="6.14126">
        <ele>920</ele>
      </trkpt>
      <trkpt lat="45.68572" lon="6.14114">
        <ele>919</ele>
      </trkpt>
      <trkpt lat="45.68562" lon="6.14102">
        <ele>917</ele>
      </trkpt>
      <trkpt lat="45.68553" lon="6.1409">
        <ele>916</ele>
      </trkpt>
      <trkpt lat="45.68545" lon="6.14084">
        <ele>915</ele>
      </trkpt>
      <trkpt lat="45.68533" lon="6.14082">
        <ele>914</ele>
      </trkpt>
      <trkpt lat="45.68524" lon="6.14084">
        <ele>913</ele>
      </trkpt>
      <trkpt lat="45.68515" lon="6.14086">
        <ele>912</ele>
      </trkpt>
      <trkpt lat="45.68505" lon="6.14086">
        <ele>911</ele>
      </trkpt>
      <trkpt lat="45.68498" lon="6.14082">
        <ele>910</ele>
      </trkpt>
      <trkpt lat="45.68488" lon="6.14071">
        <ele>909</ele>
      </trkpt>
      <trkpt lat="45.68481" lon="6.14065">
        <ele>908</ele>
      </trkpt>
      <trkpt lat="45.68469" lon="6.1406">
        <ele>907</ele>
      </trkpt>
      <trkpt lat="45.68452" lon="6.14057">
        <ele>906</ele>
      </trkpt>
      <trkpt lat="45.6844" lon="6.14056">
        <ele>904</ele>
      </trkpt>
      <trkpt lat="45.68428" lon="6.14055">
        <ele>903</ele>
      </trkpt>
      <trkpt lat="45.68408" lon="6.14058">
        <ele>902</ele>
      </trkpt>
      <trkpt lat="45.68396" lon="6.14059">
        <ele>900</ele>
      </trkpt>
      <trkpt lat="45.68388" lon="6.14059">
        <ele>899</ele>
      </trkpt>
      <trkpt lat="45.6838" lon="6.14063">
        <ele>897</ele>
      </trkpt>
      <trkpt lat="45.68381" lon="6.1408">
        <ele>895</ele>
      </trkpt>
      <trkpt lat="45.68378" lon="6.14084">
        <ele>894</ele>
      </trkpt>
      <trkpt lat="45.68373" lon="6.1408">
        <ele>892</ele>
      </trkpt>
      <trkpt lat="45.68364" lon="6.14064">
        <ele>891</ele>
      </trkpt>
      <trkpt lat="45.68361" lon="6.1407">
        <ele>889</ele>
      </trkpt>
      <trkpt lat="45.68356" lon="6.14071">
        <ele>888</ele>
      </trkpt>
      <trkpt lat="45.6835" lon="6.14065">
        <ele>886</ele>
      </trkpt>
      <trkpt lat="45.68347" lon="6.14053">
        <ele>884</ele>
      </trkpt>
      <trkpt lat="45.68343" lon="6.14043">
        <ele>882</ele>
      </trkpt>
      <trkpt lat="45.68338" lon="6.14036">
        <ele>881</ele>
      </trkpt>
      <trkpt lat="45.68335" lon="6.14032">
        <ele>879</ele>
      </trkpt>
      <trkpt lat="45.68333" lon="6.14025">
        <ele>878</ele>
      </trkpt>
      <trkpt lat="45.6833" lon="6.14017">
        <ele>877</ele>
      </trkpt>
      <trkpt lat="45.68329" lon="6.14012">
        <ele>875</ele>
      </trkpt>
      <trkpt lat="45.68338" lon="6.14001">
        <ele>874</ele>
      </trkpt>
      <trkpt lat="45.68351" lon="6.13994">
        <ele>872</ele>
      </trkpt>
      <trkpt lat="45.68355" lon="6.13991">
        <ele>871</ele>
      </trkpt>
      <trkpt lat="45.68365" lon="6.13972">
        <ele>869</ele>
      </trkpt>
      <trkpt lat="45.68358" lon="6.13974">
        <ele>868</ele>
      </trkpt>
      <trkpt lat="45.68352" lon="6.13977">
        <ele>866</ele>
      </trkpt>
      <trkpt lat="45.68341" lon="6.13977">
        <ele>865</ele>
      </trkpt>
      <trkpt lat="45.68331" lon="6.13978">
        <ele>863</ele>
      </trkpt>
      <trkpt lat="45.68322" lon="6.13981">
        <ele>862</ele>
      </trkpt>
      <trkpt lat="45.68304" lon="6.13989">
        <ele>860</ele>
      </trkpt>
      <trkpt lat="45.68298" lon="6.13992">
        <ele>859</ele>
      </trkpt>
      <trkpt lat="45.68294" lon="6.13994">
        <ele>858</ele>
      </trkpt>
      <trkpt lat="45.68285" lon="6.14">
        <ele>856</ele>
      </trkpt>
      <trkpt lat="45.68277" lon="6.14009">
        <ele>855</ele>
      </trkpt>
      <trkpt lat="45.68272" lon="6.14023">
        <ele>854</ele>
      </trkpt>
      <trkpt lat="45.68268" lon="6.14038">
        <ele>853</ele>
      </trkpt>
      <trkpt lat="45.68262" lon="6.14047">
        <ele>852</ele>
      </trkpt>
      <trkpt lat="45.6826" lon="6.14048">
        <ele>851</ele>
      </trkpt>
      <trkpt lat="45.68255" lon="6.14051">
        <ele>851</ele>
      </trkpt>
      <trkpt lat="45.68246" lon="6.14055">
        <ele>850</ele>
      </trkpt>
      <trkpt lat="45.68236" lon="6.1406">
        <ele>848</ele>
      </trkpt>
      <trkpt lat="45.68227" lon="6.14065">
        <ele>847</ele>
      </trkpt>
      <trkpt lat="45.68219" lon="6.1407">
        <ele>846</ele>
      </trkpt>
      <trkpt lat="45.68211" lon="6.14077">
        <ele>844</ele>
      </trkpt>
      <trkpt lat="45.68208" lon="6.14082">
        <ele>843</ele>
      </trkpt>
      <trkpt lat="45.68206" lon="6.14078">
        <ele>841</ele>
      </trkpt>
      <trkpt lat="45.68204" lon="6.14072">
        <ele>840</ele>
      </trkpt>
      <trkpt lat="45.68206" lon="6.14064">
        <ele>838</ele>
      </trkpt>
      <trkpt lat="45.68212" lon="6.14054">
        <ele>836</ele>
      </trkpt>
      <trkpt lat="45.68216" lon="6.14045">
        <ele>834</ele>
      </trkpt>
      <trkpt lat="45.68221" lon="6.14035">
        <ele>831</ele>
      </trkpt>
      <trkpt lat="45.68223" lon="6.14027">
        <ele>829</ele>
      </trkpt>
      <trkpt lat="45.68224" lon="6.14017">
        <ele>827</ele>
      </trkpt>
      <trkpt lat="45.68224" lon="6.14008">
        <ele>824</ele>
      </trkpt>
      <trkpt lat="45.6822" lon="6.13991">
        <ele>821</ele>
      </trkpt>
      <trkpt lat="45.68212" lon="6.13978">
        <ele>818</ele>
      </trkpt>
      <trkpt lat="45.68203" lon="6.1396">
        <ele>815</ele>
      </trkpt>
      <trkpt lat="45.68197" lon="6.13947">
        <ele>812</ele>
      </trkpt>
      <trkpt lat="45.6819" lon="6.13936">
        <ele>809</ele>
      </trkpt>
      <trkpt lat="45.68187" lon="6.13923">
        <ele>806</ele>
      </trkpt>
      <trkpt lat="45.68189" lon="6.1391">
        <ele>803</ele>
      </trkpt>
      <trkpt lat="45.68192" lon="6.13899">
        <ele>800</ele>
      </trkpt>
      <trkpt lat="45.68197" lon="6.13887">
        <ele>797</ele>
      </trkpt>
      <trkpt lat="45.68201" lon="6.1387">
        <ele>794</ele>
      </trkpt>
      <trkpt lat="45.68204" lon="6.13852">
        <ele>792</ele>
      </trkpt>
      <trkpt lat="45.68209" lon="6.13826">
        <ele>789</ele>
      </trkpt>
      <trkpt lat="45.68213" lon="6.13806">
        <ele>787</ele>
      </trkpt>
      <trkpt lat="45.6821" lon="6.13801">
        <ele>785</ele>
      </trkpt>
      <trkpt lat="45.68206" lon="6.13802">
        <ele>783</ele>
      </trkpt>
      <trkpt lat="45.68202" lon="6.13803">
        <ele>781</ele>
      </trkpt>
      <trkpt lat="45.68194" lon="6.13811">
        <ele>780</ele>
      </trkpt>
      <trkpt lat="45.68189" lon="6.13821">
        <ele>778</ele>
      </trkpt>
      <trkpt lat="45.68184" lon="6.13832">
        <ele>777</ele>
      </trkpt>
      <trkpt lat="45.68182" lon="6.13837">
        <ele>776</ele>
      </trkpt>
      <trkpt lat="45.68179" lon="6.13839">
        <ele>775</ele>
      </trkpt>
      <trkpt lat="45.68177" lon="6.13836">
        <ele>774</ele>
      </trkpt>
      <trkpt lat="45.6818" lon="6.13826">
        <ele>772</ele>
      </trkpt>
      <trkpt lat="45.68179" lon="6.13818">
        <ele>771</ele>
      </trkpt>
      <trkpt lat="45.68182" lon="6.13807">
        <ele>771</ele>
      </trkpt>
      <trkpt lat="45.68182" lon="6.13794">
        <ele>770</ele>
      </trkpt>
      <trkpt lat="45.68182" lon="6.13782">
        <ele>768</ele>
      </trkpt>
      <trkpt lat="45.68182" lon="6.13775">
        <ele>767</ele>
      </trkpt>
      <trkpt lat="45.68176" lon="6.13772">
        <ele>765</ele>
      </trkpt>
      <trkpt lat="45.68168" lon="6.13768">
        <ele>764</ele>
      </trkpt>
      <trkpt lat="45.68161" lon="6.13761">
        <ele>763</ele>
      </trkpt>
      <trkpt lat="45.68155" lon="6.13771">
        <ele>762</ele>
      </trkpt>
      <trkpt lat="45.68149" lon="6.13789">
        <ele>760</ele>
      </trkpt>
      <trkpt lat="45.68145" lon="6.138">
        <ele>759</ele>
      </trkpt>
      <trkpt lat="45.68139" lon="6.13812">
        <ele>758</ele>
      </trkpt>
      <trkpt lat="45.68136" lon="6.13818">
        <ele>757</ele>
      </trkpt>
      <trkpt lat="45.68129" lon="6.1383">
        <ele>756</ele>
      </trkpt>
      <trkpt lat="45.68119" lon="6.1385">
        <ele>755</ele>
      </trkpt>
      <trkpt lat="45.68108" lon="6.13869">
        <ele>754</ele>
      </trkpt>
      <trkpt lat="45.68096" lon="6.13892">
        <ele>753</ele>
      </trkpt>
      <trkpt lat="45.68083" lon="6.13914">
        <ele>752</ele>
      </trkpt>
      <trkpt lat="45.68071" lon="6.13937">
        <ele>750</ele>
      </trkpt>
      <trkpt lat="45.68058" lon="6.13959">
        <ele>749</ele>
      </trkpt>
      <trkpt lat="45.68046" lon="6.13982">
        <ele>747</ele>
      </trkpt>
      <trkpt lat="45.68033" lon="6.14004">
        <ele>746</ele>
      </trkpt>
      <trkpt lat="45.68021" lon="6.14026">
        <ele>745</ele>
      </trkpt>
      <trkpt lat="45.68009" lon="6.14048">
        <ele>743</ele>
      </trkpt>
      <trkpt lat="45.67996" lon="6.1407">
        <ele>741</ele>
      </trkpt>
      <trkpt lat="45.67984" lon="6.14092">
        <ele>740</ele>
      </trkpt>
      <trkpt lat="45.67972" lon="6.14115">
        <ele>738</ele>
      </trkpt>
      <trkpt lat="45.67959" lon="6.14137">
        <ele>737</ele>
      </trkpt>
      <trkpt lat="45.67947" lon="6.14159">
        <ele>736</ele>
      </trkpt>
      <trkpt lat="45.67943" lon="6.14165">
        <ele>735</ele>
      </trkpt>
      <trkpt lat="45.67941" lon="6.14169">
        <ele>734</ele>
      </trkpt>
      <trkpt lat="45.67934" lon="6.1418">
        <ele>733</ele>
      </trkpt>
      <trkpt lat="45.67928" lon="6.14188">
        <ele>732</ele>
      </trkpt>
      <trkpt lat="45.67921" lon="6.14197">
        <ele>731</ele>
      </trkpt>
      <trkpt lat="45.67913" lon="6.14206">
        <ele>730</ele>
      </trkpt>
      <trkpt lat="45.67905" lon="6.14213">
        <ele>728</ele>
      </trkpt>
      <trkpt lat="45.67898" lon="6.14218">
        <ele>727</ele>
      </trkpt>
      <trkpt lat="45.67889" lon="6.14226">
        <ele>726</ele>
      </trkpt>
      <trkpt lat="45.67875" lon="6.14239">
        <ele>725</ele>
      </trkpt>
      <trkpt lat="45.6786" lon="6.14253">
        <ele>723</ele>
      </trkpt>
      <trkpt lat="45.67845" lon="6.14267">
        <ele>722</ele>
      </trkpt>
      <trkpt lat="45.67831" lon="6.1428">
        <ele>721</ele>
      </trkpt>
      <trkpt lat="45.67822" lon="6.14288">
        <ele>719</ele>
      </trkpt>
      <trkpt lat="45.67813" lon="6.14296">
        <ele>718</ele>
      </trkpt>
      <trkpt lat="45.67805" lon="6.14304">
        <ele>717</ele>
      </trkpt>
      <trkpt lat="45.67799" lon="6.14313">
        <ele>716</ele>
      </trkpt>
      <trkpt lat="45.67793" lon="6.14321">
        <ele>714</ele>
      </trkpt>
      <trkpt lat="45.67779" lon="6.14343">
        <ele>713</ele>
      </trkpt>
      <trkpt lat="45.67765" lon="6.14366">
        <ele>712</ele>
      </trkpt>
      <trkpt lat="45.67751" lon="6.14388">
        <ele>711</ele>
      </trkpt>
      <trkpt lat="45.67737" lon="6.1441">
        <ele>710</ele>
      </trkpt>
      <trkpt lat="45.6773" lon="6.14422">
        <ele>709</ele>
      </trkpt>
      <trkpt lat="45.67723" lon="6.14432">
        <ele>709</ele>
      </trkpt>
      <trkpt lat="45.67715" lon="6.1444">
        <ele>708</ele>
      </trkpt>
      <trkpt lat="45.67705" lon="6.14447">
        <ele>707</ele>
      </trkpt>
      <trkpt lat="45.67697" lon="6.14452">
        <ele>706</ele>
      </trkpt>
      <trkpt lat="45.67687" lon="6.14457">
        <ele>706</ele>
      </trkpt>
      <trkpt lat="45.67672" lon="6.14464">
        <ele>705</ele>
      </trkpt>
      <trkpt lat="45.67656" lon="6.14471">
        <ele>705</ele>
      </trkpt>
      <trkpt lat="45.67641" lon="6.14478">
        <ele>704</ele>
      </trkpt>
      <trkpt lat="45.6762" lon="6.14487">
        <ele>703</ele>
      </trkpt>
      <trkpt lat="45.67609" lon="6.14491">
        <ele>702</ele>
      </trkpt>
      <trkpt lat="45.67599" lon="6.14492">
        <ele>702</ele>
      </trkpt>
      <trkpt lat="45.67598" lon="6.14491">
        <ele>702</ele>
      </trkpt>
      <trkpt lat="45.67594" lon="6.145">
        <ele>701</ele>
      </trkpt>
      <trkpt lat="45.67591" lon="6.14503">
        <ele>701</ele>
      </trkpt>
      <trkpt lat="45.67583" lon="6.14503">
        <ele>701</ele>
      </trkpt>
      <trkpt lat="45.67571" lon="6.14505">
        <ele>701</ele>
      </trkpt>
      <trkpt lat="45.67567" lon="6.1451">
        <ele>701</ele>
      </trkpt>
      <trkpt lat="45.67563" lon="6.14522">
        <ele>701</ele>
      </trkpt>
      <trkpt lat="45.67559" lon="6.14534">
        <ele>701</ele>
      </trkpt>
      <trkpt lat="45.67554" lon="6.14547">
        <ele>701</ele>
      </trkpt>
      <trkpt lat="45.6755" lon="6.14558">
        <ele>701</ele>
      </trkpt>
      <trkpt lat="45.67545" lon="6.14566">
        <ele>702</ele>
      </trkpt>
      <trkpt lat="45.67535" lon="6.14573">
        <ele>702</ele>
      </trkpt>
      <trkpt lat="45.67522" lon="6.14578">
        <ele>702</ele>
      </trkpt>
      <trkpt lat="45.67509" lon="6.14583">
        <ele>703</ele>
      </trkpt>
      <trkpt lat="45.67496" lon="6.14588">
        <ele>703</ele>
      </trkpt>
      <trkpt lat="45.67484" lon="6.14593">
        <ele>704</ele>
      </trkpt>
      <trkpt lat="45.67472" lon="6.14597">
        <ele>704</ele>
      </trkpt>
      <trkpt lat="45.6746" lon="6.14601">
        <ele>705</ele>
      </trkpt>
      <trkpt lat="45.67444" lon="6.14605">
        <ele>705</ele>
      </trkpt>
      <trkpt lat="45.67428" lon="6.14609">
        <ele>706</ele>
      </trkpt>
      <trkpt lat="45.67414" lon="6.14616">
        <ele>707</ele>
      </trkpt>
      <trkpt lat="45.674" lon="6.14621">
        <ele>707</ele>
      </trkpt>
      <trkpt lat="45.67398" lon="6.14622">
        <ele>708</ele>
      </trkpt>
      <trkpt lat="45.6739" lon="6.1463">
        <ele>709</ele>
      </trkpt>
      <trkpt lat="45.67382" lon="6.14638">
        <ele>709</ele>
      </trkpt>
      <trkpt lat="45.67374" lon="6.14643">
        <ele>710</ele>
      </trkpt>
      <trkpt lat="45.67365" lon="6.14643">
        <ele>710</ele>
      </trkpt>
      <trkpt lat="45.67358" lon="6.14643">
        <ele>711</ele>
      </trkpt>
      <trkpt lat="45.67351" lon="6.14644">
        <ele>711</ele>
      </trkpt>
      <trkpt lat="45.67343" lon="6.14652">
        <ele>711</ele>
      </trkpt>
      <trkpt lat="45.67329" lon="6.14671">
        <ele>712</ele>
      </trkpt>
      <trkpt lat="45.67318" lon="6.14691">
        <ele>712</ele>
      </trkpt>
      <trkpt lat="45.67312" lon="6.14705">
        <ele>712</ele>
      </trkpt>
      <trkpt lat="45.67307" lon="6.14713">
        <ele>712</ele>
      </trkpt>
      <trkpt lat="45.67298" lon="6.1472">
        <ele>712</ele>
      </trkpt>
      <trkpt lat="45.67288" lon="6.14725">
        <ele>711</ele>
      </trkpt>
      <trkpt lat="45.67281" lon="6.1473">
        <ele>711</ele>
      </trkpt>
      <trkpt lat="45.67277" lon="6.14734">
        <ele>711</ele>
      </trkpt>
      <trkpt lat="45.67273" lon="6.14739">
        <ele>711</ele>
      </trkpt>
      <trkpt lat="45.67265" lon="6.14747">
        <ele>711</ele>
      </trkpt>
      <trkpt lat="45.67256" lon="6.14761">
        <ele>711</ele>
      </trkpt>
      <trkpt lat="45.67245" lon="6.14783">
        <ele>711</ele>
      </trkpt>
      <trkpt lat="45.67242" lon="6.14794">
        <ele>711</ele>
      </trkpt>
      <trkpt lat="45.67242" lon="6.148">
        <ele>711</ele>
      </trkpt>
      <trkpt lat="45.6724" lon="6.14818">
        <ele>711</ele>
      </trkpt>
      <trkpt lat="45.67239" lon="6.14824">
        <ele>711</ele>
      </trkpt>
      <trkpt lat="45.67237" lon="6.1483">
        <ele>711</ele>
      </trkpt>
      <trkpt lat="45.6723" lon="6.14838">
        <ele>711</ele>
      </trkpt>
      <trkpt lat="45.67222" lon="6.14846">
        <ele>712</ele>
      </trkpt>
      <trkpt lat="45.67213" lon="6.14854">
        <ele>712</ele>
      </trkpt>
      <trkpt lat="45.67213" lon="6.14855">
        <ele>712</ele>
      </trkpt>
      <trkpt lat="45.67205" lon="6.14865">
        <ele>713</ele>
      </trkpt>
      <trkpt lat="45.67189" lon="6.14887">
        <ele>714</ele>
      </trkpt>
      <trkpt lat="45.67181" lon="6.14901">
        <ele>715</ele>
      </trkpt>
      <trkpt lat="45.67176" lon="6.14918">
        <ele>716</ele>
      </trkpt>
      <trkpt lat="45.67173" lon="6.14933">
        <ele>717</ele>
      </trkpt>
      <trkpt lat="45.67173" lon="6.1495">
        <ele>718</ele>
      </trkpt>
      <trkpt lat="45.67171" lon="6.14966">
        <ele>719</ele>
      </trkpt>
      <trkpt lat="45.67168" lon="6.14975">
        <ele>719</ele>
      </trkpt>
      <trkpt lat="45.67163" lon="6.14991">
        <ele>720</ele>
      </trkpt>
      <trkpt lat="45.67158" lon="6.15004">
        <ele>720</ele>
      </trkpt>
      <trkpt lat="45.67152" lon="6.15015">
        <ele>720</ele>
      </trkpt>
      <trkpt lat="45.67145" lon="6.15027">
        <ele>720</ele>
      </trkpt>
      <trkpt lat="45.67139" lon="6.15039">
        <ele>720</ele>
      </trkpt>
      <trkpt lat="45.67133" lon="6.15051">
        <ele>720</ele>
      </trkpt>
      <trkpt lat="45.67127" lon="6.15062">
        <ele>719</ele>
      </trkpt>
      <trkpt lat="45.67122" lon="6.15074">
        <ele>719</ele>
      </trkpt>
      <trkpt lat="45.67116" lon="6.15085">
        <ele>718</ele>
      </trkpt>
      <trkpt lat="45.67113" lon="6.15097">
        <ele>717</ele>
      </trkpt>
      <trkpt lat="45.6711" lon="6.15106">
        <ele>717</ele>
      </trkpt>
      <trkpt lat="45.67107" lon="6.15118">
        <ele>716</ele>
      </trkpt>
      <trkpt lat="45.67105" lon="6.15131">
        <ele>716</ele>
      </trkpt>
      <trkpt lat="45.67103" lon="6.15137">
        <ele>715</ele>
      </trkpt>
      <trkpt lat="45.67103" lon="6.1514">
        <ele>714</ele>
      </trkpt>
      <trkpt lat="45.671" lon="6.1515">
        <ele>714</ele>
      </trkpt>
      <trkpt lat="45.67097" lon="6.15164">
        <ele>713</ele>
      </trkpt>
      <trkpt lat="45.67094" lon="6.15174">
        <ele>713</ele>
      </trkpt>
      <trkpt lat="45.67092" lon="6.1518">
        <ele>712</ele>
      </trkpt>
      <trkpt lat="45.6709" lon="6.1519">
        <ele>711</ele>
      </trkpt>
      <trkpt lat="45.67087" lon="6.15197">
        <ele>710</ele>
      </trkpt>
      <trkpt lat="45.67082" lon="6.15205">
        <ele>710</ele>
      </trkpt>
      <trkpt lat="45.6708" lon="6.15214">
        <ele>709</ele>
      </trkpt>
      <trkpt lat="45.67078" lon="6.15224">
        <ele>709</ele>
      </trkpt>
      <trkpt lat="45.67077" lon="6.15229">
        <ele>708</ele>
      </trkpt>
      <trkpt lat="45.67076" lon="6.15235">
        <ele>708</ele>
      </trkpt>
      <trkpt lat="45.67072" lon="6.15246">
        <ele>707</ele>
      </trkpt>
      <trkpt lat="45.67071" lon="6.1526">
        <ele>707</ele>
      </trkpt>
      <trkpt lat="45.67071" lon="6.15273">
        <ele>707</ele>
      </trkpt>
      <trkpt lat="45.6707" lon="6.15288">
        <ele>707</ele>
      </trkpt>
      <trkpt lat="45.6707" lon="6.15304">
        <ele>707</ele>
      </trkpt>
      <trkpt lat="45.67072" lon="6.15319">
        <ele>707</ele>
      </trkpt>
      <trkpt lat="45.67073" lon="6.15333">
        <ele>708</ele>
      </trkpt>
      <trkpt lat="45.67073" lon="6.15343">
        <ele>708</ele>
      </trkpt>
      <trkpt lat="45.67073" lon="6.15354">
        <ele>708</ele>
      </trkpt>
      <trkpt lat="45.67073" lon="6.15369">
        <ele>709</ele>
      </trkpt>
      <trkpt lat="45.67073" lon="6.15396">
        <ele>709</ele>
      </trkpt>
      <trkpt lat="45.67072" lon="6.15411">
        <ele>709</ele>
      </trkpt>
      <trkpt lat="45.67073" lon="6.15426">
        <ele>710</ele>
      </trkpt>
      <trkpt lat="45.67073" lon="6.15426">
        <ele>710</ele>
      </trkpt>
      <trkpt lat="45.67075" lon="6.1544">
        <ele>710</ele>
      </trkpt>
      <trkpt lat="45.67077" lon="6.15454">
        <ele>711</ele>
      </trkpt>
      <trkpt lat="45.67076" lon="6.15467">
        <ele>711</ele>
      </trkpt>
      <trkpt lat="45.67075" lon="6.15478">
        <ele>712</ele>
      </trkpt>
      <trkpt lat="45.67075" lon="6.15487">
        <ele>712</ele>
      </trkpt>
      <trkpt lat="45.67075" lon="6.15492">
        <ele>713</ele>
      </trkpt>
      <trkpt lat="45.67076" lon="6.15508">
        <ele>713</ele>
      </trkpt>
      <trkpt lat="45.67078" lon="6.15523">
        <ele>714</ele>
      </trkpt>
      <trkpt lat="45.6708" lon="6.15538">
        <ele>715</ele>
      </trkpt>
      <trkpt lat="45.67082" lon="6.15553">
        <ele>715</ele>
      </trkpt>
      <trkpt lat="45.67082" lon="6.15568">
        <ele>716</ele>
      </trkpt>
      <trkpt lat="45.67082" lon="6.15583">
        <ele>717</ele>
      </trkpt>
      <trkpt lat="45.67081" lon="6.15596">
        <ele>717</ele>
      </trkpt>
      <trkpt lat="45.67082" lon="6.15624">
        <ele>718</ele>
      </trkpt>
      <trkpt lat="45.67083" lon="6.15653">
        <ele>718</ele>
      </trkpt>
      <trkpt lat="45.67083" lon="6.15667">
        <ele>719</ele>
      </trkpt>
      <trkpt lat="45.67085" lon="6.15676">
        <ele>720</ele>
      </trkpt>
      <trkpt lat="45.67089" lon="6.15685">
        <ele>720</ele>
      </trkpt>
      <trkpt lat="45.67093" lon="6.15696">
        <ele>721</ele>
      </trkpt>
      <trkpt lat="45.67099" lon="6.15707">
        <ele>722</ele>
      </trkpt>
      <trkpt lat="45.67103" lon="6.15719">
        <ele>722</ele>
      </trkpt>
      <trkpt lat="45.67109" lon="6.15731">
        <ele>723</ele>
      </trkpt>
      <trkpt lat="45.67115" lon="6.15742">
        <ele>723</ele>
      </trkpt>
      <trkpt lat="45.67122" lon="6.15753">
        <ele>724</ele>
      </trkpt>
      <trkpt lat="45.67128" lon="6.15761">
        <ele>724</ele>
      </trkpt>
      <trkpt lat="45.67138" lon="6.1577">
        <ele>725</ele>
      </trkpt>
      <trkpt lat="45.67147" lon="6.15776">
        <ele>726</ele>
      </trkpt>
      <trkpt lat="45.67158" lon="6.15783">
        <ele>726</ele>
      </trkpt>
      <trkpt lat="45.67167" lon="6.1579">
        <ele>727</ele>
      </trkpt>
      <trkpt lat="45.67176" lon="6.15798">
        <ele>727</ele>
      </trkpt>
      <trkpt lat="45.67187" lon="6.15809">
        <ele>727</ele>
      </trkpt>
      <trkpt lat="45.67188" lon="6.15817">
        <ele>727</ele>
      </trkpt>
      <trkpt lat="45.67192" lon="6.15822">
        <ele>727</ele>
      </trkpt>
      <trkpt lat="45.67199" lon="6.15827">
        <ele>727</ele>
      </trkpt>
      <trkpt lat="45.67206" lon="6.15832">
        <ele>727</ele>
      </trkpt>
      <trkpt lat="45.67213" lon="6.15841">
        <ele>727</ele>
      </trkpt>
      <trkpt lat="45.67219" lon="6.1585">
        <ele>727</ele>
      </trkpt>
      <trkpt lat="45.67223" lon="6.15863">
        <ele>727</ele>
      </trkpt>
      <trkpt lat="45.67227" lon="6.15879">
        <ele>727</ele>
      </trkpt>
      <trkpt lat="45.67227" lon="6.15891">
        <ele>726</ele>
      </trkpt>
      <trkpt lat="45.67223" lon="6.15899">
        <ele>726</ele>
      </trkpt>
      <trkpt lat="45.67215" lon="6.15915">
        <ele>726</ele>
      </trkpt>
      <trkpt lat="45.67207" lon="6.15931">
        <ele>726</ele>
      </trkpt>
      <trkpt lat="45.67199" lon="6.15952">
        <ele>726</ele>
      </trkpt>
      <trkpt lat="45.67193" lon="6.1597">
        <ele>727</ele>
      </trkpt>
      <trkpt lat="45.67187" lon="6.15988">
        <ele>727</ele>
      </trkpt>
      <trkpt lat="45.67179" lon="6.16007">
        <ele>727</ele>
      </trkpt>
      <trkpt lat="45.67173" lon="6.16022">
        <ele>727</ele>
      </trkpt>
      <trkpt lat="45.67171" lon="6.16031">
        <ele>727</ele>
      </trkpt>
      <trkpt lat="45.67157" lon="6.16048">
        <ele>727</ele>
      </trkpt>
      <trkpt lat="45.67152" lon="6.16055">
        <ele>727</ele>
      </trkpt>
      <trkpt lat="45.6715" lon="6.16062">
        <ele>727</ele>
      </trkpt>
      <trkpt lat="45.67148" lon="6.16062">
        <ele>727</ele>
      </trkpt>
      <trkpt lat="45.67143" lon="6.16065">
        <ele>727</ele>
      </trkpt>
      <trkpt lat="45.67139" lon="6.16071">
        <ele>727</ele>
      </trkpt>
      <trkpt lat="45.67134" lon="6.16078">
        <ele>726</ele>
      </trkpt>
      <trkpt lat="45.67128" lon="6.16082">
        <ele>726</ele>
      </trkpt>
      <trkpt lat="45.67127" lon="6.16083">
        <ele>725</ele>
      </trkpt>
      <trkpt lat="45.67119" lon="6.16085">
        <ele>725</ele>
      </trkpt>
      <trkpt lat="45.67112" lon="6.16088">
        <ele>724</ele>
      </trkpt>
      <trkpt lat="45.67102" lon="6.16091">
        <ele>724</ele>
      </trkpt>
      <trkpt lat="45.67094" lon="6.16094">
        <ele>723</ele>
      </trkpt>
      <trkpt lat="45.67086" lon="6.16098">
        <ele>723</ele>
      </trkpt>
      <trkpt lat="45.67084" lon="6.16097">
        <ele>722</ele>
      </trkpt>
      <trkpt lat="45.67072" lon="6.16098">
        <ele>722</ele>
      </trkpt>
      <trkpt lat="45.67062" lon="6.16097">
        <ele>721</ele>
      </trkpt>
      <trkpt lat="45.67051" lon="6.16097">
        <ele>720</ele>
      </trkpt>
      <trkpt lat="45.67043" lon="6.16097">
        <ele>719</ele>
      </trkpt>
      <trkpt lat="45.67033" lon="6.16096">
        <ele>719</ele>
      </trkpt>
      <trkpt lat="45.67024" lon="6.16094">
        <ele>718</ele>
      </trkpt>
      <trkpt lat="45.67017" lon="6.1609">
        <ele>717</ele>
      </trkpt>
      <trkpt lat="45.6701" lon="6.16086">
        <ele>717</ele>
      </trkpt>
      <trkpt lat="45.67" lon="6.16079">
        <ele>716</ele>
      </trkpt>
      <trkpt lat="45.66991" lon="6.16074">
        <ele>716</ele>
      </trkpt>
      <trkpt lat="45.66981" lon="6.16069">
        <ele>715</ele>
      </trkpt>
      <trkpt lat="45.66971" lon="6.16068">
        <ele>714</ele>
      </trkpt>
      <trkpt lat="45.66962" lon="6.16071">
        <ele>713</ele>
      </trkpt>
      <trkpt lat="45.66959" lon="6.16063">
        <ele>713</ele>
      </trkpt>
      <trkpt lat="45.66958" lon="6.16059">
        <ele>712</ele>
      </trkpt>
      <trkpt lat="45.6695" lon="6.16055">
        <ele>711</ele>
      </trkpt>
      <trkpt lat="45.66936" lon="6.16053">
        <ele>711</ele>
      </trkpt>
      <trkpt lat="45.66924" lon="6.16051">
        <ele>710</ele>
      </trkpt>
      <trkpt lat="45.66901" lon="6.16048">
        <ele>709</ele>
      </trkpt>
      <trkpt lat="45.66886" lon="6.16047">
        <ele>708</ele>
      </trkpt>
      <trkpt lat="45.6687" lon="6.16045">
        <ele>707</ele>
      </trkpt>
      <trkpt lat="45.6686" lon="6.16043">
        <ele>707</ele>
      </trkpt>
      <trkpt lat="45.66851" lon="6.16042">
        <ele>706</ele>
      </trkpt>
      <trkpt lat="45.66841" lon="6.16038">
        <ele>705</ele>
      </trkpt>
      <trkpt lat="45.66833" lon="6.16033">
        <ele>704</ele>
      </trkpt>
      <trkpt lat="45.66823" lon="6.16027">
        <ele>703</ele>
      </trkpt>
      <trkpt lat="45.66814" lon="6.16021">
        <ele>703</ele>
      </trkpt>
      <trkpt lat="45.66804" lon="6.16015">
        <ele>701</ele>
      </trkpt>
      <trkpt lat="45.66795" lon="6.16013">
        <ele>700</ele>
      </trkpt>
      <trkpt lat="45.66787" lon="6.1601">
        <ele>699</ele>
      </trkpt>
      <trkpt lat="45.66781" lon="6.16007">
        <ele>698</ele>
      </trkpt>
      <trkpt lat="45.66776" lon="6.16003">
        <ele>697</ele>
      </trkpt>
      <trkpt lat="45.66775" lon="6.1599">
        <ele>696</ele>
      </trkpt>
      <trkpt lat="45.66772" lon="6.15973">
        <ele>695</ele>
      </trkpt>
      <trkpt lat="45.66769" lon="6.15961">
        <ele>694</ele>
      </trkpt>
      <trkpt lat="45.66764" lon="6.15935">
        <ele>692</ele>
      </trkpt>
      <trkpt lat="45.66758" lon="6.15908">
        <ele>691</ele>
      </trkpt>
      <trkpt lat="45.66752" lon="6.15882">
        <ele>690</ele>
      </trkpt>
      <trkpt lat="45.66748" lon="6.15866">
        <ele>689</ele>
      </trkpt>
      <trkpt lat="45.66744" lon="6.15851">
        <ele>688</ele>
      </trkpt>
      <trkpt lat="45.66738" lon="6.15822">
        <ele>688</ele>
      </trkpt>
      <trkpt lat="45.66733" lon="6.15802">
        <ele>687</ele>
      </trkpt>
      <trkpt lat="45.6673" lon="6.15788">
        <ele>687</ele>
      </trkpt>
      <trkpt lat="45.66724" lon="6.15768">
        <ele>686</ele>
      </trkpt>
      <trkpt lat="45.66719" lon="6.15748">
        <ele>686</ele>
      </trkpt>
      <trkpt lat="45.66714" lon="6.15728">
        <ele>686</ele>
      </trkpt>
      <trkpt lat="45.66708" lon="6.15708">
        <ele>686</ele>
      </trkpt>
      <trkpt lat="45.66704" lon="6.15697">
        <ele>686</ele>
      </trkpt>
      <trkpt lat="45.66696" lon="6.15703">
        <ele>686</ele>
      </trkpt>
      <trkpt lat="45.66685" lon="6.15711">
        <ele>687</ele>
      </trkpt>
      <trkpt lat="45.66675" lon="6.15719">
        <ele>687</ele>
      </trkpt>
      <trkpt lat="45.66661" lon="6.15729">
        <ele>688</ele>
      </trkpt>
      <trkpt lat="45.66658" lon="6.15721">
        <ele>688</ele>
      </trkpt>
      <trkpt lat="45.66659" lon="6.15711">
        <ele>689</ele>
      </trkpt>
      <trkpt lat="45.66663" lon="6.15703">
        <ele>689</ele>
      </trkpt>
      <trkpt lat="45.6667" lon="6.15697">
        <ele>689</ele>
      </trkpt>
      <trkpt lat="45.66679" lon="6.15689">
        <ele>690</ele>
      </trkpt>
      <trkpt lat="45.66689" lon="6.1568">
        <ele>691</ele>
      </trkpt>
      <trkpt lat="45.66694" lon="6.15675">
        <ele>691</ele>
      </trkpt>
      <trkpt lat="45.66698" lon="6.15669">
        <ele>692</ele>
      </trkpt>
      <trkpt lat="45.66699" lon="6.1566">
        <ele>692</ele>
      </trkpt>
      <trkpt lat="45.66698" lon="6.15652">
        <ele>693</ele>
      </trkpt>
      <trkpt lat="45.66695" lon="6.15648">
        <ele>694</ele>
      </trkpt>
      <trkpt lat="45.66688" lon="6.15646">
        <ele>695</ele>
      </trkpt>
      <trkpt lat="45.66679" lon="6.15648">
        <ele>696</ele>
      </trkpt>
      <trkpt lat="45.66666" lon="6.15651">
        <ele>697</ele>
      </trkpt>
      <trkpt lat="45.66656" lon="6.15653">
        <ele>698</ele>
      </trkpt>
      <trkpt lat="45.66645" lon="6.15657">
        <ele>699</ele>
      </trkpt>
      <trkpt lat="45.66633" lon="6.15662">
        <ele>699</ele>
      </trkpt>
      <trkpt lat="45.6662" lon="6.15666">
        <ele>700</ele>
      </trkpt>
      <trkpt lat="45.66614" lon="6.15668">
        <ele>701</ele>
      </trkpt>
      <trkpt lat="45.66608" lon="6.15669">
        <ele>701</ele>
      </trkpt>
      <trkpt lat="45.666" lon="6.15667">
        <ele>702</ele>
      </trkpt>
      <trkpt lat="45.66594" lon="6.15661">
        <ele>702</ele>
      </trkpt>
      <trkpt lat="45.66591" lon="6.15654">
        <ele>703</ele>
      </trkpt>
      <trkpt lat="45.66585" lon="6.15645">
        <ele>703</ele>
      </trkpt>
      <trkpt lat="45.66581" lon="6.15635">
        <ele>704</ele>
      </trkpt>
      <trkpt lat="45.66578" lon="6.15625">
        <ele>705</ele>
      </trkpt>
      <trkpt lat="45.66573" lon="6.15616">
        <ele>705</ele>
      </trkpt>
      <trkpt lat="45.66568" lon="6.15607">
        <ele>706</ele>
      </trkpt>
      <trkpt lat="45.66562" lon="6.156">
        <ele>706</ele>
      </trkpt>
      <trkpt lat="45.66554" lon="6.15595">
        <ele>707</ele>
      </trkpt>
      <trkpt lat="45.66546" lon="6.1559">
        <ele>708</ele>
      </trkpt>
      <trkpt lat="45.66537" lon="6.15585">
        <ele>708</ele>
      </trkpt>
      <trkpt lat="45.66528" lon="6.15578">
        <ele>709</ele>
      </trkpt>
      <trkpt lat="45.66519" lon="6.15571">
        <ele>710</ele>
      </trkpt>
      <trkpt lat="45.66504" lon="6.15559">
        <ele>711</ele>
      </trkpt>
      <trkpt lat="45.66488" lon="6.15547">
        <ele>711</ele>
      </trkpt>
      <trkpt lat="45.66476" lon="6.15538">
        <ele>712</ele>
      </trkpt>
      <trkpt lat="45.66466" lon="6.1553">
        <ele>713</ele>
      </trkpt>
      <trkpt lat="45.66456" lon="6.15523">
        <ele>714</ele>
      </trkpt>
      <trkpt lat="45.66446" lon="6.15515">
        <ele>715</ele>
      </trkpt>
      <trkpt lat="45.66436" lon="6.1551">
        <ele>716</ele>
      </trkpt>
      <trkpt lat="45.66426" lon="6.15504">
        <ele>717</ele>
      </trkpt>
      <trkpt lat="45.66415" lon="6.15497">
        <ele>718</ele>
      </trkpt>
      <trkpt lat="45.66406" lon="6.15492">
        <ele>719</ele>
      </trkpt>
      <trkpt lat="45.66391" lon="6.1548">
        <ele>720</ele>
      </trkpt>
      <trkpt lat="45.66385" lon="6.15473">
        <ele>721</ele>
      </trkpt>
      <trkpt lat="45.66378" lon="6.15464">
        <ele>722</ele>
      </trkpt>
      <trkpt lat="45.66372" lon="6.15455">
        <ele>723</ele>
      </trkpt>
      <trkpt lat="45.66366" lon="6.15447">
        <ele>724</ele>
      </trkpt>
      <trkpt lat="45.66359" lon="6.15439">
        <ele>725</ele>
      </trkpt>
      <trkpt lat="45.6635" lon="6.1543">
        <ele>727</ele>
      </trkpt>
      <trkpt lat="45.6634" lon="6.15422">
        <ele>728</ele>
      </trkpt>
      <trkpt lat="45.66329" lon="6.15412">
        <ele>729</ele>
      </trkpt>
      <trkpt lat="45.66316" lon="6.15401">
        <ele>730</ele>
      </trkpt>
      <trkpt lat="45.66304" lon="6.1539">
        <ele>731</ele>
      </trkpt>
      <trkpt lat="45.66289" lon="6.15378">
        <ele>732</ele>
      </trkpt>
      <trkpt lat="45.66276" lon="6.15369">
        <ele>734</ele>
      </trkpt>
      <trkpt lat="45.66259" lon="6.15356">
        <ele>735</ele>
      </trkpt>
      <trkpt lat="45.66251" lon="6.15349">
        <ele>736</ele>
      </trkpt>
      <trkpt lat="45.66246" lon="6.15344">
        <ele>737</ele>
      </trkpt>
      <trkpt lat="45.66242" lon="6.1534">
        <ele>738</ele>
      </trkpt>
      <trkpt lat="45.66234" lon="6.15333">
        <ele>739</ele>
      </trkpt>
      <trkpt lat="45.66225" lon="6.15324">
        <ele>740</ele>
      </trkpt>
      <trkpt lat="45.66216" lon="6.15315">
        <ele>741</ele>
      </trkpt>
      <trkpt lat="45.66209" lon="6.15307">
        <ele>742</ele>
      </trkpt>
      <trkpt lat="45.66201" lon="6.15298">
        <ele>743</ele>
      </trkpt>
      <trkpt lat="45.66194" lon="6.1529">
        <ele>744</ele>
      </trkpt>
      <trkpt lat="45.66187" lon="6.1528">
        <ele>745</ele>
      </trkpt>
      <trkpt lat="45.6618" lon="6.15272">
        <ele>746</ele>
      </trkpt>
      <trkpt lat="45.66171" lon="6.15266">
        <ele>747</ele>
      </trkpt>
      <trkpt lat="45.66161" lon="6.15261">
        <ele>748</ele>
      </trkpt>
      <trkpt lat="45.66154" lon="6.15258">
        <ele>749</ele>
      </trkpt>
      <trkpt lat="45.6615" lon="6.15257">
        <ele>749</ele>
      </trkpt>
      <trkpt lat="45.66132" lon="6.15255">
        <ele>750</ele>
      </trkpt>
      <trkpt lat="45.66129" lon="6.15254">
        <ele>751</ele>
      </trkpt>
      <trkpt lat="45.66125" lon="6.15254">
        <ele>752</ele>
      </trkpt>
      <trkpt lat="45.66116" lon="6.15252">
        <ele>753</ele>
      </trkpt>
      <trkpt lat="45.66108" lon="6.1525">
        <ele>754</ele>
      </trkpt>
      <trkpt lat="45.66099" lon="6.15247">
        <ele>755</ele>
      </trkpt>
      <trkpt lat="45.66091" lon="6.15243">
        <ele>756</ele>
      </trkpt>
      <trkpt lat="45.66081" lon="6.15239">
        <ele>757</ele>
      </trkpt>
      <trkpt lat="45.66074" lon="6.15234">
        <ele>758</ele>
      </trkpt>
      <trkpt lat="45.6607" lon="6.15231">
        <ele>759</ele>
      </trkpt>
      <trkpt lat="45.66066" lon="6.15229">
        <ele>760</ele>
      </trkpt>
      <trkpt lat="45.66057" lon="6.15223">
        <ele>762</ele>
      </trkpt>
      <trkpt lat="45.66047" lon="6.15217">
        <ele>763</ele>
      </trkpt>
      <trkpt lat="45.66039" lon="6.15211">
        <ele>764</ele>
      </trkpt>
      <trkpt lat="45.6603" lon="6.15204">
        <ele>765</ele>
      </trkpt>
      <trkpt lat="45.66023" lon="6.15197">
        <ele>766</ele>
      </trkpt>
      <trkpt lat="45.66016" lon="6.15191">
        <ele>767</ele>
      </trkpt>
      <trkpt lat="45.66008" lon="6.15185">
        <ele>768</ele>
      </trkpt>
      <trkpt lat="45.66" lon="6.15181">
        <ele>769</ele>
      </trkpt>
      <trkpt lat="45.65991" lon="6.15177">
        <ele>770</ele>
      </trkpt>
      <trkpt lat="45.65983" lon="6.15173">
        <ele>771</ele>
      </trkpt>
      <trkpt lat="45.65974" lon="6.15169">
        <ele>772</ele>
      </trkpt>
      <trkpt lat="45.65965" lon="6.15167">
        <ele>773</ele>
      </trkpt>
      <trkpt lat="45.65955" lon="6.15167">
        <ele>774</ele>
      </trkpt>
      <trkpt lat="45.65946" lon="6.15165">
        <ele>775</ele>
      </trkpt>
      <trkpt lat="45.65936" lon="6.15164">
        <ele>776</ele>
      </trkpt>
      <trkpt lat="45.65928" lon="6.15162">
        <ele>777</ele>
      </trkpt>
      <trkpt lat="45.65917" lon="6.15165">
        <ele>778</ele>
      </trkpt>
      <trkpt lat="45.65904" lon="6.15168">
        <ele>779</ele>
      </trkpt>
      <trkpt lat="45.65894" lon="6.1517">
        <ele>780</ele>
      </trkpt>
      <trkpt lat="45.65885" lon="6.15174">
        <ele>781</ele>
      </trkpt>
      <trkpt lat="45.65877" lon="6.15179">
        <ele>782</ele>
      </trkpt>
      <trkpt lat="45.65872" lon="6.15186">
        <ele>784</ele>
      </trkpt>
      <trkpt lat="45.65864" lon="6.15194">
        <ele>785</ele>
      </trkpt>
      <trkpt lat="45.65857" lon="6.15202">
        <ele>787</ele>
      </trkpt>
      <trkpt lat="45.65851" lon="6.15212">
        <ele>788</ele>
      </trkpt>
      <trkpt lat="45.65847" lon="6.15222">
        <ele>790</ele>
      </trkpt>
      <trkpt lat="45.65845" lon="6.15231">
        <ele>791</ele>
      </trkpt>
      <trkpt lat="45.65843" lon="6.15236">
        <ele>793</ele>
      </trkpt>
      <trkpt lat="45.65843" lon="6.15243">
        <ele>795</ele>
      </trkpt>
      <trkpt lat="45.65846" lon="6.15251">
        <ele>796</ele>
      </trkpt>
      <trkpt lat="45.65852" lon="6.1526">
        <ele>798</ele>
      </trkpt>
      <trkpt lat="45.6586" lon="6.15268">
        <ele>800</ele>
      </trkpt>
      <trkpt lat="45.65861" lon="6.15271">
        <ele>802</ele>
      </trkpt>
      <trkpt lat="45.65865" lon="6.15277">
        <ele>803</ele>
      </trkpt>
      <trkpt lat="45.65869" lon="6.15289">
        <ele>805</ele>
      </trkpt>
      <trkpt lat="45.6587" lon="6.15303">
        <ele>807</ele>
      </trkpt>
      <trkpt lat="45.65868" lon="6.15315">
        <ele>809</ele>
      </trkpt>
      <trkpt lat="45.65861" lon="6.15326">
        <ele>812</ele>
      </trkpt>
      <trkpt lat="45.65856" lon="6.15336">
        <ele>814</ele>
      </trkpt>
      <trkpt lat="45.6585" lon="6.15344">
        <ele>816</ele>
      </trkpt>
      <trkpt lat="45.65844" lon="6.1535">
        <ele>819</ele>
      </trkpt>
      <trkpt lat="45.65837" lon="6.15355">
        <ele>821</ele>
      </trkpt>
      <trkpt lat="45.65834" lon="6.15356">
        <ele>824</ele>
      </trkpt>
      <trkpt lat="45.65816" lon="6.15361">
        <ele>826</ele>
      </trkpt>
      <trkpt lat="45.65807" lon="6.15364">
        <ele>829</ele>
      </trkpt>
      <trkpt lat="45.65801" lon="6.15365">
        <ele>832</ele>
      </trkpt>
      <trkpt lat="45.65798" lon="6.15365">
        <ele>834</ele>
      </trkpt>
      <trkpt lat="45.65788" lon="6.15366">
        <ele>837</ele>
      </trkpt>
      <trkpt lat="45.65778" lon="6.15365">
        <ele>840</ele>
      </trkpt>
      <trkpt lat="45.65769" lon="6.15371">
        <ele>842</ele>
      </trkpt>
      <trkpt lat="45.65761" lon="6.1538">
        <ele>845</ele>
      </trkpt>
      <trkpt lat="45.65753" lon="6.15388">
        <ele>848</ele>
      </trkpt>
      <trkpt lat="45.65746" lon="6.15396">
        <ele>851</ele>
      </trkpt>
      <trkpt lat="45.65739" lon="6.15404">
        <ele>853</ele>
      </trkpt>
      <trkpt lat="45.65732" lon="6.15412">
        <ele>856</ele>
      </trkpt>
      <trkpt lat="45.65727" lon="6.15417">
        <ele>859</ele>
      </trkpt>
      <trkpt lat="45.65722" lon="6.1542">
        <ele>861</ele>
      </trkpt>
      <trkpt lat="45.65718" lon="6.15422">
        <ele>863</ele>
      </trkpt>
      <trkpt lat="45.65713" lon="6.15425">
        <ele>866</ele>
      </trkpt>
      <trkpt lat="45.65708" lon="6.15426">
        <ele>868</ele>
      </trkpt>
      <trkpt lat="45.65701" lon="6.15428">
        <ele>870</ele>
      </trkpt>
      <trkpt lat="45.65688" lon="6.15429">
        <ele>872</ele>
      </trkpt>
      <trkpt lat="45.65676" lon="6.15424">
        <ele>874</ele>
      </trkpt>
      <trkpt lat="45.65669" lon="6.15418">
        <ele>876</ele>
      </trkpt>
      <trkpt lat="45.65664" lon="6.15415">
        <ele>878</ele>
      </trkpt>
      <trkpt lat="45.65658" lon="6.15408">
        <ele>879</ele>
      </trkpt>
      <trkpt lat="45.6565" lon="6.154">
        <ele>881</ele>
      </trkpt>
      <trkpt lat="45.65643" lon="6.15393">
        <ele>883</ele>
      </trkpt>
      <trkpt lat="45.65633" lon="6.15385">
        <ele>885</ele>
      </trkpt>
      <trkpt lat="45.65627" lon="6.15377">
        <ele>887</ele>
      </trkpt>
      <trkpt lat="45.6562" lon="6.15367">
        <ele>889</ele>
      </trkpt>
      <trkpt lat="45.65613" lon="6.15352">
        <ele>891</ele>
      </trkpt>
      <trkpt lat="45.65608" lon="6.1534">
        <ele>893</ele>
      </trkpt>
      <trkpt lat="45.65602" lon="6.15324">
        <ele>895</ele>
      </trkpt>
      <trkpt lat="45.65593" lon="6.15309">
        <ele>897</ele>
      </trkpt>
      <trkpt lat="45.65587" lon="6.15297">
        <ele>899</ele>
      </trkpt>
      <trkpt lat="45.65584" lon="6.15291">
        <ele>901</ele>
      </trkpt>
      <trkpt lat="45.6558" lon="6.15283">
        <ele>902</ele>
      </trkpt>
      <trkpt lat="45.65575" lon="6.1527">
        <ele>904</ele>
      </trkpt>
      <trkpt lat="45.65572" lon="6.15264">
        <ele>906</ele>
      </trkpt>
      <trkpt lat="45.6557" lon="6.15259">
        <ele>907</ele>
      </trkpt>
      <trkpt lat="45.65567" lon="6.15249">
        <ele>909</ele>
      </trkpt>
      <trkpt lat="45.65563" lon="6.1524">
        <ele>911</ele>
      </trkpt>
      <trkpt lat="45.65556" lon="6.15235">
        <ele>912</ele>
      </trkpt>
      <trkpt lat="45.65546" lon="6.15236">
        <ele>914</ele>
      </trkpt>
      <trkpt lat="45.65538" lon="6.15238">
        <ele>916</ele>
      </trkpt>
      <trkpt lat="45.6553" lon="6.15239">
        <ele>919</ele>
      </trkpt>
      <trkpt lat="45.65524" lon="6.15242">
        <ele>921</ele>
      </trkpt>
      <trkpt lat="45.65517" lon="6.1525">
        <ele>924</ele>
      </trkpt>
      <trkpt lat="45.65513" lon="6.15256">
        <ele>926</ele>
      </trkpt>
      <trkpt lat="45.65509" lon="6.15259">
        <ele>930</ele>
      </trkpt>
      <trkpt lat="45.65489" lon="6.15272">
        <ele>933</ele>
      </trkpt>
      <trkpt lat="45.65475" lon="6.15282">
        <ele>936</ele>
      </trkpt>
      <trkpt lat="45.65462" lon="6.15297">
        <ele>940</ele>
      </trkpt>
      <trkpt lat="45.65452" lon="6.15305">
        <ele>944</ele>
      </trkpt>
      <trkpt lat="45.65449" lon="6.1532">
        <ele>948</ele>
      </trkpt>
      <trkpt lat="45.65453" lon="6.15341">
        <ele>952</ele>
      </trkpt>
      <trkpt lat="45.65457" lon="6.15357">
        <ele>955</ele>
      </trkpt>
      <trkpt lat="45.65461" lon="6.15373">
        <ele>959</ele>
      </trkpt>
      <trkpt lat="45.65461" lon="6.15393">
        <ele>963</ele>
      </trkpt>
      <trkpt lat="45.65455" lon="6.15412">
        <ele>967</ele>
      </trkpt>
      <trkpt lat="45.6545" lon="6.1543">
        <ele>971</ele>
      </trkpt>
      <trkpt lat="45.65448" lon="6.15445">
        <ele>975</ele>
      </trkpt>
      <trkpt lat="45.65446" lon="6.15459">
        <ele>978</ele>
      </trkpt>
      <trkpt lat="45.65443" lon="6.15475">
        <ele>982</ele>
      </trkpt>
      <trkpt lat="45.65441" lon="6.15487">
        <ele>985</ele>
      </trkpt>
      <trkpt lat="45.65437" lon="6.15504">
        <ele>987</ele>
      </trkpt>
      <trkpt lat="45.65433" lon="6.15517">
        <ele>990</ele>
      </trkpt>
      <trkpt lat="45.6543" lon="6.15527">
        <ele>994</ele>
      </trkpt>
      <trkpt lat="45.65426" lon="6.15539">
        <ele>997</ele>
      </trkpt>
      <trkpt lat="45.65422" lon="6.15544">
        <ele>1000</ele>
      </trkpt>
      <trkpt lat="45.65416" lon="6.15548">
        <ele>1003</ele>
      </trkpt>
      <trkpt lat="45.65412" lon="6.15551">
        <ele>1006</ele>
      </trkpt>
      <trkpt lat="45.65398" lon="6.15551">
        <ele>1009</ele>
      </trkpt>
      <trkpt lat="45.65384" lon="6.15545">
        <ele>1012</ele>
      </trkpt>
      <trkpt lat="45.65373" lon="6.1554">
        <ele>1015</ele>
      </trkpt>
      <trkpt lat="45.65362" lon="6.15535">
        <ele>1018</ele>
      </trkpt>
      <trkpt lat="45.65345" lon="6.15528">
        <ele>1022</ele>
      </trkpt>
      <trkpt lat="45.65333" lon="6.15523">
        <ele>1025</ele>
      </trkpt>
      <trkpt lat="45.65323" lon="6.15519">
        <ele>1027</ele>
      </trkpt>
      <trkpt lat="45.65309" lon="6.15513">
        <ele>1030</ele>
      </trkpt>
      <trkpt lat="45.65304" lon="6.1551">
        <ele>1032</ele>
      </trkpt>
      <trkpt lat="45.65296" lon="6.15506">
        <ele>1035</ele>
      </trkpt>
      <trkpt lat="45.65288" lon="6.15503">
        <ele>1037</ele>
      </trkpt>
      <trkpt lat="45.65281" lon="6.15498">
        <ele>1039</ele>
      </trkpt>
      <trkpt lat="45.65272" lon="6.15493">
        <ele>1041</ele>
      </trkpt>
      <trkpt lat="45.65259" lon="6.15486">
        <ele>1043</ele>
      </trkpt>
      <trkpt lat="45.65253" lon="6.15481">
        <ele>1045</ele>
      </trkpt>
      <trkpt lat="45.65243" lon="6.15474">
        <ele>1047</ele>
      </trkpt>
      <trkpt lat="45.65235" lon="6.15465">
        <ele>1049</ele>
      </trkpt>
      <trkpt lat="45.65227" lon="6.15457">
        <ele>1051</ele>
      </trkpt>
      <trkpt lat="45.65213" lon="6.15439">
        <ele>1053</ele>
      </trkpt>
      <trkpt lat="45.65205" lon="6.15432">
        <ele>1055</ele>
      </trkpt>
      <trkpt lat="45.65197" lon="6.15422">
        <ele>1057</ele>
      </trkpt>
      <trkpt lat="45.65192" lon="6.15416">
        <ele>1059</ele>
      </trkpt>
      <trkpt lat="45.65184" lon="6.15402">
        <ele>1061</ele>
      </trkpt>
      <trkpt lat="45.65182" lon="6.15395">
        <ele>1064</ele>
      </trkpt>
      <trkpt lat="45.65177" lon="6.15378">
        <ele>1066</ele>
      </trkpt>
      <trkpt lat="45.65167" lon="6.15373">
        <ele>1069</ele>
      </trkpt>
      <trkpt lat="45.65152" lon="6.15365">
        <ele>1072</ele>
      </trkpt>
      <trkpt lat="45.65143" lon="6.15361">
        <ele>1075</ele>
      </trkpt>
      <trkpt lat="45.65127" lon="6.15359">
        <ele>1079</ele>
      </trkpt>
      <trkpt lat="45.65117" lon="6.15355">
        <ele>1082</ele>
      </trkpt>
      <trkpt lat="45.65099" lon="6.15349">
        <ele>1086</ele>
      </trkpt>
      <trkpt lat="45.65091" lon="6.15336">
        <ele>1089</ele>
      </trkpt>
      <trkpt lat="45.6507" lon="6.15335">
        <ele>1093</ele>
      </trkpt>
      <trkpt lat="45.65057" lon="6.15327">
        <ele>1096</ele>
      </trkpt>
      <trkpt lat="45.65043" lon="6.15319">
        <ele>1100</ele>
      </trkpt>
      <trkpt lat="45.65037" lon="6.15304">
        <ele>1103</ele>
      </trkpt>
      <trkpt lat="45.6503" lon="6.1529">
        <ele>1107</ele>
      </trkpt>
      <trkpt lat="45.65025" lon="6.1526">
        <ele>1110</ele>
      </trkpt>
      <trkpt lat="45.65014" lon="6.1525">
        <ele>1113</ele>
      </trkpt>
      <trkpt lat="45.65004" lon="6.15241">
        <ele>1116</ele>
      </trkpt>
      <trkpt lat="45.64991" lon="6.15227">
        <ele>1119</ele>
      </trkpt>
      <trkpt lat="45.64977" lon="6.15214">
        <ele>1122</ele>
      </trkpt>
      <trkpt lat="45.64965" lon="6.15209">
        <ele>1124</ele>
      </trkpt>
      <trkpt lat="45.64952" lon="6.15204">
        <ele>1127</ele>
      </trkpt>
      <trkpt lat="45.64935" lon="6.15199">
        <ele>1129</ele>
      </trkpt>
      <trkpt lat="45.64917" lon="6.15195">
        <ele>1131</ele>
      </trkpt>
      <trkpt lat="45.64902" lon="6.15188">
        <ele>1133</ele>
      </trkpt>
      <trkpt lat="45.64887" lon="6.15181">
        <ele>1135</ele>
      </trkpt>
      <trkpt lat="45.64879" lon="6.15172">
        <ele>1137</ele>
      </trkpt>
      <trkpt lat="45.64874" lon="6.15161">
        <ele>1139</ele>
      </trkpt>
      <trkpt lat="45.64867" lon="6.1514">
        <ele>1141</ele>
      </trkpt>
      <trkpt lat="45.64856" lon="6.15133">
        <ele>1143</ele>
      </trkpt>
      <trkpt lat="45.64845" lon="6.15125">
        <ele>1145</ele>
      </trkpt>
      <trkpt lat="45.64828" lon="6.15117">
        <ele>1148</ele>
      </trkpt>
      <trkpt lat="45.64811" lon="6.1511">
        <ele>1150</ele>
      </trkpt>
      <trkpt lat="45.64791" lon="6.15102">
        <ele>1153</ele>
      </trkpt>
      <trkpt lat="45.64771" lon="6.15094">
        <ele>1156</ele>
      </trkpt>
      <trkpt lat="45.64756" lon="6.15088">
        <ele>1158</ele>
      </trkpt>
      <trkpt lat="45.64741" lon="6.15082">
        <ele>1161</ele>
      </trkpt>
      <trkpt lat="45.64729" lon="6.15074">
        <ele>1163</ele>
      </trkpt>
      <trkpt lat="45.64717" lon="6.15065">
        <ele>1166</ele>
      </trkpt>
      <trkpt lat="45.64702" lon="6.15058">
        <ele>1169</ele>
      </trkpt>
      <trkpt lat="45.64687" lon="6.1505">
        <ele>1171</ele>
      </trkpt>
      <trkpt lat="45.64672" lon="6.15042">
        <ele>1173</ele>
      </trkpt>
      <trkpt lat="45.64657" lon="6.15033">
        <ele>1175</ele>
      </trkpt>
      <trkpt lat="45.64646" lon="6.15029">
        <ele>1177</ele>
      </trkpt>
      <trkpt lat="45.64634" lon="6.15025">
        <ele>1179</ele>
      </trkpt>
      <trkpt lat="45.64623" lon="6.15022">
        <ele>1180</ele>
      </trkpt>
      <trkpt lat="45.64617" lon="6.15021">
        <ele>1182</ele>
      </trkpt>
      <trkpt lat="45.64598" lon="6.15014">
        <ele>1183</ele>
      </trkpt>
      <trkpt lat="45.64585" lon="6.15008">
        <ele>1184</ele>
      </trkpt>
      <trkpt lat="45.64572" lon="6.15001">
        <ele>1185</ele>
      </trkpt>
      <trkpt lat="45.64551" lon="6.14992">
        <ele>1186</ele>
      </trkpt>
      <trkpt lat="45.64533" lon="6.14989">
        <ele>1187</ele>
      </trkpt>
      <trkpt lat="45.64522" lon="6.14987">
        <ele>1188</ele>
      </trkpt>
      <trkpt lat="45.64518" lon="6.14976">
        <ele>1189</ele>
      </trkpt>
      <trkpt lat="45.64509" lon="6.14965">
        <ele>1189</ele>
      </trkpt>
      <trkpt lat="45.64498" lon="6.14957">
        <ele>1190</ele>
      </trkpt>
      <trkpt lat="45.64488" lon="6.1495">
        <ele>1192</ele>
      </trkpt>
      <trkpt lat="45.64473" lon="6.14939">
        <ele>1193</ele>
      </trkpt>
      <trkpt lat="45.64463" lon="6.14925">
        <ele>1194</ele>
      </trkpt>
      <trkpt lat="45.64451" lon="6.14919">
        <ele>1196</ele>
      </trkpt>
      <trkpt lat="45.64439" lon="6.14913">
        <ele>1197</ele>
      </trkpt>
      <trkpt lat="45.64422" lon="6.14905">
        <ele>1199</ele>
      </trkpt>
      <trkpt lat="45.64403" lon="6.14891">
        <ele>1201</ele>
      </trkpt>
      <trkpt lat="45.64388" lon="6.1488">
        <ele>1204</ele>
      </trkpt>
      <trkpt lat="45.64367" lon="6.14871">
        <ele>1206</ele>
      </trkpt>
      <trkpt lat="45.64351" lon="6.14863">
        <ele>1209</ele>
      </trkpt>
      <trkpt lat="45.64333" lon="6.14857">
        <ele>1212</ele>
      </trkpt>
      <trkpt lat="45.64323" lon="6.14849">
        <ele>1215</ele>
      </trkpt>
      <trkpt lat="45.64312" lon="6.14841">
        <ele>1217</ele>
      </trkpt>
      <trkpt lat="45.64305" lon="6.14831">
        <ele>1220</ele>
      </trkpt>
      <trkpt lat="45.64293" lon="6.14823">
        <ele>1222</ele>
      </trkpt>
      <trkpt lat="45.64281" lon="6.14815">
        <ele>1225</ele>
      </trkpt>
      <trkpt lat="45.64266" lon="6.14806">
        <ele>1227</ele>
      </trkpt>
      <trkpt lat="45.64251" lon="6.14797">
        <ele>1230</ele>
      </trkpt>
      <trkpt lat="45.64238" lon="6.14791">
        <ele>1232</ele>
      </trkpt>
      <trkpt lat="45.64224" lon="6.14786">
        <ele>1233</ele>
      </trkpt>
      <trkpt lat="45.64211" lon="6.14768">
        <ele>1235</ele>
      </trkpt>
      <trkpt lat="45.64209" lon="6.1476">
        <ele>1237</ele>
      </trkpt>
      <trkpt lat="45.64204" lon="6.14745">
        <ele>1238</ele>
      </trkpt>
      <trkpt lat="45.64199" lon="6.14729">
        <ele>1239</ele>
      </trkpt>
      <trkpt lat="45.64192" lon="6.14707">
        <ele>1241</ele>
      </trkpt>
      <trkpt lat="45.64182" lon="6.14699">
        <ele>1242</ele>
      </trkpt>
      <trkpt lat="45.64172" lon="6.14691">
        <ele>1243</ele>
      </trkpt>
      <trkpt lat="45.64164" lon="6.14684">
        <ele>1244</ele>
      </trkpt>
      <trkpt lat="45.64146" lon="6.14671">
        <ele>1245</ele>
      </trkpt>
      <trkpt lat="45.64135" lon="6.14659">
        <ele>1246</ele>
      </trkpt>
      <trkpt lat="45.64125" lon="6.14647">
        <ele>1247</ele>
      </trkpt>
      <trkpt lat="45.64112" lon="6.14635">
        <ele>1248</ele>
      </trkpt>
      <trkpt lat="45.64099" lon="6.14622">
        <ele>1250</ele>
      </trkpt>
      <trkpt lat="45.64089" lon="6.14613">
        <ele>1251</ele>
      </trkpt>
      <trkpt lat="45.64079" lon="6.14603">
        <ele>1253</ele>
      </trkpt>
      <trkpt lat="45.64063" lon="6.14589">
        <ele>1255</ele>
      </trkpt>
      <trkpt lat="45.64047" lon="6.14574">
        <ele>1257</ele>
      </trkpt>
      <trkpt lat="45.64035" lon="6.14547">
        <ele>1259</ele>
      </trkpt>
      <trkpt lat="45.64032" lon="6.14529">
        <ele>1262</ele>
      </trkpt>
      <trkpt lat="45.64029" lon="6.1451">
        <ele>1265</ele>
      </trkpt>
      <trkpt lat="45.64022" lon="6.14487">
        <ele>1268</ele>
      </trkpt>
      <trkpt lat="45.64011" lon="6.14463">
        <ele>1271</ele>
      </trkpt>
      <trkpt lat="45.64011" lon="6.14445">
        <ele>1274</ele>
      </trkpt>
      <trkpt lat="45.64011" lon="6.14426">
        <ele>1277</ele>
      </trkpt>
      <trkpt lat="45.64002" lon="6.14411">
        <ele>1280</ele>
      </trkpt>
      <trkpt lat="45.63998" lon="6.1439">
        <ele>1283</ele>
      </trkpt>
      <trkpt lat="45.63995" lon="6.14368">
        <ele>1286</ele>
      </trkpt>
      <trkpt lat="45.6399" lon="6.14346">
        <ele>1289</ele>
      </trkpt>
      <trkpt lat="45.6398" lon="6.14323">
        <ele>1292</ele>
      </trkpt>
      <trkpt lat="45.63967" lon="6.14306">
        <ele>1295</ele>
      </trkpt>
      <trkpt lat="45.63956" lon="6.14292">
        <ele>1297</ele>
      </trkpt>
      <trkpt lat="45.63948" lon="6.14273">
        <ele>1299</ele>
      </trkpt>
      <trkpt lat="45.6394" lon="6.14254">
        <ele>1302</ele>
      </trkpt>
      <trkpt lat="45.63934" lon="6.14239">
        <ele>1303</ele>
      </trkpt>
      <trkpt lat="45.63929" lon="6.14226">
        <ele>1305</ele>
      </trkpt>
      <trkpt lat="45.63926" lon="6.14214">
        <ele>1307</ele>
      </trkpt>
      <trkpt lat="45.63922" lon="6.14202">
        <ele>1308</ele>
      </trkpt>
      <trkpt lat="45.63934" lon="6.14205">
        <ele>1309</ele>
      </trkpt>
      <trkpt lat="45.63949" lon="6.14205">
        <ele>1310</ele>
      </trkpt>
      <trkpt lat="45.63949" lon="6.14195">
        <ele>1311</ele>
      </trkpt>
      <trkpt lat="45.6395" lon="6.14188">
        <ele>1313</ele>
      </trkpt>
      <trkpt lat="45.63954" lon="6.14181">
        <ele>1314</ele>
      </trkpt>
      <trkpt lat="45.63957" lon="6.14172">
        <ele>1315</ele>
      </trkpt>
      <trkpt lat="45.63956" lon="6.1416">
        <ele>1316</ele>
      </trkpt>
      <trkpt lat="45.63956" lon="6.14144">
        <ele>1318</ele>
      </trkpt>
      <trkpt lat="45.63956" lon="6.14128">
        <ele>1320</ele>
      </trkpt>
      <trkpt lat="45.63958" lon="6.14112">
        <ele>1321</ele>
      </trkpt>
      <trkpt lat="45.63958" lon="6.14098">
        <ele>1323</ele>
      </trkpt>
      <trkpt lat="45.63957" lon="6.14081">
        <ele>1325</ele>
      </trkpt>
      <trkpt lat="45.63957" lon="6.14058">
        <ele>1327</ele>
      </trkpt>
      <trkpt lat="45.63958" lon="6.14035">
        <ele>1330</ele>
      </trkpt>
      <trkpt lat="45.63961" lon="6.1401">
        <ele>1332</ele>
      </trkpt>
      <trkpt lat="45.6397" lon="6.13994">
        <ele>1334</ele>
      </trkpt>
      <trkpt lat="45.6398" lon="6.13977">
        <ele>1336</ele>
      </trkpt>
      <trkpt lat="45.63991" lon="6.13961">
        <ele>1338</ele>
      </trkpt>
      <trkpt lat="45.64006" lon="6.13945">
        <ele>1341</ele>
      </trkpt>
      <trkpt lat="45.64015" lon="6.13933">
        <ele>1343</ele>
      </trkpt>
      <trkpt lat="45.64021" lon="6.13916">
        <ele>1345</ele>
      </trkpt>
      <trkpt lat="45.6403" lon="6.13894">
        <ele>1347</ele>
      </trkpt>
      <trkpt lat="45.6403" lon="6.13881">
        <ele>1349</ele>
      </trkpt>
      <trkpt lat="45.64022" lon="6.1388">
        <ele>1351</ele>
      </trkpt>
      <trkpt lat="45.64011" lon="6.13882">
        <ele>1353</ele>
      </trkpt>
      <trkpt lat="45.63999" lon="6.13883">
        <ele>1355</ele>
      </trkpt>
      <trkpt lat="45.63988" lon="6.1388">
        <ele>1357</ele>
      </trkpt>
      <trkpt lat="45.63977" lon="6.13873">
        <ele>1359</ele>
      </trkpt>
      <trkpt lat="45.63966" lon="6.13865">
        <ele>1361</ele>
      </trkpt>
      <trkpt lat="45.63949" lon="6.13851">
        <ele>1363</ele>
      </trkpt>
      <trkpt lat="45.63934" lon="6.13842">
        <ele>1365</ele>
      </trkpt>
      <trkpt lat="45.63923" lon="6.13835">
        <ele>1367</ele>
      </trkpt>
      <trkpt lat="45.6391" lon="6.13827">
        <ele>1368</ele>
      </trkpt>
      <trkpt lat="45.63899" lon="6.13818">
        <ele>1370</ele>
      </trkpt>
      <trkpt lat="45.63883" lon="6.13803">
        <ele>1372</ele>
      </trkpt>
      <trkpt lat="45.63872" lon="6.13791">
        <ele>1374</ele>
      </trkpt>
      <trkpt lat="45.63865" lon="6.13781">
        <ele>1375</ele>
      </trkpt>
      <trkpt lat="45.63856" lon="6.13771">
        <ele>1377</ele>
      </trkpt>
      <trkpt lat="45.63848" lon="6.13762">
        <ele>1379</ele>
      </trkpt>
      <trkpt lat="45.6384" lon="6.1375">
        <ele>1380</ele>
      </trkpt>
      <trkpt lat="45.63832" lon="6.13738">
        <ele>1382</ele>
      </trkpt>
      <trkpt lat="45.63822" lon="6.13724">
        <ele>1383</ele>
      </trkpt>
      <trkpt lat="45.63813" lon="6.13711">
        <ele>1384</ele>
      </trkpt>
      <trkpt lat="45.63805" lon="6.13696">
        <ele>1385</ele>
      </trkpt>
      <trkpt lat="45.63799" lon="6.1368">
        <ele>1386</ele>
      </trkpt>
      <trkpt lat="45.63795" lon="6.13669">
        <ele>1387</ele>
      </trkpt>
      <trkpt lat="45.63794" lon="6.13659">
        <ele>1388</ele>
      </trkpt>
      <trkpt lat="45.63793" lon="6.1365">
        <ele>1388</ele>
      </trkpt>
      <trkpt lat="45.63793" lon="6.13643">
        <ele>1389</ele>
      </trkpt>
      <trkpt lat="45.63791" lon="6.13641">
        <ele>1389</ele>
      </trkpt>
      <trkpt lat="45.63787" lon="6.1364">
        <ele>1389</ele>
      </trkpt>
      <trkpt lat="45.63775" lon="6.13646">
        <ele>1389</ele>
      </trkpt>
      <trkpt lat="45.63759" lon="6.13652">
        <ele>1389</ele>
      </trkpt>
      <trkpt lat="45.63744" lon="6.13656">
        <ele>1388</ele>
      </trkpt>
      <trkpt lat="45.63741" lon="6.13676">
        <ele>1387</ele>
      </trkpt>
      <trkpt lat="45.6373" lon="6.13688">
        <ele>1386</ele>
      </trkpt>
      <trkpt lat="45.6372" lon="6.137">
        <ele>1385</ele>
      </trkpt>
      <trkpt lat="45.63711" lon="6.13712">
        <ele>1383</ele>
      </trkpt>
      <trkpt lat="45.63704" lon="6.13719">
        <ele>1381</ele>
      </trkpt>
      <trkpt lat="45.63697" lon="6.13725">
        <ele>1379</ele>
      </trkpt>
      <trkpt lat="45.63693" lon="6.1373">
        <ele>1377</ele>
      </trkpt>
      <trkpt lat="45.63687" lon="6.13741">
        <ele>1374</ele>
      </trkpt>
      <trkpt lat="45.63671" lon="6.13763">
        <ele>1372</ele>
      </trkpt>
      <trkpt lat="45.63659" lon="6.13781">
        <ele>1369</ele>
      </trkpt>
      <trkpt lat="45.63649" lon="6.13801">
        <ele>1366</ele>
      </trkpt>
      <trkpt lat="45.63637" lon="6.13817">
        <ele>1364</ele>
      </trkpt>
      <trkpt lat="45.63624" lon="6.13835">
        <ele>1361</ele>
      </trkpt>
      <trkpt lat="45.63613" lon="6.13851">
        <ele>1358</ele>
      </trkpt>
      <trkpt lat="45.63598" lon="6.13864">
        <ele>1356</ele>
      </trkpt>
      <trkpt lat="45.63585" lon="6.13877">
        <ele>1354</ele>
      </trkpt>
      <trkpt lat="45.6357" lon="6.13891">
        <ele>1352</ele>
      </trkpt>
      <trkpt lat="45.63559" lon="6.13901">
        <ele>1351</ele>
      </trkpt>
      <trkpt lat="45.63556" lon="6.13904">
        <ele>1349</ele>
      </trkpt>
      <trkpt lat="45.63541" lon="6.13918">
        <ele>1348</ele>
      </trkpt>
      <trkpt lat="45.63529" lon="6.13933">
        <ele>1347</ele>
      </trkpt>
      <trkpt lat="45.63516" lon="6.13948">
        <ele>1347</ele>
      </trkpt>
      <trkpt lat="45.635" lon="6.13955">
        <ele>1346</ele>
      </trkpt>
      <trkpt lat="45.63485" lon="6.13956">
        <ele>1346</ele>
      </trkpt>
      <trkpt lat="45.63477" lon="6.13956">
        <ele>1346</ele>
      </trkpt>
      <trkpt lat="45.63472" lon="6.13956">
        <ele>1346</ele>
      </trkpt>
      <trkpt lat="45.63457" lon="6.13957">
        <ele>1345</ele>
      </trkpt>
      <trkpt lat="45.63457" lon="6.13957">
        <ele>1345</ele>
      </trkpt>
      <trkpt lat="45.63444" lon="6.13953">
        <ele>1344</ele>
      </trkpt>
      <trkpt lat="45.63432" lon="6.1395">
        <ele>1343</ele>
      </trkpt>
      <trkpt lat="45.6343" lon="6.13948">
        <ele>1343</ele>
      </trkpt>
      <trkpt lat="45.63417" lon="6.13938">
        <ele>1342</ele>
      </trkpt>
      <trkpt lat="45.63407" lon="6.13922">
        <ele>1341</ele>
      </trkpt>
      <trkpt lat="45.63395" lon="6.13911">
        <ele>1340</ele>
      </trkpt>
      <trkpt lat="45.63385" lon="6.13906">
        <ele>1339</ele>
      </trkpt>
      <trkpt lat="45.63374" lon="6.139">
        <ele>1337</ele>
      </trkpt>
      <trkpt lat="45.63364" lon="6.13894">
        <ele>1336</ele>
      </trkpt>
      <trkpt lat="45.63351" lon="6.1388">
        <ele>1334</ele>
      </trkpt>
      <trkpt lat="45.63339" lon="6.13868">
        <ele>1333</ele>
      </trkpt>
      <trkpt lat="45.63332" lon="6.13867">
        <ele>1331</ele>
      </trkpt>
      <trkpt lat="45.63323" lon="6.13861">
        <ele>1330</ele>
      </trkpt>
      <trkpt lat="45.63309" lon="6.13847">
        <ele>1328</ele>
      </trkpt>
      <trkpt lat="45.63294" lon="6.13828">
        <ele>1325</ele>
      </trkpt>
      <trkpt lat="45.63287" lon="6.13815">
        <ele>1323</ele>
      </trkpt>
      <trkpt lat="45.63279" lon="6.13798">
        <ele>1321</ele>
      </trkpt>
      <trkpt lat="45.63274" lon="6.13793">
        <ele>1319</ele>
      </trkpt>
      <trkpt lat="45.63265" lon="6.13788">
        <ele>1317</ele>
      </trkpt>
      <trkpt lat="45.63254" lon="6.13785">
        <ele>1315</ele>
      </trkpt>
      <trkpt lat="45.63238" lon="6.13777">
        <ele>1311</ele>
      </trkpt>
      <trkpt lat="45.63225" lon="6.13756">
        <ele>1308</ele>
      </trkpt>
      <trkpt lat="45.63217" lon="6.13738">
        <ele>1305</ele>
      </trkpt>
      <trkpt lat="45.63214" lon="6.1373">
        <ele>1303</ele>
      </trkpt>
      <trkpt lat="45.63198" lon="6.13717">
        <ele>1300</ele>
      </trkpt>
      <trkpt lat="45.63188" lon="6.13712">
        <ele>1297</ele>
      </trkpt>
      <trkpt lat="45.63172" lon="6.13698">
        <ele>1294</ele>
      </trkpt>
      <trkpt lat="45.63157" lon="6.13688">
        <ele>1292</ele>
      </trkpt>
      <trkpt lat="45.63146" lon="6.13673">
        <ele>1289</ele>
      </trkpt>
      <trkpt lat="45.63141" lon="6.13664">
        <ele>1285</ele>
      </trkpt>
      <trkpt lat="45.63139" lon="6.13658">
        <ele>1282</ele>
      </trkpt>
      <trkpt lat="45.63137" lon="6.13655">
        <ele>1280</ele>
      </trkpt>
      <trkpt lat="45.63136" lon="6.13653">
        <ele>1277</ele>
      </trkpt>
      <trkpt lat="45.63133" lon="6.13645">
        <ele>1275</ele>
      </trkpt>
      <trkpt lat="45.63128" lon="6.13632">
        <ele>1272</ele>
      </trkpt>
      <trkpt lat="45.63122" lon="6.13616">
        <ele>1269</ele>
      </trkpt>
      <trkpt lat="45.63113" lon="6.13601">
        <ele>1266</ele>
      </trkpt>
      <trkpt lat="45.63103" lon="6.13586">
        <ele>1263</ele>
      </trkpt>
      <trkpt lat="45.63089" lon="6.13573">
        <ele>1259</ele>
      </trkpt>
      <trkpt lat="45.63078" lon="6.1356">
        <ele>1256</ele>
      </trkpt>
      <trkpt lat="45.63066" lon="6.13547">
        <ele>1253</ele>
      </trkpt>
      <trkpt lat="45.63052" lon="6.13529">
        <ele>1250</ele>
      </trkpt>
      <trkpt lat="45.63046" lon="6.13514">
        <ele>1247</ele>
      </trkpt>
      <trkpt lat="45.63039" lon="6.13494">
        <ele>1245</ele>
      </trkpt>
      <trkpt lat="45.63033" lon="6.13477">
        <ele>1242</ele>
      </trkpt>
      <trkpt lat="45.6303" lon="6.13465">
        <ele>1239</ele>
      </trkpt>
      <trkpt lat="45.63029" lon="6.13458">
        <ele>1236</ele>
      </trkpt>
      <trkpt lat="45.63029" lon="6.1345">
        <ele>1233</ele>
      </trkpt>
      <trkpt lat="45.6303" lon="6.13435">
        <ele>1230</ele>
      </trkpt>
      <trkpt lat="45.6303" lon="6.13414">
        <ele>1227</ele>
      </trkpt>
      <trkpt lat="45.63032" lon="6.13394">
        <ele>1224</ele>
      </trkpt>
      <trkpt lat="45.63031" lon="6.13372">
        <ele>1222</ele>
      </trkpt>
      <trkpt lat="45.63029" lon="6.13351">
        <ele>1219</ele>
      </trkpt>
      <trkpt lat="45.63025" lon="6.13325">
        <ele>1216</ele>
      </trkpt>
      <trkpt lat="45.63022" lon="6.13312">
        <ele>1214</ele>
      </trkpt>
      <trkpt lat="45.63014" lon="6.13298">
        <ele>1211</ele>
      </trkpt>
      <trkpt lat="45.63001" lon="6.13283">
        <ele>1208</ele>
      </trkpt>
      <trkpt lat="45.62991" lon="6.13267">
        <ele>1206</ele>
      </trkpt>
      <trkpt lat="45.62987" lon="6.13251">
        <ele>1204</ele>
      </trkpt>
      <trkpt lat="45.62983" lon="6.13236">
        <ele>1202</ele>
      </trkpt>
      <trkpt lat="45.62994" lon="6.13237">
        <ele>1201</ele>
      </trkpt>
      <trkpt lat="45.63008" lon="6.13238">
        <ele>1199</ele>
      </trkpt>
      <trkpt lat="45.63013" lon="6.13235">
        <ele>1198</ele>
      </trkpt>
      <trkpt lat="45.63016" lon="6.1323">
        <ele>1196</ele>
      </trkpt>
      <trkpt lat="45.63018" lon="6.13225">
        <ele>1195</ele>
      </trkpt>
      <trkpt lat="45.63019" lon="6.13218">
        <ele>1194</ele>
      </trkpt>
      <trkpt lat="45.63019" lon="6.13211">
        <ele>1194</ele>
      </trkpt>
      <trkpt lat="45.63018" lon="6.13202">
        <ele>1193</ele>
      </trkpt>
      <trkpt lat="45.63013" lon="6.13189">
        <ele>1192</ele>
      </trkpt>
      <trkpt lat="45.63008" lon="6.13174">
        <ele>1191</ele>
      </trkpt>
      <trkpt lat="45.63003" lon="6.13158">
        <ele>1191</ele>
      </trkpt>
      <trkpt lat="45.62998" lon="6.13142">
        <ele>1190</ele>
      </trkpt>
      <trkpt lat="45.62993" lon="6.13126">
        <ele>1189</ele>
      </trkpt>
      <trkpt lat="45.62986" lon="6.1311">
        <ele>1188</ele>
      </trkpt>
      <trkpt lat="45.6298" lon="6.13097">
        <ele>1187</ele>
      </trkpt>
      <trkpt lat="45.62974" lon="6.13082">
        <ele>1186</ele>
      </trkpt>
      <trkpt lat="45.62967" lon="6.13065">
        <ele>1186</ele>
      </trkpt>
      <trkpt lat="45.62961" lon="6.13049">
        <ele>1185</ele>
      </trkpt>
      <trkpt lat="45.62956" lon="6.13031">
        <ele>1184</ele>
      </trkpt>
      <trkpt lat="45.62952" lon="6.13014">
        <ele>1184</ele>
      </trkpt>
      <trkpt lat="45.62948" lon="6.12995">
        <ele>1183</ele>
      </trkpt>
      <trkpt lat="45.62946" lon="6.12981">
        <ele>1183</ele>
      </trkpt>
      <trkpt lat="45.62945" lon="6.12976">
        <ele>1182</ele>
      </trkpt>
      <trkpt lat="45.62941" lon="6.1296">
        <ele>1182</ele>
      </trkpt>
      <trkpt lat="45.6293" lon="6.12943">
        <ele>1182</ele>
      </trkpt>
      <trkpt lat="45.62928" lon="6.1294">
        <ele>1181</ele>
      </trkpt>
      <trkpt lat="45.62921" lon="6.1293">
        <ele>1181</ele>
      </trkpt>
      <trkpt lat="45.62912" lon="6.12919">
        <ele>1181</ele>
      </trkpt>
      <trkpt lat="45.629" lon="6.1291">
        <ele>1180</ele>
      </trkpt>
      <trkpt lat="45.62889" lon="6.12901">
        <ele>1180</ele>
      </trkpt>
      <trkpt lat="45.62877" lon="6.12892">
        <ele>1179</ele>
      </trkpt>
      <trkpt lat="45.62865" lon="6.12885">
        <ele>1179</ele>
      </trkpt>
      <trkpt lat="45.62854" lon="6.12879">
        <ele>1179</ele>
      </trkpt>
      <trkpt lat="45.6284" lon="6.12872">
        <ele>1178</ele>
      </trkpt>
      <trkpt lat="45.62829" lon="6.12866">
        <ele>1178</ele>
      </trkpt>
      <trkpt lat="45.62816" lon="6.1286">
        <ele>1178</ele>
      </trkpt>
      <trkpt lat="45.62804" lon="6.12854">
        <ele>1177</ele>
      </trkpt>
      <trkpt lat="45.62793" lon="6.12851">
        <ele>1177</ele>
      </trkpt>
      <trkpt lat="45.62778" lon="6.1285">
        <ele>1176</ele>
      </trkpt>
      <trkpt lat="45.62768" lon="6.12847">
        <ele>1176</ele>
      </trkpt>
      <trkpt lat="45.62754" lon="6.12843">
        <ele>1175</ele>
      </trkpt>
      <trkpt lat="45.62744" lon="6.1284">
        <ele>1175</ele>
      </trkpt>
      <trkpt lat="45.62733" lon="6.12838">
        <ele>1174</ele>
      </trkpt>
      <trkpt lat="45.62718" lon="6.12838">
        <ele>1173</ele>
      </trkpt>
      <trkpt lat="45.62708" lon="6.12839">
        <ele>1173</ele>
      </trkpt>
      <trkpt lat="45.62696" lon="6.12845">
        <ele>1172</ele>
      </trkpt>
      <trkpt lat="45.62686" lon="6.12851">
        <ele>1172</ele>
      </trkpt>
      <trkpt lat="45.62677" lon="6.12856">
        <ele>1172</ele>
      </trkpt>
      <trkpt lat="45.62669" lon="6.1286">
        <ele>1172</ele>
      </trkpt>
      <trkpt lat="45.62666" lon="6.12861">
        <ele>1172</ele>
      </trkpt>
      <trkpt lat="45.62666" lon="6.12854">
        <ele>1172</ele>
      </trkpt>
      <trkpt lat="45.62667" lon="6.12848">
        <ele>1172</ele>
      </trkpt>
      <trkpt lat="45.62664" lon="6.12839">
        <ele>1173</ele>
      </trkpt>
      <trkpt lat="45.6266" lon="6.12833">
        <ele>1173</ele>
      </trkpt>
      <trkpt lat="45.62651" lon="6.12829">
        <ele>1174</ele>
      </trkpt>
      <trkpt lat="45.62638" lon="6.12825">
        <ele>1175</ele>
      </trkpt>
      <trkpt lat="45.62631" lon="6.12819">
        <ele>1175</ele>
      </trkpt>
      <trkpt lat="45.62626" lon="6.12807">
        <ele>1176</ele>
      </trkpt>
      <trkpt lat="45.62626" lon="6.12793">
        <ele>1177</ele>
      </trkpt>
      <trkpt lat="45.62629" lon="6.12781">
        <ele>1178</ele>
      </trkpt>
      <trkpt lat="45.62639" lon="6.12772">
        <ele>1179</ele>
      </trkpt>
      <trkpt lat="45.62652" lon="6.12767">
        <ele>1180</ele>
      </trkpt>
      <trkpt lat="45.62663" lon="6.12764">
        <ele>1182</ele>
      </trkpt>
      <trkpt lat="45.62676" lon="6.12761">
        <ele>1183</ele>
      </trkpt>
      <trkpt lat="45.62687" lon="6.12756">
        <ele>1184</ele>
      </trkpt>
      <trkpt lat="45.62698" lon="6.12748">
        <ele>1185</ele>
      </trkpt>
      <trkpt lat="45.62708" lon="6.12736">
        <ele>1187</ele>
      </trkpt>
      <trkpt lat="45.62716" lon="6.12721">
        <ele>1188</ele>
      </trkpt>
      <trkpt lat="45.62723" lon="6.12705">
        <ele>1189</ele>
      </trkpt>
      <trkpt lat="45.62729" lon="6.12689">
        <ele>1190</ele>
      </trkpt>
      <trkpt lat="45.62736" lon="6.12674">
        <ele>1191</ele>
      </trkpt>
      <trkpt lat="45.62742" lon="6.12657">
        <ele>1192</ele>
      </trkpt>
      <trkpt lat="45.62747" lon="6.1264">
        <ele>1193</ele>
      </trkpt>
      <trkpt lat="45.6275" lon="6.12626">
        <ele>1194</ele>
      </trkpt>
      <trkpt lat="45.6275" lon="6.12613">
        <ele>1195</ele>
      </trkpt>
      <trkpt lat="45.62746" lon="6.12605">
        <ele>1195</ele>
      </trkpt>
      <trkpt lat="45.6274" lon="6.12597">
        <ele>1196</ele>
      </trkpt>
      <trkpt lat="45.62734" lon="6.12594">
        <ele>1196</ele>
      </trkpt>
      <trkpt lat="45.62728" lon="6.12594">
        <ele>1196</ele>
      </trkpt>
      <trkpt lat="45.62718" lon="6.12595">
        <ele>1197</ele>
      </trkpt>
      <trkpt lat="45.62708" lon="6.12597">
        <ele>1197</ele>
      </trkpt>
      <trkpt lat="45.62697" lon="6.12592">
        <ele>1197</ele>
      </trkpt>
      <trkpt lat="45.6269" lon="6.12582">
        <ele>1197</ele>
      </trkpt>
      <trkpt lat="45.62686" lon="6.12575">
        <ele>1197</ele>
      </trkpt>
      <trkpt lat="45.62684" lon="6.1257">
        <ele>1197</ele>
      </trkpt>
      <trkpt lat="45.62682" lon="6.12556">
        <ele>1198</ele>
      </trkpt>
      <trkpt lat="45.62682" lon="6.12541">
        <ele>1198</ele>
      </trkpt>
      <trkpt lat="45.62683" lon="6.12532">
        <ele>1198</ele>
      </trkpt>
      <trkpt lat="45.62686" lon="6.1252">
        <ele>1198</ele>
      </trkpt>
      <trkpt lat="45.6269" lon="6.12508">
        <ele>1199</ele>
      </trkpt>
      <trkpt lat="45.62698" lon="6.12498">
        <ele>1199</ele>
      </trkpt>
      <trkpt lat="45.62705" lon="6.12486">
        <ele>1199</ele>
      </trkpt>
      <trkpt lat="45.6271" lon="6.12475">
        <ele>1199</ele>
      </trkpt>
      <trkpt lat="45.62714" lon="6.12462">
        <ele>1199</ele>
      </trkpt>
      <trkpt lat="45.62718" lon="6.12445">
        <ele>1199</ele>
      </trkpt>
      <trkpt lat="45.62719" lon="6.1243">
        <ele>1198</ele>
      </trkpt>
      <trkpt lat="45.6272" lon="6.1242">
        <ele>1198</ele>
      </trkpt>
      <trkpt lat="45.6272" lon="6.12405">
        <ele>1197</ele>
      </trkpt>
      <trkpt lat="45.62718" lon="6.12385">
        <ele>1197</ele>
      </trkpt>
      <trkpt lat="45.62716" lon="6.12368">
        <ele>1196</ele>
      </trkpt>
      <trkpt lat="45.62714" lon="6.1235">
        <ele>1195</ele>
      </trkpt>
      <trkpt lat="45.62711" lon="6.12333">
        <ele>1194</ele>
      </trkpt>
      <trkpt lat="45.62709" lon="6.12315">
        <ele>1193</ele>
      </trkpt>
      <trkpt lat="45.62707" lon="6.12296">
        <ele>1193</ele>
      </trkpt>
      <trkpt lat="45.62706" lon="6.12279">
        <ele>1192</ele>
      </trkpt>
      <trkpt lat="45.62705" lon="6.12261">
        <ele>1191</ele>
      </trkpt>
      <trkpt lat="45.62704" lon="6.12245">
        <ele>1190</ele>
      </trkpt>
      <trkpt lat="45.62708" lon="6.1223">
        <ele>1189</ele>
      </trkpt>
      <trkpt lat="45.62717" lon="6.12219">
        <ele>1189</ele>
      </trkpt>
      <trkpt lat="45.62728" lon="6.12209">
        <ele>1188</ele>
      </trkpt>
      <trkpt lat="45.62739" lon="6.122">
        <ele>1188</ele>
      </trkpt>
      <trkpt lat="45.62746" lon="6.12193">
        <ele>1188</ele>
      </trkpt>
      <trkpt lat="45.62749" lon="6.12185">
        <ele>1187</ele>
      </trkpt>
      <trkpt lat="45.6275" lon="6.12176">
        <ele>1187</ele>
      </trkpt>
      <trkpt lat="45.62748" lon="6.12167">
        <ele>1186</ele>
      </trkpt>
      <trkpt lat="45.62742" lon="6.12161">
        <ele>1186</ele>
      </trkpt>
      <trkpt lat="45.62733" lon="6.12155">
        <ele>1186</ele>
      </trkpt>
      <trkpt lat="45.62724" lon="6.12154">
        <ele>1185</ele>
      </trkpt>
      <trkpt lat="45.62717" lon="6.12149">
        <ele>1185</ele>
      </trkpt>
      <trkpt lat="45.62711" lon="6.12141">
        <ele>1185</ele>
      </trkpt>
      <trkpt lat="45.62706" lon="6.12133">
        <ele>1185</ele>
      </trkpt>
      <trkpt lat="45.62702" lon="6.12125">
        <ele>1185</ele>
      </trkpt>
      <trkpt lat="45.62697" lon="6.12115">
        <ele>1185</ele>
      </trkpt>
      <trkpt lat="45.62691" lon="6.12105">
        <ele>1186</ele>
      </trkpt>
      <trkpt lat="45.62684" lon="6.12096">
        <ele>1186</ele>
      </trkpt>
      <trkpt lat="45.62678" lon="6.12089">
        <ele>1187</ele>
      </trkpt>
      <trkpt lat="45.62672" lon="6.1208">
        <ele>1187</ele>
      </trkpt>
      <trkpt lat="45.62668" lon="6.12067">
        <ele>1188</ele>
      </trkpt>
      <trkpt lat="45.62664" lon="6.12054">
        <ele>1188</ele>
      </trkpt>
      <trkpt lat="45.62657" lon="6.12043">
        <ele>1189</ele>
      </trkpt>
      <trkpt lat="45.62644" lon="6.12035">
        <ele>1189</ele>
      </trkpt>
      <trkpt lat="45.62631" lon="6.12029">
        <ele>1190</ele>
      </trkpt>
      <trkpt lat="45.6262" lon="6.12024">
        <ele>1190</ele>
      </trkpt>
      <trkpt lat="45.62608" lon="6.12021">
        <ele>1190</ele>
      </trkpt>
      <trkpt lat="45.62595" lon="6.12014">
        <ele>1190</ele>
      </trkpt>
      <trkpt lat="45.62587" lon="6.12006">
        <ele>1190</ele>
      </trkpt>
      <trkpt lat="45.6258" lon="6.11996">
        <ele>1190</ele>
      </trkpt>
      <trkpt lat="45.62575" lon="6.11985">
        <ele>1190</ele>
      </trkpt>
      <trkpt lat="45.62571" lon="6.11968">
        <ele>1190</ele>
      </trkpt>
      <trkpt lat="45.62567" lon="6.11951">
        <ele>1190</ele>
      </trkpt>
      <trkpt lat="45.62564" lon="6.1193">
        <ele>1190</ele>
      </trkpt>
      <trkpt lat="45.62561" lon="6.1191">
        <ele>1190</ele>
      </trkpt>
      <trkpt lat="45.62562" lon="6.11896">
        <ele>1190</ele>
      </trkpt>
      <trkpt lat="45.62561" lon="6.11879">
        <ele>1190</ele>
      </trkpt>
      <trkpt lat="45.62559" lon="6.11871">
        <ele>1190</ele>
      </trkpt>
      <trkpt lat="45.62555" lon="6.11864">
        <ele>1190</ele>
      </trkpt>
      <trkpt lat="45.62549" lon="6.11862">
        <ele>1190</ele>
      </trkpt>
      <trkpt lat="45.62543" lon="6.11859">
        <ele>1189</ele>
      </trkpt>
      <trkpt lat="45.62538" lon="6.11855">
        <ele>1189</ele>
      </trkpt>
      <trkpt lat="45.62531" lon="6.11841">
        <ele>1189</ele>
      </trkpt>
      <trkpt lat="45.62526" lon="6.11833">
        <ele>1188</ele>
      </trkpt>
      <trkpt lat="45.62521" lon="6.11828">
        <ele>1188</ele>
      </trkpt>
      <trkpt lat="45.62514" lon="6.1183">
        <ele>1188</ele>
      </trkpt>
      <trkpt lat="45.62504" lon="6.11835">
        <ele>1187</ele>
      </trkpt>
      <trkpt lat="45.62496" lon="6.1184">
        <ele>1187</ele>
      </trkpt>
      <trkpt lat="45.62489" lon="6.1184">
        <ele>1187</ele>
      </trkpt>
      <trkpt lat="45.62482" lon="6.11834">
        <ele>1186</ele>
      </trkpt>
      <trkpt lat="45.6248" lon="6.11822">
        <ele>1187</ele>
      </trkpt>
      <trkpt lat="45.62483" lon="6.11811">
        <ele>1187</ele>
      </trkpt>
      <trkpt lat="45.62489" lon="6.11798">
        <ele>1188</ele>
      </trkpt>
      <trkpt lat="45.62489" lon="6.11786">
        <ele>1188</ele>
      </trkpt>
      <trkpt lat="45.62487" lon="6.11778">
        <ele>1189</ele>
      </trkpt>
      <trkpt lat="45.62484" lon="6.11773">
        <ele>1189</ele>
      </trkpt>
      <trkpt lat="45.62474" lon="6.11766">
        <ele>1190</ele>
      </trkpt>
      <trkpt lat="45.62465" lon="6.11764">
        <ele>1191</ele>
      </trkpt>
      <trkpt lat="45.62465" lon="6.11764">
        <ele>1191</ele>
      </trkpt>
      <trkpt lat="45.62452" lon="6.11763">
        <ele>1192</ele>
      </trkpt>
      <trkpt lat="45.62445" lon="6.11761">
        <ele>1193</ele>
      </trkpt>
      <trkpt lat="45.62444" lon="6.11761">
        <ele>1194</ele>
      </trkpt>
      <trkpt lat="45.6244" lon="6.11761">
        <ele>1194</ele>
      </trkpt>
      <trkpt lat="45.62433" lon="6.11757">
        <ele>1195</ele>
      </trkpt>
      <trkpt lat="45.62427" lon="6.11751">
        <ele>1196</ele>
      </trkpt>
      <trkpt lat="45.62422" lon="6.11745">
        <ele>1196</ele>
      </trkpt>
      <trkpt lat="45.62415" lon="6.11737">
        <ele>1197</ele>
      </trkpt>
      <trkpt lat="45.62411" lon="6.11725">
        <ele>1198</ele>
      </trkpt>
      <trkpt lat="45.62409" lon="6.1171">
        <ele>1199</ele>
      </trkpt>
      <trkpt lat="45.62406" lon="6.11697">
        <ele>1200</ele>
      </trkpt>
      <trkpt lat="45.62404" lon="6.11681">
        <ele>1202</ele>
      </trkpt>
      <trkpt lat="45.62401" lon="6.11669">
        <ele>1203</ele>
      </trkpt>
      <trkpt lat="45.624" lon="6.11664">
        <ele>1204</ele>
      </trkpt>
      <trkpt lat="45.62395" lon="6.11652">
        <ele>1205</ele>
      </trkpt>
      <trkpt lat="45.62387" lon="6.11639">
        <ele>1207</ele>
      </trkpt>
      <trkpt lat="45.62379" lon="6.11625">
        <ele>1208</ele>
      </trkpt>
      <trkpt lat="45.62372" lon="6.11609">
        <ele>1210</ele>
      </trkpt>
      <trkpt lat="45.62366" lon="6.11593">
        <ele>1211</ele>
      </trkpt>
      <trkpt lat="45.62361" lon="6.11574">
        <ele>1213</ele>
      </trkpt>
      <trkpt lat="45.6236" lon="6.11556">
        <ele>1215</ele>
      </trkpt>
      <trkpt lat="45.6236" lon="6.11527">
        <ele>1217</ele>
      </trkpt>
      <trkpt lat="45.6236" lon="6.11498">
        <ele>1219</ele>
      </trkpt>
      <trkpt lat="45.62361" lon="6.11481">
        <ele>1221</ele>
      </trkpt>
      <trkpt lat="45.62361" lon="6.11464">
        <ele>1223</ele>
      </trkpt>
      <trkpt lat="45.62365" lon="6.11435">
        <ele>1225</ele>
      </trkpt>
      <trkpt lat="45.62369" lon="6.11406">
        <ele>1227</ele>
      </trkpt>
      <trkpt lat="45.62374" lon="6.11378">
        <ele>1228</ele>
      </trkpt>
      <trkpt lat="45.62374" lon="6.11363">
        <ele>1230</ele>
      </trkpt>
      <trkpt lat="45.62364" lon="6.11354">
        <ele>1231</ele>
      </trkpt>
      <trkpt lat="45.62357" lon="6.1135">
        <ele>1232</ele>
      </trkpt>
      <trkpt lat="45.62338" lon="6.11344">
        <ele>1233</ele>
      </trkpt>
      <trkpt lat="45.62321" lon="6.1134">
        <ele>1233</ele>
      </trkpt>
      <trkpt lat="45.62315" lon="6.1134">
        <ele>1234</ele>
      </trkpt>
      <trkpt lat="45.623" lon="6.11341">
        <ele>1234</ele>
      </trkpt>
      <trkpt lat="45.62283" lon="6.11344">
        <ele>1235</ele>
      </trkpt>
      <trkpt lat="45.62272" lon="6.11343">
        <ele>1235</ele>
      </trkpt>
      <trkpt lat="45.6226" lon="6.11342">
        <ele>1235</ele>
      </trkpt>
      <trkpt lat="45.62239" lon="6.11338">
        <ele>1236</ele>
      </trkpt>
      <trkpt lat="45.62232" lon="6.11332">
        <ele>1236</ele>
      </trkpt>
      <trkpt lat="45.62227" lon="6.11327">
        <ele>1236</ele>
      </trkpt>
      <trkpt lat="45.62223" lon="6.11323">
        <ele>1237</ele>
      </trkpt>
      <trkpt lat="45.6222" lon="6.11318">
        <ele>1237</ele>
      </trkpt>
      <trkpt lat="45.62214" lon="6.11306">
        <ele>1238</ele>
      </trkpt>
      <trkpt lat="45.62211" lon="6.11299">
        <ele>1238</ele>
      </trkpt>
      <trkpt lat="45.62206" lon="6.11291">
        <ele>1239</ele>
      </trkpt>
      <trkpt lat="45.62196" lon="6.11277">
        <ele>1239</ele>
      </trkpt>
      <trkpt lat="45.6219" lon="6.11267">
        <ele>1239</ele>
      </trkpt>
      <trkpt lat="45.62184" lon="6.11257">
        <ele>1240</ele>
      </trkpt>
      <trkpt lat="45.62178" lon="6.11247">
        <ele>1240</ele>
      </trkpt>
      <trkpt lat="45.6217" lon="6.11232">
        <ele>1241</ele>
      </trkpt>
      <trkpt lat="45.62165" lon="6.11221">
        <ele>1241</ele>
      </trkpt>
      <trkpt lat="45.6216" lon="6.11208">
        <ele>1242</ele>
      </trkpt>
      <trkpt lat="45.62157" lon="6.112">
        <ele>1242</ele>
      </trkpt>
      <trkpt lat="45.62155" lon="6.11189">
        <ele>1242</ele>
      </trkpt>
      <trkpt lat="45.62154" lon="6.11174">
        <ele>1241</ele>
      </trkpt>
      <trkpt lat="45.62155" lon="6.11153">
        <ele>1239</ele>
      </trkpt>
      <trkpt lat="45.62154" lon="6.11134">
        <ele>1238</ele>
      </trkpt>
      <trkpt lat="45.62154" lon="6.11127">
        <ele>1236</ele>
      </trkpt>
      <trkpt lat="45.62145" lon="6.11114">
        <ele>1234</ele>
      </trkpt>
      <trkpt lat="45.62138" lon="6.11109">
        <ele>1231</ele>
      </trkpt>
      <trkpt lat="45.62123" lon="6.11102">
        <ele>1227</ele>
      </trkpt>
      <trkpt lat="45.62108" lon="6.11095">
        <ele>1224</ele>
      </trkpt>
      <trkpt lat="45.62092" lon="6.11089">
        <ele>1219</ele>
      </trkpt>
      <trkpt lat="45.62076" lon="6.11083">
        <ele>1215</ele>
      </trkpt>
      <trkpt lat="45.62057" lon="6.11077">
        <ele>1211</ele>
      </trkpt>
      <trkpt lat="45.62046" lon="6.11076">
        <ele>1207</ele>
      </trkpt>
      <trkpt lat="45.62039" lon="6.11078">
        <ele>1202</ele>
      </trkpt>
      <trkpt lat="45.62027" lon="6.11074">
        <ele>1198</ele>
      </trkpt>
      <trkpt lat="45.62016" lon="6.11068">
        <ele>1193</ele>
      </trkpt>
      <trkpt lat="45.62002" lon="6.11058">
        <ele>1189</ele>
      </trkpt>
      <trkpt lat="45.61988" lon="6.11048">
        <ele>1184</ele>
      </trkpt>
      <trkpt lat="45.61973" lon="6.11042">
        <ele>1180</ele>
      </trkpt>
      <trkpt lat="45.61957" lon="6.11035">
        <ele>1176</ele>
      </trkpt>
      <trkpt lat="45.61939" lon="6.11032">
        <ele>1171</ele>
      </trkpt>
      <trkpt lat="45.61921" lon="6.11029">
        <ele>1167</ele>
      </trkpt>
      <trkpt lat="45.61907" lon="6.11026">
        <ele>1163</ele>
      </trkpt>
      <trkpt lat="45.61894" lon="6.11023">
        <ele>1159</ele>
      </trkpt>
      <trkpt lat="45.61874" lon="6.11018">
        <ele>1155</ele>
      </trkpt>
      <trkpt lat="45.61858" lon="6.11019">
        <ele>1151</ele>
      </trkpt>
      <trkpt lat="45.61841" lon="6.1102">
        <ele>1147</ele>
      </trkpt>
      <trkpt lat="45.61825" lon="6.11022">
        <ele>1144</ele>
      </trkpt>
      <trkpt lat="45.61805" lon="6.1102">
        <ele>1141</ele>
      </trkpt>
      <trkpt lat="45.61789" lon="6.11018">
        <ele>1137</ele>
      </trkpt>
      <trkpt lat="45.61775" lon="6.11014">
        <ele>1134</ele>
      </trkpt>
      <trkpt lat="45.61759" lon="6.11008">
        <ele>1132</ele>
      </trkpt>
      <trkpt lat="45.61745" lon="6.10997">
        <ele>1129</ele>
      </trkpt>
      <trkpt lat="45.61734" lon="6.10987">
        <ele>1127</ele>
      </trkpt>
      <trkpt lat="45.61727" lon="6.10973">
        <ele>1124</ele>
      </trkpt>
      <trkpt lat="45.61719" lon="6.1096">
        <ele>1122</ele>
      </trkpt>
      <trkpt lat="45.61712" lon="6.10943">
        <ele>1121</ele>
      </trkpt>
      <trkpt lat="45.61709" lon="6.10927">
        <ele>1119</ele>
      </trkpt>
      <trkpt lat="45.61706" lon="6.10908">
        <ele>1118</ele>
      </trkpt>
      <trkpt lat="45.61702" lon="6.10889">
        <ele>1117</ele>
      </trkpt>
      <trkpt lat="45.61701" lon="6.10874">
        <ele>1115</ele>
      </trkpt>
      <trkpt lat="45.61703" lon="6.10855">
        <ele>1113</ele>
      </trkpt>
      <trkpt lat="45.61705" lon="6.10836">
        <ele>1111</ele>
      </trkpt>
      <trkpt lat="45.61711" lon="6.10809">
        <ele>1109</ele>
      </trkpt>
      <trkpt lat="45.61716" lon="6.10782">
        <ele>1106</ele>
      </trkpt>
      <trkpt lat="45.61707" lon="6.10787">
        <ele>1104</ele>
      </trkpt>
      <trkpt lat="45.61696" lon="6.10794">
        <ele>1101</ele>
      </trkpt>
      <trkpt lat="45.61685" lon="6.10802">
        <ele>1097</ele>
      </trkpt>
      <trkpt lat="45.6167" lon="6.10819">
        <ele>1094</ele>
      </trkpt>
      <trkpt lat="45.61659" lon="6.10842">
        <ele>1089</ele>
      </trkpt>
      <trkpt lat="45.61646" lon="6.10856">
        <ele>1085</ele>
      </trkpt>
      <trkpt lat="45.61634" lon="6.10876">
        <ele>1081</ele>
      </trkpt>
      <trkpt lat="45.61627" lon="6.10899">
        <ele>1076</ele>
      </trkpt>
      <trkpt lat="45.61619" lon="6.10922">
        <ele>1072</ele>
      </trkpt>
      <trkpt lat="45.61613" lon="6.10943">
        <ele>1068</ele>
      </trkpt>
      <trkpt lat="45.61603" lon="6.10967">
        <ele>1064</ele>
      </trkpt>
      <trkpt lat="45.61593" lon="6.10991">
        <ele>1060</ele>
      </trkpt>
      <trkpt lat="45.61583" lon="6.11014">
        <ele>1056</ele>
      </trkpt>
      <trkpt lat="45.61573" lon="6.11034">
        <ele>1051</ele>
      </trkpt>
      <trkpt lat="45.61563" lon="6.11053">
        <ele>1048</ele>
      </trkpt>
      <trkpt lat="45.61553" lon="6.11073">
        <ele>1044</ele>
      </trkpt>
      <trkpt lat="45.61541" lon="6.11092">
        <ele>1041</ele>
      </trkpt>
      <trkpt lat="45.61537" lon="6.11097">
        <ele>1038</ele>
      </trkpt>
      <trkpt lat="45.61537" lon="6.11101">
        <ele>1036</ele>
      </trkpt>
      <trkpt lat="45.61536" lon="6.11106">
        <ele>1033</ele>
      </trkpt>
      <trkpt lat="45.61533" lon="6.11111">
        <ele>1031</ele>
      </trkpt>
      <trkpt lat="45.6153" lon="6.11116">
        <ele>1029</ele>
      </trkpt>
      <trkpt lat="45.61527" lon="6.11115">
        <ele>1027</ele>
      </trkpt>
      <trkpt lat="45.61517" lon="6.11109">
        <ele>1025</ele>
      </trkpt>
      <trkpt lat="45.61509" lon="6.11106">
        <ele>1025</ele>
      </trkpt>
      <trkpt lat="45.61492" lon="6.11102">
        <ele>1024</ele>
      </trkpt>
      <trkpt lat="45.61475" lon="6.11099">
        <ele>1022</ele>
      </trkpt>
      <trkpt lat="45.61463" lon="6.11096">
        <ele>1021</ele>
      </trkpt>
      <trkpt lat="45.61452" lon="6.11093">
        <ele>1019</ele>
      </trkpt>
      <trkpt lat="45.61439" lon="6.11088">
        <ele>1017</ele>
      </trkpt>
      <trkpt lat="45.61437" lon="6.11097">
        <ele>1016</ele>
      </trkpt>
      <trkpt lat="45.61439" lon="6.11104">
        <ele>1014</ele>
      </trkpt>
      <trkpt lat="45.61428" lon="6.1111">
        <ele>1011</ele>
      </trkpt>
      <trkpt lat="45.61422" lon="6.11113">
        <ele>1009</ele>
      </trkpt>
      <trkpt lat="45.61403" lon="6.11112">
        <ele>1007</ele>
      </trkpt>
      <trkpt lat="45.61387" lon="6.11102">
        <ele>1004</ele>
      </trkpt>
      <trkpt lat="45.61377" lon="6.11093">
        <ele>1001</ele>
      </trkpt>
      <trkpt lat="45.61367" lon="6.11083">
        <ele>998</ele>
      </trkpt>
      <trkpt lat="45.61352" lon="6.11068">
        <ele>996</ele>
      </trkpt>
      <trkpt lat="45.61337" lon="6.11054">
        <ele>993</ele>
      </trkpt>
      <trkpt lat="45.61319" lon="6.11042">
        <ele>991</ele>
      </trkpt>
      <trkpt lat="45.61301" lon="6.1103">
        <ele>988</ele>
      </trkpt>
      <trkpt lat="45.61283" lon="6.11018">
        <ele>986</ele>
      </trkpt>
      <trkpt lat="45.61265" lon="6.11006">
        <ele>983</ele>
      </trkpt>
      <trkpt lat="45.6125" lon="6.11001">
        <ele>981</ele>
      </trkpt>
      <trkpt lat="45.61235" lon="6.10996">
        <ele>979</ele>
      </trkpt>
      <trkpt lat="45.6122" lon="6.1099">
        <ele>977</ele>
      </trkpt>
      <trkpt lat="45.61202" lon="6.10983">
        <ele>975</ele>
      </trkpt>
      <trkpt lat="45.61185" lon="6.10976">
        <ele>974</ele>
      </trkpt>
      <trkpt lat="45.61168" lon="6.10969">
        <ele>972</ele>
      </trkpt>
      <trkpt lat="45.61157" lon="6.10955">
        <ele>971</ele>
      </trkpt>
      <trkpt lat="45.61157" lon="6.10955">
        <ele>970</ele>
      </trkpt>
      <trkpt lat="45.61145" lon="6.10934">
        <ele>969</ele>
      </trkpt>
      <trkpt lat="45.61138" lon="6.10921">
        <ele>969</ele>
      </trkpt>
      <trkpt lat="45.61131" lon="6.10908">
        <ele>968</ele>
      </trkpt>
      <trkpt lat="45.61117" lon="6.10885">
        <ele>967</ele>
      </trkpt>
      <trkpt lat="45.61108" lon="6.10868">
        <ele>966</ele>
      </trkpt>
      <trkpt lat="45.61099" lon="6.10856">
        <ele>966</ele>
      </trkpt>
      <trkpt lat="45.61089" lon="6.10852">
        <ele>965</ele>
      </trkpt>
      <trkpt lat="45.61069" lon="6.1085">
        <ele>964</ele>
      </trkpt>
      <trkpt lat="45.61047" lon="6.10849">
        <ele>963</ele>
      </trkpt>
      <trkpt lat="45.61042" lon="6.10828">
        <ele>963</ele>
      </trkpt>
      <trkpt lat="45.61036" lon="6.10808">
        <ele>962</ele>
      </trkpt>
      <trkpt lat="45.61029" lon="6.10779">
        <ele>962</ele>
      </trkpt>
      <trkpt lat="45.61021" lon="6.1075">
        <ele>961</ele>
      </trkpt>
      <trkpt lat="45.61015" lon="6.10725">
        <ele>960</ele>
      </trkpt>
      <trkpt lat="45.61009" lon="6.10701">
        <ele>960</ele>
      </trkpt>
      <trkpt lat="45.61003" lon="6.10676">
        <ele>959</ele>
      </trkpt>
      <trkpt lat="45.60996" lon="6.10652">
        <ele>958</ele>
      </trkpt>
      <trkpt lat="45.6099" lon="6.10627">
        <ele>958</ele>
      </trkpt>
      <trkpt lat="45.60985" lon="6.10605">
        <ele>957</ele>
      </trkpt>
      <trkpt lat="45.60979" lon="6.10583">
        <ele>957</ele>
      </trkpt>
      <trkpt lat="45.60974" lon="6.10561">
        <ele>956</ele>
      </trkpt>
      <trkpt lat="45.60979" lon="6.10557">
        <ele>955</ele>
      </trkpt>
      <trkpt lat="45.60981" lon="6.10548">
        <ele>955</ele>
      </trkpt>
      <trkpt lat="45.6098" lon="6.10518">
        <ele>954</ele>
      </trkpt>
      <trkpt lat="45.60979" lon="6.10488">
        <ele>954</ele>
      </trkpt>
      <trkpt lat="45.60978" lon="6.10458">
        <ele>953</ele>
      </trkpt>
      <trkpt lat="45.60975" lon="6.10442">
        <ele>953</ele>
      </trkpt>
      <trkpt lat="45.60972" lon="6.10425">
        <ele>953</ele>
      </trkpt>
      <trkpt lat="45.60968" lon="6.10401">
        <ele>953</ele>
      </trkpt>
      <trkpt lat="45.60963" lon="6.10377">
        <ele>953</ele>
      </trkpt>
      <trkpt lat="45.60958" lon="6.10353">
        <ele>953</ele>
      </trkpt>
      <trkpt lat="45.60953" lon="6.10332">
        <ele>953</ele>
      </trkpt>
      <trkpt lat="45.60948" lon="6.10312">
        <ele>953</ele>
      </trkpt>
      <trkpt lat="45.60943" lon="6.10293">
        <ele>953</ele>
      </trkpt>
      <trkpt lat="45.6094" lon="6.10275">
        <ele>953</ele>
      </trkpt>
      <trkpt lat="45.60939" lon="6.10261">
        <ele>953</ele>
      </trkpt>
      <trkpt lat="45.60939" lon="6.10242">
        <ele>953</ele>
      </trkpt>
      <trkpt lat="45.60939" lon="6.10227">
        <ele>953</ele>
      </trkpt>
      <trkpt lat="45.60932" lon="6.10204">
        <ele>953</ele>
      </trkpt>
      <trkpt lat="45.60926" lon="6.10182">
        <ele>953</ele>
      </trkpt>
      <trkpt lat="45.60924" lon="6.10156">
        <ele>953</ele>
      </trkpt>
      <trkpt lat="45.60926" lon="6.10143">
        <ele>953</ele>
      </trkpt>
      <trkpt lat="45.60932" lon="6.10131">
        <ele>953</ele>
      </trkpt>
      <trkpt lat="45.60941" lon="6.10116">
        <ele>952</ele>
      </trkpt>
      <trkpt lat="45.60951" lon="6.10102">
        <ele>952</ele>
      </trkpt>
      <trkpt lat="45.60962" lon="6.10089">
        <ele>952</ele>
      </trkpt>
      <trkpt lat="45.60971" lon="6.10075">
        <ele>952</ele>
      </trkpt>
      <trkpt lat="45.60981" lon="6.10062">
        <ele>952</ele>
      </trkpt>
      <trkpt lat="45.60991" lon="6.10054">
        <ele>951</ele>
      </trkpt>
      <trkpt lat="45.60998" lon="6.10046">
        <ele>951</ele>
      </trkpt>
      <trkpt lat="45.61" lon="6.1004">
        <ele>950</ele>
      </trkpt>
      <trkpt lat="45.61009" lon="6.10012">
        <ele>950</ele>
      </trkpt>
      <trkpt lat="45.61009" lon="6.10003">
        <ele>949</ele>
      </trkpt>
      <trkpt lat="45.61013" lon="6.09998">
        <ele>949</ele>
      </trkpt>
      <trkpt lat="45.6102" lon="6.09987">
        <ele>949</ele>
      </trkpt>
      <trkpt lat="45.61024" lon="6.09978">
        <ele>948</ele>
      </trkpt>
      <trkpt lat="45.6103" lon="6.09968">
        <ele>948</ele>
      </trkpt>
      <trkpt lat="45.61035" lon="6.09963">
        <ele>948</ele>
      </trkpt>
      <trkpt lat="45.61041" lon="6.09944">
        <ele>947</ele>
      </trkpt>
      <trkpt lat="45.61047" lon="6.09929">
        <ele>947</ele>
      </trkpt>
      <trkpt lat="45.61059" lon="6.09906">
        <ele>947</ele>
      </trkpt>
      <trkpt lat="45.6107" lon="6.09882">
        <ele>947</ele>
      </trkpt>
      <trkpt lat="45.61078" lon="6.09863">
        <ele>947</ele>
      </trkpt>
      <trkpt lat="45.61086" lon="6.09844">
        <ele>946</ele>
      </trkpt>
      <trkpt lat="45.61098" lon="6.09822">
        <ele>946</ele>
      </trkpt>
      <trkpt lat="45.61109" lon="6.098">
        <ele>946</ele>
      </trkpt>
      <trkpt lat="45.61121" lon="6.09779">
        <ele>946</ele>
      </trkpt>
      <trkpt lat="45.61132" lon="6.09757">
        <ele>945</ele>
      </trkpt>
      <trkpt lat="45.6114" lon="6.09738">
        <ele>945</ele>
      </trkpt>
      <trkpt lat="45.61147" lon="6.09724">
        <ele>945</ele>
      </trkpt>
      <trkpt lat="45.61153" lon="6.09711">
        <ele>944</ele>
      </trkpt>
      <trkpt lat="45.61159" lon="6.09692">
        <ele>944</ele>
      </trkpt>
      <trkpt lat="45.61165" lon="6.09674">
        <ele>944</ele>
      </trkpt>
      <trkpt lat="45.61172" lon="6.09652">
        <ele>943</ele>
      </trkpt>
      <trkpt lat="45.61178" lon="6.09633">
        <ele>943</ele>
      </trkpt>
      <trkpt lat="45.61184" lon="6.0962">
        <ele>942</ele>
      </trkpt>
      <trkpt lat="45.61188" lon="6.09612">
        <ele>942</ele>
      </trkpt>
      <trkpt lat="45.61196" lon="6.096">
        <ele>941</ele>
      </trkpt>
      <trkpt lat="45.61204" lon="6.09588">
        <ele>940</ele>
      </trkpt>
      <trkpt lat="45.61212" lon="6.09576">
        <ele>939</ele>
      </trkpt>
      <trkpt lat="45.61218" lon="6.09556">
        <ele>937</ele>
      </trkpt>
      <trkpt lat="45.61226" lon="6.09534">
        <ele>936</ele>
      </trkpt>
      <trkpt lat="45.61237" lon="6.09512">
        <ele>935</ele>
      </trkpt>
      <trkpt lat="45.61246" lon="6.0949">
        <ele>934</ele>
      </trkpt>
      <trkpt lat="45.61255" lon="6.09462">
        <ele>932</ele>
      </trkpt>
      <trkpt lat="45.61258" lon="6.09437">
        <ele>930</ele>
      </trkpt>
      <trkpt lat="45.61261" lon="6.09412">
        <ele>928</ele>
      </trkpt>
      <trkpt lat="45.61264" lon="6.09391">
        <ele>927</ele>
      </trkpt>
      <trkpt lat="45.61271" lon="6.09369">
        <ele>925</ele>
      </trkpt>
      <trkpt lat="45.61272" lon="6.09355">
        <ele>924</ele>
      </trkpt>
      <trkpt lat="45.61284" lon="6.09334">
        <ele>923</ele>
      </trkpt>
      <trkpt lat="45.61297" lon="6.09314">
        <ele>922</ele>
      </trkpt>
      <trkpt lat="45.61306" lon="6.09296">
        <ele>921</ele>
      </trkpt>
      <trkpt lat="45.61316" lon="6.09273">
        <ele>920</ele>
      </trkpt>
      <trkpt lat="45.61326" lon="6.09251">
        <ele>919</ele>
      </trkpt>
      <trkpt lat="45.61328" lon="6.09243">
        <ele>918</ele>
      </trkpt>
      <trkpt lat="45.61334" lon="6.09214">
        <ele>917</ele>
      </trkpt>
      <trkpt lat="45.6134" lon="6.09185">
        <ele>917</ele>
      </trkpt>
      <trkpt lat="45.61346" lon="6.09162">
        <ele>916</ele>
      </trkpt>
      <trkpt lat="45.61353" lon="6.09148">
        <ele>916</ele>
      </trkpt>
      <trkpt lat="45.61359" lon="6.09134">
        <ele>915</ele>
      </trkpt>
      <trkpt lat="45.61362" lon="6.09125">
        <ele>915</ele>
      </trkpt>
      <trkpt lat="45.61374" lon="6.091">
        <ele>914</ele>
      </trkpt>
      <trkpt lat="45.61378" lon="6.09092">
        <ele>914</ele>
      </trkpt>
      <trkpt lat="45.61383" lon="6.09075">
        <ele>914</ele>
      </trkpt>
      <trkpt lat="45.61387" lon="6.09059">
        <ele>914</ele>
      </trkpt>
      <trkpt lat="45.61392" lon="6.09042">
        <ele>913</ele>
      </trkpt>
      <trkpt lat="45.61395" lon="6.0903">
        <ele>913</ele>
      </trkpt>
      <trkpt lat="45.61402" lon="6.09001">
        <ele>913</ele>
      </trkpt>
      <trkpt lat="45.61404" lon="6.08989">
        <ele>913</ele>
      </trkpt>
      <trkpt lat="45.61407" lon="6.08972">
        <ele>913</ele>
      </trkpt>
      <trkpt lat="45.61409" lon="6.08955">
        <ele>912</ele>
      </trkpt>
      <trkpt lat="45.61413" lon="6.08928">
        <ele>912</ele>
      </trkpt>
      <trkpt lat="45.61417" lon="6.08901">
        <ele>912</ele>
      </trkpt>
      <trkpt lat="45.6142" lon="6.08874">
        <ele>912</ele>
      </trkpt>
      <trkpt lat="45.61423" lon="6.08863">
        <ele>912</ele>
      </trkpt>
      <trkpt lat="45.61432" lon="6.08839">
        <ele>912</ele>
      </trkpt>
      <trkpt lat="45.61444" lon="6.08817">
        <ele>912</ele>
      </trkpt>
      <trkpt lat="45.61452" lon="6.08807">
        <ele>911</ele>
      </trkpt>
      <trkpt lat="45.61459" lon="6.08798">
        <ele>911</ele>
      </trkpt>
      <trkpt lat="45.61473" lon="6.08781">
        <ele>911</ele>
      </trkpt>
      <trkpt lat="45.61479" lon="6.08775">
        <ele>911</ele>
      </trkpt>
      <trkpt lat="45.61488" lon="6.08769">
        <ele>911</ele>
      </trkpt>
      <trkpt lat="45.61499" lon="6.08764">
        <ele>911</ele>
      </trkpt>
      <trkpt lat="45.61519" lon="6.08757">
        <ele>911</ele>
      </trkpt>
      <trkpt lat="45.61539" lon="6.08751">
        <ele>911</ele>
      </trkpt>
      <trkpt lat="45.6156" lon="6.08745">
        <ele>910</ele>
      </trkpt>
      <trkpt lat="45.61582" lon="6.0874">
        <ele>910</ele>
      </trkpt>
      <trkpt lat="45.61603" lon="6.08734">
        <ele>910</ele>
      </trkpt>
      <trkpt lat="45.61615" lon="6.08728">
        <ele>909</ele>
      </trkpt>
      <trkpt lat="45.61619" lon="6.08724">
        <ele>910</ele>
      </trkpt>
      <trkpt lat="45.61627" lon="6.08713">
        <ele>910</ele>
      </trkpt>
      <trkpt lat="45.61639" lon="6.08687">
        <ele>910</ele>
      </trkpt>
      <trkpt lat="45.61649" lon="6.08682">
        <ele>910</ele>
      </trkpt>
      <trkpt lat="45.61651" lon="6.0868">
        <ele>911</ele>
      </trkpt>
      <trkpt lat="45.61665" lon="6.08664">
        <ele>911</ele>
      </trkpt>
      <trkpt lat="45.61673" lon="6.08651">
        <ele>912</ele>
      </trkpt>
      <trkpt lat="45.61682" lon="6.08639">
        <ele>912</ele>
      </trkpt>
      <trkpt lat="45.61691" lon="6.08623">
        <ele>913</ele>
      </trkpt>
      <trkpt lat="45.61696" lon="6.08612">
        <ele>914</ele>
      </trkpt>
      <trkpt lat="45.61698" lon="6.08603">
        <ele>915</ele>
      </trkpt>
      <trkpt lat="45.617" lon="6.08574">
        <ele>915</ele>
      </trkpt>
      <trkpt lat="45.617" lon="6.08555">
        <ele>916</ele>
      </trkpt>
      <trkpt lat="45.617" lon="6.08536">
        <ele>917</ele>
      </trkpt>
      <trkpt lat="45.61701" lon="6.08529">
        <ele>918</ele>
      </trkpt>
      <trkpt lat="45.61704" lon="6.0852">
        <ele>919</ele>
      </trkpt>
      <trkpt lat="45.61705" lon="6.08532">
        <ele>919</ele>
      </trkpt>
      <trkpt lat="45.61709" lon="6.08547">
        <ele>919</ele>
      </trkpt>
      <trkpt lat="45.61712" lon="6.08562">
        <ele>919</ele>
      </trkpt>
      <trkpt lat="45.61709" lon="6.08547">
        <ele>919</ele>
      </trkpt>
      <trkpt lat="45.61705" lon="6.08532">
        <ele>919</ele>
      </trkpt>
      <trkpt lat="45.61704" lon="6.0852">
        <ele>918</ele>
      </trkpt>
      <trkpt lat="45.61709" lon="6.08514">
        <ele>917</ele>
      </trkpt>
      <trkpt lat="45.61714" lon="6.08511">
        <ele>915</ele>
      </trkpt>
      <trkpt lat="45.61711" lon="6.08483">
        <ele>913</ele>
      </trkpt>
      <trkpt lat="45.61709" lon="6.08456">
        <ele>911</ele>
      </trkpt>
      <trkpt lat="45.61703" lon="6.08454">
        <ele>910</ele>
      </trkpt>
      <trkpt lat="45.61689" lon="6.08454">
        <ele>908</ele>
      </trkpt>
      <trkpt lat="45.61675" lon="6.08454">
        <ele>906</ele>
      </trkpt>
      <trkpt lat="45.61655" lon="6.08453">
        <ele>905</ele>
      </trkpt>
      <trkpt lat="45.61633" lon="6.08449">
        <ele>903</ele>
      </trkpt>
      <trkpt lat="45.61619" lon="6.08444">
        <ele>902</ele>
      </trkpt>
      <trkpt lat="45.61606" lon="6.08438">
        <ele>901</ele>
      </trkpt>
      <trkpt lat="45.61596" lon="6.08431">
        <ele>900</ele>
      </trkpt>
      <trkpt lat="45.61585" lon="6.08428">
        <ele>900</ele>
      </trkpt>
      <trkpt lat="45.61584" lon="6.08417">
        <ele>900</ele>
      </trkpt>
      <trkpt lat="45.61582" lon="6.08395">
        <ele>899</ele>
      </trkpt>
      <trkpt lat="45.61583" lon="6.08373">
        <ele>899</ele>
      </trkpt>
      <trkpt lat="45.61583" lon="6.08359">
        <ele>899</ele>
      </trkpt>
      <trkpt lat="45.61584" lon="6.08352">
        <ele>899</ele>
      </trkpt>
      <trkpt lat="45.61588" lon="6.0834">
        <ele>899</ele>
      </trkpt>
      <trkpt lat="45.61593" lon="6.08328">
        <ele>899</ele>
      </trkpt>
      <trkpt lat="45.61598" lon="6.08321">
        <ele>899</ele>
      </trkpt>
      <trkpt lat="45.61606" lon="6.08314">
        <ele>899</ele>
      </trkpt>
      <trkpt lat="45.61613" lon="6.08309">
        <ele>899</ele>
      </trkpt>
      <trkpt lat="45.61628" lon="6.08297">
        <ele>899</ele>
      </trkpt>
      <trkpt lat="45.61643" lon="6.08285">
        <ele>899</ele>
      </trkpt>
      <trkpt lat="45.61658" lon="6.08273">
        <ele>899</ele>
      </trkpt>
      <trkpt lat="45.61676" lon="6.08261">
        <ele>899</ele>
      </trkpt>
      <trkpt lat="45.61688" lon="6.08255">
        <ele>899</ele>
      </trkpt>
      <trkpt lat="45.61697" lon="6.08251">
        <ele>899</ele>
      </trkpt>
      <trkpt lat="45.61706" lon="6.08243">
        <ele>899</ele>
      </trkpt>
      <trkpt lat="45.61714" lon="6.08235">
        <ele>899</ele>
      </trkpt>
      <trkpt lat="45.61721" lon="6.08226">
        <ele>899</ele>
      </trkpt>
      <trkpt lat="45.61728" lon="6.08208">
        <ele>900</ele>
      </trkpt>
      <trkpt lat="45.61739" lon="6.0818">
        <ele>900</ele>
      </trkpt>
      <trkpt lat="45.61749" lon="6.08153">
        <ele>900</ele>
      </trkpt>
      <trkpt lat="45.61759" lon="6.08138">
        <ele>900</ele>
      </trkpt>
      <trkpt lat="45.61766" lon="6.08121">
        <ele>901</ele>
      </trkpt>
      <trkpt lat="45.61771" lon="6.08101">
        <ele>901</ele>
      </trkpt>
      <trkpt lat="45.61775" lon="6.08084">
        <ele>901</ele>
      </trkpt>
      <trkpt lat="45.61778" lon="6.08067">
        <ele>901</ele>
      </trkpt>
      <trkpt lat="45.61782" lon="6.08048">
        <ele>901</ele>
      </trkpt>
      <trkpt lat="45.61785" lon="6.0803">
        <ele>900</ele>
      </trkpt>
      <trkpt lat="45.6179" lon="6.08001">
        <ele>900</ele>
      </trkpt>
      <trkpt lat="45.61809" lon="6.07999">
        <ele>900</ele>
      </trkpt>
      <trkpt lat="45.61828" lon="6.07997">
        <ele>900</ele>
      </trkpt>
      <trkpt lat="45.61837" lon="6.07996">
        <ele>899</ele>
      </trkpt>
      <trkpt lat="45.6185" lon="6.07998">
        <ele>899</ele>
      </trkpt>
      <trkpt lat="45.61861" lon="6.08">
        <ele>899</ele>
      </trkpt>
      <trkpt lat="45.61875" lon="6.08005">
        <ele>898</ele>
      </trkpt>
      <trkpt lat="45.61887" lon="6.08008">
        <ele>898</ele>
      </trkpt>
      <trkpt lat="45.61902" lon="6.08009">
        <ele>898</ele>
      </trkpt>
      <trkpt lat="45.61916" lon="6.0801">
        <ele>897</ele>
      </trkpt>
      <trkpt lat="45.61933" lon="6.0801">
        <ele>897</ele>
      </trkpt>
      <trkpt lat="45.61949" lon="6.08011">
        <ele>896</ele>
      </trkpt>
      <trkpt lat="45.61965" lon="6.08011">
        <ele>896</ele>
      </trkpt>
      <trkpt lat="45.61982" lon="6.08012">
        <ele>896</ele>
      </trkpt>
      <trkpt lat="45.61998" lon="6.08012">
        <ele>896</ele>
      </trkpt>
      <trkpt lat="45.62015" lon="6.08013">
        <ele>896</ele>
      </trkpt>
      <trkpt lat="45.62031" lon="6.08012">
        <ele>896</ele>
      </trkpt>
      <trkpt lat="45.62047" lon="6.08005">
        <ele>896</ele>
      </trkpt>
      <trkpt lat="45.62053" lon="6.08003">
        <ele>896</ele>
      </trkpt>
      <trkpt lat="45.62057" lon="6.08002">
        <ele>896</ele>
      </trkpt>
      <trkpt lat="45.62062" lon="6.08002">
        <ele>897</ele>
      </trkpt>
      <trkpt lat="45.62063" lon="6.07997">
        <ele>897</ele>
      </trkpt>
      <trkpt lat="45.62064" lon="6.07995">
        <ele>897</ele>
      </trkpt>
      <trkpt lat="45.62066" lon="6.07994">
        <ele>898</ele>
      </trkpt>
      <trkpt lat="45.62069" lon="6.07993">
        <ele>899</ele>
      </trkpt>
      <trkpt lat="45.62085" lon="6.07996">
        <ele>899</ele>
      </trkpt>
      <trkpt lat="45.62097" lon="6.08">
        <ele>900</ele>
      </trkpt>
      <trkpt lat="45.62102" lon="6.08001">
        <ele>901</ele>
      </trkpt>
      <trkpt lat="45.62106" lon="6.08001">
        <ele>902</ele>
      </trkpt>
      <trkpt lat="45.62109" lon="6.08">
        <ele>903</ele>
      </trkpt>
      <trkpt lat="45.62112" lon="6.07998">
        <ele>904</ele>
      </trkpt>
      <trkpt lat="45.62119" lon="6.07991">
        <ele>905</ele>
      </trkpt>
      <trkpt lat="45.62126" lon="6.07978">
        <ele>906</ele>
      </trkpt>
      <trkpt lat="45.62134" lon="6.07964">
        <ele>907</ele>
      </trkpt>
      <trkpt lat="45.62142" lon="6.0795">
        <ele>909</ele>
      </trkpt>
      <trkpt lat="45.62144" lon="6.07946">
        <ele>910</ele>
      </trkpt>
      <trkpt lat="45.62146" lon="6.07939">
        <ele>911</ele>
      </trkpt>
      <trkpt lat="45.62149" lon="6.07932">
        <ele>912</ele>
      </trkpt>
      <trkpt lat="45.6215" lon="6.07928">
        <ele>914</ele>
      </trkpt>
      <trkpt lat="45.62153" lon="6.07925">
        <ele>915</ele>
      </trkpt>
      <trkpt lat="45.62156" lon="6.07923">
        <ele>916</ele>
      </trkpt>
      <trkpt lat="45.6216" lon="6.07921">
        <ele>917</ele>
      </trkpt>
      <trkpt lat="45.62162" lon="6.07919">
        <ele>918</ele>
      </trkpt>
      <trkpt lat="45.62164" lon="6.07917">
        <ele>919</ele>
      </trkpt>
      <trkpt lat="45.62166" lon="6.07913">
        <ele>921</ele>
      </trkpt>
      <trkpt lat="45.62167" lon="6.07909">
        <ele>922</ele>
      </trkpt>
      <trkpt lat="45.62167" lon="6.07905">
        <ele>924</ele>
      </trkpt>
      <trkpt lat="45.62167" lon="6.07902">
        <ele>925</ele>
      </trkpt>
      <trkpt lat="45.62167" lon="6.07899">
        <ele>928</ele>
      </trkpt>
      <trkpt lat="45.62166" lon="6.07892">
        <ele>930</ele>
      </trkpt>
      <trkpt lat="45.62166" lon="6.07885">
        <ele>932</ele>
      </trkpt>
      <trkpt lat="45.62167" lon="6.07868">
        <ele>934</ele>
      </trkpt>
      <trkpt lat="45.62176" lon="6.07851">
        <ele>937</ele>
      </trkpt>
      <trkpt lat="45.62191" lon="6.07832">
        <ele>940</ele>
      </trkpt>
      <trkpt lat="45.62191" lon="6.07832">
        <ele>944</ele>
      </trkpt>
      <trkpt lat="45.62195" lon="6.07824">
        <ele>947</ele>
      </trkpt>
      <trkpt lat="45.62203" lon="6.07805">
        <ele>950</ele>
      </trkpt>
      <trkpt lat="45.6221" lon="6.07786">
        <ele>953</ele>
      </trkpt>
      <trkpt lat="45.62222" lon="6.07765">
        <ele>956</ele>
      </trkpt>
      <trkpt lat="45.6223" lon="6.07751">
        <ele>959</ele>
      </trkpt>
      <trkpt lat="45.62239" lon="6.07738">
        <ele>962</ele>
      </trkpt>
      <trkpt lat="45.62244" lon="6.07733">
        <ele>964</ele>
      </trkpt>
      <trkpt lat="45.62258" lon="6.07728">
        <ele>966</ele>
      </trkpt>
      <trkpt lat="45.6227" lon="6.07729">
        <ele>967</ele>
      </trkpt>
      <trkpt lat="45.62285" lon="6.07734">
        <ele>968</ele>
      </trkpt>
      <trkpt lat="45.62306" lon="6.07746">
        <ele>969</ele>
      </trkpt>
      <trkpt lat="45.62326" lon="6.07758">
        <ele>970</ele>
      </trkpt>
      <trkpt lat="45.62345" lon="6.0777">
        <ele>971</ele>
      </trkpt>
      <trkpt lat="45.62363" lon="6.07783">
        <ele>971</ele>
      </trkpt>
      <trkpt lat="45.62379" lon="6.07793">
        <ele>972</ele>
      </trkpt>
      <trkpt lat="45.62384" lon="6.07789">
        <ele>973</ele>
      </trkpt>
      <trkpt lat="45.62398" lon="6.07788">
        <ele>975</ele>
      </trkpt>
      <trkpt lat="45.62408" lon="6.0778">
        <ele>976</ele>
      </trkpt>
      <trkpt lat="45.62412" lon="6.07777">
        <ele>978</ele>
      </trkpt>
      <trkpt lat="45.62421" lon="6.07776">
        <ele>980</ele>
      </trkpt>
      <trkpt lat="45.62432" lon="6.07776">
        <ele>983</ele>
      </trkpt>
      <trkpt lat="45.62444" lon="6.07774">
        <ele>986</ele>
      </trkpt>
      <trkpt lat="45.62457" lon="6.07773">
        <ele>988</ele>
      </trkpt>
      <trkpt lat="45.62463" lon="6.07776">
        <ele>991</ele>
      </trkpt>
      <trkpt lat="45.62467" lon="6.07768">
        <ele>994</ele>
      </trkpt>
      <trkpt lat="45.62464" lon="6.07758">
        <ele>998</ele>
      </trkpt>
      <trkpt lat="45.62457" lon="6.07746">
        <ele>1001</ele>
      </trkpt>
      <trkpt lat="45.62449" lon="6.07734">
        <ele>1005</ele>
      </trkpt>
      <trkpt lat="45.6244" lon="6.07715">
        <ele>1008</ele>
      </trkpt>
      <trkpt lat="45.62434" lon="6.07696">
        <ele>1012</ele>
      </trkpt>
      <trkpt lat="45.62431" lon="6.07688">
        <ele>1015</ele>
      </trkpt>
      <trkpt lat="45.6243" lon="6.0768">
        <ele>1018</ele>
      </trkpt>
      <trkpt lat="45.62427" lon="6.07672">
        <ele>1022</ele>
      </trkpt>
      <trkpt lat="45.62422" lon="6.07664">
        <ele>1025</ele>
      </trkpt>
      <trkpt lat="45.62412" lon="6.07658">
        <ele>1028</ele>
      </trkpt>
      <trkpt lat="45.62402" lon="6.07646">
        <ele>1031</ele>
      </trkpt>
      <trkpt lat="45.6239" lon="6.07628">
        <ele>1034</ele>
      </trkpt>
      <trkpt lat="45.62382" lon="6.07614">
        <ele>1037</ele>
      </trkpt>
      <trkpt lat="45.62364" lon="6.0761">
        <ele>1040</ele>
      </trkpt>
      <trkpt lat="45.62349" lon="6.07608">
        <ele>1042</ele>
      </trkpt>
      <trkpt lat="45.62337" lon="6.07605">
        <ele>1044</ele>
      </trkpt>
      <trkpt lat="45.62326" lon="6.07601">
        <ele>1046</ele>
      </trkpt>
      <trkpt lat="45.62312" lon="6.07596">
        <ele>1048</ele>
      </trkpt>
      <trkpt lat="45.62299" lon="6.07591">
        <ele>1050</ele>
      </trkpt>
      <trkpt lat="45.62289" lon="6.07583">
        <ele>1052</ele>
      </trkpt>
      <trkpt lat="45.62281" lon="6.07575">
        <ele>1054</ele>
      </trkpt>
      <trkpt lat="45.62274" lon="6.07571">
        <ele>1056</ele>
      </trkpt>
      <trkpt lat="45.62263" lon="6.07558">
        <ele>1058</ele>
      </trkpt>
      <trkpt lat="45.62262" lon="6.07552">
        <ele>1059</ele>
      </trkpt>
      <trkpt lat="45.62269" lon="6.07548">
        <ele>1061</ele>
      </trkpt>
      <trkpt lat="45.62283" lon="6.07545">
        <ele>1063</ele>
      </trkpt>
      <trkpt lat="45.62297" lon="6.07542">
        <ele>1064</ele>
      </trkpt>
      <trkpt lat="45.62311" lon="6.07537">
        <ele>1066</ele>
      </trkpt>
      <trkpt lat="45.62331" lon="6.07534">
        <ele>1067</ele>
      </trkpt>
      <trkpt lat="45.62351" lon="6.07531">
        <ele>1069</ele>
      </trkpt>
      <trkpt lat="45.62371" lon="6.07528">
        <ele>1070</ele>
      </trkpt>
      <trkpt lat="45.6239" lon="6.07525">
        <ele>1071</ele>
      </trkpt>
      <trkpt lat="45.62405" lon="6.07523">
        <ele>1072</ele>
      </trkpt>
      <trkpt lat="45.62411" lon="6.07524">
        <ele>1073</ele>
      </trkpt>
      <trkpt lat="45.62415" lon="6.07525">
        <ele>1074</ele>
      </trkpt>
      <trkpt lat="45.62435" lon="6.07535">
        <ele>1076</ele>
      </trkpt>
      <trkpt lat="45.6245" lon="6.07537">
        <ele>1077</ele>
      </trkpt>
      <trkpt lat="45.62464" lon="6.07538">
        <ele>1079</ele>
      </trkpt>
      <trkpt lat="45.62473" lon="6.07542">
        <ele>1080</ele>
      </trkpt>
      <trkpt lat="45.62481" lon="6.07548">
        <ele>1082</ele>
      </trkpt>
      <trkpt lat="45.62496" lon="6.07563">
        <ele>1083</ele>
      </trkpt>
      <trkpt lat="45.62511" lon="6.07579">
        <ele>1085</ele>
      </trkpt>
      <trkpt lat="45.62519" lon="6.07581">
        <ele>1086</ele>
      </trkpt>
      <trkpt lat="45.62533" lon="6.07581">
        <ele>1088</ele>
      </trkpt>
      <trkpt lat="45.62544" lon="6.07582">
        <ele>1090</ele>
      </trkpt>
      <trkpt lat="45.62556" lon="6.07583">
        <ele>1092</ele>
      </trkpt>
      <trkpt lat="45.62571" lon="6.07583">
        <ele>1093</ele>
      </trkpt>
      <trkpt lat="45.62586" lon="6.07584">
        <ele>1095</ele>
      </trkpt>
      <trkpt lat="45.62601" lon="6.07584">
        <ele>1097</ele>
      </trkpt>
      <trkpt lat="45.62613" lon="6.07588">
        <ele>1099</ele>
      </trkpt>
      <trkpt lat="45.62626" lon="6.07593">
        <ele>1100</ele>
      </trkpt>
      <trkpt lat="45.62641" lon="6.076">
        <ele>1102</ele>
      </trkpt>
      <trkpt lat="45.62657" lon="6.07606">
        <ele>1104</ele>
      </trkpt>
      <trkpt lat="45.62672" lon="6.07613">
        <ele>1105</ele>
      </trkpt>
      <trkpt lat="45.62692" lon="6.07618">
        <ele>1107</ele>
      </trkpt>
      <trkpt lat="45.62714" lon="6.07615">
        <ele>1109</ele>
      </trkpt>
      <trkpt lat="45.62728" lon="6.07606">
        <ele>1111</ele>
      </trkpt>
      <trkpt lat="45.62743" lon="6.07597">
        <ele>1113</ele>
      </trkpt>
      <trkpt lat="45.62758" lon="6.07588">
        <ele>1114</ele>
      </trkpt>
      <trkpt lat="45.62772" lon="6.07581">
        <ele>1116</ele>
      </trkpt>
      <trkpt lat="45.62787" lon="6.07574">
        <ele>1118</ele>
      </trkpt>
      <trkpt lat="45.62798" lon="6.07568">
        <ele>1120</ele>
      </trkpt>
      <trkpt lat="45.6281" lon="6.07561">
        <ele>1122</ele>
      </trkpt>
      <trkpt lat="45.62825" lon="6.07547">
        <ele>1124</ele>
      </trkpt>
      <trkpt lat="45.62833" lon="6.07531">
        <ele>1125</ele>
      </trkpt>
      <trkpt lat="45.62839" lon="6.07523">
        <ele>1127</ele>
      </trkpt>
      <trkpt lat="45.62848" lon="6.07516">
        <ele>1129</ele>
      </trkpt>
      <trkpt lat="45.6286" lon="6.07511">
        <ele>1130</ele>
      </trkpt>
      <trkpt lat="45.62872" lon="6.07506">
        <ele>1132</ele>
      </trkpt>
      <trkpt lat="45.62885" lon="6.07502">
        <ele>1133</ele>
      </trkpt>
      <trkpt lat="45.62897" lon="6.07499">
        <ele>1135</ele>
      </trkpt>
      <trkpt lat="45.62916" lon="6.07495">
        <ele>1136</ele>
      </trkpt>
      <trkpt lat="45.62932" lon="6.07493">
        <ele>1138</ele>
      </trkpt>
      <trkpt lat="45.62947" lon="6.0749">
        <ele>1139</ele>
      </trkpt>
      <trkpt lat="45.62958" lon="6.07492">
        <ele>1141</ele>
      </trkpt>
      <trkpt lat="45.62968" lon="6.07499">
        <ele>1142</ele>
      </trkpt>
      <trkpt lat="45.62984" lon="6.07505">
        <ele>1144</ele>
      </trkpt>
      <trkpt lat="45.63003" lon="6.07511">
        <ele>1145</ele>
      </trkpt>
      <trkpt lat="45.63021" lon="6.07515">
        <ele>1147</ele>
      </trkpt>
      <trkpt lat="45.63043" lon="6.07515">
        <ele>1148</ele>
      </trkpt>
      <trkpt lat="45.63063" lon="6.07515">
        <ele>1150</ele>
      </trkpt>
      <trkpt lat="45.63082" lon="6.07516">
        <ele>1152</ele>
      </trkpt>
      <trkpt lat="45.63103" lon="6.07515">
        <ele>1154</ele>
      </trkpt>
      <trkpt lat="45.63122" lon="6.07512">
        <ele>1155</ele>
      </trkpt>
      <trkpt lat="45.63143" lon="6.07507">
        <ele>1157</ele>
      </trkpt>
      <trkpt lat="45.63162" lon="6.07501">
        <ele>1159</ele>
      </trkpt>
      <trkpt lat="45.63182" lon="6.07495">
        <ele>1161</ele>
      </trkpt>
      <trkpt lat="45.632" lon="6.07491">
        <ele>1163</ele>
      </trkpt>
      <trkpt lat="45.63217" lon="6.07488">
        <ele>1165</ele>
      </trkpt>
      <trkpt lat="45.63235" lon="6.07484">
        <ele>1166</ele>
      </trkpt>
      <trkpt lat="45.63248" lon="6.07476">
        <ele>1168</ele>
      </trkpt>
      <trkpt lat="45.63266" lon="6.07471">
        <ele>1170</ele>
      </trkpt>
      <trkpt lat="45.63273" lon="6.07469">
        <ele>1172</ele>
      </trkpt>
      <trkpt lat="45.63284" lon="6.07464">
        <ele>1174</ele>
      </trkpt>
      <trkpt lat="45.63292" lon="6.07456">
        <ele>1176</ele>
      </trkpt>
      <trkpt lat="45.63303" lon="6.07451">
        <ele>1177</ele>
      </trkpt>
      <trkpt lat="45.63312" lon="6.07443">
        <ele>1179</ele>
      </trkpt>
      <trkpt lat="45.63317" lon="6.07432">
        <ele>1180</ele>
      </trkpt>
      <trkpt lat="45.63323" lon="6.07423">
        <ele>1182</ele>
      </trkpt>
      <trkpt lat="45.63332" lon="6.07419">
        <ele>1183</ele>
      </trkpt>
      <trkpt lat="45.63344" lon="6.07418">
        <ele>1185</ele>
      </trkpt>
      <trkpt lat="45.63355" lon="6.07412">
        <ele>1186</ele>
      </trkpt>
      <trkpt lat="45.63377" lon="6.07407">
        <ele>1187</ele>
      </trkpt>
      <trkpt lat="45.63386" lon="6.07403">
        <ele>1188</ele>
      </trkpt>
      <trkpt lat="45.63395" lon="6.07396">
        <ele>1189</ele>
      </trkpt>
      <trkpt lat="45.63402" lon="6.07384">
        <ele>1190</ele>
      </trkpt>
      <trkpt lat="45.63406" lon="6.07375">
        <ele>1192</ele>
      </trkpt>
      <trkpt lat="45.63408" lon="6.07368">
        <ele>1193</ele>
      </trkpt>
      <trkpt lat="45.6342" lon="6.07342">
        <ele>1195</ele>
      </trkpt>
      <trkpt lat="45.63425" lon="6.07326">
        <ele>1197</ele>
      </trkpt>
      <trkpt lat="45.63434" lon="6.07315">
        <ele>1199</ele>
      </trkpt>
      <trkpt lat="45.63452" lon="6.07311">
        <ele>1201</ele>
      </trkpt>
      <trkpt lat="45.6347" lon="6.07306">
        <ele>1203</ele>
      </trkpt>
      <trkpt lat="45.63488" lon="6.07302">
        <ele>1206</ele>
      </trkpt>
      <trkpt lat="45.63495" lon="6.07289">
        <ele>1208</ele>
      </trkpt>
      <trkpt lat="45.63494" lon="6.07275">
        <ele>1211</ele>
      </trkpt>
      <trkpt lat="45.63488" lon="6.07262">
        <ele>1214</ele>
      </trkpt>
      <trkpt lat="45.63469" lon="6.07253">
        <ele>1218</ele>
      </trkpt>
      <trkpt lat="45.63451" lon="6.07243">
        <ele>1221</ele>
      </trkpt>
      <trkpt lat="45.63433" lon="6.07233">
        <ele>1224</ele>
      </trkpt>
      <trkpt lat="45.63414" lon="6.07223">
        <ele>1227</ele>
      </trkpt>
      <trkpt lat="45.63398" lon="6.07217">
        <ele>1231</ele>
      </trkpt>
      <trkpt lat="45.63382" lon="6.07212">
        <ele>1234</ele>
      </trkpt>
      <trkpt lat="45.63371" lon="6.07206">
        <ele>1237</ele>
      </trkpt>
      <trkpt lat="45.63361" lon="6.072">
        <ele>1240</ele>
      </trkpt>
      <trkpt lat="45.63351" lon="6.07191">
        <ele>1244</ele>
      </trkpt>
      <trkpt lat="45.63335" lon="6.07173">
        <ele>1247</ele>
      </trkpt>
      <trkpt lat="45.6332" lon="6.07164">
        <ele>1250</ele>
      </trkpt>
      <trkpt lat="45.63317" lon="6.07153">
        <ele>1253</ele>
      </trkpt>
      <trkpt lat="45.63324" lon="6.07143">
        <ele>1256</ele>
      </trkpt>
      <trkpt lat="45.63333" lon="6.07134">
        <ele>1259</ele>
      </trkpt>
      <trkpt lat="45.63342" lon="6.07126">
        <ele>1263</ele>
      </trkpt>
      <trkpt lat="45.63349" lon="6.07114">
        <ele>1266</ele>
      </trkpt>
      <trkpt lat="45.63367" lon="6.07101">
        <ele>1270</ele>
      </trkpt>
      <trkpt lat="45.63381" lon="6.07085">
        <ele>1273</ele>
      </trkpt>
      <trkpt lat="45.63394" lon="6.07068">
        <ele>1277</ele>
      </trkpt>
      <trkpt lat="45.63408" lon="6.07047">
        <ele>1280</ele>
      </trkpt>
      <trkpt lat="45.63423" lon="6.07027">
        <ele>1284</ele>
      </trkpt>
      <trkpt lat="45.63429" lon="6.07009">
        <ele>1288</ele>
      </trkpt>
      <trkpt lat="45.63431" lon="6.06991">
        <ele>1291</ele>
      </trkpt>
      <trkpt lat="45.63431" lon="6.06979">
        <ele>1295</ele>
      </trkpt>
      <trkpt lat="45.63439" lon="6.06965">
        <ele>1298</ele>
      </trkpt>
      <trkpt lat="45.63454" lon="6.06961">
        <ele>1302</ele>
      </trkpt>
      <trkpt lat="45.6347" lon="6.0695">
        <ele>1305</ele>
      </trkpt>
      <trkpt lat="45.63479" lon="6.06939">
        <ele>1308</ele>
      </trkpt>
      <trkpt lat="45.63479" lon="6.06921">
        <ele>1311</ele>
      </trkpt>
      <trkpt lat="45.63473" lon="6.06905">
        <ele>1313</ele>
      </trkpt>
      <trkpt lat="45.63473" lon="6.06888">
        <ele>1316</ele>
      </trkpt>
      <trkpt lat="45.6347" lon="6.06877">
        <ele>1318</ele>
      </trkpt>
      <trkpt lat="45.63471" lon="6.06861">
        <ele>1320</ele>
      </trkpt>
      <trkpt lat="45.63476" lon="6.06851">
        <ele>1322</ele>
      </trkpt>
      <trkpt lat="45.63479" lon="6.0683">
        <ele>1324</ele>
      </trkpt>
      <trkpt lat="45.63485" lon="6.06801">
        <ele>1326</ele>
      </trkpt>
      <trkpt lat="45.63486" lon="6.06774">
        <ele>1328</ele>
      </trkpt>
      <trkpt lat="45.63484" lon="6.06747">
        <ele>1329</ele>
      </trkpt>
      <trkpt lat="45.63487" lon="6.06745">
        <ele>1331</ele>
      </trkpt>
      <trkpt lat="45.63488" lon="6.06739">
        <ele>1333</ele>
      </trkpt>
      <trkpt lat="45.6349" lon="6.06733">
        <ele>1334</ele>
      </trkpt>
      <trkpt lat="45.63481" lon="6.06734">
        <ele>1336</ele>
      </trkpt>
      <trkpt lat="45.63474" lon="6.06735">
        <ele>1337</ele>
      </trkpt>
      <trkpt lat="45.63468" lon="6.06733">
        <ele>1339</ele>
      </trkpt>
      <trkpt lat="45.63461" lon="6.06727">
        <ele>1341</ele>
      </trkpt>
      <trkpt lat="45.63453" lon="6.06719">
        <ele>1342</ele>
      </trkpt>
      <trkpt lat="45.63444" lon="6.06711">
        <ele>1344</ele>
      </trkpt>
      <trkpt lat="45.63435" lon="6.06707">
        <ele>1346</ele>
      </trkpt>
      <trkpt lat="45.63429" lon="6.06701">
        <ele>1347</ele>
      </trkpt>
      <trkpt lat="45.63418" lon="6.06695">
        <ele>1349</ele>
      </trkpt>
      <trkpt lat="45.63414" lon="6.06691">
        <ele>1351</ele>
      </trkpt>
      <trkpt lat="45.63406" lon="6.06688">
        <ele>1352</ele>
      </trkpt>
      <trkpt lat="45.63399" lon="6.06682">
        <ele>1354</ele>
      </trkpt>
      <trkpt lat="45.63394" lon="6.06679">
        <ele>1356</ele>
      </trkpt>
      <trkpt lat="45.63391" lon="6.06671">
        <ele>1357</ele>
      </trkpt>
      <trkpt lat="45.63384" lon="6.06664">
        <ele>1358</ele>
      </trkpt>
      <trkpt lat="45.63379" lon="6.06655">
        <ele>1360</ele>
      </trkpt>
      <trkpt lat="45.63374" lon="6.06649">
        <ele>1361</ele>
      </trkpt>
      <trkpt lat="45.6337" lon="6.06645">
        <ele>1362</ele>
      </trkpt>
      <trkpt lat="45.63362" lon="6.06644">
        <ele>1363</ele>
      </trkpt>
      <trkpt lat="45.63355" lon="6.06647">
        <ele>1364</ele>
      </trkpt>
      <trkpt lat="45.63346" lon="6.06651">
        <ele>1365</ele>
      </trkpt>
      <trkpt lat="45.63336" lon="6.06652">
        <ele>1366</ele>
      </trkpt>
      <trkpt lat="45.63329" lon="6.06657">
        <ele>1366</ele>
      </trkpt>
      <trkpt lat="45.63322" lon="6.06659">
        <ele>1367</ele>
      </trkpt>
      <trkpt lat="45.63314" lon="6.06654">
        <ele>1368</ele>
      </trkpt>
      <trkpt lat="45.6331" lon="6.06647">
        <ele>1369</ele>
      </trkpt>
      <trkpt lat="45.63306" lon="6.06645">
        <ele>1370</ele>
      </trkpt>
      <trkpt lat="45.633" lon="6.06642">
        <ele>1371</ele>
      </trkpt>
      <trkpt lat="45.63292" lon="6.0664">
        <ele>1371</ele>
      </trkpt>
      <trkpt lat="45.63285" lon="6.06639">
        <ele>1372</ele>
      </trkpt>
      <trkpt lat="45.63277" lon="6.06638">
        <ele>1373</ele>
      </trkpt>
      <trkpt lat="45.63271" lon="6.06637">
        <ele>1374</ele>
      </trkpt>
      <trkpt lat="45.63269" lon="6.06633">
        <ele>1375</ele>
      </trkpt>
      <trkpt lat="45.63269" lon="6.06625">
        <ele>1376</ele>
      </trkpt>
      <trkpt lat="45.63271" lon="6.06617">
        <ele>1376</ele>
      </trkpt>
      <trkpt lat="45.63274" lon="6.06608">
        <ele>1377</ele>
      </trkpt>
      <trkpt lat="45.63272" lon="6.06598">
        <ele>1378</ele>
      </trkpt>
      <trkpt lat="45.63273" lon="6.06586">
        <ele>1379</ele>
      </trkpt>
      <trkpt lat="45.63269" lon="6.06578">
        <ele>1380</ele>
      </trkpt>
      <trkpt lat="45.63257" lon="6.0658">
        <ele>1381</ele>
      </trkpt>
      <trkpt lat="45.63245" lon="6.06577">
        <ele>1382</ele>
      </trkpt>
      <trkpt lat="45.63235" lon="6.06572">
        <ele>1383</ele>
      </trkpt>
      <trkpt lat="45.63228" lon="6.06565">
        <ele>1383</ele>
      </trkpt>
      <trkpt lat="45.63226" lon="6.06557">
        <ele>1384</ele>
      </trkpt>
      <trkpt lat="45.63226" lon="6.06546">
        <ele>1385</ele>
      </trkpt>
      <trkpt lat="45.63227" lon="6.0654">
        <ele>1386</ele>
      </trkpt>
      <trkpt lat="45.63223" lon="6.06536">
        <ele>1387</ele>
      </trkpt>
      <trkpt lat="45.6322" lon="6.06534">
        <ele>1387</ele>
      </trkpt>
      <trkpt lat="45.63214" lon="6.06528">
        <ele>1388</ele>
      </trkpt>
      <trkpt lat="45.63209" lon="6.06525">
        <ele>1389</ele>
      </trkpt>
      <trkpt lat="45.63203" lon="6.06522">
        <ele>1390</ele>
      </trkpt>
      <trkpt lat="45.63196" lon="6.06517">
        <ele>1390</ele>
      </trkpt>
      <trkpt lat="45.63191" lon="6.06515">
        <ele>1391</ele>
      </trkpt>
      <trkpt lat="45.63187" lon="6.06516">
        <ele>1392</ele>
      </trkpt>
      <trkpt lat="45.63184" lon="6.06517">
        <ele>1393</ele>
      </trkpt>
      <trkpt lat="45.6318" lon="6.06516">
        <ele>1393</ele>
      </trkpt>
      <trkpt lat="45.63178" lon="6.0651">
        <ele>1394</ele>
      </trkpt>
      <trkpt lat="45.63178" lon="6.06502">
        <ele>1395</ele>
      </trkpt>
      <trkpt lat="45.63177" lon="6.06494">
        <ele>1396</ele>
      </trkpt>
      <trkpt lat="45.63178" lon="6.06486">
        <ele>1396</ele>
      </trkpt>
      <trkpt lat="45.63178" lon="6.06481">
        <ele>1397</ele>
      </trkpt>
      <trkpt lat="45.63181" lon="6.06477">
        <ele>1398</ele>
      </trkpt>
      <trkpt lat="45.63183" lon="6.06473">
        <ele>1399</ele>
      </trkpt>
      <trkpt lat="45.63183" lon="6.06467">
        <ele>1399</ele>
      </trkpt>
      <trkpt lat="45.63182" lon="6.06463">
        <ele>1400</ele>
      </trkpt>
      <trkpt lat="45.63178" lon="6.06459">
        <ele>1401</ele>
      </trkpt>
      <trkpt lat="45.63174" lon="6.06453">
        <ele>1402</ele>
      </trkpt>
      <trkpt lat="45.63165" lon="6.06446">
        <ele>1403</ele>
      </trkpt>
      <trkpt lat="45.63159" lon="6.06443">
        <ele>1403</ele>
      </trkpt>
      <trkpt lat="45.63148" lon="6.06438">
        <ele>1404</ele>
      </trkpt>
      <trkpt lat="45.63142" lon="6.06436">
        <ele>1405</ele>
      </trkpt>
      <trkpt lat="45.63138" lon="6.06436">
        <ele>1406</ele>
      </trkpt>
      <trkpt lat="45.63135" lon="6.06436">
        <ele>1406</ele>
      </trkpt>
      <trkpt lat="45.63133" lon="6.06433">
        <ele>1407</ele>
      </trkpt>
      <trkpt lat="45.63131" lon="6.0643">
        <ele>1408</ele>
      </trkpt>
      <trkpt lat="45.63126" lon="6.06424">
        <ele>1409</ele>
      </trkpt>
      <trkpt lat="45.63122" lon="6.06418">
        <ele>1410</ele>
      </trkpt>
      <trkpt lat="45.63116" lon="6.06411">
        <ele>1411</ele>
      </trkpt>
      <trkpt lat="45.63113" lon="6.06405">
        <ele>1412</ele>
      </trkpt>
      <trkpt lat="45.63111" lon="6.06399">
        <ele>1413</ele>
      </trkpt>
      <trkpt lat="45.63108" lon="6.06391">
        <ele>1414</ele>
      </trkpt>
      <trkpt lat="45.63106" lon="6.06381">
        <ele>1416</ele>
      </trkpt>
      <trkpt lat="45.63106" lon="6.06372">
        <ele>1417</ele>
      </trkpt>
      <trkpt lat="45.63105" lon="6.06367">
        <ele>1418</ele>
      </trkpt>
      <trkpt lat="45.63101" lon="6.06357">
        <ele>1419</ele>
      </trkpt>
      <trkpt lat="45.63099" lon="6.06352">
        <ele>1420</ele>
      </trkpt>
      <trkpt lat="45.63096" lon="6.06348">
        <ele>1421</ele>
      </trkpt>
      <trkpt lat="45.63095" lon="6.06342">
        <ele>1422</ele>
      </trkpt>
      <trkpt lat="45.63092" lon="6.06336">
        <ele>1423</ele>
      </trkpt>
      <trkpt lat="45.63088" lon="6.06329">
        <ele>1424</ele>
      </trkpt>
      <trkpt lat="45.63085" lon="6.06324">
        <ele>1425</ele>
      </trkpt>
      <trkpt lat="45.6308" lon="6.06319">
        <ele>1426</ele>
      </trkpt>
      <trkpt lat="45.63079" lon="6.06311">
        <ele>1427</ele>
      </trkpt>
      <trkpt lat="45.63078" lon="6.06304">
        <ele>1428</ele>
      </trkpt>
      <trkpt lat="45.63075" lon="6.06298">
        <ele>1429</ele>
      </trkpt>
      <trkpt lat="45.63073" lon="6.06291">
        <ele>1429</ele>
      </trkpt>
      <trkpt lat="45.63069" lon="6.06285">
        <ele>1430</ele>
      </trkpt>
      <trkpt lat="45.63067" lon="6.06281">
        <ele>1431</ele>
      </trkpt>
      <trkpt lat="45.63065" lon="6.06281">
        <ele>1432</ele>
      </trkpt>
      <trkpt lat="45.63058" lon="6.0628">
        <ele>1434</ele>
      </trkpt>
      <trkpt lat="45.63051" lon="6.06275">
        <ele>1435</ele>
      </trkpt>
      <trkpt lat="45.63045" lon="6.06271">
        <ele>1436</ele>
      </trkpt>
      <trkpt lat="45.63036" lon="6.06266">
        <ele>1437</ele>
      </trkpt>
      <trkpt lat="45.6303" lon="6.06261">
        <ele>1438</ele>
      </trkpt>
      <trkpt lat="45.63021" lon="6.06255">
        <ele>1439</ele>
      </trkpt>
      <trkpt lat="45.63021" lon="6.06255">
        <ele>1440</ele>
      </trkpt>
      <trkpt lat="45.63007" lon="6.06248">
        <ele>1442</ele>
      </trkpt>
      <trkpt lat="45.63004" lon="6.06246">
        <ele>1443</ele>
      </trkpt>
      <trkpt lat="45.62997" lon="6.06239">
        <ele>1444</ele>
      </trkpt>
      <trkpt lat="45.62994" lon="6.06233">
        <ele>1445</ele>
      </trkpt>
      <trkpt lat="45.62994" lon="6.06229">
        <ele>1446</ele>
      </trkpt>
      <trkpt lat="45.62994" lon="6.06226">
        <ele>1447</ele>
      </trkpt>
      <trkpt lat="45.62993" lon="6.06219">
        <ele>1449</ele>
      </trkpt>
      <trkpt lat="45.62991" lon="6.06215">
        <ele>1450</ele>
      </trkpt>
      <trkpt lat="45.62988" lon="6.06205">
        <ele>1451</ele>
      </trkpt>
      <trkpt lat="45.62989" lon="6.06196">
        <ele>1452</ele>
      </trkpt>
      <trkpt lat="45.6299" lon="6.06191">
        <ele>1452</ele>
      </trkpt>
      <trkpt lat="45.62992" lon="6.06185">
        <ele>1453</ele>
      </trkpt>
      <trkpt lat="45.62993" lon="6.06181">
        <ele>1454</ele>
      </trkpt>
      <trkpt lat="45.62992" lon="6.06178">
        <ele>1454</ele>
      </trkpt>
      <trkpt lat="45.6299" lon="6.06173">
        <ele>1455</ele>
      </trkpt>
      <trkpt lat="45.62986" lon="6.06172">
        <ele>1455</ele>
      </trkpt>
      <trkpt lat="45.62984" lon="6.06172">
        <ele>1456</ele>
      </trkpt>
      <trkpt lat="45.62981" lon="6.06177">
        <ele>1456</ele>
      </trkpt>
      <trkpt lat="45.62977" lon="6.06181">
        <ele>1456</ele>
      </trkpt>
      <trkpt lat="45.62974" lon="6.06182">
        <ele>1457</ele>
      </trkpt>
      <trkpt lat="45.62971" lon="6.06181">
        <ele>1457</ele>
      </trkpt>
      <trkpt lat="45.62969" lon="6.06178">
        <ele>1457</ele>
      </trkpt>
      <trkpt lat="45.62968" lon="6.06173">
        <ele>1458</ele>
      </trkpt>
      <trkpt lat="45.62964" lon="6.06171">
        <ele>1458</ele>
      </trkpt>
      <trkpt lat="45.6296" lon="6.06165">
        <ele>1459</ele>
      </trkpt>
      <trkpt lat="45.62955" lon="6.06159">
        <ele>1460</ele>
      </trkpt>
      <trkpt lat="45.62953" lon="6.06154">
        <ele>1461</ele>
      </trkpt>
      <trkpt lat="45.62951" lon="6.0615">
        <ele>1462</ele>
      </trkpt>
      <trkpt lat="45.62953" lon="6.06148">
        <ele>1463</ele>
      </trkpt>
      <trkpt lat="45.62955" lon="6.06146">
        <ele>1464</ele>
      </trkpt>
      <trkpt lat="45.62956" lon="6.0614">
        <ele>1465</ele>
      </trkpt>
      <trkpt lat="45.62958" lon="6.06131">
        <ele>1466</ele>
      </trkpt>
      <trkpt lat="45.6296" lon="6.06119">
        <ele>1467</ele>
      </trkpt>
      <trkpt lat="45.6296" lon="6.06103">
        <ele>1468</ele>
      </trkpt>
      <trkpt lat="45.6296" lon="6.06099">
        <ele>1469</ele>
      </trkpt>
      <trkpt lat="45.62958" lon="6.06094">
        <ele>1470</ele>
      </trkpt>
      <trkpt lat="45.62956" lon="6.06089">
        <ele>1471</ele>
      </trkpt>
      <trkpt lat="45.62954" lon="6.06084">
        <ele>1472</ele>
      </trkpt>
      <trkpt lat="45.62952" lon="6.0608">
        <ele>1473</ele>
      </trkpt>
      <trkpt lat="45.62949" lon="6.06075">
        <ele>1474</ele>
      </trkpt>
      <trkpt lat="45.62947" lon="6.06071">
        <ele>1475</ele>
      </trkpt>
      <trkpt lat="45.62946" lon="6.06066">
        <ele>1476</ele>
      </trkpt>
      <trkpt lat="45.62947" lon="6.06061">
        <ele>1477</ele>
      </trkpt>
      <trkpt lat="45.62947" lon="6.06055">
        <ele>1478</ele>
      </trkpt>
      <trkpt lat="45.62946" lon="6.0605">
        <ele>1478</ele>
      </trkpt>
      <trkpt lat="45.62945" lon="6.06044">
        <ele>1479</ele>
      </trkpt>
      <trkpt lat="45.62945" lon="6.06041">
        <ele>1480</ele>
      </trkpt>
      <trkpt lat="45.62946" lon="6.06036">
        <ele>1481</ele>
      </trkpt>
      <trkpt lat="45.62947" lon="6.06032">
        <ele>1482</ele>
      </trkpt>
      <trkpt lat="45.62949" lon="6.06027">
        <ele>1482</ele>
      </trkpt>
      <trkpt lat="45.62952" lon="6.06023">
        <ele>1483</ele>
      </trkpt>
      <trkpt lat="45.62954" lon="6.06016">
        <ele>1484</ele>
      </trkpt>
      <trkpt lat="45.62955" lon="6.06012">
        <ele>1484</ele>
      </trkpt>
      <trkpt lat="45.62957" lon="6.06008">
        <ele>1485</ele>
      </trkpt>
      <trkpt lat="45.62958" lon="6.06004">
        <ele>1486</ele>
      </trkpt>
      <trkpt lat="45.62958" lon="6.05997">
        <ele>1487</ele>
      </trkpt>
      <trkpt lat="45.62959" lon="6.05988">
        <ele>1488</ele>
      </trkpt>
      <trkpt lat="45.6296" lon="6.05979">
        <ele>1489</ele>
      </trkpt>
      <trkpt lat="45.6296" lon="6.05975">
        <ele>1490</ele>
      </trkpt>
      <trkpt lat="45.62961" lon="6.05969">
        <ele>1491</ele>
      </trkpt>
      <trkpt lat="45.62962" lon="6.05955">
        <ele>1492</ele>
      </trkpt>
      <trkpt lat="45.62962" lon="6.05945">
        <ele>1493</ele>
      </trkpt>
      <trkpt lat="45.62962" lon="6.05934">
        <ele>1494</ele>
      </trkpt>
      <trkpt lat="45.62963" lon="6.05915">
        <ele>1496</ele>
      </trkpt>
      <trkpt lat="45.62963" lon="6.05905">
        <ele>1497</ele>
      </trkpt>
      <trkpt lat="45.62964" lon="6.059">
        <ele>1498</ele>
      </trkpt>
      <trkpt lat="45.62966" lon="6.05898">
        <ele>1499</ele>
      </trkpt>
      <trkpt lat="45.62969" lon="6.05896">
        <ele>1500</ele>
      </trkpt>
      <trkpt lat="45.62972" lon="6.05895">
        <ele>1501</ele>
      </trkpt>
      <trkpt lat="45.62975" lon="6.05893">
        <ele>1502</ele>
      </trkpt>
      <trkpt lat="45.62977" lon="6.05885">
        <ele>1503</ele>
      </trkpt>
      <trkpt lat="45.62981" lon="6.05877">
        <ele>1503</ele>
      </trkpt>
      <trkpt lat="45.6298" lon="6.05871">
        <ele>1504</ele>
      </trkpt>
      <trkpt lat="45.6298" lon="6.05866">
        <ele>1505</ele>
      </trkpt>
      <trkpt lat="45.62981" lon="6.05862">
        <ele>1506</ele>
      </trkpt>
      <trkpt lat="45.62983" lon="6.05853">
        <ele>1507</ele>
      </trkpt>
      <trkpt lat="45.62983" lon="6.05847">
        <ele>1507</ele>
      </trkpt>
      <trkpt lat="45.62984" lon="6.05843">
        <ele>1508</ele>
      </trkpt>
      <trkpt lat="45.62985" lon="6.0584">
        <ele>1509</ele>
      </trkpt>
      <trkpt lat="45.62986" lon="6.05837">
        <ele>1510</ele>
      </trkpt>
      <trkpt lat="45.62987" lon="6.0583">
        <ele>1510</ele>
      </trkpt>
      <trkpt lat="45.62986" lon="6.05825">
        <ele>1511</ele>
      </trkpt>
      <trkpt lat="45.62987" lon="6.0582">
        <ele>1511</ele>
      </trkpt>
      <trkpt lat="45.62988" lon="6.05814">
        <ele>1512</ele>
      </trkpt>
      <trkpt lat="45.62989" lon="6.05809">
        <ele>1513</ele>
      </trkpt>
      <trkpt lat="45.62988" lon="6.05797">
        <ele>1513</ele>
      </trkpt>
      <trkpt lat="45.62989" lon="6.05793">
        <ele>1514</ele>
      </trkpt>
      <trkpt lat="45.62989" lon="6.05788">
        <ele>1514</ele>
      </trkpt>
      <trkpt lat="45.62988" lon="6.05785">
        <ele>1514</ele>
      </trkpt>
      <trkpt lat="45.62988" lon="6.05783">
        <ele>1515</ele>
      </trkpt>
      <trkpt lat="45.62989" lon="6.0578">
        <ele>1515</ele>
      </trkpt>
      <trkpt lat="45.6299" lon="6.05777">
        <ele>1516</ele>
      </trkpt>
      <trkpt lat="45.62991" lon="6.05774">
        <ele>1516</ele>
      </trkpt>
      <trkpt lat="45.62992" lon="6.05772">
        <ele>1516</ele>
      </trkpt>
      <trkpt lat="45.62992" lon="6.0577">
        <ele>1516</ele>
      </trkpt>
      <trkpt lat="45.62993" lon="6.05769">
        <ele>1517</ele>
      </trkpt>
      <trkpt lat="45.62993" lon="6.05766">
        <ele>1517</ele>
      </trkpt>
      <trkpt lat="45.62992" lon="6.05764">
        <ele>1518</ele>
      </trkpt>
      <trkpt lat="45.6299" lon="6.05762">
        <ele>1518</ele>
      </trkpt>
      <trkpt lat="45.62988" lon="6.05761">
        <ele>1518</ele>
      </trkpt>
      <trkpt lat="45.62985" lon="6.0576">
        <ele>1519</ele>
      </trkpt>
      <trkpt lat="45.6298" lon="6.05756">
        <ele>1520</ele>
      </trkpt>
      <trkpt lat="45.62975" lon="6.05754">
        <ele>1520</ele>
      </trkpt>
      <trkpt lat="45.62971" lon="6.05751">
        <ele>1521</ele>
      </trkpt>
      <trkpt lat="45.62966" lon="6.05748">
        <ele>1521</ele>
      </trkpt>
      <trkpt lat="45.62962" lon="6.05749">
        <ele>1522</ele>
      </trkpt>
      <trkpt lat="45.62955" lon="6.05748">
        <ele>1523</ele>
      </trkpt>
      <trkpt lat="45.62952" lon="6.05746">
        <ele>1524</ele>
      </trkpt>
      <trkpt lat="45.6295" lon="6.05742">
        <ele>1524</ele>
      </trkpt>
      <trkpt lat="45.62948" lon="6.05738">
        <ele>1525</ele>
      </trkpt>
      <trkpt lat="45.62943" lon="6.05734">
        <ele>1525</ele>
      </trkpt>
      <trkpt lat="45.62939" lon="6.05731">
        <ele>1526</ele>
      </trkpt>
      <trkpt lat="45.62936" lon="6.0573">
        <ele>1527</ele>
      </trkpt>
      <trkpt lat="45.62935" lon="6.05728">
        <ele>1527</ele>
      </trkpt>
      <trkpt lat="45.62934" lon="6.05725">
        <ele>1528</ele>
      </trkpt>
      <trkpt lat="45.62932" lon="6.05724">
        <ele>1528</ele>
      </trkpt>
      <trkpt lat="45.6293" lon="6.05724">
        <ele>1529</ele>
      </trkpt>
      <trkpt lat="45.62929" lon="6.05723">
        <ele>1529</ele>
      </trkpt>
      <trkpt lat="45.62926" lon="6.05723">
        <ele>1530</ele>
      </trkpt>
      <trkpt lat="45.62924" lon="6.05721">
        <ele>1530</ele>
      </trkpt>
      <trkpt lat="45.62922" lon="6.05715">
        <ele>1530</ele>
      </trkpt>
      <trkpt lat="45.6292" lon="6.05711">
        <ele>1531</ele>
      </trkpt>
      <trkpt lat="45.62919" lon="6.05708">
        <ele>1531</ele>
      </trkpt>
      <trkpt lat="45.62919" lon="6.05704">
        <ele>1532</ele>
      </trkpt>
      <trkpt lat="45.62917" lon="6.057">
        <ele>1532</ele>
      </trkpt>
      <trkpt lat="45.62915" lon="6.05695">
        <ele>1533</ele>
      </trkpt>
      <trkpt lat="45.62911" lon="6.05692">
        <ele>1533</ele>
      </trkpt>
      <trkpt lat="45.62907" lon="6.05689">
        <ele>1534</ele>
      </trkpt>
      <trkpt lat="45.62904" lon="6.05689">
        <ele>1534</ele>
      </trkpt>
      <trkpt lat="45.62901" lon="6.05689">
        <ele>1535</ele>
      </trkpt>
      <trkpt lat="45.62898" lon="6.05689">
        <ele>1535</ele>
      </trkpt>
      <trkpt lat="45.62893" lon="6.05685">
        <ele>1536</ele>
      </trkpt>
      <trkpt lat="45.6289" lon="6.05682">
        <ele>1536</ele>
      </trkpt>
      <trkpt lat="45.62887" lon="6.05679">
        <ele>1536</ele>
      </trkpt>
      <trkpt lat="45.62885" lon="6.05676">
        <ele>1537</ele>
      </trkpt>
      <trkpt lat="45.62883" lon="6.05672">
        <ele>1537</ele>
      </trkpt>
      <trkpt lat="45.62881" lon="6.05669">
        <ele>1538</ele>
      </trkpt>
      <trkpt lat="45.62879" lon="6.05668">
        <ele>1538</ele>
      </trkpt>
      <trkpt lat="45.62877" lon="6.05666">
        <ele>1538</ele>
      </trkpt>
      <trkpt lat="45.62874" lon="6.05662">
        <ele>1539</ele>
      </trkpt>
      <trkpt lat="45.6287" lon="6.05658">
        <ele>1539</ele>
      </trkpt>
      <trkpt lat="45.62866" lon="6.05651">
        <ele>1540</ele>
      </trkpt>
      <trkpt lat="45.62861" lon="6.05646">
        <ele>1540</ele>
      </trkpt>
      <trkpt lat="45.62858" lon="6.05642">
        <ele>1540</ele>
      </trkpt>
      <trkpt lat="45.62851" lon="6.05639">
        <ele>1541</ele>
      </trkpt>
      <trkpt lat="45.6285" lon="6.05638">
        <ele>1541</ele>
      </trkpt>
      <trkpt lat="45.62847" lon="6.05637">
        <ele>1541</ele>
      </trkpt>
      <trkpt lat="45.62844" lon="6.05636">
        <ele>1542</ele>
      </trkpt>
      <trkpt lat="45.62842" lon="6.05635">
        <ele>1542</ele>
      </trkpt>
      <trkpt lat="45.6284" lon="6.05633">
        <ele>1542</ele>
      </trkpt>
      <trkpt lat="45.62837" lon="6.05632">
        <ele>1542</ele>
      </trkpt>
      <trkpt lat="45.62834" lon="6.05633">
        <ele>1542</ele>
      </trkpt>
      <trkpt lat="45.62831" lon="6.0563">
        <ele>1543</ele>
      </trkpt>
      <trkpt lat="45.6283" lon="6.05627">
        <ele>1543</ele>
      </trkpt>
      <trkpt lat="45.62827" lon="6.05624">
        <ele>1543</ele>
      </trkpt>
      <trkpt lat="45.62824" lon="6.05621">
        <ele>1543</ele>
      </trkpt>
      <trkpt lat="45.6282" lon="6.05619">
        <ele>1543</ele>
      </trkpt>
      <trkpt lat="45.62817" lon="6.05618">
        <ele>1543</ele>
      </trkpt>
      <trkpt lat="45.62814" lon="6.05618">
        <ele>1543</ele>
      </trkpt>
      <trkpt lat="45.62809" lon="6.05617">
        <ele>1543</ele>
      </trkpt>
      <trkpt lat="45.62802" lon="6.05613">
        <ele>1544</ele>
      </trkpt>
      <trkpt lat="45.62799" lon="6.0561">
        <ele>1544</ele>
      </trkpt>
      <trkpt lat="45.62796" lon="6.05609">
        <ele>1544</ele>
      </trkpt>
      <trkpt lat="45.62794" lon="6.05609">
        <ele>1544</ele>
      </trkpt>
      <trkpt lat="45.62791" lon="6.05608">
        <ele>1544</ele>
      </trkpt>
      <trkpt lat="45.62788" lon="6.05607">
        <ele>1544</ele>
      </trkpt>
      <trkpt lat="45.62785" lon="6.05604">
        <ele>1544</ele>
      </trkpt>
      <trkpt lat="45.6278" lon="6.05602">
        <ele>1544</ele>
      </trkpt>
      <trkpt lat="45.62779" lon="6.056">
        <ele>1544</ele>
      </trkpt>
      <trkpt lat="45.62777" lon="6.05595">
        <ele>1544</ele>
      </trkpt>
      <trkpt lat="45.62778" lon="6.05592">
        <ele>1544</ele>
      </trkpt>
      <trkpt lat="45.62779" lon="6.05587">
        <ele>1544</ele>
      </trkpt>
      <trkpt lat="45.6278" lon="6.05584">
        <ele>1544</ele>
      </trkpt>
      <trkpt lat="45.6278" lon="6.0558">
        <ele>1544</ele>
      </trkpt>
      <trkpt lat="45.62781" lon="6.05573">
        <ele>1544</ele>
      </trkpt>
      <trkpt lat="45.62787" lon="6.05558">
        <ele>1544</ele>
      </trkpt>
      <trkpt lat="45.62788" lon="6.05555">
        <ele>1545</ele>
      </trkpt>
      <trkpt lat="45.62789" lon="6.05552">
        <ele>1545</ele>
      </trkpt>
      <trkpt lat="45.6279" lon="6.05549">
        <ele>1545</ele>
      </trkpt>
      <trkpt lat="45.62792" lon="6.05547">
        <ele>1545</ele>
      </trkpt>
      <trkpt lat="45.62795" lon="6.05545">
        <ele>1546</ele>
      </trkpt>
      <trkpt lat="45.62796" lon="6.05544">
        <ele>1546</ele>
      </trkpt>
      <trkpt lat="45.62798" lon="6.05541">
        <ele>1547</ele>
      </trkpt>
      <trkpt lat="45.62799" lon="6.05538">
        <ele>1547</ele>
      </trkpt>
      <trkpt lat="45.62798" lon="6.05535">
        <ele>1547</ele>
      </trkpt>
      <trkpt lat="45.62797" lon="6.05532">
        <ele>1548</ele>
      </trkpt>
      <trkpt lat="45.62795" lon="6.05527">
        <ele>1548</ele>
      </trkpt>
      <trkpt lat="45.62793" lon="6.05522">
        <ele>1549</ele>
      </trkpt>
      <trkpt lat="45.62792" lon="6.05517">
        <ele>1549</ele>
      </trkpt>
      <trkpt lat="45.62793" lon="6.05514">
        <ele>1550</ele>
      </trkpt>
      <trkpt lat="45.62793" lon="6.05511">
        <ele>1550</ele>
      </trkpt>
      <trkpt lat="45.62793" lon="6.05509">
        <ele>1551</ele>
      </trkpt>
      <trkpt lat="45.62793" lon="6.05507">
        <ele>1551</ele>
      </trkpt>
      <trkpt lat="45.62792" lon="6.05504">
        <ele>1552</ele>
      </trkpt>
      <trkpt lat="45.62791" lon="6.05501">
        <ele>1552</ele>
      </trkpt>
      <trkpt lat="45.62792" lon="6.05497">
        <ele>1553</ele>
      </trkpt>
      <trkpt lat="45.6279" lon="6.05493">
        <ele>1553</ele>
      </trkpt>
      <trkpt lat="45.6279" lon="6.05491">
        <ele>1554</ele>
      </trkpt>
      <trkpt lat="45.62789" lon="6.05489">
        <ele>1554</ele>
      </trkpt>
      <trkpt lat="45.62787" lon="6.05486">
        <ele>1555</ele>
      </trkpt>
      <trkpt lat="45.62785" lon="6.05483">
        <ele>1555</ele>
      </trkpt>
      <trkpt lat="45.62784" lon="6.0548">
        <ele>1556</ele>
      </trkpt>
      <trkpt lat="45.62783" lon="6.05477">
        <ele>1556</ele>
      </trkpt>
      <trkpt lat="45.62784" lon="6.05475">
        <ele>1557</ele>
      </trkpt>
      <trkpt lat="45.62784" lon="6.05472">
        <ele>1557</ele>
      </trkpt>
      <trkpt lat="45.62783" lon="6.0547">
        <ele>1558</ele>
      </trkpt>
      <trkpt lat="45.62781" lon="6.05465">
        <ele>1558</ele>
      </trkpt>
      <trkpt lat="45.62778" lon="6.05461">
        <ele>1559</ele>
      </trkpt>
      <trkpt lat="45.62776" lon="6.05457">
        <ele>1559</ele>
      </trkpt>
      <trkpt lat="45.62775" lon="6.05453">
        <ele>1560</ele>
      </trkpt>
      <trkpt lat="45.62773" lon="6.0545">
        <ele>1561</ele>
      </trkpt>
      <trkpt lat="45.62771" lon="6.05448">
        <ele>1561</ele>
      </trkpt>
      <trkpt lat="45.62769" lon="6.05442">
        <ele>1562</ele>
      </trkpt>
      <trkpt lat="45.62765" lon="6.05436">
        <ele>1562</ele>
      </trkpt>
      <trkpt lat="45.62762" lon="6.05431">
        <ele>1563</ele>
      </trkpt>
      <trkpt lat="45.62761" lon="6.0543">
        <ele>1563</ele>
      </trkpt>
      <trkpt lat="45.62758" lon="6.05428">
        <ele>1564</ele>
      </trkpt>
      <trkpt lat="45.62755" lon="6.05427">
        <ele>1564</ele>
      </trkpt>
      <trkpt lat="45.62752" lon="6.05425">
        <ele>1565</ele>
      </trkpt>
      <trkpt lat="45.62749" lon="6.05424">
        <ele>1565</ele>
      </trkpt>
      <trkpt lat="45.62744" lon="6.05421">
        <ele>1566</ele>
      </trkpt>
      <trkpt lat="45.62738" lon="6.05418">
        <ele>1567</ele>
      </trkpt>
      <trkpt lat="45.62734" lon="6.05416">
        <ele>1567</ele>
      </trkpt>
      <trkpt lat="45.6273" lon="6.05415">
        <ele>1568</ele>
      </trkpt>
      <trkpt lat="45.62726" lon="6.05415">
        <ele>1568</ele>
      </trkpt>
      <trkpt lat="45.62724" lon="6.05413">
        <ele>1569</ele>
      </trkpt>
      <trkpt lat="45.62721" lon="6.05411">
        <ele>1570</ele>
      </trkpt>
      <trkpt lat="45.62719" lon="6.05407">
        <ele>1570</ele>
      </trkpt>
      <trkpt lat="45.62716" lon="6.05401">
        <ele>1571</ele>
      </trkpt>
      <trkpt lat="45.62713" lon="6.05398">
        <ele>1571</ele>
      </trkpt>
      <trkpt lat="45.62712" lon="6.05397">
        <ele>1572</ele>
      </trkpt>
      <trkpt lat="45.6271" lon="6.05396">
        <ele>1573</ele>
      </trkpt>
      <trkpt lat="45.6271" lon="6.05391">
        <ele>1573</ele>
      </trkpt>
      <trkpt lat="45.6271" lon="6.05388">
        <ele>1574</ele>
      </trkpt>
      <trkpt lat="45.62711" lon="6.05384">
        <ele>1574</ele>
      </trkpt>
      <trkpt lat="45.62711" lon="6.05381">
        <ele>1575</ele>
      </trkpt>
      <trkpt lat="45.6271" lon="6.05379">
        <ele>1576</ele>
      </trkpt>
      <trkpt lat="45.6271" lon="6.05375">
        <ele>1576</ele>
      </trkpt>
      <trkpt lat="45.62709" lon="6.05372">
        <ele>1577</ele>
      </trkpt>
      <trkpt lat="45.62709" lon="6.05368">
        <ele>1577</ele>
      </trkpt>
      <trkpt lat="45.62707" lon="6.05364">
        <ele>1578</ele>
      </trkpt>
      <trkpt lat="45.62706" lon="6.05361">
        <ele>1578</ele>
      </trkpt>
      <trkpt lat="45.62704" lon="6.0536">
        <ele>1579</ele>
      </trkpt>
      <trkpt lat="45.62702" lon="6.05358">
        <ele>1579</ele>
      </trkpt>
      <trkpt lat="45.62699" lon="6.05358">
        <ele>1580</ele>
      </trkpt>
      <trkpt lat="45.62697" lon="6.05357">
        <ele>1580</ele>
      </trkpt>
      <trkpt lat="45.62696" lon="6.05354">
        <ele>1581</ele>
      </trkpt>
      <trkpt lat="45.62695" lon="6.05351">
        <ele>1581</ele>
      </trkpt>
      <trkpt lat="45.62694" lon="6.05349">
        <ele>1581</ele>
      </trkpt>
      <trkpt lat="45.62693" lon="6.05346">
        <ele>1582</ele>
      </trkpt>
      <trkpt lat="45.62692" lon="6.05345">
        <ele>1582</ele>
      </trkpt>
      <trkpt lat="45.6269" lon="6.05344">
        <ele>1583</ele>
      </trkpt>
      <trkpt lat="45.62689" lon="6.05345">
        <ele>1583</ele>
      </trkpt>
      <trkpt lat="45.62687" lon="6.05347">
        <ele>1583</ele>
      </trkpt>
      <trkpt lat="45.62686" lon="6.05349">
        <ele>1583</ele>
      </trkpt>
      <trkpt lat="45.62684" lon="6.05352">
        <ele>1584</ele>
      </trkpt>
      <trkpt lat="45.62681" lon="6.05353">
        <ele>1584</ele>
      </trkpt>
      <trkpt lat="45.62679" lon="6.05352">
        <ele>1584</ele>
      </trkpt>
      <trkpt lat="45.62678" lon="6.05352">
        <ele>1584</ele>
      </trkpt>
      <trkpt lat="45.62677" lon="6.0535">
        <ele>1584</ele>
      </trkpt>
      <trkpt lat="45.62677" lon="6.05348">
        <ele>1585</ele>
      </trkpt>
      <trkpt lat="45.62677" lon="6.05345">
        <ele>1585</ele>
      </trkpt>
      <trkpt lat="45.62677" lon="6.05342">
        <ele>1585</ele>
      </trkpt>
      <trkpt lat="45.62677" lon="6.0534">
        <ele>1586</ele>
      </trkpt>
      <trkpt lat="45.62677" lon="6.05338">
        <ele>1586</ele>
      </trkpt>
      <trkpt lat="45.62676" lon="6.05336">
        <ele>1586</ele>
      </trkpt>
      <trkpt lat="45.62674" lon="6.05336">
        <ele>1587</ele>
      </trkpt>
      <trkpt lat="45.62673" lon="6.05336">
        <ele>1587</ele>
      </trkpt>
      <trkpt lat="45.62669" lon="6.05336">
        <ele>1588</ele>
      </trkpt>
      <trkpt lat="45.62661" lon="6.05332">
        <ele>1588</ele>
      </trkpt>
      <trkpt lat="45.6266" lon="6.0533">
        <ele>1589</ele>
      </trkpt>
      <trkpt lat="45.62659" lon="6.05328">
        <ele>1589</ele>
      </trkpt>
      <trkpt lat="45.62659" lon="6.05326">
        <ele>1590</ele>
      </trkpt>
      <trkpt lat="45.62659" lon="6.05323">
        <ele>1590</ele>
      </trkpt>
      <trkpt lat="45.62658" lon="6.05321">
        <ele>1591</ele>
      </trkpt>
      <trkpt lat="45.62656" lon="6.05316">
        <ele>1591</ele>
      </trkpt>
      <trkpt lat="45.62656" lon="6.05312">
        <ele>1592</ele>
      </trkpt>
      <trkpt lat="45.62655" lon="6.0531">
        <ele>1592</ele>
      </trkpt>
      <trkpt lat="45.62655" lon="6.05307">
        <ele>1593</ele>
      </trkpt>
      <trkpt lat="45.62656" lon="6.05305">
        <ele>1593</ele>
      </trkpt>
      <trkpt lat="45.62656" lon="6.05303">
        <ele>1594</ele>
      </trkpt>
      <trkpt lat="45.62657" lon="6.05299">
        <ele>1594</ele>
      </trkpt>
      <trkpt lat="45.62658" lon="6.05295">
        <ele>1595</ele>
      </trkpt>
      <trkpt lat="45.6266" lon="6.05291">
        <ele>1595</ele>
      </trkpt>
      <trkpt lat="45.62663" lon="6.05288">
        <ele>1595</ele>
      </trkpt>
      <trkpt lat="45.62666" lon="6.05285">
        <ele>1596</ele>
      </trkpt>
      <trkpt lat="45.6267" lon="6.05278">
        <ele>1596</ele>
      </trkpt>
      <trkpt lat="45.62674" lon="6.05271">
        <ele>1597</ele>
      </trkpt>
      <trkpt lat="45.62678" lon="6.05267">
        <ele>1597</ele>
      </trkpt>
      <trkpt lat="45.62681" lon="6.05263">
        <ele>1597</ele>
      </trkpt>
      <trkpt lat="45.62684" lon="6.05258">
        <ele>1598</ele>
      </trkpt>
      <trkpt lat="45.62686" lon="6.05254">
        <ele>1598</ele>
      </trkpt>
      <trkpt lat="45.62689" lon="6.05252">
        <ele>1599</ele>
      </trkpt>
      <trkpt lat="45.62691" lon="6.05248">
        <ele>1599</ele>
      </trkpt>
      <trkpt lat="45.62695" lon="6.05245">
        <ele>1599</ele>
      </trkpt>
      <trkpt lat="45.62698" lon="6.0524">
        <ele>1600</ele>
      </trkpt>
      <trkpt lat="45.62701" lon="6.05236">
        <ele>1600</ele>
      </trkpt>
      <trkpt lat="45.62703" lon="6.05233">
        <ele>1601</ele>
      </trkpt>
      <trkpt lat="45.62706" lon="6.05228">
        <ele>1601</ele>
      </trkpt>
      <trkpt lat="45.62708" lon="6.05225">
        <ele>1601</ele>
      </trkpt>
      <trkpt lat="45.62711" lon="6.05223">
        <ele>1602</ele>
      </trkpt>
      <trkpt lat="45.62714" lon="6.0522">
        <ele>1602</ele>
      </trkpt>
      <trkpt lat="45.62715" lon="6.05217">
        <ele>1603</ele>
      </trkpt>
      <trkpt lat="45.62716" lon="6.05212">
        <ele>1603</ele>
      </trkpt>
      <trkpt lat="45.62717" lon="6.05206">
        <ele>1604</ele>
      </trkpt>
      <trkpt lat="45.62718" lon="6.05203">
        <ele>1605</ele>
      </trkpt>
      <trkpt lat="45.62721" lon="6.05201">
        <ele>1605</ele>
      </trkpt>
      <trkpt lat="45.62723" lon="6.05199">
        <ele>1606</ele>
      </trkpt>
      <trkpt lat="45.62726" lon="6.05196">
        <ele>1606</ele>
      </trkpt>
      <trkpt lat="45.62728" lon="6.05193">
        <ele>1607</ele>
      </trkpt>
      <trkpt lat="45.6273" lon="6.0519">
        <ele>1607</ele>
      </trkpt>
      <trkpt lat="45.62732" lon="6.05185">
        <ele>1608</ele>
      </trkpt>
      <trkpt lat="45.62734" lon="6.0518">
        <ele>1609</ele>
      </trkpt>
      <trkpt lat="45.62734" lon="6.05176">
        <ele>1609</ele>
      </trkpt>
      <trkpt lat="45.62734" lon="6.0517">
        <ele>1610</ele>
      </trkpt>
      <trkpt lat="45.62733" lon="6.05166">
        <ele>1610</ele>
      </trkpt>
      <trkpt lat="45.62733" lon="6.05162">
        <ele>1610</ele>
      </trkpt>
      <trkpt lat="45.62732" lon="6.05159">
        <ele>1611</ele>
      </trkpt>
      <trkpt lat="45.62731" lon="6.05156">
        <ele>1611</ele>
      </trkpt>
      <trkpt lat="45.62729" lon="6.05154">
        <ele>1612</ele>
      </trkpt>
      <trkpt lat="45.62728" lon="6.05153">
        <ele>1612</ele>
      </trkpt>
      <trkpt lat="45.62727" lon="6.05151">
        <ele>1612</ele>
      </trkpt>
      <trkpt lat="45.62727" lon="6.05149">
        <ele>1612</ele>
      </trkpt>
      <trkpt lat="45.62726" lon="6.05145">
        <ele>1613</ele>
      </trkpt>
      <trkpt lat="45.62726" lon="6.05142">
        <ele>1613</ele>
      </trkpt>
      <trkpt lat="45.62726" lon="6.0514">
        <ele>1613</ele>
      </trkpt>
      <trkpt lat="45.62726" lon="6.05138">
        <ele>1613</ele>
      </trkpt>
      <trkpt lat="45.62728" lon="6.05136">
        <ele>1613</ele>
      </trkpt>
      <trkpt lat="45.62728" lon="6.05133">
        <ele>1614</ele>
      </trkpt>
      <trkpt lat="45.62727" lon="6.05129">
        <ele>1614</ele>
      </trkpt>
      <trkpt lat="45.62726" lon="6.05125">
        <ele>1614</ele>
      </trkpt>
      <trkpt lat="45.62725" lon="6.05122">
        <ele>1614</ele>
      </trkpt>
      <trkpt lat="45.62724" lon="6.05118">
        <ele>1615</ele>
      </trkpt>
      <trkpt lat="45.62724" lon="6.05115">
        <ele>1615</ele>
      </trkpt>
      <trkpt lat="45.62724" lon="6.05112">
        <ele>1615</ele>
      </trkpt>
      <trkpt lat="45.62726" lon="6.05107">
        <ele>1616</ele>
      </trkpt>
      <trkpt lat="45.62727" lon="6.05102">
        <ele>1616</ele>
      </trkpt>
      <trkpt lat="45.62728" lon="6.05099">
        <ele>1617</ele>
      </trkpt>
      <trkpt lat="45.62729" lon="6.05094">
        <ele>1617</ele>
      </trkpt>
      <trkpt lat="45.6273" lon="6.05091">
        <ele>1618</ele>
      </trkpt>
      <trkpt lat="45.6273" lon="6.05088">
        <ele>1618</ele>
      </trkpt>
      <trkpt lat="45.6273" lon="6.05084">
        <ele>1619</ele>
      </trkpt>
      <trkpt lat="45.62732" lon="6.05077">
        <ele>1619</ele>
      </trkpt>
      <trkpt lat="45.62734" lon="6.05072">
        <ele>1620</ele>
      </trkpt>
      <trkpt lat="45.62736" lon="6.05068">
        <ele>1621</ele>
      </trkpt>
      <trkpt lat="45.62738" lon="6.05061">
        <ele>1621</ele>
      </trkpt>
      <trkpt lat="45.62739" lon="6.05056">
        <ele>1622</ele>
      </trkpt>
      <trkpt lat="45.6274" lon="6.0505">
        <ele>1622</ele>
      </trkpt>
      <trkpt lat="45.62742" lon="6.05041">
        <ele>1623</ele>
      </trkpt>
      <trkpt lat="45.62742" lon="6.05037">
        <ele>1624</ele>
      </trkpt>
      <trkpt lat="45.62742" lon="6.05033">
        <ele>1624</ele>
      </trkpt>
      <trkpt lat="45.62741" lon="6.0503">
        <ele>1625</ele>
      </trkpt>
      <trkpt lat="45.6274" lon="6.05027">
        <ele>1625</ele>
      </trkpt>
      <trkpt lat="45.6274" lon="6.05025">
        <ele>1626</ele>
      </trkpt>
      <trkpt lat="45.62741" lon="6.05023">
        <ele>1626</ele>
      </trkpt>
      <trkpt lat="45.62742" lon="6.05021">
        <ele>1626</ele>
      </trkpt>
      <trkpt lat="45.62744" lon="6.05021">
        <ele>1627</ele>
      </trkpt>
      <trkpt lat="45.62746" lon="6.05019">
        <ele>1627</ele>
      </trkpt>
      <trkpt lat="45.62749" lon="6.05016">
        <ele>1628</ele>
      </trkpt>
      <trkpt lat="45.62751" lon="6.05014">
        <ele>1628</ele>
      </trkpt>
      <trkpt lat="45.62752" lon="6.05012">
        <ele>1628</ele>
      </trkpt>
      <trkpt lat="45.62753" lon="6.05009">
        <ele>1629</ele>
      </trkpt>
      <trkpt lat="45.62753" lon="6.05005">
        <ele>1629</ele>
      </trkpt>
      <trkpt lat="45.62754" lon="6.05004">
        <ele>1630</ele>
      </trkpt>
      <trkpt lat="45.62755" lon="6.05002">
        <ele>1630</ele>
      </trkpt>
      <trkpt lat="45.62755" lon="6.04999">
        <ele>1630</ele>
      </trkpt>
      <trkpt lat="45.62755" lon="6.04996">
        <ele>1631</ele>
      </trkpt>
      <trkpt lat="45.62755" lon="6.04993">
        <ele>1631</ele>
      </trkpt>
      <trkpt lat="45.62756" lon="6.0499">
        <ele>1632</ele>
      </trkpt>
      <trkpt lat="45.62761" lon="6.04978">
        <ele>1632</ele>
      </trkpt>
      <trkpt lat="45.62763" lon="6.04973">
        <ele>1633</ele>
      </trkpt>
      <trkpt lat="45.62763" lon="6.04968">
        <ele>1633</ele>
      </trkpt>
      <trkpt lat="45.62765" lon="6.04966">
        <ele>1634</ele>
      </trkpt>
      <trkpt lat="45.62766" lon="6.04964">
        <ele>1635</ele>
      </trkpt>
      <trkpt lat="45.62768" lon="6.0496">
        <ele>1635</ele>
      </trkpt>
      <trkpt lat="45.62768" lon="6.04957">
        <ele>1636</ele>
      </trkpt>
      <trkpt lat="45.62768" lon="6.04954">
        <ele>1636</ele>
      </trkpt>
      <trkpt lat="45.62769" lon="6.04952">
        <ele>1636</ele>
      </trkpt>
      <trkpt lat="45.6277" lon="6.0495">
        <ele>1637</ele>
      </trkpt>
      <trkpt lat="45.62771" lon="6.04948">
        <ele>1637</ele>
      </trkpt>
      <trkpt lat="45.62773" lon="6.04946">
        <ele>1638</ele>
      </trkpt>
      <trkpt lat="45.62775" lon="6.04945">
        <ele>1638</ele>
      </trkpt>
      <trkpt lat="45.62776" lon="6.04943">
        <ele>1638</ele>
      </trkpt>
      <trkpt lat="45.62778" lon="6.04943">
        <ele>1639</ele>
      </trkpt>
      <trkpt lat="45.6278" lon="6.04941">
        <ele>1639</ele>
      </trkpt>
      <trkpt lat="45.62781" lon="6.0494">
        <ele>1640</ele>
      </trkpt>
      <trkpt lat="45.62782" lon="6.04938">
        <ele>1640</ele>
      </trkpt>
      <trkpt lat="45.62782" lon="6.04936">
        <ele>1641</ele>
      </trkpt>
      <trkpt lat="45.62781" lon="6.04934">
        <ele>1641</ele>
      </trkpt>
      <trkpt lat="45.62781" lon="6.0493">
        <ele>1641</ele>
      </trkpt>
      <trkpt lat="45.62781" lon="6.04925">
        <ele>1642</ele>
      </trkpt>
      <trkpt lat="45.62781" lon="6.04921">
        <ele>1642</ele>
      </trkpt>
      <trkpt lat="45.6278" lon="6.0492">
        <ele>1643</ele>
      </trkpt>
      <trkpt lat="45.62779" lon="6.04917">
        <ele>1643</ele>
      </trkpt>
      <trkpt lat="45.62778" lon="6.04913">
        <ele>1643</ele>
      </trkpt>
      <trkpt lat="45.62777" lon="6.04908">
        <ele>1643</ele>
      </trkpt>
      <trkpt lat="45.62777" lon="6.04905">
        <ele>1644</ele>
      </trkpt>
      <trkpt lat="45.62776" lon="6.04901">
        <ele>1644</ele>
      </trkpt>
      <trkpt lat="45.62776" lon="6.04896">
        <ele>1644</ele>
      </trkpt>
      <trkpt lat="45.62776" lon="6.04893">
        <ele>1644</ele>
      </trkpt>
      <trkpt lat="45.62775" lon="6.04891">
        <ele>1645</ele>
      </trkpt>
      <trkpt lat="45.62772" lon="6.04888">
        <ele>1645</ele>
      </trkpt>
      <trkpt lat="45.62769" lon="6.04886">
        <ele>1645</ele>
      </trkpt>
      <trkpt lat="45.62766" lon="6.04884">
        <ele>1645</ele>
      </trkpt>
      <trkpt lat="45.62763" lon="6.04884">
        <ele>1646</ele>
      </trkpt>
      <trkpt lat="45.62761" lon="6.04882">
        <ele>1646</ele>
      </trkpt>
      <trkpt lat="45.62756" lon="6.04881">
        <ele>1646</ele>
      </trkpt>
      <trkpt lat="45.62753" lon="6.04879">
        <ele>1646</ele>
      </trkpt>
      <trkpt lat="45.6275" lon="6.04875">
        <ele>1647</ele>
      </trkpt>
      <trkpt lat="45.62748" lon="6.04871">
        <ele>1647</ele>
      </trkpt>
      <trkpt lat="45.62747" lon="6.04867">
        <ele>1647</ele>
      </trkpt>
      <trkpt lat="45.62744" lon="6.04862">
        <ele>1648</ele>
      </trkpt>
      <trkpt lat="45.62741" lon="6.04856">
        <ele>1648</ele>
      </trkpt>
      <trkpt lat="45.62739" lon="6.04852">
        <ele>1649</ele>
      </trkpt>
      <trkpt lat="45.62737" lon="6.0485">
        <ele>1649</ele>
      </trkpt>
      <trkpt lat="45.62736" lon="6.04848">
        <ele>1649</ele>
      </trkpt>
      <trkpt lat="45.62733" lon="6.04845">
        <ele>1650</ele>
      </trkpt>
      <trkpt lat="45.62732" lon="6.04841">
        <ele>1650</ele>
      </trkpt>
      <trkpt lat="45.6273" lon="6.04839">
        <ele>1651</ele>
      </trkpt>
      <trkpt lat="45.62727" lon="6.04836">
        <ele>1651</ele>
      </trkpt>
      <trkpt lat="45.62721" lon="6.04824">
        <ele>1652</ele>
      </trkpt>
      <trkpt lat="45.62718" lon="6.04819">
        <ele>1652</ele>
      </trkpt>
      <trkpt lat="45.62718" lon="6.04815">
        <ele>1653</ele>
      </trkpt>
      <trkpt lat="45.62715" lon="6.04811">
        <ele>1653</ele>
      </trkpt>
      <trkpt lat="45.62712" lon="6.04808">
        <ele>1654</ele>
      </trkpt>
      <trkpt lat="45.6271" lon="6.04804">
        <ele>1654</ele>
      </trkpt>
      <trkpt lat="45.62709" lon="6.048">
        <ele>1655</ele>
      </trkpt>
      <trkpt lat="45.62707" lon="6.04795">
        <ele>1655</ele>
      </trkpt>
      <trkpt lat="45.62706" lon="6.04791">
        <ele>1656</ele>
      </trkpt>
      <trkpt lat="45.62706" lon="6.04787">
        <ele>1656</ele>
      </trkpt>
      <trkpt lat="45.62705" lon="6.04785">
        <ele>1656</ele>
      </trkpt>
      <trkpt lat="45.62704" lon="6.04782">
        <ele>1656</ele>
      </trkpt>
      <trkpt lat="45.62701" lon="6.0478">
        <ele>1657</ele>
      </trkpt>
      <trkpt lat="45.62701" lon="6.04778">
        <ele>1657</ele>
      </trkpt>
      <trkpt lat="45.627" lon="6.04775">
        <ele>1657</ele>
      </trkpt>
      <trkpt lat="45.627" lon="6.04773">
        <ele>1657</ele>
      </trkpt>
      <trkpt lat="45.627" lon="6.0477">
        <ele>1657</ele>
      </trkpt>
      <trkpt lat="45.62701" lon="6.04766">
        <ele>1656</ele>
      </trkpt>
      <trkpt lat="45.62701" lon="6.04761">
        <ele>1656</ele>
      </trkpt>
      <trkpt lat="45.62702" lon="6.04754">
        <ele>1655</ele>
      </trkpt>
      <trkpt lat="45.62702" lon="6.04749">
        <ele>1654</ele>
      </trkpt>
      <trkpt lat="45.62685" lon="6.04763">
        <ele>1654</ele>
      </trkpt>
      <trkpt lat="45.62674" lon="6.04769">
        <ele>1653</ele>
      </trkpt>
      <trkpt lat="45.62663" lon="6.04775">
        <ele>1652</ele>
      </trkpt>
      <trkpt lat="45.62649" lon="6.04781">
        <ele>1651</ele>
      </trkpt>
      <trkpt lat="45.62638" lon="6.04785">
        <ele>1650</ele>
      </trkpt>
      <trkpt lat="45.62626" lon="6.04793">
        <ele>1649</ele>
      </trkpt>
      <trkpt lat="45.62614" lon="6.04803">
        <ele>1648</ele>
      </trkpt>
      <trkpt lat="45.62603" lon="6.04812">
        <ele>1647</ele>
      </trkpt>
      <trkpt lat="45.62597" lon="6.04819">
        <ele>1646</ele>
      </trkpt>
      <trkpt lat="45.6259" lon="6.04827">
        <ele>1645</ele>
      </trkpt>
      <trkpt lat="45.62584" lon="6.04836">
        <ele>1644</ele>
      </trkpt>
      <trkpt lat="45.62574" lon="6.04854">
        <ele>1642</ele>
      </trkpt>
      <trkpt lat="45.62565" lon="6.04871">
        <ele>1641</ele>
      </trkpt>
      <trkpt lat="45.62555" lon="6.04889">
        <ele>1640</ele>
      </trkpt>
      <trkpt lat="45.62545" lon="6.04904">
        <ele>1639</ele>
      </trkpt>
      <trkpt lat="45.62536" lon="6.04919">
        <ele>1638</ele>
      </trkpt>
      <trkpt lat="45.62525" lon="6.04934">
        <ele>1637</ele>
      </trkpt>
      <trkpt lat="45.62515" lon="6.0495">
        <ele>1636</ele>
      </trkpt>
      <trkpt lat="45.62507" lon="6.0496">
        <ele>1635</ele>
      </trkpt>
      <trkpt lat="45.62502" lon="6.04968">
        <ele>1634</ele>
      </trkpt>
      <trkpt lat="45.62499" lon="6.04975">
        <ele>1633</ele>
      </trkpt>
      <trkpt lat="45.62499" lon="6.04975">
        <ele>1632</ele>
      </trkpt>
      <trkpt lat="45.6249" lon="6.04989">
        <ele>1632</ele>
      </trkpt>
      <trkpt lat="45.62482" lon="6.05003">
        <ele>1631</ele>
      </trkpt>
      <trkpt lat="45.62467" lon="6.05019">
        <ele>1629</ele>
      </trkpt>
      <trkpt lat="45.62461" lon="6.05029">
        <ele>1627</ele>
      </trkpt>
      <trkpt lat="45.62452" lon="6.05044">
        <ele>1626</ele>
      </trkpt>
      <trkpt lat="45.62443" lon="6.05059">
        <ele>1623</ele>
      </trkpt>
      <trkpt lat="45.62434" lon="6.05078">
        <ele>1621</ele>
      </trkpt>
      <trkpt lat="45.62423" lon="6.05084">
        <ele>1619</ele>
      </trkpt>
      <trkpt lat="45.62412" lon="6.0509">
        <ele>1617</ele>
      </trkpt>
      <trkpt lat="45.62401" lon="6.05096">
        <ele>1614</ele>
      </trkpt>
      <trkpt lat="45.62393" lon="6.05098">
        <ele>1612</ele>
      </trkpt>
      <trkpt lat="45.62386" lon="6.05098">
        <ele>1609</ele>
      </trkpt>
      <trkpt lat="45.62375" lon="6.05096">
        <ele>1606</ele>
      </trkpt>
      <trkpt lat="45.62356" lon="6.05094">
        <ele>1605</ele>
      </trkpt>
      <trkpt lat="45.62345" lon="6.05094">
        <ele>1603</ele>
      </trkpt>
      <trkpt lat="45.62341" lon="6.05094">
        <ele>1602</ele>
      </trkpt>
      <trkpt lat="45.62337" lon="6.05094">
        <ele>1600</ele>
      </trkpt>
      <trkpt lat="45.62335" lon="6.05096">
        <ele>1599</ele>
      </trkpt>
      <trkpt lat="45.62334" lon="6.05099">
        <ele>1598</ele>
      </trkpt>
      <trkpt lat="45.62333" lon="6.05101">
        <ele>1596</ele>
      </trkpt>
      <trkpt lat="45.62332" lon="6.05105">
        <ele>1595</ele>
      </trkpt>
      <trkpt lat="45.62332" lon="6.0511">
        <ele>1595</ele>
      </trkpt>
      <trkpt lat="45.62333" lon="6.05117">
        <ele>1594</ele>
      </trkpt>
      <trkpt lat="45.62336" lon="6.05127">
        <ele>1593</ele>
      </trkpt>
      <trkpt lat="45.62344" lon="6.05153">
        <ele>1592</ele>
      </trkpt>
      <trkpt lat="45.62345" lon="6.05158">
        <ele>1592</ele>
      </trkpt>
      <trkpt lat="45.62346" lon="6.05161">
        <ele>1591</ele>
      </trkpt>
      <trkpt lat="45.62346" lon="6.05164">
        <ele>1590</ele>
      </trkpt>
      <trkpt lat="45.62345" lon="6.0517">
        <ele>1589</ele>
      </trkpt>
      <trkpt lat="45.62344" lon="6.05181">
        <ele>1588</ele>
      </trkpt>
      <trkpt lat="45.62343" lon="6.05187">
        <ele>1587</ele>
      </trkpt>
      <trkpt lat="45.62343" lon="6.05194">
        <ele>1586</ele>
      </trkpt>
      <trkpt lat="45.62343" lon="6.05199">
        <ele>1585</ele>
      </trkpt>
      <trkpt lat="45.62344" lon="6.05204">
        <ele>1584</ele>
      </trkpt>
      <trkpt lat="45.62343" lon="6.05208">
        <ele>1583</ele>
      </trkpt>
      <trkpt lat="45.6234" lon="6.0522">
        <ele>1582</ele>
      </trkpt>
      <trkpt lat="45.62334" lon="6.05247">
        <ele>1581</ele>
      </trkpt>
      <trkpt lat="45.62329" lon="6.0527">
        <ele>1580</ele>
      </trkpt>
      <trkpt lat="45.62326" lon="6.05281">
        <ele>1578</ele>
      </trkpt>
      <trkpt lat="45.62324" lon="6.05285">
        <ele>1577</ele>
      </trkpt>
      <trkpt lat="45.62322" lon="6.0529">
        <ele>1576</ele>
      </trkpt>
      <trkpt lat="45.62321" lon="6.05294">
        <ele>1574</ele>
      </trkpt>
      <trkpt lat="45.62319" lon="6.05299">
        <ele>1573</ele>
      </trkpt>
      <trkpt lat="45.62317" lon="6.05314">
        <ele>1572</ele>
      </trkpt>
      <trkpt lat="45.62316" lon="6.05318">
        <ele>1571</ele>
      </trkpt>
      <trkpt lat="45.62313" lon="6.05324">
        <ele>1569</ele>
      </trkpt>
      <trkpt lat="45.62304" lon="6.05345">
        <ele>1568</ele>
      </trkpt>
      <trkpt lat="45.62294" lon="6.05366">
        <ele>1567</ele>
      </trkpt>
      <trkpt lat="45.62288" lon="6.05377">
        <ele>1566</ele>
      </trkpt>
      <trkpt lat="45.62286" lon="6.05383">
        <ele>1564</ele>
      </trkpt>
      <trkpt lat="45.62286" lon="6.05387">
        <ele>1563</ele>
      </trkpt>
      <trkpt lat="45.62286" lon="6.05391">
        <ele>1562</ele>
      </trkpt>
      <trkpt lat="45.62286" lon="6.05394">
        <ele>1561</ele>
      </trkpt>
      <trkpt lat="45.62285" lon="6.05396">
        <ele>1561</ele>
      </trkpt>
      <trkpt lat="45.62284" lon="6.05398">
        <ele>1560</ele>
      </trkpt>
      <trkpt lat="45.62282" lon="6.054">
        <ele>1559</ele>
      </trkpt>
      <trkpt lat="45.6228" lon="6.05401">
        <ele>1558</ele>
      </trkpt>
      <trkpt lat="45.62277" lon="6.05402">
        <ele>1557</ele>
      </trkpt>
      <trkpt lat="45.62275" lon="6.05402">
        <ele>1557</ele>
      </trkpt>
      <trkpt lat="45.62273" lon="6.05404">
        <ele>1556</ele>
      </trkpt>
      <trkpt lat="45.62272" lon="6.05407">
        <ele>1556</ele>
      </trkpt>
      <trkpt lat="45.62271" lon="6.05411">
        <ele>1555</ele>
      </trkpt>
      <trkpt lat="45.6227" lon="6.05417">
        <ele>1554</ele>
      </trkpt>
      <trkpt lat="45.62268" lon="6.05422">
        <ele>1554</ele>
      </trkpt>
      <trkpt lat="45.62267" lon="6.05426">
        <ele>1553</ele>
      </trkpt>
      <trkpt lat="45.62265" lon="6.05428">
        <ele>1552</ele>
      </trkpt>
      <trkpt lat="45.62263" lon="6.05428">
        <ele>1551</ele>
      </trkpt>
      <trkpt lat="45.62261" lon="6.05428">
        <ele>1551</ele>
      </trkpt>
      <trkpt lat="45.6226" lon="6.05428">
        <ele>1550</ele>
      </trkpt>
      <trkpt lat="45.62258" lon="6.05427">
        <ele>1549</ele>
      </trkpt>
      <trkpt lat="45.62257" lon="6.05424">
        <ele>1549</ele>
      </trkpt>
      <trkpt lat="45.62256" lon="6.05421">
        <ele>1548</ele>
      </trkpt>
      <trkpt lat="45.62255" lon="6.05418">
        <ele>1547</ele>
      </trkpt>
      <trkpt lat="45.62253" lon="6.05418">
        <ele>1547</ele>
      </trkpt>
      <trkpt lat="45.62252" lon="6.05419">
        <ele>1546</ele>
      </trkpt>
      <trkpt lat="45.62251" lon="6.05418">
        <ele>1546</ele>
      </trkpt>
      <trkpt lat="45.62251" lon="6.05416">
        <ele>1546</ele>
      </trkpt>
      <trkpt lat="45.62252" lon="6.05413">
        <ele>1545</ele>
      </trkpt>
      <trkpt lat="45.62251" lon="6.0541">
        <ele>1545</ele>
      </trkpt>
      <trkpt lat="45.62249" lon="6.05407">
        <ele>1544</ele>
      </trkpt>
      <trkpt lat="45.62248" lon="6.05405">
        <ele>1544</ele>
      </trkpt>
      <trkpt lat="45.62247" lon="6.05404">
        <ele>1544</ele>
      </trkpt>
      <trkpt lat="45.62245" lon="6.054">
        <ele>1543</ele>
      </trkpt>
      <trkpt lat="45.62245" lon="6.05397">
        <ele>1543</ele>
      </trkpt>
      <trkpt lat="45.62244" lon="6.05391">
        <ele>1542</ele>
      </trkpt>
      <trkpt lat="45.62243" lon="6.05387">
        <ele>1541</ele>
      </trkpt>
      <trkpt lat="45.62241" lon="6.05385">
        <ele>1541</ele>
      </trkpt>
      <trkpt lat="45.62239" lon="6.05385">
        <ele>1540</ele>
      </trkpt>
      <trkpt lat="45.62239" lon="6.05383">
        <ele>1539</ele>
      </trkpt>
      <trkpt lat="45.62239" lon="6.05381">
        <ele>1539</ele>
      </trkpt>
      <trkpt lat="45.62239" lon="6.05379">
        <ele>1538</ele>
      </trkpt>
      <trkpt lat="45.62237" lon="6.05376">
        <ele>1537</ele>
      </trkpt>
      <trkpt lat="45.62234" lon="6.05375">
        <ele>1536</ele>
      </trkpt>
      <trkpt lat="45.62229" lon="6.05373">
        <ele>1535</ele>
      </trkpt>
      <trkpt lat="45.62225" lon="6.0537">
        <ele>1534</ele>
      </trkpt>
      <trkpt lat="45.62223" lon="6.05365">
        <ele>1533</ele>
      </trkpt>
      <trkpt lat="45.62221" lon="6.05363">
        <ele>1532</ele>
      </trkpt>
      <trkpt lat="45.62219" lon="6.05361">
        <ele>1531</ele>
      </trkpt>
      <trkpt lat="45.62219" lon="6.0536">
        <ele>1531</ele>
      </trkpt>
      <trkpt lat="45.62219" lon="6.05356">
        <ele>1530</ele>
      </trkpt>
      <trkpt lat="45.62218" lon="6.05355">
        <ele>1529</ele>
      </trkpt>
      <trkpt lat="45.62217" lon="6.05355">
        <ele>1528</ele>
      </trkpt>
      <trkpt lat="45.62214" lon="6.05355">
        <ele>1527</ele>
      </trkpt>
      <trkpt lat="45.62213" lon="6.05355">
        <ele>1526</ele>
      </trkpt>
      <trkpt lat="45.62212" lon="6.05352">
        <ele>1526</ele>
      </trkpt>
      <trkpt lat="45.62212" lon="6.05348">
        <ele>1525</ele>
      </trkpt>
      <trkpt lat="45.6221" lon="6.05345">
        <ele>1524</ele>
      </trkpt>
      <trkpt lat="45.62207" lon="6.05339">
        <ele>1523</ele>
      </trkpt>
      <trkpt lat="45.622" lon="6.05331">
        <ele>1522</ele>
      </trkpt>
      <trkpt lat="45.62191" lon="6.05323">
        <ele>1522</ele>
      </trkpt>
      <trkpt lat="45.62185" lon="6.05321">
        <ele>1521</ele>
      </trkpt>
      <trkpt lat="45.6218" lon="6.05319">
        <ele>1520</ele>
      </trkpt>
      <trkpt lat="45.62173" lon="6.05311">
        <ele>1520</ele>
      </trkpt>
      <trkpt lat="45.62165" lon="6.05309">
        <ele>1519</ele>
      </trkpt>
      <trkpt lat="45.62159" lon="6.05306">
        <ele>1519</ele>
      </trkpt>
      <trkpt lat="45.62153" lon="6.05299">
        <ele>1518</ele>
      </trkpt>
      <trkpt lat="45.62148" lon="6.05295">
        <ele>1518</ele>
      </trkpt>
      <trkpt lat="45.62145" lon="6.05292">
        <ele>1518</ele>
      </trkpt>
      <trkpt lat="45.62142" lon="6.05285">
        <ele>1518</ele>
      </trkpt>
      <trkpt lat="45.62137" lon="6.05274">
        <ele>1518</ele>
      </trkpt>
      <trkpt lat="45.62132" lon="6.05267">
        <ele>1517</ele>
      </trkpt>
      <trkpt lat="45.62125" lon="6.05261">
        <ele>1517</ele>
      </trkpt>
      <trkpt lat="45.62122" lon="6.05256">
        <ele>1517</ele>
      </trkpt>
      <trkpt lat="45.62119" lon="6.05251">
        <ele>1516</ele>
      </trkpt>
      <trkpt lat="45.62116" lon="6.05243">
        <ele>1516</ele>
      </trkpt>
      <trkpt lat="45.62114" lon="6.05238">
        <ele>1515</ele>
      </trkpt>
      <trkpt lat="45.62112" lon="6.05234">
        <ele>1514</ele>
      </trkpt>
      <trkpt lat="45.62109" lon="6.05229">
        <ele>1513</ele>
      </trkpt>
      <trkpt lat="45.62109" lon="6.05222">
        <ele>1512</ele>
      </trkpt>
      <trkpt lat="45.62111" lon="6.05213">
        <ele>1511</ele>
      </trkpt>
      <trkpt lat="45.62107" lon="6.05213">
        <ele>1509</ele>
      </trkpt>
      <trkpt lat="45.62106" lon="6.05212">
        <ele>1508</ele>
      </trkpt>
      <trkpt lat="45.62106" lon="6.05206">
        <ele>1506</ele>
      </trkpt>
      <trkpt lat="45.62103" lon="6.05203">
        <ele>1504</ele>
      </trkpt>
      <trkpt lat="45.62097" lon="6.05203">
        <ele>1501</ele>
      </trkpt>
      <trkpt lat="45.62097" lon="6.05198">
        <ele>1499</ele>
      </trkpt>
      <trkpt lat="45.62099" lon="6.05194">
        <ele>1496</ele>
      </trkpt>
      <trkpt lat="45.62095" lon="6.05194">
        <ele>1493</ele>
      </trkpt>
      <trkpt lat="45.62089" lon="6.0519">
        <ele>1490</ele>
      </trkpt>
      <trkpt lat="45.62087" lon="6.0519">
        <ele>1487</ele>
      </trkpt>
      <trkpt lat="45.62084" lon="6.0518">
        <ele>1483</ele>
      </trkpt>
      <trkpt lat="45.62079" lon="6.05177">
        <ele>1480</ele>
      </trkpt>
      <trkpt lat="45.62068" lon="6.05179">
        <ele>1477</ele>
      </trkpt>
      <trkpt lat="45.62058" lon="6.05183">
        <ele>1473</ele>
      </trkpt>
      <trkpt lat="45.62045" lon="6.05181">
        <ele>1470</ele>
      </trkpt>
      <trkpt lat="45.62034" lon="6.05181">
        <ele>1467</ele>
      </trkpt>
      <trkpt lat="45.6202" lon="6.05186">
        <ele>1464</ele>
      </trkpt>
      <trkpt lat="45.62008" lon="6.05186">
        <ele>1461</ele>
      </trkpt>
      <trkpt lat="45.61996" lon="6.05188">
        <ele>1459</ele>
      </trkpt>
      <trkpt lat="45.61984" lon="6.0519">
        <ele>1456</ele>
      </trkpt>
      <trkpt lat="45.61967" lon="6.05192">
        <ele>1453</ele>
      </trkpt>
      <trkpt lat="45.61955" lon="6.05198">
        <ele>1450</ele>
      </trkpt>
      <trkpt lat="45.61946" lon="6.05194">
        <ele>1447</ele>
      </trkpt>
      <trkpt lat="45.61936" lon="6.05198">
        <ele>1443</ele>
      </trkpt>
      <trkpt lat="45.61925" lon="6.052">
        <ele>1439</ele>
      </trkpt>
      <trkpt lat="45.61912" lon="6.05201">
        <ele>1434</ele>
      </trkpt>
      <trkpt lat="45.61898" lon="6.05198">
        <ele>1429</ele>
      </trkpt>
      <trkpt lat="45.61879" lon="6.05195">
        <ele>1424</ele>
      </trkpt>
      <trkpt lat="45.61869" lon="6.05198">
        <ele>1418</ele>
      </trkpt>
      <trkpt lat="45.61861" lon="6.05198">
        <ele>1413</ele>
      </trkpt>
      <trkpt lat="45.61847" lon="6.05196">
        <ele>1407</ele>
      </trkpt>
      <trkpt lat="45.61833" lon="6.05195">
        <ele>1400</ele>
      </trkpt>
      <trkpt lat="45.61821" lon="6.05189">
        <ele>1394</ele>
      </trkpt>
      <trkpt lat="45.61808" lon="6.05181">
        <ele>1388</ele>
      </trkpt>
      <trkpt lat="45.618" lon="6.05166">
        <ele>1382</ele>
      </trkpt>
      <trkpt lat="45.61786" lon="6.0515">
        <ele>1376</ele>
      </trkpt>
      <trkpt lat="45.61769" lon="6.05142">
        <ele>1370</ele>
      </trkpt>
      <trkpt lat="45.61755" lon="6.05143">
        <ele>1365</ele>
      </trkpt>
      <trkpt lat="45.61746" lon="6.05141">
        <ele>1360</ele>
      </trkpt>
      <trkpt lat="45.61741" lon="6.0513">
        <ele>1355</ele>
      </trkpt>
      <trkpt lat="45.61739" lon="6.05119">
        <ele>1351</ele>
      </trkpt>
      <trkpt lat="45.61733" lon="6.05115">
        <ele>1347</ele>
      </trkpt>
      <trkpt lat="45.61713" lon="6.05126">
        <ele>1343</ele>
      </trkpt>
      <trkpt lat="45.617" lon="6.05139">
        <ele>1340</ele>
      </trkpt>
      <trkpt lat="45.617" lon="6.05139">
        <ele>1336</ele>
      </trkpt>
      <trkpt lat="45.61693" lon="6.05139">
        <ele>1333</ele>
      </trkpt>
      <trkpt lat="45.61684" lon="6.05137">
        <ele>1331</ele>
      </trkpt>
      <trkpt lat="45.61674" lon="6.05137">
        <ele>1328</ele>
      </trkpt>
      <trkpt lat="45.61667" lon="6.05138">
        <ele>1325</ele>
      </trkpt>
      <trkpt lat="45.61655" lon="6.05136">
        <ele>1323</ele>
      </trkpt>
      <trkpt lat="45.61648" lon="6.0513">
        <ele>1320</ele>
      </trkpt>
      <trkpt lat="45.61642" lon="6.05124">
        <ele>1317</ele>
      </trkpt>
      <trkpt lat="45.61634" lon="6.05109">
        <ele>1315</ele>
      </trkpt>
      <trkpt lat="45.61625" lon="6.05098">
        <ele>1312</ele>
      </trkpt>
      <trkpt lat="45.61611" lon="6.05089">
        <ele>1309</ele>
      </trkpt>
      <trkpt lat="45.616" lon="6.05079">
        <ele>1305</ele>
      </trkpt>
      <trkpt lat="45.6159" lon="6.05072">
        <ele>1302</ele>
      </trkpt>
      <trkpt lat="45.61569" lon="6.05061">
        <ele>1298</ele>
      </trkpt>
      <trkpt lat="45.61556" lon="6.05051">
        <ele>1294</ele>
      </trkpt>
      <trkpt lat="45.6155" lon="6.0504">
        <ele>1290</ele>
      </trkpt>
      <trkpt lat="45.61544" lon="6.05044">
        <ele>1286</ele>
      </trkpt>
      <trkpt lat="45.61535" lon="6.0505">
        <ele>1282</ele>
      </trkpt>
      <trkpt lat="45.61524" lon="6.05038">
        <ele>1278</ele>
      </trkpt>
      <trkpt lat="45.6151" lon="6.05022">
        <ele>1274</ele>
      </trkpt>
      <trkpt lat="45.61504" lon="6.05012">
        <ele>1270</ele>
      </trkpt>
      <trkpt lat="45.61494" lon="6.05003">
        <ele>1266</ele>
      </trkpt>
      <trkpt lat="45.6149" lon="6.04994">
        <ele>1262</ele>
      </trkpt>
      <trkpt lat="45.61488" lon="6.04992">
        <ele>1258</ele>
      </trkpt>
      <trkpt lat="45.61483" lon="6.04987">
        <ele>1254</ele>
      </trkpt>
      <trkpt lat="45.61472" lon="6.04974">
        <ele>1250</ele>
      </trkpt>
      <trkpt lat="45.61461" lon="6.04961">
        <ele>1246</ele>
      </trkpt>
      <trkpt lat="45.61452" lon="6.04949">
        <ele>1242</ele>
      </trkpt>
      <trkpt lat="45.6145" lon="6.04938">
        <ele>1238</ele>
      </trkpt>
      <trkpt lat="45.61441" lon="6.04925">
        <ele>1234</ele>
      </trkpt>
      <trkpt lat="45.61438" lon="6.04916">
        <ele>1230</ele>
      </trkpt>
      <trkpt lat="45.61442" lon="6.04905">
        <ele>1225</ele>
      </trkpt>
      <trkpt lat="45.61444" lon="6.04897">
        <ele>1221</ele>
      </trkpt>
      <trkpt lat="45.61441" lon="6.04882">
        <ele>1217</ele>
      </trkpt>
      <trkpt lat="45.61444" lon="6.0487">
        <ele>1213</ele>
      </trkpt>
      <trkpt lat="45.61442" lon="6.04862">
        <ele>1209</ele>
      </trkpt>
      <trkpt lat="45.61444" lon="6.04855">
        <ele>1205</ele>
      </trkpt>
      <trkpt lat="45.6144" lon="6.04844">
        <ele>1201</ele>
      </trkpt>
      <trkpt lat="45.61444" lon="6.04834">
        <ele>1198</ele>
      </trkpt>
      <trkpt lat="45.61448" lon="6.04823">
        <ele>1194</ele>
      </trkpt>
      <trkpt lat="45.61457" lon="6.04813">
        <ele>1191</ele>
      </trkpt>
      <trkpt lat="45.61451" lon="6.048">
        <ele>1188</ele>
      </trkpt>
      <trkpt lat="45.61442" lon="6.04797">
        <ele>1186</ele>
      </trkpt>
      <trkpt lat="45.61436" lon="6.04797">
        <ele>1183</ele>
      </trkpt>
      <trkpt lat="45.61419" lon="6.04807">
        <ele>1181</ele>
      </trkpt>
      <trkpt lat="45.61403" lon="6.04817">
        <ele>1179</ele>
      </trkpt>
      <trkpt lat="45.61392" lon="6.04821">
        <ele>1177</ele>
      </trkpt>
      <trkpt lat="45.61385" lon="6.04819">
        <ele>1176</ele>
      </trkpt>
      <trkpt lat="45.61383" lon="6.04819">
        <ele>1174</ele>
      </trkpt>
      <trkpt lat="45.61375" lon="6.04813">
        <ele>1173</ele>
      </trkpt>
      <trkpt lat="45.61367" lon="6.04805">
        <ele>1171</ele>
      </trkpt>
      <trkpt lat="45.61359" lon="6.048">
        <ele>1170</ele>
      </trkpt>
      <trkpt lat="45.61351" lon="6.04797">
        <ele>1168</ele>
      </trkpt>
      <trkpt lat="45.61333" lon="6.04798">
        <ele>1167</ele>
      </trkpt>
      <trkpt lat="45.61327" lon="6.04796">
        <ele>1166</ele>
      </trkpt>
      <trkpt lat="45.61323" lon="6.04795">
        <ele>1164</ele>
      </trkpt>
      <trkpt lat="45.61322" lon="6.04794">
        <ele>1163</ele>
      </trkpt>
      <trkpt lat="45.61317" lon="6.04791">
        <ele>1161</ele>
      </trkpt>
      <trkpt lat="45.61309" lon="6.04779">
        <ele>1160</ele>
      </trkpt>
      <trkpt lat="45.61301" lon="6.04767">
        <ele>1158</ele>
      </trkpt>
      <trkpt lat="45.61295" lon="6.04761">
        <ele>1157</ele>
      </trkpt>
      <trkpt lat="45.6129" lon="6.04754">
        <ele>1155</ele>
      </trkpt>
      <trkpt lat="45.61286" lon="6.04747">
        <ele>1154</ele>
      </trkpt>
      <trkpt lat="45.61284" lon="6.04744">
        <ele>1152</ele>
      </trkpt>
      <trkpt lat="45.61274" lon="6.04731">
        <ele>1151</ele>
      </trkpt>
      <trkpt lat="45.6126" lon="6.04714">
        <ele>1150</ele>
      </trkpt>
      <trkpt lat="45.61253" lon="6.04708">
        <ele>1148</ele>
      </trkpt>
      <trkpt lat="45.61245" lon="6.04704">
        <ele>1147</ele>
      </trkpt>
      <trkpt lat="45.61232" lon="6.04702">
        <ele>1145</ele>
      </trkpt>
      <trkpt lat="45.6122" lon="6.047">
        <ele>1144</ele>
      </trkpt>
      <trkpt lat="45.61215" lon="6.04695">
        <ele>1143</ele>
      </trkpt>
      <trkpt lat="45.61213" lon="6.04693">
        <ele>1141</ele>
      </trkpt>
      <trkpt lat="45.61206" lon="6.04687">
        <ele>1140</ele>
      </trkpt>
      <trkpt lat="45.61201" lon="6.04678">
        <ele>1138</ele>
      </trkpt>
      <trkpt lat="45.61194" lon="6.0467">
        <ele>1137</ele>
      </trkpt>
      <trkpt lat="45.61187" lon="6.04665">
        <ele>1135</ele>
      </trkpt>
      <trkpt lat="45.61169" lon="6.04653">
        <ele>1133</ele>
      </trkpt>
      <trkpt lat="45.61157" lon="6.04649">
        <ele>1132</ele>
      </trkpt>
      <trkpt lat="45.61146" lon="6.04645">
        <ele>1130</ele>
      </trkpt>
      <trkpt lat="45.61137" lon="6.04638">
        <ele>1128</ele>
      </trkpt>
      <trkpt lat="45.61132" lon="6.04632">
        <ele>1126</ele>
      </trkpt>
      <trkpt lat="45.61127" lon="6.04625">
        <ele>1124</ele>
      </trkpt>
      <trkpt lat="45.61121" lon="6.04619">
        <ele>1121</ele>
      </trkpt>
      <trkpt lat="45.61114" lon="6.04614">
        <ele>1119</ele>
      </trkpt>
      <trkpt lat="45.61098" lon="6.04604">
        <ele>1117</ele>
      </trkpt>
      <trkpt lat="45.61085" lon="6.04602">
        <ele>1114</ele>
      </trkpt>
      <trkpt lat="45.61072" lon="6.04599">
        <ele>1112</ele>
      </trkpt>
      <trkpt lat="45.61061" lon="6.04593">
        <ele>1109</ele>
      </trkpt>
      <trkpt lat="45.61047" lon="6.0458">
        <ele>1107</ele>
      </trkpt>
      <trkpt lat="45.61031" lon="6.04568">
        <ele>1104</ele>
      </trkpt>
      <trkpt lat="45.61025" lon="6.04563">
        <ele>1102</ele>
      </trkpt>
      <trkpt lat="45.61016" lon="6.04553">
        <ele>1099</ele>
      </trkpt>
      <trkpt lat="45.61009" lon="6.04542">
        <ele>1096</ele>
      </trkpt>
      <trkpt lat="45.61002" lon="6.04532">
        <ele>1094</ele>
      </trkpt>
      <trkpt lat="45.60992" lon="6.04523">
        <ele>1091</ele>
      </trkpt>
      <trkpt lat="45.60983" lon="6.04515">
        <ele>1088</ele>
      </trkpt>
      <trkpt lat="45.60975" lon="6.04509">
        <ele>1085</ele>
      </trkpt>
      <trkpt lat="45.60958" lon="6.04504">
        <ele>1082</ele>
      </trkpt>
      <trkpt lat="45.60954" lon="6.04504">
        <ele>1078</ele>
      </trkpt>
      <trkpt lat="45.60945" lon="6.04499">
        <ele>1075</ele>
      </trkpt>
      <trkpt lat="45.60927" lon="6.04483">
        <ele>1071</ele>
      </trkpt>
      <trkpt lat="45.60918" lon="6.04474">
        <ele>1067</ele>
      </trkpt>
      <trkpt lat="45.6091" lon="6.04461">
        <ele>1064</ele>
      </trkpt>
      <trkpt lat="45.60902" lon="6.04449">
        <ele>1060</ele>
      </trkpt>
      <trkpt lat="45.60896" lon="6.04437">
        <ele>1056</ele>
      </trkpt>
      <trkpt lat="45.60886" lon="6.04425">
        <ele>1051</ele>
      </trkpt>
      <trkpt lat="45.60879" lon="6.04416">
        <ele>1047</ele>
      </trkpt>
      <trkpt lat="45.60863" lon="6.04406">
        <ele>1043</ele>
      </trkpt>
      <trkpt lat="45.6086" lon="6.044">
        <ele>1039</ele>
      </trkpt>
      <trkpt lat="45.60859" lon="6.04398">
        <ele>1036</ele>
      </trkpt>
      <trkpt lat="45.60859" lon="6.04373">
        <ele>1032</ele>
      </trkpt>
      <trkpt lat="45.60859" lon="6.04358">
        <ele>1028</ele>
      </trkpt>
      <trkpt lat="45.60861" lon="6.04344">
        <ele>1025</ele>
      </trkpt>
      <trkpt lat="45.60859" lon="6.04325">
        <ele>1021</ele>
      </trkpt>
      <trkpt lat="45.60856" lon="6.0431">
        <ele>1018</ele>
      </trkpt>
      <trkpt lat="45.60853" lon="6.04298">
        <ele>1015</ele>
      </trkpt>
      <trkpt lat="45.60849" lon="6.04285">
        <ele>1012</ele>
      </trkpt>
      <trkpt lat="45.60844" lon="6.04275">
        <ele>1009</ele>
      </trkpt>
      <trkpt lat="45.60838" lon="6.04267">
        <ele>1006</ele>
      </trkpt>
      <trkpt lat="45.60832" lon="6.04258">
        <ele>1004</ele>
      </trkpt>
      <trkpt lat="45.60826" lon="6.04246">
        <ele>1001</ele>
      </trkpt>
      <trkpt lat="45.60823" lon="6.04232">
        <ele>999</ele>
      </trkpt>
      <trkpt lat="45.60823" lon="6.04218">
        <ele>997</ele>
      </trkpt>
      <trkpt lat="45.60826" lon="6.04204">
        <ele>994</ele>
      </trkpt>
      <trkpt lat="45.60832" lon="6.04192">
        <ele>992</ele>
      </trkpt>
      <trkpt lat="45.60838" lon="6.04184">
        <ele>990</ele>
      </trkpt>
      <trkpt lat="45.60844" lon="6.04175">
        <ele>988</ele>
      </trkpt>
      <trkpt lat="45.60848" lon="6.04163">
        <ele>986</ele>
      </trkpt>
      <trkpt lat="45.60851" lon="6.04148">
        <ele>984</ele>
      </trkpt>
      <trkpt lat="45.60852" lon="6.04135">
        <ele>982</ele>
      </trkpt>
      <trkpt lat="45.60852" lon="6.04118">
        <ele>980</ele>
      </trkpt>
      <trkpt lat="45.6085" lon="6.04102">
        <ele>978</ele>
      </trkpt>
      <trkpt lat="45.60844" lon="6.04072">
        <ele>976</ele>
      </trkpt>
      <trkpt lat="45.60845" lon="6.04061">
        <ele>975</ele>
      </trkpt>
      <trkpt lat="45.60859" lon="6.04049">
        <ele>973</ele>
      </trkpt>
      <trkpt lat="45.60863" lon="6.04049">
        <ele>972</ele>
      </trkpt>
      <trkpt lat="45.60862" lon="6.04029">
        <ele>970</ele>
      </trkpt>
      <trkpt lat="45.60865" lon="6.04011">
        <ele>969</ele>
      </trkpt>
      <trkpt lat="45.60868" lon="6.04007">
        <ele>968</ele>
      </trkpt>
      <trkpt lat="45.6088" lon="6.03999">
        <ele>967</ele>
      </trkpt>
      <trkpt lat="45.60892" lon="6.03992">
        <ele>966</ele>
      </trkpt>
      <trkpt lat="45.60897" lon="6.03996">
        <ele>965</ele>
      </trkpt>
      <trkpt lat="45.60901" lon="6.03996">
        <ele>965</ele>
      </trkpt>
      <trkpt lat="45.60907" lon="6.03996">
        <ele>964</ele>
      </trkpt>
      <trkpt lat="45.60912" lon="6.03996">
        <ele>964</ele>
      </trkpt>
      <trkpt lat="45.60917" lon="6.03995">
        <ele>964</ele>
      </trkpt>
      <trkpt lat="45.60922" lon="6.03995">
        <ele>963</ele>
      </trkpt>
      <trkpt lat="45.60927" lon="6.03995">
        <ele>964</ele>
      </trkpt>
      <trkpt lat="45.60933" lon="6.03997">
        <ele>964</ele>
      </trkpt>
      <trkpt lat="45.60939" lon="6.04">
        <ele>964</ele>
      </trkpt>
      <trkpt lat="45.60943" lon="6.04005">
        <ele>965</ele>
      </trkpt>
      <trkpt lat="45.60947" lon="6.0401">
        <ele>965</ele>
      </trkpt>
      <trkpt lat="45.6095" lon="6.04014">
        <ele>965</ele>
      </trkpt>
      <trkpt lat="45.6096" lon="6.04028">
        <ele>966</ele>
      </trkpt>
      <trkpt lat="45.60965" lon="6.04039">
        <ele>967</ele>
      </trkpt>
      <trkpt lat="45.60968" lon="6.04043">
        <ele>967</ele>
      </trkpt>
      <trkpt lat="45.60971" lon="6.04047">
        <ele>967</ele>
      </trkpt>
      <trkpt lat="45.60975" lon="6.04048">
        <ele>968</ele>
      </trkpt>
      <trkpt lat="45.60977" lon="6.04049">
        <ele>968</ele>
      </trkpt>
      <trkpt lat="45.60981" lon="6.04048">
        <ele>968</ele>
      </trkpt>
      <trkpt lat="45.60984" lon="6.04047">
        <ele>968</ele>
      </trkpt>
      <trkpt lat="45.60987" lon="6.04044">
        <ele>968</ele>
      </trkpt>
      <trkpt lat="45.60989" lon="6.04041">
        <ele>968</ele>
      </trkpt>
      <trkpt lat="45.60992" lon="6.04037">
        <ele>968</ele>
      </trkpt>
      <trkpt lat="45.60996" lon="6.04032">
        <ele>968</ele>
      </trkpt>
      <trkpt lat="45.61004" lon="6.04019">
        <ele>968</ele>
      </trkpt>
      <trkpt lat="45.61008" lon="6.04014">
        <ele>968</ele>
      </trkpt>
      <trkpt lat="45.61011" lon="6.04011">
        <ele>967</ele>
      </trkpt>
      <trkpt lat="45.61013" lon="6.04008">
        <ele>967</ele>
      </trkpt>
      <trkpt lat="45.61016" lon="6.04005">
        <ele>967</ele>
      </trkpt>
      <trkpt lat="45.61018" lon="6.04003">
        <ele>967</ele>
      </trkpt>
      <trkpt lat="45.61022" lon="6.03999">
        <ele>967</ele>
      </trkpt>
      <trkpt lat="45.61025" lon="6.03997">
        <ele>967</ele>
      </trkpt>
      <trkpt lat="45.61029" lon="6.03995">
        <ele>967</ele>
      </trkpt>
      <trkpt lat="45.61035" lon="6.03994">
        <ele>967</ele>
      </trkpt>
      <trkpt lat="45.6105" lon="6.0399">
        <ele>967</ele>
      </trkpt>
      <trkpt lat="45.61056" lon="6.03989">
        <ele>967</ele>
      </trkpt>
      <trkpt lat="45.61062" lon="6.03989">
        <ele>967</ele>
      </trkpt>
      <trkpt lat="45.61068" lon="6.0399">
        <ele>967</ele>
      </trkpt>
      <trkpt lat="45.61072" lon="6.03992">
        <ele>967</ele>
      </trkpt>
      <trkpt lat="45.61076" lon="6.03997">
        <ele>967</ele>
      </trkpt>
      <trkpt lat="45.6108" lon="6.04002">
        <ele>967</ele>
      </trkpt>
      <trkpt lat="45.61084" lon="6.04007">
        <ele>967</ele>
      </trkpt>
      <trkpt lat="45.61087" lon="6.0401">
        <ele>967</ele>
      </trkpt>
      <trkpt lat="45.61091" lon="6.04011">
        <ele>967</ele>
      </trkpt>
      <trkpt lat="45.61094" lon="6.04011">
        <ele>967</ele>
      </trkpt>
      <trkpt lat="45.61098" lon="6.04006">
        <ele>967</ele>
      </trkpt>
      <trkpt lat="45.61099" lon="6.04003">
        <ele>967</ele>
      </trkpt>
      <trkpt lat="45.61101" lon="6.03997">
        <ele>966</ele>
      </trkpt>
      <trkpt lat="45.61102" lon="6.03988">
        <ele>966</ele>
      </trkpt>
      <trkpt lat="45.61107" lon="6.03973">
        <ele>966</ele>
      </trkpt>
      <trkpt lat="45.61108" lon="6.0397">
        <ele>965</ele>
      </trkpt>
      <trkpt lat="45.61115" lon="6.0396">
        <ele>965</ele>
      </trkpt>
      <trkpt lat="45.61122" lon="6.03954">
        <ele>965</ele>
      </trkpt>
      <trkpt lat="45.61133" lon="6.03947">
        <ele>965</ele>
      </trkpt>
      <trkpt lat="45.61142" lon="6.03944">
        <ele>964</ele>
      </trkpt>
      <trkpt lat="45.61153" lon="6.03941">
        <ele>964</ele>
      </trkpt>
      <trkpt lat="45.61167" lon="6.0394">
        <ele>964</ele>
      </trkpt>
      <trkpt lat="45.61183" lon="6.03942">
        <ele>964</ele>
      </trkpt>
      <trkpt lat="45.61198" lon="6.03943">
        <ele>965</ele>
      </trkpt>
      <trkpt lat="45.61213" lon="6.03947">
        <ele>965</ele>
      </trkpt>
      <trkpt lat="45.61228" lon="6.03953">
        <ele>965</ele>
      </trkpt>
      <trkpt lat="45.61244" lon="6.03962">
        <ele>965</ele>
      </trkpt>
      <trkpt lat="45.6126" lon="6.03971">
        <ele>965</ele>
      </trkpt>
      <trkpt lat="45.61271" lon="6.03978">
        <ele>966</ele>
      </trkpt>
      <trkpt lat="45.61282" lon="6.03985">
        <ele>966</ele>
      </trkpt>
      <trkpt lat="45.61293" lon="6.03995">
        <ele>966</ele>
      </trkpt>
      <trkpt lat="45.61303" lon="6.04005">
        <ele>967</ele>
      </trkpt>
      <trkpt lat="45.61311" lon="6.04014">
        <ele>967</ele>
      </trkpt>
      <trkpt lat="45.61316" lon="6.04019">
        <ele>967</ele>
      </trkpt>
      <trkpt lat="45.61328" lon="6.04034">
        <ele>968</ele>
      </trkpt>
      <trkpt lat="45.6134" lon="6.04049">
        <ele>968</ele>
      </trkpt>
      <trkpt lat="45.61352" lon="6.04063">
        <ele>968</ele>
      </trkpt>
      <trkpt lat="45.6136" lon="6.04077">
        <ele>968</ele>
      </trkpt>
      <trkpt lat="45.61368" lon="6.0409">
        <ele>968</ele>
      </trkpt>
      <trkpt lat="45.61375" lon="6.04104">
        <ele>967</ele>
      </trkpt>
      <trkpt lat="45.61382" lon="6.04115">
        <ele>966</ele>
      </trkpt>
      <trkpt lat="45.61389" lon="6.04122">
        <ele>966</ele>
      </trkpt>
      <trkpt lat="45.61394" lon="6.04129">
        <ele>965</ele>
      </trkpt>
      <trkpt lat="45.61405" lon="6.04137">
        <ele>964</ele>
      </trkpt>
      <trkpt lat="45.61411" lon="6.04139">
        <ele>962</ele>
      </trkpt>
      <trkpt lat="45.61415" lon="6.04137">
        <ele>961</ele>
      </trkpt>
      <trkpt lat="45.6142" lon="6.04131">
        <ele>960</ele>
      </trkpt>
      <trkpt lat="45.61423" lon="6.04124">
        <ele>958</ele>
      </trkpt>
      <trkpt lat="45.61428" lon="6.04103">
        <ele>957</ele>
      </trkpt>
      <trkpt lat="45.61435" lon="6.04084">
        <ele>956</ele>
      </trkpt>
      <trkpt lat="45.61441" lon="6.04064">
        <ele>955</ele>
      </trkpt>
      <trkpt lat="45.61449" lon="6.04053">
        <ele>955</ele>
      </trkpt>
      <trkpt lat="45.61455" lon="6.0405">
        <ele>954</ele>
      </trkpt>
      <trkpt lat="45.61463" lon="6.0405">
        <ele>954</ele>
      </trkpt>
      <trkpt lat="45.61469" lon="6.04054">
        <ele>955</ele>
      </trkpt>
      <trkpt lat="45.61473" lon="6.04059">
        <ele>955</ele>
      </trkpt>
      <trkpt lat="45.61478" lon="6.04063">
        <ele>956</ele>
      </trkpt>
      <trkpt lat="45.61482" lon="6.04065">
        <ele>957</ele>
      </trkpt>
      <trkpt lat="45.6149" lon="6.04074">
        <ele>959</ele>
      </trkpt>
      <trkpt lat="45.61498" lon="6.04089">
        <ele>960</ele>
      </trkpt>
      <trkpt lat="45.61508" lon="6.04103">
        <ele>962</ele>
      </trkpt>
      <trkpt lat="45.61518" lon="6.04115">
        <ele>963</ele>
      </trkpt>
      <trkpt lat="45.61527" lon="6.04128">
        <ele>965</ele>
      </trkpt>
      <trkpt lat="45.61536" lon="6.04141">
        <ele>966</ele>
      </trkpt>
      <trkpt lat="45.61548" lon="6.04165">
        <ele>967</ele>
      </trkpt>
      <trkpt lat="45.61557" lon="6.04179">
        <ele>968</ele>
      </trkpt>
      <trkpt lat="45.61566" lon="6.04194">
        <ele>969</ele>
      </trkpt>
      <trkpt lat="45.61578" lon="6.04215">
        <ele>970</ele>
      </trkpt>
      <trkpt lat="45.61588" lon="6.04219">
        <ele>970</ele>
      </trkpt>
      <trkpt lat="45.61591" lon="6.0422">
        <ele>971</ele>
      </trkpt>
      <trkpt lat="45.61599" lon="6.0422">
        <ele>971</ele>
      </trkpt>
      <trkpt lat="45.61603" lon="6.04212">
        <ele>972</ele>
      </trkpt>
      <trkpt lat="45.61604" lon="6.042">
        <ele>972</ele>
      </trkpt>
      <trkpt lat="45.61606" lon="6.04177">
        <ele>973</ele>
      </trkpt>
      <trkpt lat="45.6161" lon="6.0416">
        <ele>973</ele>
      </trkpt>
      <trkpt lat="45.61618" lon="6.04142">
        <ele>974</ele>
      </trkpt>
      <trkpt lat="45.61629" lon="6.04126">
        <ele>975</ele>
      </trkpt>
      <trkpt lat="45.6164" lon="6.04115">
        <ele>976</ele>
      </trkpt>
      <trkpt lat="45.61651" lon="6.0411">
        <ele>977</ele>
      </trkpt>
      <trkpt lat="45.61664" lon="6.04114">
        <ele>979</ele>
      </trkpt>
      <trkpt lat="45.61677" lon="6.04117">
        <ele>980</ele>
      </trkpt>
      <trkpt lat="45.61689" lon="6.0412">
        <ele>982</ele>
      </trkpt>
      <trkpt lat="45.61701" lon="6.04124">
        <ele>984</ele>
      </trkpt>
      <trkpt lat="45.61714" lon="6.04125">
        <ele>985</ele>
      </trkpt>
      <trkpt lat="45.61726" lon="6.04129">
        <ele>987</ele>
      </trkpt>
      <trkpt lat="45.61735" lon="6.0413">
        <ele>989</ele>
      </trkpt>
      <trkpt lat="45.61745" lon="6.04119">
        <ele>990</ele>
      </trkpt>
      <trkpt lat="45.61748" lon="6.04113">
        <ele>991</ele>
      </trkpt>
      <trkpt lat="45.61744" lon="6.041">
        <ele>992</ele>
      </trkpt>
      <trkpt lat="45.61733" lon="6.04085">
        <ele>993</ele>
      </trkpt>
      <trkpt lat="45.61729" lon="6.0407">
        <ele>994</ele>
      </trkpt>
      <trkpt lat="45.61724" lon="6.04055">
        <ele>995</ele>
      </trkpt>
      <trkpt lat="45.61723" lon="6.04045">
        <ele>996</ele>
      </trkpt>
      <trkpt lat="45.61725" lon="6.04025">
        <ele>996</ele>
      </trkpt>
      <trkpt lat="45.61731" lon="6.04014">
        <ele>997</ele>
      </trkpt>
      <trkpt lat="45.61746" lon="6.04002">
        <ele>998</ele>
      </trkpt>
      <trkpt lat="45.61759" lon="6.03997">
        <ele>998</ele>
      </trkpt>
      <trkpt lat="45.61775" lon="6.03996">
        <ele>999</ele>
      </trkpt>
      <trkpt lat="45.61786" lon="6.03995">
        <ele>1000</ele>
      </trkpt>
      <trkpt lat="45.61794" lon="6.0399">
        <ele>1001</ele>
      </trkpt>
      <trkpt lat="45.61802" lon="6.03982">
        <ele>1002</ele>
      </trkpt>
      <trkpt lat="45.61813" lon="6.03961">
        <ele>1004</ele>
      </trkpt>
      <trkpt lat="45.61823" lon="6.03942">
        <ele>1005</ele>
      </trkpt>
      <trkpt lat="45.61833" lon="6.03933">
        <ele>1006</ele>
      </trkpt>
      <trkpt lat="45.61843" lon="6.03932">
        <ele>1007</ele>
      </trkpt>
      <trkpt lat="45.61854" lon="6.03936">
        <ele>1008</ele>
      </trkpt>
      <trkpt lat="45.61874" lon="6.03947">
        <ele>1009</ele>
      </trkpt>
      <trkpt lat="45.61893" lon="6.03958">
        <ele>1010</ele>
      </trkpt>
      <trkpt lat="45.61905" lon="6.0396">
        <ele>1011</ele>
      </trkpt>
      <trkpt lat="45.61912" lon="6.03958">
        <ele>1012</ele>
      </trkpt>
      <trkpt lat="45.61916" lon="6.03956">
        <ele>1012</ele>
      </trkpt>
      <trkpt lat="45.61917" lon="6.03955">
        <ele>1013</ele>
      </trkpt>
      <trkpt lat="45.6192" lon="6.0395">
        <ele>1013</ele>
      </trkpt>
      <trkpt lat="45.6192" lon="6.0395">
        <ele>1013</ele>
      </trkpt>
      <trkpt lat="45.6192" lon="6.03946">
        <ele>1014</ele>
      </trkpt>
      <trkpt lat="45.61916" lon="6.03933">
        <ele>1014</ele>
      </trkpt>
      <trkpt lat="45.61911" lon="6.03921">
        <ele>1014</ele>
      </trkpt>
      <trkpt lat="45.61909" lon="6.03915">
        <ele>1014</ele>
      </trkpt>
      <trkpt lat="45.61911" lon="6.03907">
        <ele>1015</ele>
      </trkpt>
      <trkpt lat="45.61916" lon="6.03904">
        <ele>1015</ele>
      </trkpt>
      <trkpt lat="45.61921" lon="6.03895">
        <ele>1016</ele>
      </trkpt>
      <trkpt lat="45.61925" lon="6.03883">
        <ele>1017</ele>
      </trkpt>
      <trkpt lat="45.61927" lon="6.03868">
        <ele>1018</ele>
      </trkpt>
      <trkpt lat="45.61929" lon="6.03847">
        <ele>1020</ele>
      </trkpt>
      <trkpt lat="45.6193" lon="6.03822">
        <ele>1021</ele>
      </trkpt>
      <trkpt lat="45.61932" lon="6.03811">
        <ele>1022</ele>
      </trkpt>
      <trkpt lat="45.61937" lon="6.03802">
        <ele>1024</ele>
      </trkpt>
      <trkpt lat="45.61941" lon="6.03796">
        <ele>1025</ele>
      </trkpt>
      <trkpt lat="45.61958" lon="6.03784">
        <ele>1026</ele>
      </trkpt>
      <trkpt lat="45.61963" lon="6.03777">
        <ele>1028</ele>
      </trkpt>
      <trkpt lat="45.61965" lon="6.03774">
        <ele>1029</ele>
      </trkpt>
      <trkpt lat="45.61965" lon="6.0377">
        <ele>1030</ele>
      </trkpt>
      <trkpt lat="45.61964" lon="6.03761">
        <ele>1031</ele>
      </trkpt>
      <trkpt lat="45.61962" lon="6.03757">
        <ele>1032</ele>
      </trkpt>
      <trkpt lat="45.6196" lon="6.03754">
        <ele>1033</ele>
      </trkpt>
      <trkpt lat="45.61956" lon="6.03748">
        <ele>1034</ele>
      </trkpt>
      <trkpt lat="45.61953" lon="6.0374">
        <ele>1034</ele>
      </trkpt>
      <trkpt lat="45.61946" lon="6.03718">
        <ele>1035</ele>
      </trkpt>
      <trkpt lat="45.61943" lon="6.03708">
        <ele>1036</ele>
      </trkpt>
      <trkpt lat="45.61939" lon="6.03697">
        <ele>1037</ele>
      </trkpt>
      <trkpt lat="45.61932" lon="6.03689">
        <ele>1038</ele>
      </trkpt>
      <trkpt lat="45.61917" lon="6.03674">
        <ele>1039</ele>
      </trkpt>
      <trkpt lat="45.61912" lon="6.03666">
        <ele>1040</ele>
      </trkpt>
      <trkpt lat="45.61906" lon="6.03652">
        <ele>1041</ele>
      </trkpt>
      <trkpt lat="45.61904" lon="6.03638">
        <ele>1042</ele>
      </trkpt>
      <trkpt lat="45.61903" lon="6.03621">
        <ele>1042</ele>
      </trkpt>
      <trkpt lat="45.619" lon="6.03607">
        <ele>1043</ele>
      </trkpt>
      <trkpt lat="45.61897" lon="6.03598">
        <ele>1043</ele>
      </trkpt>
      <trkpt lat="45.61894" lon="6.03591">
        <ele>1044</ele>
      </trkpt>
      <trkpt lat="45.61884" lon="6.03569">
        <ele>1044</ele>
      </trkpt>
      <trkpt lat="45.61878" lon="6.03554">
        <ele>1044</ele>
      </trkpt>
      <trkpt lat="45.61872" lon="6.03536">
        <ele>1045</ele>
      </trkpt>
      <trkpt lat="45.61867" lon="6.03525">
        <ele>1045</ele>
      </trkpt>
      <trkpt lat="45.61865" lon="6.03517">
        <ele>1045</ele>
      </trkpt>
      <trkpt lat="45.61862" lon="6.03511">
        <ele>1045</ele>
      </trkpt>
      <trkpt lat="45.61858" lon="6.03503">
        <ele>1045</ele>
      </trkpt>
      <trkpt lat="45.61856" lon="6.03493">
        <ele>1045</ele>
      </trkpt>
      <trkpt lat="45.61855" lon="6.03483">
        <ele>1045</ele>
      </trkpt>
      <trkpt lat="45.61852" lon="6.03473">
        <ele>1044</ele>
      </trkpt>
      <trkpt lat="45.61848" lon="6.03464">
        <ele>1044</ele>
      </trkpt>
      <trkpt lat="45.61845" lon="6.03452">
        <ele>1044</ele>
      </trkpt>
      <trkpt lat="45.61841" lon="6.03444">
        <ele>1045</ele>
      </trkpt>
      <trkpt lat="45.61841" lon="6.03441">
        <ele>1045</ele>
      </trkpt>
      <trkpt lat="45.61833" lon="6.03424">
        <ele>1045</ele>
      </trkpt>
      <trkpt lat="45.61832" lon="6.03422">
        <ele>1045</ele>
      </trkpt>
      <trkpt lat="45.61829" lon="6.03416">
        <ele>1046</ele>
      </trkpt>
      <trkpt lat="45.61824" lon="6.03404">
        <ele>1047</ele>
      </trkpt>
      <trkpt lat="45.61822" lon="6.03393">
        <ele>1048</ele>
      </trkpt>
      <trkpt lat="45.61818" lon="6.03386">
        <ele>1049</ele>
      </trkpt>
      <trkpt lat="45.61812" lon="6.03378">
        <ele>1050</ele>
      </trkpt>
      <trkpt lat="45.61809" lon="6.03371">
        <ele>1052</ele>
      </trkpt>
      <trkpt lat="45.61808" lon="6.03363">
        <ele>1053</ele>
      </trkpt>
      <trkpt lat="45.61812" lon="6.03341">
        <ele>1055</ele>
      </trkpt>
      <trkpt lat="45.61808" lon="6.03328">
        <ele>1058</ele>
      </trkpt>
      <trkpt lat="45.61806" lon="6.03311">
        <ele>1060</ele>
      </trkpt>
      <trkpt lat="45.618" lon="6.03284">
        <ele>1062</ele>
      </trkpt>
      <trkpt lat="45.61799" lon="6.03265">
        <ele>1065</ele>
      </trkpt>
      <trkpt lat="45.61804" lon="6.03244">
        <ele>1067</ele>
      </trkpt>
      <trkpt lat="45.61807" lon="6.03228">
        <ele>1070</ele>
      </trkpt>
      <trkpt lat="45.61814" lon="6.03205">
        <ele>1072</ele>
      </trkpt>
      <trkpt lat="45.61814" lon="6.03195">
        <ele>1075</ele>
      </trkpt>
      <trkpt lat="45.61815" lon="6.03185">
        <ele>1077</ele>
      </trkpt>
      <trkpt lat="45.61817" lon="6.03174">
        <ele>1080</ele>
      </trkpt>
      <trkpt lat="45.61818" lon="6.03165">
        <ele>1082</ele>
      </trkpt>
      <trkpt lat="45.61825" lon="6.03159">
        <ele>1084</ele>
      </trkpt>
      <trkpt lat="45.61834" lon="6.03146">
        <ele>1087</ele>
      </trkpt>
      <trkpt lat="45.61839" lon="6.03128">
        <ele>1089</ele>
      </trkpt>
      <trkpt lat="45.61841" lon="6.03111">
        <ele>1091</ele>
      </trkpt>
      <trkpt lat="45.61843" lon="6.03083">
        <ele>1093</ele>
      </trkpt>
      <trkpt lat="45.61846" lon="6.03062">
        <ele>1095</ele>
      </trkpt>
      <trkpt lat="45.61851" lon="6.0304">
        <ele>1097</ele>
      </trkpt>
      <trkpt lat="45.61857" lon="6.03015">
        <ele>1098</ele>
      </trkpt>
      <trkpt lat="45.6187" lon="6.03">
        <ele>1100</ele>
      </trkpt>
      <trkpt lat="45.61878" lon="6.02986">
        <ele>1101</ele>
      </trkpt>
      <trkpt lat="45.61874" lon="6.02968">
        <ele>1102</ele>
      </trkpt>
      <trkpt lat="45.6187" lon="6.02953">
        <ele>1103</ele>
      </trkpt>
      <trkpt lat="45.61866" lon="6.02937">
        <ele>1103</ele>
      </trkpt>
      <trkpt lat="45.61864" lon="6.02915">
        <ele>1103</ele>
      </trkpt>
      <trkpt lat="45.61871" lon="6.02902">
        <ele>1104</ele>
      </trkpt>
      <trkpt lat="45.61867" lon="6.02884">
        <ele>1104</ele>
      </trkpt>
      <trkpt lat="45.61863" lon="6.02867">
        <ele>1104</ele>
      </trkpt>
      <trkpt lat="45.6186" lon="6.0285">
        <ele>1104</ele>
      </trkpt>
      <trkpt lat="45.61858" lon="6.02834">
        <ele>1103</ele>
      </trkpt>
      <trkpt lat="45.61857" lon="6.02816">
        <ele>1103</ele>
      </trkpt>
      <trkpt lat="45.61855" lon="6.02798">
        <ele>1103</ele>
      </trkpt>
      <trkpt lat="45.61854" lon="6.0277">
        <ele>1102</ele>
      </trkpt>
      <trkpt lat="45.61856" lon="6.02738">
        <ele>1102</ele>
      </trkpt>
      <trkpt lat="45.6186" lon="6.02723">
        <ele>1101</ele>
      </trkpt>
      <trkpt lat="45.61864" lon="6.02708">
        <ele>1100</ele>
      </trkpt>
      <trkpt lat="45.61869" lon="6.02691">
        <ele>1099</ele>
      </trkpt>
      <trkpt lat="45.61874" lon="6.02674">
        <ele>1098</ele>
      </trkpt>
      <trkpt lat="45.61884" lon="6.02647">
        <ele>1096</ele>
      </trkpt>
      <trkpt lat="45.61894" lon="6.02621">
        <ele>1095</ele>
      </trkpt>
      <trkpt lat="45.61901" lon="6.02603">
        <ele>1094</ele>
      </trkpt>
      <trkpt lat="45.61906" lon="6.02594">
        <ele>1092</ele>
      </trkpt>
      <trkpt lat="45.61911" lon="6.0258">
        <ele>1090</ele>
      </trkpt>
      <trkpt lat="45.61916" lon="6.02568">
        <ele>1089</ele>
      </trkpt>
      <trkpt lat="45.61922" lon="6.02554">
        <ele>1087</ele>
      </trkpt>
      <trkpt lat="45.61929" lon="6.02541">
        <ele>1085</ele>
      </trkpt>
      <trkpt lat="45.61939" lon="6.02523">
        <ele>1084</ele>
      </trkpt>
      <trkpt lat="45.61943" lon="6.02514">
        <ele>1082</ele>
      </trkpt>
      <trkpt lat="45.6195" lon="6.02501">
        <ele>1080</ele>
      </trkpt>
      <trkpt lat="45.61958" lon="6.02487">
        <ele>1079</ele>
      </trkpt>
      <trkpt lat="45.61964" lon="6.02474">
        <ele>1078</ele>
      </trkpt>
      <trkpt lat="45.61973" lon="6.02452">
        <ele>1076</ele>
      </trkpt>
      <trkpt lat="45.61979" lon="6.0244">
        <ele>1075</ele>
      </trkpt>
      <trkpt lat="45.61986" lon="6.0243">
        <ele>1073</ele>
      </trkpt>
      <trkpt lat="45.61993" lon="6.0242">
        <ele>1072</ele>
      </trkpt>
      <trkpt lat="45.62001" lon="6.02412">
        <ele>1071</ele>
      </trkpt>
      <trkpt lat="45.62012" lon="6.02399">
        <ele>1070</ele>
      </trkpt>
      <trkpt lat="45.62018" lon="6.02391">
        <ele>1068</ele>
      </trkpt>
      <trkpt lat="45.62025" lon="6.02383">
        <ele>1067</ele>
      </trkpt>
      <trkpt lat="45.62032" lon="6.02372">
        <ele>1066</ele>
      </trkpt>
      <trkpt lat="45.62041" lon="6.02363">
        <ele>1065</ele>
      </trkpt>
      <trkpt lat="45.6205" lon="6.02352">
        <ele>1064</ele>
      </trkpt>
      <trkpt lat="45.62063" lon="6.02343">
        <ele>1064</ele>
      </trkpt>
      <trkpt lat="45.6207" lon="6.02338">
        <ele>1063</ele>
      </trkpt>
      <trkpt lat="45.62075" lon="6.02335">
        <ele>1062</ele>
      </trkpt>
      <trkpt lat="45.62079" lon="6.02335">
        <ele>1062</ele>
      </trkpt>
      <trkpt lat="45.62083" lon="6.02336">
        <ele>1062</ele>
      </trkpt>
      <trkpt lat="45.62085" lon="6.02339">
        <ele>1061</ele>
      </trkpt>
      <trkpt lat="45.62088" lon="6.02342">
        <ele>1061</ele>
      </trkpt>
      <trkpt lat="45.6209" lon="6.02346">
        <ele>1061</ele>
      </trkpt>
      <trkpt lat="45.62093" lon="6.02351">
        <ele>1061</ele>
      </trkpt>
      <trkpt lat="45.62096" lon="6.02355">
        <ele>1061</ele>
      </trkpt>
      <trkpt lat="45.62104" lon="6.02362">
        <ele>1061</ele>
      </trkpt>
      <trkpt lat="45.6211" lon="6.02367">
        <ele>1062</ele>
      </trkpt>
      <trkpt lat="45.62114" lon="6.02371">
        <ele>1062</ele>
      </trkpt>
      <trkpt lat="45.6212" lon="6.02381">
        <ele>1062</ele>
      </trkpt>
      <trkpt lat="45.62123" lon="6.02386">
        <ele>1061</ele>
      </trkpt>
      <trkpt lat="45.62125" lon="6.02387">
        <ele>1061</ele>
      </trkpt>
      <trkpt lat="45.62127" lon="6.02388">
        <ele>1061</ele>
      </trkpt>
      <trkpt lat="45.62129" lon="6.02386">
        <ele>1060</ele>
      </trkpt>
      <trkpt lat="45.62134" lon="6.02377">
        <ele>1060</ele>
      </trkpt>
      <trkpt lat="45.62135" lon="6.0236">
        <ele>1059</ele>
      </trkpt>
      <trkpt lat="45.62135" lon="6.02355">
        <ele>1058</ele>
      </trkpt>
      <trkpt lat="45.62136" lon="6.02334">
        <ele>1057</ele>
      </trkpt>
      <trkpt lat="45.62137" lon="6.02317">
        <ele>1055</ele>
      </trkpt>
      <trkpt lat="45.62139" lon="6.023">
        <ele>1054</ele>
      </trkpt>
      <trkpt lat="45.62138" lon="6.02288">
        <ele>1053</ele>
      </trkpt>
      <trkpt lat="45.62138" lon="6.02283">
        <ele>1052</ele>
      </trkpt>
      <trkpt lat="45.62136" lon="6.02279">
        <ele>1050</ele>
      </trkpt>
      <trkpt lat="45.62135" lon="6.02277">
        <ele>1049</ele>
      </trkpt>
      <trkpt lat="45.62136" lon="6.02264">
        <ele>1047</ele>
      </trkpt>
      <trkpt lat="45.62137" lon="6.02252">
        <ele>1046</ele>
      </trkpt>
      <trkpt lat="45.62139" lon="6.02246">
        <ele>1044</ele>
      </trkpt>
      <trkpt lat="45.62142" lon="6.02243">
        <ele>1042</ele>
      </trkpt>
      <trkpt lat="45.62152" lon="6.02238">
        <ele>1040</ele>
      </trkpt>
      <trkpt lat="45.62164" lon="6.02232">
        <ele>1039</ele>
      </trkpt>
      <trkpt lat="45.62169" lon="6.02226">
        <ele>1037</ele>
      </trkpt>
      <trkpt lat="45.6217" lon="6.02218">
        <ele>1035</ele>
      </trkpt>
      <trkpt lat="45.6217" lon="6.02207">
        <ele>1033</ele>
      </trkpt>
      <trkpt lat="45.62165" lon="6.02197">
        <ele>1031</ele>
      </trkpt>
      <trkpt lat="45.62161" lon="6.02189">
        <ele>1029</ele>
      </trkpt>
      <trkpt lat="45.62148" lon="6.02169">
        <ele>1027</ele>
      </trkpt>
      <trkpt lat="45.62142" lon="6.02161">
        <ele>1025</ele>
      </trkpt>
      <trkpt lat="45.62134" lon="6.0215">
        <ele>1023</ele>
      </trkpt>
      <trkpt lat="45.62128" lon="6.02138">
        <ele>1022</ele>
      </trkpt>
      <trkpt lat="45.62124" lon="6.02128">
        <ele>1020</ele>
      </trkpt>
      <trkpt lat="45.62118" lon="6.02111">
        <ele>1018</ele>
      </trkpt>
      <trkpt lat="45.62112" lon="6.02096">
        <ele>1016</ele>
      </trkpt>
      <trkpt lat="45.62107" lon="6.02086">
        <ele>1015</ele>
      </trkpt>
      <trkpt lat="45.62105" lon="6.02075">
        <ele>1013</ele>
      </trkpt>
      <trkpt lat="45.62103" lon="6.02064">
        <ele>1011</ele>
      </trkpt>
      <trkpt lat="45.62105" lon="6.02061">
        <ele>1010</ele>
      </trkpt>
      <trkpt lat="45.62105" lon="6.02056">
        <ele>1008</ele>
      </trkpt>
      <trkpt lat="45.62105" lon="6.02031">
        <ele>1006</ele>
      </trkpt>
      <trkpt lat="45.62104" lon="6.02005">
        <ele>1004</ele>
      </trkpt>
      <trkpt lat="45.62104" lon="6.01996">
        <ele>1003</ele>
      </trkpt>
      <trkpt lat="45.62103" lon="6.01985">
        <ele>1001</ele>
      </trkpt>
      <trkpt lat="45.62102" lon="6.01977">
        <ele>999</ele>
      </trkpt>
      <trkpt lat="45.62093" lon="6.01967">
        <ele>997</ele>
      </trkpt>
      <trkpt lat="45.62092" lon="6.01965">
        <ele>996</ele>
      </trkpt>
      <trkpt lat="45.62083" lon="6.01961">
        <ele>994</ele>
      </trkpt>
      <trkpt lat="45.6207" lon="6.01957">
        <ele>993</ele>
      </trkpt>
      <trkpt lat="45.62072" lon="6.01928">
        <ele>992</ele>
      </trkpt>
      <trkpt lat="45.6207" lon="6.019">
        <ele>990</ele>
      </trkpt>
      <trkpt lat="45.6207" lon="6.01891">
        <ele>989</ele>
      </trkpt>
      <trkpt lat="45.62072" lon="6.01883">
        <ele>988</ele>
      </trkpt>
      <trkpt lat="45.62075" lon="6.01877">
        <ele>987</ele>
      </trkpt>
      <trkpt lat="45.62081" lon="6.01873">
        <ele>986</ele>
      </trkpt>
      <trkpt lat="45.62092" lon="6.01872">
        <ele>985</ele>
      </trkpt>
      <trkpt lat="45.62104" lon="6.01868">
        <ele>984</ele>
      </trkpt>
      <trkpt lat="45.6211" lon="6.01863">
        <ele>983</ele>
      </trkpt>
      <trkpt lat="45.62114" lon="6.01856">
        <ele>983</ele>
      </trkpt>
      <trkpt lat="45.62115" lon="6.01847">
        <ele>982</ele>
      </trkpt>
      <trkpt lat="45.62114" lon="6.01841">
        <ele>981</ele>
      </trkpt>
      <trkpt lat="45.6211" lon="6.01834">
        <ele>980</ele>
      </trkpt>
      <trkpt lat="45.62105" lon="6.01826">
        <ele>979</ele>
      </trkpt>
      <trkpt lat="45.62097" lon="6.01819">
        <ele>978</ele>
      </trkpt>
      <trkpt lat="45.62085" lon="6.01812">
        <ele>977</ele>
      </trkpt>
      <trkpt lat="45.62079" lon="6.01807">
        <ele>976</ele>
      </trkpt>
      <trkpt lat="45.62078" lon="6.018">
        <ele>975</ele>
      </trkpt>
      <trkpt lat="45.62078" lon="6.01792">
        <ele>974</ele>
      </trkpt>
      <trkpt lat="45.62079" lon="6.01783">
        <ele>973</ele>
      </trkpt>
      <trkpt lat="45.6208" lon="6.01771">
        <ele>972</ele>
      </trkpt>
      <trkpt lat="45.62083" lon="6.01762">
        <ele>972</ele>
      </trkpt>
      <trkpt lat="45.62087" lon="6.01754">
        <ele>971</ele>
      </trkpt>
      <trkpt lat="45.62091" lon="6.01747">
        <ele>970</ele>
      </trkpt>
      <trkpt lat="45.62102" lon="6.01731">
        <ele>970</ele>
      </trkpt>
      <trkpt lat="45.62116" lon="6.0172">
        <ele>969</ele>
      </trkpt>
      <trkpt lat="45.62122" lon="6.01716">
        <ele>969</ele>
      </trkpt>
      <trkpt lat="45.62127" lon="6.01711">
        <ele>969</ele>
      </trkpt>
      <trkpt lat="45.62143" lon="6.01698">
        <ele>968</ele>
      </trkpt>
      <trkpt lat="45.62149" lon="6.01691">
        <ele>968</ele>
      </trkpt>
      <trkpt lat="45.62153" lon="6.01684">
        <ele>967</ele>
      </trkpt>
      <trkpt lat="45.62155" lon="6.01675">
        <ele>967</ele>
      </trkpt>
      <trkpt lat="45.62156" lon="6.01666">
        <ele>967</ele>
      </trkpt>
      <trkpt lat="45.62156" lon="6.01656">
        <ele>966</ele>
      </trkpt>
      <trkpt lat="45.62156" lon="6.01645">
        <ele>966</ele>
      </trkpt>
      <trkpt lat="45.62158" lon="6.01635">
        <ele>965</ele>
      </trkpt>
      <trkpt lat="45.62161" lon="6.01616">
        <ele>964</ele>
      </trkpt>
      <trkpt lat="45.62162" lon="6.01615">
        <ele>964</ele>
      </trkpt>
      <trkpt lat="45.62164" lon="6.01607">
        <ele>963</ele>
      </trkpt>
      <trkpt lat="45.62169" lon="6.01601">
        <ele>963</ele>
      </trkpt>
      <trkpt lat="45.62174" lon="6.01595">
        <ele>962</ele>
      </trkpt>
      <trkpt lat="45.62179" lon="6.01589">
        <ele>962</ele>
      </trkpt>
      <trkpt lat="45.62184" lon="6.0157">
        <ele>961</ele>
      </trkpt>
      <trkpt lat="45.62189" lon="6.0156">
        <ele>961</ele>
      </trkpt>
      <trkpt lat="45.62194" lon="6.01554">
        <ele>960</ele>
      </trkpt>
      <trkpt lat="45.62197" lon="6.01547">
        <ele>959</ele>
      </trkpt>
      <trkpt lat="45.622" lon="6.0154">
        <ele>959</ele>
      </trkpt>
      <trkpt lat="45.62201" lon="6.01531">
        <ele>958</ele>
      </trkpt>
      <trkpt lat="45.622" lon="6.01529">
        <ele>957</ele>
      </trkpt>
      <trkpt lat="45.62197" lon="6.01513">
        <ele>957</ele>
      </trkpt>
      <trkpt lat="45.62194" lon="6.01505">
        <ele>956</ele>
      </trkpt>
      <trkpt lat="45.62185" lon="6.01489">
        <ele>955</ele>
      </trkpt>
      <trkpt lat="45.62176" lon="6.01472">
        <ele>954</ele>
      </trkpt>
      <trkpt lat="45.62161" lon="6.0145">
        <ele>953</ele>
      </trkpt>
      <trkpt lat="45.62151" lon="6.01431">
        <ele>952</ele>
      </trkpt>
      <trkpt lat="45.6214" lon="6.01412">
        <ele>951</ele>
      </trkpt>
      <trkpt lat="45.62138" lon="6.01403">
        <ele>950</ele>
      </trkpt>
      <trkpt lat="45.62137" lon="6.01392">
        <ele>949</ele>
      </trkpt>
      <trkpt lat="45.62139" lon="6.01378">
        <ele>948</ele>
      </trkpt>
      <trkpt lat="45.62144" lon="6.01366">
        <ele>947</ele>
      </trkpt>
      <trkpt lat="45.62155" lon="6.01346">
        <ele>946</ele>
      </trkpt>
      <trkpt lat="45.62167" lon="6.01325">
        <ele>945</ele>
      </trkpt>
      <trkpt lat="45.62178" lon="6.01304">
        <ele>944</ele>
      </trkpt>
      <trkpt lat="45.62183" lon="6.01292">
        <ele>944</ele>
      </trkpt>
      <trkpt lat="45.62188" lon="6.01277">
        <ele>943</ele>
      </trkpt>
      <trkpt lat="45.62193" lon="6.01264">
        <ele>942</ele>
      </trkpt>
      <trkpt lat="45.622" lon="6.01248">
        <ele>942</ele>
      </trkpt>
      <trkpt lat="45.62211" lon="6.01221">
        <ele>941</ele>
      </trkpt>
      <trkpt lat="45.62214" lon="6.01214">
        <ele>941</ele>
      </trkpt>
      <trkpt lat="45.62217" lon="6.01207">
        <ele>941</ele>
      </trkpt>
      <trkpt lat="45.62226" lon="6.01192">
        <ele>941</ele>
      </trkpt>
      <trkpt lat="45.62228" lon="6.01187">
        <ele>940</ele>
      </trkpt>
      <trkpt lat="45.62235" lon="6.01174">
        <ele>940</ele>
      </trkpt>
      <trkpt lat="45.62244" lon="6.01161">
        <ele>940</ele>
      </trkpt>
      <trkpt lat="45.62247" lon="6.01146">
        <ele>940</ele>
      </trkpt>
      <trkpt lat="45.62247" lon="6.01127">
        <ele>940</ele>
      </trkpt>
      <trkpt lat="45.62244" lon="6.01112">
        <ele>939</ele>
      </trkpt>
      <trkpt lat="45.62241" lon="6.01098">
        <ele>939</ele>
      </trkpt>
      <trkpt lat="45.62236" lon="6.01086">
        <ele>939</ele>
      </trkpt>
      <trkpt lat="45.62234" lon="6.01073">
        <ele>938</ele>
      </trkpt>
      <trkpt lat="45.62234" lon="6.01062">
        <ele>937</ele>
      </trkpt>
      <trkpt lat="45.62214" lon="6.01058">
        <ele>937</ele>
      </trkpt>
      <trkpt lat="45.62193" lon="6.01056">
        <ele>936</ele>
      </trkpt>
      <trkpt lat="45.62179" lon="6.01053">
        <ele>935</ele>
      </trkpt>
      <trkpt lat="45.62164" lon="6.01051">
        <ele>934</ele>
      </trkpt>
      <trkpt lat="45.62156" lon="6.01051">
        <ele>932</ele>
      </trkpt>
      <trkpt lat="45.62139" lon="6.01054">
        <ele>931</ele>
      </trkpt>
      <trkpt lat="45.62131" lon="6.01058">
        <ele>930</ele>
      </trkpt>
      <trkpt lat="45.62125" lon="6.01063">
        <ele>929</ele>
      </trkpt>
      <trkpt lat="45.62119" lon="6.01071">
        <ele>928</ele>
      </trkpt>
      <trkpt lat="45.62109" lon="6.01087">
        <ele>926</ele>
      </trkpt>
      <trkpt lat="45.62099" lon="6.01103">
        <ele>925</ele>
      </trkpt>
      <trkpt lat="45.62094" lon="6.01109">
        <ele>924</ele>
      </trkpt>
      <trkpt lat="45.62077" lon="6.01127">
        <ele>923</ele>
      </trkpt>
      <trkpt lat="45.6207" lon="6.01133">
        <ele>922</ele>
      </trkpt>
      <trkpt lat="45.62065" lon="6.01136">
        <ele>921</ele>
      </trkpt>
      <trkpt lat="45.62058" lon="6.01134">
        <ele>921</ele>
      </trkpt>
      <trkpt lat="45.62055" lon="6.01129">
        <ele>920</ele>
      </trkpt>
      <trkpt lat="45.62054" lon="6.01122">
        <ele>919</ele>
      </trkpt>
      <trkpt lat="45.62054" lon="6.01114">
        <ele>919</ele>
      </trkpt>
      <trkpt lat="45.62056" lon="6.01107">
        <ele>918</ele>
      </trkpt>
      <trkpt lat="45.62061" lon="6.01098">
        <ele>917</ele>
      </trkpt>
      <trkpt lat="45.62065" lon="6.0109">
        <ele>917</ele>
      </trkpt>
      <trkpt lat="45.62069" lon="6.01082">
        <ele>916</ele>
      </trkpt>
      <trkpt lat="45.62076" lon="6.01068">
        <ele>916</ele>
      </trkpt>
      <trkpt lat="45.62082" lon="6.01054">
        <ele>915</ele>
      </trkpt>
      <trkpt lat="45.62088" lon="6.01033">
        <ele>915</ele>
      </trkpt>
      <trkpt lat="45.62093" lon="6.01012">
        <ele>914</ele>
      </trkpt>
      <trkpt lat="45.62099" lon="6.0099">
        <ele>914</ele>
      </trkpt>
      <trkpt lat="45.62098" lon="6.00982">
        <ele>913</ele>
      </trkpt>
      <trkpt lat="45.62097" lon="6.00976">
        <ele>913</ele>
      </trkpt>
      <trkpt lat="45.62094" lon="6.00967">
        <ele>913</ele>
      </trkpt>
      <trkpt lat="45.62089" lon="6.00955">
        <ele>913</ele>
      </trkpt>
      <trkpt lat="45.62083" lon="6.00959">
        <ele>912</ele>
      </trkpt>
      <trkpt lat="45.62079" lon="6.0096">
        <ele>912</ele>
      </trkpt>
      <trkpt lat="45.62068" lon="6.00963">
        <ele>913</ele>
      </trkpt>
      <trkpt lat="45.62063" lon="6.00955">
        <ele>913</ele>
      </trkpt>
      <trkpt lat="45.62055" lon="6.00956">
        <ele>913</ele>
      </trkpt>
      <trkpt lat="45.62033" lon="6.0096">
        <ele>914</ele>
      </trkpt>
      <trkpt lat="45.62021" lon="6.0096">
        <ele>914</ele>
      </trkpt>
      <trkpt lat="45.62009" lon="6.0096">
        <ele>915</ele>
      </trkpt>
      <trkpt lat="45.61988" lon="6.0096">
        <ele>916</ele>
      </trkpt>
      <trkpt lat="45.61967" lon="6.0096">
        <ele>916</ele>
      </trkpt>
      <trkpt lat="45.61946" lon="6.0096">
        <ele>917</ele>
      </trkpt>
      <trkpt lat="45.61924" lon="6.0096">
        <ele>918</ele>
      </trkpt>
      <trkpt lat="45.61918" lon="6.00958">
        <ele>919</ele>
      </trkpt>
      <trkpt lat="45.61914" lon="6.00953">
        <ele>920</ele>
      </trkpt>
      <trkpt lat="45.61912" lon="6.00948">
        <ele>920</ele>
      </trkpt>
      <trkpt lat="45.6191" lon="6.0094">
        <ele>921</ele>
      </trkpt>
      <trkpt lat="45.61912" lon="6.00933">
        <ele>922</ele>
      </trkpt>
      <trkpt lat="45.61915" lon="6.00927">
        <ele>923</ele>
      </trkpt>
      <trkpt lat="45.61919" lon="6.00923">
        <ele>924</ele>
      </trkpt>
      <trkpt lat="45.61926" lon="6.00921">
        <ele>925</ele>
      </trkpt>
      <trkpt lat="45.61944" lon="6.00917">
        <ele>925</ele>
      </trkpt>
      <trkpt lat="45.61962" lon="6.00914">
        <ele>926</ele>
      </trkpt>
      <trkpt lat="45.61982" lon="6.0091">
        <ele>927</ele>
      </trkpt>
      <trkpt lat="45.62002" lon="6.00906">
        <ele>927</ele>
      </trkpt>
      <trkpt lat="45.62014" lon="6.00902">
        <ele>928</ele>
      </trkpt>
      <trkpt lat="45.62031" lon="6.00896">
        <ele>929</ele>
      </trkpt>
      <trkpt lat="45.62048" lon="6.0089">
        <ele>929</ele>
      </trkpt>
      <trkpt lat="45.62057" lon="6.00887">
        <ele>929</ele>
      </trkpt>
      <trkpt lat="45.62061" lon="6.00887">
        <ele>929</ele>
      </trkpt>
      <trkpt lat="45.62067" lon="6.00886">
        <ele>929</ele>
      </trkpt>
      <trkpt lat="45.62075" lon="6.00884">
        <ele>929</ele>
      </trkpt>
      <trkpt lat="45.62082" lon="6.00879">
        <ele>929</ele>
      </trkpt>
      <trkpt lat="45.62085" lon="6.00872">
        <ele>929</ele>
      </trkpt>
      <trkpt lat="45.62087" lon="6.00863">
        <ele>929</ele>
      </trkpt>
      <trkpt lat="45.62087" lon="6.00855">
        <ele>929</ele>
      </trkpt>
      <trkpt lat="45.62086" lon="6.00848">
        <ele>929</ele>
      </trkpt>
      <trkpt lat="45.62084" lon="6.00843">
        <ele>929</ele>
      </trkpt>
      <trkpt lat="45.62081" lon="6.00838">
        <ele>930</ele>
      </trkpt>
      <trkpt lat="45.62078" lon="6.00835">
        <ele>930</ele>
      </trkpt>
      <trkpt lat="45.62075" lon="6.00833">
        <ele>931</ele>
      </trkpt>
      <trkpt lat="45.62064" lon="6.00829">
        <ele>933</ele>
      </trkpt>
      <trkpt lat="45.62053" lon="6.00828">
        <ele>934</ele>
      </trkpt>
      <trkpt lat="45.62042" lon="6.00826">
        <ele>936</ele>
      </trkpt>
      <trkpt lat="45.62024" lon="6.00821">
        <ele>938</ele>
      </trkpt>
      <trkpt lat="45.62007" lon="6.00811">
        <ele>939</ele>
      </trkpt>
      <trkpt lat="45.61989" lon="6.00801">
        <ele>941</ele>
      </trkpt>
      <trkpt lat="45.6198" lon="6.00792">
        <ele>943</ele>
      </trkpt>
      <trkpt lat="45.61971" lon="6.00785">
        <ele>945</ele>
      </trkpt>
      <trkpt lat="45.61961" lon="6.00778">
        <ele>947</ele>
      </trkpt>
      <trkpt lat="45.61955" lon="6.00769">
        <ele>949</ele>
      </trkpt>
      <trkpt lat="45.61946" lon="6.0075">
        <ele>950</ele>
      </trkpt>
      <trkpt lat="45.61941" lon="6.0074">
        <ele>952</ele>
      </trkpt>
      <trkpt lat="45.61934" lon="6.00733">
        <ele>953</ele>
      </trkpt>
      <trkpt lat="45.61926" lon="6.00728">
        <ele>955</ele>
      </trkpt>
      <trkpt lat="45.61908" lon="6.00718">
        <ele>957</ele>
      </trkpt>
      <trkpt lat="45.61903" lon="6.00714">
        <ele>958</ele>
      </trkpt>
      <trkpt lat="45.61891" lon="6.00697">
        <ele>960</ele>
      </trkpt>
      <trkpt lat="45.61886" lon="6.00692">
        <ele>962</ele>
      </trkpt>
      <trkpt lat="45.61874" lon="6.00681">
        <ele>963</ele>
      </trkpt>
      <trkpt lat="45.61869" lon="6.00675">
        <ele>965</ele>
      </trkpt>
      <trkpt lat="45.61862" lon="6.0067">
        <ele>966</ele>
      </trkpt>
      <trkpt lat="45.61853" lon="6.00664">
        <ele>968</ele>
      </trkpt>
      <trkpt lat="45.61844" lon="6.00657">
        <ele>970</ele>
      </trkpt>
      <trkpt lat="45.61832" lon="6.00646">
        <ele>971</ele>
      </trkpt>
      <trkpt lat="45.61825" lon="6.00639">
        <ele>973</ele>
      </trkpt>
      <trkpt lat="45.61819" lon="6.00631">
        <ele>974</ele>
      </trkpt>
      <trkpt lat="45.61809" lon="6.00615">
        <ele>976</ele>
      </trkpt>
      <trkpt lat="45.61802" lon="6.00596">
        <ele>977</ele>
      </trkpt>
      <trkpt lat="45.61795" lon="6.00577">
        <ele>979</ele>
      </trkpt>
      <trkpt lat="45.61788" lon="6.00563">
        <ele>980</ele>
      </trkpt>
      <trkpt lat="45.61784" lon="6.00554">
        <ele>981</ele>
      </trkpt>
      <trkpt lat="45.61775" lon="6.00542">
        <ele>983</ele>
      </trkpt>
      <trkpt lat="45.61766" lon="6.00529">
        <ele>984</ele>
      </trkpt>
      <trkpt lat="45.61759" lon="6.00518">
        <ele>985</ele>
      </trkpt>
      <trkpt lat="45.61749" lon="6.005">
        <ele>987</ele>
      </trkpt>
      <trkpt lat="45.61739" lon="6.00482">
        <ele>988</ele>
      </trkpt>
      <trkpt lat="45.61724" lon="6.00459">
        <ele>990</ele>
      </trkpt>
      <trkpt lat="45.61718" lon="6.00453">
        <ele>992</ele>
      </trkpt>
      <trkpt lat="45.61712" lon="6.0045">
        <ele>993</ele>
      </trkpt>
      <trkpt lat="45.6171" lon="6.0045">
        <ele>995</ele>
      </trkpt>
      <trkpt lat="45.61703" lon="6.0045">
        <ele>997</ele>
      </trkpt>
      <trkpt lat="45.61693" lon="6.00454">
        <ele>1000</ele>
      </trkpt>
      <trkpt lat="45.6168" lon="6.0046">
        <ele>1002</ele>
      </trkpt>
      <trkpt lat="45.61667" lon="6.00466">
        <ele>1004</ele>
      </trkpt>
      <trkpt lat="45.6165" lon="6.00472">
        <ele>1006</ele>
      </trkpt>
      <trkpt lat="45.61643" lon="6.00475">
        <ele>1008</ele>
      </trkpt>
      <trkpt lat="45.6163" lon="6.00481">
        <ele>1010</ele>
      </trkpt>
      <trkpt lat="45.61618" lon="6.00485">
        <ele>1012</ele>
      </trkpt>
      <trkpt lat="45.61603" lon="6.00488">
        <ele>1014</ele>
      </trkpt>
      <trkpt lat="45.61594" lon="6.0049">
        <ele>1016</ele>
      </trkpt>
      <trkpt lat="45.61585" lon="6.00493">
        <ele>1018</ele>
      </trkpt>
      <trkpt lat="45.61578" lon="6.00498">
        <ele>1020</ele>
      </trkpt>
      <trkpt lat="45.61575" lon="6.00501">
        <ele>1021</ele>
      </trkpt>
      <trkpt lat="45.61558" lon="6.00505">
        <ele>1023</ele>
      </trkpt>
      <trkpt lat="45.61545" lon="6.00504">
        <ele>1025</ele>
      </trkpt>
      <trkpt lat="45.61531" lon="6.00505">
        <ele>1026</ele>
      </trkpt>
      <trkpt lat="45.61517" lon="6.00505">
        <ele>1028</ele>
      </trkpt>
      <trkpt lat="45.61504" lon="6.00501">
        <ele>1030</ele>
      </trkpt>
      <trkpt lat="45.61488" lon="6.00494">
        <ele>1032</ele>
      </trkpt>
      <trkpt lat="45.61477" lon="6.00486">
        <ele>1033</ele>
      </trkpt>
      <trkpt lat="45.61465" lon="6.00479">
        <ele>1035</ele>
      </trkpt>
      <trkpt lat="45.61457" lon="6.00476">
        <ele>1037</ele>
      </trkpt>
      <trkpt lat="45.6145" lon="6.00475">
        <ele>1039</ele>
      </trkpt>
      <trkpt lat="45.61443" lon="6.00478">
        <ele>1041</ele>
      </trkpt>
      <trkpt lat="45.61424" lon="6.00487">
        <ele>1043</ele>
      </trkpt>
      <trkpt lat="45.61406" lon="6.00497">
        <ele>1045</ele>
      </trkpt>
      <trkpt lat="45.61388" lon="6.00506">
        <ele>1047</ele>
      </trkpt>
      <trkpt lat="45.61376" lon="6.00511">
        <ele>1049</ele>
      </trkpt>
      <trkpt lat="45.61371" lon="6.00513">
        <ele>1051</ele>
      </trkpt>
      <trkpt lat="45.61375" lon="6.0053">
        <ele>1053</ele>
      </trkpt>
      <trkpt lat="45.61379" lon="6.00552">
        <ele>1055</ele>
      </trkpt>
      <trkpt lat="45.61382" lon="6.00577">
        <ele>1057</ele>
      </trkpt>
      <trkpt lat="45.61384" lon="6.00601">
        <ele>1058</ele>
      </trkpt>
      <trkpt lat="45.61383" lon="6.00613">
        <ele>1060</ele>
      </trkpt>
      <trkpt lat="45.6138" lon="6.00618">
        <ele>1062</ele>
      </trkpt>
      <trkpt lat="45.61365" lon="6.00604">
        <ele>1063</ele>
      </trkpt>
      <trkpt lat="45.61354" lon="6.00598">
        <ele>1064</ele>
      </trkpt>
      <trkpt lat="45.61343" lon="6.00592">
        <ele>1066</ele>
      </trkpt>
      <trkpt lat="45.6133" lon="6.00588">
        <ele>1067</ele>
      </trkpt>
      <trkpt lat="45.61327" lon="6.00588">
        <ele>1068</ele>
      </trkpt>
      <trkpt lat="45.61308" lon="6.00591">
        <ele>1069</ele>
      </trkpt>
      <trkpt lat="45.61289" lon="6.00594">
        <ele>1071</ele>
      </trkpt>
      <trkpt lat="45.6127" lon="6.00596">
        <ele>1072</ele>
      </trkpt>
      <trkpt lat="45.61251" lon="6.00598">
        <ele>1072</ele>
      </trkpt>
      <trkpt lat="45.61236" lon="6.00597">
        <ele>1073</ele>
      </trkpt>
      <trkpt lat="45.61217" lon="6.00597">
        <ele>1074</ele>
      </trkpt>
      <trkpt lat="45.61197" lon="6.00598">
        <ele>1075</ele>
      </trkpt>
      <trkpt lat="45.61177" lon="6.00598">
        <ele>1076</ele>
      </trkpt>
      <trkpt lat="45.61163" lon="6.00599">
        <ele>1076</ele>
      </trkpt>
      <trkpt lat="45.61151" lon="6.00604">
        <ele>1077</ele>
      </trkpt>
      <trkpt lat="45.61134" lon="6.00609">
        <ele>1078</ele>
      </trkpt>
      <trkpt lat="45.61117" lon="6.00614">
        <ele>1078</ele>
      </trkpt>
      <trkpt lat="45.61103" lon="6.00614">
        <ele>1079</ele>
      </trkpt>
      <trkpt lat="45.6109" lon="6.00611">
        <ele>1080</ele>
      </trkpt>
      <trkpt lat="45.61077" lon="6.00611">
        <ele>1081</ele>
      </trkpt>
      <trkpt lat="45.61064" lon="6.00614">
        <ele>1082</ele>
      </trkpt>
      <trkpt lat="45.61048" lon="6.0062">
        <ele>1082</ele>
      </trkpt>
      <trkpt lat="45.61031" lon="6.00626">
        <ele>1083</ele>
      </trkpt>
      <trkpt lat="45.61014" lon="6.00629">
        <ele>1084</ele>
      </trkpt>
      <trkpt lat="45.60997" lon="6.00629">
        <ele>1085</ele>
      </trkpt>
      <trkpt lat="45.6098" lon="6.00629">
        <ele>1086</ele>
      </trkpt>
      <trkpt lat="45.60975" lon="6.0063">
        <ele>1087</ele>
      </trkpt>
      <trkpt lat="45.60964" lon="6.00634">
        <ele>1087</ele>
      </trkpt>
      <trkpt lat="45.60947" lon="6.00643">
        <ele>1088</ele>
      </trkpt>
      <trkpt lat="45.60928" lon="6.00647">
        <ele>1089</ele>
      </trkpt>
      <trkpt lat="45.60907" lon="6.00647">
        <ele>1090</ele>
      </trkpt>
      <trkpt lat="45.60886" lon="6.00647">
        <ele>1090</ele>
      </trkpt>
      <trkpt lat="45.60865" lon="6.00647">
        <ele>1091</ele>
      </trkpt>
      <trkpt lat="45.60843" lon="6.00647">
        <ele>1091</ele>
      </trkpt>
      <trkpt lat="45.60827" lon="6.00645">
        <ele>1092</ele>
      </trkpt>
      <trkpt lat="45.6081" lon="6.00644">
        <ele>1092</ele>
      </trkpt>
      <trkpt lat="45.60795" lon="6.00643">
        <ele>1093</ele>
      </trkpt>
      <trkpt lat="45.60787" lon="6.0064">
        <ele>1093</ele>
      </trkpt>
      <trkpt lat="45.60782" lon="6.0063">
        <ele>1093</ele>
      </trkpt>
      <trkpt lat="45.60779" lon="6.00623">
        <ele>1094</ele>
      </trkpt>
      <trkpt lat="45.6077" lon="6.00621">
        <ele>1094</ele>
      </trkpt>
      <trkpt lat="45.60758" lon="6.00617">
        <ele>1094</ele>
      </trkpt>
      <trkpt lat="45.6074" lon="6.00607">
        <ele>1094</ele>
      </trkpt>
      <trkpt lat="45.60729" lon="6.00602">
        <ele>1094</ele>
      </trkpt>
      <trkpt lat="45.60717" lon="6.00597">
        <ele>1094</ele>
      </trkpt>
      <trkpt lat="45.60708" lon="6.00588">
        <ele>1094</ele>
      </trkpt>
      <trkpt lat="45.60703" lon="6.00581">
        <ele>1095</ele>
      </trkpt>
      <trkpt lat="45.607" lon="6.00575">
        <ele>1095</ele>
      </trkpt>
      <trkpt lat="45.60697" lon="6.00568">
        <ele>1095</ele>
      </trkpt>
      <trkpt lat="45.60696" lon="6.0056">
        <ele>1095</ele>
      </trkpt>
      <trkpt lat="45.60695" lon="6.00554">
        <ele>1096</ele>
      </trkpt>
      <trkpt lat="45.60694" lon="6.00547">
        <ele>1096</ele>
      </trkpt>
      <trkpt lat="45.60692" lon="6.00539">
        <ele>1097</ele>
      </trkpt>
      <trkpt lat="45.60685" lon="6.00521">
        <ele>1097</ele>
      </trkpt>
      <trkpt lat="45.60673" lon="6.00497">
        <ele>1097</ele>
      </trkpt>
      <trkpt lat="45.60668" lon="6.00489">
        <ele>1098</ele>
      </trkpt>
      <trkpt lat="45.6066" lon="6.00482">
        <ele>1098</ele>
      </trkpt>
      <trkpt lat="45.60653" lon="6.00477">
        <ele>1099</ele>
      </trkpt>
      <trkpt lat="45.60647" lon="6.00473">
        <ele>1099</ele>
      </trkpt>
      <trkpt lat="45.60642" lon="6.0047">
        <ele>1100</ele>
      </trkpt>
      <trkpt lat="45.60637" lon="6.00466">
        <ele>1101</ele>
      </trkpt>
      <trkpt lat="45.6063" lon="6.00457">
        <ele>1101</ele>
      </trkpt>
      <trkpt lat="45.60622" lon="6.00445">
        <ele>1102</ele>
      </trkpt>
      <trkpt lat="45.60614" lon="6.00433">
        <ele>1103</ele>
      </trkpt>
      <trkpt lat="45.60607" lon="6.0042">
        <ele>1104</ele>
      </trkpt>
      <trkpt lat="45.606" lon="6.00407">
        <ele>1105</ele>
      </trkpt>
      <trkpt lat="45.60589" lon="6.00384">
        <ele>1106</ele>
      </trkpt>
      <trkpt lat="45.60588" lon="6.00377">
        <ele>1107</ele>
      </trkpt>
      <trkpt lat="45.60586" lon="6.00368">
        <ele>1108</ele>
      </trkpt>
      <trkpt lat="45.60585" lon="6.00352">
        <ele>1109</ele>
      </trkpt>
      <trkpt lat="45.60585" lon="6.0034">
        <ele>1110</ele>
      </trkpt>
      <trkpt lat="45.60584" lon="6.00329">
        <ele>1111</ele>
      </trkpt>
      <trkpt lat="45.60583" lon="6.00319">
        <ele>1111</ele>
      </trkpt>
      <trkpt lat="45.60581" lon="6.0031">
        <ele>1112</ele>
      </trkpt>
      <trkpt lat="45.60579" lon="6.00301">
        <ele>1113</ele>
      </trkpt>
      <trkpt lat="45.60577" lon="6.00293">
        <ele>1113</ele>
      </trkpt>
      <trkpt lat="45.60576" lon="6.00285">
        <ele>1114</ele>
      </trkpt>
      <trkpt lat="45.60574" lon="6.00277">
        <ele>1114</ele>
      </trkpt>
      <trkpt lat="45.60573" lon="6.0027">
        <ele>1115</ele>
      </trkpt>
      <trkpt lat="45.6057" lon="6.00264">
        <ele>1115</ele>
      </trkpt>
      <trkpt lat="45.60566" lon="6.00259">
        <ele>1116</ele>
      </trkpt>
      <trkpt lat="45.60559" lon="6.00253">
        <ele>1117</ele>
      </trkpt>
      <trkpt lat="45.60549" lon="6.00245">
        <ele>1118</ele>
      </trkpt>
      <trkpt lat="45.60539" lon="6.00237">
        <ele>1119</ele>
      </trkpt>
      <trkpt lat="45.60532" lon="6.00231">
        <ele>1120</ele>
      </trkpt>
      <trkpt lat="45.60525" lon="6.00224">
        <ele>1121</ele>
      </trkpt>
      <trkpt lat="45.60517" lon="6.00212">
        <ele>1122</ele>
      </trkpt>
      <trkpt lat="45.60508" lon="6.002">
        <ele>1124</ele>
      </trkpt>
      <trkpt lat="45.60502" lon="6.00181">
        <ele>1125</ele>
      </trkpt>
      <trkpt lat="45.60499" lon="6.00153">
        <ele>1127</ele>
      </trkpt>
      <trkpt lat="45.605" lon="6.0013">
        <ele>1128</ele>
      </trkpt>
      <trkpt lat="45.605" lon="6.00107">
        <ele>1130</ele>
      </trkpt>
      <trkpt lat="45.60499" lon="6.00088">
        <ele>1131</ele>
      </trkpt>
      <trkpt lat="45.60499" lon="6.0007">
        <ele>1132</ele>
      </trkpt>
      <trkpt lat="45.605" lon="6.00042">
        <ele>1134</ele>
      </trkpt>
      <trkpt lat="45.60501" lon="6.00015">
        <ele>1135</ele>
      </trkpt>
      <trkpt lat="45.60501" lon="5.99993">
        <ele>1137</ele>
      </trkpt>
      <trkpt lat="45.60501" lon="5.9997">
        <ele>1138</ele>
      </trkpt>
      <trkpt lat="45.60502" lon="5.99953">
        <ele>1139</ele>
      </trkpt>
      <trkpt lat="45.60503" lon="5.99935">
        <ele>1141</ele>
      </trkpt>
      <trkpt lat="45.60517" lon="5.99932">
        <ele>1142</ele>
      </trkpt>
      <trkpt lat="45.60523" lon="5.99922">
        <ele>1144</ele>
      </trkpt>
      <trkpt lat="45.60524" lon="5.9992">
        <ele>1145</ele>
      </trkpt>
      <trkpt lat="45.60527" lon="5.99913">
        <ele>1147</ele>
      </trkpt>
      <trkpt lat="45.60532" lon="5.99905">
        <ele>1149</ele>
      </trkpt>
      <trkpt lat="45.60544" lon="5.99891">
        <ele>1150</ele>
      </trkpt>
      <trkpt lat="45.60556" lon="5.99876">
        <ele>1152</ele>
      </trkpt>
      <trkpt lat="45.60568" lon="5.99861">
        <ele>1154</ele>
      </trkpt>
      <trkpt lat="45.60578" lon="5.99846">
        <ele>1156</ele>
      </trkpt>
      <trkpt lat="45.60582" lon="5.99838">
        <ele>1158</ele>
      </trkpt>
      <trkpt lat="45.60594" lon="5.99814">
        <ele>1160</ele>
      </trkpt>
      <trkpt lat="45.60602" lon="5.99791">
        <ele>1162</ele>
      </trkpt>
      <trkpt lat="45.60606" lon="5.99776">
        <ele>1164</ele>
      </trkpt>
      <trkpt lat="45.60609" lon="5.99761">
        <ele>1166</ele>
      </trkpt>
      <trkpt lat="45.60612" lon="5.99741">
        <ele>1168</ele>
      </trkpt>
      <trkpt lat="45.60615" lon="5.99722">
        <ele>1170</ele>
      </trkpt>
      <trkpt lat="45.60616" lon="5.99708">
        <ele>1171</ele>
      </trkpt>
      <trkpt lat="45.60615" lon="5.99692">
        <ele>1173</ele>
      </trkpt>
      <trkpt lat="45.60619" lon="5.99667">
        <ele>1174</ele>
      </trkpt>
      <trkpt lat="45.60615" lon="5.99649">
        <ele>1176</ele>
      </trkpt>
      <trkpt lat="45.60614" lon="5.99637">
        <ele>1177</ele>
      </trkpt>
      <trkpt lat="45.6061" lon="5.9962">
        <ele>1178</ele>
      </trkpt>
      <trkpt lat="45.60605" lon="5.99606">
        <ele>1179</ele>
      </trkpt>
      <trkpt lat="45.60595" lon="5.99589">
        <ele>1179</ele>
      </trkpt>
      <trkpt lat="45.60588" lon="5.99577">
        <ele>1180</ele>
      </trkpt>
      <trkpt lat="45.60583" lon="5.99567">
        <ele>1181</ele>
      </trkpt>
      <trkpt lat="45.6058" lon="5.99553">
        <ele>1182</ele>
      </trkpt>
      <trkpt lat="45.60581" lon="5.99542">
        <ele>1183</ele>
      </trkpt>
      <trkpt lat="45.60584" lon="5.99532">
        <ele>1184</ele>
      </trkpt>
      <trkpt lat="45.60587" lon="5.9952">
        <ele>1185</ele>
      </trkpt>
      <trkpt lat="45.60591" lon="5.99511">
        <ele>1186</ele>
      </trkpt>
      <trkpt lat="45.60593" lon="5.99498">
        <ele>1187</ele>
      </trkpt>
      <trkpt lat="45.60593" lon="5.99486">
        <ele>1188</ele>
      </trkpt>
      <trkpt lat="45.60593" lon="5.99473">
        <ele>1188</ele>
      </trkpt>
      <trkpt lat="45.60596" lon="5.99445">
        <ele>1189</ele>
      </trkpt>
      <trkpt lat="45.60597" lon="5.99431">
        <ele>1190</ele>
      </trkpt>
      <trkpt lat="45.60601" lon="5.99416">
        <ele>1190</ele>
      </trkpt>
      <trkpt lat="45.606" lon="5.99386">
        <ele>1191</ele>
      </trkpt>
      <trkpt lat="45.60597" lon="5.99359">
        <ele>1191</ele>
      </trkpt>
      <trkpt lat="45.60596" lon="5.99342">
        <ele>1192</ele>
      </trkpt>
      <trkpt lat="45.60597" lon="5.99327">
        <ele>1192</ele>
      </trkpt>
      <trkpt lat="45.60596" lon="5.99312">
        <ele>1192</ele>
      </trkpt>
      <trkpt lat="45.60592" lon="5.99298">
        <ele>1193</ele>
      </trkpt>
      <trkpt lat="45.60592" lon="5.99277">
        <ele>1193</ele>
      </trkpt>
      <trkpt lat="45.60591" lon="5.99255">
        <ele>1194</ele>
      </trkpt>
      <trkpt lat="45.60588" lon="5.99225">
        <ele>1195</ele>
      </trkpt>
      <trkpt lat="45.60585" lon="5.99201">
        <ele>1195</ele>
      </trkpt>
      <trkpt lat="45.60579" lon="5.99173">
        <ele>1196</ele>
      </trkpt>
      <trkpt lat="45.60574" lon="5.99158">
        <ele>1196</ele>
      </trkpt>
      <trkpt lat="45.60573" lon="5.99142">
        <ele>1197</ele>
      </trkpt>
      <trkpt lat="45.60577" lon="5.99122">
        <ele>1197</ele>
      </trkpt>
      <trkpt lat="45.60582" lon="5.99105">
        <ele>1198</ele>
      </trkpt>
      <trkpt lat="45.60588" lon="5.99091">
        <ele>1198</ele>
      </trkpt>
      <trkpt lat="45.60591" lon="5.99076">
        <ele>1197</ele>
      </trkpt>
      <trkpt lat="45.60585" lon="5.99064">
        <ele>1196</ele>
      </trkpt>
      <trkpt lat="45.60582" lon="5.99054">
        <ele>1196</ele>
      </trkpt>
      <trkpt lat="45.60584" lon="5.99048">
        <ele>1195</ele>
      </trkpt>
      <trkpt lat="45.60593" lon="5.99045">
        <ele>1193</ele>
      </trkpt>
      <trkpt lat="45.606" lon="5.99045">
        <ele>1192</ele>
      </trkpt>
      <trkpt lat="45.60609" lon="5.99039">
        <ele>1190</ele>
      </trkpt>
      <trkpt lat="45.60605" lon="5.99012">
        <ele>1187</ele>
      </trkpt>
      <trkpt lat="45.60604" lon="5.98989">
        <ele>1184</ele>
      </trkpt>
      <trkpt lat="45.60607" lon="5.98971">
        <ele>1181</ele>
      </trkpt>
      <trkpt lat="45.60616" lon="5.98958">
        <ele>1177</ele>
      </trkpt>
      <trkpt lat="45.60616" lon="5.98948">
        <ele>1174</ele>
      </trkpt>
      <trkpt lat="45.60622" lon="5.98951">
        <ele>1171</ele>
      </trkpt>
      <trkpt lat="45.60628" lon="5.98953">
        <ele>1168</ele>
      </trkpt>
      <trkpt lat="45.60638" lon="5.98957">
        <ele>1165</ele>
      </trkpt>
      <trkpt lat="45.60649" lon="5.98958">
        <ele>1162</ele>
      </trkpt>
      <trkpt lat="45.60655" lon="5.98957">
        <ele>1159</ele>
      </trkpt>
      <trkpt lat="45.60661" lon="5.98954">
        <ele>1155</ele>
      </trkpt>
      <trkpt lat="45.60665" lon="5.98954">
        <ele>1153</ele>
      </trkpt>
      <trkpt lat="45.60669" lon="5.98944">
        <ele>1152</ele>
      </trkpt>
      <trkpt lat="45.60672" lon="5.98934">
        <ele>1150</ele>
      </trkpt>
      <trkpt lat="45.60676" lon="5.98925">
        <ele>1149</ele>
      </trkpt>
      <trkpt lat="45.60676" lon="5.9892">
        <ele>1147</ele>
      </trkpt>
      <trkpt lat="45.60674" lon="5.98916">
        <ele>1146</ele>
      </trkpt>
      <trkpt lat="45.60672" lon="5.98912">
        <ele>1144</ele>
      </trkpt>
      <trkpt lat="45.60671" lon="5.98907">
        <ele>1143</ele>
      </trkpt>
      <trkpt lat="45.60669" lon="5.989">
        <ele>1142</ele>
      </trkpt>
      <trkpt lat="45.6067" lon="5.98891">
        <ele>1141</ele>
      </trkpt>
      <trkpt lat="45.60671" lon="5.98887">
        <ele>1141</ele>
      </trkpt>
      <trkpt lat="45.60669" lon="5.98882">
        <ele>1140</ele>
      </trkpt>
      <trkpt lat="45.60668" lon="5.98875">
        <ele>1140</ele>
      </trkpt>
      <trkpt lat="45.60672" lon="5.98868">
        <ele>1139</ele>
      </trkpt>
      <trkpt lat="45.60672" lon="5.9886">
        <ele>1139</ele>
      </trkpt>
      <trkpt lat="45.60672" lon="5.9885">
        <ele>1138</ele>
      </trkpt>
      <trkpt lat="45.6067" lon="5.98838">
        <ele>1138</ele>
      </trkpt>
      <trkpt lat="45.60667" lon="5.98831">
        <ele>1137</ele>
      </trkpt>
      <trkpt lat="45.60666" lon="5.98826">
        <ele>1137</ele>
      </trkpt>
      <trkpt lat="45.60667" lon="5.98822">
        <ele>1137</ele>
      </trkpt>
      <trkpt lat="45.60666" lon="5.98812">
        <ele>1136</ele>
      </trkpt>
      <trkpt lat="45.60667" lon="5.98802">
        <ele>1136</ele>
      </trkpt>
      <trkpt lat="45.60665" lon="5.98792">
        <ele>1135</ele>
      </trkpt>
      <trkpt lat="45.60665" lon="5.98783">
        <ele>1135</ele>
      </trkpt>
      <trkpt lat="45.60665" lon="5.98775">
        <ele>1134</ele>
      </trkpt>
      <trkpt lat="45.60664" lon="5.98766">
        <ele>1134</ele>
      </trkpt>
      <trkpt lat="45.60662" lon="5.98763">
        <ele>1133</ele>
      </trkpt>
      <trkpt lat="45.60659" lon="5.98754">
        <ele>1132</ele>
      </trkpt>
      <trkpt lat="45.60657" lon="5.98744">
        <ele>1132</ele>
      </trkpt>
      <trkpt lat="45.60655" lon="5.98736">
        <ele>1131</ele>
      </trkpt>
      <trkpt lat="45.60653" lon="5.98727">
        <ele>1130</ele>
      </trkpt>
      <trkpt lat="45.60651" lon="5.9872">
        <ele>1129</ele>
      </trkpt>
      <trkpt lat="45.60648" lon="5.98712">
        <ele>1128</ele>
      </trkpt>
      <trkpt lat="45.60643" lon="5.98706">
        <ele>1128</ele>
      </trkpt>
      <trkpt lat="45.60641" lon="5.98702">
        <ele>1127</ele>
      </trkpt>
      <trkpt lat="45.60641" lon="5.98692">
        <ele>1126</ele>
      </trkpt>
      <trkpt lat="45.60638" lon="5.98691">
        <ele>1125</ele>
      </trkpt>
      <trkpt lat="45.60638" lon="5.98682">
        <ele>1125</ele>
      </trkpt>
      <trkpt lat="45.60638" lon="5.98675">
        <ele>1124</ele>
      </trkpt>
      <trkpt lat="45.60637" lon="5.98667">
        <ele>1123</ele>
      </trkpt>
      <trkpt lat="45.60634" lon="5.98655">
        <ele>1123</ele>
      </trkpt>
      <trkpt lat="45.6063" lon="5.98646">
        <ele>1122</ele>
      </trkpt>
      <trkpt lat="45.6063" lon="5.98636">
        <ele>1121</ele>
      </trkpt>
      <trkpt lat="45.60628" lon="5.98629">
        <ele>1121</ele>
      </trkpt>
      <trkpt lat="45.60627" lon="5.98623">
        <ele>1120</ele>
      </trkpt>
      <trkpt lat="45.60624" lon="5.98619">
        <ele>1119</ele>
      </trkpt>
      <trkpt lat="45.60623" lon="5.98611">
        <ele>1119</ele>
      </trkpt>
      <trkpt lat="45.60623" lon="5.98602">
        <ele>1118</ele>
      </trkpt>
      <trkpt lat="45.60622" lon="5.98595">
        <ele>1117</ele>
      </trkpt>
      <trkpt lat="45.60623" lon="5.98589">
        <ele>1116</ele>
      </trkpt>
      <trkpt lat="45.60625" lon="5.98584">
        <ele>1114</ele>
      </trkpt>
      <trkpt lat="45.60622" lon="5.9858">
        <ele>1113</ele>
      </trkpt>
      <trkpt lat="45.60617" lon="5.98582">
        <ele>1112</ele>
      </trkpt>
      <trkpt lat="45.60615" lon="5.98577">
        <ele>1111</ele>
      </trkpt>
      <trkpt lat="45.60615" lon="5.98572">
        <ele>1110</ele>
      </trkpt>
      <trkpt lat="45.60618" lon="5.9857">
        <ele>1108</ele>
      </trkpt>
      <trkpt lat="45.60617" lon="5.98562">
        <ele>1106</ele>
      </trkpt>
      <trkpt lat="45.60618" lon="5.98552">
        <ele>1104</ele>
      </trkpt>
      <trkpt lat="45.60618" lon="5.98546">
        <ele>1102</ele>
      </trkpt>
      <trkpt lat="45.60617" lon="5.9854">
        <ele>1100</ele>
      </trkpt>
      <trkpt lat="45.60616" lon="5.98538">
        <ele>1098</ele>
      </trkpt>
      <trkpt lat="45.60618" lon="5.9853">
        <ele>1096</ele>
      </trkpt>
      <trkpt lat="45.60618" lon="5.98523">
        <ele>1094</ele>
      </trkpt>
      <trkpt lat="45.6062" lon="5.98521">
        <ele>1091</ele>
      </trkpt>
      <trkpt lat="45.60619" lon="5.98517">
        <ele>1089</ele>
      </trkpt>
      <trkpt lat="45.6062" lon="5.98514">
        <ele>1087</ele>
      </trkpt>
      <trkpt lat="45.60619" lon="5.98506">
        <ele>1084</ele>
      </trkpt>
      <trkpt lat="45.6062" lon="5.98502">
        <ele>1083</ele>
      </trkpt>
      <trkpt lat="45.60618" lon="5.98497">
        <ele>1081</ele>
      </trkpt>
      <trkpt lat="45.60619" lon="5.98488">
        <ele>1079</ele>
      </trkpt>
      <trkpt lat="45.60623" lon="5.98482">
        <ele>1078</ele>
      </trkpt>
      <trkpt lat="45.60626" lon="5.98479">
        <ele>1076</ele>
      </trkpt>
      <trkpt lat="45.60629" lon="5.98473">
        <ele>1075</ele>
      </trkpt>
      <trkpt lat="45.60631" lon="5.98472">
        <ele>1073</ele>
      </trkpt>
      <trkpt lat="45.60629" lon="5.98466">
        <ele>1071</ele>
      </trkpt>
      <trkpt lat="45.60631" lon="5.98462">
        <ele>1070</ele>
      </trkpt>
      <trkpt lat="45.60632" lon="5.98458">
        <ele>1068</ele>
      </trkpt>
      <trkpt lat="45.60632" lon="5.98452">
        <ele>1067</ele>
      </trkpt>
      <trkpt lat="45.60634" lon="5.9845">
        <ele>1065</ele>
      </trkpt>
      <trkpt lat="45.60638" lon="5.98447">
        <ele>1064</ele>
      </trkpt>
      <trkpt lat="45.60638" lon="5.98443">
        <ele>1063</ele>
      </trkpt>
      <trkpt lat="45.60642" lon="5.98436">
        <ele>1061</ele>
      </trkpt>
      <trkpt lat="45.60645" lon="5.98431">
        <ele>1060</ele>
      </trkpt>
      <trkpt lat="45.60648" lon="5.98427">
        <ele>1059</ele>
      </trkpt>
      <trkpt lat="45.60652" lon="5.98423">
        <ele>1058</ele>
      </trkpt>
      <trkpt lat="45.60655" lon="5.98417">
        <ele>1057</ele>
      </trkpt>
      <trkpt lat="45.6066" lon="5.98413">
        <ele>1056</ele>
      </trkpt>
      <trkpt lat="45.60664" lon="5.98408">
        <ele>1056</ele>
      </trkpt>
      <trkpt lat="45.60669" lon="5.98404">
        <ele>1055</ele>
      </trkpt>
      <trkpt lat="45.60673" lon="5.98401">
        <ele>1055</ele>
      </trkpt>
      <trkpt lat="45.60678" lon="5.98399">
        <ele>1054</ele>
      </trkpt>
      <trkpt lat="45.60683" lon="5.98398">
        <ele>1053</ele>
      </trkpt>
      <trkpt lat="45.60686" lon="5.98395">
        <ele>1053</ele>
      </trkpt>
      <trkpt lat="45.60691" lon="5.98392">
        <ele>1052</ele>
      </trkpt>
      <trkpt lat="45.60692" lon="5.98389">
        <ele>1051</ele>
      </trkpt>
      <trkpt lat="45.60694" lon="5.98386">
        <ele>1050</ele>
      </trkpt>
      <trkpt lat="45.60697" lon="5.98383">
        <ele>1049</ele>
      </trkpt>
      <trkpt lat="45.607" lon="5.98375">
        <ele>1048</ele>
      </trkpt>
      <trkpt lat="45.60701" lon="5.98372">
        <ele>1046</ele>
      </trkpt>
      <trkpt lat="45.60705" lon="5.98368">
        <ele>1045</ele>
      </trkpt>
      <trkpt lat="45.60711" lon="5.98364">
        <ele>1044</ele>
      </trkpt>
      <trkpt lat="45.60716" lon="5.98359">
        <ele>1043</ele>
      </trkpt>
      <trkpt lat="45.60719" lon="5.98355">
        <ele>1041</ele>
      </trkpt>
      <trkpt lat="45.60722" lon="5.98353">
        <ele>1040</ele>
      </trkpt>
      <trkpt lat="45.60726" lon="5.98352">
        <ele>1040</ele>
      </trkpt>
      <trkpt lat="45.60731" lon="5.98351">
        <ele>1039</ele>
      </trkpt>
      <trkpt lat="45.60735" lon="5.9835">
        <ele>1038</ele>
      </trkpt>
      <trkpt lat="45.6074" lon="5.98349">
        <ele>1038</ele>
      </trkpt>
      <trkpt lat="45.60743" lon="5.98346">
        <ele>1038</ele>
      </trkpt>
      <trkpt lat="45.60747" lon="5.98345">
        <ele>1038</ele>
      </trkpt>
      <trkpt lat="45.60752" lon="5.98344">
        <ele>1037</ele>
      </trkpt>
      <trkpt lat="45.60755" lon="5.98341">
        <ele>1037</ele>
      </trkpt>
      <trkpt lat="45.60757" lon="5.98338">
        <ele>1037</ele>
      </trkpt>
      <trkpt lat="45.60761" lon="5.98336">
        <ele>1037</ele>
      </trkpt>
      <trkpt lat="45.60764" lon="5.98336">
        <ele>1037</ele>
      </trkpt>
      <trkpt lat="45.60766" lon="5.98339">
        <ele>1037</ele>
      </trkpt>
      <trkpt lat="45.60768" lon="5.98342">
        <ele>1038</ele>
      </trkpt>
      <trkpt lat="45.6077" lon="5.98341">
        <ele>1037</ele>
      </trkpt>
      <trkpt lat="45.60773" lon="5.98339">
        <ele>1037</ele>
      </trkpt>
      <trkpt lat="45.60772" lon="5.98336">
        <ele>1036</ele>
      </trkpt>
      <trkpt lat="45.60772" lon="5.98333">
        <ele>1036</ele>
      </trkpt>
      <trkpt lat="45.60775" lon="5.98334">
        <ele>1035</ele>
      </trkpt>
      <trkpt lat="45.60777" lon="5.98333">
        <ele>1034</ele>
      </trkpt>
      <trkpt lat="45.60779" lon="5.9833">
        <ele>1033</ele>
      </trkpt>
      <trkpt lat="45.60783" lon="5.98328">
        <ele>1031</ele>
      </trkpt>
      <trkpt lat="45.60778" lon="5.98325">
        <ele>1030</ele>
      </trkpt>
      <trkpt lat="45.60776" lon="5.98323">
        <ele>1028</ele>
      </trkpt>
      <trkpt lat="45.60774" lon="5.98322">
        <ele>1026</ele>
      </trkpt>
      <trkpt lat="45.60774" lon="5.98318">
        <ele>1024</ele>
      </trkpt>
      <trkpt lat="45.60772" lon="5.98315">
        <ele>1023</ele>
      </trkpt>
      <trkpt lat="45.6077" lon="5.98319">
        <ele>1021</ele>
      </trkpt>
      <trkpt lat="45.60766" lon="5.98318">
        <ele>1020</ele>
      </trkpt>
      <trkpt lat="45.60765" lon="5.98317">
        <ele>1018</ele>
      </trkpt>
      <trkpt lat="45.60763" lon="5.98316">
        <ele>1017</ele>
      </trkpt>
      <trkpt lat="45.60764" lon="5.98314">
        <ele>1016</ele>
      </trkpt>
      <trkpt lat="45.60766" lon="5.98312">
        <ele>1014</ele>
      </trkpt>
      <trkpt lat="45.60769" lon="5.9831">
        <ele>1013</ele>
      </trkpt>
      <trkpt lat="45.60773" lon="5.98308">
        <ele>1013</ele>
      </trkpt>
      <trkpt lat="45.60776" lon="5.98304">
        <ele>1012</ele>
      </trkpt>
      <trkpt lat="45.60779" lon="5.98301">
        <ele>1011</ele>
      </trkpt>
      <trkpt lat="45.6078" lon="5.98297">
        <ele>1010</ele>
      </trkpt>
      <trkpt lat="45.60782" lon="5.98294">
        <ele>1009</ele>
      </trkpt>
      <trkpt lat="45.60786" lon="5.98293">
        <ele>1009</ele>
      </trkpt>
      <trkpt lat="45.60789" lon="5.9829">
        <ele>1008</ele>
      </trkpt>
      <trkpt lat="45.60791" lon="5.98286">
        <ele>1007</ele>
      </trkpt>
      <trkpt lat="45.60795" lon="5.98282">
        <ele>1006</ele>
      </trkpt>
      <trkpt lat="45.60796" lon="5.98278">
        <ele>1005</ele>
      </trkpt>
      <trkpt lat="45.60798" lon="5.98274">
        <ele>1004</ele>
      </trkpt>
      <trkpt lat="45.60799" lon="5.98271">
        <ele>1002</ele>
      </trkpt>
      <trkpt lat="45.60802" lon="5.98267">
        <ele>1001</ele>
      </trkpt>
      <trkpt lat="45.60799" lon="5.98263">
        <ele>1000</ele>
      </trkpt>
      <trkpt lat="45.608" lon="5.98259">
        <ele>998</ele>
      </trkpt>
      <trkpt lat="45.60801" lon="5.98255">
        <ele>997</ele>
      </trkpt>
      <trkpt lat="45.60802" lon="5.9825">
        <ele>995</ele>
      </trkpt>
      <trkpt lat="45.60802" lon="5.98247">
        <ele>993</ele>
      </trkpt>
      <trkpt lat="45.60801" lon="5.98243">
        <ele>992</ele>
      </trkpt>
      <trkpt lat="45.60802" lon="5.98239">
        <ele>990</ele>
      </trkpt>
      <trkpt lat="45.60804" lon="5.98233">
        <ele>989</ele>
      </trkpt>
      <trkpt lat="45.60806" lon="5.98226">
        <ele>987</ele>
      </trkpt>
      <trkpt lat="45.60806" lon="5.98221">
        <ele>986</ele>
      </trkpt>
      <trkpt lat="45.60809" lon="5.98218">
        <ele>985</ele>
      </trkpt>
      <trkpt lat="45.60809" lon="5.98215">
        <ele>983</ele>
      </trkpt>
      <trkpt lat="45.60809" lon="5.9821">
        <ele>982</ele>
      </trkpt>
      <trkpt lat="45.60811" lon="5.98207">
        <ele>981</ele>
      </trkpt>
      <trkpt lat="45.60811" lon="5.98203">
        <ele>980</ele>
      </trkpt>
      <trkpt lat="45.6081" lon="5.98197">
        <ele>979</ele>
      </trkpt>
      <trkpt lat="45.60812" lon="5.98192">
        <ele>977</ele>
      </trkpt>
      <trkpt lat="45.60812" lon="5.98186">
        <ele>976</ele>
      </trkpt>
      <trkpt lat="45.60814" lon="5.98181">
        <ele>975</ele>
      </trkpt>
      <trkpt lat="45.60817" lon="5.98177">
        <ele>974</ele>
      </trkpt>
      <trkpt lat="45.60818" lon="5.98172">
        <ele>973</ele>
      </trkpt>
      <trkpt lat="45.6082" lon="5.98168">
        <ele>971</ele>
      </trkpt>
      <trkpt lat="45.60821" lon="5.98164">
        <ele>970</ele>
      </trkpt>
      <trkpt lat="45.60821" lon="5.98159">
        <ele>969</ele>
      </trkpt>
      <trkpt lat="45.60822" lon="5.98156">
        <ele>968</ele>
      </trkpt>
      <trkpt lat="45.60823" lon="5.98151">
        <ele>967</ele>
      </trkpt>
      <trkpt lat="45.60824" lon="5.98145">
        <ele>966</ele>
      </trkpt>
      <trkpt lat="45.60824" lon="5.98141">
        <ele>964</ele>
      </trkpt>
      <trkpt lat="45.60824" lon="5.98137">
        <ele>963</ele>
      </trkpt>
      <trkpt lat="45.60826" lon="5.98135">
        <ele>963</ele>
      </trkpt>
      <trkpt lat="45.60828" lon="5.98131">
        <ele>962</ele>
      </trkpt>
      <trkpt lat="45.60824" lon="5.98132">
        <ele>961</ele>
      </trkpt>
      <trkpt lat="45.60821" lon="5.98133">
        <ele>960</ele>
      </trkpt>
      <trkpt lat="45.60818" lon="5.98132">
        <ele>959</ele>
      </trkpt>
      <trkpt lat="45.60817" lon="5.98136">
        <ele>959</ele>
      </trkpt>
      <trkpt lat="45.60814" lon="5.98137">
        <ele>958</ele>
      </trkpt>
      <trkpt lat="45.60812" lon="5.98138">
        <ele>957</ele>
      </trkpt>
      <trkpt lat="45.60809" lon="5.98142">
        <ele>956</ele>
      </trkpt>
      <trkpt lat="45.60805" lon="5.98142">
        <ele>956</ele>
      </trkpt>
      <trkpt lat="45.60802" lon="5.9814">
        <ele>955</ele>
      </trkpt>
      <trkpt lat="45.608" lon="5.98141">
        <ele>954</ele>
      </trkpt>
      <trkpt lat="45.60796" lon="5.98142">
        <ele>953</ele>
      </trkpt>
      <trkpt lat="45.60796" lon="5.9814">
        <ele>952</ele>
      </trkpt>
      <trkpt lat="45.60797" lon="5.98137">
        <ele>951</ele>
      </trkpt>
      <trkpt lat="45.60797" lon="5.98135">
        <ele>951</ele>
      </trkpt>
      <trkpt lat="45.60799" lon="5.98133">
        <ele>950</ele>
      </trkpt>
      <trkpt lat="45.60799" lon="5.98127">
        <ele>949</ele>
      </trkpt>
      <trkpt lat="45.60802" lon="5.98123">
        <ele>948</ele>
      </trkpt>
      <trkpt lat="45.60804" lon="5.98119">
        <ele>946</ele>
      </trkpt>
      <trkpt lat="45.60807" lon="5.98115">
        <ele>945</ele>
      </trkpt>
      <trkpt lat="45.60809" lon="5.9811">
        <ele>944</ele>
      </trkpt>
      <trkpt lat="45.60812" lon="5.98109">
        <ele>943</ele>
      </trkpt>
      <trkpt lat="45.60813" lon="5.9809">
        <ele>942</ele>
      </trkpt>
      <trkpt lat="45.60834" lon="5.98088">
        <ele>942</ele>
      </trkpt>
      <trkpt lat="45.60854" lon="5.98085">
        <ele>942</ele>
      </trkpt>
      <trkpt lat="45.60858" lon="5.98083">
        <ele>942</ele>
      </trkpt>
      <trkpt lat="45.60861" lon="5.98082">
        <ele>942</ele>
      </trkpt>
      <trkpt lat="45.60863" lon="5.98077">
        <ele>942</ele>
      </trkpt>
      <trkpt lat="45.60867" lon="5.98074">
        <ele>942</ele>
      </trkpt>
      <trkpt lat="45.60873" lon="5.98066">
        <ele>943</ele>
      </trkpt>
      <trkpt lat="45.60872" lon="5.98055">
        <ele>944</ele>
      </trkpt>
      <trkpt lat="45.6087" lon="5.98045">
        <ele>946</ele>
      </trkpt>
      <trkpt lat="45.60866" lon="5.98029">
        <ele>947</ele>
      </trkpt>
      <trkpt lat="45.60856" lon="5.98015">
        <ele>948</ele>
      </trkpt>
      <trkpt lat="45.60848" lon="5.98">
        <ele>950</ele>
      </trkpt>
      <trkpt lat="45.60841" lon="5.97984">
        <ele>951</ele>
      </trkpt>
      <trkpt lat="45.60836" lon="5.97965">
        <ele>953</ele>
      </trkpt>
      <trkpt lat="45.60834" lon="5.9794">
        <ele>954</ele>
      </trkpt>
      <trkpt lat="45.60829" lon="5.97913">
        <ele>956</ele>
      </trkpt>
      <trkpt lat="45.60828" lon="5.97897">
        <ele>957</ele>
      </trkpt>
      <trkpt lat="45.60827" lon="5.97887">
        <ele>959</ele>
      </trkpt>
      <trkpt lat="45.60824" lon="5.97875">
        <ele>960</ele>
      </trkpt>
      <trkpt lat="45.60817" lon="5.9785">
        <ele>960</ele>
      </trkpt>
      <trkpt lat="45.60814" lon="5.97836">
        <ele>961</ele>
      </trkpt>
      <trkpt lat="45.60812" lon="5.97822">
        <ele>961</ele>
      </trkpt>
      <trkpt lat="45.60811" lon="5.9781">
        <ele>961</ele>
      </trkpt>
      <trkpt lat="45.60808" lon="5.97809">
        <ele>961</ele>
      </trkpt>
      <trkpt lat="45.60802" lon="5.97802">
        <ele>960</ele>
      </trkpt>
      <trkpt lat="45.60798" lon="5.97794">
        <ele>959</ele>
      </trkpt>
      <trkpt lat="45.60794" lon="5.97782">
        <ele>958</ele>
      </trkpt>
      <trkpt lat="45.60792" lon="5.97768">
        <ele>957</ele>
      </trkpt>
      <trkpt lat="45.6079" lon="5.97759">
        <ele>956</ele>
      </trkpt>
      <trkpt lat="45.60787" lon="5.97748">
        <ele>955</ele>
      </trkpt>
      <trkpt lat="45.60785" lon="5.97739">
        <ele>954</ele>
      </trkpt>
      <trkpt lat="45.60784" lon="5.97729">
        <ele>953</ele>
      </trkpt>
      <trkpt lat="45.60784" lon="5.97714">
        <ele>952</ele>
      </trkpt>
      <trkpt lat="45.60786" lon="5.97703">
        <ele>950</ele>
      </trkpt>
      <trkpt lat="45.60786" lon="5.97691">
        <ele>949</ele>
      </trkpt>
      <trkpt lat="45.60783" lon="5.97676">
        <ele>947</ele>
      </trkpt>
      <trkpt lat="45.60779" lon="5.97664">
        <ele>946</ele>
      </trkpt>
      <trkpt lat="45.60771" lon="5.97653">
        <ele>944</ele>
      </trkpt>
      <trkpt lat="45.60766" lon="5.97647">
        <ele>943</ele>
      </trkpt>
      <trkpt lat="45.60759" lon="5.97641">
        <ele>941</ele>
      </trkpt>
      <trkpt lat="45.60752" lon="5.97637">
        <ele>940</ele>
      </trkpt>
      <trkpt lat="45.60746" lon="5.97631">
        <ele>938</ele>
      </trkpt>
      <trkpt lat="45.60742" lon="5.97624">
        <ele>937</ele>
      </trkpt>
      <trkpt lat="45.6074" lon="5.97616">
        <ele>935</ele>
      </trkpt>
      <trkpt lat="45.60738" lon="5.9761">
        <ele>934</ele>
      </trkpt>
      <trkpt lat="45.60736" lon="5.97595">
        <ele>933</ele>
      </trkpt>
      <trkpt lat="45.60737" lon="5.97583">
        <ele>931</ele>
      </trkpt>
      <trkpt lat="45.60739" lon="5.97571">
        <ele>930</ele>
      </trkpt>
      <trkpt lat="45.60741" lon="5.97561">
        <ele>929</ele>
      </trkpt>
      <trkpt lat="45.6074" lon="5.97554">
        <ele>928</ele>
      </trkpt>
      <trkpt lat="45.60739" lon="5.97533">
        <ele>927</ele>
      </trkpt>
      <trkpt lat="45.60738" lon="5.97513">
        <ele>926</ele>
      </trkpt>
      <trkpt lat="45.60738" lon="5.97504">
        <ele>925</ele>
      </trkpt>
      <trkpt lat="45.60738" lon="5.97488">
        <ele>924</ele>
      </trkpt>
      <trkpt lat="45.60739" lon="5.97477">
        <ele>923</ele>
      </trkpt>
      <trkpt lat="45.6074" lon="5.97469">
        <ele>922</ele>
      </trkpt>
      <trkpt lat="45.60741" lon="5.9746">
        <ele>921</ele>
      </trkpt>
      <trkpt lat="45.60742" lon="5.97446">
        <ele>919</ele>
      </trkpt>
      <trkpt lat="45.60741" lon="5.97432">
        <ele>918</ele>
      </trkpt>
      <trkpt lat="45.60738" lon="5.97419">
        <ele>917</ele>
      </trkpt>
      <trkpt lat="45.60732" lon="5.97405">
        <ele>915</ele>
      </trkpt>
      <trkpt lat="45.60718" lon="5.97393">
        <ele>913</ele>
      </trkpt>
      <trkpt lat="45.60705" lon="5.97386">
        <ele>912</ele>
      </trkpt>
      <trkpt lat="45.6069" lon="5.97377">
        <ele>910</ele>
      </trkpt>
      <trkpt lat="45.60671" lon="5.97365">
        <ele>908</ele>
      </trkpt>
      <trkpt lat="45.60657" lon="5.97353">
        <ele>907</ele>
      </trkpt>
      <trkpt lat="45.60638" lon="5.97336">
        <ele>905</ele>
      </trkpt>
      <trkpt lat="45.60624" lon="5.97325">
        <ele>903</ele>
      </trkpt>
      <trkpt lat="45.60609" lon="5.97313">
        <ele>901</ele>
      </trkpt>
      <trkpt lat="45.60599" lon="5.97306">
        <ele>899</ele>
      </trkpt>
      <trkpt lat="45.60589" lon="5.973">
        <ele>897</ele>
      </trkpt>
      <trkpt lat="45.60585" lon="5.97296">
        <ele>895</ele>
      </trkpt>
      <trkpt lat="45.60574" lon="5.97288">
        <ele>893</ele>
      </trkpt>
      <trkpt lat="45.60564" lon="5.97279">
        <ele>891</ele>
      </trkpt>
      <trkpt lat="45.60552" lon="5.97271">
        <ele>889</ele>
      </trkpt>
      <trkpt lat="45.60542" lon="5.97262">
        <ele>886</ele>
      </trkpt>
      <trkpt lat="45.60532" lon="5.97253">
        <ele>883</ele>
      </trkpt>
      <trkpt lat="45.60523" lon="5.97245">
        <ele>880</ele>
      </trkpt>
      <trkpt lat="45.60509" lon="5.97234">
        <ele>877</ele>
      </trkpt>
      <trkpt lat="45.60489" lon="5.97223">
        <ele>873</ele>
      </trkpt>
      <trkpt lat="45.6047" lon="5.97212">
        <ele>870</ele>
      </trkpt>
      <trkpt lat="45.60455" lon="5.97202">
        <ele>866</ele>
      </trkpt>
      <trkpt lat="45.60435" lon="5.97191">
        <ele>862</ele>
      </trkpt>
      <trkpt lat="45.60414" lon="5.97179">
        <ele>859</ele>
      </trkpt>
      <trkpt lat="45.60394" lon="5.97168">
        <ele>855</ele>
      </trkpt>
      <trkpt lat="45.60393" lon="5.97168">
        <ele>852</ele>
      </trkpt>
      <trkpt lat="45.60376" lon="5.97159">
        <ele>849</ele>
      </trkpt>
      <trkpt lat="45.60358" lon="5.97151">
        <ele>846</ele>
      </trkpt>
      <trkpt lat="45.60345" lon="5.97144">
        <ele>843</ele>
      </trkpt>
      <trkpt lat="45.60335" lon="5.97136">
        <ele>840</ele>
      </trkpt>
      <trkpt lat="45.60315" lon="5.97125">
        <ele>838</ele>
      </trkpt>
      <trkpt lat="45.60311" lon="5.97124">
        <ele>836</ele>
      </trkpt>
      <trkpt lat="45.60305" lon="5.97122">
        <ele>834</ele>
      </trkpt>
      <trkpt lat="45.60296" lon="5.97117">
        <ele>832</ele>
      </trkpt>
      <trkpt lat="45.60285" lon="5.97109">
        <ele>830</ele>
      </trkpt>
      <trkpt lat="45.60274" lon="5.971">
        <ele>828</ele>
      </trkpt>
      <trkpt lat="45.60264" lon="5.97092">
        <ele>827</ele>
      </trkpt>
      <trkpt lat="45.60249" lon="5.97077">
        <ele>825</ele>
      </trkpt>
      <trkpt lat="45.60234" lon="5.97062">
        <ele>824</ele>
      </trkpt>
      <trkpt lat="45.60223" lon="5.97055">
        <ele>823</ele>
      </trkpt>
      <trkpt lat="45.60212" lon="5.97045">
        <ele>822</ele>
      </trkpt>
      <trkpt lat="45.60201" lon="5.97035">
        <ele>820</ele>
      </trkpt>
      <trkpt lat="45.60194" lon="5.97026">
        <ele>819</ele>
      </trkpt>
      <trkpt lat="45.60174" lon="5.97011">
        <ele>818</ele>
      </trkpt>
      <trkpt lat="45.60165" lon="5.97004">
        <ele>817</ele>
      </trkpt>
      <trkpt lat="45.60158" lon="5.96994">
        <ele>816</ele>
      </trkpt>
      <trkpt lat="45.60152" lon="5.96982">
        <ele>814</ele>
      </trkpt>
      <trkpt lat="45.60147" lon="5.96975">
        <ele>813</ele>
      </trkpt>
      <trkpt lat="45.60138" lon="5.96968">
        <ele>812</ele>
      </trkpt>
      <trkpt lat="45.60129" lon="5.96962">
        <ele>811</ele>
      </trkpt>
      <trkpt lat="45.6012" lon="5.96958">
        <ele>809</ele>
      </trkpt>
      <trkpt lat="45.60112" lon="5.96954">
        <ele>808</ele>
      </trkpt>
      <trkpt lat="45.60106" lon="5.96946">
        <ele>806</ele>
      </trkpt>
      <trkpt lat="45.60102" lon="5.96936">
        <ele>804</ele>
      </trkpt>
      <trkpt lat="45.60095" lon="5.96925">
        <ele>802</ele>
      </trkpt>
      <trkpt lat="45.60083" lon="5.9691">
        <ele>800</ele>
      </trkpt>
      <trkpt lat="45.60072" lon="5.96896">
        <ele>798</ele>
      </trkpt>
      <trkpt lat="45.60061" lon="5.96882">
        <ele>795</ele>
      </trkpt>
      <trkpt lat="45.60047" lon="5.96879">
        <ele>792</ele>
      </trkpt>
      <trkpt lat="45.60038" lon="5.96876">
        <ele>789</ele>
      </trkpt>
      <trkpt lat="45.60026" lon="5.9687">
        <ele>786</ele>
      </trkpt>
      <trkpt lat="45.60011" lon="5.96861">
        <ele>782</ele>
      </trkpt>
      <trkpt lat="45.59996" lon="5.96856">
        <ele>779</ele>
      </trkpt>
      <trkpt lat="45.59982" lon="5.96851">
        <ele>776</ele>
      </trkpt>
      <trkpt lat="45.59967" lon="5.96846">
        <ele>772</ele>
      </trkpt>
      <trkpt lat="45.59966" lon="5.96856">
        <ele>769</ele>
      </trkpt>
      <trkpt lat="45.59962" lon="5.96867">
        <ele>765</ele>
      </trkpt>
      <trkpt lat="45.59963" lon="5.96872">
        <ele>762</ele>
      </trkpt>
      <trkpt lat="45.59952" lon="5.96874">
        <ele>758</ele>
      </trkpt>
      <trkpt lat="45.59943" lon="5.96874">
        <ele>755</ele>
      </trkpt>
      <trkpt lat="45.59924" lon="5.9688">
        <ele>752</ele>
      </trkpt>
      <trkpt lat="45.5991" lon="5.96885">
        <ele>749</ele>
      </trkpt>
      <trkpt lat="45.59896" lon="5.9689">
        <ele>746</ele>
      </trkpt>
      <trkpt lat="45.5988" lon="5.96889">
        <ele>743</ele>
      </trkpt>
      <trkpt lat="45.59873" lon="5.96888">
        <ele>740</ele>
      </trkpt>
      <trkpt lat="45.59864" lon="5.96888">
        <ele>737</ele>
      </trkpt>
      <trkpt lat="45.59853" lon="5.96894">
        <ele>734</ele>
      </trkpt>
      <trkpt lat="45.59844" lon="5.969">
        <ele>731</ele>
      </trkpt>
      <trkpt lat="45.59836" lon="5.96903">
        <ele>729</ele>
      </trkpt>
      <trkpt lat="45.5983" lon="5.96898">
        <ele>726</ele>
      </trkpt>
      <trkpt lat="45.59815" lon="5.96874">
        <ele>724</ele>
      </trkpt>
      <trkpt lat="45.59809" lon="5.96871">
        <ele>721</ele>
      </trkpt>
      <trkpt lat="45.59802" lon="5.96879">
        <ele>719</ele>
      </trkpt>
      <trkpt lat="45.59793" lon="5.96885">
        <ele>716</ele>
      </trkpt>
      <trkpt lat="45.59782" lon="5.96895">
        <ele>713</ele>
      </trkpt>
      <trkpt lat="45.59773" lon="5.96905">
        <ele>710</ele>
      </trkpt>
      <trkpt lat="45.59768" lon="5.96911">
        <ele>708</ele>
      </trkpt>
      <trkpt lat="45.5975" lon="5.96929">
        <ele>705</ele>
      </trkpt>
      <trkpt lat="45.5974" lon="5.96934">
        <ele>703</ele>
      </trkpt>
      <trkpt lat="45.5973" lon="5.96938">
        <ele>700</ele>
      </trkpt>
      <trkpt lat="45.59717" lon="5.96943">
        <ele>698</ele>
      </trkpt>
      <trkpt lat="45.59706" lon="5.96949">
        <ele>696</ele>
      </trkpt>
      <trkpt lat="45.59699" lon="5.96957">
        <ele>693</ele>
      </trkpt>
      <trkpt lat="45.59692" lon="5.96971">
        <ele>691</ele>
      </trkpt>
      <trkpt lat="45.59686" lon="5.96975">
        <ele>689</ele>
      </trkpt>
      <trkpt lat="45.59684" lon="5.9698">
        <ele>687</ele>
      </trkpt>
      <trkpt lat="45.59682" lon="5.9698">
        <ele>686</ele>
      </trkpt>
      <trkpt lat="45.59676" lon="5.96979">
        <ele>684</ele>
      </trkpt>
      <trkpt lat="45.59669" lon="5.96976">
        <ele>683</ele>
      </trkpt>
      <trkpt lat="45.59658" lon="5.96974">
        <ele>682</ele>
      </trkpt>
      <trkpt lat="45.59636" lon="5.96967">
        <ele>680</ele>
      </trkpt>
      <trkpt lat="45.5962" lon="5.96961">
        <ele>679</ele>
      </trkpt>
      <trkpt lat="45.59604" lon="5.96956">
        <ele>679</ele>
      </trkpt>
      <trkpt lat="45.59589" lon="5.9695">
        <ele>678</ele>
      </trkpt>
      <trkpt lat="45.59568" lon="5.96946">
        <ele>677</ele>
      </trkpt>
      <trkpt lat="45.59547" lon="5.96941">
        <ele>677</ele>
      </trkpt>
      <trkpt lat="45.59536" lon="5.96938">
        <ele>676</ele>
      </trkpt>
      <trkpt lat="45.59516" lon="5.96931">
        <ele>675</ele>
      </trkpt>
      <trkpt lat="45.59511" lon="5.96932">
        <ele>674</ele>
      </trkpt>
      <trkpt lat="45.5951" lon="5.96937">
        <ele>674</ele>
      </trkpt>
      <trkpt lat="45.59501" lon="5.96935">
        <ele>673</ele>
      </trkpt>
      <trkpt lat="45.59481" lon="5.96934">
        <ele>672</ele>
      </trkpt>
      <trkpt lat="45.59465" lon="5.9693">
        <ele>671</ele>
      </trkpt>
      <trkpt lat="45.59454" lon="5.96928">
        <ele>671</ele>
      </trkpt>
      <trkpt lat="45.59441" lon="5.96928">
        <ele>670</ele>
      </trkpt>
      <trkpt lat="45.59429" lon="5.96929">
        <ele>669</ele>
      </trkpt>
      <trkpt lat="45.59418" lon="5.96931">
        <ele>669</ele>
      </trkpt>
      <trkpt lat="45.59407" lon="5.96928">
        <ele>668</ele>
      </trkpt>
      <trkpt lat="45.59395" lon="5.96923">
        <ele>667</ele>
      </trkpt>
      <trkpt lat="45.59382" lon="5.96917">
        <ele>667</ele>
      </trkpt>
      <trkpt lat="45.59368" lon="5.96913">
        <ele>666</ele>
      </trkpt>
      <trkpt lat="45.59354" lon="5.96912">
        <ele>666</ele>
      </trkpt>
      <trkpt lat="45.5934" lon="5.96911">
        <ele>665</ele>
      </trkpt>
      <trkpt lat="45.59327" lon="5.96909">
        <ele>664</ele>
      </trkpt>
      <trkpt lat="45.59315" lon="5.9691">
        <ele>663</ele>
      </trkpt>
      <trkpt lat="45.59302" lon="5.96912">
        <ele>662</ele>
      </trkpt>
      <trkpt lat="45.59289" lon="5.96915">
        <ele>661</ele>
      </trkpt>
      <trkpt lat="45.59282" lon="5.96916">
        <ele>660</ele>
      </trkpt>
      <trkpt lat="45.59267" lon="5.96915">
        <ele>659</ele>
      </trkpt>
      <trkpt lat="45.59252" lon="5.96911">
        <ele>657</ele>
      </trkpt>
      <trkpt lat="45.5924" lon="5.96923">
        <ele>655</ele>
      </trkpt>
      <trkpt lat="45.59229" lon="5.96933">
        <ele>653</ele>
      </trkpt>
      <trkpt lat="45.59215" lon="5.96934">
        <ele>651</ele>
      </trkpt>
      <trkpt lat="45.59196" lon="5.96941">
        <ele>650</ele>
      </trkpt>
      <trkpt lat="45.59178" lon="5.96949">
        <ele>648</ele>
      </trkpt>
      <trkpt lat="45.5916" lon="5.96949">
        <ele>646</ele>
      </trkpt>
      <trkpt lat="45.59149" lon="5.96949">
        <ele>644</ele>
      </trkpt>
      <trkpt lat="45.59137" lon="5.9695">
        <ele>642</ele>
      </trkpt>
      <trkpt lat="45.59128" lon="5.96949">
        <ele>641</ele>
      </trkpt>
      <trkpt lat="45.59119" lon="5.96943">
        <ele>640</ele>
      </trkpt>
      <trkpt lat="45.5911" lon="5.96926">
        <ele>637</ele>
      </trkpt>
      <trkpt lat="45.59098" lon="5.96914">
        <ele>635</ele>
      </trkpt>
      <trkpt lat="45.59081" lon="5.96905">
        <ele>633</ele>
      </trkpt>
      <trkpt lat="45.59066" lon="5.96904">
        <ele>631</ele>
      </trkpt>
      <trkpt lat="45.59051" lon="5.96902">
        <ele>629</ele>
      </trkpt>
      <trkpt lat="45.59036" lon="5.96908">
        <ele>626</ele>
      </trkpt>
      <trkpt lat="45.59024" lon="5.96914">
        <ele>624</ele>
      </trkpt>
      <trkpt lat="45.59013" lon="5.96921">
        <ele>621</ele>
      </trkpt>
      <trkpt lat="45.58999" lon="5.96926">
        <ele>618</ele>
      </trkpt>
      <trkpt lat="45.58982" lon="5.96918">
        <ele>615</ele>
      </trkpt>
      <trkpt lat="45.5896" lon="5.96928">
        <ele>611</ele>
      </trkpt>
      <trkpt lat="45.58948" lon="5.96922">
        <ele>608</ele>
      </trkpt>
      <trkpt lat="45.58938" lon="5.96904">
        <ele>605</ele>
      </trkpt>
      <trkpt lat="45.5893" lon="5.96892">
        <ele>603</ele>
      </trkpt>
      <trkpt lat="45.58914" lon="5.96881">
        <ele>599</ele>
      </trkpt>
      <trkpt lat="45.589" lon="5.96874">
        <ele>596</ele>
      </trkpt>
      <trkpt lat="45.58893" lon="5.96868">
        <ele>593</ele>
      </trkpt>
      <trkpt lat="45.58879" lon="5.9685">
        <ele>590</ele>
      </trkpt>
      <trkpt lat="45.5887" lon="5.96835">
        <ele>587</ele>
      </trkpt>
      <trkpt lat="45.58869" lon="5.9683">
        <ele>584</ele>
      </trkpt>
      <trkpt lat="45.58863" lon="5.96818">
        <ele>581</ele>
      </trkpt>
      <trkpt lat="45.5886" lon="5.96808">
        <ele>579</ele>
      </trkpt>
      <trkpt lat="45.58853" lon="5.968">
        <ele>576</ele>
      </trkpt>
      <trkpt lat="45.58843" lon="5.96799">
        <ele>573</ele>
      </trkpt>
      <trkpt lat="45.58832" lon="5.96802">
        <ele>571</ele>
      </trkpt>
      <trkpt lat="45.58821" lon="5.96801">
        <ele>569</ele>
      </trkpt>
      <trkpt lat="45.58817" lon="5.96793">
        <ele>567</ele>
      </trkpt>
      <trkpt lat="45.58815" lon="5.96769">
        <ele>565</ele>
      </trkpt>
      <trkpt lat="45.58813" lon="5.96745">
        <ele>563</ele>
      </trkpt>
      <trkpt lat="45.58813" lon="5.96734">
        <ele>561</ele>
      </trkpt>
      <trkpt lat="45.58814" lon="5.96719">
        <ele>559</ele>
      </trkpt>
      <trkpt lat="45.58817" lon="5.96705">
        <ele>557</ele>
      </trkpt>
      <trkpt lat="45.58812" lon="5.96693">
        <ele>555</ele>
      </trkpt>
      <trkpt lat="45.58811" lon="5.96688">
        <ele>552</ele>
      </trkpt>
      <trkpt lat="45.58805" lon="5.96681">
        <ele>550</ele>
      </trkpt>
      <trkpt lat="45.58796" lon="5.96676">
        <ele>548</ele>
      </trkpt>
      <trkpt lat="45.58785" lon="5.96666">
        <ele>546</ele>
      </trkpt>
      <trkpt lat="45.58773" lon="5.96652">
        <ele>543</ele>
      </trkpt>
      <trkpt lat="45.58758" lon="5.96638">
        <ele>541</ele>
      </trkpt>
      <trkpt lat="45.58743" lon="5.96624">
        <ele>538</ele>
      </trkpt>
      <trkpt lat="45.58732" lon="5.96611">
        <ele>535</ele>
      </trkpt>
      <trkpt lat="45.58726" lon="5.96605">
        <ele>532</ele>
      </trkpt>
      <trkpt lat="45.58715" lon="5.96598">
        <ele>530</ele>
      </trkpt>
      <trkpt lat="45.58704" lon="5.9659">
        <ele>527</ele>
      </trkpt>
      <trkpt lat="45.58699" lon="5.96587">
        <ele>525</ele>
      </trkpt>
      <trkpt lat="45.58686" lon="5.96576">
        <ele>523</ele>
      </trkpt>
      <trkpt lat="45.58672" lon="5.96565">
        <ele>521</ele>
      </trkpt>
      <trkpt lat="45.58659" lon="5.96554">
        <ele>519</ele>
      </trkpt>
      <trkpt lat="45.58652" lon="5.96542">
        <ele>517</ele>
      </trkpt>
      <trkpt lat="45.58646" lon="5.96526">
        <ele>515</ele>
      </trkpt>
      <trkpt lat="45.58644" lon="5.96518">
        <ele>513</ele>
      </trkpt>
      <trkpt lat="45.58639" lon="5.96488">
        <ele>511</ele>
      </trkpt>
      <trkpt lat="45.58637" lon="5.96471">
        <ele>510</ele>
      </trkpt>
      <trkpt lat="45.58631" lon="5.96452">
        <ele>509</ele>
      </trkpt>
      <trkpt lat="45.58627" lon="5.96443">
        <ele>507</ele>
      </trkpt>
      <trkpt lat="45.58621" lon="5.96436">
        <ele>506</ele>
      </trkpt>
      <trkpt lat="45.58615" lon="5.96414">
        <ele>504</ele>
      </trkpt>
      <trkpt lat="45.58608" lon="5.96391">
        <ele>502</ele>
      </trkpt>
      <trkpt lat="45.58605" lon="5.96376">
        <ele>500</ele>
      </trkpt>
      <trkpt lat="45.58601" lon="5.9636">
        <ele>498</ele>
      </trkpt>
      <trkpt lat="45.58597" lon="5.96342">
        <ele>496</ele>
      </trkpt>
      <trkpt lat="45.58593" lon="5.96324">
        <ele>494</ele>
      </trkpt>
      <trkpt lat="45.58588" lon="5.96306">
        <ele>491</ele>
      </trkpt>
      <trkpt lat="45.58581" lon="5.9629">
        <ele>489</ele>
      </trkpt>
      <trkpt lat="45.58579" lon="5.96287">
        <ele>486</ele>
      </trkpt>
      <trkpt lat="45.58564" lon="5.96271">
        <ele>483</ele>
      </trkpt>
      <trkpt lat="45.58553" lon="5.96262">
        <ele>480</ele>
      </trkpt>
      <trkpt lat="45.58541" lon="5.96255">
        <ele>477</ele>
      </trkpt>
      <trkpt lat="45.58529" lon="5.96252">
        <ele>474</ele>
      </trkpt>
      <trkpt lat="45.58511" lon="5.96251">
        <ele>471</ele>
      </trkpt>
      <trkpt lat="45.58491" lon="5.9625">
        <ele>467</ele>
      </trkpt>
      <trkpt lat="45.5848" lon="5.96244">
        <ele>463</ele>
      </trkpt>
      <trkpt lat="45.58471" lon="5.96239">
        <ele>459</ele>
      </trkpt>
      <trkpt lat="45.5846" lon="5.96236">
        <ele>455</ele>
      </trkpt>
      <trkpt lat="45.58449" lon="5.96237">
        <ele>452</ele>
      </trkpt>
      <trkpt lat="45.58439" lon="5.96228">
        <ele>449</ele>
      </trkpt>
      <trkpt lat="45.58436" lon="5.96223">
        <ele>446</ele>
      </trkpt>
      <trkpt lat="45.58432" lon="5.96217">
        <ele>442</ele>
      </trkpt>
      <trkpt lat="45.58428" lon="5.96204">
        <ele>439</ele>
      </trkpt>
      <trkpt lat="45.58429" lon="5.96172">
        <ele>435</ele>
      </trkpt>
      <trkpt lat="45.5843" lon="5.96162">
        <ele>431</ele>
      </trkpt>
      <trkpt lat="45.58428" lon="5.96146">
        <ele>429</ele>
      </trkpt>
      <trkpt lat="45.58431" lon="5.96129">
        <ele>426</ele>
      </trkpt>
      <trkpt lat="45.58436" lon="5.96102">
        <ele>423</ele>
      </trkpt>
      <trkpt lat="45.58437" lon="5.9609">
        <ele>420</ele>
      </trkpt>
      <trkpt lat="45.58441" lon="5.96061">
        <ele>417</ele>
      </trkpt>
      <trkpt lat="45.58445" lon="5.96032">
        <ele>413</ele>
      </trkpt>
      <trkpt lat="45.58447" lon="5.96016">
        <ele>410</ele>
      </trkpt>
      <trkpt lat="45.58452" lon="5.95989">
        <ele>407</ele>
      </trkpt>
      <trkpt lat="45.58454" lon="5.95972">
        <ele>404</ele>
      </trkpt>
      <trkpt lat="45.58456" lon="5.95958">
        <ele>401</ele>
      </trkpt>
      <trkpt lat="45.58458" lon="5.95946">
        <ele>398</ele>
      </trkpt>
      <trkpt lat="45.58463" lon="5.95933">
        <ele>396</ele>
      </trkpt>
      <trkpt lat="45.58471" lon="5.95923">
        <ele>393</ele>
      </trkpt>
      <trkpt lat="45.58482" lon="5.95914">
        <ele>390</ele>
      </trkpt>
      <trkpt lat="45.58495" lon="5.95905">
        <ele>388</ele>
      </trkpt>
      <trkpt lat="45.58507" lon="5.95892">
        <ele>385</ele>
      </trkpt>
      <trkpt lat="45.58518" lon="5.95876">
        <ele>382</ele>
      </trkpt>
      <trkpt lat="45.58529" lon="5.95866">
        <ele>380</ele>
      </trkpt>
      <trkpt lat="45.58541" lon="5.95857">
        <ele>377</ele>
      </trkpt>
      <trkpt lat="45.58554" lon="5.95844">
        <ele>374</ele>
      </trkpt>
      <trkpt lat="45.58566" lon="5.95831">
        <ele>372</ele>
      </trkpt>
      <trkpt lat="45.58579" lon="5.95809">
        <ele>369</ele>
      </trkpt>
      <trkpt lat="45.58586" lon="5.95795">
        <ele>367</ele>
      </trkpt>
      <trkpt lat="45.58591" lon="5.9578">
        <ele>365</ele>
      </trkpt>
      <trkpt lat="45.58591" lon="5.95765">
        <ele>363</ele>
      </trkpt>
      <trkpt lat="45.58592" lon="5.9575">
        <ele>361</ele>
      </trkpt>
      <trkpt lat="45.58593" lon="5.95727">
        <ele>359</ele>
      </trkpt>
      <trkpt lat="45.58596" lon="5.95701">
        <ele>357</ele>
      </trkpt>
      <trkpt lat="45.58599" lon="5.95676">
        <ele>356</ele>
      </trkpt>
      <trkpt lat="45.58606" lon="5.95647">
        <ele>355</ele>
      </trkpt>
      <trkpt lat="45.5861" lon="5.95627">
        <ele>354</ele>
      </trkpt>
      <trkpt lat="45.58614" lon="5.95608">
        <ele>353</ele>
      </trkpt>
      <trkpt lat="45.58616" lon="5.95592">
        <ele>352</ele>
      </trkpt>
      <trkpt lat="45.58618" lon="5.95576">
        <ele>351</ele>
      </trkpt>
      <trkpt lat="45.58604" lon="5.95571">
        <ele>351</ele>
      </trkpt>
      <trkpt lat="45.58589" lon="5.95566">
        <ele>350</ele>
      </trkpt>
      <trkpt lat="45.58581" lon="5.95565">
        <ele>350</ele>
      </trkpt>
      <trkpt lat="45.58585" lon="5.9555">
        <ele>349</ele>
      </trkpt>
      <trkpt lat="45.58588" lon="5.95535">
        <ele>348</ele>
      </trkpt>
      <trkpt lat="45.58591" lon="5.95517">
        <ele>348</ele>
      </trkpt>
      <trkpt lat="45.58594" lon="5.955">
        <ele>347</ele>
      </trkpt>
      <trkpt lat="45.58596" lon="5.95486">
        <ele>346</ele>
      </trkpt>
      <trkpt lat="45.58592" lon="5.95474">
        <ele>345</ele>
      </trkpt>
      <trkpt lat="45.58586" lon="5.9546">
        <ele>344</ele>
      </trkpt>
      <trkpt lat="45.58574" lon="5.95445">
        <ele>343</ele>
      </trkpt>
      <trkpt lat="45.58563" lon="5.9543">
        <ele>342</ele>
      </trkpt>
      <trkpt lat="45.58551" lon="5.95414">
        <ele>341</ele>
      </trkpt>
      <trkpt lat="45.5854" lon="5.95398">
        <ele>339</ele>
      </trkpt>
      <trkpt lat="45.58536" lon="5.95388">
        <ele>338</ele>
      </trkpt>
      <trkpt lat="45.58535" lon="5.95379">
        <ele>337</ele>
      </trkpt>
      <trkpt lat="45.58534" lon="5.95367">
        <ele>336</ele>
      </trkpt>
      <trkpt lat="45.58533" lon="5.95354">
        <ele>335</ele>
      </trkpt>
      <trkpt lat="45.5853" lon="5.95338">
        <ele>333</ele>
      </trkpt>
      <trkpt lat="45.58526" lon="5.95324">
        <ele>332</ele>
      </trkpt>
      <trkpt lat="45.58521" lon="5.95314">
        <ele>331</ele>
      </trkpt>
      <trkpt lat="45.58515" lon="5.95307">
        <ele>330</ele>
      </trkpt>
      <trkpt lat="45.58513" lon="5.95297">
        <ele>329</ele>
      </trkpt>
      <trkpt lat="45.58509" lon="5.95287">
        <ele>328</ele>
      </trkpt>
      <trkpt lat="45.58505" lon="5.95281">
        <ele>326</ele>
      </trkpt>
      <trkpt lat="45.58498" lon="5.95274">
        <ele>325</ele>
      </trkpt>
      <trkpt lat="45.58492" lon="5.9527">
        <ele>324</ele>
      </trkpt>
      <trkpt lat="45.5848" lon="5.95257">
        <ele>322</ele>
      </trkpt>
      <trkpt lat="45.58473" lon="5.95253">
        <ele>321</ele>
      </trkpt>
      <trkpt lat="45.5847" lon="5.95253">
        <ele>320</ele>
      </trkpt>
      <trkpt lat="45.58464" lon="5.95258">
        <ele>319</ele>
      </trkpt>
      <trkpt lat="45.58457" lon="5.95238">
        <ele>317</ele>
      </trkpt>
      <trkpt lat="45.58448" lon="5.95208">
        <ele>316</ele>
      </trkpt>
      <trkpt lat="45.58441" lon="5.95185">
        <ele>315</ele>
      </trkpt>
      <trkpt lat="45.58436" lon="5.95167">
        <ele>314</ele>
      </trkpt>
      <trkpt lat="45.58432" lon="5.95151">
        <ele>314</ele>
      </trkpt>
      <trkpt lat="45.58438" lon="5.9515">
        <ele>313</ele>
      </trkpt>
      <trkpt lat="45.58447" lon="5.95144">
        <ele>313</ele>
      </trkpt>
      <trkpt lat="45.58456" lon="5.95137">
        <ele>313</ele>
      </trkpt>
      <trkpt lat="45.58466" lon="5.95125">
        <ele>312</ele>
      </trkpt>
      <trkpt lat="45.58473" lon="5.95112">
        <ele>312</ele>
      </trkpt>
      <trkpt lat="45.58479" lon="5.95094">
        <ele>312</ele>
      </trkpt>
      <trkpt lat="45.58482" lon="5.95076">
        <ele>313</ele>
      </trkpt>
      <trkpt lat="45.58485" lon="5.95058">
        <ele>313</ele>
      </trkpt>
      <trkpt lat="45.58489" lon="5.95041">
        <ele>313</ele>
      </trkpt>
      <trkpt lat="45.58493" lon="5.95031">
        <ele>313</ele>
      </trkpt>
      <trkpt lat="45.58496" lon="5.95024">
        <ele>313</ele>
      </trkpt>
      <trkpt lat="45.58501" lon="5.95015">
        <ele>314</ele>
      </trkpt>
      <trkpt lat="45.58503" lon="5.95012">
        <ele>314</ele>
      </trkpt>
      <trkpt lat="45.58512" lon="5.95001">
        <ele>314</ele>
      </trkpt>
      <trkpt lat="45.58524" lon="5.94989">
        <ele>315</ele>
      </trkpt>
      <trkpt lat="45.58534" lon="5.94981">
        <ele>315</ele>
      </trkpt>
      <trkpt lat="45.58544" lon="5.94973">
        <ele>316</ele>
      </trkpt>
      <trkpt lat="45.58555" lon="5.94964">
        <ele>316</ele>
      </trkpt>
      <trkpt lat="45.58567" lon="5.94955">
        <ele>317</ele>
      </trkpt>
      <trkpt lat="45.58577" lon="5.94947">
        <ele>317</ele>
      </trkpt>
      <trkpt lat="45.58587" lon="5.94938">
        <ele>318</ele>
      </trkpt>
      <trkpt lat="45.58603" lon="5.94924">
        <ele>318</ele>
      </trkpt>
      <trkpt lat="45.58618" lon="5.94909">
        <ele>319</ele>
      </trkpt>
      <trkpt lat="45.58631" lon="5.94896">
        <ele>319</ele>
      </trkpt>
      <trkpt lat="45.58644" lon="5.94884">
        <ele>320</ele>
      </trkpt>
      <trkpt lat="45.58649" lon="5.94878">
        <ele>320</ele>
      </trkpt>
      <trkpt lat="45.58659" lon="5.94867">
        <ele>321</ele>
      </trkpt>
      <trkpt lat="45.58669" lon="5.94855">
        <ele>321</ele>
      </trkpt>
      <trkpt lat="45.58676" lon="5.9485">
        <ele>322</ele>
      </trkpt>
      <trkpt lat="45.58685" lon="5.94846">
        <ele>323</ele>
      </trkpt>
      <trkpt lat="45.587" lon="5.9484">
        <ele>323</ele>
      </trkpt>
      <trkpt lat="45.58711" lon="5.94834">
        <ele>324</ele>
      </trkpt>
      <trkpt lat="45.58718" lon="5.94828">
        <ele>324</ele>
      </trkpt>
      <trkpt lat="45.58729" lon="5.94815">
        <ele>325</ele>
      </trkpt>
      <trkpt lat="45.58745" lon="5.94795">
        <ele>326</ele>
      </trkpt>
      <trkpt lat="45.58756" lon="5.94782">
        <ele>326</ele>
      </trkpt>
      <trkpt lat="45.58769" lon="5.94768">
        <ele>327</ele>
      </trkpt>
      <trkpt lat="45.58783" lon="5.94754">
        <ele>327</ele>
      </trkpt>
      <trkpt lat="45.58795" lon="5.94739">
        <ele>328</ele>
      </trkpt>
      <trkpt lat="45.58808" lon="5.94723">
        <ele>328</ele>
      </trkpt>
      <trkpt lat="45.58815" lon="5.94711">
        <ele>329</ele>
      </trkpt>
      <trkpt lat="45.58818" lon="5.94702">
        <ele>329</ele>
      </trkpt>
      <trkpt lat="45.58819" lon="5.9469">
        <ele>329</ele>
      </trkpt>
      <trkpt lat="45.58818" lon="5.94681">
        <ele>329</ele>
      </trkpt>
      <trkpt lat="45.58815" lon="5.94672">
        <ele>329</ele>
      </trkpt>
      <trkpt lat="45.58809" lon="5.94662">
        <ele>329</ele>
      </trkpt>
      <trkpt lat="45.588" lon="5.94649">
        <ele>329</ele>
      </trkpt>
      <trkpt lat="45.58792" lon="5.94636">
        <ele>329</ele>
      </trkpt>
      <trkpt lat="45.58781" lon="5.94619">
        <ele>329</ele>
      </trkpt>
      <trkpt lat="45.58771" lon="5.94603">
        <ele>329</ele>
      </trkpt>
      <trkpt lat="45.58764" lon="5.94591">
        <ele>329</ele>
      </trkpt>
      <trkpt lat="45.58758" lon="5.94575">
        <ele>328</ele>
      </trkpt>
      <trkpt lat="45.58755" lon="5.94557">
        <ele>328</ele>
      </trkpt>
      <trkpt lat="45.58754" lon="5.94534">
        <ele>328</ele>
      </trkpt>
      <trkpt lat="45.58755" lon="5.94519">
        <ele>328</ele>
      </trkpt>
      <trkpt lat="45.58755" lon="5.94505">
        <ele>328</ele>
      </trkpt>
      <trkpt lat="45.58756" lon="5.94491">
        <ele>329</ele>
      </trkpt>
      <trkpt lat="45.58761" lon="5.94472">
        <ele>329</ele>
      </trkpt>
      <trkpt lat="45.58762" lon="5.94466">
        <ele>329</ele>
      </trkpt>
      <trkpt lat="45.58756" lon="5.94463">
        <ele>329</ele>
      </trkpt>
      <trkpt lat="45.58752" lon="5.94459">
        <ele>329</ele>
      </trkpt>
      <trkpt lat="45.58751" lon="5.94449">
        <ele>329</ele>
      </trkpt>
      <trkpt lat="45.58753" lon="5.94441">
        <ele>330</ele>
      </trkpt>
      <trkpt lat="45.58754" lon="5.9444">
        <ele>330</ele>
      </trkpt>
      <trkpt lat="45.58739" lon="5.9442">
        <ele>330</ele>
      </trkpt>
      <trkpt lat="45.58725" lon="5.94399">
        <ele>330</ele>
      </trkpt>
      <trkpt lat="45.58717" lon="5.9439">
        <ele>331</ele>
      </trkpt>
      <trkpt lat="45.58714" lon="5.94386">
        <ele>331</ele>
      </trkpt>
      <trkpt lat="45.58716" lon="5.94376">
        <ele>332</ele>
      </trkpt>
      <trkpt lat="45.58719" lon="5.94369">
        <ele>332</ele>
      </trkpt>
      <trkpt lat="45.58724" lon="5.94364">
        <ele>333</ele>
      </trkpt>
      <trkpt lat="45.5873" lon="5.94359">
        <ele>333</ele>
      </trkpt>
      <trkpt lat="45.58734" lon="5.94354">
        <ele>334</ele>
      </trkpt>
      <trkpt lat="45.58737" lon="5.94347">
        <ele>335</ele>
      </trkpt>
      <trkpt lat="45.5874" lon="5.94334">
        <ele>336</ele>
      </trkpt>
      <trkpt lat="45.5874" lon="5.94317">
        <ele>337</ele>
      </trkpt>
      <trkpt lat="45.58748" lon="5.9431">
        <ele>339</ele>
      </trkpt>
      <trkpt lat="45.58754" lon="5.94303">
        <ele>340</ele>
      </trkpt>
      <trkpt lat="45.58758" lon="5.94294">
        <ele>341</ele>
      </trkpt>
      <trkpt lat="45.58759" lon="5.94283">
        <ele>343</ele>
      </trkpt>
      <trkpt lat="45.58759" lon="5.94273">
        <ele>345</ele>
      </trkpt>
      <trkpt lat="45.5876" lon="5.9426">
        <ele>347</ele>
      </trkpt>
      <trkpt lat="45.58762" lon="5.94248">
        <ele>349</ele>
      </trkpt>
      <trkpt lat="45.58766" lon="5.94236">
        <ele>351</ele>
      </trkpt>
      <trkpt lat="45.58772" lon="5.94219">
        <ele>353</ele>
      </trkpt>
      <trkpt lat="45.58775" lon="5.94206">
        <ele>355</ele>
      </trkpt>
      <trkpt lat="45.58781" lon="5.94188">
        <ele>357</ele>
      </trkpt>
      <trkpt lat="45.58788" lon="5.94167">
        <ele>359</ele>
      </trkpt>
      <trkpt lat="45.58795" lon="5.94152">
        <ele>360</ele>
      </trkpt>
      <trkpt lat="45.58782" lon="5.94132">
        <ele>362</ele>
      </trkpt>
      <trkpt lat="45.58769" lon="5.94112">
        <ele>363</ele>
      </trkpt>
      <trkpt lat="45.58753" lon="5.94105">
        <ele>364</ele>
      </trkpt>
      <trkpt lat="45.58742" lon="5.94096">
        <ele>364</ele>
      </trkpt>
      <trkpt lat="45.58726" lon="5.94085">
        <ele>364</ele>
      </trkpt>
      <trkpt lat="45.58709" lon="5.94076">
        <ele>365</ele>
      </trkpt>
      <trkpt lat="45.58693" lon="5.94067">
        <ele>365</ele>
      </trkpt>
      <trkpt lat="45.58678" lon="5.94056">
        <ele>365</ele>
      </trkpt>
      <trkpt lat="45.58663" lon="5.94046">
        <ele>365</ele>
      </trkpt>
      <trkpt lat="45.58647" lon="5.94035">
        <ele>365</ele>
      </trkpt>
      <trkpt lat="45.58632" lon="5.94024">
        <ele>365</ele>
      </trkpt>
      <trkpt lat="45.58625" lon="5.94015">
        <ele>365</ele>
      </trkpt>
      <trkpt lat="45.5862" lon="5.93994">
        <ele>365</ele>
      </trkpt>
      <trkpt lat="45.58614" lon="5.93973">
        <ele>365</ele>
      </trkpt>
      <trkpt lat="45.58602" lon="5.93958">
        <ele>365</ele>
      </trkpt>
      <trkpt lat="45.58589" lon="5.93944">
        <ele>366</ele>
      </trkpt>
      <trkpt lat="45.58584" lon="5.93941">
        <ele>366</ele>
      </trkpt>
      <trkpt lat="45.58571" lon="5.93938">
        <ele>366</ele>
      </trkpt>
      <trkpt lat="45.58558" lon="5.93929">
        <ele>366</ele>
      </trkpt>
      <trkpt lat="45.58545" lon="5.9392">
        <ele>366</ele>
      </trkpt>
      <trkpt lat="45.58536" lon="5.93916">
        <ele>365</ele>
      </trkpt>
      <trkpt lat="45.58522" lon="5.93906">
        <ele>365</ele>
      </trkpt>
      <trkpt lat="45.58504" lon="5.93892">
        <ele>365</ele>
      </trkpt>
      <trkpt lat="45.58489" lon="5.93879">
        <ele>365</ele>
      </trkpt>
      <trkpt lat="45.58475" lon="5.93866">
        <ele>365</ele>
      </trkpt>
      <trkpt lat="45.58467" lon="5.93859">
        <ele>365</ele>
      </trkpt>
      <trkpt lat="45.58457" lon="5.93846">
        <ele>364</ele>
      </trkpt>
      <trkpt lat="45.58448" lon="5.93836">
        <ele>364</ele>
      </trkpt>
      <trkpt lat="45.58436" lon="5.93819">
        <ele>364</ele>
      </trkpt>
      <trkpt lat="45.58427" lon="5.93803">
        <ele>365</ele>
      </trkpt>
      <trkpt lat="45.58418" lon="5.93788">
        <ele>365</ele>
      </trkpt>
      <trkpt lat="45.58413" lon="5.9378">
        <ele>365</ele>
      </trkpt>
      <trkpt lat="45.58406" lon="5.93771">
        <ele>365</ele>
      </trkpt>
      <trkpt lat="45.58392" lon="5.93758">
        <ele>365</ele>
      </trkpt>
      <trkpt lat="45.58379" lon="5.93745">
        <ele>365</ele>
      </trkpt>
      <trkpt lat="45.58365" lon="5.93733">
        <ele>366</ele>
      </trkpt>
      <trkpt lat="45.5835" lon="5.93721">
        <ele>366</ele>
      </trkpt>
      <trkpt lat="45.58342" lon="5.93716">
        <ele>366</ele>
      </trkpt>
      <trkpt lat="45.58337" lon="5.93713">
        <ele>366</ele>
      </trkpt>
      <trkpt lat="45.58325" lon="5.93709">
        <ele>365</ele>
      </trkpt>
      <trkpt lat="45.58313" lon="5.93706">
        <ele>365</ele>
      </trkpt>
      <trkpt lat="45.58303" lon="5.93704">
        <ele>365</ele>
      </trkpt>
      <trkpt lat="45.58293" lon="5.93704">
        <ele>364</ele>
      </trkpt>
      <trkpt lat="45.58279" lon="5.93704">
        <ele>363</ele>
      </trkpt>
      <trkpt lat="45.58268" lon="5.93704">
        <ele>363</ele>
      </trkpt>
      <trkpt lat="45.58257" lon="5.93704">
        <ele>362</ele>
      </trkpt>
      <trkpt lat="45.5825" lon="5.93704">
        <ele>361</ele>
      </trkpt>
      <trkpt lat="45.58241" lon="5.93701">
        <ele>360</ele>
      </trkpt>
      <trkpt lat="45.58227" lon="5.93695">
        <ele>359</ele>
      </trkpt>
      <trkpt lat="45.58216" lon="5.93687">
        <ele>357</ele>
      </trkpt>
      <trkpt lat="45.58205" lon="5.93678">
        <ele>356</ele>
      </trkpt>
      <trkpt lat="45.58196" lon="5.93669">
        <ele>355</ele>
      </trkpt>
      <trkpt lat="45.58188" lon="5.93661">
        <ele>354</ele>
      </trkpt>
      <trkpt lat="45.58181" lon="5.93651">
        <ele>353</ele>
      </trkpt>
      <trkpt lat="45.58177" lon="5.93644">
        <ele>352</ele>
      </trkpt>
      <trkpt lat="45.58174" lon="5.93639">
        <ele>352</ele>
      </trkpt>
      <trkpt lat="45.58169" lon="5.9363">
        <ele>351</ele>
      </trkpt>
      <trkpt lat="45.58157" lon="5.93608">
        <ele>350</ele>
      </trkpt>
      <trkpt lat="45.58144" lon="5.93587">
        <ele>349</ele>
      </trkpt>
      <trkpt lat="45.58134" lon="5.93573">
        <ele>348</ele>
      </trkpt>
      <trkpt lat="45.58126" lon="5.93564">
        <ele>348</ele>
      </trkpt>
      <trkpt lat="45.58112" lon="5.93555">
        <ele>347</ele>
      </trkpt>
      <trkpt lat="45.58103" lon="5.9355">
        <ele>346</ele>
      </trkpt>
      <trkpt lat="45.58091" lon="5.93547">
        <ele>346</ele>
      </trkpt>
      <trkpt lat="45.58079" lon="5.93544">
        <ele>346</ele>
      </trkpt>
      <trkpt lat="45.58062" lon="5.93545">
        <ele>345</ele>
      </trkpt>
      <trkpt lat="45.58045" lon="5.93548">
        <ele>345</ele>
      </trkpt>
      <trkpt lat="45.58037" lon="5.93549">
        <ele>345</ele>
      </trkpt>
      <trkpt lat="45.58028" lon="5.93546">
        <ele>345</ele>
      </trkpt>
      <trkpt lat="45.5802" lon="5.93539">
        <ele>345</ele>
      </trkpt>
      <trkpt lat="45.58005" lon="5.93521">
        <ele>345</ele>
      </trkpt>
      <trkpt lat="45.57993" lon="5.93512">
        <ele>345</ele>
      </trkpt>
      <trkpt lat="45.57985" lon="5.93507">
        <ele>345</ele>
      </trkpt>
      <trkpt lat="45.57981" lon="5.93504">
        <ele>345</ele>
      </trkpt>
      <trkpt lat="45.57966" lon="5.935">
        <ele>345</ele>
      </trkpt>
      <trkpt lat="45.57951" lon="5.93496">
        <ele>345</ele>
      </trkpt>
      <trkpt lat="45.57936" lon="5.93492">
        <ele>345</ele>
      </trkpt>
      <trkpt lat="45.57923" lon="5.9349">
        <ele>345</ele>
      </trkpt>
      <trkpt lat="45.57909" lon="5.93487">
        <ele>345</ele>
      </trkpt>
      <trkpt lat="45.579" lon="5.93487">
        <ele>345</ele>
      </trkpt>
      <trkpt lat="45.57885" lon="5.93489">
        <ele>344</ele>
      </trkpt>
      <trkpt lat="45.57876" lon="5.93488">
        <ele>344</ele>
      </trkpt>
      <trkpt lat="45.57862" lon="5.93483">
        <ele>344</ele>
      </trkpt>
      <trkpt lat="45.57853" lon="5.93477">
        <ele>344</ele>
      </trkpt>
      <trkpt lat="45.57841" lon="5.93472">
        <ele>344</ele>
      </trkpt>
      <trkpt lat="45.5783" lon="5.93467">
        <ele>344</ele>
      </trkpt>
      <trkpt lat="45.57819" lon="5.93461">
        <ele>344</ele>
      </trkpt>
      <trkpt lat="45.57811" lon="5.93458">
        <ele>345</ele>
      </trkpt>
      <trkpt lat="45.57804" lon="5.93456">
        <ele>345</ele>
      </trkpt>
      <trkpt lat="45.57783" lon="5.93453">
        <ele>345</ele>
      </trkpt>
      <trkpt lat="45.57762" lon="5.9345">
        <ele>345</ele>
      </trkpt>
      <trkpt lat="45.57754" lon="5.93448">
        <ele>345</ele>
      </trkpt>
      <trkpt lat="45.57736" lon="5.93439">
        <ele>346</ele>
      </trkpt>
      <trkpt lat="45.57718" lon="5.9343">
        <ele>346</ele>
      </trkpt>
      <trkpt lat="45.57697" lon="5.93418">
        <ele>346</ele>
      </trkpt>
      <trkpt lat="45.57689" lon="5.93413">
        <ele>346</ele>
      </trkpt>
      <trkpt lat="45.57679" lon="5.93406">
        <ele>347</ele>
      </trkpt>
      <trkpt lat="45.57668" lon="5.934">
        <ele>347</ele>
      </trkpt>
      <trkpt lat="45.57656" lon="5.93394">
        <ele>348</ele>
      </trkpt>
      <trkpt lat="45.57647" lon="5.93384">
        <ele>348</ele>
      </trkpt>
      <trkpt lat="45.57642" lon="5.93368">
        <ele>349</ele>
      </trkpt>
      <trkpt lat="45.57634" lon="5.93347">
        <ele>349</ele>
      </trkpt>
      <trkpt lat="45.57626" lon="5.93326">
        <ele>350</ele>
      </trkpt>
      <trkpt lat="45.57618" lon="5.93306">
        <ele>350</ele>
      </trkpt>
      <trkpt lat="45.57612" lon="5.93286">
        <ele>351</ele>
      </trkpt>
      <trkpt lat="45.57609" lon="5.93279">
        <ele>351</ele>
      </trkpt>
      <trkpt lat="45.57607" lon="5.93271">
        <ele>352</ele>
      </trkpt>
      <trkpt lat="45.57605" lon="5.93263">
        <ele>352</ele>
      </trkpt>
      <trkpt lat="45.57603" lon="5.93264">
        <ele>352</ele>
      </trkpt>
      <trkpt lat="45.576" lon="5.93263">
        <ele>352</ele>
      </trkpt>
      <trkpt lat="45.57599" lon="5.9326">
        <ele>352</ele>
      </trkpt>
      <trkpt lat="45.57598" lon="5.93257">
        <ele>352</ele>
      </trkpt>
      <trkpt lat="45.57596" lon="5.93258">
        <ele>352</ele>
      </trkpt>
      <trkpt lat="45.57587" lon="5.93257">
        <ele>351</ele>
      </trkpt>
      <trkpt lat="45.57579" lon="5.93254">
        <ele>351</ele>
      </trkpt>
      <trkpt lat="45.57574" lon="5.93251">
        <ele>350</ele>
      </trkpt>
      <trkpt lat="45.5757" lon="5.93247">
        <ele>350</ele>
      </trkpt>
      <trkpt lat="45.57566" lon="5.93242">
        <ele>349</ele>
      </trkpt>
      <trkpt lat="45.57559" lon="5.9323">
        <ele>348</ele>
      </trkpt>
      <trkpt lat="45.57557" lon="5.93223">
        <ele>347</ele>
      </trkpt>
      <trkpt lat="45.57553" lon="5.93208">
        <ele>346</ele>
      </trkpt>
      <trkpt lat="45.5755" lon="5.93186">
        <ele>345</ele>
      </trkpt>
      <trkpt lat="45.57548" lon="5.93179">
        <ele>344</ele>
      </trkpt>
      <trkpt lat="45.57544" lon="5.93171">
        <ele>343</ele>
      </trkpt>
      <trkpt lat="45.57534" lon="5.93155">
        <ele>342</ele>
      </trkpt>
      <trkpt lat="45.57526" lon="5.93144">
        <ele>340</ele>
      </trkpt>
      <trkpt lat="45.57511" lon="5.93122">
        <ele>339</ele>
      </trkpt>
      <trkpt lat="45.57502" lon="5.93104">
        <ele>338</ele>
      </trkpt>
      <trkpt lat="45.57495" lon="5.93084">
        <ele>337</ele>
      </trkpt>
      <trkpt lat="45.57486" lon="5.93062">
        <ele>336</ele>
      </trkpt>
      <trkpt lat="45.5748" lon="5.93047">
        <ele>335</ele>
      </trkpt>
      <trkpt lat="45.57473" lon="5.93032">
        <ele>334</ele>
      </trkpt>
      <trkpt lat="45.57464" lon="5.93011">
        <ele>333</ele>
      </trkpt>
      <trkpt lat="45.57464" lon="5.93011">
        <ele>333</ele>
      </trkpt>
      <trkpt lat="45.5746" lon="5.93002">
        <ele>332</ele>
      </trkpt>
      <trkpt lat="45.57454" lon="5.92987">
        <ele>331</ele>
      </trkpt>
      <trkpt lat="45.57451" lon="5.92979">
        <ele>330</ele>
      </trkpt>
      <trkpt lat="45.57442" lon="5.92957">
        <ele>329</ele>
      </trkpt>
      <trkpt lat="45.57432" lon="5.92932">
        <ele>329</ele>
      </trkpt>
      <trkpt lat="45.57421" lon="5.92909">
        <ele>328</ele>
      </trkpt>
      <trkpt lat="45.5741" lon="5.92893">
        <ele>327</ele>
      </trkpt>
      <trkpt lat="45.57406" lon="5.92886">
        <ele>327</ele>
      </trkpt>
      <trkpt lat="45.57398" lon="5.9287">
        <ele>326</ele>
      </trkpt>
      <trkpt lat="45.57393" lon="5.92853">
        <ele>325</ele>
      </trkpt>
      <trkpt lat="45.57389" lon="5.92836">
        <ele>325</ele>
      </trkpt>
      <trkpt lat="45.57382" lon="5.92816">
        <ele>324</ele>
      </trkpt>
      <trkpt lat="45.57374" lon="5.9279">
        <ele>323</ele>
      </trkpt>
      <trkpt lat="45.57371" lon="5.92782">
        <ele>322</ele>
      </trkpt>
      <trkpt lat="45.57365" lon="5.92765">
        <ele>322</ele>
      </trkpt>
      <trkpt lat="45.57358" lon="5.92749">
        <ele>321</ele>
      </trkpt>
      <trkpt lat="45.57349" lon="5.92725">
        <ele>320</ele>
      </trkpt>
      <trkpt lat="45.57339" lon="5.92702">
        <ele>319</ele>
      </trkpt>
      <trkpt lat="45.5733" lon="5.9268">
        <ele>318</ele>
      </trkpt>
      <trkpt lat="45.57324" lon="5.92664">
        <ele>317</ele>
      </trkpt>
      <trkpt lat="45.57317" lon="5.92649">
        <ele>316</ele>
      </trkpt>
      <trkpt lat="45.57312" lon="5.92632">
        <ele>315</ele>
      </trkpt>
      <trkpt lat="45.57308" lon="5.92613">
        <ele>315</ele>
      </trkpt>
      <trkpt lat="45.57306" lon="5.92597">
        <ele>314</ele>
      </trkpt>
      <trkpt lat="45.57304" lon="5.92579">
        <ele>313</ele>
      </trkpt>
      <trkpt lat="45.57305" lon="5.92553">
        <ele>313</ele>
      </trkpt>
      <trkpt lat="45.57308" lon="5.92532">
        <ele>312</ele>
      </trkpt>
      <trkpt lat="45.57311" lon="5.92511">
        <ele>312</ele>
      </trkpt>
      <trkpt lat="45.57313" lon="5.92495">
        <ele>311</ele>
      </trkpt>
      <trkpt lat="45.57317" lon="5.92475">
        <ele>311</ele>
      </trkpt>
      <trkpt lat="45.57321" lon="5.92455">
        <ele>311</ele>
      </trkpt>
      <trkpt lat="45.57323" lon="5.92438">
        <ele>310</ele>
      </trkpt>
      <trkpt lat="45.57326" lon="5.9242">
        <ele>310</ele>
      </trkpt>
      <trkpt lat="45.5733" lon="5.92403">
        <ele>310</ele>
      </trkpt>
      <trkpt lat="45.57331" lon="5.92392">
        <ele>310</ele>
      </trkpt>
      <trkpt lat="45.57331" lon="5.92378">
        <ele>309</ele>
      </trkpt>
      <trkpt lat="45.57328" lon="5.92369">
        <ele>309</ele>
      </trkpt>
      <trkpt lat="45.57321" lon="5.92357">
        <ele>309</ele>
      </trkpt>
      <trkpt lat="45.57315" lon="5.92347">
        <ele>308</ele>
      </trkpt>
      <trkpt lat="45.57309" lon="5.92336">
        <ele>308</ele>
      </trkpt>
      <trkpt lat="45.57306" lon="5.92326">
        <ele>308</ele>
      </trkpt>
      <trkpt lat="45.57305" lon="5.92326">
        <ele>308</ele>
      </trkpt>
      <trkpt lat="45.57304" lon="5.92325">
        <ele>307</ele>
      </trkpt>
      <trkpt lat="45.57303" lon="5.92323">
        <ele>307</ele>
      </trkpt>
      <trkpt lat="45.57302" lon="5.92321">
        <ele>307</ele>
      </trkpt>
      <trkpt lat="45.57302" lon="5.92319">
        <ele>307</ele>
      </trkpt>
      <trkpt lat="45.57302" lon="5.92317">
        <ele>307</ele>
      </trkpt>
      <trkpt lat="45.57295" lon="5.92313">
        <ele>306</ele>
      </trkpt>
      <trkpt lat="45.57289" lon="5.92302">
        <ele>306</ele>
      </trkpt>
      <trkpt lat="45.57279" lon="5.92284">
        <ele>306</ele>
      </trkpt>
      <trkpt lat="45.57269" lon="5.92266">
        <ele>305</ele>
      </trkpt>
      <trkpt lat="45.57262" lon="5.92256">
        <ele>305</ele>
      </trkpt>
      <trkpt lat="45.57251" lon="5.92237">
        <ele>304</ele>
      </trkpt>
      <trkpt lat="45.57246" lon="5.92228">
        <ele>304</ele>
      </trkpt>
      <trkpt lat="45.57239" lon="5.92214">
        <ele>303</ele>
      </trkpt>
      <trkpt lat="45.57231" lon="5.922">
        <ele>302</ele>
      </trkpt>
      <trkpt lat="45.57228" lon="5.92196">
        <ele>302</ele>
      </trkpt>
      <trkpt lat="45.57224" lon="5.92194">
        <ele>301</ele>
      </trkpt>
      <trkpt lat="45.57204" lon="5.92192">
        <ele>300</ele>
      </trkpt>
      <trkpt lat="45.57185" lon="5.92189">
        <ele>299</ele>
      </trkpt>
      <trkpt lat="45.57173" lon="5.92185">
        <ele>298</ele>
      </trkpt>
      <trkpt lat="45.5716" lon="5.92179">
        <ele>297</ele>
      </trkpt>
      <trkpt lat="45.57152" lon="5.92176">
        <ele>296</ele>
      </trkpt>
      <trkpt lat="45.57143" lon="5.92175">
        <ele>295</ele>
      </trkpt>
      <trkpt lat="45.57133" lon="5.92173">
        <ele>294</ele>
      </trkpt>
      <trkpt lat="45.57112" lon="5.92175">
        <ele>293</ele>
      </trkpt>
      <trkpt lat="45.57095" lon="5.92175">
        <ele>292</ele>
      </trkpt>
      <trkpt lat="45.57079" lon="5.92176">
        <ele>291</ele>
      </trkpt>
      <trkpt lat="45.57063" lon="5.92177">
        <ele>289</ele>
      </trkpt>
      <trkpt lat="45.57047" lon="5.92177">
        <ele>288</ele>
      </trkpt>
      <trkpt lat="45.57028" lon="5.92171">
        <ele>287</ele>
      </trkpt>
      <trkpt lat="45.57015" lon="5.92168">
        <ele>285</ele>
      </trkpt>
      <trkpt lat="45.57002" lon="5.92166">
        <ele>284</ele>
      </trkpt>
      <trkpt lat="45.56989" lon="5.92164">
        <ele>283</ele>
      </trkpt>
      <trkpt lat="45.56979" lon="5.92164">
        <ele>282</ele>
      </trkpt>
      <trkpt lat="45.56968" lon="5.92163">
        <ele>281</ele>
      </trkpt>
      <trkpt lat="45.56956" lon="5.92164">
        <ele>280</ele>
      </trkpt>
      <trkpt lat="45.56945" lon="5.92165">
        <ele>279</ele>
      </trkpt>
      <trkpt lat="45.56941" lon="5.92164">
        <ele>278</ele>
      </trkpt>
      <trkpt lat="45.56938" lon="5.92164">
        <ele>278</ele>
      </trkpt>
      <trkpt lat="45.56947" lon="5.9216">
        <ele>278</ele>
      </trkpt>
      <trkpt lat="45.5696" lon="5.92158">
        <ele>277</ele>
      </trkpt>
      <trkpt lat="45.56973" lon="5.92155">
        <ele>277</ele>
      </trkpt>
      <trkpt lat="45.56987" lon="5.92152">
        <ele>277</ele>
      </trkpt>
      <trkpt lat="45.56991" lon="5.92146">
        <ele>277</ele>
      </trkpt>
      <trkpt lat="45.56998" lon="5.92135">
        <ele>277</ele>
      </trkpt>
      <trkpt lat="45.57004" lon="5.92129">
        <ele>277</ele>
      </trkpt>
      <trkpt lat="45.5701" lon="5.92121">
        <ele>277</ele>
      </trkpt>
      <trkpt lat="45.57018" lon="5.92112">
        <ele>277</ele>
      </trkpt>
      <trkpt lat="45.57026" lon="5.92105">
        <ele>276</ele>
      </trkpt>
      <trkpt lat="45.57042" lon="5.92097">
        <ele>276</ele>
      </trkpt>
      <trkpt lat="45.5706" lon="5.92088">
        <ele>276</ele>
      </trkpt>
      <trkpt lat="45.57074" lon="5.92081">
        <ele>276</ele>
      </trkpt>
      <trkpt lat="45.57087" lon="5.92074">
        <ele>275</ele>
      </trkpt>
      <trkpt lat="45.57087" lon="5.92074">
        <ele>275</ele>
      </trkpt>
    </trkseg>
  </trk>
</gpx>