<?xml version="1.0" encoding="UTF-8" standalone="no" ?>
<gpx xmlns="http://www.topografix.com/GPX/1/1" xmlns:xsi="http://www.w3.org/2001/XMLSchema-instance" xsi:schemaLocation="http://www.topografix.com/GPX/1/1 http://www.topografix.com/GPX/1/1/gpx.xsd" version="1.1" creator="VisuGPX - https://www.visugpx.com">
  <metadata>
    <name>66-Entre rives droite et gauche du Tech en Vallespir</name>
    <desc><![CDATA[Au départ d'Arles sur Tech, le circuit grimpe sur les contreforts sud du Vallespir en direction de St Laurent de cerdan sur la rive droite du Tech avant de redescendre vers le nord pour franchir le Tech et monter sur l'autre versant de la rivière qui vous conduira sur les villages superbes de Monferrer et Corsavy. Les plus courageux pourront monter jusqu'à la Tour de Batère à 1400m de puis Corsavy.
Routes tranquilles et panoramas magnifiques assurés.]]></desc>
  </metadata>
  <trk>
    <name><![CDATA[Entre rive droite et rive gauche du Tech]]></name>
    <trkseg>
      <trkpt lat="42.45755" lon="2.6347">
        <ele>284.53140258789</ele>
        <time>2016-11-03T15:04:43Z</time>
      </trkpt>
      <trkpt lat="42.45751" lon="2.63476">
        <ele>284.00302124023</ele>
        <time>2016-11-03T15:04:43Z</time>
      </trkpt>
      <trkpt lat="42.45757" lon="2.63484">
        <ele>283.03567504883</ele>
        <time>2016-11-03T15:04:45Z</time>
      </trkpt>
      <trkpt lat="42.45765" lon="2.63486">
        <ele>283.04989624023</ele>
        <time>2016-11-03T15:04:47Z</time>
      </trkpt>
      <trkpt lat="42.45764" lon="2.63462">
        <ele>285.51278686523</ele>
        <time>2016-11-03T15:04:49Z</time>
      </trkpt>
      <trkpt lat="42.4576" lon="2.63425">
        <ele>287.83154296875</ele>
        <time>2016-11-03T15:04:54Z</time>
      </trkpt>
      <trkpt lat="42.45754" lon="2.63413">
        <ele>288.26922607422</ele>
        <time>2016-11-03T15:05:01Z</time>
      </trkpt>
      <trkpt lat="42.45734" lon="2.63378">
        <ele>289.59484863281</ele>
        <time>2016-11-03T15:05:04Z</time>
      </trkpt>
      <trkpt lat="42.45725" lon="2.63365">
        <ele>290.08135986328</ele>
        <time>2016-11-03T15:05:13Z</time>
      </trkpt>
      <trkpt lat="42.45719" lon="2.6336">
        <ele>290.18240356445</ele>
        <time>2016-11-03T15:05:17Z</time>
      </trkpt>
      <trkpt lat="42.45677" lon="2.63343">
        <ele>291.0166015625</ele>
        <time>2016-11-03T15:05:19Z</time>
      </trkpt>
      <trkpt lat="42.45654" lon="2.63334">
        <ele>291.44039916992</ele>
        <time>2016-11-03T15:05:31Z</time>
      </trkpt>
      <trkpt lat="42.45646" lon="2.6333">
        <ele>292.27667236328</ele>
        <time>2016-11-03T15:05:37Z</time>
      </trkpt>
      <trkpt lat="42.45646" lon="2.6333">
        <ele>292.27667236328</ele>
        <time>2016-11-03T15:05:39Z</time>
      </trkpt>
      <trkpt lat="42.45642" lon="2.63324">
        <ele>292.59661865234</ele>
        <time>2016-11-03T15:05:39Z</time>
      </trkpt>
      <trkpt lat="42.45636" lon="2.6331">
        <ele>292.30874633789</ele>
        <time>2016-11-03T15:05:41Z</time>
      </trkpt>
      <trkpt lat="42.456" lon="2.63165">
        <ele>294.88681030273</ele>
        <time>2016-11-03T15:05:44Z</time>
      </trkpt>
      <trkpt lat="42.45585" lon="2.63118">
        <ele>293.15869140625</ele>
        <time>2016-11-03T15:06:14Z</time>
      </trkpt>
      <trkpt lat="42.45552" lon="2.63042">
        <ele>293.47988891602</ele>
        <time>2016-11-03T15:06:24Z</time>
      </trkpt>
      <trkpt lat="42.45472" lon="2.62866">
        <ele>297.47595214844</ele>
        <time>2016-11-03T15:06:41Z</time>
      </trkpt>
      <trkpt lat="42.45456" lon="2.6282">
        <ele>298.59503173828</ele>
        <time>2016-11-03T15:07:22Z</time>
      </trkpt>
      <trkpt lat="42.45444" lon="2.62763">
        <ele>297.99746704102</ele>
        <time>2016-11-03T15:07:32Z</time>
      </trkpt>
      <trkpt lat="42.45441" lon="2.62732">
        <ele>297.50018310547</ele>
        <time>2016-11-03T15:07:44Z</time>
      </trkpt>
      <trkpt lat="42.4544" lon="2.62699">
        <ele>298.23300170898</ele>
        <time>2016-11-03T15:07:50Z</time>
      </trkpt>
      <trkpt lat="42.45442" lon="2.62648">
        <ele>299.0173034668</ele>
        <time>2016-11-03T15:07:57Z</time>
      </trkpt>
      <trkpt lat="42.45446" lon="2.6257">
        <ele>300.14373779297</ele>
        <time>2016-11-03T15:08:07Z</time>
      </trkpt>
      <trkpt lat="42.45449" lon="2.62519">
        <ele>300.95196533203</ele>
        <time>2016-11-03T15:08:22Z</time>
      </trkpt>
      <trkpt lat="42.45447" lon="2.62502">
        <ele>301.46166992188</ele>
        <time>2016-11-03T15:08:32Z</time>
      </trkpt>
      <trkpt lat="42.45439" lon="2.6247">
        <ele>301.99606323242</ele>
        <time>2016-11-03T15:08:35Z</time>
      </trkpt>
      <trkpt lat="42.45414" lon="2.62374">
        <ele>300.07763671875</ele>
        <time>2016-11-03T15:08:42Z</time>
      </trkpt>
      <trkpt lat="42.45414" lon="2.62374">
        <ele>300.07763671875</ele>
        <time>2016-11-03T15:09:02Z</time>
      </trkpt>
      <trkpt lat="42.45394" lon="2.62298">
        <ele>297.63250732422</ele>
        <time>2016-11-03T15:09:02Z</time>
      </trkpt>
      <trkpt lat="42.45388" lon="2.62279">
        <ele>297.59313964844</ele>
        <time>2016-11-03T15:09:18Z</time>
      </trkpt>
      <trkpt lat="42.4538" lon="2.62264">
        <ele>297.22100830078</ele>
        <time>2016-11-03T15:09:22Z</time>
      </trkpt>
      <trkpt lat="42.45341" lon="2.62221">
        <ele>296.31112670898</ele>
        <time>2016-11-03T15:09:26Z</time>
      </trkpt>
      <trkpt lat="42.45314" lon="2.62185">
        <ele>295.86166381836</ele>
        <time>2016-11-03T15:09:39Z</time>
      </trkpt>
      <trkpt lat="42.45285" lon="2.62136">
        <ele>296.38436889648</ele>
        <time>2016-11-03T15:09:49Z</time>
      </trkpt>
      <trkpt lat="42.45272" lon="2.62119">
        <ele>297.13446044922</ele>
        <time>2016-11-03T15:10:01Z</time>
      </trkpt>
      <trkpt lat="42.45251" lon="2.62097">
        <ele>297.08084106445</ele>
        <time>2016-11-03T15:10:06Z</time>
      </trkpt>
      <trkpt lat="42.45181" lon="2.62026">
        <ele>297.0166015625</ele>
        <time>2016-11-03T15:10:13Z</time>
      </trkpt>
      <trkpt lat="42.45015" lon="2.61867">
        <ele>300.10635375977</ele>
        <time>2016-11-03T15:10:36Z</time>
      </trkpt>
      <trkpt lat="42.4494" lon="2.61796">
        <ele>301.57647705078</ele>
        <time>2016-11-03T15:11:30Z</time>
      </trkpt>
      <trkpt lat="42.44918" lon="2.61773">
        <ele>302.33676147461</ele>
        <time>2016-11-03T15:11:54Z</time>
      </trkpt>
      <trkpt lat="42.44897" lon="2.6175">
        <ele>304.50930786133</ele>
        <time>2016-11-03T15:12:01Z</time>
      </trkpt>
      <trkpt lat="42.44887" lon="2.61736">
        <ele>304.43295288086</ele>
        <time>2016-11-03T15:12:08Z</time>
      </trkpt>
      <trkpt lat="42.4488" lon="2.61716">
        <ele>304.45684814453</ele>
        <time>2016-11-03T15:12:12Z</time>
      </trkpt>
      <trkpt lat="42.44879" lon="2.61709">
        <ele>304.07574462891</ele>
        <time>2016-11-03T15:12:16Z</time>
      </trkpt>
      <trkpt lat="42.44881" lon="2.61693">
        <ele>304.84320068359</ele>
        <time>2016-11-03T15:12:17Z</time>
      </trkpt>
      <trkpt lat="42.44886" lon="2.61674">
        <ele>305.32601928711</ele>
        <time>2016-11-03T15:12:20Z</time>
      </trkpt>
      <trkpt lat="42.44901" lon="2.61641">
        <ele>307.35327148438</ele>
        <time>2016-11-03T15:12:24Z</time>
      </trkpt>
      <trkpt lat="42.44927" lon="2.616">
        <ele>307.31378173828</ele>
        <time>2016-11-03T15:12:32Z</time>
      </trkpt>
      <trkpt lat="42.44955" lon="2.61564">
        <ele>306.97180175781</ele>
        <time>2016-11-03T15:12:43Z</time>
      </trkpt>
      <trkpt lat="42.44981" lon="2.61533">
        <ele>307.60311889648</ele>
        <time>2016-11-03T15:12:53Z</time>
      </trkpt>
      <trkpt lat="42.44992" lon="2.61526">
        <ele>307.89758300781</ele>
        <time>2016-11-03T15:13:02Z</time>
      </trkpt>
      <trkpt lat="42.45004" lon="2.61521">
        <ele>308.71844482422</ele>
        <time>2016-11-03T15:13:05Z</time>
      </trkpt>
      <trkpt lat="42.45017" lon="2.61519">
        <ele>310.57012939453</ele>
        <time>2016-11-03T15:13:08Z</time>
      </trkpt>
      <trkpt lat="42.45031" lon="2.6152">
        <ele>313.27154541016</ele>
        <time>2016-11-03T15:13:11Z</time>
      </trkpt>
      <trkpt lat="42.45076" lon="2.61525">
        <ele>315.92443847656</ele>
        <time>2016-11-03T15:13:15Z</time>
      </trkpt>
      <trkpt lat="42.45102" lon="2.61522">
        <ele>314.48413085938</ele>
        <time>2016-11-03T15:13:27Z</time>
      </trkpt>
      <trkpt lat="42.45125" lon="2.61525">
        <ele>317.52563476562</ele>
        <time>2016-11-03T15:13:34Z</time>
      </trkpt>
      <trkpt lat="42.45137" lon="2.61522">
        <ele>316.42938232422</ele>
        <time>2016-11-03T15:13:40Z</time>
      </trkpt>
      <trkpt lat="42.45147" lon="2.61517">
        <ele>315.90563964844</ele>
        <time>2016-11-03T15:13:43Z</time>
      </trkpt>
      <trkpt lat="42.45179" lon="2.61501">
        <ele>313.81503295898</ele>
        <time>2016-11-03T15:13:46Z</time>
      </trkpt>
      <trkpt lat="42.45195" lon="2.61493">
        <ele>313.48596191406</ele>
        <time>2016-11-03T15:13:55Z</time>
      </trkpt>
      <trkpt lat="42.45212" lon="2.61489">
        <ele>313.13385009766</ele>
        <time>2016-11-03T15:14:00Z</time>
      </trkpt>
      <trkpt lat="42.4523" lon="2.61482">
        <ele>314.12176513672</ele>
        <time>2016-11-03T15:14:05Z</time>
      </trkpt>
      <trkpt lat="42.45242" lon="2.61473">
        <ele>314.97616577148</ele>
        <time>2016-11-03T15:14:10Z</time>
      </trkpt>
      <trkpt lat="42.45258" lon="2.61457">
        <ele>314.62844848633</ele>
        <time>2016-11-03T15:14:14Z</time>
      </trkpt>
      <trkpt lat="42.45277" lon="2.61435">
        <ele>314.10369873047</ele>
        <time>2016-11-03T15:14:19Z</time>
      </trkpt>
      <trkpt lat="42.45289" lon="2.61417">
        <ele>313.58157348633</ele>
        <time>2016-11-03T15:14:26Z</time>
      </trkpt>
      <trkpt lat="42.45308" lon="2.61379">
        <ele>316.85415649414</ele>
        <time>2016-11-03T15:14:31Z</time>
      </trkpt>
      <trkpt lat="42.45315" lon="2.61358">
        <ele>314.87689208984</ele>
        <time>2016-11-03T15:14:40Z</time>
      </trkpt>
      <trkpt lat="42.4532" lon="2.61335">
        <ele>314.92324829102</ele>
        <time>2016-11-03T15:14:45Z</time>
      </trkpt>
      <trkpt lat="42.45326" lon="2.61294">
        <ele>316.10565185547</ele>
        <time>2016-11-03T15:14:50Z</time>
      </trkpt>
      <trkpt lat="42.4533" lon="2.61254">
        <ele>316.41293334961</ele>
        <time>2016-11-03T15:14:58Z</time>
      </trkpt>
      <trkpt lat="42.45336" lon="2.61233">
        <ele>315.60928344727</ele>
        <time>2016-11-03T15:15:06Z</time>
      </trkpt>
      <trkpt lat="42.45344" lon="2.61219">
        <ele>316.52752685547</ele>
        <time>2016-11-03T15:15:10Z</time>
      </trkpt>
      <trkpt lat="42.45361" lon="2.61192">
        <ele>318.48327636719</ele>
        <time>2016-11-03T15:15:13Z</time>
      </trkpt>
      <trkpt lat="42.45365" lon="2.61178">
        <ele>317.39468383789</ele>
        <time>2016-11-03T15:15:20Z</time>
      </trkpt>
      <trkpt lat="42.45368" lon="2.61161">
        <ele>315.82586669922</ele>
        <time>2016-11-03T15:15:23Z</time>
      </trkpt>
      <trkpt lat="42.45369" lon="2.61144">
        <ele>315.8479309082</ele>
        <time>2016-11-03T15:15:26Z</time>
      </trkpt>
      <trkpt lat="42.45363" lon="2.61121">
        <ele>322.83383178711</ele>
        <time>2016-11-03T15:15:29Z</time>
      </trkpt>
      <trkpt lat="42.45353" lon="2.61108">
        <ele>322.87612915039</ele>
        <time>2016-11-03T15:15:34Z</time>
      </trkpt>
      <trkpt lat="42.45334" lon="2.61095">
        <ele>321.58963012695</ele>
        <time>2016-11-03T15:15:38Z</time>
      </trkpt>
      <trkpt lat="42.45284" lon="2.61072">
        <ele>319.48693847656</ele>
        <time>2016-11-03T15:15:44Z</time>
      </trkpt>
      <trkpt lat="42.45271" lon="2.61065">
        <ele>320.42944335938</ele>
        <time>2016-11-03T15:15:58Z</time>
      </trkpt>
      <trkpt lat="42.45252" lon="2.6105">
        <ele>320.49569702148</ele>
        <time>2016-11-03T15:16:02Z</time>
      </trkpt>
      <trkpt lat="42.4524" lon="2.61039">
        <ele>320.82354736328</ele>
        <time>2016-11-03T15:16:08Z</time>
      </trkpt>
      <trkpt lat="42.45228" lon="2.61033">
        <ele>320.7158203125</ele>
        <time>2016-11-03T15:16:12Z</time>
      </trkpt>
      <trkpt lat="42.452" lon="2.61028">
        <ele>321.64495849609</ele>
        <time>2016-11-03T15:16:15Z</time>
      </trkpt>
      <trkpt lat="42.45177" lon="2.61019">
        <ele>321.8127746582</ele>
        <time>2016-11-03T15:16:23Z</time>
      </trkpt>
      <trkpt lat="42.45148" lon="2.61005">
        <ele>322.67999267578</ele>
        <time>2016-11-03T15:16:29Z</time>
      </trkpt>
      <trkpt lat="42.45125" lon="2.61001">
        <ele>322.77243041992</ele>
        <time>2016-11-03T15:16:37Z</time>
      </trkpt>
      <trkpt lat="42.45105" lon="2.60999">
        <ele>323.81759643555</ele>
        <time>2016-11-03T15:16:43Z</time>
      </trkpt>
      <trkpt lat="42.4508" lon="2.60989">
        <ele>325.75988769531</ele>
        <time>2016-11-03T15:16:48Z</time>
      </trkpt>
      <trkpt lat="42.45062" lon="2.60984">
        <ele>326.27667236328</ele>
        <time>2016-11-03T15:16:55Z</time>
      </trkpt>
      <trkpt lat="42.45052" lon="2.60983">
        <ele>325.03372192383</ele>
        <time>2016-11-03T15:17:00Z</time>
      </trkpt>
      <trkpt lat="42.4503" lon="2.60987">
        <ele>325.31057739258</ele>
        <time>2016-11-03T15:17:03Z</time>
      </trkpt>
      <trkpt lat="42.45004" lon="2.6099">
        <ele>326.26739501953</ele>
        <time>2016-11-03T15:17:09Z</time>
      </trkpt>
      <trkpt lat="42.44987" lon="2.60989">
        <ele>326.74295043945</ele>
        <time>2016-11-03T15:17:16Z</time>
      </trkpt>
      <trkpt lat="42.44954" lon="2.60983">
        <ele>328.68817138672</ele>
        <time>2016-11-03T15:17:21Z</time>
      </trkpt>
      <trkpt lat="42.44944" lon="2.60977">
        <ele>326.91915893555</ele>
        <time>2016-11-03T15:17:30Z</time>
      </trkpt>
      <trkpt lat="42.44939" lon="2.60969">
        <ele>327.69268798828</ele>
        <time>2016-11-03T15:17:33Z</time>
      </trkpt>
      <trkpt lat="42.44936" lon="2.60959">
        <ele>327.65795898438</ele>
        <time>2016-11-03T15:17:35Z</time>
      </trkpt>
      <trkpt lat="42.44936" lon="2.60948">
        <ele>327.90536499023</ele>
        <time>2016-11-03T15:17:37Z</time>
      </trkpt>
      <trkpt lat="42.44947" lon="2.60919">
        <ele>329.45748901367</ele>
        <time>2016-11-03T15:17:39Z</time>
      </trkpt>
      <trkpt lat="42.44974" lon="2.60871">
        <ele>334.02981567383</ele>
        <time>2016-11-03T15:17:45Z</time>
      </trkpt>
      <trkpt lat="42.4498" lon="2.60849">
        <ele>333.21728515625</ele>
        <time>2016-11-03T15:17:57Z</time>
      </trkpt>
      <trkpt lat="42.44996" lon="2.60817">
        <ele>333.28341674805</ele>
        <time>2016-11-03T15:18:02Z</time>
      </trkpt>
      <trkpt lat="42.45011" lon="2.60791">
        <ele>334.04058837891</ele>
        <time>2016-11-03T15:18:10Z</time>
      </trkpt>
      <trkpt lat="42.45016" lon="2.60777">
        <ele>335.75564575195</ele>
        <time>2016-11-03T15:18:17Z</time>
      </trkpt>
      <trkpt lat="42.45016" lon="2.60744">
        <ele>335.65811157227</ele>
        <time>2016-11-03T15:18:20Z</time>
      </trkpt>
      <trkpt lat="42.45015" lon="2.60725">
        <ele>333.39294433594</ele>
        <time>2016-11-03T15:18:27Z</time>
      </trkpt>
      <trkpt lat="42.45017" lon="2.60709">
        <ele>334.04931640625</ele>
        <time>2016-11-03T15:18:31Z</time>
      </trkpt>
      <trkpt lat="42.45027" lon="2.60672">
        <ele>335.45431518555</ele>
        <time>2016-11-03T15:18:34Z</time>
      </trkpt>
      <trkpt lat="42.45047" lon="2.60629">
        <ele>335.80087280273</ele>
        <time>2016-11-03T15:18:42Z</time>
      </trkpt>
      <trkpt lat="42.45051" lon="2.60612">
        <ele>335.94058227539</ele>
        <time>2016-11-03T15:18:52Z</time>
      </trkpt>
      <trkpt lat="42.45054" lon="2.60591">
        <ele>336.35794067383</ele>
        <time>2016-11-03T15:18:56Z</time>
      </trkpt>
      <trkpt lat="42.45054" lon="2.60569">
        <ele>338.9284362793</ele>
        <time>2016-11-03T15:19:00Z</time>
      </trkpt>
      <trkpt lat="42.45051" lon="2.60546">
        <ele>338.17407226562</ele>
        <time>2016-11-03T15:19:04Z</time>
      </trkpt>
      <trkpt lat="42.45039" lon="2.60516">
        <ele>337.03457641602</ele>
        <time>2016-11-03T15:19:09Z</time>
      </trkpt>
      <trkpt lat="42.45025" lon="2.60496">
        <ele>337.19241333008</ele>
        <time>2016-11-03T15:19:16Z</time>
      </trkpt>
      <trkpt lat="42.45002" lon="2.60471">
        <ele>336.16537475586</ele>
        <time>2016-11-03T15:19:21Z</time>
      </trkpt>
      <trkpt lat="42.44987" lon="2.60456">
        <ele>335.74493408203</ele>
        <time>2016-11-03T15:19:29Z</time>
      </trkpt>
      <trkpt lat="42.44968" lon="2.60442">
        <ele>335.57342529297</ele>
        <time>2016-11-03T15:19:34Z</time>
      </trkpt>
      <trkpt lat="42.44936" lon="2.60429">
        <ele>334.92727661133</ele>
        <time>2016-11-03T15:19:40Z</time>
      </trkpt>
      <trkpt lat="42.44883" lon="2.60407">
        <ele>337.09741210938</ele>
        <time>2016-11-03T15:19:49Z</time>
      </trkpt>
      <trkpt lat="42.44862" lon="2.60404">
        <ele>339.13336181641</ele>
        <time>2016-11-03T15:20:04Z</time>
      </trkpt>
      <trkpt lat="42.4484" lon="2.60405">
        <ele>340.36911010742</ele>
        <time>2016-11-03T15:20:10Z</time>
      </trkpt>
      <trkpt lat="42.44784" lon="2.6042">
        <ele>344.96459960938</ele>
        <time>2016-11-03T15:20:16Z</time>
      </trkpt>
      <trkpt lat="42.44758" lon="2.60424">
        <ele>344.20727539062</ele>
        <time>2016-11-03T15:20:31Z</time>
      </trkpt>
      <trkpt lat="42.44709" lon="2.60422">
        <ele>346.11935424805</ele>
        <time>2016-11-03T15:20:38Z</time>
      </trkpt>
      <trkpt lat="42.44675" lon="2.60418">
        <ele>347.58706665039</ele>
        <time>2016-11-03T15:20:51Z</time>
      </trkpt>
      <trkpt lat="42.44666" lon="2.60419">
        <ele>348.14794921875</ele>
        <time>2016-11-03T15:21:00Z</time>
      </trkpt>
      <trkpt lat="42.44643" lon="2.60423">
        <ele>348.20028686523</ele>
        <time>2016-11-03T15:21:02Z</time>
      </trkpt>
      <trkpt lat="42.44603" lon="2.60436">
        <ele>346.61999511719</ele>
        <time>2016-11-03T15:21:08Z</time>
      </trkpt>
      <trkpt lat="42.44586" lon="2.60443">
        <ele>349.18463134766</ele>
        <time>2016-11-03T15:21:19Z</time>
      </trkpt>
      <trkpt lat="42.44574" lon="2.60454">
        <ele>351.47052001953</ele>
        <time>2016-11-03T15:21:24Z</time>
      </trkpt>
      <trkpt lat="42.44556" lon="2.60483">
        <ele>347.35131835938</ele>
        <time>2016-11-03T15:21:28Z</time>
      </trkpt>
      <trkpt lat="42.44545" lon="2.60504">
        <ele>344.9748840332</ele>
        <time>2016-11-03T15:21:35Z</time>
      </trkpt>
      <trkpt lat="42.44535" lon="2.60518">
        <ele>344.73449707031</ele>
        <time>2016-11-03T15:21:40Z</time>
      </trkpt>
      <trkpt lat="42.4452" lon="2.60532">
        <ele>345.10446166992</ele>
        <time>2016-11-03T15:21:44Z</time>
      </trkpt>
      <trkpt lat="42.44508" lon="2.60539">
        <ele>344.71823120117</ele>
        <time>2016-11-03T15:21:49Z</time>
      </trkpt>
      <trkpt lat="42.44493" lon="2.60543">
        <ele>345.31204223633</ele>
        <time>2016-11-03T15:21:52Z</time>
      </trkpt>
      <trkpt lat="42.44483" lon="2.60543">
        <ele>345.32095336914</ele>
        <time>2016-11-03T15:21:56Z</time>
      </trkpt>
      <trkpt lat="42.44465" lon="2.60539">
        <ele>344.98724365234</ele>
        <time>2016-11-03T15:21:59Z</time>
      </trkpt>
      <trkpt lat="42.44452" lon="2.60531">
        <ele>345.08935546875</ele>
        <time>2016-11-03T15:22:04Z</time>
      </trkpt>
      <trkpt lat="42.4443" lon="2.60507">
        <ele>345.82641601562</ele>
        <time>2016-11-03T15:22:08Z</time>
      </trkpt>
      <trkpt lat="42.44405" lon="2.60466">
        <ele>345.04693603516</ele>
        <time>2016-11-03T15:22:16Z</time>
      </trkpt>
      <trkpt lat="42.44389" lon="2.60427">
        <ele>346.39443969727</ele>
        <time>2016-11-03T15:22:26Z</time>
      </trkpt>
      <trkpt lat="42.44376" lon="2.60385">
        <ele>346.57104492188</ele>
        <time>2016-11-03T15:22:35Z</time>
      </trkpt>
      <trkpt lat="42.44364" lon="2.60351">
        <ele>348.19110107422</ele>
        <time>2016-11-03T15:22:44Z</time>
      </trkpt>
      <trkpt lat="42.44346" lon="2.60316">
        <ele>349.05276489258</ele>
        <time>2016-11-03T15:22:51Z</time>
      </trkpt>
      <trkpt lat="42.44325" lon="2.60291">
        <ele>342.53079223633</ele>
        <time>2016-11-03T15:22:59Z</time>
      </trkpt>
      <trkpt lat="42.44308" lon="2.60278">
        <ele>341.91073608398</ele>
        <time>2016-11-03T15:23:06Z</time>
      </trkpt>
      <trkpt lat="42.4428" lon="2.6026">
        <ele>341.21890258789</ele>
        <time>2016-11-03T15:23:11Z</time>
      </trkpt>
      <trkpt lat="42.44256" lon="2.60239">
        <ele>340.7001953125</ele>
        <time>2016-11-03T15:23:19Z</time>
      </trkpt>
      <trkpt lat="42.44199" lon="2.60184">
        <ele>341.56494140625</ele>
        <time>2016-11-03T15:23:27Z</time>
      </trkpt>
      <trkpt lat="42.44186" lon="2.60168">
        <ele>342.34808349609</ele>
        <time>2016-11-03T15:23:46Z</time>
      </trkpt>
      <trkpt lat="42.44157" lon="2.60126">
        <ele>342.31600952148</ele>
        <time>2016-11-03T15:23:51Z</time>
      </trkpt>
      <trkpt lat="42.4414" lon="2.60098">
        <ele>343.04776000977</ele>
        <time>2016-11-03T15:24:02Z</time>
      </trkpt>
      <trkpt lat="42.44121" lon="2.60058">
        <ele>343.44262695312</ele>
        <time>2016-11-03T15:24:09Z</time>
      </trkpt>
      <trkpt lat="42.44084" lon="2.59957">
        <ele>343.38241577148</ele>
        <time>2016-11-03T15:24:18Z</time>
      </trkpt>
      <trkpt lat="42.44039" lon="2.59836">
        <ele>345.11456298828</ele>
        <time>2016-11-03T15:24:40Z</time>
      </trkpt>
      <trkpt lat="42.43998" lon="2.59719">
        <ele>347.71142578125</ele>
        <time>2016-11-03T15:25:07Z</time>
      </trkpt>
      <trkpt lat="42.43984" lon="2.59634">
        <ele>348.00646972656</ele>
        <time>2016-11-03T15:25:33Z</time>
      </trkpt>
      <trkpt lat="42.43943" lon="2.59491">
        <ele>351.89859008789</ele>
        <time>2016-11-03T15:25:50Z</time>
      </trkpt>
      <trkpt lat="42.43933" lon="2.59439">
        <ele>352.20336914062</ele>
        <time>2016-11-03T15:26:20Z</time>
      </trkpt>
      <trkpt lat="42.43926" lon="2.59395">
        <ele>355.17791748047</ele>
        <time>2016-11-03T15:26:31Z</time>
      </trkpt>
      <trkpt lat="42.43919" lon="2.59376">
        <ele>358.60293579102</ele>
        <time>2016-11-03T15:26:40Z</time>
      </trkpt>
      <trkpt lat="42.43909" lon="2.5936">
        <ele>358.02984619141</ele>
        <time>2016-11-03T15:26:44Z</time>
      </trkpt>
      <trkpt lat="42.43886" lon="2.59338">
        <ele>358.46231079102</ele>
        <time>2016-11-03T15:26:48Z</time>
      </trkpt>
      <trkpt lat="42.43861" lon="2.59327">
        <ele>358.83581542969</ele>
        <time>2016-11-03T15:26:56Z</time>
      </trkpt>
      <trkpt lat="42.43835" lon="2.59323">
        <ele>357.24194335938</ele>
        <time>2016-11-03T15:27:03Z</time>
      </trkpt>
      <trkpt lat="42.43779" lon="2.59318">
        <ele>358.53256225586</ele>
        <time>2016-11-03T15:27:10Z</time>
      </trkpt>
      <trkpt lat="42.43754" lon="2.59322">
        <ele>360.6591796875</ele>
        <time>2016-11-03T15:27:25Z</time>
      </trkpt>
      <trkpt lat="42.43715" lon="2.59338">
        <ele>359.80422973633</ele>
        <time>2016-11-03T15:27:32Z</time>
      </trkpt>
      <trkpt lat="42.43611" lon="2.59394">
        <ele>362.48541259766</ele>
        <time>2016-11-03T15:27:43Z</time>
      </trkpt>
      <trkpt lat="42.43598" lon="2.59401">
        <ele>362.84524536133</ele>
        <time>2016-11-03T15:28:13Z</time>
      </trkpt>
      <trkpt lat="42.43597" lon="2.59399">
        <ele>363.02471923828</ele>
        <time>2016-11-03T15:28:17Z</time>
      </trkpt>
      <trkpt lat="42.43593" lon="2.59397">
        <ele>363.62326049805</ele>
        <time>2016-11-03T15:28:17Z</time>
      </trkpt>
      <trkpt lat="42.43587" lon="2.59395">
        <ele>364.48760986328</ele>
        <time>2016-11-03T15:28:18Z</time>
      </trkpt>
      <trkpt lat="42.4358" lon="2.59396">
        <ele>365.1872253418</ele>
        <time>2016-11-03T15:28:20Z</time>
      </trkpt>
      <trkpt lat="42.4356" lon="2.59404">
        <ele>368.60684204102</ele>
        <time>2016-11-03T15:28:22Z</time>
      </trkpt>
      <trkpt lat="42.43549" lon="2.59406">
        <ele>371.47399902344</ele>
        <time>2016-11-03T15:28:28Z</time>
      </trkpt>
      <trkpt lat="42.43549" lon="2.59406">
        <ele>371.47399902344</ele>
        <time>2016-11-03T15:28:31Z</time>
      </trkpt>
      <trkpt lat="42.43555" lon="2.59406">
        <ele>369.55230712891</ele>
        <time>2016-11-03T15:28:31Z</time>
      </trkpt>
      <trkpt lat="42.43565" lon="2.59402">
        <ele>367.68441772461</ele>
        <time>2016-11-03T15:28:33Z</time>
      </trkpt>
      <trkpt lat="42.43584" lon="2.59395">
        <ele>364.77673339844</ele>
        <time>2016-11-03T15:28:36Z</time>
      </trkpt>
      <trkpt lat="42.4359" lon="2.59396">
        <ele>364.08450317383</ele>
        <time>2016-11-03T15:28:41Z</time>
      </trkpt>
      <trkpt lat="42.43598" lon="2.59401">
        <ele>362.84524536133</ele>
        <time>2016-11-03T15:28:43Z</time>
      </trkpt>
      <trkpt lat="42.43577" lon="2.59412">
        <ele>363.45858764648</ele>
        <time>2016-11-03T15:28:45Z</time>
      </trkpt>
      <trkpt lat="42.43575" lon="2.59424">
        <ele>362.3151550293</ele>
        <time>2016-11-03T15:28:51Z</time>
      </trkpt>
      <trkpt lat="42.43573" lon="2.59437">
        <ele>361.86288452148</ele>
        <time>2016-11-03T15:28:53Z</time>
      </trkpt>
      <trkpt lat="42.43569" lon="2.59444">
        <ele>361.75820922852</ele>
        <time>2016-11-03T15:28:56Z</time>
      </trkpt>
      <trkpt lat="42.43542" lon="2.5947">
        <ele>362.30743408203</ele>
        <time>2016-11-03T15:28:58Z</time>
      </trkpt>
      <trkpt lat="42.43498" lon="2.59511">
        <ele>363.87161254883</ele>
        <time>2016-11-03T15:29:07Z</time>
      </trkpt>
      <trkpt lat="42.43474" lon="2.5954">
        <ele>360.42242431641</ele>
        <time>2016-11-03T15:29:21Z</time>
      </trkpt>
      <trkpt lat="42.4347" lon="2.59557">
        <ele>357.65182495117</ele>
        <time>2016-11-03T15:29:30Z</time>
      </trkpt>
      <trkpt lat="42.43473" lon="2.59604">
        <ele>354.38467407227</ele>
        <time>2016-11-03T15:29:34Z</time>
      </trkpt>
      <trkpt lat="42.43475" lon="2.59624">
        <ele>361.42022705078</ele>
        <time>2016-11-03T15:29:43Z</time>
      </trkpt>
      <trkpt lat="42.43479" lon="2.59634">
        <ele>366.64666748047</ele>
        <time>2016-11-03T15:29:47Z</time>
      </trkpt>
      <trkpt lat="42.43489" lon="2.59643">
        <ele>369.48208618164</ele>
        <time>2016-11-03T15:29:49Z</time>
      </trkpt>
      <trkpt lat="42.43502" lon="2.59642">
        <ele>365.25323486328</ele>
        <time>2016-11-03T15:29:52Z</time>
      </trkpt>
      <trkpt lat="42.43516" lon="2.59635">
        <ele>363.65930175781</ele>
        <time>2016-11-03T15:29:55Z</time>
      </trkpt>
      <trkpt lat="42.43541" lon="2.59632">
        <ele>366.73123168945</ele>
        <time>2016-11-03T15:29:59Z</time>
      </trkpt>
      <trkpt lat="42.43555" lon="2.5963">
        <ele>367.11315917969</ele>
        <time>2016-11-03T15:30:06Z</time>
      </trkpt>
      <trkpt lat="42.43576" lon="2.59622">
        <ele>367.04541015625</ele>
        <time>2016-11-03T15:30:10Z</time>
      </trkpt>
      <trkpt lat="42.43597" lon="2.59607">
        <ele>364.08688354492</ele>
        <time>2016-11-03T15:30:16Z</time>
      </trkpt>
      <trkpt lat="42.43611" lon="2.59599">
        <ele>362.56280517578</ele>
        <time>2016-11-03T15:30:22Z</time>
      </trkpt>
      <trkpt lat="42.43624" lon="2.59601">
        <ele>362.52862548828</ele>
        <time>2016-11-03T15:30:26Z</time>
      </trkpt>
      <trkpt lat="42.43633" lon="2.59615">
        <ele>364.10534667969</ele>
        <time>2016-11-03T15:30:29Z</time>
      </trkpt>
      <trkpt lat="42.43634" lon="2.59634">
        <ele>367.16494750977</ele>
        <time>2016-11-03T15:30:33Z</time>
      </trkpt>
      <trkpt lat="42.43626" lon="2.59646">
        <ele>370.44195556641</ele>
        <time>2016-11-03T15:30:37Z</time>
      </trkpt>
      <trkpt lat="42.43599" lon="2.59658">
        <ele>373.18771362305</ele>
        <time>2016-11-03T15:30:40Z</time>
      </trkpt>
      <trkpt lat="42.43557" lon="2.59676">
        <ele>375.98147583008</ele>
        <time>2016-11-03T15:30:48Z</time>
      </trkpt>
      <trkpt lat="42.43535" lon="2.59682">
        <ele>377.22012329102</ele>
        <time>2016-11-03T15:31:00Z</time>
      </trkpt>
      <trkpt lat="42.43518" lon="2.59681">
        <ele>378.15252685547</ele>
        <time>2016-11-03T15:31:06Z</time>
      </trkpt>
      <trkpt lat="42.43497" lon="2.59678">
        <ele>380.03674316406</ele>
        <time>2016-11-03T15:31:11Z</time>
      </trkpt>
      <trkpt lat="42.43485" lon="2.59681">
        <ele>382.33084106445</ele>
        <time>2016-11-03T15:31:17Z</time>
      </trkpt>
      <trkpt lat="42.43469" lon="2.59685">
        <ele>385.30413818359</ele>
        <time>2016-11-03T15:31:20Z</time>
      </trkpt>
      <trkpt lat="42.43456" lon="2.59685">
        <ele>386.76989746094</ele>
        <time>2016-11-03T15:31:24Z</time>
      </trkpt>
      <trkpt lat="42.43434" lon="2.59679">
        <ele>385.83346557617</ele>
        <time>2016-11-03T15:31:27Z</time>
      </trkpt>
      <trkpt lat="42.43421" lon="2.59677">
        <ele>385.49395751953</ele>
        <time>2016-11-03T15:31:33Z</time>
      </trkpt>
      <trkpt lat="42.43408" lon="2.5968">
        <ele>385.87368774414</ele>
        <time>2016-11-03T15:31:36Z</time>
      </trkpt>
      <trkpt lat="42.43396" lon="2.59688">
        <ele>387.97500610352</ele>
        <time>2016-11-03T15:31:40Z</time>
      </trkpt>
      <trkpt lat="42.43381" lon="2.59694">
        <ele>391.01162719727</ele>
        <time>2016-11-03T15:31:44Z</time>
      </trkpt>
      <trkpt lat="42.43356" lon="2.59696">
        <ele>392.77172851562</ele>
        <time>2016-11-03T15:31:48Z</time>
      </trkpt>
      <trkpt lat="42.43337" lon="2.59697">
        <ele>394.02716064453</ele>
        <time>2016-11-03T15:31:55Z</time>
      </trkpt>
      <trkpt lat="42.4332" lon="2.59702">
        <ele>400.57577514648</ele>
        <time>2016-11-03T15:32:00Z</time>
      </trkpt>
      <trkpt lat="42.43295" lon="2.59716">
        <ele>414.28616333008</ele>
        <time>2016-11-03T15:32:05Z</time>
      </trkpt>
      <trkpt lat="42.43285" lon="2.59714">
        <ele>416.6286315918</ele>
        <time>2016-11-03T15:32:12Z</time>
      </trkpt>
      <trkpt lat="42.43278" lon="2.59703">
        <ele>415.11721801758</ele>
        <time>2016-11-03T15:32:15Z</time>
      </trkpt>
      <trkpt lat="42.43277" lon="2.59672">
        <ele>407.07501220703</ele>
        <time>2016-11-03T15:32:18Z</time>
      </trkpt>
      <trkpt lat="42.43272" lon="2.59653">
        <ele>404.50076293945</ele>
        <time>2016-11-03T15:32:24Z</time>
      </trkpt>
      <trkpt lat="42.4326" lon="2.5964">
        <ele>405.33724975586</ele>
        <time>2016-11-03T15:32:28Z</time>
      </trkpt>
      <trkpt lat="42.43229" lon="2.59627">
        <ele>416.00823974609</ele>
        <time>2016-11-03T15:32:32Z</time>
      </trkpt>
      <trkpt lat="42.43228" lon="2.59625">
        <ele>416.03305053711</ele>
        <time>2016-11-03T15:32:41Z</time>
      </trkpt>
      <trkpt lat="42.43228" lon="2.59625">
        <ele>416.03305053711</ele>
        <time>2016-11-03T15:32:41Z</time>
      </trkpt>
      <trkpt lat="42.4322" lon="2.59614">
        <ele>417.72079467773</ele>
        <time>2016-11-03T15:32:41Z</time>
      </trkpt>
      <trkpt lat="42.43218" lon="2.59599">
        <ele>415.18966674805</ele>
        <time>2016-11-03T15:32:44Z</time>
      </trkpt>
      <trkpt lat="42.43214" lon="2.5958">
        <ele>413.55386352539</ele>
        <time>2016-11-03T15:32:47Z</time>
      </trkpt>
      <trkpt lat="42.43204" lon="2.59564">
        <ele>416.22848510742</ele>
        <time>2016-11-03T15:32:51Z</time>
      </trkpt>
      <trkpt lat="42.43193" lon="2.59543">
        <ele>419.36578369141</ele>
        <time>2016-11-03T15:32:55Z</time>
      </trkpt>
      <trkpt lat="42.4318" lon="2.59512">
        <ele>420.0739440918</ele>
        <time>2016-11-03T15:33:00Z</time>
      </trkpt>
      <trkpt lat="42.43167" lon="2.5949">
        <ele>421.48739624023</ele>
        <time>2016-11-03T15:33:07Z</time>
      </trkpt>
      <trkpt lat="42.43151" lon="2.59472">
        <ele>426.64367675781</ele>
        <time>2016-11-03T15:33:13Z</time>
      </trkpt>
      <trkpt lat="42.43146" lon="2.5946">
        <ele>426.37139892578</ele>
        <time>2016-11-03T15:33:19Z</time>
      </trkpt>
      <trkpt lat="42.43141" lon="2.59439">
        <ele>424.61419677734</ele>
        <time>2016-11-03T15:33:22Z</time>
      </trkpt>
      <trkpt lat="42.43135" lon="2.59419">
        <ele>422.47268676758</ele>
        <time>2016-11-03T15:33:26Z</time>
      </trkpt>
      <trkpt lat="42.43104" lon="2.59358">
        <ele>427.43664550781</ele>
        <time>2016-11-03T15:33:30Z</time>
      </trkpt>
      <trkpt lat="42.43079" lon="2.59318">
        <ele>426.55767822266</ele>
        <time>2016-11-03T15:33:45Z</time>
      </trkpt>
      <trkpt lat="42.43062" lon="2.59278">
        <ele>416.37377929688</ele>
        <time>2016-11-03T15:33:55Z</time>
      </trkpt>
      <trkpt lat="42.43055" lon="2.59264">
        <ele>410.94976806641</ele>
        <time>2016-11-03T15:34:04Z</time>
      </trkpt>
      <trkpt lat="42.43049" lon="2.59259">
        <ele>408.48300170898</ele>
        <time>2016-11-03T15:34:07Z</time>
      </trkpt>
      <trkpt lat="42.43042" lon="2.59257">
        <ele>406.86346435547</ele>
        <time>2016-11-03T15:34:09Z</time>
      </trkpt>
      <trkpt lat="42.43032" lon="2.59261">
        <ele>406.74362182617</ele>
        <time>2016-11-03T15:34:11Z</time>
      </trkpt>
      <trkpt lat="42.43023" lon="2.59273">
        <ele>408.98284912109</ele>
        <time>2016-11-03T15:34:14Z</time>
      </trkpt>
      <trkpt lat="42.4301" lon="2.59303">
        <ele>415.03219604492</ele>
        <time>2016-11-03T15:34:17Z</time>
      </trkpt>
      <trkpt lat="42.42998" lon="2.5934">
        <ele>421.05322265625</ele>
        <time>2016-11-03T15:34:24Z</time>
      </trkpt>
      <trkpt lat="42.42991" lon="2.59374">
        <ele>430.32827758789</ele>
        <time>2016-11-03T15:34:32Z</time>
      </trkpt>
      <trkpt lat="42.42985" lon="2.59398">
        <ele>438.26989746094</ele>
        <time>2016-11-03T15:34:39Z</time>
      </trkpt>
      <trkpt lat="42.42978" lon="2.59417">
        <ele>444.00061035156</ele>
        <time>2016-11-03T15:34:44Z</time>
      </trkpt>
      <trkpt lat="42.42968" lon="2.59432">
        <ele>448.8137512207</ele>
        <time>2016-11-03T15:34:48Z</time>
      </trkpt>
      <trkpt lat="42.42952" lon="2.59444">
        <ele>449.93084716797</ele>
        <time>2016-11-03T15:34:52Z</time>
      </trkpt>
      <trkpt lat="42.42939" lon="2.59455">
        <ele>451.29272460938</ele>
        <time>2016-11-03T15:34:57Z</time>
      </trkpt>
      <trkpt lat="42.42928" lon="2.59467">
        <ele>453.64990234375</ele>
        <time>2016-11-03T15:35:01Z</time>
      </trkpt>
      <trkpt lat="42.42894" lon="2.59493">
        <ele>464.51809692383</ele>
        <time>2016-11-03T15:35:05Z</time>
      </trkpt>
      <trkpt lat="42.42883" lon="2.59505">
        <ele>470.19778442383</ele>
        <time>2016-11-03T15:35:15Z</time>
      </trkpt>
      <trkpt lat="42.42875" lon="2.59517">
        <ele>475.40979003906</ele>
        <time>2016-11-03T15:35:19Z</time>
      </trkpt>
      <trkpt lat="42.4287" lon="2.59527">
        <ele>479.53219604492</ele>
        <time>2016-11-03T15:35:22Z</time>
      </trkpt>
      <trkpt lat="42.42863" lon="2.59534">
        <ele>481.96728515625</ele>
        <time>2016-11-03T15:35:24Z</time>
      </trkpt>
      <trkpt lat="42.42857" lon="2.59535">
        <ele>481.83947753906</ele>
        <time>2016-11-03T15:35:26Z</time>
      </trkpt>
      <trkpt lat="42.42853" lon="2.59532">
        <ele>480.28201293945</ele>
        <time>2016-11-03T15:35:28Z</time>
      </trkpt>
      <trkpt lat="42.42847" lon="2.59524">
        <ele>478.72766113281</ele>
        <time>2016-11-03T15:35:29Z</time>
      </trkpt>
      <trkpt lat="42.42842" lon="2.59505">
        <ele>473.48483276367</ele>
        <time>2016-11-03T15:35:31Z</time>
      </trkpt>
      <trkpt lat="42.42838" lon="2.59492">
        <ele>470.26977539062</ele>
        <time>2016-11-03T15:35:35Z</time>
      </trkpt>
      <trkpt lat="42.4283" lon="2.59477">
        <ele>468.28967285156</ele>
        <time>2016-11-03T15:35:38Z</time>
      </trkpt>
      <trkpt lat="42.42807" lon="2.59444">
        <ele>466.65853881836</ele>
        <time>2016-11-03T15:35:42Z</time>
      </trkpt>
      <trkpt lat="42.42793" lon="2.59423">
        <ele>465.3332824707</ele>
        <time>2016-11-03T15:35:51Z</time>
      </trkpt>
      <trkpt lat="42.42779" lon="2.59406">
        <ele>466.40798950195</ele>
        <time>2016-11-03T15:35:57Z</time>
      </trkpt>
      <trkpt lat="42.42765" lon="2.59396">
        <ele>471.49053955078</ele>
        <time>2016-11-03T15:36:02Z</time>
      </trkpt>
      <trkpt lat="42.42754" lon="2.59384">
        <ele>474.41729736328</ele>
        <time>2016-11-03T15:36:06Z</time>
      </trkpt>
      <trkpt lat="42.42747" lon="2.5937">
        <ele>474.5651550293</ele>
        <time>2016-11-03T15:36:10Z</time>
      </trkpt>
      <trkpt lat="42.42742" lon="2.59353">
        <ele>472.78707885742</ele>
        <time>2016-11-03T15:36:13Z</time>
      </trkpt>
      <trkpt lat="42.42731" lon="2.59317">
        <ele>472.05880737305</ele>
        <time>2016-11-03T15:36:17Z</time>
      </trkpt>
      <trkpt lat="42.42728" lon="2.59299">
        <ele>468.80325317383</ele>
        <time>2016-11-03T15:36:25Z</time>
      </trkpt>
      <trkpt lat="42.42729" lon="2.59263">
        <ele>461.08605957031</ele>
        <time>2016-11-03T15:36:29Z</time>
      </trkpt>
      <trkpt lat="42.4273" lon="2.59245">
        <ele>458.69900512695</ele>
        <time>2016-11-03T15:36:36Z</time>
      </trkpt>
      <trkpt lat="42.42726" lon="2.59228">
        <ele>458.67105102539</ele>
        <time>2016-11-03T15:36:40Z</time>
      </trkpt>
      <trkpt lat="42.42718" lon="2.59214">
        <ele>460.17810058594</ele>
        <time>2016-11-03T15:36:44Z</time>
      </trkpt>
      <trkpt lat="42.42706" lon="2.59201">
        <ele>462.59225463867</ele>
        <time>2016-11-03T15:36:47Z</time>
      </trkpt>
      <trkpt lat="42.42694" lon="2.59191">
        <ele>463.35263061523</ele>
        <time>2016-11-03T15:36:51Z</time>
      </trkpt>
      <trkpt lat="42.4268" lon="2.59184">
        <ele>462.15997314453</ele>
        <time>2016-11-03T15:36:55Z</time>
      </trkpt>
      <trkpt lat="42.42643" lon="2.59179">
        <ele>462.53378295898</ele>
        <time>2016-11-03T15:36:59Z</time>
      </trkpt>
      <trkpt lat="42.42598" lon="2.5918">
        <ele>466.60803222656</ele>
        <time>2016-11-03T15:37:09Z</time>
      </trkpt>
      <trkpt lat="42.42582" lon="2.59181">
        <ele>467.06427001953</ele>
        <time>2016-11-03T15:37:21Z</time>
      </trkpt>
      <trkpt lat="42.42565" lon="2.59186">
        <ele>468.86410522461</ele>
        <time>2016-11-03T15:37:25Z</time>
      </trkpt>
      <trkpt lat="42.42555" lon="2.59191">
        <ele>472.39883422852</ele>
        <time>2016-11-03T15:37:30Z</time>
      </trkpt>
      <trkpt lat="42.42535" lon="2.59192">
        <ele>474.95361328125</ele>
        <time>2016-11-03T15:37:33Z</time>
      </trkpt>
      <trkpt lat="42.42479" lon="2.59193">
        <ele>489.49691772461</ele>
        <time>2016-11-03T15:37:38Z</time>
      </trkpt>
      <trkpt lat="42.42465" lon="2.59191">
        <ele>491.88757324219</ele>
        <time>2016-11-03T15:37:53Z</time>
      </trkpt>
      <trkpt lat="42.42452" lon="2.59183">
        <ele>493.982421875</ele>
        <time>2016-11-03T15:37:57Z</time>
      </trkpt>
      <trkpt lat="42.42404" lon="2.59147">
        <ele>496.00897216797</ele>
        <time>2016-11-03T15:38:01Z</time>
      </trkpt>
      <trkpt lat="42.42387" lon="2.59135">
        <ele>499.69229125977</ele>
        <time>2016-11-03T15:38:16Z</time>
      </trkpt>
      <trkpt lat="42.42371" lon="2.59119">
        <ele>499.24411010742</ele>
        <time>2016-11-03T15:38:21Z</time>
      </trkpt>
      <trkpt lat="42.42343" lon="2.59092">
        <ele>495.57989501953</ele>
        <time>2016-11-03T15:38:26Z</time>
      </trkpt>
      <trkpt lat="42.42314" lon="2.59076">
        <ele>499.66482543945</ele>
        <time>2016-11-03T15:38:35Z</time>
      </trkpt>
      <trkpt lat="42.42301" lon="2.59065">
        <ele>500.90222167969</ele>
        <time>2016-11-03T15:38:43Z</time>
      </trkpt>
      <trkpt lat="42.42288" lon="2.59051">
        <ele>501.84927368164</ele>
        <time>2016-11-03T15:38:47Z</time>
      </trkpt>
      <trkpt lat="42.42261" lon="2.59016">
        <ele>503.02075195312</ele>
        <time>2016-11-03T15:38:51Z</time>
      </trkpt>
      <trkpt lat="42.42244" lon="2.58989">
        <ele>500.40399169922</ele>
        <time>2016-11-03T15:39:01Z</time>
      </trkpt>
      <trkpt lat="42.42231" lon="2.58971">
        <ele>497.96081542969</ele>
        <time>2016-11-03T15:39:08Z</time>
      </trkpt>
      <trkpt lat="42.42218" lon="2.5896">
        <ele>495.53375244141</ele>
        <time>2016-11-03T15:39:13Z</time>
      </trkpt>
      <trkpt lat="42.42203" lon="2.58954">
        <ele>495.31527709961</ele>
        <time>2016-11-03T15:39:17Z</time>
      </trkpt>
      <trkpt lat="42.4217" lon="2.58951">
        <ele>489.63879394531</ele>
        <time>2016-11-03T15:39:21Z</time>
      </trkpt>
      <trkpt lat="42.42155" lon="2.58957">
        <ele>488.11764526367</ele>
        <time>2016-11-03T15:39:30Z</time>
      </trkpt>
      <trkpt lat="42.42147" lon="2.58963">
        <ele>488.00225830078</ele>
        <time>2016-11-03T15:39:34Z</time>
      </trkpt>
      <trkpt lat="42.42142" lon="2.58972">
        <ele>489.30413818359</ele>
        <time>2016-11-03T15:39:36Z</time>
      </trkpt>
      <trkpt lat="42.42135" lon="2.58996">
        <ele>493.62033081055</ele>
        <time>2016-11-03T15:39:38Z</time>
      </trkpt>
      <trkpt lat="42.42126" lon="2.59026">
        <ele>497.19732666016</ele>
        <time>2016-11-03T15:39:43Z</time>
      </trkpt>
      <trkpt lat="42.42121" lon="2.59052">
        <ele>499.98724365234</ele>
        <time>2016-11-03T15:39:49Z</time>
      </trkpt>
      <trkpt lat="42.42124" lon="2.59095">
        <ele>505.98428344727</ele>
        <time>2016-11-03T15:39:54Z</time>
      </trkpt>
      <trkpt lat="42.42124" lon="2.59128">
        <ele>504.77236938477</ele>
        <time>2016-11-03T15:40:03Z</time>
      </trkpt>
      <trkpt lat="42.42118" lon="2.59151">
        <ele>504.36056518555</ele>
        <time>2016-11-03T15:40:10Z</time>
      </trkpt>
      <trkpt lat="42.42103" lon="2.59176">
        <ele>502.52261352539</ele>
        <time>2016-11-03T15:40:15Z</time>
      </trkpt>
      <trkpt lat="42.42094" lon="2.59196">
        <ele>503.35876464844</ele>
        <time>2016-11-03T15:40:21Z</time>
      </trkpt>
      <trkpt lat="42.42093" lon="2.59227">
        <ele>508.95849609375</ele>
        <time>2016-11-03T15:40:26Z</time>
      </trkpt>
      <trkpt lat="42.4209" lon="2.59246">
        <ele>511.15835571289</ele>
        <time>2016-11-03T15:40:32Z</time>
      </trkpt>
      <trkpt lat="42.42082" lon="2.5926">
        <ele>513.88494873047</ele>
        <time>2016-11-03T15:40:36Z</time>
      </trkpt>
      <trkpt lat="42.4207" lon="2.59272">
        <ele>513.99450683594</ele>
        <time>2016-11-03T15:40:39Z</time>
      </trkpt>
      <trkpt lat="42.42053" lon="2.59278">
        <ele>514.21533203125</ele>
        <time>2016-11-03T15:40:43Z</time>
      </trkpt>
      <trkpt lat="42.42032" lon="2.59284">
        <ele>508.43759155273</ele>
        <time>2016-11-03T15:40:48Z</time>
      </trkpt>
      <trkpt lat="42.42024" lon="2.59289">
        <ele>507.13928222656</ele>
        <time>2016-11-03T15:40:54Z</time>
      </trkpt>
      <trkpt lat="42.42013" lon="2.59304">
        <ele>507.59414672852</ele>
        <time>2016-11-03T15:40:56Z</time>
      </trkpt>
      <trkpt lat="42.4201" lon="2.59321">
        <ele>509.86950683594</ele>
        <time>2016-11-03T15:41:00Z</time>
      </trkpt>
      <trkpt lat="42.42015" lon="2.5937">
        <ele>522.82678222656</ele>
        <time>2016-11-03T15:41:03Z</time>
      </trkpt>
      <trkpt lat="42.42015" lon="2.5939">
        <ele>522.45874023438</ele>
        <time>2016-11-03T15:41:13Z</time>
      </trkpt>
      <trkpt lat="42.42011" lon="2.59415">
        <ele>519.76055908203</ele>
        <time>2016-11-03T15:41:17Z</time>
      </trkpt>
      <trkpt lat="42.41998" lon="2.59458">
        <ele>528.15600585938</ele>
        <time>2016-11-03T15:41:22Z</time>
      </trkpt>
      <trkpt lat="42.41994" lon="2.59479">
        <ele>529.24829101562</ele>
        <time>2016-11-03T15:41:31Z</time>
      </trkpt>
      <trkpt lat="42.41997" lon="2.59519">
        <ele>528.9716796875</ele>
        <time>2016-11-03T15:41:35Z</time>
      </trkpt>
      <trkpt lat="42.41995" lon="2.5953">
        <ele>530.15173339844</ele>
        <time>2016-11-03T15:41:43Z</time>
      </trkpt>
      <trkpt lat="42.41989" lon="2.59541">
        <ele>534.94360351562</ele>
        <time>2016-11-03T15:41:45Z</time>
      </trkpt>
      <trkpt lat="42.41979" lon="2.59546">
        <ele>535.96350097656</ele>
        <time>2016-11-03T15:41:48Z</time>
      </trkpt>
      <trkpt lat="42.41956" lon="2.59546">
        <ele>531.677734375</ele>
        <time>2016-11-03T15:41:51Z</time>
      </trkpt>
      <trkpt lat="42.4194" lon="2.59546">
        <ele>530.70123291016</ele>
        <time>2016-11-03T15:41:57Z</time>
      </trkpt>
      <trkpt lat="42.41924" lon="2.5955">
        <ele>531.10516357422</ele>
        <time>2016-11-03T15:42:01Z</time>
      </trkpt>
      <trkpt lat="42.41893" lon="2.59564">
        <ele>531.98089599609</ele>
        <time>2016-11-03T15:42:05Z</time>
      </trkpt>
      <trkpt lat="42.41866" lon="2.59587">
        <ele>531.72473144531</ele>
        <time>2016-11-03T15:42:14Z</time>
      </trkpt>
      <trkpt lat="42.41845" lon="2.59616">
        <ele>530.08209228516</ele>
        <time>2016-11-03T15:42:23Z</time>
      </trkpt>
      <trkpt lat="42.41833" lon="2.59646">
        <ele>528.47058105469</ele>
        <time>2016-11-03T15:42:31Z</time>
      </trkpt>
      <trkpt lat="42.41833" lon="2.5966">
        <ele>528.64306640625</ele>
        <time>2016-11-03T15:42:38Z</time>
      </trkpt>
      <trkpt lat="42.41839" lon="2.59676">
        <ele>530.93804931641</ele>
        <time>2016-11-03T15:42:41Z</time>
      </trkpt>
      <trkpt lat="42.41855" lon="2.59703">
        <ele>535.06555175781</ele>
        <time>2016-11-03T15:42:45Z</time>
      </trkpt>
      <trkpt lat="42.41864" lon="2.59729">
        <ele>537.06622314453</ele>
        <time>2016-11-03T15:42:52Z</time>
      </trkpt>
      <trkpt lat="42.41867" lon="2.59779">
        <ele>540.27911376953</ele>
        <time>2016-11-03T15:42:58Z</time>
      </trkpt>
      <trkpt lat="42.41853" lon="2.59846">
        <ele>541.26953125</ele>
        <time>2016-11-03T15:43:08Z</time>
      </trkpt>
      <trkpt lat="42.41845" lon="2.59876">
        <ele>541.89605712891</ele>
        <time>2016-11-03T15:43:22Z</time>
      </trkpt>
      <trkpt lat="42.41834" lon="2.59902">
        <ele>541.33312988281</ele>
        <time>2016-11-03T15:43:28Z</time>
      </trkpt>
      <trkpt lat="42.41812" lon="2.5994">
        <ele>540.41137695312</ele>
        <time>2016-11-03T15:43:34Z</time>
      </trkpt>
      <trkpt lat="42.41787" lon="2.59969">
        <ele>542.85736083984</ele>
        <time>2016-11-03T15:43:44Z</time>
      </trkpt>
      <trkpt lat="42.41729" lon="2.60049">
        <ele>544.87640380859</ele>
        <time>2016-11-03T15:43:53Z</time>
      </trkpt>
      <trkpt lat="42.41711" lon="2.60065">
        <ele>548.36529541016</ele>
        <time>2016-11-03T15:44:15Z</time>
      </trkpt>
      <trkpt lat="42.41679" lon="2.60086">
        <ele>546.53308105469</ele>
        <time>2016-11-03T15:44:21Z</time>
      </trkpt>
      <trkpt lat="42.41667" lon="2.60094">
        <ele>548.72863769531</ele>
        <time>2016-11-03T15:44:30Z</time>
      </trkpt>
      <trkpt lat="42.41659" lon="2.60097">
        <ele>553.24847412109</ele>
        <time>2016-11-03T15:44:34Z</time>
      </trkpt>
      <trkpt lat="42.41651" lon="2.60094">
        <ele>556.55688476562</ele>
        <time>2016-11-03T15:44:36Z</time>
      </trkpt>
      <trkpt lat="42.41642" lon="2.60083">
        <ele>560.58746337891</ele>
        <time>2016-11-03T15:44:38Z</time>
      </trkpt>
      <trkpt lat="42.4164" lon="2.60075">
        <ele>562.87487792969</ele>
        <time>2016-11-03T15:44:41Z</time>
      </trkpt>
      <trkpt lat="42.41642" lon="2.60065">
        <ele>564.41137695312</ele>
        <time>2016-11-03T15:44:43Z</time>
      </trkpt>
      <trkpt lat="42.41648" lon="2.60052">
        <ele>564.55102539062</ele>
        <time>2016-11-03T15:44:45Z</time>
      </trkpt>
      <trkpt lat="42.41687" lon="2.60001">
        <ele>558.9423828125</ele>
        <time>2016-11-03T15:44:48Z</time>
      </trkpt>
      <trkpt lat="42.41699" lon="2.59973">
        <ele>559.37982177734</ele>
        <time>2016-11-03T15:45:02Z</time>
      </trkpt>
      <trkpt lat="42.41707" lon="2.5994">
        <ele>556.56060791016</ele>
        <time>2016-11-03T15:45:08Z</time>
      </trkpt>
      <trkpt lat="42.41706" lon="2.59919">
        <ele>554.19738769531</ele>
        <time>2016-11-03T15:45:15Z</time>
      </trkpt>
      <trkpt lat="42.417" lon="2.59908">
        <ele>553.27099609375</ele>
        <time>2016-11-03T15:45:19Z</time>
      </trkpt>
      <trkpt lat="42.41689" lon="2.59902">
        <ele>553.44659423828</ele>
        <time>2016-11-03T15:45:22Z</time>
      </trkpt>
      <trkpt lat="42.4167" lon="2.59903">
        <ele>554.30334472656</ele>
        <time>2016-11-03T15:45:25Z</time>
      </trkpt>
      <trkpt lat="42.41636" lon="2.59911">
        <ele>554.98126220703</ele>
        <time>2016-11-03T15:45:30Z</time>
      </trkpt>
      <trkpt lat="42.41588" lon="2.59917">
        <ele>556.53393554688</ele>
        <time>2016-11-03T15:45:39Z</time>
      </trkpt>
      <trkpt lat="42.41558" lon="2.59926">
        <ele>559.95465087891</ele>
        <time>2016-11-03T15:45:52Z</time>
      </trkpt>
      <trkpt lat="42.41532" lon="2.59933">
        <ele>562.90197753906</ele>
        <time>2016-11-03T15:46:00Z</time>
      </trkpt>
      <trkpt lat="42.41509" lon="2.59935">
        <ele>565.65515136719</ele>
        <time>2016-11-03T15:46:07Z</time>
      </trkpt>
      <trkpt lat="42.41478" lon="2.59936">
        <ele>570.66284179688</ele>
        <time>2016-11-03T15:46:13Z</time>
      </trkpt>
      <trkpt lat="42.41465" lon="2.59934">
        <ele>572.87133789062</ele>
        <time>2016-11-03T15:46:21Z</time>
      </trkpt>
      <trkpt lat="42.41441" lon="2.59917">
        <ele>573.41552734375</ele>
        <time>2016-11-03T15:46:24Z</time>
      </trkpt>
      <trkpt lat="42.41428" lon="2.59911">
        <ele>570.91796875</ele>
        <time>2016-11-03T15:46:31Z</time>
      </trkpt>
      <trkpt lat="42.41406" lon="2.59904">
        <ele>574.33197021484</ele>
        <time>2016-11-03T15:46:35Z</time>
      </trkpt>
      <trkpt lat="42.41386" lon="2.59897">
        <ele>574.78985595703</ele>
        <time>2016-11-03T15:46:41Z</time>
      </trkpt>
      <trkpt lat="42.41366" lon="2.59886">
        <ele>576.16723632812</ele>
        <time>2016-11-03T15:46:47Z</time>
      </trkpt>
      <trkpt lat="42.41351" lon="2.59873">
        <ele>573.72387695312</ele>
        <time>2016-11-03T15:46:53Z</time>
      </trkpt>
      <trkpt lat="42.41338" lon="2.59859">
        <ele>569.01147460938</ele>
        <time>2016-11-03T15:46:58Z</time>
      </trkpt>
      <trkpt lat="42.41328" lon="2.59852">
        <ele>564.88580322266</ele>
        <time>2016-11-03T15:47:02Z</time>
      </trkpt>
      <trkpt lat="42.41317" lon="2.5985">
        <ele>563.96978759766</ele>
        <time>2016-11-03T15:47:05Z</time>
      </trkpt>
      <trkpt lat="42.41305" lon="2.59853">
        <ele>564.24310302734</ele>
        <time>2016-11-03T15:47:08Z</time>
      </trkpt>
      <trkpt lat="42.41288" lon="2.59862">
        <ele>565.33911132812</ele>
        <time>2016-11-03T15:47:11Z</time>
      </trkpt>
      <trkpt lat="42.41269" lon="2.59872">
        <ele>567.25109863281</ele>
        <time>2016-11-03T15:47:16Z</time>
      </trkpt>
      <trkpt lat="42.41256" lon="2.59876">
        <ele>568.15209960938</ele>
        <time>2016-11-03T15:47:21Z</time>
      </trkpt>
      <trkpt lat="42.41229" lon="2.59877">
        <ele>565.23822021484</ele>
        <time>2016-11-03T15:47:25Z</time>
      </trkpt>
      <trkpt lat="42.41214" lon="2.5988">
        <ele>565.92071533203</ele>
        <time>2016-11-03T15:47:32Z</time>
      </trkpt>
      <trkpt lat="42.41199" lon="2.59887">
        <ele>567.07580566406</ele>
        <time>2016-11-03T15:47:36Z</time>
      </trkpt>
      <trkpt lat="42.41188" lon="2.59898">
        <ele>568.71166992188</ele>
        <time>2016-11-03T15:47:40Z</time>
      </trkpt>
      <trkpt lat="42.41178" lon="2.59912">
        <ele>571.49206542969</ele>
        <time>2016-11-03T15:47:44Z</time>
      </trkpt>
      <trkpt lat="42.41171" lon="2.59925">
        <ele>572.50982666016</ele>
        <time>2016-11-03T15:47:48Z</time>
      </trkpt>
      <trkpt lat="42.41164" lon="2.59967">
        <ele>576.07757568359</ele>
        <time>2016-11-03T15:47:51Z</time>
      </trkpt>
      <trkpt lat="42.41161" lon="2.59978">
        <ele>575.58782958984</ele>
        <time>2016-11-03T15:47:59Z</time>
      </trkpt>
      <trkpt lat="42.41152" lon="2.59987">
        <ele>576.78674316406</ele>
        <time>2016-11-03T15:48:01Z</time>
      </trkpt>
      <trkpt lat="42.41137" lon="2.5999">
        <ele>579.82043457031</ele>
        <time>2016-11-03T15:48:04Z</time>
      </trkpt>
      <trkpt lat="42.41127" lon="2.59985">
        <ele>583.24133300781</ele>
        <time>2016-11-03T15:48:08Z</time>
      </trkpt>
      <trkpt lat="42.41124" lon="2.5998">
        <ele>583.19659423828</ele>
        <time>2016-11-03T15:48:11Z</time>
      </trkpt>
      <trkpt lat="42.41113" lon="2.59954">
        <ele>579.02355957031</ele>
        <time>2016-11-03T15:48:12Z</time>
      </trkpt>
      <trkpt lat="42.41107" lon="2.59946">
        <ele>579.20733642578</ele>
        <time>2016-11-03T15:48:18Z</time>
      </trkpt>
      <trkpt lat="42.41097" lon="2.5994">
        <ele>579.58648681641</ele>
        <time>2016-11-03T15:48:20Z</time>
      </trkpt>
      <trkpt lat="42.41087" lon="2.59939">
        <ele>580.53393554688</ele>
        <time>2016-11-03T15:48:23Z</time>
      </trkpt>
      <trkpt lat="42.41071" lon="2.5994">
        <ele>584.88256835938</ele>
        <time>2016-11-03T15:48:26Z</time>
      </trkpt>
      <trkpt lat="42.41055" lon="2.59934">
        <ele>590.17462158203</ele>
        <time>2016-11-03T15:48:30Z</time>
      </trkpt>
      <trkpt lat="42.41041" lon="2.59924">
        <ele>595.84564208984</ele>
        <time>2016-11-03T15:48:34Z</time>
      </trkpt>
      <trkpt lat="42.41032" lon="2.59906">
        <ele>596.52685546875</ele>
        <time>2016-11-03T15:48:38Z</time>
      </trkpt>
      <trkpt lat="42.41032" lon="2.5988">
        <ele>599.59185791016</ele>
        <time>2016-11-03T15:48:42Z</time>
      </trkpt>
      <trkpt lat="42.41035" lon="2.5986">
        <ele>601.03405761719</ele>
        <time>2016-11-03T15:48:47Z</time>
      </trkpt>
      <trkpt lat="42.41035" lon="2.59844">
        <ele>601.91302490234</ele>
        <time>2016-11-03T15:48:51Z</time>
      </trkpt>
      <trkpt lat="42.41026" lon="2.59811">
        <ele>606.80554199219</ele>
        <time>2016-11-03T15:48:54Z</time>
      </trkpt>
      <trkpt lat="42.41024" lon="2.59791">
        <ele>605.87097167969</ele>
        <time>2016-11-03T15:49:01Z</time>
      </trkpt>
      <trkpt lat="42.41028" lon="2.59749">
        <ele>606.49969482422</ele>
        <time>2016-11-03T15:49:05Z</time>
      </trkpt>
      <trkpt lat="42.41043" lon="2.59685">
        <ele>598.37066650391</ele>
        <time>2016-11-03T15:49:13Z</time>
      </trkpt>
      <trkpt lat="42.41054" lon="2.59644">
        <ele>596.17828369141</ele>
        <time>2016-11-03T15:49:26Z</time>
      </trkpt>
      <trkpt lat="42.41055" lon="2.59612">
        <ele>595.52062988281</ele>
        <time>2016-11-03T15:49:35Z</time>
      </trkpt>
      <trkpt lat="42.4105" lon="2.59587">
        <ele>594.39135742188</ele>
        <time>2016-11-03T15:49:41Z</time>
      </trkpt>
      <trkpt lat="42.41038" lon="2.59565">
        <ele>592.92315673828</ele>
        <time>2016-11-03T15:49:46Z</time>
      </trkpt>
      <trkpt lat="42.41023" lon="2.59553">
        <ele>592.30511474609</ele>
        <time>2016-11-03T15:49:51Z</time>
      </trkpt>
      <trkpt lat="42.41003" lon="2.59548">
        <ele>590.65582275391</ele>
        <time>2016-11-03T15:49:56Z</time>
      </trkpt>
      <trkpt lat="42.40982" lon="2.59546">
        <ele>589.19384765625</ele>
        <time>2016-11-03T15:50:01Z</time>
      </trkpt>
      <trkpt lat="42.40967" lon="2.59553">
        <ele>590.36492919922</ele>
        <time>2016-11-03T15:50:07Z</time>
      </trkpt>
      <trkpt lat="42.40952" lon="2.59564">
        <ele>592.60375976562</ele>
        <time>2016-11-03T15:50:11Z</time>
      </trkpt>
      <trkpt lat="42.4092" lon="2.59582">
        <ele>592.69921875</ele>
        <time>2016-11-03T15:50:16Z</time>
      </trkpt>
      <trkpt lat="42.40909" lon="2.59594">
        <ele>592.81292724609</ele>
        <time>2016-11-03T15:50:25Z</time>
      </trkpt>
      <trkpt lat="42.40899" lon="2.5961">
        <ele>593.25646972656</ele>
        <time>2016-11-03T15:50:29Z</time>
      </trkpt>
      <trkpt lat="42.4089" lon="2.59634">
        <ele>594.00152587891</ele>
        <time>2016-11-03T15:50:33Z</time>
      </trkpt>
      <trkpt lat="42.40871" lon="2.59735">
        <ele>597.43719482422</ele>
        <time>2016-11-03T15:50:38Z</time>
      </trkpt>
      <trkpt lat="42.40857" lon="2.59767">
        <ele>598.59777832031</ele>
        <time>2016-11-03T15:50:59Z</time>
      </trkpt>
      <trkpt lat="42.40841" lon="2.59792">
        <ele>596.52001953125</ele>
        <time>2016-11-03T15:51:06Z</time>
      </trkpt>
      <trkpt lat="42.40818" lon="2.59817">
        <ele>597.67730712891</ele>
        <time>2016-11-03T15:51:13Z</time>
      </trkpt>
      <trkpt lat="42.408" lon="2.5983">
        <ele>597.37048339844</ele>
        <time>2016-11-03T15:51:21Z</time>
      </trkpt>
      <trkpt lat="42.40785" lon="2.59841">
        <ele>597.81390380859</ele>
        <time>2016-11-03T15:51:26Z</time>
      </trkpt>
      <trkpt lat="42.40775" lon="2.59853">
        <ele>598.21618652344</ele>
        <time>2016-11-03T15:51:31Z</time>
      </trkpt>
      <trkpt lat="42.40765" lon="2.59863">
        <ele>599.59454345703</ele>
        <time>2016-11-03T15:51:35Z</time>
      </trkpt>
      <trkpt lat="42.40756" lon="2.59867">
        <ele>599.16522216797</ele>
        <time>2016-11-03T15:51:38Z</time>
      </trkpt>
      <trkpt lat="42.40734" lon="2.59868">
        <ele>598.41638183594</ele>
        <time>2016-11-03T15:51:41Z</time>
      </trkpt>
      <trkpt lat="42.40724" lon="2.59877">
        <ele>599.58001708984</ele>
        <time>2016-11-03T15:51:47Z</time>
      </trkpt>
      <trkpt lat="42.40711" lon="2.59894">
        <ele>600.38891601562</ele>
        <time>2016-11-03T15:51:50Z</time>
      </trkpt>
      <trkpt lat="42.40694" lon="2.59916">
        <ele>600.74981689453</ele>
        <time>2016-11-03T15:51:55Z</time>
      </trkpt>
      <trkpt lat="42.4068" lon="2.59928">
        <ele>600.62249755859</ele>
        <time>2016-11-03T15:52:01Z</time>
      </trkpt>
      <trkpt lat="42.4065" lon="2.59948">
        <ele>600.83325195312</ele>
        <time>2016-11-03T15:52:05Z</time>
      </trkpt>
      <trkpt lat="42.40636" lon="2.59956">
        <ele>601.27423095703</ele>
        <time>2016-11-03T15:52:14Z</time>
      </trkpt>
      <trkpt lat="42.40622" lon="2.5996">
        <ele>601.06164550781</ele>
        <time>2016-11-03T15:52:18Z</time>
      </trkpt>
      <trkpt lat="42.40603" lon="2.59959">
        <ele>601.17730712891</ele>
        <time>2016-11-03T15:52:22Z</time>
      </trkpt>
      <trkpt lat="42.40587" lon="2.59955">
        <ele>601.90118408203</ele>
        <time>2016-11-03T15:52:27Z</time>
      </trkpt>
      <trkpt lat="42.40576" lon="2.59953">
        <ele>601.43280029297</ele>
        <time>2016-11-03T15:52:31Z</time>
      </trkpt>
      <trkpt lat="42.40565" lon="2.59954">
        <ele>601.33740234375</ele>
        <time>2016-11-03T15:52:34Z</time>
      </trkpt>
      <trkpt lat="42.40551" lon="2.59961">
        <ele>601.49829101562</ele>
        <time>2016-11-03T15:52:37Z</time>
      </trkpt>
      <trkpt lat="42.40534" lon="2.5998">
        <ele>602.40087890625</ele>
        <time>2016-11-03T15:52:41Z</time>
      </trkpt>
      <trkpt lat="42.40519" lon="2.59999">
        <ele>602.64007568359</ele>
        <time>2016-11-03T15:52:47Z</time>
      </trkpt>
      <trkpt lat="42.40503" lon="2.60007">
        <ele>603.73199462891</ele>
        <time>2016-11-03T15:52:52Z</time>
      </trkpt>
      <trkpt lat="42.40492" lon="2.60008">
        <ele>604.294921875</ele>
        <time>2016-11-03T15:52:57Z</time>
      </trkpt>
      <trkpt lat="42.40479" lon="2.60003">
        <ele>604.14215087891</ele>
        <time>2016-11-03T15:53:00Z</time>
      </trkpt>
      <trkpt lat="42.40479" lon="2.60003">
        <ele>604.14215087891</ele>
        <time>2016-11-03T15:53:04Z</time>
      </trkpt>
      <trkpt lat="42.4047" lon="2.59998">
        <ele>604.27111816406</ele>
        <time>2016-11-03T15:53:04Z</time>
      </trkpt>
      <trkpt lat="42.40471" lon="2.59988">
        <ele>603.0595703125</ele>
        <time>2016-11-03T15:53:07Z</time>
      </trkpt>
      <trkpt lat="42.40467" lon="2.59975">
        <ele>602.05413818359</ele>
        <time>2016-11-03T15:53:09Z</time>
      </trkpt>
      <trkpt lat="42.40459" lon="2.59964">
        <ele>601.38195800781</ele>
        <time>2016-11-03T15:53:12Z</time>
      </trkpt>
      <trkpt lat="42.40448" lon="2.59957">
        <ele>600.57318115234</ele>
        <time>2016-11-03T15:53:15Z</time>
      </trkpt>
      <trkpt lat="42.40424" lon="2.5995">
        <ele>599.79986572266</ele>
        <time>2016-11-03T15:53:18Z</time>
      </trkpt>
      <trkpt lat="42.40392" lon="2.5994">
        <ele>599.06359863281</ele>
        <time>2016-11-03T15:53:25Z</time>
      </trkpt>
      <trkpt lat="42.40375" lon="2.59931">
        <ele>597.50439453125</ele>
        <time>2016-11-03T15:53:34Z</time>
      </trkpt>
      <trkpt lat="42.40369" lon="2.59924">
        <ele>596.23742675781</ele>
        <time>2016-11-03T15:53:39Z</time>
      </trkpt>
      <trkpt lat="42.40367" lon="2.59913">
        <ele>594.44647216797</ele>
        <time>2016-11-03T15:53:41Z</time>
      </trkpt>
      <trkpt lat="42.40369" lon="2.59875">
        <ele>593.27203369141</ele>
        <time>2016-11-03T15:53:43Z</time>
      </trkpt>
      <trkpt lat="42.40378" lon="2.59801">
        <ele>597.22467041016</ele>
        <time>2016-11-03T15:53:51Z</time>
      </trkpt>
      <trkpt lat="42.40381" lon="2.59788">
        <ele>596.99682617188</ele>
        <time>2016-11-03T15:54:06Z</time>
      </trkpt>
      <trkpt lat="42.40385" lon="2.59781">
        <ele>596.66326904297</ele>
        <time>2016-11-03T15:54:09Z</time>
      </trkpt>
      <trkpt lat="42.404" lon="2.59761">
        <ele>596.88287353516</ele>
        <time>2016-11-03T15:54:11Z</time>
      </trkpt>
      <trkpt lat="42.40405" lon="2.59749">
        <ele>597.24401855469</ele>
        <time>2016-11-03T15:54:17Z</time>
      </trkpt>
      <trkpt lat="42.40405" lon="2.59735">
        <ele>597.84503173828</ele>
        <time>2016-11-03T15:54:20Z</time>
      </trkpt>
      <trkpt lat="42.404" lon="2.597">
        <ele>598.12652587891</ele>
        <time>2016-11-03T15:54:23Z</time>
      </trkpt>
      <trkpt lat="42.40399" lon="2.59672">
        <ele>598.73547363281</ele>
        <time>2016-11-03T15:54:30Z</time>
      </trkpt>
      <trkpt lat="42.40403" lon="2.59652">
        <ele>599.92736816406</ele>
        <time>2016-11-03T15:54:36Z</time>
      </trkpt>
      <trkpt lat="42.40408" lon="2.59638">
        <ele>600.63397216797</ele>
        <time>2016-11-03T15:54:40Z</time>
      </trkpt>
      <trkpt lat="42.40418" lon="2.59624">
        <ele>602.53466796875</ele>
        <time>2016-11-03T15:54:43Z</time>
      </trkpt>
      <trkpt lat="42.40457" lon="2.59572">
        <ele>605.91772460938</ele>
        <time>2016-11-03T15:54:47Z</time>
      </trkpt>
      <trkpt lat="42.40466" lon="2.59547">
        <ele>607.02404785156</ele>
        <time>2016-11-03T15:55:02Z</time>
      </trkpt>
      <trkpt lat="42.40474" lon="2.59512">
        <ele>607.11212158203</ele>
        <time>2016-11-03T15:55:07Z</time>
      </trkpt>
      <trkpt lat="42.40489" lon="2.59479">
        <ele>608.92767333984</ele>
        <time>2016-11-03T15:55:14Z</time>
      </trkpt>
      <trkpt lat="42.40501" lon="2.59448">
        <ele>609.91748046875</ele>
        <time>2016-11-03T15:55:22Z</time>
      </trkpt>
      <trkpt lat="42.40505" lon="2.59423">
        <ele>611.05004882812</ele>
        <time>2016-11-03T15:55:29Z</time>
      </trkpt>
      <trkpt lat="42.40504" lon="2.59397">
        <ele>612.50573730469</ele>
        <time>2016-11-03T15:55:34Z</time>
      </trkpt>
      <trkpt lat="42.40505" lon="2.59363">
        <ele>614.42980957031</ele>
        <time>2016-11-03T15:55:39Z</time>
      </trkpt>
      <trkpt lat="42.40513" lon="2.59315">
        <ele>616.69403076172</ele>
        <time>2016-11-03T15:55:46Z</time>
      </trkpt>
      <trkpt lat="42.40519" lon="2.59288">
        <ele>618.65124511719</ele>
        <time>2016-11-03T15:55:56Z</time>
      </trkpt>
      <trkpt lat="42.40532" lon="2.59258">
        <ele>619.24237060547</ele>
        <time>2016-11-03T15:56:02Z</time>
      </trkpt>
      <trkpt lat="42.40597" lon="2.59122">
        <ele>626.57904052734</ele>
        <time>2016-11-03T15:56:09Z</time>
      </trkpt>
      <trkpt lat="42.40645" lon="2.59016">
        <ele>631.44189453125</ele>
        <time>2016-11-03T15:56:41Z</time>
      </trkpt>
      <trkpt lat="42.40686" lon="2.58913">
        <ele>637.42218017578</ele>
        <time>2016-11-03T15:57:06Z</time>
      </trkpt>
      <trkpt lat="42.407" lon="2.58893">
        <ele>638.47662353516</ele>
        <time>2016-11-03T15:57:29Z</time>
      </trkpt>
      <trkpt lat="42.40714" lon="2.58876">
        <ele>638.96466064453</ele>
        <time>2016-11-03T15:57:34Z</time>
      </trkpt>
      <trkpt lat="42.40733" lon="2.58848">
        <ele>641.03247070312</ele>
        <time>2016-11-03T15:57:39Z</time>
      </trkpt>
      <trkpt lat="42.40752" lon="2.5881">
        <ele>642.26220703125</ele>
        <time>2016-11-03T15:57:47Z</time>
      </trkpt>
      <trkpt lat="42.40765" lon="2.58778">
        <ele>644.51831054688</ele>
        <time>2016-11-03T15:57:56Z</time>
      </trkpt>
      <trkpt lat="42.40775" lon="2.5874">
        <ele>646.15887451172</ele>
        <time>2016-11-03T15:58:03Z</time>
      </trkpt>
      <trkpt lat="42.40786" lon="2.58713">
        <ele>646.43615722656</ele>
        <time>2016-11-03T15:58:11Z</time>
      </trkpt>
      <trkpt lat="42.40802" lon="2.58677">
        <ele>646.77087402344</ele>
        <time>2016-11-03T15:58:17Z</time>
      </trkpt>
      <trkpt lat="42.40805" lon="2.58647">
        <ele>647.23455810547</ele>
        <time>2016-11-03T15:58:25Z</time>
      </trkpt>
      <trkpt lat="42.40804" lon="2.58619">
        <ele>648.162109375</ele>
        <time>2016-11-03T15:58:31Z</time>
      </trkpt>
      <trkpt lat="42.408" lon="2.5859">
        <ele>652.22387695312</ele>
        <time>2016-11-03T15:58:37Z</time>
      </trkpt>
      <trkpt lat="42.40784" lon="2.58546">
        <ele>656.14526367188</ele>
        <time>2016-11-03T15:58:43Z</time>
      </trkpt>
      <trkpt lat="42.4078" lon="2.58519">
        <ele>655.56768798828</ele>
        <time>2016-11-03T15:58:53Z</time>
      </trkpt>
      <trkpt lat="42.40779" lon="2.58484">
        <ele>658.98675537109</ele>
        <time>2016-11-03T15:58:58Z</time>
      </trkpt>
      <trkpt lat="42.40777" lon="2.58467">
        <ele>657.49755859375</ele>
        <time>2016-11-03T15:59:05Z</time>
      </trkpt>
      <trkpt lat="42.4077" lon="2.58452">
        <ele>660.07427978516</ele>
        <time>2016-11-03T15:59:08Z</time>
      </trkpt>
      <trkpt lat="42.40755" lon="2.58438">
        <ele>663.44885253906</ele>
        <time>2016-11-03T15:59:12Z</time>
      </trkpt>
      <trkpt lat="42.40744" lon="2.58419">
        <ele>662.49487304688</ele>
        <time>2016-11-03T15:59:17Z</time>
      </trkpt>
      <trkpt lat="42.40736" lon="2.58396">
        <ele>664.33825683594</ele>
        <time>2016-11-03T15:59:22Z</time>
      </trkpt>
      <trkpt lat="42.40727" lon="2.58382">
        <ele>665.48718261719</ele>
        <time>2016-11-03T15:59:27Z</time>
      </trkpt>
      <trkpt lat="42.40711" lon="2.58362">
        <ele>665.89935302734</ele>
        <time>2016-11-03T15:59:31Z</time>
      </trkpt>
      <trkpt lat="42.40699" lon="2.58353">
        <ele>666.51812744141</ele>
        <time>2016-11-03T15:59:37Z</time>
      </trkpt>
      <trkpt lat="42.40675" lon="2.58341">
        <ele>673.58197021484</ele>
        <time>2016-11-03T15:59:41Z</time>
      </trkpt>
      <trkpt lat="42.40668" lon="2.58333">
        <ele>674.27587890625</ele>
        <time>2016-11-03T15:59:48Z</time>
      </trkpt>
      <trkpt lat="42.40664" lon="2.58323">
        <ele>671.70812988281</ele>
        <time>2016-11-03T15:59:50Z</time>
      </trkpt>
      <trkpt lat="42.40667" lon="2.58306">
        <ele>672.89434814453</ele>
        <time>2016-11-03T15:59:52Z</time>
      </trkpt>
      <trkpt lat="42.40675" lon="2.58298">
        <ele>674.17840576172</ele>
        <time>2016-11-03T15:59:55Z</time>
      </trkpt>
      <trkpt lat="42.40692" lon="2.58297">
        <ele>671.82580566406</ele>
        <time>2016-11-03T15:59:58Z</time>
      </trkpt>
      <trkpt lat="42.4071" lon="2.58298">
        <ele>670.71765136719</ele>
        <time>2016-11-03T16:00:03Z</time>
      </trkpt>
      <trkpt lat="42.40725" lon="2.58289">
        <ele>671.53100585938</ele>
        <time>2016-11-03T16:00:08Z</time>
      </trkpt>
      <trkpt lat="42.4075" lon="2.58258">
        <ele>672.55145263672</ele>
        <time>2016-11-03T16:00:12Z</time>
      </trkpt>
      <trkpt lat="42.40774" lon="2.58221">
        <ele>674.81048583984</ele>
        <time>2016-11-03T16:00:21Z</time>
      </trkpt>
      <trkpt lat="42.40784" lon="2.582">
        <ele>675.25079345703</ele>
        <time>2016-11-03T16:00:31Z</time>
      </trkpt>
      <trkpt lat="42.40794" lon="2.58165">
        <ele>677.3662109375</ele>
        <time>2016-11-03T16:00:36Z</time>
      </trkpt>
      <trkpt lat="42.40795" lon="2.58144">
        <ele>678.44445800781</ele>
        <time>2016-11-03T16:00:43Z</time>
      </trkpt>
      <trkpt lat="42.40792" lon="2.58123">
        <ele>679.67181396484</ele>
        <time>2016-11-03T16:00:47Z</time>
      </trkpt>
      <trkpt lat="42.40791" lon="2.581">
        <ele>680.55535888672</ele>
        <time>2016-11-03T16:00:51Z</time>
      </trkpt>
      <trkpt lat="42.40792" lon="2.58083">
        <ele>681.27532958984</ele>
        <time>2016-11-03T16:00:56Z</time>
      </trkpt>
      <trkpt lat="42.40807" lon="2.58039">
        <ele>683.42340087891</ele>
        <time>2016-11-03T16:00:59Z</time>
      </trkpt>
      <trkpt lat="42.40828" lon="2.57986">
        <ele>686.80310058594</ele>
        <time>2016-11-03T16:01:09Z</time>
      </trkpt>
      <trkpt lat="42.40857" lon="2.57913">
        <ele>690.49865722656</ele>
        <time>2016-11-03T16:01:21Z</time>
      </trkpt>
      <trkpt lat="42.40865" lon="2.57894">
        <ele>691.10168457031</ele>
        <time>2016-11-03T16:01:37Z</time>
      </trkpt>
      <trkpt lat="42.40871" lon="2.57886">
        <ele>690.982421875</ele>
        <time>2016-11-03T16:01:41Z</time>
      </trkpt>
      <trkpt lat="42.40887" lon="2.57875">
        <ele>691.69287109375</ele>
        <time>2016-11-03T16:01:43Z</time>
      </trkpt>
      <trkpt lat="42.40904" lon="2.57866">
        <ele>694.37609863281</ele>
        <time>2016-11-03T16:01:48Z</time>
      </trkpt>
      <trkpt lat="42.40911" lon="2.57859">
        <ele>695.38012695312</ele>
        <time>2016-11-03T16:01:53Z</time>
      </trkpt>
      <trkpt lat="42.40917" lon="2.57849">
        <ele>695.69659423828</ele>
        <time>2016-11-03T16:01:55Z</time>
      </trkpt>
      <trkpt lat="42.40925" lon="2.57824">
        <ele>696.11364746094</ele>
        <time>2016-11-03T16:01:58Z</time>
      </trkpt>
      <trkpt lat="42.40949" lon="2.57709">
        <ele>699.47747802734</ele>
        <time>2016-11-03T16:02:03Z</time>
      </trkpt>
      <trkpt lat="42.40958" lon="2.57655">
        <ele>702.02392578125</ele>
        <time>2016-11-03T16:02:27Z</time>
      </trkpt>
      <trkpt lat="42.40963" lon="2.5762">
        <ele>702.38140869141</ele>
        <time>2016-11-03T16:02:38Z</time>
      </trkpt>
      <trkpt lat="42.40968" lon="2.57602">
        <ele>701.74127197266</ele>
        <time>2016-11-03T16:02:45Z</time>
      </trkpt>
      <trkpt lat="42.40978" lon="2.57573">
        <ele>705.04650878906</ele>
        <time>2016-11-03T16:02:49Z</time>
      </trkpt>
      <trkpt lat="42.40986" lon="2.57545">
        <ele>705.06866455078</ele>
        <time>2016-11-03T16:02:55Z</time>
      </trkpt>
      <trkpt lat="42.40984" lon="2.57504">
        <ele>704.6982421875</ele>
        <time>2016-11-03T16:03:01Z</time>
      </trkpt>
      <trkpt lat="42.4098" lon="2.57487">
        <ele>701.74035644531</ele>
        <time>2016-11-03T16:03:09Z</time>
      </trkpt>
      <trkpt lat="42.40972" lon="2.57477">
        <ele>700.99737548828</ele>
        <time>2016-11-03T16:03:13Z</time>
      </trkpt>
      <trkpt lat="42.40965" lon="2.57472">
        <ele>701.34307861328</ele>
        <time>2016-11-03T16:03:16Z</time>
      </trkpt>
      <trkpt lat="42.40956" lon="2.57472">
        <ele>702.71551513672</ele>
        <time>2016-11-03T16:03:18Z</time>
      </trkpt>
      <trkpt lat="42.4094" lon="2.57473">
        <ele>705.07684326172</ele>
        <time>2016-11-03T16:03:20Z</time>
      </trkpt>
      <trkpt lat="42.40935" lon="2.57472">
        <ele>705.37701416016</ele>
        <time>2016-11-03T16:03:24Z</time>
      </trkpt>
      <trkpt lat="42.40923" lon="2.57462">
        <ele>704.41528320312</ele>
        <time>2016-11-03T16:03:25Z</time>
      </trkpt>
      <trkpt lat="42.40908" lon="2.57451">
        <ele>704.34655761719</ele>
        <time>2016-11-03T16:03:29Z</time>
      </trkpt>
      <trkpt lat="42.40885" lon="2.57424">
        <ele>702.90515136719</ele>
        <time>2016-11-03T16:03:34Z</time>
      </trkpt>
      <trkpt lat="42.40879" lon="2.57417">
        <ele>702.78863525391</ele>
        <time>2016-11-03T16:03:42Z</time>
      </trkpt>
      <trkpt lat="42.40868" lon="2.57413">
        <ele>702.25817871094</ele>
        <time>2016-11-03T16:03:44Z</time>
      </trkpt>
      <trkpt lat="42.40857" lon="2.57413">
        <ele>702.01745605469</ele>
        <time>2016-11-03T16:03:47Z</time>
      </trkpt>
      <trkpt lat="42.40841" lon="2.57419">
        <ele>702.48602294922</ele>
        <time>2016-11-03T16:03:50Z</time>
      </trkpt>
      <trkpt lat="42.40823" lon="2.57435">
        <ele>703.3232421875</ele>
        <time>2016-11-03T16:03:54Z</time>
      </trkpt>
      <trkpt lat="42.40793" lon="2.57487">
        <ele>706.662109375</ele>
        <time>2016-11-03T16:04:00Z</time>
      </trkpt>
      <trkpt lat="42.40774" lon="2.57508">
        <ele>708.90057373047</ele>
        <time>2016-11-03T16:04:13Z</time>
      </trkpt>
      <trkpt lat="42.4076" lon="2.57512">
        <ele>713.56939697266</ele>
        <time>2016-11-03T16:04:20Z</time>
      </trkpt>
      <trkpt lat="42.40752" lon="2.57511">
        <ele>715.26721191406</ele>
        <time>2016-11-03T16:04:24Z</time>
      </trkpt>
      <trkpt lat="42.40742" lon="2.57505">
        <ele>714.97924804688</ele>
        <time>2016-11-03T16:04:26Z</time>
      </trkpt>
      <trkpt lat="42.40733" lon="2.57492">
        <ele>713.71026611328</ele>
        <time>2016-11-03T16:04:29Z</time>
      </trkpt>
      <trkpt lat="42.40726" lon="2.5747">
        <ele>711.49633789062</ele>
        <time>2016-11-03T16:04:33Z</time>
      </trkpt>
      <trkpt lat="42.40714" lon="2.57435">
        <ele>709.53466796875</ele>
        <time>2016-11-03T16:04:38Z</time>
      </trkpt>
      <trkpt lat="42.40693" lon="2.57377">
        <ele>705.09509277344</ele>
        <time>2016-11-03T16:04:46Z</time>
      </trkpt>
      <trkpt lat="42.40676" lon="2.57338">
        <ele>701.12603759766</ele>
        <time>2016-11-03T16:04:59Z</time>
      </trkpt>
      <trkpt lat="42.40657" lon="2.57316">
        <ele>705.22412109375</ele>
        <time>2016-11-03T16:05:08Z</time>
      </trkpt>
      <trkpt lat="42.40644" lon="2.57301">
        <ele>707.05010986328</ele>
        <time>2016-11-03T16:05:15Z</time>
      </trkpt>
      <trkpt lat="42.40639" lon="2.5729">
        <ele>705.99694824219</ele>
        <time>2016-11-03T16:05:20Z</time>
      </trkpt>
      <trkpt lat="42.40641" lon="2.57272">
        <ele>703.52966308594</ele>
        <time>2016-11-03T16:05:23Z</time>
      </trkpt>
      <trkpt lat="42.40661" lon="2.5724">
        <ele>700.076171875</ele>
        <time>2016-11-03T16:05:27Z</time>
      </trkpt>
      <trkpt lat="42.40674" lon="2.57228">
        <ele>696.525390625</ele>
        <time>2016-11-03T16:05:35Z</time>
      </trkpt>
      <trkpt lat="42.40702" lon="2.57209">
        <ele>691.74200439453</ele>
        <time>2016-11-03T16:05:39Z</time>
      </trkpt>
      <trkpt lat="42.40716" lon="2.57195">
        <ele>689.54217529297</ele>
        <time>2016-11-03T16:05:47Z</time>
      </trkpt>
      <trkpt lat="42.40718" lon="2.57188">
        <ele>690.06280517578</ele>
        <time>2016-11-03T16:05:52Z</time>
      </trkpt>
      <trkpt lat="42.40716" lon="2.57156">
        <ele>690.91302490234</ele>
        <time>2016-11-03T16:05:53Z</time>
      </trkpt>
      <trkpt lat="42.40702" lon="2.57097">
        <ele>684.41931152344</ele>
        <time>2016-11-03T16:05:59Z</time>
      </trkpt>
      <trkpt lat="42.40689" lon="2.57055">
        <ele>677.23760986328</ele>
        <time>2016-11-03T16:06:11Z</time>
      </trkpt>
      <trkpt lat="42.40672" lon="2.57015">
        <ele>677.15972900391</ele>
        <time>2016-11-03T16:06:20Z</time>
      </trkpt>
      <trkpt lat="42.40638" lon="2.56946">
        <ele>671.02947998047</ele>
        <time>2016-11-03T16:06:29Z</time>
      </trkpt>
      <trkpt lat="42.40631" lon="2.56936">
        <ele>668.0107421875</ele>
        <time>2016-11-03T16:06:45Z</time>
      </trkpt>
      <trkpt lat="42.40621" lon="2.56927">
        <ele>665.01824951172</ele>
        <time>2016-11-03T16:06:48Z</time>
      </trkpt>
      <trkpt lat="42.40607" lon="2.56924">
        <ele>664.87823486328</ele>
        <time>2016-11-03T16:06:51Z</time>
      </trkpt>
      <trkpt lat="42.40592" lon="2.56925">
        <ele>664.8828125</ele>
        <time>2016-11-03T16:06:55Z</time>
      </trkpt>
      <trkpt lat="42.40548" lon="2.56943">
        <ele>662.22967529297</ele>
        <time>2016-11-03T16:06:59Z</time>
      </trkpt>
      <trkpt lat="42.40534" lon="2.56952">
        <ele>663.12921142578</ele>
        <time>2016-11-03T16:07:11Z</time>
      </trkpt>
      <trkpt lat="42.40528" lon="2.56953">
        <ele>663.33520507812</ele>
        <time>2016-11-03T16:07:15Z</time>
      </trkpt>
      <trkpt lat="42.40524" lon="2.56953">
        <ele>663.19213867188</ele>
        <time>2016-11-03T16:07:17Z</time>
      </trkpt>
      <trkpt lat="42.4051" lon="2.56946">
        <ele>661.43670654297</ele>
        <time>2016-11-03T16:07:18Z</time>
      </trkpt>
      <trkpt lat="42.40489" lon="2.56935">
        <ele>658.52532958984</ele>
        <time>2016-11-03T16:07:22Z</time>
      </trkpt>
      <trkpt lat="42.40468" lon="2.5693">
        <ele>658.36077880859</ele>
        <time>2016-11-03T16:07:28Z</time>
      </trkpt>
      <trkpt lat="42.40436" lon="2.56924">
        <ele>662.89526367188</ele>
        <time>2016-11-03T16:07:34Z</time>
      </trkpt>
      <trkpt lat="42.40426" lon="2.56919">
        <ele>664.46142578125</ele>
        <time>2016-11-03T16:07:43Z</time>
      </trkpt>
      <trkpt lat="42.40421" lon="2.56912">
        <ele>665.3388671875</ele>
        <time>2016-11-03T16:07:46Z</time>
      </trkpt>
      <trkpt lat="42.4042" lon="2.56897">
        <ele>664.90893554688</ele>
        <time>2016-11-03T16:07:48Z</time>
      </trkpt>
      <trkpt lat="42.40422" lon="2.56881">
        <ele>660.55786132812</ele>
        <time>2016-11-03T16:07:51Z</time>
      </trkpt>
      <trkpt lat="42.40419" lon="2.56866">
        <ele>660.72161865234</ele>
        <time>2016-11-03T16:07:54Z</time>
      </trkpt>
      <trkpt lat="42.40413" lon="2.56841">
        <ele>658.9736328125</ele>
        <time>2016-11-03T16:07:57Z</time>
      </trkpt>
      <trkpt lat="42.40412" lon="2.56824">
        <ele>660.26635742188</ele>
        <time>2016-11-03T16:08:02Z</time>
      </trkpt>
      <trkpt lat="42.4041" lon="2.56813">
        <ele>659.39147949219</ele>
        <time>2016-11-03T16:08:05Z</time>
      </trkpt>
      <trkpt lat="42.404" lon="2.56794">
        <ele>657.35754394531</ele>
        <time>2016-11-03T16:08:07Z</time>
      </trkpt>
      <trkpt lat="42.40395" lon="2.56766">
        <ele>650.91174316406</ele>
        <time>2016-11-03T16:08:12Z</time>
      </trkpt>
      <trkpt lat="42.40387" lon="2.56746">
        <ele>647.81781005859</ele>
        <time>2016-11-03T16:08:18Z</time>
      </trkpt>
      <trkpt lat="42.40369" lon="2.56728">
        <ele>647.88507080078</ele>
        <time>2016-11-03T16:08:22Z</time>
      </trkpt>
      <trkpt lat="42.40339" lon="2.56703">
        <ele>644.34942626953</ele>
        <time>2016-11-03T16:08:28Z</time>
      </trkpt>
      <trkpt lat="42.40309" lon="2.56688">
        <ele>641.49975585938</ele>
        <time>2016-11-03T16:08:37Z</time>
      </trkpt>
      <trkpt lat="42.40292" lon="2.56676">
        <ele>639.87426757812</ele>
        <time>2016-11-03T16:08:46Z</time>
      </trkpt>
      <trkpt lat="42.40276" lon="2.56661">
        <ele>636.56781005859</ele>
        <time>2016-11-03T16:08:51Z</time>
      </trkpt>
      <trkpt lat="42.40252" lon="2.56646">
        <ele>637.16479492188</ele>
        <time>2016-11-03T16:08:56Z</time>
      </trkpt>
      <trkpt lat="42.4023" lon="2.56633">
        <ele>635.43878173828</ele>
        <time>2016-11-03T16:09:03Z</time>
      </trkpt>
      <trkpt lat="42.4022" lon="2.56626">
        <ele>633.41229248047</ele>
        <time>2016-11-03T16:09:09Z</time>
      </trkpt>
      <trkpt lat="42.40208" lon="2.5662">
        <ele>630.78094482422</ele>
        <time>2016-11-03T16:09:12Z</time>
      </trkpt>
      <trkpt lat="42.40196" lon="2.56618">
        <ele>629.07427978516</ele>
        <time>2016-11-03T16:09:15Z</time>
      </trkpt>
      <trkpt lat="42.40176" lon="2.56614">
        <ele>627.30029296875</ele>
        <time>2016-11-03T16:09:18Z</time>
      </trkpt>
      <trkpt lat="42.40152" lon="2.56615">
        <ele>626.46380615234</ele>
        <time>2016-11-03T16:09:23Z</time>
      </trkpt>
      <trkpt lat="42.40133" lon="2.5662">
        <ele>624.80816650391</ele>
        <time>2016-11-03T16:09:29Z</time>
      </trkpt>
      <trkpt lat="42.40107" lon="2.56632">
        <ele>618.67633056641</ele>
        <time>2016-11-03T16:09:34Z</time>
      </trkpt>
      <trkpt lat="42.40082" lon="2.56682">
        <ele>619.18927001953</ele>
        <time>2016-11-03T16:09:41Z</time>
      </trkpt>
      <trkpt lat="42.4007" lon="2.56699">
        <ele>624.76397705078</ele>
        <time>2016-11-03T16:09:53Z</time>
      </trkpt>
      <trkpt lat="42.40061" lon="2.56703">
        <ele>627.53674316406</ele>
        <time>2016-11-03T16:09:58Z</time>
      </trkpt>
      <trkpt lat="42.40054" lon="2.56699">
        <ele>628.59832763672</ele>
        <time>2016-11-03T16:10:01Z</time>
      </trkpt>
      <trkpt lat="42.40048" lon="2.56688">
        <ele>626.51403808594</ele>
        <time>2016-11-03T16:10:03Z</time>
      </trkpt>
      <trkpt lat="42.40037" lon="2.56641">
        <ele>618.94226074219</ele>
        <time>2016-11-03T16:10:06Z</time>
      </trkpt>
      <trkpt lat="42.40032" lon="2.56627">
        <ele>615.48895263672</ele>
        <time>2016-11-03T16:10:16Z</time>
      </trkpt>
      <trkpt lat="42.40016" lon="2.56603">
        <ele>613.28991699219</ele>
        <time>2016-11-03T16:10:19Z</time>
      </trkpt>
      <trkpt lat="42.40002" lon="2.5659">
        <ele>611.45147705078</ele>
        <time>2016-11-03T16:10:25Z</time>
      </trkpt>
      <trkpt lat="42.3999" lon="2.56587">
        <ele>610.46551513672</ele>
        <time>2016-11-03T16:10:30Z</time>
      </trkpt>
      <trkpt lat="42.39938" lon="2.56591">
        <ele>608.73834228516</ele>
        <time>2016-11-03T16:10:33Z</time>
      </trkpt>
      <trkpt lat="42.39917" lon="2.56587">
        <ele>607.3916015625</ele>
        <time>2016-11-03T16:10:47Z</time>
      </trkpt>
      <trkpt lat="42.39898" lon="2.56579">
        <ele>605.8916015625</ele>
        <time>2016-11-03T16:10:53Z</time>
      </trkpt>
      <trkpt lat="42.39879" lon="2.56568">
        <ele>602.42211914062</ele>
        <time>2016-11-03T16:10:58Z</time>
      </trkpt>
      <trkpt lat="42.39832" lon="2.56538">
        <ele>596.06964111328</ele>
        <time>2016-11-03T16:11:04Z</time>
      </trkpt>
      <trkpt lat="42.39821" lon="2.56533">
        <ele>592.90185546875</ele>
        <time>2016-11-03T16:11:18Z</time>
      </trkpt>
      <trkpt lat="42.39806" lon="2.56533">
        <ele>590.42767333984</ele>
        <time>2016-11-03T16:11:21Z</time>
      </trkpt>
      <trkpt lat="42.398" lon="2.56537">
        <ele>589.95129394531</ele>
        <time>2016-11-03T16:11:25Z</time>
      </trkpt>
      <trkpt lat="42.39786" lon="2.56566">
        <ele>592.04937744141</ele>
        <time>2016-11-03T16:11:27Z</time>
      </trkpt>
      <trkpt lat="42.39781" lon="2.5657">
        <ele>595.34692382812</ele>
        <time>2016-11-03T16:11:34Z</time>
      </trkpt>
      <trkpt lat="42.39773" lon="2.5657">
        <ele>596.73352050781</ele>
        <time>2016-11-03T16:11:36Z</time>
      </trkpt>
      <trkpt lat="42.39766" lon="2.56566">
        <ele>597.79901123047</ele>
        <time>2016-11-03T16:11:38Z</time>
      </trkpt>
      <trkpt lat="42.39761" lon="2.56557">
        <ele>597.87817382812</ele>
        <time>2016-11-03T16:11:40Z</time>
      </trkpt>
      <trkpt lat="42.39762" lon="2.56527">
        <ele>588.30218505859</ele>
        <time>2016-11-03T16:11:42Z</time>
      </trkpt>
      <trkpt lat="42.3976" lon="2.56518">
        <ele>583.84503173828</ele>
        <time>2016-11-03T16:11:48Z</time>
      </trkpt>
      <trkpt lat="42.39753" lon="2.5651">
        <ele>580.87921142578</ele>
        <time>2016-11-03T16:11:50Z</time>
      </trkpt>
      <trkpt lat="42.39743" lon="2.56509">
        <ele>580.78857421875</ele>
        <time>2016-11-03T16:11:52Z</time>
      </trkpt>
      <trkpt lat="42.39727" lon="2.56513">
        <ele>582.54046630859</ele>
        <time>2016-11-03T16:11:55Z</time>
      </trkpt>
      <trkpt lat="42.39716" lon="2.56519">
        <ele>582.2119140625</ele>
        <time>2016-11-03T16:11:59Z</time>
      </trkpt>
      <trkpt lat="42.39706" lon="2.56528">
        <ele>579.76190185547</ele>
        <time>2016-11-03T16:12:02Z</time>
      </trkpt>
      <trkpt lat="42.39691" lon="2.56555">
        <ele>577.58483886719</ele>
        <time>2016-11-03T16:12:05Z</time>
      </trkpt>
      <trkpt lat="42.39685" lon="2.56564">
        <ele>577.62640380859</ele>
        <time>2016-11-03T16:12:12Z</time>
      </trkpt>
      <trkpt lat="42.39657" lon="2.56583">
        <ele>578.84130859375</ele>
        <time>2016-11-03T16:12:14Z</time>
      </trkpt>
      <trkpt lat="42.3964" lon="2.5659">
        <ele>586.06018066406</ele>
        <time>2016-11-03T16:12:22Z</time>
      </trkpt>
      <trkpt lat="42.39628" lon="2.5659">
        <ele>587.11627197266</ele>
        <time>2016-11-03T16:12:27Z</time>
      </trkpt>
      <trkpt lat="42.39615" lon="2.56586">
        <ele>585.72216796875</ele>
        <time>2016-11-03T16:12:30Z</time>
      </trkpt>
      <trkpt lat="42.39605" lon="2.56577">
        <ele>581.80694580078</ele>
        <time>2016-11-03T16:12:34Z</time>
      </trkpt>
      <trkpt lat="42.39598" lon="2.56569">
        <ele>578.52209472656</ele>
        <time>2016-11-03T16:12:37Z</time>
      </trkpt>
      <trkpt lat="42.39594" lon="2.56551">
        <ele>571.66857910156</ele>
        <time>2016-11-03T16:12:39Z</time>
      </trkpt>
      <trkpt lat="42.39593" lon="2.56534">
        <ele>569.86865234375</ele>
        <time>2016-11-03T16:12:43Z</time>
      </trkpt>
      <trkpt lat="42.39594" lon="2.56523">
        <ele>570.8974609375</ele>
        <time>2016-11-03T16:12:46Z</time>
      </trkpt>
      <trkpt lat="42.39599" lon="2.56509">
        <ele>571.73815917969</ele>
        <time>2016-11-03T16:12:48Z</time>
      </trkpt>
      <trkpt lat="42.39626" lon="2.56469">
        <ele>572.41839599609</ele>
        <time>2016-11-03T16:12:51Z</time>
      </trkpt>
      <trkpt lat="42.39647" lon="2.56443">
        <ele>574.75805664062</ele>
        <time>2016-11-03T16:13:02Z</time>
      </trkpt>
      <trkpt lat="42.39669" lon="2.56426">
        <ele>577.51196289062</ele>
        <time>2016-11-03T16:13:10Z</time>
      </trkpt>
      <trkpt lat="42.3968" lon="2.56415">
        <ele>579.8671875</ele>
        <time>2016-11-03T16:13:17Z</time>
      </trkpt>
      <trkpt lat="42.39715" lon="2.56361">
        <ele>590.50317382812</ele>
        <time>2016-11-03T16:13:21Z</time>
      </trkpt>
      <trkpt lat="42.39731" lon="2.56345">
        <ele>589.71075439453</ele>
        <time>2016-11-03T16:13:35Z</time>
      </trkpt>
      <trkpt lat="42.39746" lon="2.56335">
        <ele>592.78186035156</ele>
        <time>2016-11-03T16:13:40Z</time>
      </trkpt>
      <trkpt lat="42.39764" lon="2.56329">
        <ele>592.45849609375</ele>
        <time>2016-11-03T16:13:44Z</time>
      </trkpt>
      <trkpt lat="42.39792" lon="2.5633">
        <ele>594.47924804688</ele>
        <time>2016-11-03T16:13:49Z</time>
      </trkpt>
      <trkpt lat="42.39823" lon="2.56337">
        <ele>594.8564453125</ele>
        <time>2016-11-03T16:13:56Z</time>
      </trkpt>
      <trkpt lat="42.39858" lon="2.56354">
        <ele>593.58471679688</ele>
        <time>2016-11-03T16:14:04Z</time>
      </trkpt>
      <trkpt lat="42.3986" lon="2.56355">
        <ele>593.45916748047</ele>
        <time>2016-11-03T16:14:14Z</time>
      </trkpt>
      <trkpt lat="42.3986" lon="2.56355">
        <ele>593.45916748047</ele>
        <time>2016-11-03T16:14:15Z</time>
      </trkpt>
      <trkpt lat="42.39887" lon="2.56371">
        <ele>590.50616455078</ele>
        <time>2016-11-03T16:14:15Z</time>
      </trkpt>
      <trkpt lat="42.39891" lon="2.5637">
        <ele>590.79595947266</ele>
        <time>2016-11-03T16:14:23Z</time>
      </trkpt>
      <trkpt lat="42.39902" lon="2.56364">
        <ele>592.08874511719</ele>
        <time>2016-11-03T16:14:24Z</time>
      </trkpt>
      <trkpt lat="42.39934" lon="2.56335">
        <ele>593.13458251953</ele>
        <time>2016-11-03T16:14:27Z</time>
      </trkpt>
      <trkpt lat="42.39935" lon="2.56332">
        <ele>593.32403564453</ele>
        <time>2016-11-03T16:14:37Z</time>
      </trkpt>
      <trkpt lat="42.39933" lon="2.56328">
        <ele>594.28839111328</ele>
        <time>2016-11-03T16:14:38Z</time>
      </trkpt>
      <trkpt lat="42.39932" lon="2.56327">
        <ele>594.72802734375</ele>
        <time>2016-11-03T16:14:39Z</time>
      </trkpt>
      <trkpt lat="42.3995" lon="2.56325">
        <ele>592.59716796875</ele>
        <time>2016-11-03T16:14:39Z</time>
      </trkpt>
      <trkpt lat="42.39968" lon="2.56325">
        <ele>594.21685791016</ele>
        <time>2016-11-03T16:14:44Z</time>
      </trkpt>
      <trkpt lat="42.40012" lon="2.5632">
        <ele>594.16583251953</ele>
        <time>2016-11-03T16:14:49Z</time>
      </trkpt>
      <trkpt lat="42.40029" lon="2.56315">
        <ele>593.96569824219</ele>
        <time>2016-11-03T16:15:01Z</time>
      </trkpt>
      <trkpt lat="42.40042" lon="2.56308">
        <ele>592.36346435547</ele>
        <time>2016-11-03T16:15:06Z</time>
      </trkpt>
      <trkpt lat="42.40087" lon="2.56281">
        <ele>586.17749023438</ele>
        <time>2016-11-03T16:15:10Z</time>
      </trkpt>
      <trkpt lat="42.40105" lon="2.56278">
        <ele>584.74188232422</ele>
        <time>2016-11-03T16:15:23Z</time>
      </trkpt>
      <trkpt lat="42.40138" lon="2.56261">
        <ele>581.17272949219</ele>
        <time>2016-11-03T16:15:28Z</time>
      </trkpt>
      <trkpt lat="42.40176" lon="2.56247">
        <ele>584.30670166016</ele>
        <time>2016-11-03T16:15:37Z</time>
      </trkpt>
      <trkpt lat="42.40222" lon="2.56214">
        <ele>577.20391845703</ele>
        <time>2016-11-03T16:15:48Z</time>
      </trkpt>
      <trkpt lat="42.40239" lon="2.56205">
        <ele>571.83990478516</ele>
        <time>2016-11-03T16:16:02Z</time>
      </trkpt>
      <trkpt lat="42.40259" lon="2.56199">
        <ele>571.18621826172</ele>
        <time>2016-11-03T16:16:07Z</time>
      </trkpt>
      <trkpt lat="42.40272" lon="2.56199">
        <ele>568.65423583984</ele>
        <time>2016-11-03T16:16:12Z</time>
      </trkpt>
      <trkpt lat="42.4028" lon="2.562">
        <ele>567.40942382812</ele>
        <time>2016-11-03T16:16:15Z</time>
      </trkpt>
      <trkpt lat="42.40314" lon="2.56204">
        <ele>564.26397705078</ele>
        <time>2016-11-03T16:16:17Z</time>
      </trkpt>
      <trkpt lat="42.40329" lon="2.56205">
        <ele>564.17059326172</ele>
        <time>2016-11-03T16:16:26Z</time>
      </trkpt>
      <trkpt lat="42.4034" lon="2.5621">
        <ele>563.70446777344</ele>
        <time>2016-11-03T16:16:30Z</time>
      </trkpt>
      <trkpt lat="42.40352" lon="2.56222">
        <ele>560.44763183594</ele>
        <time>2016-11-03T16:16:33Z</time>
      </trkpt>
      <trkpt lat="42.40354" lon="2.56228">
        <ele>558.95037841797</ele>
        <time>2016-11-03T16:16:37Z</time>
      </trkpt>
      <trkpt lat="42.40357" lon="2.56246">
        <ele>556.92803955078</ele>
        <time>2016-11-03T16:16:38Z</time>
      </trkpt>
      <trkpt lat="42.4036" lon="2.56273">
        <ele>555.35815429688</ele>
        <time>2016-11-03T16:16:42Z</time>
      </trkpt>
      <trkpt lat="42.40367" lon="2.56297">
        <ele>555.35168457031</ele>
        <time>2016-11-03T16:16:47Z</time>
      </trkpt>
      <trkpt lat="42.40381" lon="2.56357">
        <ele>551.37347412109</ele>
        <time>2016-11-03T16:16:52Z</time>
      </trkpt>
      <trkpt lat="42.40394" lon="2.56408">
        <ele>549.19012451172</ele>
        <time>2016-11-03T16:17:04Z</time>
      </trkpt>
      <trkpt lat="42.40398" lon="2.5642">
        <ele>548.00891113281</ele>
        <time>2016-11-03T16:17:15Z</time>
      </trkpt>
      <trkpt lat="42.40402" lon="2.56427">
        <ele>548.04473876953</ele>
        <time>2016-11-03T16:17:18Z</time>
      </trkpt>
      <trkpt lat="42.40409" lon="2.56434">
        <ele>548.00885009766</ele>
        <time>2016-11-03T16:17:20Z</time>
      </trkpt>
      <trkpt lat="42.40417" lon="2.56437">
        <ele>548.74621582031</ele>
        <time>2016-11-03T16:17:22Z</time>
      </trkpt>
      <trkpt lat="42.40427" lon="2.56437">
        <ele>548.67785644531</ele>
        <time>2016-11-03T16:17:24Z</time>
      </trkpt>
      <trkpt lat="42.40447" lon="2.5643">
        <ele>549.65112304688</ele>
        <time>2016-11-03T16:17:27Z</time>
      </trkpt>
      <trkpt lat="42.40474" lon="2.56425">
        <ele>549.40509033203</ele>
        <time>2016-11-03T16:17:33Z</time>
      </trkpt>
      <trkpt lat="42.40483" lon="2.56427">
        <ele>548.00860595703</ele>
        <time>2016-11-03T16:17:40Z</time>
      </trkpt>
      <trkpt lat="42.40503" lon="2.56438">
        <ele>544.19079589844</ele>
        <time>2016-11-03T16:17:42Z</time>
      </trkpt>
      <trkpt lat="42.4051" lon="2.56444">
        <ele>542.98736572266</ele>
        <time>2016-11-03T16:17:48Z</time>
      </trkpt>
      <trkpt lat="42.40514" lon="2.56455">
        <ele>540.88531494141</ele>
        <time>2016-11-03T16:17:50Z</time>
      </trkpt>
      <trkpt lat="42.40517" lon="2.56473">
        <ele>537.44329833984</ele>
        <time>2016-11-03T16:17:52Z</time>
      </trkpt>
      <trkpt lat="42.40525" lon="2.56499">
        <ele>536.10101318359</ele>
        <time>2016-11-03T16:17:56Z</time>
      </trkpt>
      <trkpt lat="42.40551" lon="2.56537">
        <ele>532.66497802734</ele>
        <time>2016-11-03T16:18:02Z</time>
      </trkpt>
      <trkpt lat="42.40557" lon="2.5655">
        <ele>531.94104003906</ele>
        <time>2016-11-03T16:18:12Z</time>
      </trkpt>
      <trkpt lat="42.40564" lon="2.56559">
        <ele>530.89691162109</ele>
        <time>2016-11-03T16:18:15Z</time>
      </trkpt>
      <trkpt lat="42.4057" lon="2.56559">
        <ele>530.00341796875</ele>
        <time>2016-11-03T16:18:18Z</time>
      </trkpt>
      <trkpt lat="42.40575" lon="2.56554">
        <ele>529.28460693359</ele>
        <time>2016-11-03T16:18:20Z</time>
      </trkpt>
      <trkpt lat="42.40575" lon="2.56542">
        <ele>529.46630859375</ele>
        <time>2016-11-03T16:18:22Z</time>
      </trkpt>
      <trkpt lat="42.4057" lon="2.5651">
        <ele>533.58526611328</ele>
        <time>2016-11-03T16:18:24Z</time>
      </trkpt>
      <trkpt lat="42.40566" lon="2.56481">
        <ele>535.43579101562</ele>
        <time>2016-11-03T16:18:30Z</time>
      </trkpt>
      <trkpt lat="42.40565" lon="2.56435">
        <ele>537.64965820312</ele>
        <time>2016-11-03T16:18:36Z</time>
      </trkpt>
      <trkpt lat="42.40567" lon="2.5639">
        <ele>543.27618408203</ele>
        <time>2016-11-03T16:18:45Z</time>
      </trkpt>
      <trkpt lat="42.4057" lon="2.56378">
        <ele>544.13958740234</ele>
        <time>2016-11-03T16:18:54Z</time>
      </trkpt>
      <trkpt lat="42.40581" lon="2.56361">
        <ele>538.77935791016</ele>
        <time>2016-11-03T16:18:56Z</time>
      </trkpt>
      <trkpt lat="42.40597" lon="2.5634">
        <ele>537.00305175781</ele>
        <time>2016-11-03T16:19:00Z</time>
      </trkpt>
      <trkpt lat="42.40606" lon="2.56335">
        <ele>537.00183105469</ele>
        <time>2016-11-03T16:19:06Z</time>
      </trkpt>
      <trkpt lat="42.40619" lon="2.56332">
        <ele>533.35162353516</ele>
        <time>2016-11-03T16:19:09Z</time>
      </trkpt>
      <trkpt lat="42.40642" lon="2.5633">
        <ele>526.38983154297</ele>
        <time>2016-11-03T16:19:13Z</time>
      </trkpt>
      <trkpt lat="42.4065" lon="2.56333">
        <ele>523.16619873047</ele>
        <time>2016-11-03T16:19:19Z</time>
      </trkpt>
      <trkpt lat="42.40659" lon="2.56342">
        <ele>519.07867431641</ele>
        <time>2016-11-03T16:19:21Z</time>
      </trkpt>
      <trkpt lat="42.40699" lon="2.56392">
        <ele>512.93963623047</ele>
        <time>2016-11-03T16:19:24Z</time>
      </trkpt>
      <trkpt lat="42.40707" lon="2.56412">
        <ele>510.47637939453</ele>
        <time>2016-11-03T16:19:39Z</time>
      </trkpt>
      <trkpt lat="42.40707" lon="2.56436">
        <ele>509.37744140625</ele>
        <time>2016-11-03T16:19:43Z</time>
      </trkpt>
      <trkpt lat="42.40702" lon="2.56465">
        <ele>509.09298706055</ele>
        <time>2016-11-03T16:19:48Z</time>
      </trkpt>
      <trkpt lat="42.40703" lon="2.56487">
        <ele>507.44122314453</ele>
        <time>2016-11-03T16:19:54Z</time>
      </trkpt>
      <trkpt lat="42.40708" lon="2.56506">
        <ele>507.10852050781</ele>
        <time>2016-11-03T16:19:58Z</time>
      </trkpt>
      <trkpt lat="42.40713" lon="2.56519">
        <ele>507.12548828125</ele>
        <time>2016-11-03T16:20:02Z</time>
      </trkpt>
      <trkpt lat="42.4072" lon="2.56531">
        <ele>506.64593505859</ele>
        <time>2016-11-03T16:20:05Z</time>
      </trkpt>
      <trkpt lat="42.40748" lon="2.56548">
        <ele>505.04531860352</ele>
        <time>2016-11-03T16:20:08Z</time>
      </trkpt>
      <trkpt lat="42.40762" lon="2.56557">
        <ele>504.31091308594</ele>
        <time>2016-11-03T16:20:16Z</time>
      </trkpt>
      <trkpt lat="42.40771" lon="2.56556">
        <ele>504.25012207031</ele>
        <time>2016-11-03T16:20:20Z</time>
      </trkpt>
      <trkpt lat="42.40775" lon="2.56552">
        <ele>504.1061706543</ele>
        <time>2016-11-03T16:20:22Z</time>
      </trkpt>
      <trkpt lat="42.40778" lon="2.56543">
        <ele>503.62689208984</ele>
        <time>2016-11-03T16:20:23Z</time>
      </trkpt>
      <trkpt lat="42.40777" lon="2.5652">
        <ele>507.78186035156</ele>
        <time>2016-11-03T16:20:25Z</time>
      </trkpt>
      <trkpt lat="42.4077" lon="2.56459">
        <ele>512.52990722656</ele>
        <time>2016-11-03T16:20:30Z</time>
      </trkpt>
      <trkpt lat="42.40775" lon="2.56415">
        <ele>508.14703369141</ele>
        <time>2016-11-03T16:20:42Z</time>
      </trkpt>
      <trkpt lat="42.4078" lon="2.56399">
        <ele>507.87448120117</ele>
        <time>2016-11-03T16:20:51Z</time>
      </trkpt>
      <trkpt lat="42.40787" lon="2.56388">
        <ele>506.15798950195</ele>
        <time>2016-11-03T16:20:54Z</time>
      </trkpt>
      <trkpt lat="42.40796" lon="2.56383">
        <ele>499.04989624023</ele>
        <time>2016-11-03T16:20:57Z</time>
      </trkpt>
      <trkpt lat="42.40809" lon="2.56376">
        <ele>492.8489074707</ele>
        <time>2016-11-03T16:21:00Z</time>
      </trkpt>
      <trkpt lat="42.40817" lon="2.56377">
        <ele>490.56796264648</ele>
        <time>2016-11-03T16:21:04Z</time>
      </trkpt>
      <trkpt lat="42.40837" lon="2.56385">
        <ele>487.42663574219</ele>
        <time>2016-11-03T16:21:06Z</time>
      </trkpt>
      <trkpt lat="42.40853" lon="2.56394">
        <ele>488.29263305664</ele>
        <time>2016-11-03T16:21:12Z</time>
      </trkpt>
      <trkpt lat="42.40885" lon="2.56422">
        <ele>489.47512817383</ele>
        <time>2016-11-03T16:21:17Z</time>
      </trkpt>
      <trkpt lat="42.40897" lon="2.56427">
        <ele>490.32385253906</ele>
        <time>2016-11-03T16:21:27Z</time>
      </trkpt>
      <trkpt lat="42.40911" lon="2.56429">
        <ele>490.9736328125</ele>
        <time>2016-11-03T16:21:30Z</time>
      </trkpt>
      <trkpt lat="42.40947" lon="2.56425">
        <ele>493.54156494141</ele>
        <time>2016-11-03T16:21:34Z</time>
      </trkpt>
      <trkpt lat="42.40967" lon="2.56426">
        <ele>495.77154541016</ele>
        <time>2016-11-03T16:21:44Z</time>
      </trkpt>
      <trkpt lat="42.40982" lon="2.5643">
        <ele>497.64663696289</ele>
        <time>2016-11-03T16:21:49Z</time>
      </trkpt>
      <trkpt lat="42.40999" lon="2.5644">
        <ele>498.65905761719</ele>
        <time>2016-11-03T16:21:53Z</time>
      </trkpt>
      <trkpt lat="42.41015" lon="2.56446">
        <ele>498.76834106445</ele>
        <time>2016-11-03T16:21:58Z</time>
      </trkpt>
      <trkpt lat="42.41028" lon="2.56448">
        <ele>501.2903137207</ele>
        <time>2016-11-03T16:22:02Z</time>
      </trkpt>
      <trkpt lat="42.41057" lon="2.5645">
        <ele>504.70391845703</ele>
        <time>2016-11-03T16:22:05Z</time>
      </trkpt>
      <trkpt lat="42.41074" lon="2.56448">
        <ele>506.89358520508</ele>
        <time>2016-11-03T16:22:13Z</time>
      </trkpt>
      <trkpt lat="42.41091" lon="2.56446">
        <ele>514.74102783203</ele>
        <time>2016-11-03T16:22:18Z</time>
      </trkpt>
      <trkpt lat="42.4112" lon="2.56448">
        <ele>512.33026123047</ele>
        <time>2016-11-03T16:22:23Z</time>
      </trkpt>
      <trkpt lat="42.41129" lon="2.56451">
        <ele>510.84329223633</ele>
        <time>2016-11-03T16:22:31Z</time>
      </trkpt>
      <trkpt lat="42.4114" lon="2.56458">
        <ele>510.87496948242</ele>
        <time>2016-11-03T16:22:33Z</time>
      </trkpt>
      <trkpt lat="42.41153" lon="2.56474">
        <ele>512.63299560547</ele>
        <time>2016-11-03T16:22:36Z</time>
      </trkpt>
      <trkpt lat="42.41167" lon="2.56498">
        <ele>510.95681762695</ele>
        <time>2016-11-03T16:22:41Z</time>
      </trkpt>
      <trkpt lat="42.4118" lon="2.56526">
        <ele>513.54669189453</ele>
        <time>2016-11-03T16:22:47Z</time>
      </trkpt>
      <trkpt lat="42.41191" lon="2.56558">
        <ele>513.1376953125</ele>
        <time>2016-11-03T16:22:54Z</time>
      </trkpt>
      <trkpt lat="42.412" lon="2.56582">
        <ele>514.27886962891</ele>
        <time>2016-11-03T16:23:01Z</time>
      </trkpt>
      <trkpt lat="42.41218" lon="2.56612">
        <ele>517.00164794922</ele>
        <time>2016-11-03T16:23:06Z</time>
      </trkpt>
      <trkpt lat="42.41223" lon="2.56616">
        <ele>517.16821289062</ele>
        <time>2016-11-03T16:23:14Z</time>
      </trkpt>
      <trkpt lat="42.41232" lon="2.5662">
        <ele>517.24810791016</ele>
        <time>2016-11-03T16:23:16Z</time>
      </trkpt>
      <trkpt lat="42.41242" lon="2.5662">
        <ele>517.82257080078</ele>
        <time>2016-11-03T16:23:19Z</time>
      </trkpt>
      <trkpt lat="42.41252" lon="2.56616">
        <ele>518.05389404297</ele>
        <time>2016-11-03T16:23:22Z</time>
      </trkpt>
      <trkpt lat="42.41262" lon="2.56607">
        <ele>517.52056884766</ele>
        <time>2016-11-03T16:23:25Z</time>
      </trkpt>
      <trkpt lat="42.41271" lon="2.56593">
        <ele>517.88891601562</ele>
        <time>2016-11-03T16:23:28Z</time>
      </trkpt>
      <trkpt lat="42.41276" lon="2.56567">
        <ele>518.83312988281</ele>
        <time>2016-11-03T16:23:32Z</time>
      </trkpt>
      <trkpt lat="42.41276" lon="2.56525">
        <ele>523.36657714844</ele>
        <time>2016-11-03T16:23:37Z</time>
      </trkpt>
      <trkpt lat="42.41277" lon="2.56486">
        <ele>524.63995361328</ele>
        <time>2016-11-03T16:23:45Z</time>
      </trkpt>
      <trkpt lat="42.41281" lon="2.56439">
        <ele>525.39404296875</ele>
        <time>2016-11-03T16:23:53Z</time>
      </trkpt>
      <trkpt lat="42.41289" lon="2.56373">
        <ele>523.81781005859</ele>
        <time>2016-11-03T16:24:02Z</time>
      </trkpt>
      <trkpt lat="42.41291" lon="2.56338">
        <ele>522.91650390625</ele>
        <time>2016-11-03T16:24:15Z</time>
      </trkpt>
      <trkpt lat="42.41282" lon="2.56202">
        <ele>528.28485107422</ele>
        <time>2016-11-03T16:24:22Z</time>
      </trkpt>
      <trkpt lat="42.41284" lon="2.56161">
        <ele>524.87377929688</ele>
        <time>2016-11-03T16:24:49Z</time>
      </trkpt>
      <trkpt lat="42.4129" lon="2.56116">
        <ele>515.96618652344</ele>
        <time>2016-11-03T16:24:57Z</time>
      </trkpt>
      <trkpt lat="42.41291" lon="2.56092">
        <ele>514.21166992188</ele>
        <time>2016-11-03T16:25:06Z</time>
      </trkpt>
      <trkpt lat="42.41289" lon="2.56073">
        <ele>513.88330078125</ele>
        <time>2016-11-03T16:25:11Z</time>
      </trkpt>
      <trkpt lat="42.41284" lon="2.56039">
        <ele>513.19213867188</ele>
        <time>2016-11-03T16:25:15Z</time>
      </trkpt>
      <trkpt lat="42.41256" lon="2.55917">
        <ele>509.72512817383</ele>
        <time>2016-11-03T16:25:22Z</time>
      </trkpt>
      <trkpt lat="42.41243" lon="2.55796">
        <ele>509.93460083008</ele>
        <time>2016-11-03T16:25:47Z</time>
      </trkpt>
      <trkpt lat="42.41243" lon="2.55782">
        <ele>509.0966796875</ele>
        <time>2016-11-03T16:26:11Z</time>
      </trkpt>
      <trkpt lat="42.41248" lon="2.55766">
        <ele>506.54281616211</ele>
        <time>2016-11-03T16:26:14Z</time>
      </trkpt>
      <trkpt lat="42.41255" lon="2.55756">
        <ele>504.05432128906</ele>
        <time>2016-11-03T16:26:17Z</time>
      </trkpt>
      <trkpt lat="42.41282" lon="2.55727">
        <ele>498.13677978516</ele>
        <time>2016-11-03T16:26:20Z</time>
      </trkpt>
      <trkpt lat="42.41291" lon="2.55715">
        <ele>498.43057250977</ele>
        <time>2016-11-03T16:26:29Z</time>
      </trkpt>
      <trkpt lat="42.41293" lon="2.5571">
        <ele>499.16979980469</ele>
        <time>2016-11-03T16:26:32Z</time>
      </trkpt>
      <trkpt lat="42.41292" lon="2.5569">
        <ele>501.87008666992</ele>
        <time>2016-11-03T16:26:33Z</time>
      </trkpt>
      <trkpt lat="42.41276" lon="2.55642">
        <ele>505.83645629883</ele>
        <time>2016-11-03T16:26:37Z</time>
      </trkpt>
      <trkpt lat="42.41248" lon="2.556">
        <ele>511.61798095703</ele>
        <time>2016-11-03T16:26:47Z</time>
      </trkpt>
      <trkpt lat="42.41222" lon="2.55572">
        <ele>511.57897949219</ele>
        <time>2016-11-03T16:26:58Z</time>
      </trkpt>
      <trkpt lat="42.41193" lon="2.55547">
        <ele>510.43621826172</ele>
        <time>2016-11-03T16:27:07Z</time>
      </trkpt>
      <trkpt lat="42.4118" lon="2.55532">
        <ele>511.57333374023</ele>
        <time>2016-11-03T16:27:16Z</time>
      </trkpt>
      <trkpt lat="42.4117" lon="2.55518">
        <ele>512.18200683594</ele>
        <time>2016-11-03T16:27:21Z</time>
      </trkpt>
      <trkpt lat="42.41159" lon="2.55497">
        <ele>512.90533447266</ele>
        <time>2016-11-03T16:27:25Z</time>
      </trkpt>
      <trkpt lat="42.41154" lon="2.55487">
        <ele>512.80499267578</ele>
        <time>2016-11-03T16:27:30Z</time>
      </trkpt>
      <trkpt lat="42.41151" lon="2.55473">
        <ele>513.49822998047</ele>
        <time>2016-11-03T16:27:32Z</time>
      </trkpt>
      <trkpt lat="42.4115" lon="2.55461">
        <ele>514.46368408203</ele>
        <time>2016-11-03T16:27:35Z</time>
      </trkpt>
      <trkpt lat="42.41158" lon="2.55398">
        <ele>521.04302978516</ele>
        <time>2016-11-03T16:27:37Z</time>
      </trkpt>
      <trkpt lat="42.41167" lon="2.55351">
        <ele>525.05554199219</ele>
        <time>2016-11-03T16:27:50Z</time>
      </trkpt>
      <trkpt lat="42.41168" lon="2.55347">
        <ele>525.44610595703</ele>
        <time>2016-11-03T16:28:00Z</time>
      </trkpt>
      <trkpt lat="42.41173" lon="2.55331">
        <ele>527.07110595703</ele>
        <time>2016-11-03T16:28:01Z</time>
      </trkpt>
      <trkpt lat="42.41176" lon="2.55329">
        <ele>527.97277832031</ele>
        <time>2016-11-03T16:28:04Z</time>
      </trkpt>
      <trkpt lat="42.41185" lon="2.55331">
        <ele>530.21276855469</ele>
        <time>2016-11-03T16:28:05Z</time>
      </trkpt>
      <trkpt lat="42.41185" lon="2.55322">
        <ele>530.53259277344</ele>
        <time>2016-11-03T16:28:07Z</time>
      </trkpt>
      <trkpt lat="42.41175" lon="2.55281">
        <ele>530.06237792969</ele>
        <time>2016-11-03T16:28:09Z</time>
      </trkpt>
      <trkpt lat="42.41169" lon="2.55241">
        <ele>531.73474121094</ele>
        <time>2016-11-03T16:28:18Z</time>
      </trkpt>
      <trkpt lat="42.41164" lon="2.55202">
        <ele>536.23333740234</ele>
        <time>2016-11-03T16:28:26Z</time>
      </trkpt>
      <trkpt lat="42.41154" lon="2.55178">
        <ele>537.79107666016</ele>
        <time>2016-11-03T16:28:34Z</time>
      </trkpt>
      <trkpt lat="42.41113" lon="2.55141">
        <ele>537.07147216797</ele>
        <time>2016-11-03T16:28:39Z</time>
      </trkpt>
      <trkpt lat="42.41097" lon="2.55131">
        <ele>536.69744873047</ele>
        <time>2016-11-03T16:28:52Z</time>
      </trkpt>
      <trkpt lat="42.41044" lon="2.55118">
        <ele>525.81115722656</ele>
        <time>2016-11-03T16:28:57Z</time>
      </trkpt>
      <trkpt lat="42.41028" lon="2.55111">
        <ele>523.11737060547</ele>
        <time>2016-11-03T16:29:11Z</time>
      </trkpt>
      <trkpt lat="42.41019" lon="2.55102">
        <ele>522.19287109375</ele>
        <time>2016-11-03T16:29:15Z</time>
      </trkpt>
      <trkpt lat="42.41013" lon="2.55082">
        <ele>523.18188476562</ele>
        <time>2016-11-03T16:29:18Z</time>
      </trkpt>
      <trkpt lat="42.41014" lon="2.55058">
        <ele>525.94781494141</ele>
        <time>2016-11-03T16:29:22Z</time>
      </trkpt>
      <trkpt lat="42.41022" lon="2.55005">
        <ele>533.86126708984</ele>
        <time>2016-11-03T16:29:27Z</time>
      </trkpt>
      <trkpt lat="42.41023" lon="2.54978">
        <ele>535.53033447266</ele>
        <time>2016-11-03T16:29:38Z</time>
      </trkpt>
      <trkpt lat="42.41017" lon="2.54911">
        <ele>534.34600830078</ele>
        <time>2016-11-03T16:29:43Z</time>
      </trkpt>
      <trkpt lat="42.41014" lon="2.54878">
        <ele>533.15789794922</ele>
        <time>2016-11-03T16:29:56Z</time>
      </trkpt>
      <trkpt lat="42.41015" lon="2.54826">
        <ele>534.65173339844</ele>
        <time>2016-11-03T16:30:03Z</time>
      </trkpt>
      <trkpt lat="42.41011" lon="2.54797">
        <ele>532.908203125</ele>
        <time>2016-11-03T16:30:13Z</time>
      </trkpt>
      <trkpt lat="42.41002" lon="2.54764">
        <ele>529.21520996094</ele>
        <time>2016-11-03T16:30:19Z</time>
      </trkpt>
      <trkpt lat="42.40982" lon="2.54712">
        <ele>529.81811523438</ele>
        <time>2016-11-03T16:30:26Z</time>
      </trkpt>
      <trkpt lat="42.40974" lon="2.54688">
        <ele>530.29809570312</ele>
        <time>2016-11-03T16:30:38Z</time>
      </trkpt>
      <trkpt lat="42.40973" lon="2.5463">
        <ele>528.32916259766</ele>
        <time>2016-11-03T16:30:43Z</time>
      </trkpt>
      <trkpt lat="42.40974" lon="2.54612">
        <ele>527.45324707031</ele>
        <time>2016-11-03T16:30:54Z</time>
      </trkpt>
      <trkpt lat="42.40981" lon="2.54598">
        <ele>527.44885253906</ele>
        <time>2016-11-03T16:30:58Z</time>
      </trkpt>
      <trkpt lat="42.4101" lon="2.54576">
        <ele>531.23797607422</ele>
        <time>2016-11-03T16:31:01Z</time>
      </trkpt>
      <trkpt lat="42.4102" lon="2.54567">
        <ele>533.09063720703</ele>
        <time>2016-11-03T16:31:10Z</time>
      </trkpt>
      <trkpt lat="42.41045" lon="2.54527">
        <ele>534.20697021484</ele>
        <time>2016-11-03T16:31:13Z</time>
      </trkpt>
      <trkpt lat="42.41069" lon="2.54495">
        <ele>534.11199951172</ele>
        <time>2016-11-03T16:31:23Z</time>
      </trkpt>
      <trkpt lat="42.41079" lon="2.54481">
        <ele>535.82946777344</ele>
        <time>2016-11-03T16:31:32Z</time>
      </trkpt>
      <trkpt lat="42.41083" lon="2.54461">
        <ele>534.82452392578</ele>
        <time>2016-11-03T16:31:36Z</time>
      </trkpt>
      <trkpt lat="42.41077" lon="2.54448">
        <ele>531.50579833984</ele>
        <time>2016-11-03T16:31:40Z</time>
      </trkpt>
      <trkpt lat="42.41071" lon="2.5444">
        <ele>529.60510253906</ele>
        <time>2016-11-03T16:31:43Z</time>
      </trkpt>
      <trkpt lat="42.41054" lon="2.54424">
        <ele>527.61755371094</ele>
        <time>2016-11-03T16:31:45Z</time>
      </trkpt>
      <trkpt lat="42.41057" lon="2.544">
        <ele>527.92022705078</ele>
        <time>2016-11-03T16:31:51Z</time>
      </trkpt>
      <trkpt lat="42.4106" lon="2.54376">
        <ele>529.76843261719</ele>
        <time>2016-11-03T16:31:56Z</time>
      </trkpt>
      <trkpt lat="42.41065" lon="2.54368">
        <ele>530.54174804688</ele>
        <time>2016-11-03T16:32:01Z</time>
      </trkpt>
      <trkpt lat="42.41074" lon="2.54367">
        <ele>530.96520996094</ele>
        <time>2016-11-03T16:32:03Z</time>
      </trkpt>
      <trkpt lat="42.41074" lon="2.54367">
        <ele>530.96520996094</ele>
        <time>2016-11-03T16:32:05Z</time>
      </trkpt>
      <trkpt lat="42.41095" lon="2.54376">
        <ele>531.95343017578</ele>
        <time>2016-11-03T16:32:05Z</time>
      </trkpt>
      <trkpt lat="42.41097" lon="2.54384">
        <ele>533.02716064453</ele>
        <time>2016-11-03T16:32:11Z</time>
      </trkpt>
      <trkpt lat="42.41094" lon="2.5441">
        <ele>534.3212890625</ele>
        <time>2016-11-03T16:32:13Z</time>
      </trkpt>
      <trkpt lat="42.41092" lon="2.54463">
        <ele>540.21673583984</ele>
        <time>2016-11-03T16:32:18Z</time>
      </trkpt>
      <trkpt lat="42.4109" lon="2.54487">
        <ele>542.64514160156</ele>
        <time>2016-11-03T16:32:28Z</time>
      </trkpt>
      <trkpt lat="42.41086" lon="2.54506">
        <ele>544.83764648438</ele>
        <time>2016-11-03T16:32:33Z</time>
      </trkpt>
      <trkpt lat="42.4107" lon="2.54532">
        <ele>544.57543945312</ele>
        <time>2016-11-03T16:32:37Z</time>
      </trkpt>
      <trkpt lat="42.41061" lon="2.54544">
        <ele>543.94866943359</ele>
        <time>2016-11-03T16:32:44Z</time>
      </trkpt>
      <trkpt lat="42.41047" lon="2.54558">
        <ele>542.47583007812</ele>
        <time>2016-11-03T16:32:47Z</time>
      </trkpt>
      <trkpt lat="42.41036" lon="2.54577">
        <ele>542.22998046875</ele>
        <time>2016-11-03T16:32:52Z</time>
      </trkpt>
      <trkpt lat="42.41004" lon="2.54631">
        <ele>536.33819580078</ele>
        <time>2016-11-03T16:32:57Z</time>
      </trkpt>
      <trkpt lat="42.40999" lon="2.54647">
        <ele>535.03332519531</ele>
        <time>2016-11-03T16:33:11Z</time>
      </trkpt>
      <trkpt lat="42.40998" lon="2.54664">
        <ele>535.41497802734</ele>
        <time>2016-11-03T16:33:14Z</time>
      </trkpt>
      <trkpt lat="42.41002" lon="2.54679">
        <ele>537.6982421875</ele>
        <time>2016-11-03T16:33:17Z</time>
      </trkpt>
      <trkpt lat="42.41024" lon="2.54699">
        <ele>546.298828125</ele>
        <time>2016-11-03T16:33:20Z</time>
      </trkpt>
      <trkpt lat="42.41032" lon="2.54715">
        <ele>548.5</ele>
        <time>2016-11-03T16:33:27Z</time>
      </trkpt>
      <trkpt lat="42.41041" lon="2.54742">
        <ele>550.61364746094</ele>
        <time>2016-11-03T16:33:31Z</time>
      </trkpt>
      <trkpt lat="42.41049" lon="2.54755">
        <ele>553.94439697266</ele>
        <time>2016-11-03T16:33:37Z</time>
      </trkpt>
      <trkpt lat="42.41054" lon="2.54773">
        <ele>556.16314697266</ele>
        <time>2016-11-03T16:33:40Z</time>
      </trkpt>
      <trkpt lat="42.41055" lon="2.54855">
        <ele>557.55523681641</ele>
        <time>2016-11-03T16:33:44Z</time>
      </trkpt>
      <trkpt lat="42.41057" lon="2.54888">
        <ele>558.66003417969</ele>
        <time>2016-11-03T16:34:00Z</time>
      </trkpt>
      <trkpt lat="42.41063" lon="2.54919">
        <ele>561.357421875</ele>
        <time>2016-11-03T16:34:07Z</time>
      </trkpt>
      <trkpt lat="42.41072" lon="2.54946">
        <ele>565.69915771484</ele>
        <time>2016-11-03T16:34:13Z</time>
      </trkpt>
      <trkpt lat="42.41078" lon="2.54977">
        <ele>565.90045166016</ele>
        <time>2016-11-03T16:34:19Z</time>
      </trkpt>
      <trkpt lat="42.41082" lon="2.55019">
        <ele>563.06762695312</ele>
        <time>2016-11-03T16:34:25Z</time>
      </trkpt>
      <trkpt lat="42.41088" lon="2.55033">
        <ele>562.87115478516</ele>
        <time>2016-11-03T16:34:33Z</time>
      </trkpt>
      <trkpt lat="42.41103" lon="2.55043">
        <ele>567.45745849609</ele>
        <time>2016-11-03T16:34:36Z</time>
      </trkpt>
      <trkpt lat="42.41142" lon="2.55064">
        <ele>576.17810058594</ele>
        <time>2016-11-03T16:34:40Z</time>
      </trkpt>
      <trkpt lat="42.41165" lon="2.55081">
        <ele>580.3466796875</ele>
        <time>2016-11-03T16:34:51Z</time>
      </trkpt>
      <trkpt lat="42.41181" lon="2.55095">
        <ele>581.04327392578</ele>
        <time>2016-11-03T16:34:58Z</time>
      </trkpt>
      <trkpt lat="42.41219" lon="2.55142">
        <ele>582.72180175781</ele>
        <time>2016-11-03T16:35:03Z</time>
      </trkpt>
      <trkpt lat="42.41248" lon="2.55181">
        <ele>585.69842529297</ele>
        <time>2016-11-03T16:35:17Z</time>
      </trkpt>
      <trkpt lat="42.41257" lon="2.55202">
        <ele>586.20727539062</ele>
        <time>2016-11-03T16:35:28Z</time>
      </trkpt>
      <trkpt lat="42.41263" lon="2.55222">
        <ele>586.72918701172</ele>
        <time>2016-11-03T16:35:33Z</time>
      </trkpt>
      <trkpt lat="42.41271" lon="2.55239">
        <ele>588.04974365234</ele>
        <time>2016-11-03T16:35:37Z</time>
      </trkpt>
      <trkpt lat="42.41277" lon="2.55257">
        <ele>587.9140625</ele>
        <time>2016-11-03T16:35:41Z</time>
      </trkpt>
      <trkpt lat="42.41281" lon="2.55292">
        <ele>588.1064453125</ele>
        <time>2016-11-03T16:35:45Z</time>
      </trkpt>
      <trkpt lat="42.41284" lon="2.55309">
        <ele>588.19409179688</ele>
        <time>2016-11-03T16:35:52Z</time>
      </trkpt>
      <trkpt lat="42.41291" lon="2.55321">
        <ele>590.14483642578</ele>
        <time>2016-11-03T16:35:55Z</time>
      </trkpt>
      <trkpt lat="42.41307" lon="2.55334">
        <ele>593.369140625</ele>
        <time>2016-11-03T16:35:58Z</time>
      </trkpt>
      <trkpt lat="42.41317" lon="2.55342">
        <ele>595.12707519531</ele>
        <time>2016-11-03T16:36:03Z</time>
      </trkpt>
      <trkpt lat="42.41324" lon="2.55356">
        <ele>595.59338378906</ele>
        <time>2016-11-03T16:36:06Z</time>
      </trkpt>
      <trkpt lat="42.41328" lon="2.55372">
        <ele>597.46838378906</ele>
        <time>2016-11-03T16:36:09Z</time>
      </trkpt>
      <trkpt lat="42.41333" lon="2.55382">
        <ele>597.44122314453</ele>
        <time>2016-11-03T16:36:12Z</time>
      </trkpt>
      <trkpt lat="42.41343" lon="2.55393">
        <ele>600.69189453125</ele>
        <time>2016-11-03T16:36:14Z</time>
      </trkpt>
      <trkpt lat="42.41361" lon="2.55408">
        <ele>604.23748779297</ele>
        <time>2016-11-03T16:36:17Z</time>
      </trkpt>
      <trkpt lat="42.41389" lon="2.55441">
        <ele>604.85638427734</ele>
        <time>2016-11-03T16:36:23Z</time>
      </trkpt>
      <trkpt lat="42.41424" lon="2.5549">
        <ele>610.25695800781</ele>
        <time>2016-11-03T16:36:33Z</time>
      </trkpt>
      <trkpt lat="42.4143" lon="2.55498">
        <ele>609.20599365234</ele>
        <time>2016-11-03T16:36:46Z</time>
      </trkpt>
      <trkpt lat="42.41439" lon="2.55503">
        <ele>610.673828125</ele>
        <time>2016-11-03T16:36:48Z</time>
      </trkpt>
      <trkpt lat="42.41458" lon="2.55511">
        <ele>611.30798339844</ele>
        <time>2016-11-03T16:36:51Z</time>
      </trkpt>
      <trkpt lat="42.41475" lon="2.5551">
        <ele>614.34149169922</ele>
        <time>2016-11-03T16:36:56Z</time>
      </trkpt>
      <trkpt lat="42.41484" lon="2.55511">
        <ele>615.98199462891</ele>
        <time>2016-11-03T16:37:01Z</time>
      </trkpt>
      <trkpt lat="42.41508" lon="2.5553">
        <ele>616.58160400391</ele>
        <time>2016-11-03T16:37:03Z</time>
      </trkpt>
      <trkpt lat="42.41524" lon="2.55536">
        <ele>616.30401611328</ele>
        <time>2016-11-03T16:37:10Z</time>
      </trkpt>
      <trkpt lat="42.41544" lon="2.55527">
        <ele>618.65606689453</ele>
        <time>2016-11-03T16:37:14Z</time>
      </trkpt>
      <trkpt lat="42.41557" lon="2.55515">
        <ele>625.48132324219</ele>
        <time>2016-11-03T16:37:20Z</time>
      </trkpt>
      <trkpt lat="42.41564" lon="2.55514">
        <ele>625.26196289062</ele>
        <time>2016-11-03T16:37:24Z</time>
      </trkpt>
      <trkpt lat="42.4157" lon="2.55516">
        <ele>625.08013916016</ele>
        <time>2016-11-03T16:37:26Z</time>
      </trkpt>
      <trkpt lat="42.41603" lon="2.55541">
        <ele>625.57849121094</ele>
        <time>2016-11-03T16:37:28Z</time>
      </trkpt>
      <trkpt lat="42.41634" lon="2.55561">
        <ele>628.48876953125</ele>
        <time>2016-11-03T16:37:38Z</time>
      </trkpt>
      <trkpt lat="42.4166" lon="2.55571">
        <ele>628.80578613281</ele>
        <time>2016-11-03T16:37:47Z</time>
      </trkpt>
      <trkpt lat="42.41691" lon="2.55578">
        <ele>633.05407714844</ele>
        <time>2016-11-03T16:37:54Z</time>
      </trkpt>
      <trkpt lat="42.41733" lon="2.55599">
        <ele>635.45355224609</ele>
        <time>2016-11-03T16:38:02Z</time>
      </trkpt>
      <trkpt lat="42.41773" lon="2.55608">
        <ele>638.12274169922</ele>
        <time>2016-11-03T16:38:14Z</time>
      </trkpt>
      <trkpt lat="42.41783" lon="2.55615">
        <ele>639.32342529297</ele>
        <time>2016-11-03T16:38:25Z</time>
      </trkpt>
      <trkpt lat="42.41793" lon="2.55631">
        <ele>640.69525146484</ele>
        <time>2016-11-03T16:38:28Z</time>
      </trkpt>
      <trkpt lat="42.41795" lon="2.55643">
        <ele>639.23095703125</ele>
        <time>2016-11-03T16:38:32Z</time>
      </trkpt>
      <trkpt lat="42.41794" lon="2.55653">
        <ele>641.26641845703</ele>
        <time>2016-11-03T16:38:34Z</time>
      </trkpt>
      <trkpt lat="42.41787" lon="2.55668">
        <ele>644.54766845703</ele>
        <time>2016-11-03T16:38:36Z</time>
      </trkpt>
      <trkpt lat="42.41778" lon="2.55682">
        <ele>642.99560546875</ele>
        <time>2016-11-03T16:38:40Z</time>
      </trkpt>
      <trkpt lat="42.41772" lon="2.55697">
        <ele>644.57696533203</ele>
        <time>2016-11-03T16:38:44Z</time>
      </trkpt>
      <trkpt lat="42.41766" lon="2.55715">
        <ele>644.41168212891</ele>
        <time>2016-11-03T16:38:47Z</time>
      </trkpt>
      <trkpt lat="42.41755" lon="2.55735">
        <ele>640.25726318359</ele>
        <time>2016-11-03T16:38:51Z</time>
      </trkpt>
      <trkpt lat="42.41672" lon="2.55858">
        <ele>647.64727783203</ele>
        <time>2016-11-03T16:38:56Z</time>
      </trkpt>
      <trkpt lat="42.41666" lon="2.55874">
        <ele>649.42956542969</ele>
        <time>2016-11-03T16:39:29Z</time>
      </trkpt>
      <trkpt lat="42.41664" lon="2.55888">
        <ele>652.18188476562</ele>
        <time>2016-11-03T16:39:33Z</time>
      </trkpt>
      <trkpt lat="42.41664" lon="2.55911">
        <ele>652.53802490234</ele>
        <time>2016-11-03T16:39:36Z</time>
      </trkpt>
      <trkpt lat="42.41668" lon="2.5592">
        <ele>651.75469970703</ele>
        <time>2016-11-03T16:39:41Z</time>
      </trkpt>
      <trkpt lat="42.41702" lon="2.5595">
        <ele>655.69195556641</ele>
        <time>2016-11-03T16:39:43Z</time>
      </trkpt>
      <trkpt lat="42.41728" lon="2.55976">
        <ele>657.16290283203</ele>
        <time>2016-11-03T16:39:54Z</time>
      </trkpt>
      <trkpt lat="42.41768" lon="2.5603">
        <ele>661.82006835938</ele>
        <time>2016-11-03T16:40:03Z</time>
      </trkpt>
      <trkpt lat="42.41786" lon="2.56053">
        <ele>663.23126220703</ele>
        <time>2016-11-03T16:40:18Z</time>
      </trkpt>
      <trkpt lat="42.41792" lon="2.56066">
        <ele>662.97088623047</ele>
        <time>2016-11-03T16:40:25Z</time>
      </trkpt>
      <trkpt lat="42.41792" lon="2.56074">
        <ele>662.11608886719</ele>
        <time>2016-11-03T16:40:28Z</time>
      </trkpt>
      <trkpt lat="42.41786" lon="2.56096">
        <ele>664.01782226562</ele>
        <time>2016-11-03T16:40:30Z</time>
      </trkpt>
      <trkpt lat="42.41774" lon="2.56121">
        <ele>666.65582275391</ele>
        <time>2016-11-03T16:40:35Z</time>
      </trkpt>
      <trkpt lat="42.41755" lon="2.56149">
        <ele>666.52819824219</ele>
        <time>2016-11-03T16:40:41Z</time>
      </trkpt>
      <trkpt lat="42.41742" lon="2.56173">
        <ele>668.29876708984</ele>
        <time>2016-11-03T16:40:49Z</time>
      </trkpt>
      <trkpt lat="42.41729" lon="2.56211">
        <ele>673.31311035156</ele>
        <time>2016-11-03T16:40:55Z</time>
      </trkpt>
      <trkpt lat="42.41713" lon="2.56247">
        <ele>672.40698242188</ele>
        <time>2016-11-03T16:41:03Z</time>
      </trkpt>
      <trkpt lat="42.4171" lon="2.56255">
        <ele>672.48431396484</ele>
        <time>2016-11-03T16:41:11Z</time>
      </trkpt>
      <trkpt lat="42.4171" lon="2.56263">
        <ele>673.18280029297</ele>
        <time>2016-11-03T16:41:13Z</time>
      </trkpt>
      <trkpt lat="42.41716" lon="2.56276">
        <ele>675.04241943359</ele>
        <time>2016-11-03T16:41:15Z</time>
      </trkpt>
      <trkpt lat="42.4177" lon="2.56326">
        <ele>680.76611328125</ele>
        <time>2016-11-03T16:41:18Z</time>
      </trkpt>
      <trkpt lat="42.41787" lon="2.56338">
        <ele>681.88751220703</ele>
        <time>2016-11-03T16:41:35Z</time>
      </trkpt>
      <trkpt lat="42.41816" lon="2.56347">
        <ele>685.50128173828</ele>
        <time>2016-11-03T16:41:40Z</time>
      </trkpt>
      <trkpt lat="42.41865" lon="2.56339">
        <ele>692.55670166016</ele>
        <time>2016-11-03T16:41:48Z</time>
      </trkpt>
      <trkpt lat="42.4188" lon="2.5634">
        <ele>695.74609375</ele>
        <time>2016-11-03T16:42:01Z</time>
      </trkpt>
      <trkpt lat="42.4189" lon="2.56347">
        <ele>693.37744140625</ele>
        <time>2016-11-03T16:42:05Z</time>
      </trkpt>
      <trkpt lat="42.41894" lon="2.56366">
        <ele>691.80303955078</ele>
        <time>2016-11-03T16:42:08Z</time>
      </trkpt>
      <trkpt lat="42.41904" lon="2.56441">
        <ele>695.09020996094</ele>
        <time>2016-11-03T16:42:12Z</time>
      </trkpt>
      <trkpt lat="42.41911" lon="2.56465">
        <ele>697.31481933594</ele>
        <time>2016-11-03T16:42:27Z</time>
      </trkpt>
      <trkpt lat="42.41921" lon="2.56484">
        <ele>701.17883300781</ele>
        <time>2016-11-03T16:42:32Z</time>
      </trkpt>
      <trkpt lat="42.41943" lon="2.56515">
        <ele>704.8134765625</ele>
        <time>2016-11-03T16:42:37Z</time>
      </trkpt>
      <trkpt lat="42.4197" lon="2.56565">
        <ele>705.76971435547</ele>
        <time>2016-11-03T16:42:45Z</time>
      </trkpt>
      <trkpt lat="42.41974" lon="2.56569">
        <ele>706.3173828125</ele>
        <time>2016-11-03T16:42:57Z</time>
      </trkpt>
      <trkpt lat="42.41982" lon="2.5657">
        <ele>706.80212402344</ele>
        <time>2016-11-03T16:42:58Z</time>
      </trkpt>
      <trkpt lat="42.41994" lon="2.56565">
        <ele>708.43109130859</ele>
        <time>2016-11-03T16:43:00Z</time>
      </trkpt>
      <trkpt lat="42.42015" lon="2.5655">
        <ele>710.72210693359</ele>
        <time>2016-11-03T16:43:03Z</time>
      </trkpt>
      <trkpt lat="42.42058" lon="2.56521">
        <ele>716.38201904297</ele>
        <time>2016-11-03T16:43:09Z</time>
      </trkpt>
      <trkpt lat="42.42099" lon="2.56513">
        <ele>721.54211425781</ele>
        <time>2016-11-03T16:43:22Z</time>
      </trkpt>
      <trkpt lat="42.42136" lon="2.56503">
        <ele>723.94342041016</ele>
        <time>2016-11-03T16:43:33Z</time>
      </trkpt>
      <trkpt lat="42.42159" lon="2.56503">
        <ele>724.64819335938</ele>
        <time>2016-11-03T16:43:43Z</time>
      </trkpt>
      <trkpt lat="42.42172" lon="2.56505">
        <ele>725.93634033203</ele>
        <time>2016-11-03T16:43:49Z</time>
      </trkpt>
      <trkpt lat="42.42198" lon="2.56504">
        <ele>727.8486328125</ele>
        <time>2016-11-03T16:43:52Z</time>
      </trkpt>
      <trkpt lat="42.42234" lon="2.56492">
        <ele>729.42785644531</ele>
        <time>2016-11-03T16:43:59Z</time>
      </trkpt>
      <trkpt lat="42.42262" lon="2.5647">
        <ele>728.62280273438</ele>
        <time>2016-11-03T16:44:09Z</time>
      </trkpt>
      <trkpt lat="42.42271" lon="2.5646">
        <ele>729.0126953125</ele>
        <time>2016-11-03T16:44:18Z</time>
      </trkpt>
      <trkpt lat="42.42286" lon="2.5643">
        <ele>729.85461425781</ele>
        <time>2016-11-03T16:44:21Z</time>
      </trkpt>
      <trkpt lat="42.423" lon="2.56398">
        <ele>732.01062011719</ele>
        <time>2016-11-03T16:44:28Z</time>
      </trkpt>
      <trkpt lat="42.42311" lon="2.56365">
        <ele>735.68139648438</ele>
        <time>2016-11-03T16:44:35Z</time>
      </trkpt>
      <trkpt lat="42.42319" lon="2.56335">
        <ele>739.40985107422</ele>
        <time>2016-11-03T16:44:42Z</time>
      </trkpt>
      <trkpt lat="42.42322" lon="2.56304">
        <ele>741.56408691406</ele>
        <time>2016-11-03T16:44:48Z</time>
      </trkpt>
      <trkpt lat="42.42319" lon="2.56279">
        <ele>742.19610595703</ele>
        <time>2016-11-03T16:44:54Z</time>
      </trkpt>
      <trkpt lat="42.42312" lon="2.56261">
        <ele>743.90081787109</ele>
        <time>2016-11-03T16:44:59Z</time>
      </trkpt>
      <trkpt lat="42.42294" lon="2.56217">
        <ele>742.69805908203</ele>
        <time>2016-11-03T16:45:03Z</time>
      </trkpt>
      <trkpt lat="42.42291" lon="2.56199">
        <ele>743.97528076172</ele>
        <time>2016-11-03T16:45:13Z</time>
      </trkpt>
      <trkpt lat="42.42293" lon="2.56187">
        <ele>744.14929199219</ele>
        <time>2016-11-03T16:45:17Z</time>
      </trkpt>
      <trkpt lat="42.42298" lon="2.56185">
        <ele>743.90618896484</ele>
        <time>2016-11-03T16:45:19Z</time>
      </trkpt>
      <trkpt lat="42.42345" lon="2.56186">
        <ele>738.19989013672</ele>
        <time>2016-11-03T16:45:20Z</time>
      </trkpt>
      <trkpt lat="42.42379" lon="2.56189">
        <ele>739.52740478516</ele>
        <time>2016-11-03T16:45:33Z</time>
      </trkpt>
      <trkpt lat="42.42389" lon="2.56188">
        <ele>739.34423828125</ele>
        <time>2016-11-03T16:45:42Z</time>
      </trkpt>
      <trkpt lat="42.42403" lon="2.56177">
        <ele>740.14105224609</ele>
        <time>2016-11-03T16:45:45Z</time>
      </trkpt>
      <trkpt lat="42.42445" lon="2.56114">
        <ele>742.103515625</ele>
        <time>2016-11-03T16:45:49Z</time>
      </trkpt>
      <trkpt lat="42.42451" lon="2.56106">
        <ele>742.48449707031</ele>
        <time>2016-11-03T16:46:06Z</time>
      </trkpt>
      <trkpt lat="42.42457" lon="2.56092">
        <ele>742.78399658203</ele>
        <time>2016-11-03T16:46:08Z</time>
      </trkpt>
      <trkpt lat="42.42456" lon="2.5608">
        <ele>743.72924804688</ele>
        <time>2016-11-03T16:46:11Z</time>
      </trkpt>
      <trkpt lat="42.42439" lon="2.5605">
        <ele>746.923828125</ele>
        <time>2016-11-03T16:46:13Z</time>
      </trkpt>
      <trkpt lat="42.42438" lon="2.56042">
        <ele>747.52301025391</ele>
        <time>2016-11-03T16:46:20Z</time>
      </trkpt>
      <trkpt lat="42.42439" lon="2.56027">
        <ele>747.80871582031</ele>
        <time>2016-11-03T16:46:22Z</time>
      </trkpt>
      <trkpt lat="42.42488" lon="2.55931">
        <ele>752.04034423828</ele>
        <time>2016-11-03T16:46:25Z</time>
      </trkpt>
      <trkpt lat="42.42492" lon="2.55909">
        <ele>756.6533203125</ele>
        <time>2016-11-03T16:46:48Z</time>
      </trkpt>
      <trkpt lat="42.42496" lon="2.55892">
        <ele>757.57641601562</ele>
        <time>2016-11-03T16:46:52Z</time>
      </trkpt>
      <trkpt lat="42.42503" lon="2.55882">
        <ele>756.75262451172</ele>
        <time>2016-11-03T16:46:56Z</time>
      </trkpt>
      <trkpt lat="42.42519" lon="2.5587">
        <ele>752.34008789062</ele>
        <time>2016-11-03T16:46:59Z</time>
      </trkpt>
      <trkpt lat="42.42528" lon="2.55859">
        <ele>751.45776367188</ele>
        <time>2016-11-03T16:47:04Z</time>
      </trkpt>
      <trkpt lat="42.42536" lon="2.55849">
        <ele>750.20043945312</ele>
        <time>2016-11-03T16:47:07Z</time>
      </trkpt>
      <trkpt lat="42.4255" lon="2.55816">
        <ele>756.88781738281</ele>
        <time>2016-11-03T16:47:10Z</time>
      </trkpt>
      <trkpt lat="42.42557" lon="2.55786">
        <ele>760.97875976562</ele>
        <time>2016-11-03T16:47:18Z</time>
      </trkpt>
      <trkpt lat="42.42563" lon="2.5576">
        <ele>768.29425048828</ele>
        <time>2016-11-03T16:47:24Z</time>
      </trkpt>
      <trkpt lat="42.42566" lon="2.55749">
        <ele>768.62164306641</ele>
        <time>2016-11-03T16:47:29Z</time>
      </trkpt>
      <trkpt lat="42.4257" lon="2.55746">
        <ele>767.65466308594</ele>
        <time>2016-11-03T16:47:31Z</time>
      </trkpt>
      <trkpt lat="42.42584" lon="2.5574">
        <ele>763.57916259766</ele>
        <time>2016-11-03T16:47:32Z</time>
      </trkpt>
      <trkpt lat="42.42606" lon="2.55733">
        <ele>754.30499267578</ele>
        <time>2016-11-03T16:47:36Z</time>
      </trkpt>
      <trkpt lat="42.42623" lon="2.55722">
        <ele>754.95758056641</ele>
        <time>2016-11-03T16:47:42Z</time>
      </trkpt>
      <trkpt lat="42.42688" lon="2.55668">
        <ele>754.15374755859</ele>
        <time>2016-11-03T16:47:47Z</time>
      </trkpt>
      <trkpt lat="42.42715" lon="2.55637">
        <ele>760.13659667969</ele>
        <time>2016-11-03T16:48:07Z</time>
      </trkpt>
      <trkpt lat="42.42741" lon="2.55587">
        <ele>762.83648681641</ele>
        <time>2016-11-03T16:48:16Z</time>
      </trkpt>
      <trkpt lat="42.42746" lon="2.55577">
        <ele>763.60998535156</ele>
        <time>2016-11-03T16:48:28Z</time>
      </trkpt>
      <trkpt lat="42.4276" lon="2.55562">
        <ele>762.94055175781</ele>
        <time>2016-11-03T16:48:30Z</time>
      </trkpt>
      <trkpt lat="42.4278" lon="2.55539">
        <ele>760.66595458984</ele>
        <time>2016-11-03T16:48:35Z</time>
      </trkpt>
      <trkpt lat="42.42799" lon="2.5551">
        <ele>761.20294189453</ele>
        <time>2016-11-03T16:48:42Z</time>
      </trkpt>
      <trkpt lat="42.42814" lon="2.55488">
        <ele>759.48791503906</ele>
        <time>2016-11-03T16:48:50Z</time>
      </trkpt>
      <trkpt lat="42.42827" lon="2.55461">
        <ele>759.17333984375</ele>
        <time>2016-11-03T16:48:56Z</time>
      </trkpt>
      <trkpt lat="42.42835" lon="2.55439">
        <ele>758.64440917969</ele>
        <time>2016-11-03T16:49:02Z</time>
      </trkpt>
      <trkpt lat="42.42836" lon="2.55429">
        <ele>759.40417480469</ele>
        <time>2016-11-03T16:49:07Z</time>
      </trkpt>
      <trkpt lat="42.42836" lon="2.55401">
        <ele>763.00360107422</ele>
        <time>2016-11-03T16:49:09Z</time>
      </trkpt>
      <trkpt lat="42.42838" lon="2.55374">
        <ele>765.74359130859</ele>
        <time>2016-11-03T16:49:15Z</time>
      </trkpt>
      <trkpt lat="42.42844" lon="2.55359">
        <ele>765.93096923828</ele>
        <time>2016-11-03T16:49:20Z</time>
      </trkpt>
      <trkpt lat="42.42855" lon="2.55349">
        <ele>763.15155029297</ele>
        <time>2016-11-03T16:49:23Z</time>
      </trkpt>
      <trkpt lat="42.42879" lon="2.5534">
        <ele>756.14398193359</ele>
        <time>2016-11-03T16:49:27Z</time>
      </trkpt>
      <trkpt lat="42.42885" lon="2.55336">
        <ele>755.626953125</ele>
        <time>2016-11-03T16:49:34Z</time>
      </trkpt>
      <trkpt lat="42.42892" lon="2.55325">
        <ele>756.30316162109</ele>
        <time>2016-11-03T16:49:36Z</time>
      </trkpt>
      <trkpt lat="42.42895" lon="2.55307">
        <ele>756.49346923828</ele>
        <time>2016-11-03T16:49:39Z</time>
      </trkpt>
      <trkpt lat="42.42894" lon="2.55284">
        <ele>754.85369873047</ele>
        <time>2016-11-03T16:49:43Z</time>
      </trkpt>
      <trkpt lat="42.42891" lon="2.5525">
        <ele>756.13403320312</ele>
        <time>2016-11-03T16:49:48Z</time>
      </trkpt>
      <trkpt lat="42.42881" lon="2.55196">
        <ele>768.48626708984</ele>
        <time>2016-11-03T16:49:55Z</time>
      </trkpt>
      <trkpt lat="42.42875" lon="2.55135">
        <ele>770.25396728516</ele>
        <time>2016-11-03T16:50:06Z</time>
      </trkpt>
      <trkpt lat="42.42875" lon="2.55121">
        <ele>771.71069335938</ele>
        <time>2016-11-03T16:50:18Z</time>
      </trkpt>
      <trkpt lat="42.42888" lon="2.551">
        <ele>772.07183837891</ele>
        <time>2016-11-03T16:50:21Z</time>
      </trkpt>
      <trkpt lat="42.42911" lon="2.55069">
        <ele>759.63781738281</ele>
        <time>2016-11-03T16:50:26Z</time>
      </trkpt>
      <trkpt lat="42.42914" lon="2.55054">
        <ele>759.94073486328</ele>
        <time>2016-11-03T16:50:35Z</time>
      </trkpt>
      <trkpt lat="42.42914" lon="2.55039">
        <ele>760.49395751953</ele>
        <time>2016-11-03T16:50:38Z</time>
      </trkpt>
      <trkpt lat="42.42896" lon="2.55021">
        <ele>764.88067626953</ele>
        <time>2016-11-03T16:50:41Z</time>
      </trkpt>
      <trkpt lat="42.42893" lon="2.55012">
        <ele>765.1884765625</ele>
        <time>2016-11-03T16:50:47Z</time>
      </trkpt>
      <trkpt lat="42.42893" lon="2.55001">
        <ele>766.37866210938</ele>
        <time>2016-11-03T16:50:49Z</time>
      </trkpt>
      <trkpt lat="42.42904" lon="2.54971">
        <ele>765.98937988281</ele>
        <time>2016-11-03T16:50:51Z</time>
      </trkpt>
      <trkpt lat="42.42905" lon="2.54948">
        <ele>766.02435302734</ele>
        <time>2016-11-03T16:50:58Z</time>
      </trkpt>
      <trkpt lat="42.42894" lon="2.54888">
        <ele>768.42498779297</ele>
        <time>2016-11-03T16:51:03Z</time>
      </trkpt>
      <trkpt lat="42.42893" lon="2.5487">
        <ele>769.17785644531</ele>
        <time>2016-11-03T16:51:15Z</time>
      </trkpt>
      <trkpt lat="42.42895" lon="2.54852">
        <ele>769.08020019531</ele>
        <time>2016-11-03T16:51:19Z</time>
      </trkpt>
      <trkpt lat="42.42913" lon="2.5478">
        <ele>763.89300537109</ele>
        <time>2016-11-03T16:51:23Z</time>
      </trkpt>
      <trkpt lat="42.42916" lon="2.54752">
        <ele>765.22430419922</ele>
        <time>2016-11-03T16:51:38Z</time>
      </trkpt>
      <trkpt lat="42.42916" lon="2.54733">
        <ele>766.55792236328</ele>
        <time>2016-11-03T16:51:44Z</time>
      </trkpt>
      <trkpt lat="42.4292" lon="2.54716">
        <ele>769.14758300781</ele>
        <time>2016-11-03T16:51:48Z</time>
      </trkpt>
      <trkpt lat="42.42943" lon="2.54654">
        <ele>766.65899658203</ele>
        <time>2016-11-03T16:51:52Z</time>
      </trkpt>
      <trkpt lat="42.4295" lon="2.54629">
        <ele>770.56524658203</ele>
        <time>2016-11-03T16:52:06Z</time>
      </trkpt>
      <trkpt lat="42.4298" lon="2.54591">
        <ele>768.22503662109</ele>
        <time>2016-11-03T16:52:11Z</time>
      </trkpt>
      <trkpt lat="42.42988" lon="2.54576">
        <ele>769.97607421875</ele>
        <time>2016-11-03T16:52:22Z</time>
      </trkpt>
      <trkpt lat="42.4299" lon="2.54531">
        <ele>779.73046875</ele>
        <time>2016-11-03T16:52:26Z</time>
      </trkpt>
      <trkpt lat="42.42994" lon="2.54507">
        <ele>781.57263183594</ele>
        <time>2016-11-03T16:52:35Z</time>
      </trkpt>
      <trkpt lat="42.43006" lon="2.5448">
        <ele>780.28228759766</ele>
        <time>2016-11-03T16:52:40Z</time>
      </trkpt>
      <trkpt lat="42.43029" lon="2.54451">
        <ele>778.32177734375</ele>
        <time>2016-11-03T16:52:46Z</time>
      </trkpt>
      <trkpt lat="42.43054" lon="2.54429">
        <ele>775.57403564453</ele>
        <time>2016-11-03T16:52:54Z</time>
      </trkpt>
      <trkpt lat="42.43104" lon="2.5439">
        <ele>768.79266357422</ele>
        <time>2016-11-03T16:53:02Z</time>
      </trkpt>
      <trkpt lat="42.43118" lon="2.54389">
        <ele>764.26049804688</ele>
        <time>2016-11-03T16:53:17Z</time>
      </trkpt>
      <trkpt lat="42.43125" lon="2.54392">
        <ele>765.67388916016</ele>
        <time>2016-11-03T16:53:21Z</time>
      </trkpt>
      <trkpt lat="42.43135" lon="2.54402">
        <ele>766.08392333984</ele>
        <time>2016-11-03T16:53:23Z</time>
      </trkpt>
      <trkpt lat="42.43141" lon="2.54417">
        <ele>764.25030517578</ele>
        <time>2016-11-03T16:53:26Z</time>
      </trkpt>
      <trkpt lat="42.43141" lon="2.54425">
        <ele>763.65692138672</ele>
        <time>2016-11-03T16:53:29Z</time>
      </trkpt>
      <trkpt lat="42.43135" lon="2.54449">
        <ele>763.82977294922</ele>
        <time>2016-11-03T16:53:31Z</time>
      </trkpt>
      <trkpt lat="42.43104" lon="2.5452">
        <ele>766.86383056641</ele>
        <time>2016-11-03T16:53:36Z</time>
      </trkpt>
      <trkpt lat="42.43083" lon="2.5459">
        <ele>768.93786621094</ele>
        <time>2016-11-03T16:53:52Z</time>
      </trkpt>
      <trkpt lat="42.43068" lon="2.54647">
        <ele>773.80407714844</ele>
        <time>2016-11-03T16:54:07Z</time>
      </trkpt>
      <trkpt lat="42.43055" lon="2.54671">
        <ele>775.33026123047</ele>
        <time>2016-11-03T16:54:19Z</time>
      </trkpt>
      <trkpt lat="42.43046" lon="2.54694">
        <ele>776.05834960938</ele>
        <time>2016-11-03T16:54:25Z</time>
      </trkpt>
      <trkpt lat="42.43038" lon="2.54762">
        <ele>777.00854492188</ele>
        <time>2016-11-03T16:54:30Z</time>
      </trkpt>
      <trkpt lat="42.43029" lon="2.54811">
        <ele>776.68530273438</ele>
        <time>2016-11-03T16:54:44Z</time>
      </trkpt>
      <trkpt lat="42.43031" lon="2.54829">
        <ele>776.50415039062</ele>
        <time>2016-11-03T16:54:54Z</time>
      </trkpt>
      <trkpt lat="42.4304" lon="2.54845">
        <ele>779.55499267578</ele>
        <time>2016-11-03T16:54:58Z</time>
      </trkpt>
      <trkpt lat="42.43055" lon="2.54857">
        <ele>782.55206298828</ele>
        <time>2016-11-03T16:55:02Z</time>
      </trkpt>
      <trkpt lat="42.4308" lon="2.54866">
        <ele>783.89202880859</ele>
        <time>2016-11-03T16:55:07Z</time>
      </trkpt>
      <trkpt lat="42.43117" lon="2.54875">
        <ele>788.21466064453</ele>
        <time>2016-11-03T16:55:14Z</time>
      </trkpt>
      <trkpt lat="42.43146" lon="2.54882">
        <ele>786.34429931641</ele>
        <time>2016-11-03T16:55:24Z</time>
      </trkpt>
      <trkpt lat="42.43153" lon="2.54889">
        <ele>784.49865722656</ele>
        <time>2016-11-03T16:55:32Z</time>
      </trkpt>
      <trkpt lat="42.43156" lon="2.54904">
        <ele>784.93560791016</ele>
        <time>2016-11-03T16:55:34Z</time>
      </trkpt>
      <trkpt lat="42.43147" lon="2.54928">
        <ele>783.75421142578</ele>
        <time>2016-11-03T16:55:37Z</time>
      </trkpt>
      <trkpt lat="42.4314" lon="2.5495">
        <ele>783.576171875</ele>
        <time>2016-11-03T16:55:42Z</time>
      </trkpt>
      <trkpt lat="42.43136" lon="2.54972">
        <ele>783.63372802734</ele>
        <time>2016-11-03T16:55:47Z</time>
      </trkpt>
      <trkpt lat="42.43137" lon="2.54986">
        <ele>784.87701416016</ele>
        <time>2016-11-03T16:55:51Z</time>
      </trkpt>
      <trkpt lat="42.43143" lon="2.54996">
        <ele>785.96472167969</ele>
        <time>2016-11-03T16:55:54Z</time>
      </trkpt>
      <trkpt lat="42.43152" lon="2.55">
        <ele>786.37518310547</ele>
        <time>2016-11-03T16:55:57Z</time>
      </trkpt>
      <trkpt lat="42.43164" lon="2.54999">
        <ele>787.07037353516</ele>
        <time>2016-11-03T16:56:00Z</time>
      </trkpt>
      <trkpt lat="42.4319" lon="2.54993">
        <ele>787.80773925781</ele>
        <time>2016-11-03T16:56:03Z</time>
      </trkpt>
      <trkpt lat="42.43219" lon="2.54981">
        <ele>790.22583007812</ele>
        <time>2016-11-03T16:56:10Z</time>
      </trkpt>
      <trkpt lat="42.43268" lon="2.5496">
        <ele>792.45526123047</ele>
        <time>2016-11-03T16:56:18Z</time>
      </trkpt>
      <trkpt lat="42.43293" lon="2.54953">
        <ele>795.89788818359</ele>
        <time>2016-11-03T16:56:32Z</time>
      </trkpt>
      <trkpt lat="42.43311" lon="2.54951">
        <ele>797.17102050781</ele>
        <time>2016-11-03T16:56:39Z</time>
      </trkpt>
      <trkpt lat="42.43342" lon="2.54947">
        <ele>801.11053466797</ele>
        <time>2016-11-03T16:56:44Z</time>
      </trkpt>
      <trkpt lat="42.43354" lon="2.54946">
        <ele>799.40124511719</ele>
        <time>2016-11-03T16:56:52Z</time>
      </trkpt>
      <trkpt lat="42.43362" lon="2.5495">
        <ele>796.70776367188</ele>
        <time>2016-11-03T16:56:55Z</time>
      </trkpt>
      <trkpt lat="42.43366" lon="2.54966">
        <ele>792.32379150391</ele>
        <time>2016-11-03T16:56:57Z</time>
      </trkpt>
      <trkpt lat="42.43363" lon="2.54977">
        <ele>793.68591308594</ele>
        <time>2016-11-03T16:57:00Z</time>
      </trkpt>
      <trkpt lat="42.43338" lon="2.5501">
        <ele>790.99676513672</ele>
        <time>2016-11-03T16:57:02Z</time>
      </trkpt>
      <trkpt lat="42.43327" lon="2.55023">
        <ele>789.70794677734</ele>
        <time>2016-11-03T16:57:11Z</time>
      </trkpt>
      <trkpt lat="42.43318" lon="2.5504">
        <ele>789.22534179688</ele>
        <time>2016-11-03T16:57:15Z</time>
      </trkpt>
      <trkpt lat="42.43306" lon="2.55063">
        <ele>787.60461425781</ele>
        <time>2016-11-03T16:57:19Z</time>
      </trkpt>
      <trkpt lat="42.43299" lon="2.55085">
        <ele>788.23980712891</ele>
        <time>2016-11-03T16:57:25Z</time>
      </trkpt>
      <trkpt lat="42.43299" lon="2.55106">
        <ele>789.93139648438</ele>
        <time>2016-11-03T16:57:30Z</time>
      </trkpt>
      <trkpt lat="42.43307" lon="2.55126">
        <ele>792.677734375</ele>
        <time>2016-11-03T16:57:34Z</time>
      </trkpt>
      <trkpt lat="42.43319" lon="2.55145">
        <ele>792.37530517578</ele>
        <time>2016-11-03T16:57:38Z</time>
      </trkpt>
      <trkpt lat="42.43341" lon="2.55172">
        <ele>796.28399658203</ele>
        <time>2016-11-03T16:57:43Z</time>
      </trkpt>
      <trkpt lat="42.43354" lon="2.55179">
        <ele>797.39654541016</ele>
        <time>2016-11-03T16:57:51Z</time>
      </trkpt>
      <trkpt lat="42.43367" lon="2.55181">
        <ele>799.16937255859</ele>
        <time>2016-11-03T16:57:55Z</time>
      </trkpt>
      <trkpt lat="42.4338" lon="2.55181">
        <ele>800.53619384766</ele>
        <time>2016-11-03T16:57:58Z</time>
      </trkpt>
      <trkpt lat="42.43416" lon="2.55177">
        <ele>800.58947753906</ele>
        <time>2016-11-03T16:58:01Z</time>
      </trkpt>
      <trkpt lat="42.43427" lon="2.55178">
        <ele>800.93951416016</ele>
        <time>2016-11-03T16:58:11Z</time>
      </trkpt>
      <trkpt lat="42.43438" lon="2.55187">
        <ele>797.76135253906</ele>
        <time>2016-11-03T16:58:14Z</time>
      </trkpt>
      <trkpt lat="42.43457" lon="2.55201">
        <ele>801.25500488281</ele>
        <time>2016-11-03T16:58:17Z</time>
      </trkpt>
      <trkpt lat="42.43471" lon="2.55207">
        <ele>802.51867675781</ele>
        <time>2016-11-03T16:58:23Z</time>
      </trkpt>
      <trkpt lat="42.43491" lon="2.55207">
        <ele>804.57489013672</ele>
        <time>2016-11-03T16:58:27Z</time>
      </trkpt>
      <trkpt lat="42.43502" lon="2.55211">
        <ele>802.82214355469</ele>
        <time>2016-11-03T16:58:32Z</time>
      </trkpt>
      <trkpt lat="42.43506" lon="2.55219">
        <ele>796.86920166016</ele>
        <time>2016-11-03T16:58:35Z</time>
      </trkpt>
      <trkpt lat="42.43506" lon="2.55234">
        <ele>795.72863769531</ele>
        <time>2016-11-03T16:58:37Z</time>
      </trkpt>
      <trkpt lat="42.43499" lon="2.55247">
        <ele>797.28979492188</ele>
        <time>2016-11-03T16:58:40Z</time>
      </trkpt>
      <trkpt lat="42.43486" lon="2.55257">
        <ele>802.83361816406</ele>
        <time>2016-11-03T16:58:43Z</time>
      </trkpt>
      <trkpt lat="42.4338" lon="2.55319">
        <ele>796.02484130859</ele>
        <time>2016-11-03T16:58:47Z</time>
      </trkpt>
      <trkpt lat="42.4337" lon="2.55326">
        <ele>794.61975097656</ele>
        <time>2016-11-03T16:59:18Z</time>
      </trkpt>
      <trkpt lat="42.43366" lon="2.55333">
        <ele>794.42199707031</ele>
        <time>2016-11-03T16:59:21Z</time>
      </trkpt>
      <trkpt lat="42.43362" lon="2.55354">
        <ele>796.30151367188</ele>
        <time>2016-11-03T16:59:23Z</time>
      </trkpt>
      <trkpt lat="42.43364" lon="2.5537">
        <ele>798.88525390625</ele>
        <time>2016-11-03T16:59:27Z</time>
      </trkpt>
      <trkpt lat="42.43372" lon="2.55396">
        <ele>801.16131591797</ele>
        <time>2016-11-03T16:59:30Z</time>
      </trkpt>
      <trkpt lat="42.43371" lon="2.55403">
        <ele>801.38531494141</ele>
        <time>2016-11-03T16:59:36Z</time>
      </trkpt>
      <trkpt lat="42.43367" lon="2.55408">
        <ele>801.63861083984</ele>
        <time>2016-11-03T16:59:37Z</time>
      </trkpt>
      <trkpt lat="42.43359" lon="2.55408">
        <ele>801.95349121094</ele>
        <time>2016-11-03T16:59:38Z</time>
      </trkpt>
      <trkpt lat="42.4334" lon="2.55403">
        <ele>800.90380859375</ele>
        <time>2016-11-03T16:59:40Z</time>
      </trkpt>
      <trkpt lat="42.43329" lon="2.55404">
        <ele>801.4951171875</ele>
        <time>2016-11-03T16:59:45Z</time>
      </trkpt>
      <trkpt lat="42.43317" lon="2.55408">
        <ele>801.93664550781</ele>
        <time>2016-11-03T16:59:48Z</time>
      </trkpt>
      <trkpt lat="42.43302" lon="2.5541">
        <ele>802.33538818359</ele>
        <time>2016-11-03T16:59:51Z</time>
      </trkpt>
      <trkpt lat="42.43271" lon="2.55403">
        <ele>803.67779541016</ele>
        <time>2016-11-03T16:59:55Z</time>
      </trkpt>
      <trkpt lat="42.43204" lon="2.55382">
        <ele>799.77673339844</ele>
        <time>2016-11-03T17:00:03Z</time>
      </trkpt>
      <trkpt lat="42.43197" lon="2.55382">
        <ele>799.83325195312</ele>
        <time>2016-11-03T17:00:21Z</time>
      </trkpt>
      <trkpt lat="42.43189" lon="2.55386">
        <ele>800.08483886719</ele>
        <time>2016-11-03T17:00:23Z</time>
      </trkpt>
      <trkpt lat="42.43183" lon="2.55393">
        <ele>800.27099609375</ele>
        <time>2016-11-03T17:00:25Z</time>
      </trkpt>
      <trkpt lat="42.43173" lon="2.5541">
        <ele>799.70104980469</ele>
        <time>2016-11-03T17:00:27Z</time>
      </trkpt>
      <trkpt lat="42.43156" lon="2.55481">
        <ele>799.93695068359</ele>
        <time>2016-11-03T17:00:31Z</time>
      </trkpt>
      <trkpt lat="42.43142" lon="2.55529">
        <ele>796.83544921875</ele>
        <time>2016-11-03T17:00:46Z</time>
      </trkpt>
      <trkpt lat="42.4314" lon="2.55545">
        <ele>794.22534179688</ele>
        <time>2016-11-03T17:00:56Z</time>
      </trkpt>
      <trkpt lat="42.43144" lon="2.55558">
        <ele>793.47827148438</ele>
        <time>2016-11-03T17:00:59Z</time>
      </trkpt>
      <trkpt lat="42.43149" lon="2.55564">
        <ele>793.91583251953</ele>
        <time>2016-11-03T17:01:02Z</time>
      </trkpt>
      <trkpt lat="42.43157" lon="2.55569">
        <ele>795.21026611328</ele>
        <time>2016-11-03T17:01:04Z</time>
      </trkpt>
      <trkpt lat="42.43166" lon="2.55573">
        <ele>796.90161132812</ele>
        <time>2016-11-03T17:01:06Z</time>
      </trkpt>
      <trkpt lat="42.43176" lon="2.55573">
        <ele>799.25793457031</ele>
        <time>2016-11-03T17:01:09Z</time>
      </trkpt>
      <trkpt lat="42.43185" lon="2.55576">
        <ele>801.28344726562</ele>
        <time>2016-11-03T17:01:12Z</time>
      </trkpt>
      <trkpt lat="42.43196" lon="2.55583">
        <ele>803.81610107422</ele>
        <time>2016-11-03T17:01:14Z</time>
      </trkpt>
      <trkpt lat="42.43209" lon="2.55595">
        <ele>807.06976318359</ele>
        <time>2016-11-03T17:01:17Z</time>
      </trkpt>
      <trkpt lat="42.43223" lon="2.55613">
        <ele>810.1787109375</ele>
        <time>2016-11-03T17:01:21Z</time>
      </trkpt>
      <trkpt lat="42.4323" lon="2.55627">
        <ele>811.70526123047</ele>
        <time>2016-11-03T17:01:26Z</time>
      </trkpt>
      <trkpt lat="42.43232" lon="2.55638">
        <ele>810.81652832031</ele>
        <time>2016-11-03T17:01:29Z</time>
      </trkpt>
      <trkpt lat="42.43232" lon="2.5566">
        <ele>811.17559814453</ele>
        <time>2016-11-03T17:01:31Z</time>
      </trkpt>
      <trkpt lat="42.43228" lon="2.55676">
        <ele>811.63995361328</ele>
        <time>2016-11-03T17:01:35Z</time>
      </trkpt>
      <trkpt lat="42.43194" lon="2.5577">
        <ele>814.62872314453</ele>
        <time>2016-11-03T17:01:38Z</time>
      </trkpt>
      <trkpt lat="42.43181" lon="2.55804">
        <ele>814.78454589844</ele>
        <time>2016-11-03T17:01:59Z</time>
      </trkpt>
      <trkpt lat="42.43164" lon="2.55831">
        <ele>816.51605224609</ele>
        <time>2016-11-03T17:02:07Z</time>
      </trkpt>
      <trkpt lat="42.43136" lon="2.55859">
        <ele>818.31115722656</ele>
        <time>2016-11-03T17:02:14Z</time>
      </trkpt>
      <trkpt lat="42.43128" lon="2.55869">
        <ele>817.54821777344</ele>
        <time>2016-11-03T17:02:23Z</time>
      </trkpt>
      <trkpt lat="42.43125" lon="2.55878">
        <ele>816.96166992188</ele>
        <time>2016-11-03T17:02:26Z</time>
      </trkpt>
      <trkpt lat="42.43126" lon="2.55888">
        <ele>817.47778320312</ele>
        <time>2016-11-03T17:02:28Z</time>
      </trkpt>
      <trkpt lat="42.4313" lon="2.55901">
        <ele>818.02703857422</ele>
        <time>2016-11-03T17:02:30Z</time>
      </trkpt>
      <trkpt lat="42.43161" lon="2.55971">
        <ele>820.46417236328</ele>
        <time>2016-11-03T17:02:33Z</time>
      </trkpt>
      <trkpt lat="42.43178" lon="2.56016">
        <ele>820.42791748047</ele>
        <time>2016-11-03T17:02:49Z</time>
      </trkpt>
      <trkpt lat="42.43191" lon="2.56045">
        <ele>820.41900634766</ele>
        <time>2016-11-03T17:02:59Z</time>
      </trkpt>
      <trkpt lat="42.43222" lon="2.56095">
        <ele>823.38787841797</ele>
        <time>2016-11-03T17:03:06Z</time>
      </trkpt>
      <trkpt lat="42.43248" lon="2.56134">
        <ele>825.56915283203</ele>
        <time>2016-11-03T17:03:19Z</time>
      </trkpt>
      <trkpt lat="42.4326" lon="2.56141">
        <ele>825.73614501953</ele>
        <time>2016-11-03T17:03:29Z</time>
      </trkpt>
      <trkpt lat="42.43278" lon="2.56142">
        <ele>824.46911621094</ele>
        <time>2016-11-03T17:03:32Z</time>
      </trkpt>
      <trkpt lat="42.43299" lon="2.56136">
        <ele>825.45513916016</ele>
        <time>2016-11-03T17:03:37Z</time>
      </trkpt>
      <trkpt lat="42.43311" lon="2.56132">
        <ele>826.46527099609</ele>
        <time>2016-11-03T17:03:43Z</time>
      </trkpt>
      <trkpt lat="42.43334" lon="2.56119">
        <ele>828.53131103516</ele>
        <time>2016-11-03T17:03:46Z</time>
      </trkpt>
      <trkpt lat="42.43346" lon="2.56116">
        <ele>829.73614501953</ele>
        <time>2016-11-03T17:03:53Z</time>
      </trkpt>
      <trkpt lat="42.43366" lon="2.56118">
        <ele>828.62963867188</ele>
        <time>2016-11-03T17:03:56Z</time>
      </trkpt>
      <trkpt lat="42.43386" lon="2.56122">
        <ele>826.53570556641</ele>
        <time>2016-11-03T17:04:01Z</time>
      </trkpt>
      <trkpt lat="42.43395" lon="2.5612">
        <ele>826.77905273438</ele>
        <time>2016-11-03T17:04:06Z</time>
      </trkpt>
      <trkpt lat="42.43401" lon="2.56116">
        <ele>827.47064208984</ele>
        <time>2016-11-03T17:04:08Z</time>
      </trkpt>
      <trkpt lat="42.4341" lon="2.56115">
        <ele>826.77410888672</ele>
        <time>2016-11-03T17:04:10Z</time>
      </trkpt>
      <trkpt lat="42.43421" lon="2.56118">
        <ele>827.51983642578</ele>
        <time>2016-11-03T17:04:12Z</time>
      </trkpt>
      <trkpt lat="42.43446" lon="2.56136">
        <ele>829.75036621094</ele>
        <time>2016-11-03T17:04:15Z</time>
      </trkpt>
      <trkpt lat="42.43456" lon="2.56153">
        <ele>826.33111572266</ele>
        <time>2016-11-03T17:04:23Z</time>
      </trkpt>
      <trkpt lat="42.43461" lon="2.56169">
        <ele>826.99633789062</ele>
        <time>2016-11-03T17:04:27Z</time>
      </trkpt>
      <trkpt lat="42.43465" lon="2.56199">
        <ele>826.11840820312</ele>
        <time>2016-11-03T17:04:30Z</time>
      </trkpt>
      <trkpt lat="42.4347" lon="2.56224">
        <ele>825.66180419922</ele>
        <time>2016-11-03T17:04:36Z</time>
      </trkpt>
      <trkpt lat="42.43472" lon="2.56257">
        <ele>825.96221923828</ele>
        <time>2016-11-03T17:04:41Z</time>
      </trkpt>
      <trkpt lat="42.43471" lon="2.56292">
        <ele>824.78405761719</ele>
        <time>2016-11-03T17:04:48Z</time>
      </trkpt>
      <trkpt lat="42.43466" lon="2.56313">
        <ele>824.36456298828</ele>
        <time>2016-11-03T17:04:55Z</time>
      </trkpt>
      <trkpt lat="42.43453" lon="2.56343">
        <ele>823.48492431641</ele>
        <time>2016-11-03T17:04:59Z</time>
      </trkpt>
      <trkpt lat="42.43448" lon="2.56356">
        <ele>822.37213134766</ele>
        <time>2016-11-03T17:05:06Z</time>
      </trkpt>
      <trkpt lat="42.43447" lon="2.5637">
        <ele>822.5341796875</ele>
        <time>2016-11-03T17:05:09Z</time>
      </trkpt>
      <trkpt lat="42.43452" lon="2.564">
        <ele>822.46704101562</ele>
        <time>2016-11-03T17:05:12Z</time>
      </trkpt>
      <trkpt lat="42.43462" lon="2.56427">
        <ele>824.1611328125</ele>
        <time>2016-11-03T17:05:18Z</time>
      </trkpt>
      <trkpt lat="42.43468" lon="2.56442">
        <ele>825.01843261719</ele>
        <time>2016-11-03T17:05:24Z</time>
      </trkpt>
      <trkpt lat="42.4347" lon="2.56462">
        <ele>825.41595458984</ele>
        <time>2016-11-03T17:05:27Z</time>
      </trkpt>
      <trkpt lat="42.43456" lon="2.56513">
        <ele>820.56695556641</ele>
        <time>2016-11-03T17:05:31Z</time>
      </trkpt>
      <trkpt lat="42.43456" lon="2.56541">
        <ele>817.56976318359</ele>
        <time>2016-11-03T17:05:42Z</time>
      </trkpt>
      <trkpt lat="42.43464" lon="2.56568">
        <ele>816.56365966797</ele>
        <time>2016-11-03T17:05:48Z</time>
      </trkpt>
      <trkpt lat="42.43479" lon="2.56603">
        <ele>816.94213867188</ele>
        <time>2016-11-03T17:05:54Z</time>
      </trkpt>
      <trkpt lat="42.43495" lon="2.56615">
        <ele>820.30926513672</ele>
        <time>2016-11-03T17:06:02Z</time>
      </trkpt>
      <trkpt lat="42.43514" lon="2.56626">
        <ele>823.61395263672</ele>
        <time>2016-11-03T17:06:07Z</time>
      </trkpt>
      <trkpt lat="42.43542" lon="2.56662">
        <ele>821.82397460938</ele>
        <time>2016-11-03T17:06:13Z</time>
      </trkpt>
      <trkpt lat="42.43551" lon="2.56668">
        <ele>821.95520019531</ele>
        <time>2016-11-03T17:06:23Z</time>
      </trkpt>
      <trkpt lat="42.43563" lon="2.5667">
        <ele>822.08856201172</ele>
        <time>2016-11-03T17:06:26Z</time>
      </trkpt>
      <trkpt lat="42.43578" lon="2.56668">
        <ele>822.44598388672</ele>
        <time>2016-11-03T17:06:29Z</time>
      </trkpt>
      <trkpt lat="42.4359" lon="2.56668">
        <ele>820.7646484375</ele>
        <time>2016-11-03T17:06:33Z</time>
      </trkpt>
      <trkpt lat="42.43607" lon="2.56672">
        <ele>819.98474121094</ele>
        <time>2016-11-03T17:06:36Z</time>
      </trkpt>
      <trkpt lat="42.43626" lon="2.56676">
        <ele>819.36364746094</ele>
        <time>2016-11-03T17:06:41Z</time>
      </trkpt>
      <trkpt lat="42.43642" lon="2.56683">
        <ele>818.27801513672</ele>
        <time>2016-11-03T17:06:46Z</time>
      </trkpt>
      <trkpt lat="42.43653" lon="2.56691">
        <ele>815.68377685547</ele>
        <time>2016-11-03T17:06:50Z</time>
      </trkpt>
      <trkpt lat="42.43659" lon="2.56698">
        <ele>814.10797119141</ele>
        <time>2016-11-03T17:06:53Z</time>
      </trkpt>
      <trkpt lat="42.43669" lon="2.56713">
        <ele>811.38708496094</ele>
        <time>2016-11-03T17:06:55Z</time>
      </trkpt>
      <trkpt lat="42.43683" lon="2.56723">
        <ele>810.13684082031</ele>
        <time>2016-11-03T17:06:59Z</time>
      </trkpt>
      <trkpt lat="42.43686" lon="2.56723">
        <ele>810.23577880859</ele>
        <time>2016-11-03T17:07:03Z</time>
      </trkpt>
      <trkpt lat="42.43686" lon="2.56723">
        <ele>810.23577880859</ele>
        <time>2016-11-03T17:07:04Z</time>
      </trkpt>
      <trkpt lat="42.43707" lon="2.5673">
        <ele>806.57781982422</ele>
        <time>2016-11-03T17:07:04Z</time>
      </trkpt>
      <trkpt lat="42.43767" lon="2.56728">
        <ele>804.31774902344</ele>
        <time>2016-11-03T17:07:10Z</time>
      </trkpt>
      <trkpt lat="42.43804" lon="2.56725">
        <ele>801.83819580078</ele>
        <time>2016-11-03T17:07:26Z</time>
      </trkpt>
      <trkpt lat="42.43807" lon="2.5672">
        <ele>802.58898925781</ele>
        <time>2016-11-03T17:07:36Z</time>
      </trkpt>
      <trkpt lat="42.43817" lon="2.56712">
        <ele>802.82116699219</ele>
        <time>2016-11-03T17:07:37Z</time>
      </trkpt>
      <trkpt lat="42.4384" lon="2.56702">
        <ele>801.31079101562</ele>
        <time>2016-11-03T17:07:40Z</time>
      </trkpt>
      <trkpt lat="42.43867" lon="2.567">
        <ele>802.37896728516</ele>
        <time>2016-11-03T17:07:46Z</time>
      </trkpt>
      <trkpt lat="42.43907" lon="2.567">
        <ele>798.73937988281</ele>
        <time>2016-11-03T17:07:53Z</time>
      </trkpt>
      <trkpt lat="42.43917" lon="2.56702">
        <ele>798.29486083984</ele>
        <time>2016-11-03T17:08:04Z</time>
      </trkpt>
      <trkpt lat="42.43931" lon="2.5671">
        <ele>798.37274169922</ele>
        <time>2016-11-03T17:08:07Z</time>
      </trkpt>
      <trkpt lat="42.4394" lon="2.56719">
        <ele>797.65551757812</ele>
        <time>2016-11-03T17:08:11Z</time>
      </trkpt>
      <trkpt lat="42.43948" lon="2.56721">
        <ele>797.10607910156</ele>
        <time>2016-11-03T17:08:14Z</time>
      </trkpt>
      <trkpt lat="42.43977" lon="2.56717">
        <ele>797.47369384766</ele>
        <time>2016-11-03T17:08:16Z</time>
      </trkpt>
      <trkpt lat="42.44036" lon="2.56708">
        <ele>798.0712890625</ele>
        <time>2016-11-03T17:08:24Z</time>
      </trkpt>
      <trkpt lat="42.44068" lon="2.56711">
        <ele>800.94775390625</ele>
        <time>2016-11-03T17:08:40Z</time>
      </trkpt>
      <trkpt lat="42.44086" lon="2.5671">
        <ele>797.20697021484</ele>
        <time>2016-11-03T17:08:49Z</time>
      </trkpt>
      <trkpt lat="42.44101" lon="2.56707">
        <ele>796.37554931641</ele>
        <time>2016-11-03T17:08:54Z</time>
      </trkpt>
      <trkpt lat="42.44113" lon="2.56703">
        <ele>794.47247314453</ele>
        <time>2016-11-03T17:08:58Z</time>
      </trkpt>
      <trkpt lat="42.44124" lon="2.56696">
        <ele>793.11364746094</ele>
        <time>2016-11-03T17:09:01Z</time>
      </trkpt>
      <trkpt lat="42.44132" lon="2.56689">
        <ele>793.8408203125</ele>
        <time>2016-11-03T17:09:04Z</time>
      </trkpt>
      <trkpt lat="42.44141" lon="2.56688">
        <ele>793.62628173828</ele>
        <time>2016-11-03T17:09:07Z</time>
      </trkpt>
      <trkpt lat="42.44152" lon="2.56694">
        <ele>793.95593261719</ele>
        <time>2016-11-03T17:09:09Z</time>
      </trkpt>
      <trkpt lat="42.44166" lon="2.56705">
        <ele>795.68182373047</ele>
        <time>2016-11-03T17:09:12Z</time>
      </trkpt>
      <trkpt lat="42.44169" lon="2.56714">
        <ele>795.02276611328</ele>
        <time>2016-11-03T17:09:16Z</time>
      </trkpt>
      <trkpt lat="42.44168" lon="2.56726">
        <ele>794.07611083984</ele>
        <time>2016-11-03T17:09:18Z</time>
      </trkpt>
      <trkpt lat="42.44159" lon="2.56763">
        <ele>789.49810791016</ele>
        <time>2016-11-03T17:09:20Z</time>
      </trkpt>
      <trkpt lat="42.44158" lon="2.56794">
        <ele>787.41577148438</ele>
        <time>2016-11-03T17:09:28Z</time>
      </trkpt>
      <trkpt lat="42.44167" lon="2.56834">
        <ele>787.2431640625</ele>
        <time>2016-11-03T17:09:34Z</time>
      </trkpt>
      <trkpt lat="42.44167" lon="2.56845">
        <ele>785.59014892578</ele>
        <time>2016-11-03T17:09:42Z</time>
      </trkpt>
      <trkpt lat="42.44166" lon="2.56855">
        <ele>785.10467529297</ele>
        <time>2016-11-03T17:09:44Z</time>
      </trkpt>
      <trkpt lat="42.4414" lon="2.56903">
        <ele>785.39782714844</ele>
        <time>2016-11-03T17:09:46Z</time>
      </trkpt>
      <trkpt lat="42.44129" lon="2.56935">
        <ele>785.376953125</ele>
        <time>2016-11-03T17:09:58Z</time>
      </trkpt>
      <trkpt lat="42.44126" lon="2.56971">
        <ele>788.67846679688</ele>
        <time>2016-11-03T17:10:05Z</time>
      </trkpt>
      <trkpt lat="42.44125" lon="2.56986">
        <ele>788.45404052734</ele>
        <time>2016-11-03T17:10:12Z</time>
      </trkpt>
      <trkpt lat="42.44128" lon="2.57016">
        <ele>788.390625</ele>
        <time>2016-11-03T17:10:15Z</time>
      </trkpt>
      <trkpt lat="42.44144" lon="2.57163">
        <ele>793.47216796875</ele>
        <time>2016-11-03T17:10:21Z</time>
      </trkpt>
      <trkpt lat="42.44157" lon="2.57266">
        <ele>790.36572265625</ele>
        <time>2016-11-03T17:10:50Z</time>
      </trkpt>
      <trkpt lat="42.44163" lon="2.57279">
        <ele>790.73547363281</ele>
        <time>2016-11-03T17:11:11Z</time>
      </trkpt>
      <trkpt lat="42.44168" lon="2.57284">
        <ele>791.77056884766</ele>
        <time>2016-11-03T17:11:14Z</time>
      </trkpt>
      <trkpt lat="42.44184" lon="2.57292">
        <ele>795.91687011719</ele>
        <time>2016-11-03T17:11:16Z</time>
      </trkpt>
      <trkpt lat="42.44209" lon="2.57298">
        <ele>801.59710693359</ele>
        <time>2016-11-03T17:11:21Z</time>
      </trkpt>
      <trkpt lat="42.44216" lon="2.57302">
        <ele>800.87835693359</ele>
        <time>2016-11-03T17:11:28Z</time>
      </trkpt>
      <trkpt lat="42.44221" lon="2.57317">
        <ele>800.0830078125</ele>
        <time>2016-11-03T17:11:30Z</time>
      </trkpt>
      <trkpt lat="42.44218" lon="2.57337">
        <ele>800.701171875</ele>
        <time>2016-11-03T17:11:33Z</time>
      </trkpt>
      <trkpt lat="42.44218" lon="2.5737">
        <ele>802.41442871094</ele>
        <time>2016-11-03T17:11:37Z</time>
      </trkpt>
      <trkpt lat="42.44215" lon="2.57393">
        <ele>802.61877441406</ele>
        <time>2016-11-03T17:11:44Z</time>
      </trkpt>
      <trkpt lat="42.44208" lon="2.57409">
        <ele>802.94744873047</ele>
        <time>2016-11-03T17:11:49Z</time>
      </trkpt>
      <trkpt lat="42.44204" lon="2.57424">
        <ele>803.78637695312</ele>
        <time>2016-11-03T17:11:53Z</time>
      </trkpt>
      <trkpt lat="42.44186" lon="2.57461">
        <ele>805.68103027344</ele>
        <time>2016-11-03T17:11:56Z</time>
      </trkpt>
      <trkpt lat="42.44181" lon="2.57476">
        <ele>805.46197509766</ele>
        <time>2016-11-03T17:12:05Z</time>
      </trkpt>
      <trkpt lat="42.44177" lon="2.5751">
        <ele>806.55920410156</ele>
        <time>2016-11-03T17:12:08Z</time>
      </trkpt>
      <trkpt lat="42.44177" lon="2.57538">
        <ele>809.20080566406</ele>
        <time>2016-11-03T17:12:15Z</time>
      </trkpt>
      <trkpt lat="42.44176" lon="2.57551">
        <ele>810.73516845703</ele>
        <time>2016-11-03T17:12:21Z</time>
      </trkpt>
      <trkpt lat="42.4417" lon="2.57564">
        <ele>809.97119140625</ele>
        <time>2016-11-03T17:12:24Z</time>
      </trkpt>
      <trkpt lat="42.44153" lon="2.57604">
        <ele>807.06433105469</ele>
        <time>2016-11-03T17:12:27Z</time>
      </trkpt>
      <trkpt lat="42.4415" lon="2.57616">
        <ele>806.92272949219</ele>
        <time>2016-11-03T17:12:36Z</time>
      </trkpt>
      <trkpt lat="42.44149" lon="2.57628">
        <ele>807.53076171875</ele>
        <time>2016-11-03T17:12:38Z</time>
      </trkpt>
      <trkpt lat="42.44152" lon="2.57647">
        <ele>810.29174804688</ele>
        <time>2016-11-03T17:12:40Z</time>
      </trkpt>
      <trkpt lat="42.44174" lon="2.57727">
        <ele>816.63348388672</ele>
        <time>2016-11-03T17:12:44Z</time>
      </trkpt>
      <trkpt lat="42.44184" lon="2.57753">
        <ele>816.93182373047</ele>
        <time>2016-11-03T17:13:01Z</time>
      </trkpt>
      <trkpt lat="42.44194" lon="2.57769">
        <ele>816.79132080078</ele>
        <time>2016-11-03T17:13:07Z</time>
      </trkpt>
      <trkpt lat="42.44206" lon="2.57781">
        <ele>817.34777832031</ele>
        <time>2016-11-03T17:13:11Z</time>
      </trkpt>
      <trkpt lat="42.44232" lon="2.57792">
        <ele>820.31671142578</ele>
        <time>2016-11-03T17:13:15Z</time>
      </trkpt>
      <trkpt lat="42.44284" lon="2.57801">
        <ele>825.32824707031</ele>
        <time>2016-11-03T17:13:22Z</time>
      </trkpt>
      <trkpt lat="42.44307" lon="2.57807">
        <ele>828.02728271484</ele>
        <time>2016-11-03T17:13:36Z</time>
      </trkpt>
      <trkpt lat="42.44319" lon="2.57818">
        <ele>829.84826660156</ele>
        <time>2016-11-03T17:13:42Z</time>
      </trkpt>
      <trkpt lat="42.44351" lon="2.57837">
        <ele>828.48956298828</ele>
        <time>2016-11-03T17:13:46Z</time>
      </trkpt>
      <trkpt lat="42.44374" lon="2.57854">
        <ele>831.25146484375</ele>
        <time>2016-11-03T17:13:55Z</time>
      </trkpt>
      <trkpt lat="42.44393" lon="2.57868">
        <ele>831.29663085938</ele>
        <time>2016-11-03T17:14:02Z</time>
      </trkpt>
      <trkpt lat="42.44403" lon="2.57886">
        <ele>831.77935791016</ele>
        <time>2016-11-03T17:14:08Z</time>
      </trkpt>
      <trkpt lat="42.44424" lon="2.57911">
        <ele>834.96722412109</ele>
        <time>2016-11-03T17:14:12Z</time>
      </trkpt>
      <trkpt lat="42.44456" lon="2.57935">
        <ele>837.39617919922</ele>
        <time>2016-11-03T17:14:19Z</time>
      </trkpt>
      <trkpt lat="42.44484" lon="2.57948">
        <ele>839.73168945312</ele>
        <time>2016-11-03T17:14:29Z</time>
      </trkpt>
      <trkpt lat="42.44496" lon="2.57951">
        <ele>841.55969238281</ele>
        <time>2016-11-03T17:14:37Z</time>
      </trkpt>
      <trkpt lat="42.44505" lon="2.57952">
        <ele>841.91107177734</ele>
        <time>2016-11-03T17:14:40Z</time>
      </trkpt>
      <trkpt lat="42.44529" lon="2.57946">
        <ele>845.54388427734</ele>
        <time>2016-11-03T17:14:42Z</time>
      </trkpt>
      <trkpt lat="42.44545" lon="2.57946">
        <ele>846.86584472656</ele>
        <time>2016-11-03T17:14:49Z</time>
      </trkpt>
      <trkpt lat="42.44554" lon="2.57948">
        <ele>849.54528808594</ele>
        <time>2016-11-03T17:14:53Z</time>
      </trkpt>
      <trkpt lat="42.4456" lon="2.57956">
        <ele>848.10076904297</ele>
        <time>2016-11-03T17:14:55Z</time>
      </trkpt>
      <trkpt lat="42.44562" lon="2.57966">
        <ele>845.69519042969</ele>
        <time>2016-11-03T17:14:57Z</time>
      </trkpt>
      <trkpt lat="42.44558" lon="2.57987">
        <ele>843.09112548828</ele>
        <time>2016-11-03T17:14:59Z</time>
      </trkpt>
      <trkpt lat="42.44558" lon="2.58008">
        <ele>841.23455810547</ele>
        <time>2016-11-03T17:15:03Z</time>
      </trkpt>
      <trkpt lat="42.44567" lon="2.58026">
        <ele>841.07562255859</ele>
        <time>2016-11-03T17:15:07Z</time>
      </trkpt>
      <trkpt lat="42.44581" lon="2.58033">
        <ele>843.94555664062</ele>
        <time>2016-11-03T17:15:11Z</time>
      </trkpt>
      <trkpt lat="42.44608" lon="2.58039">
        <ele>850.3564453125</ele>
        <time>2016-11-03T17:15:15Z</time>
      </trkpt>
      <trkpt lat="42.44636" lon="2.58049">
        <ele>853.52673339844</ele>
        <time>2016-11-03T17:15:22Z</time>
      </trkpt>
      <trkpt lat="42.44649" lon="2.58058">
        <ele>854.52874755859</ele>
        <time>2016-11-03T17:15:30Z</time>
      </trkpt>
      <trkpt lat="42.44661" lon="2.58074">
        <ele>856.01379394531</ele>
        <time>2016-11-03T17:15:34Z</time>
      </trkpt>
      <trkpt lat="42.44678" lon="2.58095">
        <ele>856.75982666016</ele>
        <time>2016-11-03T17:15:38Z</time>
      </trkpt>
      <trkpt lat="42.44689" lon="2.58105">
        <ele>857.14459228516</ele>
        <time>2016-11-03T17:15:44Z</time>
      </trkpt>
      <trkpt lat="42.4472" lon="2.58121">
        <ele>861.07904052734</ele>
        <time>2016-11-03T17:15:48Z</time>
      </trkpt>
      <trkpt lat="42.44733" lon="2.58131">
        <ele>860.86926269531</ele>
        <time>2016-11-03T17:15:57Z</time>
      </trkpt>
      <trkpt lat="42.44738" lon="2.58142">
        <ele>861.10192871094</ele>
        <time>2016-11-03T17:16:01Z</time>
      </trkpt>
      <trkpt lat="42.44746" lon="2.58183">
        <ele>859.14831542969</ele>
        <time>2016-11-03T17:16:04Z</time>
      </trkpt>
      <trkpt lat="42.44753" lon="2.58206">
        <ele>859.81744384766</ele>
        <time>2016-11-03T17:16:12Z</time>
      </trkpt>
      <trkpt lat="42.44784" lon="2.58254">
        <ele>862.70550537109</ele>
        <time>2016-11-03T17:16:17Z</time>
      </trkpt>
      <trkpt lat="42.44805" lon="2.58298">
        <ele>865.66131591797</ele>
        <time>2016-11-03T17:16:30Z</time>
      </trkpt>
      <trkpt lat="42.44833" lon="2.5835">
        <ele>867.53106689453</ele>
        <time>2016-11-03T17:16:40Z</time>
      </trkpt>
      <trkpt lat="42.44843" lon="2.58379">
        <ele>869.61682128906</ele>
        <time>2016-11-03T17:16:53Z</time>
      </trkpt>
      <trkpt lat="42.44852" lon="2.5842">
        <ele>870.86309814453</ele>
        <time>2016-11-03T17:16:59Z</time>
      </trkpt>
      <trkpt lat="42.44854" lon="2.58435">
        <ele>870.57604980469</ele>
        <time>2016-11-03T17:17:07Z</time>
      </trkpt>
      <trkpt lat="42.4486" lon="2.58446">
        <ele>870.76171875</ele>
        <time>2016-11-03T17:17:10Z</time>
      </trkpt>
      <trkpt lat="42.44866" lon="2.58454">
        <ele>871.32043457031</ele>
        <time>2016-11-03T17:17:13Z</time>
      </trkpt>
      <trkpt lat="42.44873" lon="2.58458">
        <ele>872.39611816406</ele>
        <time>2016-11-03T17:17:15Z</time>
      </trkpt>
      <trkpt lat="42.44885" lon="2.58462">
        <ele>873.65197753906</ele>
        <time>2016-11-03T17:17:17Z</time>
      </trkpt>
      <trkpt lat="42.44916" lon="2.58463">
        <ele>876.68896484375</ele>
        <time>2016-11-03T17:17:20Z</time>
      </trkpt>
      <trkpt lat="42.44953" lon="2.58457">
        <ele>879.45257568359</ele>
        <time>2016-11-03T17:17:28Z</time>
      </trkpt>
      <trkpt lat="42.4501" lon="2.58442">
        <ele>882.15686035156</ele>
        <time>2016-11-03T17:17:38Z</time>
      </trkpt>
      <trkpt lat="42.45029" lon="2.58436">
        <ele>882.51184082031</ele>
        <time>2016-11-03T17:17:54Z</time>
      </trkpt>
      <trkpt lat="42.45037" lon="2.58426">
        <ele>883.05688476562</ele>
        <time>2016-11-03T17:17:59Z</time>
      </trkpt>
      <trkpt lat="42.45043" lon="2.58408">
        <ele>883.92993164062</ele>
        <time>2016-11-03T17:18:02Z</time>
      </trkpt>
      <trkpt lat="42.45043" lon="2.5839">
        <ele>884.78967285156</ele>
        <time>2016-11-03T17:18:06Z</time>
      </trkpt>
      <trkpt lat="42.45034" lon="2.58331">
        <ele>883.79315185547</ele>
        <time>2016-11-03T17:18:10Z</time>
      </trkpt>
      <trkpt lat="42.45029" lon="2.58284">
        <ele>881.47961425781</ele>
        <time>2016-11-03T17:18:22Z</time>
      </trkpt>
      <trkpt lat="42.45031" lon="2.58233">
        <ele>878.87390136719</ele>
        <time>2016-11-03T17:18:31Z</time>
      </trkpt>
      <trkpt lat="42.45034" lon="2.58127">
        <ele>876.48718261719</ele>
        <time>2016-11-03T17:18:41Z</time>
      </trkpt>
      <trkpt lat="42.45041" lon="2.58068">
        <ele>871.94873046875</ele>
        <time>2016-11-03T17:19:02Z</time>
      </trkpt>
      <trkpt lat="42.45042" lon="2.58046">
        <ele>870.68829345703</ele>
        <time>2016-11-03T17:19:14Z</time>
      </trkpt>
      <trkpt lat="42.4504" lon="2.58029">
        <ele>869.68969726562</ele>
        <time>2016-11-03T17:19:18Z</time>
      </trkpt>
      <trkpt lat="42.45035" lon="2.57992">
        <ele>868.15356445312</ele>
        <time>2016-11-03T17:19:21Z</time>
      </trkpt>
      <trkpt lat="42.45036" lon="2.57965">
        <ele>867.31011962891</ele>
        <time>2016-11-03T17:19:28Z</time>
      </trkpt>
      <trkpt lat="42.45039" lon="2.57948">
        <ele>866.03851318359</ele>
        <time>2016-11-03T17:19:33Z</time>
      </trkpt>
      <trkpt lat="42.45039" lon="2.57925">
        <ele>864.84631347656</ele>
        <time>2016-11-03T17:19:36Z</time>
      </trkpt>
      <trkpt lat="42.45035" lon="2.57905">
        <ele>864.61572265625</ele>
        <time>2016-11-03T17:19:41Z</time>
      </trkpt>
      <trkpt lat="42.45029" lon="2.57882">
        <ele>864.25286865234</ele>
        <time>2016-11-03T17:19:45Z</time>
      </trkpt>
      <trkpt lat="42.45021" lon="2.57858">
        <ele>864.36224365234</ele>
        <time>2016-11-03T17:19:50Z</time>
      </trkpt>
      <trkpt lat="42.45005" lon="2.57815">
        <ele>863.14654541016</ele>
        <time>2016-11-03T17:19:55Z</time>
      </trkpt>
      <trkpt lat="42.44998" lon="2.57773">
        <ele>862.27899169922</ele>
        <time>2016-11-03T17:20:04Z</time>
      </trkpt>
      <trkpt lat="42.44996" lon="2.57759">
        <ele>862.08587646484</ele>
        <time>2016-11-03T17:20:12Z</time>
      </trkpt>
      <trkpt lat="42.44991" lon="2.57745">
        <ele>863.01593017578</ele>
        <time>2016-11-03T17:20:15Z</time>
      </trkpt>
      <trkpt lat="42.44988" lon="2.57736">
        <ele>863.85589599609</ele>
        <time>2016-11-03T17:20:18Z</time>
      </trkpt>
      <trkpt lat="42.44988" lon="2.57725">
        <ele>864.07257080078</ele>
        <time>2016-11-03T17:20:20Z</time>
      </trkpt>
      <trkpt lat="42.44991" lon="2.57716">
        <ele>863.39385986328</ele>
        <time>2016-11-03T17:20:22Z</time>
      </trkpt>
      <trkpt lat="42.44997" lon="2.57712">
        <ele>862.11651611328</ele>
        <time>2016-11-03T17:20:24Z</time>
      </trkpt>
      <trkpt lat="42.45004" lon="2.57712">
        <ele>860.05908203125</ele>
        <time>2016-11-03T17:20:26Z</time>
      </trkpt>
      <trkpt lat="42.45009" lon="2.57717">
        <ele>859.13714599609</ele>
        <time>2016-11-03T17:20:28Z</time>
      </trkpt>
      <trkpt lat="42.45013" lon="2.57729">
        <ele>858.56610107422</ele>
        <time>2016-11-03T17:20:30Z</time>
      </trkpt>
      <trkpt lat="42.45015" lon="2.57746">
        <ele>858.18774414062</ele>
        <time>2016-11-03T17:20:33Z</time>
      </trkpt>
      <trkpt lat="42.45018" lon="2.57764">
        <ele>857.72332763672</ele>
        <time>2016-11-03T17:20:36Z</time>
      </trkpt>
      <trkpt lat="42.45024" lon="2.57789">
        <ele>857.73742675781</ele>
        <time>2016-11-03T17:20:40Z</time>
      </trkpt>
      <trkpt lat="42.4503" lon="2.57811">
        <ele>858.14379882812</ele>
        <time>2016-11-03T17:20:45Z</time>
      </trkpt>
      <trkpt lat="42.45038" lon="2.57825">
        <ele>857.63635253906</ele>
        <time>2016-11-03T17:20:50Z</time>
      </trkpt>
      <trkpt lat="42.45067" lon="2.57858">
        <ele>856.36053466797</ele>
        <time>2016-11-03T17:20:53Z</time>
      </trkpt>
      <trkpt lat="42.45087" lon="2.57883">
        <ele>854.02520751953</ele>
        <time>2016-11-03T17:21:03Z</time>
      </trkpt>
      <trkpt lat="42.45108" lon="2.57913">
        <ele>851.08178710938</ele>
        <time>2016-11-03T17:21:10Z</time>
      </trkpt>
      <trkpt lat="42.45114" lon="2.5793">
        <ele>851.62255859375</ele>
        <time>2016-11-03T17:21:18Z</time>
      </trkpt>
      <trkpt lat="42.45116" lon="2.57943">
        <ele>851.07727050781</ele>
        <time>2016-11-03T17:21:22Z</time>
      </trkpt>
      <trkpt lat="42.45117" lon="2.57973">
        <ele>851.63330078125</ele>
        <time>2016-11-03T17:21:25Z</time>
      </trkpt>
      <trkpt lat="42.45121" lon="2.5799">
        <ele>851.77496337891</ele>
        <time>2016-11-03T17:21:31Z</time>
      </trkpt>
      <trkpt lat="42.45162" lon="2.58054">
        <ele>844.96997070312</ele>
        <time>2016-11-03T17:21:35Z</time>
      </trkpt>
      <trkpt lat="42.45192" lon="2.58094">
        <ele>838.79669189453</ele>
        <time>2016-11-03T17:21:52Z</time>
      </trkpt>
      <trkpt lat="42.45201" lon="2.58123">
        <ele>836.59387207031</ele>
        <time>2016-11-03T17:22:03Z</time>
      </trkpt>
      <trkpt lat="42.4521" lon="2.5816">
        <ele>833.91961669922</ele>
        <time>2016-11-03T17:22:09Z</time>
      </trkpt>
      <trkpt lat="42.45214" lon="2.58174">
        <ele>833.62915039062</ele>
        <time>2016-11-03T17:22:17Z</time>
      </trkpt>
      <trkpt lat="42.45223" lon="2.58189">
        <ele>832.02911376953</ele>
        <time>2016-11-03T17:22:20Z</time>
      </trkpt>
      <trkpt lat="42.45251" lon="2.58235">
        <ele>828.97772216797</ele>
        <time>2016-11-03T17:22:24Z</time>
      </trkpt>
      <trkpt lat="42.45273" lon="2.58267">
        <ele>825.54669189453</ele>
        <time>2016-11-03T17:22:36Z</time>
      </trkpt>
      <trkpt lat="42.45334" lon="2.58334">
        <ele>822.36700439453</ele>
        <time>2016-11-03T17:22:45Z</time>
      </trkpt>
      <trkpt lat="42.45342" lon="2.58348">
        <ele>821.78118896484</ele>
        <time>2016-11-03T17:23:06Z</time>
      </trkpt>
      <trkpt lat="42.45346" lon="2.58362">
        <ele>822.02899169922</ele>
        <time>2016-11-03T17:23:09Z</time>
      </trkpt>
      <trkpt lat="42.45351" lon="2.58391">
        <ele>823.220703125</ele>
        <time>2016-11-03T17:23:12Z</time>
      </trkpt>
      <trkpt lat="42.45363" lon="2.58427">
        <ele>822.19079589844</ele>
        <time>2016-11-03T17:23:18Z</time>
      </trkpt>
      <trkpt lat="42.45365" lon="2.58436">
        <ele>821.18450927734</ele>
        <time>2016-11-03T17:23:26Z</time>
      </trkpt>
      <trkpt lat="42.45366" lon="2.58459">
        <ele>823.83142089844</ele>
        <time>2016-11-03T17:23:28Z</time>
      </trkpt>
      <trkpt lat="42.4537" lon="2.58468">
        <ele>823.74639892578</ele>
        <time>2016-11-03T17:23:33Z</time>
      </trkpt>
      <trkpt lat="42.45375" lon="2.58473">
        <ele>822.45495605469</ele>
        <time>2016-11-03T17:23:35Z</time>
      </trkpt>
      <trkpt lat="42.45381" lon="2.58473">
        <ele>820.26953125</ele>
        <time>2016-11-03T17:23:37Z</time>
      </trkpt>
      <trkpt lat="42.45386" lon="2.58471">
        <ele>817.99108886719</ele>
        <time>2016-11-03T17:23:39Z</time>
      </trkpt>
      <trkpt lat="42.45389" lon="2.58465">
        <ele>815.58056640625</ele>
        <time>2016-11-03T17:23:40Z</time>
      </trkpt>
      <trkpt lat="42.45391" lon="2.58455">
        <ele>814.10736083984</ele>
        <time>2016-11-03T17:23:41Z</time>
      </trkpt>
      <trkpt lat="42.45388" lon="2.58446">
        <ele>814.84246826172</ele>
        <time>2016-11-03T17:23:43Z</time>
      </trkpt>
      <trkpt lat="42.4538" lon="2.5843">
        <ele>816.02764892578</ele>
        <time>2016-11-03T17:23:45Z</time>
      </trkpt>
      <trkpt lat="42.45373" lon="2.58411">
        <ele>818.37841796875</ele>
        <time>2016-11-03T17:23:49Z</time>
      </trkpt>
      <trkpt lat="42.4537" lon="2.58385">
        <ele>818.53283691406</ele>
        <time>2016-11-03T17:23:53Z</time>
      </trkpt>
      <trkpt lat="42.45371" lon="2.5836">
        <ele>817.37646484375</ele>
        <time>2016-11-03T17:23:58Z</time>
      </trkpt>
      <trkpt lat="42.4537" lon="2.58332">
        <ele>815.6005859375</ele>
        <time>2016-11-03T17:24:03Z</time>
      </trkpt>
      <trkpt lat="42.45366" lon="2.58313">
        <ele>816.84466552734</ele>
        <time>2016-11-03T17:24:09Z</time>
      </trkpt>
      <trkpt lat="42.45359" lon="2.58297">
        <ele>816.81134033203</ele>
        <time>2016-11-03T17:24:13Z</time>
      </trkpt>
      <trkpt lat="42.45345" lon="2.58253">
        <ele>812.79022216797</ele>
        <time>2016-11-03T17:24:17Z</time>
      </trkpt>
      <trkpt lat="42.45333" lon="2.58231">
        <ele>811.97100830078</ele>
        <time>2016-11-03T17:24:26Z</time>
      </trkpt>
      <trkpt lat="42.45315" lon="2.5821">
        <ele>810.32208251953</ele>
        <time>2016-11-03T17:24:31Z</time>
      </trkpt>
      <trkpt lat="42.45307" lon="2.58204">
        <ele>811.36376953125</ele>
        <time>2016-11-03T17:24:37Z</time>
      </trkpt>
      <trkpt lat="42.453" lon="2.58194">
        <ele>810.64489746094</ele>
        <time>2016-11-03T17:24:39Z</time>
      </trkpt>
      <trkpt lat="42.45297" lon="2.58183">
        <ele>809.24060058594</ele>
        <time>2016-11-03T17:24:42Z</time>
      </trkpt>
      <trkpt lat="42.45297" lon="2.58174">
        <ele>807.93737792969</ele>
        <time>2016-11-03T17:24:44Z</time>
      </trkpt>
      <trkpt lat="42.45303" lon="2.58154">
        <ele>806.71929931641</ele>
        <time>2016-11-03T17:24:46Z</time>
      </trkpt>
      <trkpt lat="42.45306" lon="2.58141">
        <ele>805.3916015625</ele>
        <time>2016-11-03T17:24:50Z</time>
      </trkpt>
      <trkpt lat="42.45303" lon="2.58124">
        <ele>805.72943115234</ele>
        <time>2016-11-03T17:24:53Z</time>
      </trkpt>
      <trkpt lat="42.45292" lon="2.58098">
        <ele>807.92340087891</ele>
        <time>2016-11-03T17:24:56Z</time>
      </trkpt>
      <trkpt lat="42.45275" lon="2.58067">
        <ele>809.1845703125</ele>
        <time>2016-11-03T17:25:02Z</time>
      </trkpt>
      <trkpt lat="42.45272" lon="2.58058">
        <ele>809.24407958984</ele>
        <time>2016-11-03T17:25:10Z</time>
      </trkpt>
      <trkpt lat="42.45272" lon="2.58051">
        <ele>808.34332275391</ele>
        <time>2016-11-03T17:25:12Z</time>
      </trkpt>
      <trkpt lat="42.45275" lon="2.58043">
        <ele>807.73449707031</ele>
        <time>2016-11-03T17:25:13Z</time>
      </trkpt>
      <trkpt lat="42.45292" lon="2.58004">
        <ele>805.85699462891</ele>
        <time>2016-11-03T17:25:15Z</time>
      </trkpt>
      <trkpt lat="42.45307" lon="2.57948">
        <ele>807.75372314453</ele>
        <time>2016-11-03T17:25:24Z</time>
      </trkpt>
      <trkpt lat="42.45315" lon="2.57909">
        <ele>810.00579833984</ele>
        <time>2016-11-03T17:25:36Z</time>
      </trkpt>
      <trkpt lat="42.45323" lon="2.57862">
        <ele>806.98303222656</ele>
        <time>2016-11-03T17:25:44Z</time>
      </trkpt>
      <trkpt lat="42.45321" lon="2.57814">
        <ele>802.59985351562</ele>
        <time>2016-11-03T17:25:54Z</time>
      </trkpt>
      <trkpt lat="42.45318" lon="2.57789">
        <ele>800.55206298828</ele>
        <time>2016-11-03T17:26:03Z</time>
      </trkpt>
      <trkpt lat="42.45309" lon="2.57762">
        <ele>800.34362792969</ele>
        <time>2016-11-03T17:26:08Z</time>
      </trkpt>
      <trkpt lat="42.45289" lon="2.57723">
        <ele>794.93267822266</ele>
        <time>2016-11-03T17:26:14Z</time>
      </trkpt>
      <trkpt lat="42.45279" lon="2.57699">
        <ele>793.89819335938</ele>
        <time>2016-11-03T17:26:23Z</time>
      </trkpt>
      <trkpt lat="42.4526" lon="2.5762">
        <ele>789.13507080078</ele>
        <time>2016-11-03T17:26:28Z</time>
      </trkpt>
      <trkpt lat="42.45253" lon="2.57594">
        <ele>788.88952636719</ele>
        <time>2016-11-03T17:26:44Z</time>
      </trkpt>
      <trkpt lat="42.45253" lon="2.57588">
        <ele>788.56030273438</ele>
        <time>2016-11-03T17:26:49Z</time>
      </trkpt>
      <trkpt lat="42.45258" lon="2.57578">
        <ele>786.49993896484</ele>
        <time>2016-11-03T17:26:50Z</time>
      </trkpt>
      <trkpt lat="42.45264" lon="2.57572">
        <ele>785.75225830078</ele>
        <time>2016-11-03T17:26:52Z</time>
      </trkpt>
      <trkpt lat="42.45287" lon="2.57559">
        <ele>787.41290283203</ele>
        <time>2016-11-03T17:26:54Z</time>
      </trkpt>
      <trkpt lat="42.45301" lon="2.57549">
        <ele>784.98937988281</ele>
        <time>2016-11-03T17:27:01Z</time>
      </trkpt>
      <trkpt lat="42.45312" lon="2.57537">
        <ele>784.37408447266</ele>
        <time>2016-11-03T17:27:05Z</time>
      </trkpt>
      <trkpt lat="42.45319" lon="2.57526">
        <ele>783.62908935547</ele>
        <time>2016-11-03T17:27:09Z</time>
      </trkpt>
      <trkpt lat="42.45326" lon="2.57512">
        <ele>782.80126953125</ele>
        <time>2016-11-03T17:27:12Z</time>
      </trkpt>
      <trkpt lat="42.4533" lon="2.575">
        <ele>782.73718261719</ele>
        <time>2016-11-03T17:27:15Z</time>
      </trkpt>
      <trkpt lat="42.45339" lon="2.57452">
        <ele>781.85754394531</ele>
        <time>2016-11-03T17:27:18Z</time>
      </trkpt>
      <trkpt lat="42.45343" lon="2.57425">
        <ele>779.08697509766</ele>
        <time>2016-11-03T17:27:28Z</time>
      </trkpt>
      <trkpt lat="42.45347" lon="2.57403">
        <ele>778.31890869141</ele>
        <time>2016-11-03T17:27:33Z</time>
      </trkpt>
      <trkpt lat="42.45364" lon="2.57371">
        <ele>772.5224609375</ele>
        <time>2016-11-03T17:27:37Z</time>
      </trkpt>
      <trkpt lat="42.45373" lon="2.57349">
        <ele>772.53796386719</ele>
        <time>2016-11-03T17:27:45Z</time>
      </trkpt>
      <trkpt lat="42.45373" lon="2.57342">
        <ele>773.35272216797</ele>
        <time>2016-11-03T17:27:50Z</time>
      </trkpt>
      <trkpt lat="42.45372" lon="2.57321">
        <ele>773.45343017578</ele>
        <time>2016-11-03T17:27:51Z</time>
      </trkpt>
      <trkpt lat="42.45366" lon="2.57298">
        <ele>771.97100830078</ele>
        <time>2016-11-03T17:27:55Z</time>
      </trkpt>
      <trkpt lat="42.45349" lon="2.57275">
        <ele>772.34271240234</ele>
        <time>2016-11-03T17:28:00Z</time>
      </trkpt>
      <trkpt lat="42.45337" lon="2.57252">
        <ele>781.27899169922</ele>
        <time>2016-11-03T17:28:06Z</time>
      </trkpt>
      <trkpt lat="42.45333" lon="2.57239">
        <ele>782.40301513672</ele>
        <time>2016-11-03T17:28:12Z</time>
      </trkpt>
      <trkpt lat="42.45334" lon="2.57221">
        <ele>780.20111083984</ele>
        <time>2016-11-03T17:28:15Z</time>
      </trkpt>
      <trkpt lat="42.45339" lon="2.57195">
        <ele>770.26037597656</ele>
        <time>2016-11-03T17:28:19Z</time>
      </trkpt>
      <trkpt lat="42.45339" lon="2.57182">
        <ele>768.3125</ele>
        <time>2016-11-03T17:28:24Z</time>
      </trkpt>
      <trkpt lat="42.45336" lon="2.57163">
        <ele>767.91156005859</ele>
        <time>2016-11-03T17:28:27Z</time>
      </trkpt>
      <trkpt lat="42.45331" lon="2.57147">
        <ele>769.19281005859</ele>
        <time>2016-11-03T17:28:31Z</time>
      </trkpt>
      <trkpt lat="42.45316" lon="2.57111">
        <ele>768.79284667969</ele>
        <time>2016-11-03T17:28:34Z</time>
      </trkpt>
      <trkpt lat="42.45295" lon="2.57072">
        <ele>769.20104980469</ele>
        <time>2016-11-03T17:28:42Z</time>
      </trkpt>
      <trkpt lat="42.45291" lon="2.57058">
        <ele>768.12316894531</ele>
        <time>2016-11-03T17:28:52Z</time>
      </trkpt>
      <trkpt lat="42.45291" lon="2.57045">
        <ele>766.80035400391</ele>
        <time>2016-11-03T17:28:55Z</time>
      </trkpt>
      <trkpt lat="42.45293" lon="2.57035">
        <ele>765.87847900391</ele>
        <time>2016-11-03T17:28:58Z</time>
      </trkpt>
      <trkpt lat="42.45299" lon="2.57028">
        <ele>764.64453125</ele>
        <time>2016-11-03T17:29:00Z</time>
      </trkpt>
      <trkpt lat="42.45313" lon="2.5702">
        <ele>760.3095703125</ele>
        <time>2016-11-03T17:29:02Z</time>
      </trkpt>
      <trkpt lat="42.45321" lon="2.57022">
        <ele>757.24774169922</ele>
        <time>2016-11-03T17:29:06Z</time>
      </trkpt>
      <trkpt lat="42.45337" lon="2.57034">
        <ele>749.56988525391</ele>
        <time>2016-11-03T17:29:08Z</time>
      </trkpt>
      <trkpt lat="42.45364" lon="2.57063">
        <ele>753.09655761719</ele>
        <time>2016-11-03T17:29:13Z</time>
      </trkpt>
      <trkpt lat="42.45398" lon="2.57103">
        <ele>756.68981933594</ele>
        <time>2016-11-03T17:29:22Z</time>
      </trkpt>
      <trkpt lat="42.45418" lon="2.57123">
        <ele>760.19152832031</ele>
        <time>2016-11-03T17:29:34Z</time>
      </trkpt>
      <trkpt lat="42.45432" lon="2.57139">
        <ele>761.16986083984</ele>
        <time>2016-11-03T17:29:41Z</time>
      </trkpt>
      <trkpt lat="42.45442" lon="2.57146">
        <ele>762.8564453125</ele>
        <time>2016-11-03T17:29:46Z</time>
      </trkpt>
      <trkpt lat="42.45478" lon="2.57164">
        <ele>760.19030761719</ele>
        <time>2016-11-03T17:29:49Z</time>
      </trkpt>
      <trkpt lat="42.45497" lon="2.57171">
        <ele>763.208984375</ele>
        <time>2016-11-03T17:29:59Z</time>
      </trkpt>
      <trkpt lat="42.45514" lon="2.57179">
        <ele>762.61962890625</ele>
        <time>2016-11-03T17:30:04Z</time>
      </trkpt>
      <trkpt lat="42.45518" lon="2.57183">
        <ele>760.85534667969</ele>
        <time>2016-11-03T17:30:09Z</time>
      </trkpt>
      <trkpt lat="42.45524" lon="2.57192">
        <ele>762.1787109375</ele>
        <time>2016-11-03T17:30:10Z</time>
      </trkpt>
      <trkpt lat="42.45527" lon="2.57201">
        <ele>762.84869384766</ele>
        <time>2016-11-03T17:30:12Z</time>
      </trkpt>
      <trkpt lat="42.45537" lon="2.57224">
        <ele>761.23309326172</ele>
        <time>2016-11-03T17:30:14Z</time>
      </trkpt>
      <trkpt lat="42.45544" lon="2.57231">
        <ele>762.57952880859</ele>
        <time>2016-11-03T17:30:19Z</time>
      </trkpt>
      <trkpt lat="42.4558" lon="2.57236">
        <ele>771.91583251953</ele>
        <time>2016-11-03T17:30:21Z</time>
      </trkpt>
      <trkpt lat="42.45589" lon="2.57239">
        <ele>771.21740722656</ele>
        <time>2016-11-03T17:30:31Z</time>
      </trkpt>
      <trkpt lat="42.45597" lon="2.57249">
        <ele>768.33435058594</ele>
        <time>2016-11-03T17:30:33Z</time>
      </trkpt>
      <trkpt lat="42.45599" lon="2.57257">
        <ele>768.85491943359</ele>
        <time>2016-11-03T17:30:36Z</time>
      </trkpt>
      <trkpt lat="42.45599" lon="2.57269">
        <ele>769.40216064453</ele>
        <time>2016-11-03T17:30:38Z</time>
      </trkpt>
      <trkpt lat="42.45598" lon="2.57287">
        <ele>767.71667480469</ele>
        <time>2016-11-03T17:30:40Z</time>
      </trkpt>
      <trkpt lat="42.45601" lon="2.57298">
        <ele>768.68237304688</ele>
        <time>2016-11-03T17:30:44Z</time>
      </trkpt>
      <trkpt lat="42.45616" lon="2.57319">
        <ele>770.9873046875</ele>
        <time>2016-11-03T17:30:46Z</time>
      </trkpt>
      <trkpt lat="42.45618" lon="2.57326">
        <ele>771.21728515625</ele>
        <time>2016-11-03T17:30:52Z</time>
      </trkpt>
      <trkpt lat="42.4562" lon="2.57338">
        <ele>771.59271240234</ele>
        <time>2016-11-03T17:30:53Z</time>
      </trkpt>
      <trkpt lat="42.45616" lon="2.57364">
        <ele>770.43090820312</ele>
        <time>2016-11-03T17:30:55Z</time>
      </trkpt>
      <trkpt lat="42.45613" lon="2.57377">
        <ele>767.74328613281</ele>
        <time>2016-11-03T17:31:00Z</time>
      </trkpt>
      <trkpt lat="42.45614" lon="2.57385">
        <ele>767.51690673828</ele>
        <time>2016-11-03T17:31:03Z</time>
      </trkpt>
      <trkpt lat="42.45616" lon="2.57398">
        <ele>767.76666259766</ele>
        <time>2016-11-03T17:31:05Z</time>
      </trkpt>
      <trkpt lat="42.4562" lon="2.57406">
        <ele>769.31372070312</ele>
        <time>2016-11-03T17:31:08Z</time>
      </trkpt>
      <trkpt lat="42.45632" lon="2.5742">
        <ele>770.84912109375</ele>
        <time>2016-11-03T17:31:10Z</time>
      </trkpt>
      <trkpt lat="42.4564" lon="2.57425">
        <ele>771.86022949219</ele>
        <time>2016-11-03T17:31:14Z</time>
      </trkpt>
      <trkpt lat="42.4566" lon="2.57433">
        <ele>774.86560058594</ele>
        <time>2016-11-03T17:31:16Z</time>
      </trkpt>
      <trkpt lat="42.45679" lon="2.57445">
        <ele>776.33135986328</ele>
        <time>2016-11-03T17:31:22Z</time>
      </trkpt>
      <trkpt lat="42.45697" lon="2.57463">
        <ele>777.54022216797</ele>
        <time>2016-11-03T17:31:28Z</time>
      </trkpt>
      <trkpt lat="42.45713" lon="2.5748">
        <ele>777.57934570312</ele>
        <time>2016-11-03T17:31:34Z</time>
      </trkpt>
      <trkpt lat="42.45725" lon="2.57501">
        <ele>775.86566162109</ele>
        <time>2016-11-03T17:31:39Z</time>
      </trkpt>
      <trkpt lat="42.45741" lon="2.57529">
        <ele>776.75341796875</ele>
        <time>2016-11-03T17:31:44Z</time>
      </trkpt>
      <trkpt lat="42.45752" lon="2.57556">
        <ele>779.92279052734</ele>
        <time>2016-11-03T17:31:51Z</time>
      </trkpt>
      <trkpt lat="42.45762" lon="2.57591">
        <ele>777.89398193359</ele>
        <time>2016-11-03T17:31:57Z</time>
      </trkpt>
      <trkpt lat="42.45768" lon="2.57597">
        <ele>777.76330566406</ele>
        <time>2016-11-03T17:32:04Z</time>
      </trkpt>
      <trkpt lat="42.45787" lon="2.57604">
        <ele>780.46301269531</ele>
        <time>2016-11-03T17:32:06Z</time>
      </trkpt>
      <trkpt lat="42.45795" lon="2.57609">
        <ele>782.07196044922</ele>
        <time>2016-11-03T17:32:11Z</time>
      </trkpt>
      <trkpt lat="42.458" lon="2.57617">
        <ele>783.00189208984</ele>
        <time>2016-11-03T17:32:13Z</time>
      </trkpt>
      <trkpt lat="42.45808" lon="2.57637">
        <ele>780.80645751953</ele>
        <time>2016-11-03T17:32:15Z</time>
      </trkpt>
      <trkpt lat="42.45815" lon="2.57654">
        <ele>778.12567138672</ele>
        <time>2016-11-03T17:32:19Z</time>
      </trkpt>
      <trkpt lat="42.45823" lon="2.57662">
        <ele>779.23980712891</ele>
        <time>2016-11-03T17:32:23Z</time>
      </trkpt>
      <trkpt lat="42.4584" lon="2.57669">
        <ele>782.4873046875</ele>
        <time>2016-11-03T17:32:26Z</time>
      </trkpt>
      <trkpt lat="42.45864" lon="2.57678">
        <ele>781.01251220703</ele>
        <time>2016-11-03T17:32:31Z</time>
      </trkpt>
      <trkpt lat="42.45891" lon="2.5769">
        <ele>781.31420898438</ele>
        <time>2016-11-03T17:32:38Z</time>
      </trkpt>
      <trkpt lat="42.45898" lon="2.57697">
        <ele>780.87567138672</ele>
        <time>2016-11-03T17:32:46Z</time>
      </trkpt>
      <trkpt lat="42.45903" lon="2.57707">
        <ele>780.54742431641</ele>
        <time>2016-11-03T17:32:48Z</time>
      </trkpt>
      <trkpt lat="42.45906" lon="2.57733">
        <ele>779.46716308594</ele>
        <time>2016-11-03T17:32:50Z</time>
      </trkpt>
      <trkpt lat="42.45915" lon="2.57766">
        <ele>780.57781982422</ele>
        <time>2016-11-03T17:32:55Z</time>
      </trkpt>
      <trkpt lat="42.45915" lon="2.57807">
        <ele>778.66589355469</ele>
        <time>2016-11-03T17:33:02Z</time>
      </trkpt>
      <trkpt lat="42.45919" lon="2.57819">
        <ele>779.89971923828</ele>
        <time>2016-11-03T17:33:10Z</time>
      </trkpt>
      <trkpt lat="42.45927" lon="2.57829">
        <ele>780.47277832031</ele>
        <time>2016-11-03T17:33:13Z</time>
      </trkpt>
      <trkpt lat="42.4594" lon="2.57842">
        <ele>782.18499755859</ele>
        <time>2016-11-03T17:33:16Z</time>
      </trkpt>
      <trkpt lat="42.45962" lon="2.5787">
        <ele>782.26715087891</ele>
        <time>2016-11-03T17:33:20Z</time>
      </trkpt>
      <trkpt lat="42.4598" lon="2.57895">
        <ele>779.31146240234</ele>
        <time>2016-11-03T17:33:28Z</time>
      </trkpt>
      <trkpt lat="42.45988" lon="2.57902">
        <ele>778.72198486328</ele>
        <time>2016-11-03T17:33:35Z</time>
      </trkpt>
      <trkpt lat="42.45996" lon="2.57903">
        <ele>779.38775634766</ele>
        <time>2016-11-03T17:33:38Z</time>
      </trkpt>
      <trkpt lat="42.46004" lon="2.57902">
        <ele>779.51275634766</ele>
        <time>2016-11-03T17:33:40Z</time>
      </trkpt>
      <trkpt lat="42.4601" lon="2.57898">
        <ele>779.39202880859</ele>
        <time>2016-11-03T17:33:42Z</time>
      </trkpt>
      <trkpt lat="42.46018" lon="2.57889">
        <ele>780.29663085938</ele>
        <time>2016-11-03T17:33:44Z</time>
      </trkpt>
      <trkpt lat="42.46042" lon="2.57832">
        <ele>786.52294921875</ele>
        <time>2016-11-03T17:33:47Z</time>
      </trkpt>
      <trkpt lat="42.46048" lon="2.57814">
        <ele>786.50231933594</ele>
        <time>2016-11-03T17:34:00Z</time>
      </trkpt>
      <trkpt lat="42.46054" lon="2.57804">
        <ele>785.61260986328</ele>
        <time>2016-11-03T17:34:04Z</time>
      </trkpt>
      <trkpt lat="42.46062" lon="2.57799">
        <ele>783.86022949219</ele>
        <time>2016-11-03T17:34:07Z</time>
      </trkpt>
      <trkpt lat="42.46071" lon="2.57799">
        <ele>782.69073486328</ele>
        <time>2016-11-03T17:34:09Z</time>
      </trkpt>
      <trkpt lat="42.46077" lon="2.57802">
        <ele>782.51788330078</ele>
        <time>2016-11-03T17:34:11Z</time>
      </trkpt>
      <trkpt lat="42.46083" lon="2.57814">
        <ele>783.13000488281</ele>
        <time>2016-11-03T17:34:13Z</time>
      </trkpt>
      <trkpt lat="42.46092" lon="2.57831">
        <ele>783.28759765625</ele>
        <time>2016-11-03T17:34:16Z</time>
      </trkpt>
      <trkpt lat="42.46102" lon="2.57839">
        <ele>782.75061035156</ele>
        <time>2016-11-03T17:34:20Z</time>
      </trkpt>
      <trkpt lat="42.46108" lon="2.57839">
        <ele>783.369140625</ele>
        <time>2016-11-03T17:34:23Z</time>
      </trkpt>
      <trkpt lat="42.46114" lon="2.57836">
        <ele>784.47430419922</ele>
        <time>2016-11-03T17:34:25Z</time>
      </trkpt>
      <trkpt lat="42.46128" lon="2.57818">
        <ele>785.59442138672</ele>
        <time>2016-11-03T17:34:27Z</time>
      </trkpt>
      <trkpt lat="42.4615" lon="2.57782">
        <ele>788.99908447266</ele>
        <time>2016-11-03T17:34:32Z</time>
      </trkpt>
      <trkpt lat="42.46158" lon="2.57754">
        <ele>791.07702636719</ele>
        <time>2016-11-03T17:34:41Z</time>
      </trkpt>
      <trkpt lat="42.46159" lon="2.57731">
        <ele>792.65966796875</ele>
        <time>2016-11-03T17:34:47Z</time>
      </trkpt>
      <trkpt lat="42.46159" lon="2.57704">
        <ele>792.29400634766</ele>
        <time>2016-11-03T17:34:52Z</time>
      </trkpt>
      <trkpt lat="42.46156" lon="2.57671">
        <ele>791.89129638672</ele>
        <time>2016-11-03T17:34:57Z</time>
      </trkpt>
      <trkpt lat="42.46159" lon="2.57642">
        <ele>791.93823242188</ele>
        <time>2016-11-03T17:35:04Z</time>
      </trkpt>
      <trkpt lat="42.4616" lon="2.57631">
        <ele>790.86248779297</ele>
        <time>2016-11-03T17:35:10Z</time>
      </trkpt>
      <trkpt lat="42.46157" lon="2.57619">
        <ele>790.33673095703</ele>
        <time>2016-11-03T17:35:12Z</time>
      </trkpt>
      <trkpt lat="42.4615" lon="2.57602">
        <ele>793.92321777344</ele>
        <time>2016-11-03T17:35:14Z</time>
      </trkpt>
      <trkpt lat="42.46141" lon="2.57588">
        <ele>796.20129394531</ele>
        <time>2016-11-03T17:35:18Z</time>
      </trkpt>
      <trkpt lat="42.46136" lon="2.57574">
        <ele>798.27630615234</ele>
        <time>2016-11-03T17:35:22Z</time>
      </trkpt>
      <trkpt lat="42.46135" lon="2.57566">
        <ele>798.82153320312</ele>
        <time>2016-11-03T17:35:25Z</time>
      </trkpt>
      <trkpt lat="42.46138" lon="2.57553">
        <ele>797.37078857422</ele>
        <time>2016-11-03T17:35:27Z</time>
      </trkpt>
      <trkpt lat="42.46148" lon="2.57546">
        <ele>795.29766845703</ele>
        <time>2016-11-03T17:35:30Z</time>
      </trkpt>
      <trkpt lat="42.46155" lon="2.57546">
        <ele>793.11175537109</ele>
        <time>2016-11-03T17:35:33Z</time>
      </trkpt>
      <trkpt lat="42.46159" lon="2.5755">
        <ele>792.2138671875</ele>
        <time>2016-11-03T17:35:35Z</time>
      </trkpt>
      <trkpt lat="42.4618" lon="2.57571">
        <ele>790.01409912109</ele>
        <time>2016-11-03T17:35:36Z</time>
      </trkpt>
      <trkpt lat="42.46202" lon="2.57598">
        <ele>793.13250732422</ele>
        <time>2016-11-03T17:35:43Z</time>
      </trkpt>
      <trkpt lat="42.46218" lon="2.57629">
        <ele>791.15936279297</ele>
        <time>2016-11-03T17:35:51Z</time>
      </trkpt>
      <trkpt lat="42.46229" lon="2.57644">
        <ele>789.95483398438</ele>
        <time>2016-11-03T17:35:58Z</time>
      </trkpt>
      <trkpt lat="42.46247" lon="2.57663">
        <ele>790.66302490234</ele>
        <time>2016-11-03T17:36:02Z</time>
      </trkpt>
      <trkpt lat="42.46277" lon="2.57692">
        <ele>791.44110107422</ele>
        <time>2016-11-03T17:36:08Z</time>
      </trkpt>
      <trkpt lat="42.4629" lon="2.57704">
        <ele>789.06781005859</ele>
        <time>2016-11-03T17:36:18Z</time>
      </trkpt>
      <trkpt lat="42.46302" lon="2.57711">
        <ele>788.47161865234</ele>
        <time>2016-11-03T17:36:22Z</time>
      </trkpt>
      <trkpt lat="42.46315" lon="2.57714">
        <ele>789.00201416016</ele>
        <time>2016-11-03T17:36:25Z</time>
      </trkpt>
      <trkpt lat="42.46325" lon="2.57714">
        <ele>789.67126464844</ele>
        <time>2016-11-03T17:36:29Z</time>
      </trkpt>
      <trkpt lat="42.46335" lon="2.57711">
        <ele>790.10327148438</ele>
        <time>2016-11-03T17:36:32Z</time>
      </trkpt>
      <trkpt lat="42.46347" lon="2.57698">
        <ele>791.63110351562</ele>
        <time>2016-11-03T17:36:35Z</time>
      </trkpt>
      <trkpt lat="42.4636" lon="2.57678">
        <ele>795.75360107422</ele>
        <time>2016-11-03T17:36:39Z</time>
      </trkpt>
      <trkpt lat="42.4639" lon="2.57581">
        <ele>801.84710693359</ele>
        <time>2016-11-03T17:36:44Z</time>
      </trkpt>
      <trkpt lat="42.46441" lon="2.57408">
        <ele>802.99432373047</ele>
        <time>2016-11-03T17:37:05Z</time>
      </trkpt>
      <trkpt lat="42.46446" lon="2.57402">
        <ele>799.79956054688</ele>
        <time>2016-11-03T17:37:42Z</time>
      </trkpt>
      <trkpt lat="42.46455" lon="2.57399">
        <ele>796.41345214844</ele>
        <time>2016-11-03T17:37:44Z</time>
      </trkpt>
      <trkpt lat="42.46463" lon="2.57399">
        <ele>790.95776367188</ele>
        <time>2016-11-03T17:37:46Z</time>
      </trkpt>
      <trkpt lat="42.46469" lon="2.57406">
        <ele>787.39495849609</ele>
        <time>2016-11-03T17:37:48Z</time>
      </trkpt>
      <trkpt lat="42.46473" lon="2.57417">
        <ele>785.80737304688</ele>
        <time>2016-11-03T17:37:50Z</time>
      </trkpt>
      <trkpt lat="42.4648" lon="2.57469">
        <ele>784.24383544922</ele>
        <time>2016-11-03T17:37:52Z</time>
      </trkpt>
      <trkpt lat="42.4649" lon="2.5754">
        <ele>781.51055908203</ele>
        <time>2016-11-03T17:38:02Z</time>
      </trkpt>
      <trkpt lat="42.46496" lon="2.57563">
        <ele>782.92956542969</ele>
        <time>2016-11-03T17:38:16Z</time>
      </trkpt>
      <trkpt lat="42.46527" lon="2.57637">
        <ele>783.36920166016</ele>
        <time>2016-11-03T17:38:21Z</time>
      </trkpt>
      <trkpt lat="42.46548" lon="2.57707">
        <ele>782.11932373047</ele>
        <time>2016-11-03T17:38:38Z</time>
      </trkpt>
      <trkpt lat="42.46558" lon="2.57739">
        <ele>781.74029541016</ele>
        <time>2016-11-03T17:38:53Z</time>
      </trkpt>
      <trkpt lat="42.46569" lon="2.57759">
        <ele>782.03900146484</ele>
        <time>2016-11-03T17:39:00Z</time>
      </trkpt>
      <trkpt lat="42.46567" lon="2.57768">
        <ele>780.41033935547</ele>
        <time>2016-11-03T17:39:05Z</time>
      </trkpt>
      <trkpt lat="42.46588" lon="2.5781">
        <ele>779.78582763672</ele>
        <time>2016-11-03T17:39:07Z</time>
      </trkpt>
      <trkpt lat="42.46613" lon="2.57846">
        <ele>777.43493652344</ele>
        <time>2016-11-03T17:39:17Z</time>
      </trkpt>
      <trkpt lat="42.46635" lon="2.57866">
        <ele>776.73791503906</ele>
        <time>2016-11-03T17:39:27Z</time>
      </trkpt>
      <trkpt lat="42.46647" lon="2.5788">
        <ele>777.06500244141</ele>
        <time>2016-11-03T17:39:34Z</time>
      </trkpt>
      <trkpt lat="42.46654" lon="2.57893">
        <ele>777.44403076172</ele>
        <time>2016-11-03T17:39:38Z</time>
      </trkpt>
      <trkpt lat="42.4666" lon="2.57907">
        <ele>776.82885742188</ele>
        <time>2016-11-03T17:39:41Z</time>
      </trkpt>
      <trkpt lat="42.46668" lon="2.57945">
        <ele>773.82067871094</ele>
        <time>2016-11-03T17:39:44Z</time>
      </trkpt>
      <trkpt lat="42.46669" lon="2.57955">
        <ele>772.76599121094</ele>
        <time>2016-11-03T17:39:52Z</time>
      </trkpt>
      <trkpt lat="42.46673" lon="2.57951">
        <ele>773.26849365234</ele>
        <time>2016-11-03T17:39:54Z</time>
      </trkpt>
      <trkpt lat="42.46682" lon="2.57946">
        <ele>773.89520263672</ele>
        <time>2016-11-03T17:39:55Z</time>
      </trkpt>
      <trkpt lat="42.46691" lon="2.57945">
        <ele>773.81781005859</ele>
        <time>2016-11-03T17:39:58Z</time>
      </trkpt>
      <trkpt lat="42.46701" lon="2.57948">
        <ele>773.25677490234</ele>
        <time>2016-11-03T17:40:00Z</time>
      </trkpt>
      <trkpt lat="42.46707" lon="2.57951">
        <ele>773.61505126953</ele>
        <time>2016-11-03T17:40:03Z</time>
      </trkpt>
      <trkpt lat="42.4671" lon="2.57958">
        <ele>774.25994873047</ele>
        <time>2016-11-03T17:40:05Z</time>
      </trkpt>
      <trkpt lat="42.4671" lon="2.57969">
        <ele>774.68255615234</ele>
        <time>2016-11-03T17:40:07Z</time>
      </trkpt>
      <trkpt lat="42.46708" lon="2.58018">
        <ele>773.17181396484</ele>
        <time>2016-11-03T17:40:09Z</time>
      </trkpt>
      <trkpt lat="42.46711" lon="2.58053">
        <ele>770.38818359375</ele>
        <time>2016-11-03T17:40:19Z</time>
      </trkpt>
      <trkpt lat="42.46715" lon="2.58065">
        <ele>770.2216796875</ele>
        <time>2016-11-03T17:40:26Z</time>
      </trkpt>
      <trkpt lat="42.46726" lon="2.58093">
        <ele>769.82830810547</ele>
        <time>2016-11-03T17:40:29Z</time>
      </trkpt>
      <trkpt lat="42.46726" lon="2.58093">
        <ele>769.82830810547</ele>
        <time>2016-11-03T17:40:35Z</time>
      </trkpt>
      <trkpt lat="42.46714" lon="2.58063">
        <ele>770.22644042969</ele>
        <time>2016-11-03T17:40:35Z</time>
      </trkpt>
      <trkpt lat="42.46711" lon="2.5805">
        <ele>771.1142578125</ele>
        <time>2016-11-03T17:40:42Z</time>
      </trkpt>
      <trkpt lat="42.46709" lon="2.58032">
        <ele>772.54412841797</ele>
        <time>2016-11-03T17:40:45Z</time>
      </trkpt>
      <trkpt lat="42.46708" lon="2.58001">
        <ele>773.85229492188</ele>
        <time>2016-11-03T17:40:49Z</time>
      </trkpt>
      <trkpt lat="42.4671" lon="2.57962">
        <ele>774.37152099609</ele>
        <time>2016-11-03T17:40:55Z</time>
      </trkpt>
      <trkpt lat="42.46707" lon="2.57951">
        <ele>773.61505126953</ele>
        <time>2016-11-03T17:41:03Z</time>
      </trkpt>
      <trkpt lat="42.46695" lon="2.57946">
        <ele>773.53881835938</ele>
        <time>2016-11-03T17:41:05Z</time>
      </trkpt>
      <trkpt lat="42.46687" lon="2.57945">
        <ele>773.95483398438</ele>
        <time>2016-11-03T17:41:08Z</time>
      </trkpt>
      <trkpt lat="42.46675" lon="2.57949">
        <ele>773.52825927734</ele>
        <time>2016-11-03T17:41:10Z</time>
      </trkpt>
      <trkpt lat="42.46669" lon="2.57955">
        <ele>772.76599121094</ele>
        <time>2016-11-03T17:41:13Z</time>
      </trkpt>
      <trkpt lat="42.46673" lon="2.57968">
        <ele>771.66339111328</ele>
        <time>2016-11-03T17:41:15Z</time>
      </trkpt>
      <trkpt lat="42.46684" lon="2.57994">
        <ele>768.3828125</ele>
        <time>2016-11-03T17:41:18Z</time>
      </trkpt>
      <trkpt lat="42.46697" lon="2.5802">
        <ele>767.63690185547</ele>
        <time>2016-11-03T17:41:24Z</time>
      </trkpt>
      <trkpt lat="42.46722" lon="2.58151">
        <ele>755.19091796875</ele>
        <time>2016-11-03T17:41:30Z</time>
      </trkpt>
      <trkpt lat="42.46727" lon="2.5817">
        <ele>753.64581298828</ele>
        <time>2016-11-03T17:41:57Z</time>
      </trkpt>
      <trkpt lat="42.46732" lon="2.58181">
        <ele>752.23004150391</ele>
        <time>2016-11-03T17:42:01Z</time>
      </trkpt>
      <trkpt lat="42.46749" lon="2.58202">
        <ele>750.09381103516</ele>
        <time>2016-11-03T17:42:04Z</time>
      </trkpt>
      <trkpt lat="42.46755" lon="2.58211">
        <ele>749.55334472656</ele>
        <time>2016-11-03T17:42:10Z</time>
      </trkpt>
      <trkpt lat="42.46758" lon="2.58227">
        <ele>748.29632568359</ele>
        <time>2016-11-03T17:42:12Z</time>
      </trkpt>
      <trkpt lat="42.46758" lon="2.58256">
        <ele>746.67724609375</ele>
        <time>2016-11-03T17:42:15Z</time>
      </trkpt>
      <trkpt lat="42.4676" lon="2.5829">
        <ele>744.26953125</ele>
        <time>2016-11-03T17:42:21Z</time>
      </trkpt>
      <trkpt lat="42.46765" lon="2.58313">
        <ele>742.46063232422</ele>
        <time>2016-11-03T17:42:28Z</time>
      </trkpt>
      <trkpt lat="42.46781" lon="2.58367">
        <ele>737.42620849609</ele>
        <time>2016-11-03T17:42:33Z</time>
      </trkpt>
      <trkpt lat="42.46802" lon="2.58444">
        <ele>732.59747314453</ele>
        <time>2016-11-03T17:42:44Z</time>
      </trkpt>
      <trkpt lat="42.46819" lon="2.58498">
        <ele>729.31787109375</ele>
        <time>2016-11-03T17:43:00Z</time>
      </trkpt>
      <trkpt lat="42.4683" lon="2.58528">
        <ele>726.77008056641</ele>
        <time>2016-11-03T17:43:12Z</time>
      </trkpt>
      <trkpt lat="42.46844" lon="2.58553">
        <ele>724.79388427734</ele>
        <time>2016-11-03T17:43:19Z</time>
      </trkpt>
      <trkpt lat="42.46846" lon="2.58563">
        <ele>724.37109375</ele>
        <time>2016-11-03T17:43:25Z</time>
      </trkpt>
      <trkpt lat="42.46846" lon="2.58574">
        <ele>724.01635742188</ele>
        <time>2016-11-03T17:43:27Z</time>
      </trkpt>
      <trkpt lat="42.46842" lon="2.58584">
        <ele>723.89312744141</ele>
        <time>2016-11-03T17:43:29Z</time>
      </trkpt>
      <trkpt lat="42.46834" lon="2.58591">
        <ele>722.90252685547</ele>
        <time>2016-11-03T17:43:31Z</time>
      </trkpt>
      <trkpt lat="42.46821" lon="2.58595">
        <ele>722.33135986328</ele>
        <time>2016-11-03T17:43:34Z</time>
      </trkpt>
      <trkpt lat="42.46809" lon="2.58598">
        <ele>721.65618896484</ele>
        <time>2016-11-03T17:43:38Z</time>
      </trkpt>
      <trkpt lat="42.46795" lon="2.58605">
        <ele>720.22906494141</ele>
        <time>2016-11-03T17:43:41Z</time>
      </trkpt>
      <trkpt lat="42.46764" lon="2.58628">
        <ele>715.50897216797</ele>
        <time>2016-11-03T17:43:45Z</time>
      </trkpt>
      <trkpt lat="42.46747" lon="2.58642">
        <ele>713.40606689453</ele>
        <time>2016-11-03T17:43:54Z</time>
      </trkpt>
      <trkpt lat="42.46731" lon="2.58659">
        <ele>709.89959716797</ele>
        <time>2016-11-03T17:43:59Z</time>
      </trkpt>
      <trkpt lat="42.46725" lon="2.58672">
        <ele>707.22973632812</ele>
        <time>2016-11-03T17:44:04Z</time>
      </trkpt>
      <trkpt lat="42.46726" lon="2.58684">
        <ele>706.96282958984</ele>
        <time>2016-11-03T17:44:07Z</time>
      </trkpt>
      <trkpt lat="42.46729" lon="2.587">
        <ele>706.9560546875</ele>
        <time>2016-11-03T17:44:09Z</time>
      </trkpt>
      <trkpt lat="42.46735" lon="2.58715">
        <ele>706.81176757812</ele>
        <time>2016-11-03T17:44:12Z</time>
      </trkpt>
      <trkpt lat="42.46745" lon="2.58729">
        <ele>706.31756591797</ele>
        <time>2016-11-03T17:44:15Z</time>
      </trkpt>
      <trkpt lat="42.46768" lon="2.58759">
        <ele>705.99737548828</ele>
        <time>2016-11-03T17:44:19Z</time>
      </trkpt>
      <trkpt lat="42.46777" lon="2.58776">
        <ele>704.73797607422</ele>
        <time>2016-11-03T17:44:28Z</time>
      </trkpt>
      <trkpt lat="42.4678" lon="2.58794">
        <ele>702.08111572266</ele>
        <time>2016-11-03T17:44:32Z</time>
      </trkpt>
      <trkpt lat="42.46779" lon="2.58807">
        <ele>702.86633300781</ele>
        <time>2016-11-03T17:44:36Z</time>
      </trkpt>
      <trkpt lat="42.46775" lon="2.5882">
        <ele>699.96740722656</ele>
        <time>2016-11-03T17:44:39Z</time>
      </trkpt>
      <trkpt lat="42.46769" lon="2.58838">
        <ele>697.53405761719</ele>
        <time>2016-11-03T17:44:42Z</time>
      </trkpt>
      <trkpt lat="42.46768" lon="2.58852">
        <ele>696.66516113281</ele>
        <time>2016-11-03T17:44:46Z</time>
      </trkpt>
      <trkpt lat="42.46769" lon="2.58877">
        <ele>694.27612304688</ele>
        <time>2016-11-03T17:44:49Z</time>
      </trkpt>
      <trkpt lat="42.46772" lon="2.58894">
        <ele>694.27239990234</ele>
        <time>2016-11-03T17:44:54Z</time>
      </trkpt>
      <trkpt lat="42.46773" lon="2.58911">
        <ele>693.30914306641</ele>
        <time>2016-11-03T17:44:57Z</time>
      </trkpt>
      <trkpt lat="42.46771" lon="2.58928">
        <ele>691.9755859375</ele>
        <time>2016-11-03T17:45:00Z</time>
      </trkpt>
      <trkpt lat="42.46767" lon="2.58939">
        <ele>691.12603759766</ele>
        <time>2016-11-03T17:45:03Z</time>
      </trkpt>
      <trkpt lat="42.46761" lon="2.58952">
        <ele>690.91156005859</ele>
        <time>2016-11-03T17:45:05Z</time>
      </trkpt>
      <trkpt lat="42.46751" lon="2.58967">
        <ele>689.49536132812</ele>
        <time>2016-11-03T17:45:08Z</time>
      </trkpt>
      <trkpt lat="42.46727" lon="2.58995">
        <ele>685.05267333984</ele>
        <time>2016-11-03T17:45:12Z</time>
      </trkpt>
      <trkpt lat="42.46713" lon="2.59005">
        <ele>684.06732177734</ele>
        <time>2016-11-03T17:45:20Z</time>
      </trkpt>
      <trkpt lat="42.46688" lon="2.59015">
        <ele>683.87951660156</ele>
        <time>2016-11-03T17:45:24Z</time>
      </trkpt>
      <trkpt lat="42.46672" lon="2.59018">
        <ele>682.27001953125</ele>
        <time>2016-11-03T17:45:31Z</time>
      </trkpt>
      <trkpt lat="42.46661" lon="2.59021">
        <ele>680.26104736328</ele>
        <time>2016-11-03T17:45:35Z</time>
      </trkpt>
      <trkpt lat="42.46649" lon="2.59031">
        <ele>677.61694335938</ele>
        <time>2016-11-03T17:45:38Z</time>
      </trkpt>
      <trkpt lat="42.46634" lon="2.59051">
        <ele>674.55944824219</ele>
        <time>2016-11-03T17:45:42Z</time>
      </trkpt>
      <trkpt lat="42.4662" lon="2.59071">
        <ele>671.3623046875</ele>
        <time>2016-11-03T17:45:48Z</time>
      </trkpt>
      <trkpt lat="42.46616" lon="2.59084">
        <ele>670.193359375</ele>
        <time>2016-11-03T17:45:53Z</time>
      </trkpt>
      <trkpt lat="42.46617" lon="2.59097">
        <ele>670.01806640625</ele>
        <time>2016-11-03T17:45:56Z</time>
      </trkpt>
      <trkpt lat="42.46621" lon="2.59111">
        <ele>670.35412597656</ele>
        <time>2016-11-03T17:45:59Z</time>
      </trkpt>
      <trkpt lat="42.4664" lon="2.59144">
        <ele>673.34637451172</ele>
        <time>2016-11-03T17:46:02Z</time>
      </trkpt>
      <trkpt lat="42.46646" lon="2.59161">
        <ele>672.65344238281</ele>
        <time>2016-11-03T17:46:10Z</time>
      </trkpt>
      <trkpt lat="42.46648" lon="2.59174">
        <ele>671.3525390625</ele>
        <time>2016-11-03T17:46:14Z</time>
      </trkpt>
      <trkpt lat="42.46644" lon="2.59222">
        <ele>663.98590087891</ele>
        <time>2016-11-03T17:46:17Z</time>
      </trkpt>
      <trkpt lat="42.46648" lon="2.5925">
        <ele>662.46728515625</ele>
        <time>2016-11-03T17:46:27Z</time>
      </trkpt>
      <trkpt lat="42.46661" lon="2.59285">
        <ele>660.43542480469</ele>
        <time>2016-11-03T17:46:33Z</time>
      </trkpt>
      <trkpt lat="42.46667" lon="2.59305">
        <ele>658.00134277344</ele>
        <time>2016-11-03T17:46:41Z</time>
      </trkpt>
      <trkpt lat="42.46672" lon="2.59327">
        <ele>657.07067871094</ele>
        <time>2016-11-03T17:46:45Z</time>
      </trkpt>
      <trkpt lat="42.46674" lon="2.59385">
        <ele>654.96362304688</ele>
        <time>2016-11-03T17:46:50Z</time>
      </trkpt>
      <trkpt lat="42.4667" lon="2.59478">
        <ele>643.83892822266</ele>
        <time>2016-11-03T17:47:01Z</time>
      </trkpt>
      <trkpt lat="42.46673" lon="2.59488">
        <ele>643.9541015625</ele>
        <time>2016-11-03T17:47:19Z</time>
      </trkpt>
      <trkpt lat="42.46681" lon="2.595">
        <ele>643.90319824219</ele>
        <time>2016-11-03T17:47:21Z</time>
      </trkpt>
      <trkpt lat="42.46691" lon="2.59518">
        <ele>643.85595703125</ele>
        <time>2016-11-03T17:47:24Z</time>
      </trkpt>
      <trkpt lat="42.46698" lon="2.59537">
        <ele>643.92950439453</ele>
        <time>2016-11-03T17:47:28Z</time>
      </trkpt>
      <trkpt lat="42.46701" lon="2.59558">
        <ele>641.76190185547</ele>
        <time>2016-11-03T17:47:32Z</time>
      </trkpt>
      <trkpt lat="42.46702" lon="2.59579">
        <ele>640.94799804688</ele>
        <time>2016-11-03T17:47:36Z</time>
      </trkpt>
      <trkpt lat="42.46699" lon="2.59624">
        <ele>637.67218017578</ele>
        <time>2016-11-03T17:47:40Z</time>
      </trkpt>
      <trkpt lat="42.46696" lon="2.59642">
        <ele>635.91107177734</ele>
        <time>2016-11-03T17:47:49Z</time>
      </trkpt>
      <trkpt lat="42.46691" lon="2.59655">
        <ele>634.77459716797</ele>
        <time>2016-11-03T17:47:53Z</time>
      </trkpt>
      <trkpt lat="42.46682" lon="2.59678">
        <ele>633.57299804688</ele>
        <time>2016-11-03T17:47:56Z</time>
      </trkpt>
      <trkpt lat="42.46678" lon="2.59696">
        <ele>629.875</ele>
        <time>2016-11-03T17:48:01Z</time>
      </trkpt>
      <trkpt lat="42.46678" lon="2.59709">
        <ele>629.33715820312</ele>
        <time>2016-11-03T17:48:05Z</time>
      </trkpt>
      <trkpt lat="42.46681" lon="2.59727">
        <ele>628.35571289062</ele>
        <time>2016-11-03T17:48:08Z</time>
      </trkpt>
      <trkpt lat="42.46684" lon="2.59741">
        <ele>630.55755615234</ele>
        <time>2016-11-03T17:48:12Z</time>
      </trkpt>
      <trkpt lat="42.46683" lon="2.59754">
        <ele>630.39282226562</ele>
        <time>2016-11-03T17:48:15Z</time>
      </trkpt>
      <trkpt lat="42.4667" lon="2.59791">
        <ele>623.06744384766</ele>
        <time>2016-11-03T17:48:18Z</time>
      </trkpt>
      <trkpt lat="42.46669" lon="2.59822">
        <ele>620.32147216797</ele>
        <time>2016-11-03T17:48:26Z</time>
      </trkpt>
      <trkpt lat="42.46674" lon="2.59859">
        <ele>620.74719238281</ele>
        <time>2016-11-03T17:48:32Z</time>
      </trkpt>
      <trkpt lat="42.46672" lon="2.59879">
        <ele>619.97302246094</ele>
        <time>2016-11-03T17:48:39Z</time>
      </trkpt>
      <trkpt lat="42.46661" lon="2.59908">
        <ele>619.71472167969</ele>
        <time>2016-11-03T17:48:43Z</time>
      </trkpt>
      <trkpt lat="42.46652" lon="2.59922">
        <ele>617.3173828125</ele>
        <time>2016-11-03T17:48:49Z</time>
      </trkpt>
      <trkpt lat="42.46644" lon="2.59931">
        <ele>614.69079589844</ele>
        <time>2016-11-03T17:48:53Z</time>
      </trkpt>
      <trkpt lat="42.46628" lon="2.59953">
        <ele>610.69659423828</ele>
        <time>2016-11-03T17:48:56Z</time>
      </trkpt>
      <trkpt lat="42.46613" lon="2.59977">
        <ele>607.62658691406</ele>
        <time>2016-11-03T17:49:02Z</time>
      </trkpt>
      <trkpt lat="42.46603" lon="2.59997">
        <ele>606.02044677734</ele>
        <time>2016-11-03T17:49:08Z</time>
      </trkpt>
      <trkpt lat="42.46575" lon="2.6005">
        <ele>606.99127197266</ele>
        <time>2016-11-03T17:49:13Z</time>
      </trkpt>
      <trkpt lat="42.46544" lon="2.60105">
        <ele>607.01635742188</ele>
        <time>2016-11-03T17:49:26Z</time>
      </trkpt>
      <trkpt lat="42.46534" lon="2.6013">
        <ele>608.947265625</ele>
        <time>2016-11-03T17:49:40Z</time>
      </trkpt>
      <trkpt lat="42.46531" lon="2.60144">
        <ele>610.52734375</ele>
        <time>2016-11-03T17:49:46Z</time>
      </trkpt>
      <trkpt lat="42.46514" lon="2.60214">
        <ele>607.11889648438</ele>
        <time>2016-11-03T17:49:49Z</time>
      </trkpt>
      <trkpt lat="42.46503" lon="2.60268">
        <ele>604.34143066406</ele>
        <time>2016-11-03T17:50:04Z</time>
      </trkpt>
      <trkpt lat="42.46498" lon="2.60305">
        <ele>599.73529052734</ele>
        <time>2016-11-03T17:50:15Z</time>
      </trkpt>
      <trkpt lat="42.46476" lon="2.60376">
        <ele>600.74792480469</ele>
        <time>2016-11-03T17:50:22Z</time>
      </trkpt>
      <trkpt lat="42.46474" lon="2.60391">
        <ele>597.48638916016</ele>
        <time>2016-11-03T17:50:37Z</time>
      </trkpt>
      <trkpt lat="42.46469" lon="2.60406">
        <ele>592.76593017578</ele>
        <time>2016-11-03T17:50:40Z</time>
      </trkpt>
      <trkpt lat="42.46461" lon="2.60417">
        <ele>592.88922119141</ele>
        <time>2016-11-03T17:50:43Z</time>
      </trkpt>
      <trkpt lat="42.46452" lon="2.60423">
        <ele>594.44494628906</ele>
        <time>2016-11-03T17:50:46Z</time>
      </trkpt>
      <trkpt lat="42.46418" lon="2.60439">
        <ele>597.46942138672</ele>
        <time>2016-11-03T17:50:49Z</time>
      </trkpt>
      <trkpt lat="42.46401" lon="2.60449">
        <ele>596.12609863281</ele>
        <time>2016-11-03T17:50:59Z</time>
      </trkpt>
      <trkpt lat="42.46387" lon="2.6046">
        <ele>596.03411865234</ele>
        <time>2016-11-03T17:51:04Z</time>
      </trkpt>
      <trkpt lat="42.4635" lon="2.60504">
        <ele>589.92663574219</ele>
        <time>2016-11-03T17:51:08Z</time>
      </trkpt>
      <trkpt lat="42.46323" lon="2.60542">
        <ele>586.25604248047</ele>
        <time>2016-11-03T17:51:21Z</time>
      </trkpt>
      <trkpt lat="42.46299" lon="2.60584">
        <ele>578.10455322266</ele>
        <time>2016-11-03T17:51:31Z</time>
      </trkpt>
      <trkpt lat="42.46288" lon="2.60609">
        <ele>575.16320800781</ele>
        <time>2016-11-03T17:51:41Z</time>
      </trkpt>
      <trkpt lat="42.46281" lon="2.60631">
        <ele>572.93334960938</ele>
        <time>2016-11-03T17:51:47Z</time>
      </trkpt>
      <trkpt lat="42.46274" lon="2.60667">
        <ele>568.68225097656</ele>
        <time>2016-11-03T17:51:52Z</time>
      </trkpt>
      <trkpt lat="42.46267" lon="2.60698">
        <ele>566.07116699219</ele>
        <time>2016-11-03T17:51:59Z</time>
      </trkpt>
      <trkpt lat="42.46262" lon="2.60706">
        <ele>565.43334960938</ele>
        <time>2016-11-03T17:52:05Z</time>
      </trkpt>
      <trkpt lat="42.46258" lon="2.60709">
        <ele>564.98840332031</ele>
        <time>2016-11-03T17:52:07Z</time>
      </trkpt>
      <trkpt lat="42.46251" lon="2.6071">
        <ele>564.25396728516</ele>
        <time>2016-11-03T17:52:08Z</time>
      </trkpt>
      <trkpt lat="42.46246" lon="2.60708">
        <ele>563.77624511719</ele>
        <time>2016-11-03T17:52:10Z</time>
      </trkpt>
      <trkpt lat="42.4624" lon="2.607">
        <ele>563.08215332031</ele>
        <time>2016-11-03T17:52:11Z</time>
      </trkpt>
      <trkpt lat="42.46236" lon="2.60681">
        <ele>562.57275390625</ele>
        <time>2016-11-03T17:52:13Z</time>
      </trkpt>
      <trkpt lat="42.4623" lon="2.60643">
        <ele>562.24664306641</ele>
        <time>2016-11-03T17:52:17Z</time>
      </trkpt>
      <trkpt lat="42.46223" lon="2.6062">
        <ele>561.71081542969</ele>
        <time>2016-11-03T17:52:25Z</time>
      </trkpt>
      <trkpt lat="42.46218" lon="2.60588">
        <ele>561.75543212891</ele>
        <time>2016-11-03T17:52:30Z</time>
      </trkpt>
      <trkpt lat="42.46218" lon="2.60561">
        <ele>563.48754882812</ele>
        <time>2016-11-03T17:52:36Z</time>
      </trkpt>
      <trkpt lat="42.46223" lon="2.60521">
        <ele>566.19970703125</ele>
        <time>2016-11-03T17:52:41Z</time>
      </trkpt>
      <trkpt lat="42.46224" lon="2.60508">
        <ele>567.77331542969</ele>
        <time>2016-11-03T17:52:49Z</time>
      </trkpt>
      <trkpt lat="42.4622" lon="2.60497">
        <ele>569.72784423828</ele>
        <time>2016-11-03T17:52:52Z</time>
      </trkpt>
      <trkpt lat="42.46213" lon="2.60491">
        <ele>571.90075683594</ele>
        <time>2016-11-03T17:52:54Z</time>
      </trkpt>
      <trkpt lat="42.46206" lon="2.60491">
        <ele>572.41217041016</ele>
        <time>2016-11-03T17:52:56Z</time>
      </trkpt>
      <trkpt lat="42.46201" lon="2.60498">
        <ele>570.21618652344</ele>
        <time>2016-11-03T17:52:58Z</time>
      </trkpt>
      <trkpt lat="42.46198" lon="2.60508">
        <ele>566.97210693359</ele>
        <time>2016-11-03T17:53:00Z</time>
      </trkpt>
      <trkpt lat="42.46199" lon="2.60544">
        <ele>560.59320068359</ele>
        <time>2016-11-03T17:53:02Z</time>
      </trkpt>
      <trkpt lat="42.46195" lon="2.6062">
        <ele>552.25225830078</ele>
        <time>2016-11-03T17:53:09Z</time>
      </trkpt>
      <trkpt lat="42.46189" lon="2.60671">
        <ele>549.34509277344</ele>
        <time>2016-11-03T17:53:24Z</time>
      </trkpt>
      <trkpt lat="42.46175" lon="2.60708">
        <ele>546.11022949219</ele>
        <time>2016-11-03T17:53:34Z</time>
      </trkpt>
      <trkpt lat="42.46146" lon="2.6078">
        <ele>541.09191894531</ele>
        <time>2016-11-03T17:53:42Z</time>
      </trkpt>
      <trkpt lat="42.46127" lon="2.60836">
        <ele>540.36907958984</ele>
        <time>2016-11-03T17:53:58Z</time>
      </trkpt>
      <trkpt lat="42.46119" lon="2.60854">
        <ele>539.82000732422</ele>
        <time>2016-11-03T17:54:10Z</time>
      </trkpt>
      <trkpt lat="42.46108" lon="2.60869">
        <ele>538.21856689453</ele>
        <time>2016-11-03T17:54:14Z</time>
      </trkpt>
      <trkpt lat="42.46092" lon="2.60882">
        <ele>534.71350097656</ele>
        <time>2016-11-03T17:54:18Z</time>
      </trkpt>
      <trkpt lat="42.46058" lon="2.60903">
        <ele>526.06494140625</ele>
        <time>2016-11-03T17:54:23Z</time>
      </trkpt>
      <trkpt lat="42.46041" lon="2.60917">
        <ele>522.08728027344</ele>
        <time>2016-11-03T17:54:33Z</time>
      </trkpt>
      <trkpt lat="42.46032" lon="2.60931">
        <ele>519.53717041016</ele>
        <time>2016-11-03T17:54:38Z</time>
      </trkpt>
      <trkpt lat="42.46029" lon="2.60947">
        <ele>516.79052734375</ele>
        <time>2016-11-03T17:54:42Z</time>
      </trkpt>
      <trkpt lat="42.46034" lon="2.60986">
        <ele>515.38391113281</ele>
        <time>2016-11-03T17:54:45Z</time>
      </trkpt>
      <trkpt lat="42.46047" lon="2.61079">
        <ele>519.86633300781</ele>
        <time>2016-11-03T17:54:53Z</time>
      </trkpt>
      <trkpt lat="42.46047" lon="2.61095">
        <ele>520.67303466797</ele>
        <time>2016-11-03T17:55:12Z</time>
      </trkpt>
      <trkpt lat="42.46044" lon="2.61109">
        <ele>519.44415283203</ele>
        <time>2016-11-03T17:55:15Z</time>
      </trkpt>
      <trkpt lat="42.46039" lon="2.61124">
        <ele>517.96929931641</ele>
        <time>2016-11-03T17:55:18Z</time>
      </trkpt>
      <trkpt lat="42.4603" lon="2.61137">
        <ele>515.7177734375</ele>
        <time>2016-11-03T17:55:21Z</time>
      </trkpt>
      <trkpt lat="42.4597" lon="2.61185">
        <ele>502.37051391602</ele>
        <time>2016-11-03T17:55:25Z</time>
      </trkpt>
      <trkpt lat="42.45962" lon="2.61189">
        <ele>500.98233032227</ele>
        <time>2016-11-03T17:55:44Z</time>
      </trkpt>
      <trkpt lat="42.45932" lon="2.612">
        <ele>492.12643432617</ele>
        <time>2016-11-03T17:55:46Z</time>
      </trkpt>
      <trkpt lat="42.45922" lon="2.61209">
        <ele>489.60159301758</ele>
        <time>2016-11-03T17:55:54Z</time>
      </trkpt>
      <trkpt lat="42.45915" lon="2.61222">
        <ele>488.29840087891</ele>
        <time>2016-11-03T17:55:57Z</time>
      </trkpt>
      <trkpt lat="42.45911" lon="2.61238">
        <ele>488.71533203125</ele>
        <time>2016-11-03T17:56:00Z</time>
      </trkpt>
      <trkpt lat="42.45909" lon="2.61261">
        <ele>489.13616943359</ele>
        <time>2016-11-03T17:56:03Z</time>
      </trkpt>
      <trkpt lat="42.45906" lon="2.61321">
        <ele>489.84967041016</ele>
        <time>2016-11-03T17:56:08Z</time>
      </trkpt>
      <trkpt lat="42.459" lon="2.6136">
        <ele>487.7229309082</ele>
        <time>2016-11-03T17:56:20Z</time>
      </trkpt>
      <trkpt lat="42.45892" lon="2.61388">
        <ele>484.25180053711</ele>
        <time>2016-11-03T17:56:28Z</time>
      </trkpt>
      <trkpt lat="42.45885" lon="2.61397">
        <ele>485.93966674805</ele>
        <time>2016-11-03T17:56:34Z</time>
      </trkpt>
      <trkpt lat="42.4587" lon="2.61405">
        <ele>485.02069091797</ele>
        <time>2016-11-03T17:56:37Z</time>
      </trkpt>
      <trkpt lat="42.45821" lon="2.6142">
        <ele>478.6513671875</ele>
        <time>2016-11-03T17:56:41Z</time>
      </trkpt>
      <trkpt lat="42.45801" lon="2.61424">
        <ele>473.73348999023</ele>
        <time>2016-11-03T17:56:54Z</time>
      </trkpt>
      <trkpt lat="42.4579" lon="2.61431">
        <ele>472.49618530273</ele>
        <time>2016-11-03T17:56:59Z</time>
      </trkpt>
      <trkpt lat="42.45762" lon="2.61446">
        <ele>471.79013061523</ele>
        <time>2016-11-03T17:57:02Z</time>
      </trkpt>
      <trkpt lat="42.45741" lon="2.61447">
        <ele>471.39614868164</ele>
        <time>2016-11-03T17:57:10Z</time>
      </trkpt>
      <trkpt lat="42.45695" lon="2.61435">
        <ele>464.09097290039</ele>
        <time>2016-11-03T17:57:16Z</time>
      </trkpt>
      <trkpt lat="42.45668" lon="2.61426">
        <ele>460.52252197266</ele>
        <time>2016-11-03T17:57:29Z</time>
      </trkpt>
      <trkpt lat="42.45643" lon="2.61414">
        <ele>455.36373901367</ele>
        <time>2016-11-03T17:57:36Z</time>
      </trkpt>
      <trkpt lat="42.45632" lon="2.61409">
        <ele>454.70172119141</ele>
        <time>2016-11-03T17:57:43Z</time>
      </trkpt>
      <trkpt lat="42.45624" lon="2.61407">
        <ele>453.46725463867</ele>
        <time>2016-11-03T17:57:46Z</time>
      </trkpt>
      <trkpt lat="42.45596" lon="2.61413">
        <ele>451.58911132812</ele>
        <time>2016-11-03T17:57:48Z</time>
      </trkpt>
      <trkpt lat="42.45581" lon="2.6142">
        <ele>449.80163574219</ele>
        <time>2016-11-03T17:57:56Z</time>
      </trkpt>
      <trkpt lat="42.45561" lon="2.61433">
        <ele>447.47424316406</ele>
        <time>2016-11-03T17:58:00Z</time>
      </trkpt>
      <trkpt lat="42.45523" lon="2.61462">
        <ele>439.28955078125</ele>
        <time>2016-11-03T17:58:06Z</time>
      </trkpt>
      <trkpt lat="42.45508" lon="2.61483">
        <ele>435.5036315918</ele>
        <time>2016-11-03T17:58:18Z</time>
      </trkpt>
      <trkpt lat="42.45484" lon="2.61531">
        <ele>438.7682800293</ele>
        <time>2016-11-03T17:58:24Z</time>
      </trkpt>
      <trkpt lat="42.45476" lon="2.61542">
        <ele>436.91607666016</ele>
        <time>2016-11-03T17:58:35Z</time>
      </trkpt>
      <trkpt lat="42.45467" lon="2.61548">
        <ele>433.04116821289</ele>
        <time>2016-11-03T17:58:38Z</time>
      </trkpt>
      <trkpt lat="42.45432" lon="2.6157">
        <ele>430.22299194336</ele>
        <time>2016-11-03T17:58:41Z</time>
      </trkpt>
      <trkpt lat="42.45403" lon="2.61589">
        <ele>426.96572875977</ele>
        <time>2016-11-03T17:58:51Z</time>
      </trkpt>
      <trkpt lat="42.45366" lon="2.6161">
        <ele>421.8876953125</ele>
        <time>2016-11-03T17:59:00Z</time>
      </trkpt>
      <trkpt lat="42.45339" lon="2.6163">
        <ele>419.01568603516</ele>
        <time>2016-11-03T17:59:11Z</time>
      </trkpt>
      <trkpt lat="42.4531" lon="2.61649">
        <ele>414.58972167969</ele>
        <time>2016-11-03T17:59:19Z</time>
      </trkpt>
      <trkpt lat="42.45283" lon="2.61653">
        <ele>413.52227783203</ele>
        <time>2016-11-03T17:59:28Z</time>
      </trkpt>
      <trkpt lat="42.45253" lon="2.61652">
        <ele>409.41650390625</ele>
        <time>2016-11-03T17:59:35Z</time>
      </trkpt>
      <trkpt lat="42.45207" lon="2.61655">
        <ele>403.35140991211</ele>
        <time>2016-11-03T17:59:43Z</time>
      </trkpt>
      <trkpt lat="42.45157" lon="2.6166">
        <ele>396.65667724609</ele>
        <time>2016-11-03T17:59:55Z</time>
      </trkpt>
      <trkpt lat="42.45134" lon="2.6166">
        <ele>395.51641845703</ele>
        <time>2016-11-03T18:00:08Z</time>
      </trkpt>
      <trkpt lat="42.45099" lon="2.61659">
        <ele>390.58038330078</ele>
        <time>2016-11-03T18:00:14Z</time>
      </trkpt>
      <trkpt lat="42.45083" lon="2.61665">
        <ele>387.54934692383</ele>
        <time>2016-11-03T18:00:23Z</time>
      </trkpt>
      <trkpt lat="42.45073" lon="2.61681">
        <ele>385.37203979492</ele>
        <time>2016-11-03T18:00:27Z</time>
      </trkpt>
      <trkpt lat="42.4507" lon="2.61697">
        <ele>384.22991943359</ele>
        <time>2016-11-03T18:00:31Z</time>
      </trkpt>
      <trkpt lat="42.45073" lon="2.61715">
        <ele>383.20407104492</ele>
        <time>2016-11-03T18:00:34Z</time>
      </trkpt>
      <trkpt lat="42.45081" lon="2.61727">
        <ele>382.34454345703</ele>
        <time>2016-11-03T18:00:38Z</time>
      </trkpt>
      <trkpt lat="42.45091" lon="2.61738">
        <ele>380.85464477539</ele>
        <time>2016-11-03T18:00:41Z</time>
      </trkpt>
      <trkpt lat="42.45115" lon="2.61751">
        <ele>379.87548828125</ele>
        <time>2016-11-03T18:00:44Z</time>
      </trkpt>
      <trkpt lat="42.45172" lon="2.61778">
        <ele>371.96890258789</ele>
        <time>2016-11-03T18:00:51Z</time>
      </trkpt>
      <trkpt lat="42.45208" lon="2.61797">
        <ele>373.29489135742</ele>
        <time>2016-11-03T18:01:07Z</time>
      </trkpt>
      <trkpt lat="42.45218" lon="2.61807">
        <ele>372.02474975586</ele>
        <time>2016-11-03T18:01:17Z</time>
      </trkpt>
      <trkpt lat="42.45224" lon="2.6182">
        <ele>368.05502319336</ele>
        <time>2016-11-03T18:01:20Z</time>
      </trkpt>
      <trkpt lat="42.45226" lon="2.61837">
        <ele>365.66186523438</ele>
        <time>2016-11-03T18:01:23Z</time>
      </trkpt>
      <trkpt lat="42.4523" lon="2.61864">
        <ele>364.13845825195</ele>
        <time>2016-11-03T18:01:26Z</time>
      </trkpt>
      <trkpt lat="42.45236" lon="2.61877">
        <ele>365.68948364258</ele>
        <time>2016-11-03T18:01:31Z</time>
      </trkpt>
      <trkpt lat="42.45245" lon="2.61889">
        <ele>364.14947509766</ele>
        <time>2016-11-03T18:01:34Z</time>
      </trkpt>
      <trkpt lat="42.45274" lon="2.61912">
        <ele>359.18020629883</ele>
        <time>2016-11-03T18:01:37Z</time>
      </trkpt>
      <trkpt lat="42.45345" lon="2.61965">
        <ele>348.62652587891</ele>
        <time>2016-11-03T18:01:46Z</time>
      </trkpt>
      <trkpt lat="42.45368" lon="2.61984">
        <ele>346.33160400391</ele>
        <time>2016-11-03T18:02:08Z</time>
      </trkpt>
      <trkpt lat="42.45401" lon="2.62005">
        <ele>345.91555786133</ele>
        <time>2016-11-03T18:02:15Z</time>
      </trkpt>
      <trkpt lat="42.45412" lon="2.62013">
        <ele>344.9875793457</ele>
        <time>2016-11-03T18:02:25Z</time>
      </trkpt>
      <trkpt lat="42.45423" lon="2.62026">
        <ele>343.32232666016</ele>
        <time>2016-11-03T18:02:28Z</time>
      </trkpt>
      <trkpt lat="42.45437" lon="2.6205">
        <ele>340.58703613281</ele>
        <time>2016-11-03T18:02:32Z</time>
      </trkpt>
      <trkpt lat="42.45485" lon="2.62132">
        <ele>331.31100463867</ele>
        <time>2016-11-03T18:02:38Z</time>
      </trkpt>
      <trkpt lat="42.45535" lon="2.62207">
        <ele>324.12142944336</ele>
        <time>2016-11-03T18:02:59Z</time>
      </trkpt>
      <trkpt lat="42.45553" lon="2.62238">
        <ele>321.55584716797</ele>
        <time>2016-11-03T18:03:19Z</time>
      </trkpt>
      <trkpt lat="42.45568" lon="2.6227">
        <ele>319.18774414062</ele>
        <time>2016-11-03T18:03:27Z</time>
      </trkpt>
      <trkpt lat="42.45609" lon="2.62346">
        <ele>316.30850219727</ele>
        <time>2016-11-03T18:03:34Z</time>
      </trkpt>
      <trkpt lat="42.45618" lon="2.62373">
        <ele>314.55142211914</ele>
        <time>2016-11-03T18:03:53Z</time>
      </trkpt>
      <trkpt lat="42.4562" lon="2.62409">
        <ele>313.3005065918</ele>
        <time>2016-11-03T18:03:59Z</time>
      </trkpt>
      <trkpt lat="42.45619" lon="2.62423">
        <ele>312.92193603516</ele>
        <time>2016-11-03T18:04:06Z</time>
      </trkpt>
      <trkpt lat="42.45615" lon="2.62442">
        <ele>312.09634399414</ele>
        <time>2016-11-03T18:04:09Z</time>
      </trkpt>
      <trkpt lat="42.45598" lon="2.6248">
        <ele>311.5729675293</ele>
        <time>2016-11-03T18:04:13Z</time>
      </trkpt>
      <trkpt lat="42.45589" lon="2.62495">
        <ele>311.18026733398</ele>
        <time>2016-11-03T18:04:22Z</time>
      </trkpt>
      <trkpt lat="42.45581" lon="2.62503">
        <ele>310.88845825195</ele>
        <time>2016-11-03T18:04:26Z</time>
      </trkpt>
      <trkpt lat="42.45566" lon="2.6251">
        <ele>309.63638305664</ele>
        <time>2016-11-03T18:04:29Z</time>
      </trkpt>
      <trkpt lat="42.45519" lon="2.62519">
        <ele>306.91928100586</ele>
        <time>2016-11-03T18:04:33Z</time>
      </trkpt>
      <trkpt lat="42.45507" lon="2.62519">
        <ele>305.46328735352</ele>
        <time>2016-11-03T18:04:46Z</time>
      </trkpt>
      <trkpt lat="42.45497" lon="2.62516">
        <ele>304.91403198242</ele>
        <time>2016-11-03T18:04:49Z</time>
      </trkpt>
      <trkpt lat="42.45489" lon="2.62512">
        <ele>304.12844848633</ele>
        <time>2016-11-03T18:04:52Z</time>
      </trkpt>
      <trkpt lat="42.45489" lon="2.62512">
        <ele>304.12844848633</ele>
        <time>2016-11-03T18:04:54Z</time>
      </trkpt>
      <trkpt lat="42.45478" lon="2.62503">
        <ele>303.68743896484</ele>
        <time>2016-11-03T18:04:54Z</time>
      </trkpt>
      <trkpt lat="42.45463" lon="2.62502">
        <ele>302.60745239258</ele>
        <time>2016-11-03T18:04:57Z</time>
      </trkpt>
      <trkpt lat="42.45451" lon="2.62495">
        <ele>302.21719360352</ele>
        <time>2016-11-03T18:05:01Z</time>
      </trkpt>
      <trkpt lat="42.45446" lon="2.62495">
        <ele>301.69735717773</ele>
        <time>2016-11-03T18:05:04Z</time>
      </trkpt>
      <trkpt lat="42.45447" lon="2.62502">
        <ele>301.46166992188</ele>
        <time>2016-11-03T18:05:05Z</time>
      </trkpt>
      <trkpt lat="42.45449" lon="2.62519">
        <ele>300.95196533203</ele>
        <time>2016-11-03T18:05:06Z</time>
      </trkpt>
      <trkpt lat="42.45446" lon="2.6257">
        <ele>300.14373779297</ele>
        <time>2016-11-03T18:05:09Z</time>
      </trkpt>
      <trkpt lat="42.45442" lon="2.62648">
        <ele>299.0173034668</ele>
        <time>2016-11-03T18:05:19Z</time>
      </trkpt>
      <trkpt lat="42.4544" lon="2.62699">
        <ele>298.23300170898</ele>
        <time>2016-11-03T18:05:34Z</time>
      </trkpt>
      <trkpt lat="42.45441" lon="2.62732">
        <ele>297.50018310547</ele>
        <time>2016-11-03T18:05:44Z</time>
      </trkpt>
      <trkpt lat="42.45444" lon="2.62763">
        <ele>297.99746704102</ele>
        <time>2016-11-03T18:05:51Z</time>
      </trkpt>
      <trkpt lat="42.45456" lon="2.6282">
        <ele>298.59503173828</ele>
        <time>2016-11-03T18:05:57Z</time>
      </trkpt>
      <trkpt lat="42.45472" lon="2.62866">
        <ele>297.47595214844</ele>
        <time>2016-11-03T18:06:09Z</time>
      </trkpt>
      <trkpt lat="42.45552" lon="2.63042">
        <ele>293.47988891602</ele>
        <time>2016-11-03T18:06:19Z</time>
      </trkpt>
      <trkpt lat="42.45585" lon="2.63118">
        <ele>293.15869140625</ele>
        <time>2016-11-03T18:07:00Z</time>
      </trkpt>
      <trkpt lat="42.456" lon="2.63165">
        <ele>294.88681030273</ele>
        <time>2016-11-03T18:07:17Z</time>
      </trkpt>
      <trkpt lat="42.45636" lon="2.6331">
        <ele>292.30874633789</ele>
        <time>2016-11-03T18:07:27Z</time>
      </trkpt>
      <trkpt lat="42.45642" lon="2.63324">
        <ele>292.59661865234</ele>
        <time>2016-11-03T18:07:57Z</time>
      </trkpt>
      <trkpt lat="42.45649" lon="2.63332">
        <ele>291.88714599609</ele>
        <time>2016-11-03T18:08:00Z</time>
      </trkpt>
      <trkpt lat="42.45641" lon="2.63339">
        <ele>291.6787109375</ele>
        <time>2016-11-03T18:08:02Z</time>
      </trkpt>
      <trkpt lat="42.45618" lon="2.63348">
        <ele>290.61260986328</ele>
        <time>2016-11-03T18:08:05Z</time>
      </trkpt>
      <trkpt lat="42.45595" lon="2.63398">
        <ele>287.36929321289</ele>
        <time>2016-11-03T18:08:11Z</time>
      </trkpt>
      <trkpt lat="42.45582" lon="2.63422">
        <ele>285.79928588867</ele>
        <time>2016-11-03T18:08:23Z</time>
      </trkpt>
      <trkpt lat="42.4557" lon="2.63439">
        <ele>286.19284057617</ele>
        <time>2016-11-03T18:08:29Z</time>
      </trkpt>
      <trkpt lat="42.45564" lon="2.6345">
        <ele>286.56192016602</ele>
        <time>2016-11-03T18:08:34Z</time>
      </trkpt>
      <trkpt lat="42.45558" lon="2.6347">
        <ele>285.88180541992</ele>
        <time>2016-11-03T18:08:37Z</time>
      </trkpt>
      <trkpt lat="42.45553" lon="2.63499">
        <ele>284.93423461914</ele>
        <time>2016-11-03T18:08:41Z</time>
      </trkpt>
      <trkpt lat="42.45554" lon="2.63508">
        <ele>284.63940429688</ele>
        <time>2016-11-03T18:08:47Z</time>
      </trkpt>
      <trkpt lat="42.45562" lon="2.63534">
        <ele>283.08541870117</ele>
        <time>2016-11-03T18:08:49Z</time>
      </trkpt>
      <trkpt lat="42.45567" lon="2.63544">
        <ele>281.21820068359</ele>
        <time>2016-11-03T18:08:55Z</time>
      </trkpt>
      <trkpt lat="42.45582" lon="2.63553">
        <ele>279.91806030273</ele>
        <time>2016-11-03T18:08:57Z</time>
      </trkpt>
      <trkpt lat="42.4562" lon="2.63569">
        <ele>277.7907409668</ele>
        <time>2016-11-03T18:09:01Z</time>
      </trkpt>
      <trkpt lat="42.45631" lon="2.63574">
        <ele>277.16848754883</ele>
        <time>2016-11-03T18:09:12Z</time>
      </trkpt>
      <trkpt lat="42.4563" lon="2.63584">
        <ele>276.59243774414</ele>
        <time>2016-11-03T18:09:15Z</time>
      </trkpt>
      <trkpt lat="42.4563" lon="2.63619">
        <ele>274.85064697266</ele>
        <time>2016-11-03T18:09:17Z</time>
      </trkpt>
      <trkpt lat="42.45632" lon="2.6364">
        <ele>274.10885620117</ele>
        <time>2016-11-03T18:09:24Z</time>
      </trkpt>
      <trkpt lat="42.45664" lon="2.63635">
        <ele>272.24899291992</ele>
        <time>2016-11-03T18:09:28Z</time>
      </trkpt>
      <trkpt lat="42.45721" lon="2.63623">
        <ele>273.09466552734</ele>
        <time>2016-11-03T18:09:37Z</time>
      </trkpt>
      <trkpt lat="42.4574" lon="2.63628">
        <ele>271.32196044922</ele>
        <time>2016-11-03T18:09:52Z</time>
      </trkpt>
      <trkpt lat="42.45752" lon="2.63631">
        <ele>270.99810791016</ele>
        <time>2016-11-03T18:09:57Z</time>
      </trkpt>
    </trkseg>
  </trk>
</gpx>