<?xml version="1.0" encoding="UTF-8" standalone="no" ?>
<gpx xmlns="http://www.topografix.com/GPX/1/1" xmlns:xsi="http://www.w3.org/2001/XMLSchema-instance" xsi:schemaLocation="http://www.topografix.com/GPX/1/1 http://www.topografix.com/GPX/1/1/gpx.xsd" version="1.1" creator="VisuGPX - https://www.visugpx.com">
  <metadata>
    <name>Amélie-les-Bains, vers le massif du Canigou</name>
    <desc><![CDATA[Située sur le territoire du [b]Sud-Canigou[/b] dans les Pyrénées Orientales, [b]Amélie-les-Bains[/b] s'est développée au fil des siècles dans la vallée du Tech. Réputée depuis l'antiquité pour ses eaux, la ville est une station thermale très fréquentée et le point de départ de nombreuses randonnées. Ce topo décrit un mini-trek de 2 jours réalisé en juin 2021 dans le Sud-Canigou à partir d'Amélie-les-Bains. Un circuit sans difficulté majeure, il suit les balises du [b]GRP de la Ronde du Canigou[/b] et du [b]GR10[/b] sur la totalité du parcours.
Départ du camping d'Amélie-les-Bains.

[b]Amélie les bains - Refuge de Batère [/b]: Une première montée par les [i]villages balcons du Valespir[/i], Palalda et MontBolo situé à 600 m d'altitude avec une vue sur Amélie-les-Bains. Continuez la progression en suivant le balisage du [i]GRP de la Ronde du Canigou[/i]. Un beau sentier coloré par le [i]col de la Reducta[/i] avec des vues panoramiques au fur et à mesure de la montée. Au KM9, sur la ligne de crête, suivre jusqu'au col de [i]Formentera[/i] l'ancienne voie ferrée ayant servi au transport du minerai de fer extrait dans le massif du Canigou.
Un beau chemin en balcon avec des points de vue exceptionnels sur la plaine du Roussillon et l'océan. 
Au KM13, la [i]Torre de Batera[/i] est une ancienne tour à signaux d'observation et de défense de l'époque médiévale. 
Après la tour, prendre le sentier situé au nord de l'ancienne voie ferrée pour rejoindre le refuge par le [i]Collet de Pei[/i] et une ancienne mine au dessus du gîte. 

[b]Refuge de Batère - Amélie les Bains[/b] :
Le refuge Batère est un ancien hébergement des mineurs qui extrayaient le célèbre [i]minerai de fer du Canigou[/i] et que l'on transportait par cable  aérien dans la vallée à [i]Arles-sur-Tech [/i] 
Au col de la [i]Descarga[/i], commencer la descente du [i]GR10[/i] sur un sentier verdoyant avec vue sur la tour de Batère. Au fil de la descente le sentier est de plus en plus rocailleux avec de nombreuses traces du passé minier : câbles semi-enterrés, pylônes rouillés du câble aérien, l'ancienne [i]gare d'aiguillage de Jacouty[/i] ...
A [i]Arles-sur-Tech[/i], découverte des vestiges de l'ancien centre de traitement du minerai avant son transport dans la vallée par chemin de fer. 
Quittez le GR10 au KM12 pour suivre le [i]GRP de la Ronde du Canigou[/i] longeant la rivière du Tech jusqu'à Amélie-les-Bains.  

[b]Documentation complémentaire[/b] : 
- Amélie-les-Bains : [url]https://www.les-pyrenees-orientales.com/Villages/AmelieLesBains.php[/url]
- la Tour de Batère : [url][url]http://www.sauvegardetourdebatere.org/la-tour-de-batere/[/url].[/url] 
- le refuge de Batère : [url]http://www.refugedebatere.fr/le-refuge/[/url]
- les mines du Vallespir : [url]http://www.guideduvallespir.com/accueil/vallespir-tourisme/sites-historiques/les-mines-de-batere/[/url]
- les randonnées du Sud-Canigou : [url]https://www.sudcanigo.com/pleine-nature/randonnees/randonnees-pedestres/[/url]]]></desc>
  </metadata>
  <wpt lat="42.47895" lon="2.6741">
    <ele>208.9</ele>
    <name><![CDATA[Amélie les Bains]]></name>
    <type><![CDATA[camping]]></type>
  </wpt>
  <wpt lat="42.48474" lon="2.67457">
    <ele>252.5</ele>
    <name><![CDATA[Palalda]]></name>
    <type><![CDATA[vue]]></type>
  </wpt>
  <wpt lat="42.48506" lon="2.65502">
    <ele>593.4</ele>
    <name><![CDATA[Montbolo]]></name>
    <type><![CDATA[vue]]></type>
  </wpt>
  <wpt lat="42.49384" lon="2.6361">
    <ele>870.6</ele>
    <name><![CDATA[Col de la Reducta]]></name>
    <type><![CDATA[col]]></type>
  </wpt>
  <wpt lat="42.50275" lon="2.60599">
    <ele>1129.7</ele>
    <name><![CDATA[Col de Formentera]]></name>
    <type><![CDATA[col]]></type>
  </wpt>
  <wpt lat="42.50177" lon="2.58906">
    <ele>1326.7</ele>
    <name><![CDATA[Col de Buffador]]></name>
    <type><![CDATA[col]]></type>
  </wpt>
  <wpt lat="42.50151" lon="2.54879">
    <ele>1448.4</ele>
    <name><![CDATA[Refuge de Batère]]></name>
    <type><![CDATA[refuge]]></type>
  </wpt>
  <wpt lat="42.50178" lon="2.55619">
    <ele>1390.6</ele>
    <name><![CDATA[Col de la Descarga]]></name>
    <type><![CDATA[col]]></type>
  </wpt>
  <wpt lat="42.45753" lon="2.63414">
    <ele>283.6</ele>
    <name><![CDATA[Arles sur Tech]]></name>
    <type><![CDATA[vue]]></type>
  </wpt>
  <wpt lat="42.47499" lon="2.66644">
    <ele>221</ele>
    <name><![CDATA[Amélie les Bains]]></name>
    <type><![CDATA[vue]]></type>
  </wpt>
  <wpt lat="42.48572" lon="2.58378">
    <ele>772.4</ele>
    <name><![CDATA[GR10]]></name>
    <type><![CDATA[vue]]></type>
  </wpt>
  <wpt lat="42.51279" lon="2.54866">
    <ele>1704.3</ele>
    <name><![CDATA[Piug de l'Estelle]]></name>
    <type><![CDATA[sommet]]></type>
  </wpt>
  <trk>
    <name><![CDATA[Amélie-les-Bains, vers le massif du Canigou_1]]></name>
    <extensions>
      <line xmlns="http://www.topografix.com/GPX/gpx_style/0/2">
        <color>0000FF</color>
        <opacity>1</opacity>
        <width>3</width>
          <extensions>
            <sens>1</sens>
          </extensions>
      </line>
    </extensions>
    <trkseg>
      <trkpt lat="42.4789" lon="2.6741">
        <ele>209.4</ele>
      </trkpt>
      <trkpt lat="42.4789" lon="2.6741">
        <ele>209.4</ele>
      </trkpt>
      <trkpt lat="42.4789" lon="2.67409">
        <ele>209.3</ele>
      </trkpt>
      <trkpt lat="42.47883" lon="2.67404">
        <ele>209.3</ele>
      </trkpt>
      <trkpt lat="42.4788" lon="2.67413">
        <ele>209.8</ele>
      </trkpt>
      <trkpt lat="42.47877" lon="2.67421">
        <ele>210.3</ele>
      </trkpt>
      <trkpt lat="42.47882" lon="2.67425">
        <ele>210.4</ele>
      </trkpt>
      <trkpt lat="42.47887" lon="2.67429">
        <ele>210.5</ele>
      </trkpt>
      <trkpt lat="42.47891" lon="2.67432">
        <ele>210.4</ele>
      </trkpt>
      <trkpt lat="42.47896" lon="2.67436">
        <ele>210.3</ele>
      </trkpt>
      <trkpt lat="42.47902" lon="2.6744">
        <ele>210.3</ele>
      </trkpt>
      <trkpt lat="42.47908" lon="2.67445">
        <ele>210.4</ele>
      </trkpt>
      <trkpt lat="42.47913" lon="2.67449">
        <ele>210.4</ele>
      </trkpt>
      <trkpt lat="42.47919" lon="2.67454">
        <ele>210.5</ele>
      </trkpt>
      <trkpt lat="42.47925" lon="2.67458">
        <ele>210.4</ele>
      </trkpt>
      <trkpt lat="42.47931" lon="2.67463">
        <ele>210.5</ele>
      </trkpt>
      <trkpt lat="42.47936" lon="2.67467">
        <ele>210.7</ele>
      </trkpt>
      <trkpt lat="42.47942" lon="2.67472">
        <ele>211</ele>
      </trkpt>
      <trkpt lat="42.47948" lon="2.67476">
        <ele>210.7</ele>
      </trkpt>
      <trkpt lat="42.47954" lon="2.6748">
        <ele>210.3</ele>
      </trkpt>
      <trkpt lat="42.47959" lon="2.67485">
        <ele>210</ele>
      </trkpt>
      <trkpt lat="42.47965" lon="2.67489">
        <ele>210</ele>
      </trkpt>
      <trkpt lat="42.47971" lon="2.67494">
        <ele>210.2</ele>
      </trkpt>
      <trkpt lat="42.47977" lon="2.67498">
        <ele>210.4</ele>
      </trkpt>
      <trkpt lat="42.47982" lon="2.67503">
        <ele>210.4</ele>
      </trkpt>
      <trkpt lat="42.47988" lon="2.67507">
        <ele>210.3</ele>
      </trkpt>
      <trkpt lat="42.47994" lon="2.67513">
        <ele>210.3</ele>
      </trkpt>
      <trkpt lat="42.47999" lon="2.67519">
        <ele>210.4</ele>
      </trkpt>
      <trkpt lat="42.48002" lon="2.67525">
        <ele>210.6</ele>
      </trkpt>
      <trkpt lat="42.48005" lon="2.67531">
        <ele>210.6</ele>
      </trkpt>
      <trkpt lat="42.48007" lon="2.67536">
        <ele>210.6</ele>
      </trkpt>
      <trkpt lat="42.4801" lon="2.67542">
        <ele>210.6</ele>
      </trkpt>
      <trkpt lat="42.48008" lon="2.6755">
        <ele>211.2</ele>
      </trkpt>
      <trkpt lat="42.48005" lon="2.67557">
        <ele>211.8</ele>
      </trkpt>
      <trkpt lat="42.48005" lon="2.67564">
        <ele>212.7</ele>
      </trkpt>
      <trkpt lat="42.48009" lon="2.67572">
        <ele>213.3</ele>
      </trkpt>
      <trkpt lat="42.48012" lon="2.67579">
        <ele>213.8</ele>
      </trkpt>
      <trkpt lat="42.48016" lon="2.67587">
        <ele>213.9</ele>
      </trkpt>
      <trkpt lat="42.48019" lon="2.67594">
        <ele>213.6</ele>
      </trkpt>
      <trkpt lat="42.48022" lon="2.67602">
        <ele>213.6</ele>
      </trkpt>
      <trkpt lat="42.48024" lon="2.67609">
        <ele>213.5</ele>
      </trkpt>
      <trkpt lat="42.48023" lon="2.67617">
        <ele>214.3</ele>
      </trkpt>
      <trkpt lat="42.48018" lon="2.67623">
        <ele>215.4</ele>
      </trkpt>
      <trkpt lat="42.48013" lon="2.6763">
        <ele>216.5</ele>
      </trkpt>
      <trkpt lat="42.48007" lon="2.67636">
        <ele>217.3</ele>
      </trkpt>
      <trkpt lat="42.48011" lon="2.6764">
        <ele>217.2</ele>
      </trkpt>
      <trkpt lat="42.48016" lon="2.67644">
        <ele>217</ele>
      </trkpt>
      <trkpt lat="42.4802" lon="2.67647">
        <ele>216.7</ele>
      </trkpt>
      <trkpt lat="42.48024" lon="2.67651">
        <ele>216.4</ele>
      </trkpt>
      <trkpt lat="42.4803" lon="2.67659">
        <ele>215.8</ele>
      </trkpt>
      <trkpt lat="42.48035" lon="2.67666">
        <ele>215.5</ele>
      </trkpt>
      <trkpt lat="42.48041" lon="2.67675">
        <ele>215.1</ele>
      </trkpt>
      <trkpt lat="42.48046" lon="2.67683">
        <ele>214.7</ele>
      </trkpt>
      <trkpt lat="42.48051" lon="2.67693">
        <ele>214.3</ele>
      </trkpt>
      <trkpt lat="42.48056" lon="2.67702">
        <ele>214</ele>
      </trkpt>
      <trkpt lat="42.48061" lon="2.67712">
        <ele>213.5</ele>
      </trkpt>
      <trkpt lat="42.48066" lon="2.67721">
        <ele>213.2</ele>
      </trkpt>
      <trkpt lat="42.4807" lon="2.6773">
        <ele>213.2</ele>
      </trkpt>
      <trkpt lat="42.48074" lon="2.67739">
        <ele>213.1</ele>
      </trkpt>
      <trkpt lat="42.48078" lon="2.67747">
        <ele>212.7</ele>
      </trkpt>
      <trkpt lat="42.48082" lon="2.67756">
        <ele>212</ele>
      </trkpt>
      <trkpt lat="42.48083" lon="2.67762">
        <ele>211.7</ele>
      </trkpt>
      <trkpt lat="42.48084" lon="2.67769">
        <ele>211.3</ele>
      </trkpt>
      <trkpt lat="42.48084" lon="2.67775">
        <ele>211</ele>
      </trkpt>
      <trkpt lat="42.48085" lon="2.67782">
        <ele>210.9</ele>
      </trkpt>
      <trkpt lat="42.48086" lon="2.67788">
        <ele>210.8</ele>
      </trkpt>
      <trkpt lat="42.48087" lon="2.67794">
        <ele>210.8</ele>
      </trkpt>
      <trkpt lat="42.48087" lon="2.67801">
        <ele>210.7</ele>
      </trkpt>
      <trkpt lat="42.48088" lon="2.67807">
        <ele>210.7</ele>
      </trkpt>
      <trkpt lat="42.48092" lon="2.67813">
        <ele>210.5</ele>
      </trkpt>
      <trkpt lat="42.48096" lon="2.67818">
        <ele>210.3</ele>
      </trkpt>
      <trkpt lat="42.48099" lon="2.6782">
        <ele>210.1</ele>
      </trkpt>
      <trkpt lat="42.48101" lon="2.6782">
        <ele>209.9</ele>
      </trkpt>
      <trkpt lat="42.48101" lon="2.6783">
        <ele>210</ele>
      </trkpt>
      <trkpt lat="42.48107" lon="2.67828">
        <ele>209.5</ele>
      </trkpt>
      <trkpt lat="42.48112" lon="2.67826">
        <ele>209</ele>
      </trkpt>
      <trkpt lat="42.48118" lon="2.67827">
        <ele>208.8</ele>
      </trkpt>
      <trkpt lat="42.48122" lon="2.67831">
        <ele>208.6</ele>
      </trkpt>
      <trkpt lat="42.48125" lon="2.67835">
        <ele>208.5</ele>
      </trkpt>
      <trkpt lat="42.48128" lon="2.67844">
        <ele>208.5</ele>
      </trkpt>
      <trkpt lat="42.48131" lon="2.67852">
        <ele>208.5</ele>
      </trkpt>
      <trkpt lat="42.48134" lon="2.67861">
        <ele>208.4</ele>
      </trkpt>
      <trkpt lat="42.48137" lon="2.6787">
        <ele>208.2</ele>
      </trkpt>
      <trkpt lat="42.4814" lon="2.67878">
        <ele>208</ele>
      </trkpt>
      <trkpt lat="42.48143" lon="2.67887">
        <ele>207.9</ele>
      </trkpt>
      <trkpt lat="42.48146" lon="2.67895">
        <ele>207.9</ele>
      </trkpt>
      <trkpt lat="42.48149" lon="2.67904">
        <ele>208</ele>
      </trkpt>
      <trkpt lat="42.48151" lon="2.67911">
        <ele>208</ele>
      </trkpt>
      <trkpt lat="42.48154" lon="2.67918">
        <ele>207.9</ele>
      </trkpt>
      <trkpt lat="42.48156" lon="2.67925">
        <ele>207.8</ele>
      </trkpt>
      <trkpt lat="42.48159" lon="2.67933">
        <ele>207.6</ele>
      </trkpt>
      <trkpt lat="42.48161" lon="2.6794">
        <ele>207.4</ele>
      </trkpt>
      <trkpt lat="42.48163" lon="2.67947">
        <ele>207.2</ele>
      </trkpt>
      <trkpt lat="42.48166" lon="2.67954">
        <ele>207.1</ele>
      </trkpt>
      <trkpt lat="42.48168" lon="2.67961">
        <ele>206.9</ele>
      </trkpt>
      <trkpt lat="42.4817" lon="2.67967">
        <ele>206.8</ele>
      </trkpt>
      <trkpt lat="42.48171" lon="2.67973">
        <ele>206.7</ele>
      </trkpt>
      <trkpt lat="42.48173" lon="2.67979">
        <ele>206.6</ele>
      </trkpt>
      <trkpt lat="42.48174" lon="2.67985">
        <ele>206.5</ele>
      </trkpt>
      <trkpt lat="42.48176" lon="2.6799">
        <ele>206.4</ele>
      </trkpt>
      <trkpt lat="42.48177" lon="2.67996">
        <ele>206.3</ele>
      </trkpt>
      <trkpt lat="42.48179" lon="2.68002">
        <ele>206.1</ele>
      </trkpt>
      <trkpt lat="42.4818" lon="2.68008">
        <ele>206</ele>
      </trkpt>
      <trkpt lat="42.48183" lon="2.68017">
        <ele>205.8</ele>
      </trkpt>
      <trkpt lat="42.48186" lon="2.68026">
        <ele>205.6</ele>
      </trkpt>
      <trkpt lat="42.48188" lon="2.68034">
        <ele>205.6</ele>
      </trkpt>
      <trkpt lat="42.48191" lon="2.68043">
        <ele>205.7</ele>
      </trkpt>
      <trkpt lat="42.48196" lon="2.68043">
        <ele>205.4</ele>
      </trkpt>
      <trkpt lat="42.482" lon="2.68042">
        <ele>205</ele>
      </trkpt>
      <trkpt lat="42.48208" lon="2.68041">
        <ele>204.3</ele>
      </trkpt>
      <trkpt lat="42.48215" lon="2.68039">
        <ele>203.8</ele>
      </trkpt>
      <trkpt lat="42.4822" lon="2.68037">
        <ele>203.5</ele>
      </trkpt>
      <trkpt lat="42.48225" lon="2.68034">
        <ele>203.3</ele>
      </trkpt>
      <trkpt lat="42.4823" lon="2.68032">
        <ele>203</ele>
      </trkpt>
      <trkpt lat="42.48235" lon="2.68029">
        <ele>202.6</ele>
      </trkpt>
      <trkpt lat="42.48242" lon="2.68027">
        <ele>202</ele>
      </trkpt>
      <trkpt lat="42.48248" lon="2.68024">
        <ele>201.6</ele>
      </trkpt>
      <trkpt lat="42.48255" lon="2.68022">
        <ele>201.4</ele>
      </trkpt>
      <trkpt lat="42.48261" lon="2.68019">
        <ele>201.1</ele>
      </trkpt>
      <trkpt lat="42.48265" lon="2.68017">
        <ele>200.8</ele>
      </trkpt>
      <trkpt lat="42.4827" lon="2.68014">
        <ele>200.4</ele>
      </trkpt>
      <trkpt lat="42.48274" lon="2.68012">
        <ele>199.9</ele>
      </trkpt>
      <trkpt lat="42.48279" lon="2.68009">
        <ele>199.3</ele>
      </trkpt>
      <trkpt lat="42.48283" lon="2.68007">
        <ele>199.2</ele>
      </trkpt>
      <trkpt lat="42.48287" lon="2.68004">
        <ele>199.1</ele>
      </trkpt>
      <trkpt lat="42.48292" lon="2.68002">
        <ele>199</ele>
      </trkpt>
      <trkpt lat="42.48296" lon="2.67999">
        <ele>199</ele>
      </trkpt>
      <trkpt lat="42.48302" lon="2.67998">
        <ele>199</ele>
      </trkpt>
      <trkpt lat="42.48308" lon="2.67997">
        <ele>199</ele>
      </trkpt>
      <trkpt lat="42.48313" lon="2.67996">
        <ele>199</ele>
      </trkpt>
      <trkpt lat="42.48319" lon="2.67995">
        <ele>198.9</ele>
      </trkpt>
      <trkpt lat="42.48325" lon="2.67995">
        <ele>198.9</ele>
      </trkpt>
      <trkpt lat="42.48333" lon="2.67995">
        <ele>198.8</ele>
      </trkpt>
      <trkpt lat="42.48334" lon="2.67989">
        <ele>198.5</ele>
      </trkpt>
      <trkpt lat="42.48335" lon="2.67982">
        <ele>198</ele>
      </trkpt>
      <trkpt lat="42.48335" lon="2.67976">
        <ele>197.5</ele>
      </trkpt>
      <trkpt lat="42.48336" lon="2.67969">
        <ele>197.1</ele>
      </trkpt>
      <trkpt lat="42.48335" lon="2.67959">
        <ele>197.5</ele>
      </trkpt>
      <trkpt lat="42.48334" lon="2.67948">
        <ele>197.9</ele>
      </trkpt>
      <trkpt lat="42.48333" lon="2.67938">
        <ele>197.5</ele>
      </trkpt>
      <trkpt lat="42.48332" lon="2.67927">
        <ele>196.9</ele>
      </trkpt>
      <trkpt lat="42.4833" lon="2.67917">
        <ele>196.3</ele>
      </trkpt>
      <trkpt lat="42.48329" lon="2.67906">
        <ele>195.8</ele>
      </trkpt>
      <trkpt lat="42.48328" lon="2.67896">
        <ele>195.5</ele>
      </trkpt>
      <trkpt lat="42.48327" lon="2.67885">
        <ele>195.2</ele>
      </trkpt>
      <trkpt lat="42.48327" lon="2.67874">
        <ele>194.5</ele>
      </trkpt>
      <trkpt lat="42.48332" lon="2.67867">
        <ele>192.8</ele>
      </trkpt>
      <trkpt lat="42.48331" lon="2.67861">
        <ele>192.7</ele>
      </trkpt>
      <trkpt lat="42.4833" lon="2.67855">
        <ele>192.9</ele>
      </trkpt>
      <trkpt lat="42.48329" lon="2.67848">
        <ele>193.1</ele>
      </trkpt>
      <trkpt lat="42.48328" lon="2.67842">
        <ele>193.3</ele>
      </trkpt>
      <trkpt lat="42.48328" lon="2.67836">
        <ele>193.5</ele>
      </trkpt>
      <trkpt lat="42.48327" lon="2.67829">
        <ele>193.7</ele>
      </trkpt>
      <trkpt lat="42.48326" lon="2.67823">
        <ele>193.9</ele>
      </trkpt>
      <trkpt lat="42.48325" lon="2.67816">
        <ele>194.1</ele>
      </trkpt>
      <trkpt lat="42.48324" lon="2.6781">
        <ele>194.4</ele>
      </trkpt>
      <trkpt lat="42.48322" lon="2.67802">
        <ele>194.6</ele>
      </trkpt>
      <trkpt lat="42.48321" lon="2.67795">
        <ele>194.7</ele>
      </trkpt>
      <trkpt lat="42.48319" lon="2.67787">
        <ele>194.7</ele>
      </trkpt>
      <trkpt lat="42.48317" lon="2.67779">
        <ele>194.6</ele>
      </trkpt>
      <trkpt lat="42.48316" lon="2.67772">
        <ele>194.5</ele>
      </trkpt>
      <trkpt lat="42.48315" lon="2.67764">
        <ele>194.3</ele>
      </trkpt>
      <trkpt lat="42.48315" lon="2.67758">
        <ele>194</ele>
      </trkpt>
      <trkpt lat="42.48318" lon="2.67753">
        <ele>193.3</ele>
      </trkpt>
      <trkpt lat="42.48326" lon="2.67749">
        <ele>192</ele>
      </trkpt>
      <trkpt lat="42.48329" lon="2.67744">
        <ele>191.4</ele>
      </trkpt>
      <trkpt lat="42.48329" lon="2.67737">
        <ele>191.1</ele>
      </trkpt>
      <trkpt lat="42.48331" lon="2.67736">
        <ele>190.8</ele>
      </trkpt>
      <trkpt lat="42.48337" lon="2.67732">
        <ele>190.2</ele>
      </trkpt>
      <trkpt lat="42.48343" lon="2.67729">
        <ele>189.8</ele>
      </trkpt>
      <trkpt lat="42.48349" lon="2.67725">
        <ele>189.5</ele>
      </trkpt>
      <trkpt lat="42.48355" lon="2.67721">
        <ele>189.2</ele>
      </trkpt>
      <trkpt lat="42.48361" lon="2.67717">
        <ele>189</ele>
      </trkpt>
      <trkpt lat="42.48367" lon="2.67714">
        <ele>189.2</ele>
      </trkpt>
      <trkpt lat="42.48373" lon="2.6771">
        <ele>189.4</ele>
      </trkpt>
      <trkpt lat="42.48379" lon="2.67706">
        <ele>189.6</ele>
      </trkpt>
      <trkpt lat="42.48384" lon="2.67702">
        <ele>189.8</ele>
      </trkpt>
      <trkpt lat="42.4839" lon="2.67699">
        <ele>190</ele>
      </trkpt>
      <trkpt lat="42.48396" lon="2.67695">
        <ele>190.3</ele>
      </trkpt>
      <trkpt lat="42.48402" lon="2.67691">
        <ele>190.7</ele>
      </trkpt>
      <trkpt lat="42.48408" lon="2.67687">
        <ele>191.4</ele>
      </trkpt>
      <trkpt lat="42.48414" lon="2.67684">
        <ele>192.3</ele>
      </trkpt>
      <trkpt lat="42.4842" lon="2.6768">
        <ele>193.7</ele>
      </trkpt>
      <trkpt lat="42.48426" lon="2.67676">
        <ele>195.1</ele>
      </trkpt>
      <trkpt lat="42.4843" lon="2.67673">
        <ele>196.1</ele>
      </trkpt>
      <trkpt lat="42.48425" lon="2.67666">
        <ele>196.3</ele>
      </trkpt>
      <trkpt lat="42.48421" lon="2.6766">
        <ele>196.6</ele>
      </trkpt>
      <trkpt lat="42.48417" lon="2.67654">
        <ele>196.5</ele>
      </trkpt>
      <trkpt lat="42.48413" lon="2.67647">
        <ele>196.2</ele>
      </trkpt>
      <trkpt lat="42.48409" lon="2.67641">
        <ele>195.9</ele>
      </trkpt>
      <trkpt lat="42.48405" lon="2.67632">
        <ele>196.2</ele>
      </trkpt>
      <trkpt lat="42.484" lon="2.67623">
        <ele>196.6</ele>
      </trkpt>
      <trkpt lat="42.48396" lon="2.67613">
        <ele>196.8</ele>
      </trkpt>
      <trkpt lat="42.48391" lon="2.67604">
        <ele>196.6</ele>
      </trkpt>
      <trkpt lat="42.4839" lon="2.67596">
        <ele>197.3</ele>
      </trkpt>
      <trkpt lat="42.48389" lon="2.67587">
        <ele>197.7</ele>
      </trkpt>
      <trkpt lat="42.48389" lon="2.67579">
        <ele>199</ele>
      </trkpt>
      <trkpt lat="42.48388" lon="2.6757">
        <ele>200.6</ele>
      </trkpt>
      <trkpt lat="42.48388" lon="2.6756">
        <ele>202.9</ele>
      </trkpt>
      <trkpt lat="42.48388" lon="2.67549">
        <ele>205.8</ele>
      </trkpt>
      <trkpt lat="42.48388" lon="2.67539">
        <ele>209.1</ele>
      </trkpt>
      <trkpt lat="42.48388" lon="2.67528">
        <ele>212.4</ele>
      </trkpt>
      <trkpt lat="42.48391" lon="2.67526">
        <ele>215.2</ele>
      </trkpt>
      <trkpt lat="42.48393" lon="2.67528">
        <ele>216.3</ele>
      </trkpt>
      <trkpt lat="42.48395" lon="2.67534">
        <ele>216.5</ele>
      </trkpt>
      <trkpt lat="42.48398" lon="2.6754">
        <ele>216.6</ele>
      </trkpt>
      <trkpt lat="42.484" lon="2.67545">
        <ele>216.6</ele>
      </trkpt>
      <trkpt lat="42.48403" lon="2.67551">
        <ele>216.7</ele>
      </trkpt>
      <trkpt lat="42.48405" lon="2.67557">
        <ele>216.9</ele>
      </trkpt>
      <trkpt lat="42.48407" lon="2.67563">
        <ele>217</ele>
      </trkpt>
      <trkpt lat="42.4841" lon="2.67568">
        <ele>217.1</ele>
      </trkpt>
      <trkpt lat="42.48412" lon="2.67574">
        <ele>216.9</ele>
      </trkpt>
      <trkpt lat="42.48419" lon="2.67578">
        <ele>219.5</ele>
      </trkpt>
      <trkpt lat="42.48422" lon="2.67579">
        <ele>219.8</ele>
      </trkpt>
      <trkpt lat="42.4843" lon="2.67582">
        <ele>220.8</ele>
      </trkpt>
      <trkpt lat="42.48426" lon="2.67575">
        <ele>222</ele>
      </trkpt>
      <trkpt lat="42.48421" lon="2.67568">
        <ele>223.4</ele>
      </trkpt>
      <trkpt lat="42.48418" lon="2.67561">
        <ele>225.3</ele>
      </trkpt>
      <trkpt lat="42.48415" lon="2.67554">
        <ele>226.1</ele>
      </trkpt>
      <trkpt lat="42.48414" lon="2.67546">
        <ele>227.5</ele>
      </trkpt>
      <trkpt lat="42.48412" lon="2.67538">
        <ele>228.8</ele>
      </trkpt>
      <trkpt lat="42.4841" lon="2.6753">
        <ele>229.5</ele>
      </trkpt>
      <trkpt lat="42.48407" lon="2.67521">
        <ele>229.2</ele>
      </trkpt>
      <trkpt lat="42.48405" lon="2.67513">
        <ele>228.8</ele>
      </trkpt>
      <trkpt lat="42.48402" lon="2.67504">
        <ele>228.7</ele>
      </trkpt>
      <trkpt lat="42.48406" lon="2.67503">
        <ele>231.6</ele>
      </trkpt>
      <trkpt lat="42.48409" lon="2.67512">
        <ele>232.1</ele>
      </trkpt>
      <trkpt lat="42.48412" lon="2.67522">
        <ele>232.6</ele>
      </trkpt>
      <trkpt lat="42.48414" lon="2.67531">
        <ele>232.7</ele>
      </trkpt>
      <trkpt lat="42.48418" lon="2.67537">
        <ele>233.4</ele>
      </trkpt>
      <trkpt lat="42.48422" lon="2.67542">
        <ele>232.4</ele>
      </trkpt>
      <trkpt lat="42.48426" lon="2.67542">
        <ele>233.1</ele>
      </trkpt>
      <trkpt lat="42.48428" lon="2.67538">
        <ele>234.7</ele>
      </trkpt>
      <trkpt lat="42.48425" lon="2.67529">
        <ele>237.1</ele>
      </trkpt>
      <trkpt lat="42.48422" lon="2.67522">
        <ele>237.7</ele>
      </trkpt>
      <trkpt lat="42.48423" lon="2.67514">
        <ele>239</ele>
      </trkpt>
      <trkpt lat="42.48427" lon="2.67517">
        <ele>239.5</ele>
      </trkpt>
      <trkpt lat="42.48429" lon="2.67517">
        <ele>239.9</ele>
      </trkpt>
      <trkpt lat="42.48436" lon="2.67518">
        <ele>241.3</ele>
      </trkpt>
      <trkpt lat="42.48442" lon="2.67516">
        <ele>242.9</ele>
      </trkpt>
      <trkpt lat="42.48448" lon="2.67515">
        <ele>243.8</ele>
      </trkpt>
      <trkpt lat="42.48453" lon="2.67513">
        <ele>244.1</ele>
      </trkpt>
      <trkpt lat="42.48459" lon="2.67511">
        <ele>244.4</ele>
      </trkpt>
      <trkpt lat="42.4846" lon="2.67503">
        <ele>246.4</ele>
      </trkpt>
      <trkpt lat="42.4846" lon="2.67494">
        <ele>247.8</ele>
      </trkpt>
      <trkpt lat="42.4846" lon="2.67488">
        <ele>248.6</ele>
      </trkpt>
      <trkpt lat="42.4846" lon="2.67482">
        <ele>249.4</ele>
      </trkpt>
      <trkpt lat="42.48459" lon="2.67475">
        <ele>250.2</ele>
      </trkpt>
      <trkpt lat="42.48459" lon="2.67469">
        <ele>250.5</ele>
      </trkpt>
      <trkpt lat="42.48459" lon="2.67463">
        <ele>250.2</ele>
      </trkpt>
      <trkpt lat="42.48459" lon="2.67457">
        <ele>250</ele>
      </trkpt>
      <trkpt lat="42.48458" lon="2.6745">
        <ele>249.7</ele>
      </trkpt>
      <trkpt lat="42.48458" lon="2.67444">
        <ele>249.4</ele>
      </trkpt>
      <trkpt lat="42.4846" lon="2.67436">
        <ele>249.7</ele>
      </trkpt>
      <trkpt lat="42.48463" lon="2.67434">
        <ele>250.4</ele>
      </trkpt>
      <trkpt lat="42.48468" lon="2.67432">
        <ele>251.9</ele>
      </trkpt>
      <trkpt lat="42.48474" lon="2.67429">
        <ele>253.1</ele>
      </trkpt>
      <trkpt lat="42.48479" lon="2.67427">
        <ele>253.7</ele>
      </trkpt>
      <trkpt lat="42.48484" lon="2.67424">
        <ele>254.4</ele>
      </trkpt>
      <trkpt lat="42.48489" lon="2.67422">
        <ele>255.1</ele>
      </trkpt>
      <trkpt lat="42.48494" lon="2.6742">
        <ele>255.9</ele>
      </trkpt>
      <trkpt lat="42.48491" lon="2.67415">
        <ele>255.9</ele>
      </trkpt>
      <trkpt lat="42.48488" lon="2.6741">
        <ele>255.9</ele>
      </trkpt>
      <trkpt lat="42.48485" lon="2.67402">
        <ele>256</ele>
      </trkpt>
      <trkpt lat="42.48481" lon="2.67394">
        <ele>255.9</ele>
      </trkpt>
      <trkpt lat="42.48478" lon="2.67384">
        <ele>255.7</ele>
      </trkpt>
      <trkpt lat="42.48477" lon="2.67377">
        <ele>255.6</ele>
      </trkpt>
      <trkpt lat="42.48475" lon="2.67369">
        <ele>255.5</ele>
      </trkpt>
      <trkpt lat="42.48474" lon="2.67362">
        <ele>255.4</ele>
      </trkpt>
      <trkpt lat="42.48472" lon="2.67354">
        <ele>255</ele>
      </trkpt>
      <trkpt lat="42.48472" lon="2.67351">
        <ele>255</ele>
      </trkpt>
      <trkpt lat="42.48471" lon="2.67342">
        <ele>254.8</ele>
      </trkpt>
      <trkpt lat="42.48471" lon="2.67333">
        <ele>254.8</ele>
      </trkpt>
      <trkpt lat="42.4847" lon="2.67323">
        <ele>255.9</ele>
      </trkpt>
      <trkpt lat="42.48469" lon="2.67314">
        <ele>256.9</ele>
      </trkpt>
      <trkpt lat="42.48469" lon="2.67312">
        <ele>257.1</ele>
      </trkpt>
      <trkpt lat="42.4847" lon="2.67306">
        <ele>258.2</ele>
      </trkpt>
      <trkpt lat="42.48471" lon="2.673">
        <ele>258.9</ele>
      </trkpt>
      <trkpt lat="42.48472" lon="2.67293">
        <ele>259.7</ele>
      </trkpt>
      <trkpt lat="42.48473" lon="2.67287">
        <ele>260.5</ele>
      </trkpt>
      <trkpt lat="42.48473" lon="2.67281">
        <ele>261.3</ele>
      </trkpt>
      <trkpt lat="42.48474" lon="2.67275">
        <ele>261.5</ele>
      </trkpt>
      <trkpt lat="42.48475" lon="2.67268">
        <ele>261.1</ele>
      </trkpt>
      <trkpt lat="42.48476" lon="2.67262">
        <ele>260.7</ele>
      </trkpt>
      <trkpt lat="42.48484" lon="2.67258">
        <ele>264</ele>
      </trkpt>
      <trkpt lat="42.48491" lon="2.67253">
        <ele>267.4</ele>
      </trkpt>
      <trkpt lat="42.48485" lon="2.67245">
        <ele>265.1</ele>
      </trkpt>
      <trkpt lat="42.4848" lon="2.67238">
        <ele>264.3</ele>
      </trkpt>
      <trkpt lat="42.48474" lon="2.6723">
        <ele>264.1</ele>
      </trkpt>
      <trkpt lat="42.48468" lon="2.67222">
        <ele>263.6</ele>
      </trkpt>
      <trkpt lat="42.48466" lon="2.67212">
        <ele>263.7</ele>
      </trkpt>
      <trkpt lat="42.48464" lon="2.67201">
        <ele>263.6</ele>
      </trkpt>
      <trkpt lat="42.48462" lon="2.6719">
        <ele>264.1</ele>
      </trkpt>
      <trkpt lat="42.48465" lon="2.67198">
        <ele>264.5</ele>
      </trkpt>
      <trkpt lat="42.48468" lon="2.67205">
        <ele>265.4</ele>
      </trkpt>
      <trkpt lat="42.4847" lon="2.67213">
        <ele>266.2</ele>
      </trkpt>
      <trkpt lat="42.48473" lon="2.6722">
        <ele>266.6</ele>
      </trkpt>
      <trkpt lat="42.48474" lon="2.67214">
        <ele>267.9</ele>
      </trkpt>
      <trkpt lat="42.48476" lon="2.67208">
        <ele>269.2</ele>
      </trkpt>
      <trkpt lat="42.48477" lon="2.67201">
        <ele>270.6</ele>
      </trkpt>
      <trkpt lat="42.48478" lon="2.67195">
        <ele>272</ele>
      </trkpt>
      <trkpt lat="42.48481" lon="2.67206">
        <ele>271.4</ele>
      </trkpt>
      <trkpt lat="42.48484" lon="2.67217">
        <ele>270.6</ele>
      </trkpt>
      <trkpt lat="42.4849" lon="2.67218">
        <ele>272.5</ele>
      </trkpt>
      <trkpt lat="42.48496" lon="2.67218">
        <ele>274.4</ele>
      </trkpt>
      <trkpt lat="42.48496" lon="2.6723">
        <ele>272.6</ele>
      </trkpt>
      <trkpt lat="42.485" lon="2.67225">
        <ele>274.5</ele>
      </trkpt>
      <trkpt lat="42.48503" lon="2.6722">
        <ele>276.4</ele>
      </trkpt>
      <trkpt lat="42.48507" lon="2.67214">
        <ele>278.3</ele>
      </trkpt>
      <trkpt lat="42.4851" lon="2.67209">
        <ele>280.3</ele>
      </trkpt>
      <trkpt lat="42.48509" lon="2.67203">
        <ele>281.1</ele>
      </trkpt>
      <trkpt lat="42.48508" lon="2.67197">
        <ele>281.9</ele>
      </trkpt>
      <trkpt lat="42.48507" lon="2.6719">
        <ele>283.4</ele>
      </trkpt>
      <trkpt lat="42.48506" lon="2.67184">
        <ele>285.1</ele>
      </trkpt>
      <trkpt lat="42.48511" lon="2.67187">
        <ele>285.6</ele>
      </trkpt>
      <trkpt lat="42.48515" lon="2.67189">
        <ele>286.1</ele>
      </trkpt>
      <trkpt lat="42.48513" lon="2.67181">
        <ele>288.1</ele>
      </trkpt>
      <trkpt lat="42.48511" lon="2.67173">
        <ele>290.1</ele>
      </trkpt>
      <trkpt lat="42.48508" lon="2.67164">
        <ele>292.4</ele>
      </trkpt>
      <trkpt lat="42.48506" lon="2.67156">
        <ele>295.2</ele>
      </trkpt>
      <trkpt lat="42.48511" lon="2.67161">
        <ele>294.3</ele>
      </trkpt>
      <trkpt lat="42.48511" lon="2.6716">
        <ele>294.7</ele>
      </trkpt>
      <trkpt lat="42.48507" lon="2.67155">
        <ele>295.9</ele>
      </trkpt>
      <trkpt lat="42.48504" lon="2.6715">
        <ele>297.4</ele>
      </trkpt>
      <trkpt lat="42.485" lon="2.67145">
        <ele>298.9</ele>
      </trkpt>
      <trkpt lat="42.48496" lon="2.6714">
        <ele>298.7</ele>
      </trkpt>
      <trkpt lat="42.48501" lon="2.67139">
        <ele>302.1</ele>
      </trkpt>
      <trkpt lat="42.48506" lon="2.67137">
        <ele>302.7</ele>
      </trkpt>
      <trkpt lat="42.48514" lon="2.67132">
        <ele>304.3</ele>
      </trkpt>
      <trkpt lat="42.48521" lon="2.67126">
        <ele>306.3</ele>
      </trkpt>
      <trkpt lat="42.48525" lon="2.67119">
        <ele>308.5</ele>
      </trkpt>
      <trkpt lat="42.48528" lon="2.67114">
        <ele>310.3</ele>
      </trkpt>
      <trkpt lat="42.48531" lon="2.67109">
        <ele>311.3</ele>
      </trkpt>
      <trkpt lat="42.48534" lon="2.67104">
        <ele>312.5</ele>
      </trkpt>
      <trkpt lat="42.48537" lon="2.67099">
        <ele>313.5</ele>
      </trkpt>
      <trkpt lat="42.48539" lon="2.67093">
        <ele>314.6</ele>
      </trkpt>
      <trkpt lat="42.48542" lon="2.67088">
        <ele>315.6</ele>
      </trkpt>
      <trkpt lat="42.48545" lon="2.67083">
        <ele>316.5</ele>
      </trkpt>
      <trkpt lat="42.48548" lon="2.67078">
        <ele>317.2</ele>
      </trkpt>
      <trkpt lat="42.48555" lon="2.67073">
        <ele>318.2</ele>
      </trkpt>
      <trkpt lat="42.48561" lon="2.67067">
        <ele>319.3</ele>
      </trkpt>
      <trkpt lat="42.48566" lon="2.67063">
        <ele>320.1</ele>
      </trkpt>
      <trkpt lat="42.48571" lon="2.6706">
        <ele>321.1</ele>
      </trkpt>
      <trkpt lat="42.48576" lon="2.67056">
        <ele>322.1</ele>
      </trkpt>
      <trkpt lat="42.48582" lon="2.67053">
        <ele>322.6</ele>
      </trkpt>
      <trkpt lat="42.48587" lon="2.67049">
        <ele>323.2</ele>
      </trkpt>
      <trkpt lat="42.48592" lon="2.67045">
        <ele>323.9</ele>
      </trkpt>
      <trkpt lat="42.48597" lon="2.67042">
        <ele>324.8</ele>
      </trkpt>
      <trkpt lat="42.48602" lon="2.67038">
        <ele>325.8</ele>
      </trkpt>
      <trkpt lat="42.48603" lon="2.67029">
        <ele>328.1</ele>
      </trkpt>
      <trkpt lat="42.48598" lon="2.67023">
        <ele>329</ele>
      </trkpt>
      <trkpt lat="42.48603" lon="2.6702">
        <ele>330</ele>
      </trkpt>
      <trkpt lat="42.48605" lon="2.67015">
        <ele>331.2</ele>
      </trkpt>
      <trkpt lat="42.48601" lon="2.67006">
        <ele>332.7</ele>
      </trkpt>
      <trkpt lat="42.48599" lon="2.67003">
        <ele>333.1</ele>
      </trkpt>
      <trkpt lat="42.48599" lon="2.66996">
        <ele>334.6</ele>
      </trkpt>
      <trkpt lat="42.48598" lon="2.66989">
        <ele>336.1</ele>
      </trkpt>
      <trkpt lat="42.48598" lon="2.66981">
        <ele>337.6</ele>
      </trkpt>
      <trkpt lat="42.48597" lon="2.66974">
        <ele>339.1</ele>
      </trkpt>
      <trkpt lat="42.48602" lon="2.66973">
        <ele>340.2</ele>
      </trkpt>
      <trkpt lat="42.48606" lon="2.66971">
        <ele>341.3</ele>
      </trkpt>
      <trkpt lat="42.48603" lon="2.66963">
        <ele>342.4</ele>
      </trkpt>
      <trkpt lat="42.486" lon="2.66954">
        <ele>343.5</ele>
      </trkpt>
      <trkpt lat="42.48603" lon="2.66947">
        <ele>345.3</ele>
      </trkpt>
      <trkpt lat="42.48606" lon="2.6694">
        <ele>347.2</ele>
      </trkpt>
      <trkpt lat="42.48602" lon="2.66936">
        <ele>347.3</ele>
      </trkpt>
      <trkpt lat="42.48598" lon="2.66932">
        <ele>347.2</ele>
      </trkpt>
      <trkpt lat="42.486" lon="2.66921">
        <ele>349.7</ele>
      </trkpt>
      <trkpt lat="42.48602" lon="2.66909">
        <ele>351.8</ele>
      </trkpt>
      <trkpt lat="42.48601" lon="2.66897">
        <ele>352.4</ele>
      </trkpt>
      <trkpt lat="42.48599" lon="2.66886">
        <ele>353.1</ele>
      </trkpt>
      <trkpt lat="42.48598" lon="2.66874">
        <ele>354.3</ele>
      </trkpt>
      <trkpt lat="42.48596" lon="2.66862">
        <ele>355.5</ele>
      </trkpt>
      <trkpt lat="42.48599" lon="2.66854">
        <ele>356.8</ele>
      </trkpt>
      <trkpt lat="42.48601" lon="2.66845">
        <ele>358.4</ele>
      </trkpt>
      <trkpt lat="42.48601" lon="2.66835">
        <ele>359.3</ele>
      </trkpt>
      <trkpt lat="42.48602" lon="2.66824">
        <ele>360.3</ele>
      </trkpt>
      <trkpt lat="42.48602" lon="2.66814">
        <ele>361.3</ele>
      </trkpt>
      <trkpt lat="42.48602" lon="2.66803">
        <ele>362.1</ele>
      </trkpt>
      <trkpt lat="42.48603" lon="2.66797">
        <ele>362.6</ele>
      </trkpt>
      <trkpt lat="42.48605" lon="2.66791">
        <ele>362.9</ele>
      </trkpt>
      <trkpt lat="42.48606" lon="2.66784">
        <ele>363.1</ele>
      </trkpt>
      <trkpt lat="42.48608" lon="2.66778">
        <ele>363.2</ele>
      </trkpt>
      <trkpt lat="42.48609" lon="2.66772">
        <ele>363.2</ele>
      </trkpt>
      <trkpt lat="42.4861" lon="2.66766">
        <ele>363</ele>
      </trkpt>
      <trkpt lat="42.48612" lon="2.66759">
        <ele>362.7</ele>
      </trkpt>
      <trkpt lat="42.48613" lon="2.66753">
        <ele>362.5</ele>
      </trkpt>
      <trkpt lat="42.48617" lon="2.66748">
        <ele>363.2</ele>
      </trkpt>
      <trkpt lat="42.48622" lon="2.66743">
        <ele>364</ele>
      </trkpt>
      <trkpt lat="42.48626" lon="2.66738">
        <ele>364.8</ele>
      </trkpt>
      <trkpt lat="42.4863" lon="2.66733">
        <ele>365.6</ele>
      </trkpt>
      <trkpt lat="42.48632" lon="2.66723">
        <ele>366</ele>
      </trkpt>
      <trkpt lat="42.48634" lon="2.66712">
        <ele>367.3</ele>
      </trkpt>
      <trkpt lat="42.48636" lon="2.667">
        <ele>368.8</ele>
      </trkpt>
      <trkpt lat="42.48635" lon="2.66691">
        <ele>369.5</ele>
      </trkpt>
      <trkpt lat="42.48634" lon="2.66681">
        <ele>370.2</ele>
      </trkpt>
      <trkpt lat="42.48632" lon="2.66672">
        <ele>370.8</ele>
      </trkpt>
      <trkpt lat="42.48631" lon="2.66662">
        <ele>371.3</ele>
      </trkpt>
      <trkpt lat="42.48631" lon="2.66655">
        <ele>371.8</ele>
      </trkpt>
      <trkpt lat="42.4863" lon="2.66647">
        <ele>372.2</ele>
      </trkpt>
      <trkpt lat="42.4863" lon="2.6664">
        <ele>372.7</ele>
      </trkpt>
      <trkpt lat="42.4863" lon="2.66633">
        <ele>373.1</ele>
      </trkpt>
      <trkpt lat="42.4863" lon="2.66625">
        <ele>373.6</ele>
      </trkpt>
      <trkpt lat="42.4863" lon="2.66618">
        <ele>374.1</ele>
      </trkpt>
      <trkpt lat="42.48629" lon="2.66611">
        <ele>374.6</ele>
      </trkpt>
      <trkpt lat="42.48629" lon="2.66604">
        <ele>375.2</ele>
      </trkpt>
      <trkpt lat="42.48629" lon="2.66596">
        <ele>375.8</ele>
      </trkpt>
      <trkpt lat="42.48629" lon="2.66589">
        <ele>376.3</ele>
      </trkpt>
      <trkpt lat="42.48629" lon="2.66582">
        <ele>377.1</ele>
      </trkpt>
      <trkpt lat="42.4863" lon="2.66574">
        <ele>378.2</ele>
      </trkpt>
      <trkpt lat="42.4863" lon="2.66567">
        <ele>379.2</ele>
      </trkpt>
      <trkpt lat="42.4863" lon="2.6656">
        <ele>380.3</ele>
      </trkpt>
      <trkpt lat="42.4863" lon="2.66552">
        <ele>380.9</ele>
      </trkpt>
      <trkpt lat="42.48631" lon="2.66545">
        <ele>380.9</ele>
      </trkpt>
      <trkpt lat="42.48631" lon="2.66537">
        <ele>381</ele>
      </trkpt>
      <trkpt lat="42.48631" lon="2.6653">
        <ele>381</ele>
      </trkpt>
      <trkpt lat="42.48634" lon="2.66525">
        <ele>382.1</ele>
      </trkpt>
      <trkpt lat="42.48638" lon="2.66521">
        <ele>382.7</ele>
      </trkpt>
      <trkpt lat="42.48641" lon="2.66516">
        <ele>383</ele>
      </trkpt>
      <trkpt lat="42.48644" lon="2.66511">
        <ele>383.1</ele>
      </trkpt>
      <trkpt lat="42.48643" lon="2.66505">
        <ele>381.6</ele>
      </trkpt>
      <trkpt lat="42.48642" lon="2.66498">
        <ele>379.7</ele>
      </trkpt>
      <trkpt lat="42.48645" lon="2.66491">
        <ele>378.8</ele>
      </trkpt>
      <trkpt lat="42.48648" lon="2.66483">
        <ele>378.2</ele>
      </trkpt>
      <trkpt lat="42.4865" lon="2.66476">
        <ele>377.9</ele>
      </trkpt>
      <trkpt lat="42.48653" lon="2.66469">
        <ele>377.8</ele>
      </trkpt>
      <trkpt lat="42.48656" lon="2.66461">
        <ele>377.9</ele>
      </trkpt>
      <trkpt lat="42.48659" lon="2.66454">
        <ele>378</ele>
      </trkpt>
      <trkpt lat="42.48661" lon="2.66446">
        <ele>378.1</ele>
      </trkpt>
      <trkpt lat="42.48664" lon="2.66439">
        <ele>379.1</ele>
      </trkpt>
      <trkpt lat="42.48664" lon="2.66432">
        <ele>378.8</ele>
      </trkpt>
      <trkpt lat="42.48665" lon="2.66425">
        <ele>378.4</ele>
      </trkpt>
      <trkpt lat="42.48665" lon="2.66418">
        <ele>378</ele>
      </trkpt>
      <trkpt lat="42.48665" lon="2.66411">
        <ele>377.6</ele>
      </trkpt>
      <trkpt lat="42.48666" lon="2.66403">
        <ele>377.2</ele>
      </trkpt>
      <trkpt lat="42.48666" lon="2.66395">
        <ele>376.6</ele>
      </trkpt>
      <trkpt lat="42.48667" lon="2.66386">
        <ele>376.4</ele>
      </trkpt>
      <trkpt lat="42.48667" lon="2.66378">
        <ele>377.3</ele>
      </trkpt>
      <trkpt lat="42.48672" lon="2.66378">
        <ele>379.1</ele>
      </trkpt>
      <trkpt lat="42.48676" lon="2.66377">
        <ele>380.8</ele>
      </trkpt>
      <trkpt lat="42.48678" lon="2.66366">
        <ele>380.7</ele>
      </trkpt>
      <trkpt lat="42.4868" lon="2.66356">
        <ele>380.7</ele>
      </trkpt>
      <trkpt lat="42.48682" lon="2.66345">
        <ele>380.8</ele>
      </trkpt>
      <trkpt lat="42.48684" lon="2.66334">
        <ele>380.2</ele>
      </trkpt>
      <trkpt lat="42.48681" lon="2.66323">
        <ele>383.6</ele>
      </trkpt>
      <trkpt lat="42.48676" lon="2.66329">
        <ele>384.4</ele>
      </trkpt>
      <trkpt lat="42.4867" lon="2.66335">
        <ele>385.3</ele>
      </trkpt>
      <trkpt lat="42.4867" lon="2.66327">
        <ele>387.2</ele>
      </trkpt>
      <trkpt lat="42.48669" lon="2.66318">
        <ele>388.9</ele>
      </trkpt>
      <trkpt lat="42.48669" lon="2.66309">
        <ele>390.7</ele>
      </trkpt>
      <trkpt lat="42.48669" lon="2.66299">
        <ele>392.7</ele>
      </trkpt>
      <trkpt lat="42.48669" lon="2.6629">
        <ele>394.8</ele>
      </trkpt>
      <trkpt lat="42.48669" lon="2.66281">
        <ele>397</ele>
      </trkpt>
      <trkpt lat="42.48669" lon="2.66271">
        <ele>399</ele>
      </trkpt>
      <trkpt lat="42.48669" lon="2.66262">
        <ele>400.9</ele>
      </trkpt>
      <trkpt lat="42.48669" lon="2.66252">
        <ele>402.9</ele>
      </trkpt>
      <trkpt lat="42.48669" lon="2.66243">
        <ele>405</ele>
      </trkpt>
      <trkpt lat="42.48671" lon="2.66241">
        <ele>405</ele>
      </trkpt>
      <trkpt lat="42.48673" lon="2.6623">
        <ele>407.2</ele>
      </trkpt>
      <trkpt lat="42.48675" lon="2.66219">
        <ele>409</ele>
      </trkpt>
      <trkpt lat="42.48669" lon="2.6621">
        <ele>409.6</ele>
      </trkpt>
      <trkpt lat="42.48666" lon="2.66217">
        <ele>410.1</ele>
      </trkpt>
      <trkpt lat="42.48664" lon="2.6621">
        <ele>410.8</ele>
      </trkpt>
      <trkpt lat="42.48662" lon="2.66202">
        <ele>411.7</ele>
      </trkpt>
      <trkpt lat="42.4866" lon="2.66195">
        <ele>412.8</ele>
      </trkpt>
      <trkpt lat="42.48658" lon="2.66187">
        <ele>415.4</ele>
      </trkpt>
      <trkpt lat="42.48655" lon="2.66176">
        <ele>419.3</ele>
      </trkpt>
      <trkpt lat="42.48652" lon="2.66165">
        <ele>423.2</ele>
      </trkpt>
      <trkpt lat="42.48647" lon="2.66169">
        <ele>425.6</ele>
      </trkpt>
      <trkpt lat="42.48643" lon="2.66174">
        <ele>426.9</ele>
      </trkpt>
      <trkpt lat="42.4864" lon="2.66178">
        <ele>428.1</ele>
      </trkpt>
      <trkpt lat="42.48636" lon="2.66183">
        <ele>429.2</ele>
      </trkpt>
      <trkpt lat="42.48632" lon="2.66187">
        <ele>430.2</ele>
      </trkpt>
      <trkpt lat="42.48629" lon="2.66192">
        <ele>430.9</ele>
      </trkpt>
      <trkpt lat="42.48625" lon="2.66196">
        <ele>431.8</ele>
      </trkpt>
      <trkpt lat="42.48621" lon="2.66201">
        <ele>432.8</ele>
      </trkpt>
      <trkpt lat="42.48618" lon="2.66205">
        <ele>433.7</ele>
      </trkpt>
      <trkpt lat="42.48614" lon="2.6621">
        <ele>434.5</ele>
      </trkpt>
      <trkpt lat="42.4861" lon="2.66214">
        <ele>435.3</ele>
      </trkpt>
      <trkpt lat="42.48606" lon="2.66219">
        <ele>436</ele>
      </trkpt>
      <trkpt lat="42.48603" lon="2.66223">
        <ele>436.7</ele>
      </trkpt>
      <trkpt lat="42.48599" lon="2.66228">
        <ele>437.4</ele>
      </trkpt>
      <trkpt lat="42.48595" lon="2.66232">
        <ele>438</ele>
      </trkpt>
      <trkpt lat="42.48592" lon="2.66237">
        <ele>438.6</ele>
      </trkpt>
      <trkpt lat="42.48588" lon="2.66241">
        <ele>439.2</ele>
      </trkpt>
      <trkpt lat="42.48585" lon="2.66233">
        <ele>442.5</ele>
      </trkpt>
      <trkpt lat="42.48583" lon="2.66225">
        <ele>445.6</ele>
      </trkpt>
      <trkpt lat="42.4858" lon="2.66216">
        <ele>448.4</ele>
      </trkpt>
      <trkpt lat="42.48577" lon="2.66208">
        <ele>451.1</ele>
      </trkpt>
      <trkpt lat="42.48574" lon="2.662">
        <ele>453.7</ele>
      </trkpt>
      <trkpt lat="42.48572" lon="2.66192">
        <ele>456.3</ele>
      </trkpt>
      <trkpt lat="42.48569" lon="2.66183">
        <ele>458.8</ele>
      </trkpt>
      <trkpt lat="42.48566" lon="2.66175">
        <ele>461.2</ele>
      </trkpt>
      <trkpt lat="42.48558" lon="2.66171">
        <ele>463.5</ele>
      </trkpt>
      <trkpt lat="42.4855" lon="2.66168">
        <ele>465.4</ele>
      </trkpt>
      <trkpt lat="42.48542" lon="2.66164">
        <ele>467.4</ele>
      </trkpt>
      <trkpt lat="42.48534" lon="2.6616">
        <ele>469.3</ele>
      </trkpt>
      <trkpt lat="42.48527" lon="2.66157">
        <ele>470.9</ele>
      </trkpt>
      <trkpt lat="42.48519" lon="2.66156">
        <ele>472.3</ele>
      </trkpt>
      <trkpt lat="42.48512" lon="2.66155">
        <ele>473.6</ele>
      </trkpt>
      <trkpt lat="42.48504" lon="2.66154">
        <ele>474.8</ele>
      </trkpt>
      <trkpt lat="42.48497" lon="2.66153">
        <ele>475.8</ele>
      </trkpt>
      <trkpt lat="42.48489" lon="2.66151">
        <ele>476.5</ele>
      </trkpt>
      <trkpt lat="42.48481" lon="2.6615">
        <ele>477.2</ele>
      </trkpt>
      <trkpt lat="42.48474" lon="2.66149">
        <ele>477.8</ele>
      </trkpt>
      <trkpt lat="42.48466" lon="2.66148">
        <ele>478.1</ele>
      </trkpt>
      <trkpt lat="42.48466" lon="2.66136">
        <ele>479.7</ele>
      </trkpt>
      <trkpt lat="42.48465" lon="2.66124">
        <ele>481.7</ele>
      </trkpt>
      <trkpt lat="42.48464" lon="2.66117">
        <ele>482.9</ele>
      </trkpt>
      <trkpt lat="42.48463" lon="2.6611">
        <ele>484.1</ele>
      </trkpt>
      <trkpt lat="42.48463" lon="2.66103">
        <ele>484.9</ele>
      </trkpt>
      <trkpt lat="42.48462" lon="2.66095">
        <ele>485.7</ele>
      </trkpt>
      <trkpt lat="42.48457" lon="2.66095">
        <ele>486.4</ele>
      </trkpt>
      <trkpt lat="42.48451" lon="2.66095">
        <ele>487.3</ele>
      </trkpt>
      <trkpt lat="42.48445" lon="2.66095">
        <ele>488.2</ele>
      </trkpt>
      <trkpt lat="42.48439" lon="2.66095">
        <ele>489.4</ele>
      </trkpt>
      <trkpt lat="42.48433" lon="2.66095">
        <ele>490.5</ele>
      </trkpt>
      <trkpt lat="42.48427" lon="2.66092">
        <ele>492.5</ele>
      </trkpt>
      <trkpt lat="42.48421" lon="2.66088">
        <ele>494.7</ele>
      </trkpt>
      <trkpt lat="42.48415" lon="2.66085">
        <ele>496.8</ele>
      </trkpt>
      <trkpt lat="42.48409" lon="2.66081">
        <ele>498.1</ele>
      </trkpt>
      <trkpt lat="42.48403" lon="2.66079">
        <ele>499.1</ele>
      </trkpt>
      <trkpt lat="42.48396" lon="2.66077">
        <ele>500.2</ele>
      </trkpt>
      <trkpt lat="42.4839" lon="2.66075">
        <ele>501.5</ele>
      </trkpt>
      <trkpt lat="42.48383" lon="2.66073">
        <ele>502.5</ele>
      </trkpt>
      <trkpt lat="42.48377" lon="2.6607">
        <ele>503.6</ele>
      </trkpt>
      <trkpt lat="42.4837" lon="2.66068">
        <ele>504.7</ele>
      </trkpt>
      <trkpt lat="42.48364" lon="2.66066">
        <ele>505.8</ele>
      </trkpt>
      <trkpt lat="42.48357" lon="2.66064">
        <ele>506.6</ele>
      </trkpt>
      <trkpt lat="42.48355" lon="2.66056">
        <ele>508.9</ele>
      </trkpt>
      <trkpt lat="42.48352" lon="2.66048">
        <ele>510.8</ele>
      </trkpt>
      <trkpt lat="42.48349" lon="2.66039">
        <ele>512.9</ele>
      </trkpt>
      <trkpt lat="42.48347" lon="2.6603">
        <ele>515</ele>
      </trkpt>
      <trkpt lat="42.48344" lon="2.66021">
        <ele>516.8</ele>
      </trkpt>
      <trkpt lat="42.48341" lon="2.66012">
        <ele>518.4</ele>
      </trkpt>
      <trkpt lat="42.48339" lon="2.66006">
        <ele>519.4</ele>
      </trkpt>
      <trkpt lat="42.48341" lon="2.65997">
        <ele>521.3</ele>
      </trkpt>
      <trkpt lat="42.48343" lon="2.65988">
        <ele>523.1</ele>
      </trkpt>
      <trkpt lat="42.48345" lon="2.65979">
        <ele>524.9</ele>
      </trkpt>
      <trkpt lat="42.48347" lon="2.6597">
        <ele>526.5</ele>
      </trkpt>
      <trkpt lat="42.48347" lon="2.6597">
        <ele>526.5</ele>
      </trkpt>
      <trkpt lat="42.48351" lon="2.65964">
        <ele>527.4</ele>
      </trkpt>
      <trkpt lat="42.48354" lon="2.65958">
        <ele>528.6</ele>
      </trkpt>
      <trkpt lat="42.48358" lon="2.65952">
        <ele>530.1</ele>
      </trkpt>
      <trkpt lat="42.48361" lon="2.65946">
        <ele>531.8</ele>
      </trkpt>
      <trkpt lat="42.48365" lon="2.6594">
        <ele>532.9</ele>
      </trkpt>
      <trkpt lat="42.48368" lon="2.65934">
        <ele>533.8</ele>
      </trkpt>
      <trkpt lat="42.48372" lon="2.65928">
        <ele>534.8</ele>
      </trkpt>
      <trkpt lat="42.48375" lon="2.65922">
        <ele>536</ele>
      </trkpt>
      <trkpt lat="42.48379" lon="2.65915">
        <ele>537.5</ele>
      </trkpt>
      <trkpt lat="42.48383" lon="2.65907">
        <ele>539.1</ele>
      </trkpt>
      <trkpt lat="42.48387" lon="2.659">
        <ele>541</ele>
      </trkpt>
      <trkpt lat="42.48392" lon="2.65893">
        <ele>541.6</ele>
      </trkpt>
      <trkpt lat="42.48396" lon="2.65885">
        <ele>541.9</ele>
      </trkpt>
      <trkpt lat="42.484" lon="2.65878">
        <ele>542.5</ele>
      </trkpt>
      <trkpt lat="42.48404" lon="2.6587">
        <ele>543.3</ele>
      </trkpt>
      <trkpt lat="42.48408" lon="2.65863">
        <ele>544.4</ele>
      </trkpt>
      <trkpt lat="42.48414" lon="2.65854">
        <ele>546</ele>
      </trkpt>
      <trkpt lat="42.4842" lon="2.65846">
        <ele>547.4</ele>
      </trkpt>
      <trkpt lat="42.48426" lon="2.65837">
        <ele>548.5</ele>
      </trkpt>
      <trkpt lat="42.48432" lon="2.65829">
        <ele>550</ele>
      </trkpt>
      <trkpt lat="42.48437" lon="2.6582">
        <ele>551.6</ele>
      </trkpt>
      <trkpt lat="42.48443" lon="2.65811">
        <ele>553.6</ele>
      </trkpt>
      <trkpt lat="42.48449" lon="2.65803">
        <ele>555.3</ele>
      </trkpt>
      <trkpt lat="42.48455" lon="2.65794">
        <ele>556.9</ele>
      </trkpt>
      <trkpt lat="42.48457" lon="2.65785">
        <ele>559.1</ele>
      </trkpt>
      <trkpt lat="42.48459" lon="2.65776">
        <ele>561.3</ele>
      </trkpt>
      <trkpt lat="42.48461" lon="2.65767">
        <ele>563.1</ele>
      </trkpt>
      <trkpt lat="42.48463" lon="2.65759">
        <ele>564.9</ele>
      </trkpt>
      <trkpt lat="42.48464" lon="2.6575">
        <ele>566.6</ele>
      </trkpt>
      <trkpt lat="42.48466" lon="2.65741">
        <ele>567.5</ele>
      </trkpt>
      <trkpt lat="42.48468" lon="2.65732">
        <ele>568.3</ele>
      </trkpt>
      <trkpt lat="42.4847" lon="2.65723">
        <ele>569.2</ele>
      </trkpt>
      <trkpt lat="42.48468" lon="2.65713">
        <ele>570.2</ele>
      </trkpt>
      <trkpt lat="42.48467" lon="2.65703">
        <ele>571.1</ele>
      </trkpt>
      <trkpt lat="42.48465" lon="2.65693">
        <ele>571.9</ele>
      </trkpt>
      <trkpt lat="42.48463" lon="2.65683">
        <ele>573.2</ele>
      </trkpt>
      <trkpt lat="42.48458" lon="2.65675">
        <ele>574</ele>
      </trkpt>
      <trkpt lat="42.48454" lon="2.65667">
        <ele>574.7</ele>
      </trkpt>
      <trkpt lat="42.48449" lon="2.65658">
        <ele>575.2</ele>
      </trkpt>
      <trkpt lat="42.48444" lon="2.6565">
        <ele>575.7</ele>
      </trkpt>
      <trkpt lat="42.48446" lon="2.65644">
        <ele>576.6</ele>
      </trkpt>
      <trkpt lat="42.48448" lon="2.65638">
        <ele>577.2</ele>
      </trkpt>
      <trkpt lat="42.4845" lon="2.65632">
        <ele>577.4</ele>
      </trkpt>
      <trkpt lat="42.48452" lon="2.65626">
        <ele>577.6</ele>
      </trkpt>
      <trkpt lat="42.48458" lon="2.65618">
        <ele>578.8</ele>
      </trkpt>
      <trkpt lat="42.48465" lon="2.65609">
        <ele>580.4</ele>
      </trkpt>
      <trkpt lat="42.48471" lon="2.65601">
        <ele>582</ele>
      </trkpt>
      <trkpt lat="42.48477" lon="2.65592">
        <ele>583.6</ele>
      </trkpt>
      <trkpt lat="42.48479" lon="2.65586">
        <ele>584.4</ele>
      </trkpt>
      <trkpt lat="42.4848" lon="2.65579">
        <ele>585.2</ele>
      </trkpt>
      <trkpt lat="42.48482" lon="2.65573">
        <ele>585.8</ele>
      </trkpt>
      <trkpt lat="42.48483" lon="2.65567">
        <ele>586.5</ele>
      </trkpt>
      <trkpt lat="42.48485" lon="2.6556">
        <ele>587</ele>
      </trkpt>
      <trkpt lat="42.48486" lon="2.65554">
        <ele>587.7</ele>
      </trkpt>
      <trkpt lat="42.48488" lon="2.65548">
        <ele>588.8</ele>
      </trkpt>
      <trkpt lat="42.48489" lon="2.65542">
        <ele>589.8</ele>
      </trkpt>
      <trkpt lat="42.48491" lon="2.65535">
        <ele>590.7</ele>
      </trkpt>
      <trkpt lat="42.48492" lon="2.65529">
        <ele>591.6</ele>
      </trkpt>
      <trkpt lat="42.48498" lon="2.65526">
        <ele>592</ele>
      </trkpt>
      <trkpt lat="42.48503" lon="2.65523">
        <ele>592.2</ele>
      </trkpt>
      <trkpt lat="42.48508" lon="2.65517">
        <ele>592.4</ele>
      </trkpt>
      <trkpt lat="42.48512" lon="2.65511">
        <ele>592.5</ele>
      </trkpt>
      <trkpt lat="42.48516" lon="2.65503">
        <ele>592.8</ele>
      </trkpt>
      <trkpt lat="42.48519" lon="2.65494">
        <ele>592.6</ele>
      </trkpt>
      <trkpt lat="42.48523" lon="2.65484">
        <ele>592.1</ele>
      </trkpt>
      <trkpt lat="42.48527" lon="2.65479">
        <ele>591.4</ele>
      </trkpt>
      <trkpt lat="42.4853" lon="2.65473">
        <ele>590.9</ele>
      </trkpt>
      <trkpt lat="42.48538" lon="2.65467">
        <ele>591.3</ele>
      </trkpt>
      <trkpt lat="42.48545" lon="2.65461">
        <ele>591.7</ele>
      </trkpt>
      <trkpt lat="42.4855" lon="2.65461">
        <ele>591.5</ele>
      </trkpt>
      <trkpt lat="42.48556" lon="2.6546">
        <ele>591.3</ele>
      </trkpt>
      <trkpt lat="42.48561" lon="2.6546">
        <ele>590.7</ele>
      </trkpt>
      <trkpt lat="42.48566" lon="2.65459">
        <ele>590.1</ele>
      </trkpt>
      <trkpt lat="42.48571" lon="2.65457">
        <ele>589.8</ele>
      </trkpt>
      <trkpt lat="42.48575" lon="2.65455">
        <ele>589.7</ele>
      </trkpt>
      <trkpt lat="42.4858" lon="2.65453">
        <ele>589.6</ele>
      </trkpt>
      <trkpt lat="42.48584" lon="2.65451">
        <ele>589.5</ele>
      </trkpt>
      <trkpt lat="42.48591" lon="2.65443">
        <ele>589.9</ele>
      </trkpt>
      <trkpt lat="42.48597" lon="2.65435">
        <ele>590.2</ele>
      </trkpt>
      <trkpt lat="42.48603" lon="2.65428">
        <ele>590.7</ele>
      </trkpt>
      <trkpt lat="42.4861" lon="2.6542">
        <ele>591.5</ele>
      </trkpt>
      <trkpt lat="42.48616" lon="2.65413">
        <ele>592.5</ele>
      </trkpt>
      <trkpt lat="42.48622" lon="2.65405">
        <ele>593.2</ele>
      </trkpt>
      <trkpt lat="42.48628" lon="2.654">
        <ele>593.4</ele>
      </trkpt>
      <trkpt lat="42.48633" lon="2.65394">
        <ele>593.4</ele>
      </trkpt>
      <trkpt lat="42.48636" lon="2.65392">
        <ele>593.2</ele>
      </trkpt>
      <trkpt lat="42.48636" lon="2.65386">
        <ele>594.5</ele>
      </trkpt>
      <trkpt lat="42.48636" lon="2.65379">
        <ele>596.6</ele>
      </trkpt>
      <trkpt lat="42.48643" lon="2.65371">
        <ele>598</ele>
      </trkpt>
      <trkpt lat="42.4865" lon="2.65363">
        <ele>598.8</ele>
      </trkpt>
      <trkpt lat="42.48656" lon="2.65355">
        <ele>599.9</ele>
      </trkpt>
      <trkpt lat="42.48663" lon="2.65347">
        <ele>601.1</ele>
      </trkpt>
      <trkpt lat="42.48664" lon="2.65341">
        <ele>603.2</ele>
      </trkpt>
      <trkpt lat="42.48664" lon="2.65335">
        <ele>605.3</ele>
      </trkpt>
      <trkpt lat="42.48665" lon="2.65328">
        <ele>606.6</ele>
      </trkpt>
      <trkpt lat="42.48665" lon="2.65322">
        <ele>607.7</ele>
      </trkpt>
      <trkpt lat="42.48668" lon="2.65318">
        <ele>607</ele>
      </trkpt>
      <trkpt lat="42.48672" lon="2.65314">
        <ele>606.3</ele>
      </trkpt>
      <trkpt lat="42.48675" lon="2.65309">
        <ele>605.5</ele>
      </trkpt>
      <trkpt lat="42.48678" lon="2.65305">
        <ele>604.8</ele>
      </trkpt>
      <trkpt lat="42.48682" lon="2.65302">
        <ele>603.5</ele>
      </trkpt>
      <trkpt lat="42.48687" lon="2.653">
        <ele>602.2</ele>
      </trkpt>
      <trkpt lat="42.48691" lon="2.65297">
        <ele>600.9</ele>
      </trkpt>
      <trkpt lat="42.48695" lon="2.65294">
        <ele>600.2</ele>
      </trkpt>
      <trkpt lat="42.487" lon="2.65296">
        <ele>601.7</ele>
      </trkpt>
      <trkpt lat="42.48704" lon="2.65297">
        <ele>603.3</ele>
      </trkpt>
      <trkpt lat="42.48709" lon="2.65299">
        <ele>604.9</ele>
      </trkpt>
      <trkpt lat="42.48713" lon="2.653">
        <ele>606.4</ele>
      </trkpt>
      <trkpt lat="42.48717" lon="2.65304">
        <ele>606.9</ele>
      </trkpt>
      <trkpt lat="42.4872" lon="2.65308">
        <ele>607.6</ele>
      </trkpt>
      <trkpt lat="42.48724" lon="2.65312">
        <ele>608.8</ele>
      </trkpt>
      <trkpt lat="42.48727" lon="2.65317">
        <ele>610.2</ele>
      </trkpt>
      <trkpt lat="42.48731" lon="2.65321">
        <ele>611.8</ele>
      </trkpt>
      <trkpt lat="42.48734" lon="2.65325">
        <ele>613.3</ele>
      </trkpt>
      <trkpt lat="42.48738" lon="2.65329">
        <ele>614.9</ele>
      </trkpt>
      <trkpt lat="42.48741" lon="2.65333">
        <ele>616.5</ele>
      </trkpt>
      <trkpt lat="42.48744" lon="2.65338">
        <ele>616.7</ele>
      </trkpt>
      <trkpt lat="42.48746" lon="2.65344">
        <ele>616.9</ele>
      </trkpt>
      <trkpt lat="42.48749" lon="2.65349">
        <ele>617.2</ele>
      </trkpt>
      <trkpt lat="42.48751" lon="2.65354">
        <ele>617.3</ele>
      </trkpt>
      <trkpt lat="42.48755" lon="2.65359">
        <ele>617.9</ele>
      </trkpt>
      <trkpt lat="42.48759" lon="2.65364">
        <ele>618.8</ele>
      </trkpt>
      <trkpt lat="42.48766" lon="2.65371">
        <ele>620.6</ele>
      </trkpt>
      <trkpt lat="42.48773" lon="2.65374">
        <ele>622.7</ele>
      </trkpt>
      <trkpt lat="42.48779" lon="2.65376">
        <ele>624.3</ele>
      </trkpt>
      <trkpt lat="42.48785" lon="2.65374">
        <ele>625.3</ele>
      </trkpt>
      <trkpt lat="42.48792" lon="2.65372">
        <ele>626.5</ele>
      </trkpt>
      <trkpt lat="42.48798" lon="2.6537">
        <ele>627.7</ele>
      </trkpt>
      <trkpt lat="42.48804" lon="2.65368">
        <ele>629.1</ele>
      </trkpt>
      <trkpt lat="42.48809" lon="2.65369">
        <ele>629.4</ele>
      </trkpt>
      <trkpt lat="42.48813" lon="2.65369">
        <ele>629.8</ele>
      </trkpt>
      <trkpt lat="42.48818" lon="2.6537">
        <ele>630.2</ele>
      </trkpt>
      <trkpt lat="42.48822" lon="2.6537">
        <ele>630.6</ele>
      </trkpt>
      <trkpt lat="42.48827" lon="2.65369">
        <ele>631.6</ele>
      </trkpt>
      <trkpt lat="42.48831" lon="2.65368">
        <ele>632.6</ele>
      </trkpt>
      <trkpt lat="42.48836" lon="2.65367">
        <ele>633.8</ele>
      </trkpt>
      <trkpt lat="42.48841" lon="2.65366">
        <ele>635.2</ele>
      </trkpt>
      <trkpt lat="42.48845" lon="2.65364">
        <ele>636.5</ele>
      </trkpt>
      <trkpt lat="42.4885" lon="2.65363">
        <ele>637.9</ele>
      </trkpt>
      <trkpt lat="42.48854" lon="2.65362">
        <ele>639.3</ele>
      </trkpt>
      <trkpt lat="42.48859" lon="2.65361">
        <ele>640.6</ele>
      </trkpt>
      <trkpt lat="42.48867" lon="2.65366">
        <ele>641.9</ele>
      </trkpt>
      <trkpt lat="42.48875" lon="2.6537">
        <ele>643.3</ele>
      </trkpt>
      <trkpt lat="42.4888" lon="2.65371">
        <ele>644.7</ele>
      </trkpt>
      <trkpt lat="42.48885" lon="2.65372">
        <ele>646</ele>
      </trkpt>
      <trkpt lat="42.4889" lon="2.65373">
        <ele>647.2</ele>
      </trkpt>
      <trkpt lat="42.48895" lon="2.65374">
        <ele>648.2</ele>
      </trkpt>
      <trkpt lat="42.48899" lon="2.65376">
        <ele>648.5</ele>
      </trkpt>
      <trkpt lat="42.48904" lon="2.65379">
        <ele>648.8</ele>
      </trkpt>
      <trkpt lat="42.48908" lon="2.65381">
        <ele>649.2</ele>
      </trkpt>
      <trkpt lat="42.48912" lon="2.65383">
        <ele>649.7</ele>
      </trkpt>
      <trkpt lat="42.48919" lon="2.65386">
        <ele>650.3</ele>
      </trkpt>
      <trkpt lat="42.48925" lon="2.65388">
        <ele>649.6</ele>
      </trkpt>
      <trkpt lat="42.48931" lon="2.65387">
        <ele>650.4</ele>
      </trkpt>
      <trkpt lat="42.48937" lon="2.65385">
        <ele>651.1</ele>
      </trkpt>
      <trkpt lat="42.48942" lon="2.65384">
        <ele>651.9</ele>
      </trkpt>
      <trkpt lat="42.48948" lon="2.65383">
        <ele>653</ele>
      </trkpt>
      <trkpt lat="42.48954" lon="2.65381">
        <ele>654.3</ele>
      </trkpt>
      <trkpt lat="42.4896" lon="2.6538">
        <ele>655.6</ele>
      </trkpt>
      <trkpt lat="42.48965" lon="2.65378">
        <ele>656.9</ele>
      </trkpt>
      <trkpt lat="42.48971" lon="2.65377">
        <ele>658.1</ele>
      </trkpt>
      <trkpt lat="42.4898" lon="2.65377">
        <ele>659.5</ele>
      </trkpt>
      <trkpt lat="42.48988" lon="2.65377">
        <ele>660.9</ele>
      </trkpt>
      <trkpt lat="42.48992" lon="2.65379">
        <ele>660.9</ele>
      </trkpt>
      <trkpt lat="42.48997" lon="2.65381">
        <ele>661</ele>
      </trkpt>
      <trkpt lat="42.49001" lon="2.65383">
        <ele>661.2</ele>
      </trkpt>
      <trkpt lat="42.49005" lon="2.65385">
        <ele>662.1</ele>
      </trkpt>
      <trkpt lat="42.49008" lon="2.6539">
        <ele>662</ele>
      </trkpt>
      <trkpt lat="42.49011" lon="2.65395">
        <ele>662.7</ele>
      </trkpt>
      <trkpt lat="42.49014" lon="2.654">
        <ele>663.4</ele>
      </trkpt>
      <trkpt lat="42.49017" lon="2.65405">
        <ele>664.1</ele>
      </trkpt>
      <trkpt lat="42.49019" lon="2.6541">
        <ele>664.9</ele>
      </trkpt>
      <trkpt lat="42.49022" lon="2.65415">
        <ele>665.8</ele>
      </trkpt>
      <trkpt lat="42.49025" lon="2.6542">
        <ele>666.8</ele>
      </trkpt>
      <trkpt lat="42.49028" lon="2.65425">
        <ele>668.1</ele>
      </trkpt>
      <trkpt lat="42.49033" lon="2.65435">
        <ele>670.2</ele>
      </trkpt>
      <trkpt lat="42.49038" lon="2.65445">
        <ele>672.2</ele>
      </trkpt>
      <trkpt lat="42.49042" lon="2.65454">
        <ele>673.7</ele>
      </trkpt>
      <trkpt lat="42.49047" lon="2.65464">
        <ele>674.8</ele>
      </trkpt>
      <trkpt lat="42.49054" lon="2.65467">
        <ele>676.9</ele>
      </trkpt>
      <trkpt lat="42.4906" lon="2.6547">
        <ele>678.2</ele>
      </trkpt>
      <trkpt lat="42.49068" lon="2.65469">
        <ele>680</ele>
      </trkpt>
      <trkpt lat="42.49073" lon="2.65467">
        <ele>681.2</ele>
      </trkpt>
      <trkpt lat="42.49077" lon="2.65465">
        <ele>682.4</ele>
      </trkpt>
      <trkpt lat="42.49082" lon="2.65463">
        <ele>683.6</ele>
      </trkpt>
      <trkpt lat="42.49086" lon="2.65461">
        <ele>684.6</ele>
      </trkpt>
      <trkpt lat="42.49092" lon="2.65452">
        <ele>686.4</ele>
      </trkpt>
      <trkpt lat="42.49099" lon="2.65444">
        <ele>688.3</ele>
      </trkpt>
      <trkpt lat="42.49105" lon="2.65435">
        <ele>690.3</ele>
      </trkpt>
      <trkpt lat="42.49111" lon="2.65426">
        <ele>692</ele>
      </trkpt>
      <trkpt lat="42.49114" lon="2.65419">
        <ele>692.9</ele>
      </trkpt>
      <trkpt lat="42.49117" lon="2.65412">
        <ele>694.5</ele>
      </trkpt>
      <trkpt lat="42.49119" lon="2.65405">
        <ele>696.3</ele>
      </trkpt>
      <trkpt lat="42.49122" lon="2.65398">
        <ele>698</ele>
      </trkpt>
      <trkpt lat="42.49126" lon="2.65393">
        <ele>699.2</ele>
      </trkpt>
      <trkpt lat="42.4913" lon="2.65387">
        <ele>700.4</ele>
      </trkpt>
      <trkpt lat="42.49134" lon="2.65382">
        <ele>701.5</ele>
      </trkpt>
      <trkpt lat="42.49138" lon="2.65376">
        <ele>702.4</ele>
      </trkpt>
      <trkpt lat="42.49142" lon="2.65371">
        <ele>703.6</ele>
      </trkpt>
      <trkpt lat="42.49146" lon="2.65365">
        <ele>704.9</ele>
      </trkpt>
      <trkpt lat="42.4915" lon="2.6536">
        <ele>706.2</ele>
      </trkpt>
      <trkpt lat="42.49154" lon="2.65354">
        <ele>707.4</ele>
      </trkpt>
      <trkpt lat="42.49157" lon="2.65346">
        <ele>708.7</ele>
      </trkpt>
      <trkpt lat="42.4916" lon="2.65338">
        <ele>709.5</ele>
      </trkpt>
      <trkpt lat="42.49163" lon="2.6533">
        <ele>710.1</ele>
      </trkpt>
      <trkpt lat="42.49166" lon="2.65323">
        <ele>710.3</ele>
      </trkpt>
      <trkpt lat="42.49169" lon="2.65315">
        <ele>711.1</ele>
      </trkpt>
      <trkpt lat="42.49172" lon="2.65307">
        <ele>711.9</ele>
      </trkpt>
      <trkpt lat="42.49175" lon="2.65299">
        <ele>712.9</ele>
      </trkpt>
      <trkpt lat="42.49178" lon="2.65291">
        <ele>713.9</ele>
      </trkpt>
      <trkpt lat="42.49182" lon="2.65287">
        <ele>714.4</ele>
      </trkpt>
      <trkpt lat="42.49185" lon="2.65282">
        <ele>714.8</ele>
      </trkpt>
      <trkpt lat="42.49189" lon="2.65278">
        <ele>715.3</ele>
      </trkpt>
      <trkpt lat="42.49192" lon="2.65273">
        <ele>716</ele>
      </trkpt>
      <trkpt lat="42.49199" lon="2.65267">
        <ele>716.7</ele>
      </trkpt>
      <trkpt lat="42.49206" lon="2.6526">
        <ele>717</ele>
      </trkpt>
      <trkpt lat="42.49208" lon="2.65255">
        <ele>717.4</ele>
      </trkpt>
      <trkpt lat="42.49211" lon="2.65249">
        <ele>717.8</ele>
      </trkpt>
      <trkpt lat="42.49213" lon="2.65244">
        <ele>718.2</ele>
      </trkpt>
      <trkpt lat="42.49215" lon="2.65238">
        <ele>718.6</ele>
      </trkpt>
      <trkpt lat="42.49217" lon="2.65232">
        <ele>719</ele>
      </trkpt>
      <trkpt lat="42.49219" lon="2.65226">
        <ele>719.4</ele>
      </trkpt>
      <trkpt lat="42.4922" lon="2.6522">
        <ele>719.7</ele>
      </trkpt>
      <trkpt lat="42.49222" lon="2.65214">
        <ele>720.2</ele>
      </trkpt>
      <trkpt lat="42.49223" lon="2.65208">
        <ele>720.9</ele>
      </trkpt>
      <trkpt lat="42.49223" lon="2.65202">
        <ele>721.5</ele>
      </trkpt>
      <trkpt lat="42.49224" lon="2.65195">
        <ele>722.1</ele>
      </trkpt>
      <trkpt lat="42.49224" lon="2.65189">
        <ele>722.3</ele>
      </trkpt>
      <trkpt lat="42.49223" lon="2.65183">
        <ele>723.2</ele>
      </trkpt>
      <trkpt lat="42.49223" lon="2.65177">
        <ele>724.1</ele>
      </trkpt>
      <trkpt lat="42.49222" lon="2.6517">
        <ele>724.9</ele>
      </trkpt>
      <trkpt lat="42.49221" lon="2.65164">
        <ele>725.6</ele>
      </trkpt>
      <trkpt lat="42.49223" lon="2.65158">
        <ele>724.8</ele>
      </trkpt>
      <trkpt lat="42.49224" lon="2.65152">
        <ele>724</ele>
      </trkpt>
      <trkpt lat="42.49226" lon="2.65146">
        <ele>723.2</ele>
      </trkpt>
      <trkpt lat="42.49227" lon="2.6514">
        <ele>722.4</ele>
      </trkpt>
      <trkpt lat="42.49224" lon="2.65132">
        <ele>723.6</ele>
      </trkpt>
      <trkpt lat="42.4922" lon="2.65124">
        <ele>724.5</ele>
      </trkpt>
      <trkpt lat="42.49217" lon="2.65119">
        <ele>725.4</ele>
      </trkpt>
      <trkpt lat="42.49216" lon="2.65113">
        <ele>725.4</ele>
      </trkpt>
      <trkpt lat="42.49215" lon="2.65107">
        <ele>725.6</ele>
      </trkpt>
      <trkpt lat="42.49213" lon="2.651">
        <ele>725.8</ele>
      </trkpt>
      <trkpt lat="42.49212" lon="2.65094">
        <ele>725.9</ele>
      </trkpt>
      <trkpt lat="42.4921" lon="2.65088">
        <ele>726.4</ele>
      </trkpt>
      <trkpt lat="42.49209" lon="2.65083">
        <ele>726.9</ele>
      </trkpt>
      <trkpt lat="42.49207" lon="2.65077">
        <ele>727.5</ele>
      </trkpt>
      <trkpt lat="42.49205" lon="2.65071">
        <ele>728.1</ele>
      </trkpt>
      <trkpt lat="42.49204" lon="2.65059">
        <ele>728</ele>
      </trkpt>
      <trkpt lat="42.49203" lon="2.65047">
        <ele>729.4</ele>
      </trkpt>
      <trkpt lat="42.49206" lon="2.65042">
        <ele>729</ele>
      </trkpt>
      <trkpt lat="42.49208" lon="2.65036">
        <ele>728.6</ele>
      </trkpt>
      <trkpt lat="42.49211" lon="2.65031">
        <ele>728.2</ele>
      </trkpt>
      <trkpt lat="42.49213" lon="2.65025">
        <ele>727.7</ele>
      </trkpt>
      <trkpt lat="42.49218" lon="2.65015">
        <ele>726.5</ele>
      </trkpt>
      <trkpt lat="42.49223" lon="2.65005">
        <ele>725.3</ele>
      </trkpt>
      <trkpt lat="42.49227" lon="2.65">
        <ele>725</ele>
      </trkpt>
      <trkpt lat="42.49231" lon="2.64996">
        <ele>725.1</ele>
      </trkpt>
      <trkpt lat="42.49234" lon="2.64991">
        <ele>725.3</ele>
      </trkpt>
      <trkpt lat="42.49238" lon="2.64986">
        <ele>725.3</ele>
      </trkpt>
      <trkpt lat="42.4924" lon="2.6498">
        <ele>725.9</ele>
      </trkpt>
      <trkpt lat="42.49243" lon="2.64975">
        <ele>726.5</ele>
      </trkpt>
      <trkpt lat="42.49245" lon="2.64969">
        <ele>727</ele>
      </trkpt>
      <trkpt lat="42.49247" lon="2.64963">
        <ele>727.5</ele>
      </trkpt>
      <trkpt lat="42.49249" lon="2.64957">
        <ele>727.9</ele>
      </trkpt>
      <trkpt lat="42.49252" lon="2.64952">
        <ele>728.4</ele>
      </trkpt>
      <trkpt lat="42.49254" lon="2.64946">
        <ele>729</ele>
      </trkpt>
      <trkpt lat="42.49256" lon="2.6494">
        <ele>730.1</ele>
      </trkpt>
      <trkpt lat="42.49264" lon="2.64934">
        <ele>730.4</ele>
      </trkpt>
      <trkpt lat="42.49271" lon="2.64927">
        <ele>730.6</ele>
      </trkpt>
      <trkpt lat="42.49276" lon="2.64924">
        <ele>730.4</ele>
      </trkpt>
      <trkpt lat="42.4928" lon="2.64922">
        <ele>729.9</ele>
      </trkpt>
      <trkpt lat="42.49285" lon="2.64919">
        <ele>729.2</ele>
      </trkpt>
      <trkpt lat="42.49289" lon="2.64916">
        <ele>728.5</ele>
      </trkpt>
      <trkpt lat="42.49293" lon="2.64912">
        <ele>728.2</ele>
      </trkpt>
      <trkpt lat="42.49297" lon="2.64908">
        <ele>728</ele>
      </trkpt>
      <trkpt lat="42.493" lon="2.64903">
        <ele>727.9</ele>
      </trkpt>
      <trkpt lat="42.49304" lon="2.64899">
        <ele>727.9</ele>
      </trkpt>
      <trkpt lat="42.49302" lon="2.64892">
        <ele>730.1</ele>
      </trkpt>
      <trkpt lat="42.49297" lon="2.64885">
        <ele>733.3</ele>
      </trkpt>
      <trkpt lat="42.49294" lon="2.64878">
        <ele>735.8</ele>
      </trkpt>
      <trkpt lat="42.49291" lon="2.6487">
        <ele>738</ele>
      </trkpt>
      <trkpt lat="42.49288" lon="2.64862">
        <ele>739.9</ele>
      </trkpt>
      <trkpt lat="42.49285" lon="2.64853">
        <ele>741.4</ele>
      </trkpt>
      <trkpt lat="42.49279" lon="2.64847">
        <ele>741.6</ele>
      </trkpt>
      <trkpt lat="42.49273" lon="2.64842">
        <ele>743.5</ele>
      </trkpt>
      <trkpt lat="42.49266" lon="2.64836">
        <ele>745.4</ele>
      </trkpt>
      <trkpt lat="42.4926" lon="2.6483">
        <ele>747.3</ele>
      </trkpt>
      <trkpt lat="42.49256" lon="2.64823">
        <ele>748.6</ele>
      </trkpt>
      <trkpt lat="42.49251" lon="2.64815">
        <ele>749</ele>
      </trkpt>
      <trkpt lat="42.49245" lon="2.64813">
        <ele>750.1</ele>
      </trkpt>
      <trkpt lat="42.49239" lon="2.64812">
        <ele>751.3</ele>
      </trkpt>
      <trkpt lat="42.49233" lon="2.6481">
        <ele>752.4</ele>
      </trkpt>
      <trkpt lat="42.49227" lon="2.64808">
        <ele>753.4</ele>
      </trkpt>
      <trkpt lat="42.49223" lon="2.64806">
        <ele>754</ele>
      </trkpt>
      <trkpt lat="42.49218" lon="2.64803">
        <ele>755.8</ele>
      </trkpt>
      <trkpt lat="42.49214" lon="2.64799">
        <ele>757.6</ele>
      </trkpt>
      <trkpt lat="42.4921" lon="2.64794">
        <ele>758.8</ele>
      </trkpt>
      <trkpt lat="42.49206" lon="2.64788">
        <ele>759.7</ele>
      </trkpt>
      <trkpt lat="42.49202" lon="2.64782">
        <ele>759.8</ele>
      </trkpt>
      <trkpt lat="42.492" lon="2.64774">
        <ele>760.3</ele>
      </trkpt>
      <trkpt lat="42.49198" lon="2.64766">
        <ele>761.4</ele>
      </trkpt>
      <trkpt lat="42.49196" lon="2.64755">
        <ele>762.8</ele>
      </trkpt>
      <trkpt lat="42.49194" lon="2.64744">
        <ele>764</ele>
      </trkpt>
      <trkpt lat="42.49192" lon="2.64732">
        <ele>766.1</ele>
      </trkpt>
      <trkpt lat="42.4919" lon="2.64721">
        <ele>767.9</ele>
      </trkpt>
      <trkpt lat="42.49189" lon="2.64714">
        <ele>768.9</ele>
      </trkpt>
      <trkpt lat="42.49187" lon="2.64708">
        <ele>769.8</ele>
      </trkpt>
      <trkpt lat="42.49186" lon="2.64701">
        <ele>770.7</ele>
      </trkpt>
      <trkpt lat="42.49184" lon="2.64694">
        <ele>771.6</ele>
      </trkpt>
      <trkpt lat="42.49183" lon="2.64683">
        <ele>773.2</ele>
      </trkpt>
      <trkpt lat="42.49182" lon="2.64673">
        <ele>774.7</ele>
      </trkpt>
      <trkpt lat="42.4918" lon="2.64662">
        <ele>776.1</ele>
      </trkpt>
      <trkpt lat="42.49179" lon="2.64651">
        <ele>777.4</ele>
      </trkpt>
      <trkpt lat="42.49178" lon="2.64642">
        <ele>778.4</ele>
      </trkpt>
      <trkpt lat="42.49176" lon="2.64634">
        <ele>779.7</ele>
      </trkpt>
      <trkpt lat="42.49175" lon="2.64625">
        <ele>781.3</ele>
      </trkpt>
      <trkpt lat="42.49173" lon="2.64616">
        <ele>783</ele>
      </trkpt>
      <trkpt lat="42.4917" lon="2.64607">
        <ele>784.6</ele>
      </trkpt>
      <trkpt lat="42.49166" lon="2.64597">
        <ele>786.1</ele>
      </trkpt>
      <trkpt lat="42.4917" lon="2.64592">
        <ele>786.7</ele>
      </trkpt>
      <trkpt lat="42.49173" lon="2.64587">
        <ele>787.3</ele>
      </trkpt>
      <trkpt lat="42.49174" lon="2.64575">
        <ele>788.8</ele>
      </trkpt>
      <trkpt lat="42.49169" lon="2.64567">
        <ele>790.2</ele>
      </trkpt>
      <trkpt lat="42.49163" lon="2.64559">
        <ele>791.9</ele>
      </trkpt>
      <trkpt lat="42.49159" lon="2.64555">
        <ele>792.9</ele>
      </trkpt>
      <trkpt lat="42.49155" lon="2.64551">
        <ele>793.7</ele>
      </trkpt>
      <trkpt lat="42.49158" lon="2.64542">
        <ele>794.1</ele>
      </trkpt>
      <trkpt lat="42.49161" lon="2.64533">
        <ele>794.4</ele>
      </trkpt>
      <trkpt lat="42.49163" lon="2.64525">
        <ele>794.9</ele>
      </trkpt>
      <trkpt lat="42.49165" lon="2.64518">
        <ele>795.7</ele>
      </trkpt>
      <trkpt lat="42.49167" lon="2.6451">
        <ele>796.5</ele>
      </trkpt>
      <trkpt lat="42.49169" lon="2.64502">
        <ele>797.4</ele>
      </trkpt>
      <trkpt lat="42.49171" lon="2.64492">
        <ele>798.3</ele>
      </trkpt>
      <trkpt lat="42.49172" lon="2.64482">
        <ele>799.1</ele>
      </trkpt>
      <trkpt lat="42.49174" lon="2.64472">
        <ele>799.9</ele>
      </trkpt>
      <trkpt lat="42.49175" lon="2.64462">
        <ele>800.9</ele>
      </trkpt>
      <trkpt lat="42.49177" lon="2.64451">
        <ele>802</ele>
      </trkpt>
      <trkpt lat="42.49178" lon="2.64441">
        <ele>802.9</ele>
      </trkpt>
      <trkpt lat="42.4918" lon="2.64431">
        <ele>803.7</ele>
      </trkpt>
      <trkpt lat="42.49181" lon="2.64421">
        <ele>804.4</ele>
      </trkpt>
      <trkpt lat="42.4918" lon="2.64415">
        <ele>805.3</ele>
      </trkpt>
      <trkpt lat="42.49179" lon="2.64408">
        <ele>805.9</ele>
      </trkpt>
      <trkpt lat="42.49177" lon="2.64402">
        <ele>806.8</ele>
      </trkpt>
      <trkpt lat="42.49174" lon="2.64395">
        <ele>807.6</ele>
      </trkpt>
      <trkpt lat="42.49174" lon="2.64389">
        <ele>808.1</ele>
      </trkpt>
      <trkpt lat="42.49173" lon="2.64382">
        <ele>808.8</ele>
      </trkpt>
      <trkpt lat="42.49176" lon="2.64374">
        <ele>809.2</ele>
      </trkpt>
      <trkpt lat="42.4918" lon="2.64366">
        <ele>809.6</ele>
      </trkpt>
      <trkpt lat="42.49183" lon="2.64358">
        <ele>809.9</ele>
      </trkpt>
      <trkpt lat="42.49187" lon="2.6435">
        <ele>810.1</ele>
      </trkpt>
      <trkpt lat="42.4919" lon="2.64342">
        <ele>810.2</ele>
      </trkpt>
      <trkpt lat="42.49193" lon="2.64334">
        <ele>810.2</ele>
      </trkpt>
      <trkpt lat="42.49197" lon="2.64326">
        <ele>810.7</ele>
      </trkpt>
      <trkpt lat="42.492" lon="2.64318">
        <ele>811.2</ele>
      </trkpt>
      <trkpt lat="42.49203" lon="2.64309">
        <ele>811.7</ele>
      </trkpt>
      <trkpt lat="42.49207" lon="2.64301">
        <ele>812.1</ele>
      </trkpt>
      <trkpt lat="42.4921" lon="2.64293">
        <ele>812.6</ele>
      </trkpt>
      <trkpt lat="42.49214" lon="2.64285">
        <ele>813.1</ele>
      </trkpt>
      <trkpt lat="42.49217" lon="2.64277">
        <ele>813.6</ele>
      </trkpt>
      <trkpt lat="42.4922" lon="2.64269">
        <ele>814.2</ele>
      </trkpt>
      <trkpt lat="42.49224" lon="2.64261">
        <ele>814.7</ele>
      </trkpt>
      <trkpt lat="42.49227" lon="2.64253">
        <ele>815.2</ele>
      </trkpt>
      <trkpt lat="42.49231" lon="2.64242">
        <ele>815.6</ele>
      </trkpt>
      <trkpt lat="42.49234" lon="2.64231">
        <ele>815.8</ele>
      </trkpt>
      <trkpt lat="42.49238" lon="2.6422">
        <ele>816</ele>
      </trkpt>
      <trkpt lat="42.49241" lon="2.64209">
        <ele>816.1</ele>
      </trkpt>
      <trkpt lat="42.49247" lon="2.642">
        <ele>815.4</ele>
      </trkpt>
      <trkpt lat="42.49253" lon="2.64191">
        <ele>815.1</ele>
      </trkpt>
      <trkpt lat="42.49255" lon="2.64183">
        <ele>815.5</ele>
      </trkpt>
      <trkpt lat="42.49257" lon="2.64175">
        <ele>815.8</ele>
      </trkpt>
      <trkpt lat="42.49259" lon="2.64166">
        <ele>816.1</ele>
      </trkpt>
      <trkpt lat="42.4926" lon="2.64158">
        <ele>816.9</ele>
      </trkpt>
      <trkpt lat="42.49262" lon="2.64149">
        <ele>817.5</ele>
      </trkpt>
      <trkpt lat="42.49263" lon="2.6414">
        <ele>818.1</ele>
      </trkpt>
      <trkpt lat="42.49265" lon="2.64131">
        <ele>818.8</ele>
      </trkpt>
      <trkpt lat="42.49266" lon="2.64123">
        <ele>819.5</ele>
      </trkpt>
      <trkpt lat="42.49268" lon="2.64114">
        <ele>820</ele>
      </trkpt>
      <trkpt lat="42.49269" lon="2.64105">
        <ele>820.9</ele>
      </trkpt>
      <trkpt lat="42.4927" lon="2.64098">
        <ele>821.8</ele>
      </trkpt>
      <trkpt lat="42.49271" lon="2.6409">
        <ele>822.8</ele>
      </trkpt>
      <trkpt lat="42.49272" lon="2.64084">
        <ele>823.5</ele>
      </trkpt>
      <trkpt lat="42.49274" lon="2.64078">
        <ele>824</ele>
      </trkpt>
      <trkpt lat="42.49275" lon="2.64072">
        <ele>824.5</ele>
      </trkpt>
      <trkpt lat="42.49277" lon="2.64066">
        <ele>825</ele>
      </trkpt>
      <trkpt lat="42.49278" lon="2.64059">
        <ele>825.4</ele>
      </trkpt>
      <trkpt lat="42.49279" lon="2.64053">
        <ele>826</ele>
      </trkpt>
      <trkpt lat="42.49281" lon="2.64047">
        <ele>826.6</ele>
      </trkpt>
      <trkpt lat="42.49282" lon="2.64041">
        <ele>827.1</ele>
      </trkpt>
      <trkpt lat="42.49284" lon="2.64035">
        <ele>827.5</ele>
      </trkpt>
      <trkpt lat="42.49285" lon="2.64029">
        <ele>827.9</ele>
      </trkpt>
      <trkpt lat="42.49287" lon="2.64023">
        <ele>828.7</ele>
      </trkpt>
      <trkpt lat="42.49289" lon="2.64017">
        <ele>829.6</ele>
      </trkpt>
      <trkpt lat="42.4929" lon="2.64011">
        <ele>830.5</ele>
      </trkpt>
      <trkpt lat="42.49292" lon="2.64005">
        <ele>831.3</ele>
      </trkpt>
      <trkpt lat="42.49294" lon="2.63999">
        <ele>832</ele>
      </trkpt>
      <trkpt lat="42.49296" lon="2.63993">
        <ele>832.4</ele>
      </trkpt>
      <trkpt lat="42.49297" lon="2.63987">
        <ele>832.9</ele>
      </trkpt>
      <trkpt lat="42.49299" lon="2.63981">
        <ele>833.2</ele>
      </trkpt>
      <trkpt lat="42.49301" lon="2.63975">
        <ele>833.5</ele>
      </trkpt>
      <trkpt lat="42.49302" lon="2.63969">
        <ele>833.8</ele>
      </trkpt>
      <trkpt lat="42.49304" lon="2.63963">
        <ele>834</ele>
      </trkpt>
      <trkpt lat="42.49306" lon="2.63957">
        <ele>834.2</ele>
      </trkpt>
      <trkpt lat="42.49307" lon="2.63951">
        <ele>834.6</ele>
      </trkpt>
      <trkpt lat="42.49309" lon="2.63945">
        <ele>834.9</ele>
      </trkpt>
      <trkpt lat="42.49311" lon="2.63933">
        <ele>836.2</ele>
      </trkpt>
      <trkpt lat="42.49312" lon="2.63921">
        <ele>837.3</ele>
      </trkpt>
      <trkpt lat="42.49313" lon="2.63914">
        <ele>837.8</ele>
      </trkpt>
      <trkpt lat="42.49315" lon="2.63908">
        <ele>838.3</ele>
      </trkpt>
      <trkpt lat="42.49316" lon="2.63901">
        <ele>838.8</ele>
      </trkpt>
      <trkpt lat="42.49317" lon="2.63895">
        <ele>839.3</ele>
      </trkpt>
      <trkpt lat="42.49318" lon="2.63888">
        <ele>840</ele>
      </trkpt>
      <trkpt lat="42.4932" lon="2.63881">
        <ele>840.9</ele>
      </trkpt>
      <trkpt lat="42.49321" lon="2.63875">
        <ele>841.8</ele>
      </trkpt>
      <trkpt lat="42.49322" lon="2.63868">
        <ele>842.6</ele>
      </trkpt>
      <trkpt lat="42.49325" lon="2.63861">
        <ele>843.2</ele>
      </trkpt>
      <trkpt lat="42.49327" lon="2.63854">
        <ele>843.9</ele>
      </trkpt>
      <trkpt lat="42.4933" lon="2.63847">
        <ele>844.5</ele>
      </trkpt>
      <trkpt lat="42.49333" lon="2.6384">
        <ele>845.1</ele>
      </trkpt>
      <trkpt lat="42.49335" lon="2.63832">
        <ele>845.6</ele>
      </trkpt>
      <trkpt lat="42.49338" lon="2.63825">
        <ele>846</ele>
      </trkpt>
      <trkpt lat="42.4934" lon="2.63818">
        <ele>846.5</ele>
      </trkpt>
      <trkpt lat="42.49343" lon="2.63811">
        <ele>846.9</ele>
      </trkpt>
      <trkpt lat="42.49347" lon="2.63806">
        <ele>846.5</ele>
      </trkpt>
      <trkpt lat="42.49351" lon="2.63801">
        <ele>846.2</ele>
      </trkpt>
      <trkpt lat="42.49355" lon="2.63792">
        <ele>846.8</ele>
      </trkpt>
      <trkpt lat="42.49359" lon="2.63783">
        <ele>847.5</ele>
      </trkpt>
      <trkpt lat="42.49362" lon="2.63774">
        <ele>848.6</ele>
      </trkpt>
      <trkpt lat="42.49365" lon="2.63765">
        <ele>849.8</ele>
      </trkpt>
      <trkpt lat="42.49368" lon="2.63756">
        <ele>851</ele>
      </trkpt>
      <trkpt lat="42.49371" lon="2.63747">
        <ele>852.1</ele>
      </trkpt>
      <trkpt lat="42.49373" lon="2.6374">
        <ele>853</ele>
      </trkpt>
      <trkpt lat="42.49374" lon="2.63734">
        <ele>853.9</ele>
      </trkpt>
      <trkpt lat="42.49376" lon="2.63727">
        <ele>854.9</ele>
      </trkpt>
      <trkpt lat="42.49377" lon="2.63721">
        <ele>855.8</ele>
      </trkpt>
      <trkpt lat="42.49379" lon="2.63714">
        <ele>856.4</ele>
      </trkpt>
      <trkpt lat="42.4938" lon="2.63707">
        <ele>857.1</ele>
      </trkpt>
      <trkpt lat="42.49382" lon="2.63701">
        <ele>857.7</ele>
      </trkpt>
      <trkpt lat="42.49383" lon="2.63694">
        <ele>858.3</ele>
      </trkpt>
      <trkpt lat="42.49386" lon="2.63688">
        <ele>858.6</ele>
      </trkpt>
      <trkpt lat="42.49389" lon="2.63681">
        <ele>858.9</ele>
      </trkpt>
      <trkpt lat="42.49394" lon="2.63674">
        <ele>859.7</ele>
      </trkpt>
      <trkpt lat="42.49394" lon="2.63665">
        <ele>861.3</ele>
      </trkpt>
      <trkpt lat="42.49393" lon="2.63655">
        <ele>863.3</ele>
      </trkpt>
      <trkpt lat="42.49389" lon="2.6365">
        <ele>864.8</ele>
      </trkpt>
      <trkpt lat="42.49384" lon="2.63644">
        <ele>866.5</ele>
      </trkpt>
      <trkpt lat="42.49381" lon="2.63633">
        <ele>868.4</ele>
      </trkpt>
      <trkpt lat="42.49382" lon="2.63621">
        <ele>869.5</ele>
      </trkpt>
      <trkpt lat="42.49382" lon="2.63609">
        <ele>870.3</ele>
      </trkpt>
      <trkpt lat="42.49391" lon="2.6361">
        <ele>870.8</ele>
      </trkpt>
      <trkpt lat="42.49399" lon="2.6361">
        <ele>870.6</ele>
      </trkpt>
      <trkpt lat="42.49391" lon="2.6361">
        <ele>870.8</ele>
      </trkpt>
      <trkpt lat="42.49382" lon="2.63609">
        <ele>870.3</ele>
      </trkpt>
      <trkpt lat="42.49388" lon="2.63606">
        <ele>870.5</ele>
      </trkpt>
      <trkpt lat="42.49394" lon="2.63603">
        <ele>870.5</ele>
      </trkpt>
      <trkpt lat="42.49399" lon="2.636">
        <ele>870.6</ele>
      </trkpt>
      <trkpt lat="42.49405" lon="2.63597">
        <ele>870.9</ele>
      </trkpt>
      <trkpt lat="42.49411" lon="2.6359">
        <ele>871.7</ele>
      </trkpt>
      <trkpt lat="42.49417" lon="2.63582">
        <ele>872.9</ele>
      </trkpt>
      <trkpt lat="42.49422" lon="2.63575">
        <ele>873.3</ele>
      </trkpt>
      <trkpt lat="42.49428" lon="2.63567">
        <ele>873.9</ele>
      </trkpt>
      <trkpt lat="42.49433" lon="2.63566">
        <ele>874.6</ele>
      </trkpt>
      <trkpt lat="42.49438" lon="2.63566">
        <ele>875.3</ele>
      </trkpt>
      <trkpt lat="42.49443" lon="2.63565">
        <ele>876.1</ele>
      </trkpt>
      <trkpt lat="42.49448" lon="2.63564">
        <ele>876.4</ele>
      </trkpt>
      <trkpt lat="42.49452" lon="2.63563">
        <ele>876.4</ele>
      </trkpt>
      <trkpt lat="42.49457" lon="2.63563">
        <ele>876.5</ele>
      </trkpt>
      <trkpt lat="42.49462" lon="2.63562">
        <ele>876.6</ele>
      </trkpt>
      <trkpt lat="42.49467" lon="2.63561">
        <ele>876.8</ele>
      </trkpt>
      <trkpt lat="42.49471" lon="2.63556">
        <ele>877.9</ele>
      </trkpt>
      <trkpt lat="42.49475" lon="2.63551">
        <ele>878.1</ele>
      </trkpt>
      <trkpt lat="42.49479" lon="2.63546">
        <ele>878.1</ele>
      </trkpt>
      <trkpt lat="42.49483" lon="2.63541">
        <ele>878.2</ele>
      </trkpt>
      <trkpt lat="42.49486" lon="2.63532">
        <ele>879.3</ele>
      </trkpt>
      <trkpt lat="42.49489" lon="2.63522">
        <ele>880.3</ele>
      </trkpt>
      <trkpt lat="42.49492" lon="2.63513">
        <ele>881.2</ele>
      </trkpt>
      <trkpt lat="42.49495" lon="2.63503">
        <ele>882.1</ele>
      </trkpt>
      <trkpt lat="42.49496" lon="2.63495">
        <ele>882.9</ele>
      </trkpt>
      <trkpt lat="42.49498" lon="2.63487">
        <ele>883.6</ele>
      </trkpt>
      <trkpt lat="42.49499" lon="2.63478">
        <ele>884.4</ele>
      </trkpt>
      <trkpt lat="42.495" lon="2.6347">
        <ele>885.1</ele>
      </trkpt>
      <trkpt lat="42.49502" lon="2.63462">
        <ele>885.4</ele>
      </trkpt>
      <trkpt lat="42.49503" lon="2.63454">
        <ele>885.7</ele>
      </trkpt>
      <trkpt lat="42.49504" lon="2.63445">
        <ele>886.2</ele>
      </trkpt>
      <trkpt lat="42.49506" lon="2.63437">
        <ele>886.7</ele>
      </trkpt>
      <trkpt lat="42.49507" lon="2.63429">
        <ele>887.2</ele>
      </trkpt>
      <trkpt lat="42.49508" lon="2.63421">
        <ele>887.8</ele>
      </trkpt>
      <trkpt lat="42.49509" lon="2.63412">
        <ele>888.4</ele>
      </trkpt>
      <trkpt lat="42.49511" lon="2.63404">
        <ele>889</ele>
      </trkpt>
      <trkpt lat="42.49512" lon="2.63396">
        <ele>889.6</ele>
      </trkpt>
      <trkpt lat="42.49513" lon="2.63388">
        <ele>890.2</ele>
      </trkpt>
      <trkpt lat="42.49515" lon="2.63379">
        <ele>891.1</ele>
      </trkpt>
      <trkpt lat="42.49516" lon="2.63371">
        <ele>891.9</ele>
      </trkpt>
      <trkpt lat="42.49519" lon="2.63364">
        <ele>892.4</ele>
      </trkpt>
      <trkpt lat="42.49521" lon="2.63356">
        <ele>892.9</ele>
      </trkpt>
      <trkpt lat="42.49524" lon="2.63349">
        <ele>893.5</ele>
      </trkpt>
      <trkpt lat="42.49527" lon="2.63342">
        <ele>894.1</ele>
      </trkpt>
      <trkpt lat="42.49529" lon="2.63334">
        <ele>894.5</ele>
      </trkpt>
      <trkpt lat="42.49532" lon="2.63327">
        <ele>894.6</ele>
      </trkpt>
      <trkpt lat="42.49534" lon="2.63319">
        <ele>894.8</ele>
      </trkpt>
      <trkpt lat="42.49537" lon="2.63312">
        <ele>895.2</ele>
      </trkpt>
      <trkpt lat="42.49538" lon="2.63302">
        <ele>896.3</ele>
      </trkpt>
      <trkpt lat="42.49538" lon="2.63291">
        <ele>897.2</ele>
      </trkpt>
      <trkpt lat="42.49537" lon="2.63285">
        <ele>897.9</ele>
      </trkpt>
      <trkpt lat="42.49537" lon="2.63279">
        <ele>898.6</ele>
      </trkpt>
      <trkpt lat="42.49536" lon="2.63273">
        <ele>899.4</ele>
      </trkpt>
      <trkpt lat="42.49535" lon="2.63267">
        <ele>900.2</ele>
      </trkpt>
      <trkpt lat="42.49534" lon="2.6326">
        <ele>900.9</ele>
      </trkpt>
      <trkpt lat="42.49534" lon="2.63254">
        <ele>901.6</ele>
      </trkpt>
      <trkpt lat="42.49533" lon="2.63248">
        <ele>902.1</ele>
      </trkpt>
      <trkpt lat="42.49532" lon="2.63242">
        <ele>902.6</ele>
      </trkpt>
      <trkpt lat="42.4953" lon="2.63235">
        <ele>903.1</ele>
      </trkpt>
      <trkpt lat="42.49529" lon="2.63228">
        <ele>903.6</ele>
      </trkpt>
      <trkpt lat="42.49527" lon="2.63221">
        <ele>904</ele>
      </trkpt>
      <trkpt lat="42.49525" lon="2.63215">
        <ele>904.5</ele>
      </trkpt>
      <trkpt lat="42.49523" lon="2.63208">
        <ele>904.9</ele>
      </trkpt>
      <trkpt lat="42.49522" lon="2.63201">
        <ele>905.2</ele>
      </trkpt>
      <trkpt lat="42.4952" lon="2.63194">
        <ele>905.3</ele>
      </trkpt>
      <trkpt lat="42.49518" lon="2.63187">
        <ele>905.4</ele>
      </trkpt>
      <trkpt lat="42.49515" lon="2.6318">
        <ele>905.3</ele>
      </trkpt>
      <trkpt lat="42.49513" lon="2.63174">
        <ele>905.2</ele>
      </trkpt>
      <trkpt lat="42.4951" lon="2.63167">
        <ele>905.2</ele>
      </trkpt>
      <trkpt lat="42.49508" lon="2.63161">
        <ele>905.3</ele>
      </trkpt>
      <trkpt lat="42.49505" lon="2.63154">
        <ele>905.5</ele>
      </trkpt>
      <trkpt lat="42.49502" lon="2.63147">
        <ele>905.6</ele>
      </trkpt>
      <trkpt lat="42.495" lon="2.63141">
        <ele>905.7</ele>
      </trkpt>
      <trkpt lat="42.49497" lon="2.63134">
        <ele>905.7</ele>
      </trkpt>
      <trkpt lat="42.49494" lon="2.63127">
        <ele>905.8</ele>
      </trkpt>
      <trkpt lat="42.49492" lon="2.63121">
        <ele>905.9</ele>
      </trkpt>
      <trkpt lat="42.49489" lon="2.63114">
        <ele>906</ele>
      </trkpt>
      <trkpt lat="42.49487" lon="2.63108">
        <ele>906.3</ele>
      </trkpt>
      <trkpt lat="42.49484" lon="2.63101">
        <ele>906.7</ele>
      </trkpt>
      <trkpt lat="42.49481" lon="2.63094">
        <ele>907.2</ele>
      </trkpt>
      <trkpt lat="42.49479" lon="2.63088">
        <ele>907.8</ele>
      </trkpt>
      <trkpt lat="42.49476" lon="2.63081">
        <ele>908.6</ele>
      </trkpt>
      <trkpt lat="42.49476" lon="2.63071">
        <ele>911.4</ele>
      </trkpt>
      <trkpt lat="42.49476" lon="2.63061">
        <ele>914.2</ele>
      </trkpt>
      <trkpt lat="42.49476" lon="2.63051">
        <ele>917</ele>
      </trkpt>
      <trkpt lat="42.49476" lon="2.63041">
        <ele>919.8</ele>
      </trkpt>
      <trkpt lat="42.49476" lon="2.63031">
        <ele>922.7</ele>
      </trkpt>
      <trkpt lat="42.49476" lon="2.63021">
        <ele>925.3</ele>
      </trkpt>
      <trkpt lat="42.49476" lon="2.63011">
        <ele>927.9</ele>
      </trkpt>
      <trkpt lat="42.49476" lon="2.63001">
        <ele>930.5</ele>
      </trkpt>
      <trkpt lat="42.49475" lon="2.6299">
        <ele>933</ele>
      </trkpt>
      <trkpt lat="42.49475" lon="2.6298">
        <ele>935.6</ele>
      </trkpt>
      <trkpt lat="42.49475" lon="2.6297">
        <ele>938.1</ele>
      </trkpt>
      <trkpt lat="42.49475" lon="2.6296">
        <ele>940.3</ele>
      </trkpt>
      <trkpt lat="42.49475" lon="2.6295">
        <ele>942.5</ele>
      </trkpt>
      <trkpt lat="42.49475" lon="2.6294">
        <ele>944.8</ele>
      </trkpt>
      <trkpt lat="42.49475" lon="2.6293">
        <ele>947.3</ele>
      </trkpt>
      <trkpt lat="42.49475" lon="2.6292">
        <ele>949.9</ele>
      </trkpt>
      <trkpt lat="42.49472" lon="2.62911">
        <ele>951.2</ele>
      </trkpt>
      <trkpt lat="42.4947" lon="2.62903">
        <ele>952.3</ele>
      </trkpt>
      <trkpt lat="42.49467" lon="2.62894">
        <ele>953.4</ele>
      </trkpt>
      <trkpt lat="42.49465" lon="2.62885">
        <ele>954.6</ele>
      </trkpt>
      <trkpt lat="42.49462" lon="2.62877">
        <ele>955.7</ele>
      </trkpt>
      <trkpt lat="42.49459" lon="2.62868">
        <ele>956.8</ele>
      </trkpt>
      <trkpt lat="42.49457" lon="2.62859">
        <ele>957.9</ele>
      </trkpt>
      <trkpt lat="42.49454" lon="2.62851">
        <ele>959</ele>
      </trkpt>
      <trkpt lat="42.49451" lon="2.62842">
        <ele>960.2</ele>
      </trkpt>
      <trkpt lat="42.49449" lon="2.62833">
        <ele>961.3</ele>
      </trkpt>
      <trkpt lat="42.49446" lon="2.62824">
        <ele>962.4</ele>
      </trkpt>
      <trkpt lat="42.49444" lon="2.62816">
        <ele>963.6</ele>
      </trkpt>
      <trkpt lat="42.49441" lon="2.62807">
        <ele>965</ele>
      </trkpt>
      <trkpt lat="42.49438" lon="2.62798">
        <ele>966.4</ele>
      </trkpt>
      <trkpt lat="42.49436" lon="2.6279">
        <ele>967.8</ele>
      </trkpt>
      <trkpt lat="42.49433" lon="2.62781">
        <ele>969.2</ele>
      </trkpt>
      <trkpt lat="42.49428" lon="2.62779">
        <ele>968.7</ele>
      </trkpt>
      <trkpt lat="42.49422" lon="2.62777">
        <ele>968.1</ele>
      </trkpt>
      <trkpt lat="42.49417" lon="2.62775">
        <ele>967.6</ele>
      </trkpt>
      <trkpt lat="42.49411" lon="2.62773">
        <ele>966.7</ele>
      </trkpt>
      <trkpt lat="42.49417" lon="2.62775">
        <ele>967.6</ele>
      </trkpt>
      <trkpt lat="42.49422" lon="2.62777">
        <ele>968.1</ele>
      </trkpt>
      <trkpt lat="42.49428" lon="2.62779">
        <ele>968.7</ele>
      </trkpt>
      <trkpt lat="42.49433" lon="2.62781">
        <ele>969.2</ele>
      </trkpt>
      <trkpt lat="42.49434" lon="2.62772">
        <ele>971.5</ele>
      </trkpt>
      <trkpt lat="42.49434" lon="2.62762">
        <ele>973.9</ele>
      </trkpt>
      <trkpt lat="42.49435" lon="2.62753">
        <ele>976.3</ele>
      </trkpt>
      <trkpt lat="42.49435" lon="2.62743">
        <ele>978.3</ele>
      </trkpt>
      <trkpt lat="42.49439" lon="2.62737">
        <ele>980.4</ele>
      </trkpt>
      <trkpt lat="42.49443" lon="2.62731">
        <ele>982.7</ele>
      </trkpt>
      <trkpt lat="42.49446" lon="2.62724">
        <ele>985</ele>
      </trkpt>
      <trkpt lat="42.4945" lon="2.62718">
        <ele>986.9</ele>
      </trkpt>
      <trkpt lat="42.49453" lon="2.62711">
        <ele>988.5</ele>
      </trkpt>
      <trkpt lat="42.49456" lon="2.62704">
        <ele>990.3</ele>
      </trkpt>
      <trkpt lat="42.4946" lon="2.62697">
        <ele>992</ele>
      </trkpt>
      <trkpt lat="42.49463" lon="2.62691">
        <ele>993.9</ele>
      </trkpt>
      <trkpt lat="42.49466" lon="2.62684">
        <ele>995.7</ele>
      </trkpt>
      <trkpt lat="42.4947" lon="2.62677">
        <ele>997.7</ele>
      </trkpt>
      <trkpt lat="42.49473" lon="2.62671">
        <ele>999.7</ele>
      </trkpt>
      <trkpt lat="42.49476" lon="2.62664">
        <ele>1001.8</ele>
      </trkpt>
      <trkpt lat="42.4948" lon="2.62657">
        <ele>1004.2</ele>
      </trkpt>
      <trkpt lat="42.49483" lon="2.6265">
        <ele>1006.4</ele>
      </trkpt>
      <trkpt lat="42.49487" lon="2.62644">
        <ele>1008.6</ele>
      </trkpt>
      <trkpt lat="42.4949" lon="2.62637">
        <ele>1010.8</ele>
      </trkpt>
      <trkpt lat="42.49493" lon="2.6263">
        <ele>1012.9</ele>
      </trkpt>
      <trkpt lat="42.49497" lon="2.62624">
        <ele>1014.9</ele>
      </trkpt>
      <trkpt lat="42.495" lon="2.62617">
        <ele>1016.9</ele>
      </trkpt>
      <trkpt lat="42.49503" lon="2.6261">
        <ele>1018.9</ele>
      </trkpt>
      <trkpt lat="42.49507" lon="2.62603">
        <ele>1021.1</ele>
      </trkpt>
      <trkpt lat="42.4951" lon="2.62597">
        <ele>1023.3</ele>
      </trkpt>
      <trkpt lat="42.49513" lon="2.6259">
        <ele>1025.4</ele>
      </trkpt>
      <trkpt lat="42.49517" lon="2.62583">
        <ele>1027.6</ele>
      </trkpt>
      <trkpt lat="42.4952" lon="2.62577">
        <ele>1029.5</ele>
      </trkpt>
      <trkpt lat="42.49523" lon="2.6257">
        <ele>1031.4</ele>
      </trkpt>
      <trkpt lat="42.49527" lon="2.62563">
        <ele>1033.4</ele>
      </trkpt>
      <trkpt lat="42.4953" lon="2.62556">
        <ele>1035.2</ele>
      </trkpt>
      <trkpt lat="42.49533" lon="2.6255">
        <ele>1036.7</ele>
      </trkpt>
      <trkpt lat="42.49537" lon="2.62543">
        <ele>1038.4</ele>
      </trkpt>
      <trkpt lat="42.4954" lon="2.62536">
        <ele>1040.2</ele>
      </trkpt>
      <trkpt lat="42.49543" lon="2.62529">
        <ele>1042.1</ele>
      </trkpt>
      <trkpt lat="42.49547" lon="2.62523">
        <ele>1043.5</ele>
      </trkpt>
      <trkpt lat="42.4955" lon="2.62516">
        <ele>1044.9</ele>
      </trkpt>
      <trkpt lat="42.49555" lon="2.6251">
        <ele>1046.6</ele>
      </trkpt>
      <trkpt lat="42.49559" lon="2.62505">
        <ele>1047.6</ele>
      </trkpt>
      <trkpt lat="42.49564" lon="2.62499">
        <ele>1048.2</ele>
      </trkpt>
      <trkpt lat="42.49568" lon="2.62494">
        <ele>1048</ele>
      </trkpt>
      <trkpt lat="42.49573" lon="2.62488">
        <ele>1047.9</ele>
      </trkpt>
      <trkpt lat="42.49577" lon="2.62483">
        <ele>1048.2</ele>
      </trkpt>
      <trkpt lat="42.49582" lon="2.62477">
        <ele>1048.7</ele>
      </trkpt>
      <trkpt lat="42.49586" lon="2.62472">
        <ele>1049.1</ele>
      </trkpt>
      <trkpt lat="42.49591" lon="2.62466">
        <ele>1048.8</ele>
      </trkpt>
      <trkpt lat="42.49595" lon="2.6246">
        <ele>1048.9</ele>
      </trkpt>
      <trkpt lat="42.496" lon="2.62455">
        <ele>1049.1</ele>
      </trkpt>
      <trkpt lat="42.49604" lon="2.62449">
        <ele>1049.6</ele>
      </trkpt>
      <trkpt lat="42.49609" lon="2.62444">
        <ele>1050.3</ele>
      </trkpt>
      <trkpt lat="42.49613" lon="2.62438">
        <ele>1050.3</ele>
      </trkpt>
      <trkpt lat="42.49618" lon="2.62433">
        <ele>1050.1</ele>
      </trkpt>
      <trkpt lat="42.49622" lon="2.62427">
        <ele>1050.3</ele>
      </trkpt>
      <trkpt lat="42.49627" lon="2.62419">
        <ele>1050.5</ele>
      </trkpt>
      <trkpt lat="42.49632" lon="2.6241">
        <ele>1050.6</ele>
      </trkpt>
      <trkpt lat="42.49637" lon="2.62402">
        <ele>1050.8</ele>
      </trkpt>
      <trkpt lat="42.49642" lon="2.62393">
        <ele>1050.8</ele>
      </trkpt>
      <trkpt lat="42.49646" lon="2.62385">
        <ele>1050.3</ele>
      </trkpt>
      <trkpt lat="42.49651" lon="2.62376">
        <ele>1049.6</ele>
      </trkpt>
      <trkpt lat="42.49656" lon="2.62368">
        <ele>1049.3</ele>
      </trkpt>
      <trkpt lat="42.49661" lon="2.62359">
        <ele>1049</ele>
      </trkpt>
      <trkpt lat="42.49668" lon="2.62354">
        <ele>1049.3</ele>
      </trkpt>
      <trkpt lat="42.49675" lon="2.62349">
        <ele>1048.6</ele>
      </trkpt>
      <trkpt lat="42.49681" lon="2.62344">
        <ele>1048.3</ele>
      </trkpt>
      <trkpt lat="42.49688" lon="2.62339">
        <ele>1048.5</ele>
      </trkpt>
      <trkpt lat="42.49695" lon="2.62335">
        <ele>1049.2</ele>
      </trkpt>
      <trkpt lat="42.49703" lon="2.62332">
        <ele>1050</ele>
      </trkpt>
      <trkpt lat="42.4971" lon="2.62328">
        <ele>1051</ele>
      </trkpt>
      <trkpt lat="42.49717" lon="2.62324">
        <ele>1052.5</ele>
      </trkpt>
      <trkpt lat="42.49722" lon="2.62319">
        <ele>1054</ele>
      </trkpt>
      <trkpt lat="42.49727" lon="2.62315">
        <ele>1054.8</ele>
      </trkpt>
      <trkpt lat="42.49732" lon="2.6231">
        <ele>1055.5</ele>
      </trkpt>
      <trkpt lat="42.49737" lon="2.62305">
        <ele>1056</ele>
      </trkpt>
      <trkpt lat="42.49741" lon="2.62299">
        <ele>1055.9</ele>
      </trkpt>
      <trkpt lat="42.49744" lon="2.62293">
        <ele>1055.8</ele>
      </trkpt>
      <trkpt lat="42.49748" lon="2.62287">
        <ele>1056</ele>
      </trkpt>
      <trkpt lat="42.49751" lon="2.62281">
        <ele>1056.3</ele>
      </trkpt>
      <trkpt lat="42.49755" lon="2.62275">
        <ele>1056.4</ele>
      </trkpt>
      <trkpt lat="42.49758" lon="2.62269">
        <ele>1056.2</ele>
      </trkpt>
      <trkpt lat="42.49762" lon="2.62263">
        <ele>1056.1</ele>
      </trkpt>
      <trkpt lat="42.49766" lon="2.62258">
        <ele>1056.1</ele>
      </trkpt>
      <trkpt lat="42.49769" lon="2.62252">
        <ele>1056.3</ele>
      </trkpt>
      <trkpt lat="42.49773" lon="2.62246">
        <ele>1056.9</ele>
      </trkpt>
      <trkpt lat="42.49776" lon="2.6224">
        <ele>1057.9</ele>
      </trkpt>
      <trkpt lat="42.4978" lon="2.62234">
        <ele>1058.7</ele>
      </trkpt>
      <trkpt lat="42.49783" lon="2.62228">
        <ele>1059.4</ele>
      </trkpt>
      <trkpt lat="42.49787" lon="2.62222">
        <ele>1060.3</ele>
      </trkpt>
      <trkpt lat="42.4979" lon="2.62216">
        <ele>1061.2</ele>
      </trkpt>
      <trkpt lat="42.49794" lon="2.6221">
        <ele>1062.5</ele>
      </trkpt>
      <trkpt lat="42.498" lon="2.62204">
        <ele>1065.1</ele>
      </trkpt>
      <trkpt lat="42.49804" lon="2.622">
        <ele>1067.4</ele>
      </trkpt>
      <trkpt lat="42.49809" lon="2.62196">
        <ele>1067.6</ele>
      </trkpt>
      <trkpt lat="42.49813" lon="2.62191">
        <ele>1066.3</ele>
      </trkpt>
      <trkpt lat="42.49817" lon="2.62187">
        <ele>1065</ele>
      </trkpt>
      <trkpt lat="42.49817" lon="2.62176">
        <ele>1065.8</ele>
      </trkpt>
      <trkpt lat="42.49816" lon="2.62164">
        <ele>1066.3</ele>
      </trkpt>
      <trkpt lat="42.49816" lon="2.62153">
        <ele>1065.1</ele>
      </trkpt>
      <trkpt lat="42.49816" lon="2.62142">
        <ele>1063.9</ele>
      </trkpt>
      <trkpt lat="42.49815" lon="2.6213">
        <ele>1063.2</ele>
      </trkpt>
      <trkpt lat="42.49815" lon="2.62119">
        <ele>1062.7</ele>
      </trkpt>
      <trkpt lat="42.49814" lon="2.62107">
        <ele>1062.8</ele>
      </trkpt>
      <trkpt lat="42.49814" lon="2.62096">
        <ele>1064</ele>
      </trkpt>
      <trkpt lat="42.49814" lon="2.62086">
        <ele>1065.1</ele>
      </trkpt>
      <trkpt lat="42.49814" lon="2.62075">
        <ele>1066.3</ele>
      </trkpt>
      <trkpt lat="42.49814" lon="2.62065">
        <ele>1067.6</ele>
      </trkpt>
      <trkpt lat="42.49815" lon="2.62054">
        <ele>1068.9</ele>
      </trkpt>
      <trkpt lat="42.49815" lon="2.62044">
        <ele>1070.7</ele>
      </trkpt>
      <trkpt lat="42.49815" lon="2.62033">
        <ele>1072.5</ele>
      </trkpt>
      <trkpt lat="42.49815" lon="2.62023">
        <ele>1074.3</ele>
      </trkpt>
      <trkpt lat="42.49815" lon="2.62012">
        <ele>1076.3</ele>
      </trkpt>
      <trkpt lat="42.49815" lon="2.62">
        <ele>1078.7</ele>
      </trkpt>
      <trkpt lat="42.49814" lon="2.61988">
        <ele>1081.8</ele>
      </trkpt>
      <trkpt lat="42.49814" lon="2.61976">
        <ele>1084.9</ele>
      </trkpt>
      <trkpt lat="42.49813" lon="2.61965">
        <ele>1087.9</ele>
      </trkpt>
      <trkpt lat="42.49813" lon="2.61953">
        <ele>1090.7</ele>
      </trkpt>
      <trkpt lat="42.49812" lon="2.61941">
        <ele>1093.9</ele>
      </trkpt>
      <trkpt lat="42.49812" lon="2.61929">
        <ele>1098.1</ele>
      </trkpt>
      <trkpt lat="42.49811" lon="2.61917">
        <ele>1102.3</ele>
      </trkpt>
      <trkpt lat="42.49812" lon="2.6191">
        <ele>1104.6</ele>
      </trkpt>
      <trkpt lat="42.49813" lon="2.61903">
        <ele>1106.9</ele>
      </trkpt>
      <trkpt lat="42.49814" lon="2.61895">
        <ele>1109.2</ele>
      </trkpt>
      <trkpt lat="42.49815" lon="2.61888">
        <ele>1111.3</ele>
      </trkpt>
      <trkpt lat="42.49815" lon="2.61881">
        <ele>1112.9</ele>
      </trkpt>
      <trkpt lat="42.49816" lon="2.61874">
        <ele>1114.5</ele>
      </trkpt>
      <trkpt lat="42.49817" lon="2.61866">
        <ele>1116.2</ele>
      </trkpt>
      <trkpt lat="42.49818" lon="2.61859">
        <ele>1118</ele>
      </trkpt>
      <trkpt lat="42.49814" lon="2.61869">
        <ele>1116.3</ele>
      </trkpt>
      <trkpt lat="42.49809" lon="2.61879">
        <ele>1115.2</ele>
      </trkpt>
      <trkpt lat="42.49805" lon="2.61879">
        <ele>1115.8</ele>
      </trkpt>
      <trkpt lat="42.498" lon="2.61878">
        <ele>1114.2</ele>
      </trkpt>
      <trkpt lat="42.49796" lon="2.61871">
        <ele>1114.4</ele>
      </trkpt>
      <trkpt lat="42.49789" lon="2.61864">
        <ele>1113.8</ele>
      </trkpt>
      <trkpt lat="42.49791" lon="2.61853">
        <ele>1117.1</ele>
      </trkpt>
      <trkpt lat="42.49786" lon="2.61844">
        <ele>1116.9</ele>
      </trkpt>
      <trkpt lat="42.49781" lon="2.61836">
        <ele>1116</ele>
      </trkpt>
      <trkpt lat="42.49775" lon="2.61827">
        <ele>1116.3</ele>
      </trkpt>
      <trkpt lat="42.4977" lon="2.61818">
        <ele>1117.3</ele>
      </trkpt>
      <trkpt lat="42.49772" lon="2.61809">
        <ele>1120.4</ele>
      </trkpt>
      <trkpt lat="42.49769" lon="2.61805">
        <ele>1120.6</ele>
      </trkpt>
      <trkpt lat="42.49766" lon="2.618">
        <ele>1120.7</ele>
      </trkpt>
      <trkpt lat="42.49762" lon="2.61796">
        <ele>1120.7</ele>
      </trkpt>
      <trkpt lat="42.49759" lon="2.61791">
        <ele>1120.7</ele>
      </trkpt>
      <trkpt lat="42.49753" lon="2.61795">
        <ele>1118.1</ele>
      </trkpt>
      <trkpt lat="42.4975" lon="2.6179">
        <ele>1118.4</ele>
      </trkpt>
      <trkpt lat="42.49747" lon="2.61785">
        <ele>1118.6</ele>
      </trkpt>
      <trkpt lat="42.49744" lon="2.61779">
        <ele>1118.9</ele>
      </trkpt>
      <trkpt lat="42.49741" lon="2.61774">
        <ele>1119.3</ele>
      </trkpt>
      <trkpt lat="42.49738" lon="2.61769">
        <ele>1119.8</ele>
      </trkpt>
      <trkpt lat="42.49735" lon="2.61764">
        <ele>1120.3</ele>
      </trkpt>
      <trkpt lat="42.49732" lon="2.61758">
        <ele>1120.9</ele>
      </trkpt>
      <trkpt lat="42.49729" lon="2.61753">
        <ele>1121.7</ele>
      </trkpt>
      <trkpt lat="42.49728" lon="2.61744">
        <ele>1123.2</ele>
      </trkpt>
      <trkpt lat="42.4973" lon="2.61737">
        <ele>1124.7</ele>
      </trkpt>
      <trkpt lat="42.49732" lon="2.61732">
        <ele>1126</ele>
      </trkpt>
      <trkpt lat="42.49734" lon="2.61726">
        <ele>1127.4</ele>
      </trkpt>
      <trkpt lat="42.49735" lon="2.61722">
        <ele>1128.2</ele>
      </trkpt>
      <trkpt lat="42.49736" lon="2.61714">
        <ele>1127.7</ele>
      </trkpt>
      <trkpt lat="42.49736" lon="2.61706">
        <ele>1127.3</ele>
      </trkpt>
      <trkpt lat="42.49738" lon="2.617">
        <ele>1127.3</ele>
      </trkpt>
      <trkpt lat="42.49739" lon="2.61694">
        <ele>1127.4</ele>
      </trkpt>
      <trkpt lat="42.49741" lon="2.61689">
        <ele>1127.4</ele>
      </trkpt>
      <trkpt lat="42.49744" lon="2.61683">
        <ele>1127.5</ele>
      </trkpt>
      <trkpt lat="42.49746" lon="2.61678">
        <ele>1127.6</ele>
      </trkpt>
      <trkpt lat="42.49748" lon="2.61672">
        <ele>1127.8</ele>
      </trkpt>
      <trkpt lat="42.4975" lon="2.61667">
        <ele>1128.1</ele>
      </trkpt>
      <trkpt lat="42.49753" lon="2.61661">
        <ele>1127.6</ele>
      </trkpt>
      <trkpt lat="42.49755" lon="2.61656">
        <ele>1127.3</ele>
      </trkpt>
      <trkpt lat="42.49757" lon="2.61651">
        <ele>1127</ele>
      </trkpt>
      <trkpt lat="42.49759" lon="2.61645">
        <ele>1126.8</ele>
      </trkpt>
      <trkpt lat="42.49762" lon="2.6164">
        <ele>1126.7</ele>
      </trkpt>
      <trkpt lat="42.49764" lon="2.61634">
        <ele>1126.7</ele>
      </trkpt>
      <trkpt lat="42.49766" lon="2.61629">
        <ele>1126.7</ele>
      </trkpt>
      <trkpt lat="42.49768" lon="2.61623">
        <ele>1126.8</ele>
      </trkpt>
      <trkpt lat="42.49771" lon="2.61618">
        <ele>1126.9</ele>
      </trkpt>
      <trkpt lat="42.49773" lon="2.61612">
        <ele>1127</ele>
      </trkpt>
      <trkpt lat="42.49775" lon="2.61607">
        <ele>1127.5</ele>
      </trkpt>
      <trkpt lat="42.49777" lon="2.61597">
        <ele>1127.5</ele>
      </trkpt>
      <trkpt lat="42.49779" lon="2.61586">
        <ele>1127.6</ele>
      </trkpt>
      <trkpt lat="42.4978" lon="2.61576">
        <ele>1127.7</ele>
      </trkpt>
      <trkpt lat="42.49782" lon="2.61565">
        <ele>1127.9</ele>
      </trkpt>
      <trkpt lat="42.49782" lon="2.61558">
        <ele>1127.7</ele>
      </trkpt>
      <trkpt lat="42.49783" lon="2.61551">
        <ele>1127.6</ele>
      </trkpt>
      <trkpt lat="42.49783" lon="2.61544">
        <ele>1127.7</ele>
      </trkpt>
      <trkpt lat="42.49784" lon="2.61538">
        <ele>1127.7</ele>
      </trkpt>
      <trkpt lat="42.49784" lon="2.61531">
        <ele>1127.8</ele>
      </trkpt>
      <trkpt lat="42.49785" lon="2.61524">
        <ele>1127.8</ele>
      </trkpt>
      <trkpt lat="42.49785" lon="2.61517">
        <ele>1127.9</ele>
      </trkpt>
      <trkpt lat="42.49786" lon="2.6151">
        <ele>1128</ele>
      </trkpt>
      <trkpt lat="42.49786" lon="2.61503">
        <ele>1128</ele>
      </trkpt>
      <trkpt lat="42.49786" lon="2.61496">
        <ele>1128.2</ele>
      </trkpt>
      <trkpt lat="42.49787" lon="2.61489">
        <ele>1128.3</ele>
      </trkpt>
      <trkpt lat="42.49787" lon="2.61483">
        <ele>1128.4</ele>
      </trkpt>
      <trkpt lat="42.49788" lon="2.61476">
        <ele>1128.5</ele>
      </trkpt>
      <trkpt lat="42.49788" lon="2.61469">
        <ele>1128.5</ele>
      </trkpt>
      <trkpt lat="42.49789" lon="2.61462">
        <ele>1128.5</ele>
      </trkpt>
      <trkpt lat="42.49789" lon="2.61455">
        <ele>1128.4</ele>
      </trkpt>
      <trkpt lat="42.49791" lon="2.61445">
        <ele>1128.8</ele>
      </trkpt>
      <trkpt lat="42.49792" lon="2.61435">
        <ele>1128.7</ele>
      </trkpt>
      <trkpt lat="42.49794" lon="2.61425">
        <ele>1128.5</ele>
      </trkpt>
      <trkpt lat="42.49795" lon="2.61415">
        <ele>1128.4</ele>
      </trkpt>
      <trkpt lat="42.49797" lon="2.61408">
        <ele>1128.6</ele>
      </trkpt>
      <trkpt lat="42.49798" lon="2.614">
        <ele>1128.8</ele>
      </trkpt>
      <trkpt lat="42.498" lon="2.61393">
        <ele>1128.9</ele>
      </trkpt>
      <trkpt lat="42.49801" lon="2.61386">
        <ele>1129</ele>
      </trkpt>
      <trkpt lat="42.49803" lon="2.61378">
        <ele>1129</ele>
      </trkpt>
      <trkpt lat="42.49804" lon="2.61371">
        <ele>1129.1</ele>
      </trkpt>
      <trkpt lat="42.49806" lon="2.61363">
        <ele>1129.2</ele>
      </trkpt>
      <trkpt lat="42.49807" lon="2.61356">
        <ele>1128.7</ele>
      </trkpt>
      <trkpt lat="42.49811" lon="2.61347">
        <ele>1128.8</ele>
      </trkpt>
      <trkpt lat="42.49815" lon="2.61337">
        <ele>1128.6</ele>
      </trkpt>
      <trkpt lat="42.49818" lon="2.61331">
        <ele>1128.7</ele>
      </trkpt>
      <trkpt lat="42.49822" lon="2.61325">
        <ele>1128.5</ele>
      </trkpt>
      <trkpt lat="42.49825" lon="2.61319">
        <ele>1128.4</ele>
      </trkpt>
      <trkpt lat="42.49828" lon="2.61313">
        <ele>1128.3</ele>
      </trkpt>
      <trkpt lat="42.49834" lon="2.61306">
        <ele>1129.2</ele>
      </trkpt>
      <trkpt lat="42.49839" lon="2.61299">
        <ele>1128.4</ele>
      </trkpt>
      <trkpt lat="42.49844" lon="2.61295">
        <ele>1128.6</ele>
      </trkpt>
      <trkpt lat="42.49849" lon="2.61291">
        <ele>1128.7</ele>
      </trkpt>
      <trkpt lat="42.49853" lon="2.61287">
        <ele>1128.8</ele>
      </trkpt>
      <trkpt lat="42.49858" lon="2.61283">
        <ele>1128.9</ele>
      </trkpt>
      <trkpt lat="42.4986" lon="2.61281">
        <ele>1128.9</ele>
      </trkpt>
      <trkpt lat="42.49866" lon="2.61277">
        <ele>1129.1</ele>
      </trkpt>
      <trkpt lat="42.49872" lon="2.61274">
        <ele>1129.1</ele>
      </trkpt>
      <trkpt lat="42.49878" lon="2.6127">
        <ele>1129.3</ele>
      </trkpt>
      <trkpt lat="42.49884" lon="2.61267">
        <ele>1129.5</ele>
      </trkpt>
      <trkpt lat="42.49889" lon="2.61263">
        <ele>1129.7</ele>
      </trkpt>
      <trkpt lat="42.49895" lon="2.61259">
        <ele>1129.5</ele>
      </trkpt>
      <trkpt lat="42.49901" lon="2.61256">
        <ele>1129.2</ele>
      </trkpt>
      <trkpt lat="42.49907" lon="2.61252">
        <ele>1129</ele>
      </trkpt>
      <trkpt lat="42.49912" lon="2.6125">
        <ele>1128.9</ele>
      </trkpt>
      <trkpt lat="42.49916" lon="2.61248">
        <ele>1128.9</ele>
      </trkpt>
      <trkpt lat="42.49921" lon="2.61245">
        <ele>1128.8</ele>
      </trkpt>
      <trkpt lat="42.49925" lon="2.61243">
        <ele>1128.9</ele>
      </trkpt>
      <trkpt lat="42.4993" lon="2.61241">
        <ele>1128.9</ele>
      </trkpt>
      <trkpt lat="42.49934" lon="2.61239">
        <ele>1129.1</ele>
      </trkpt>
      <trkpt lat="42.49939" lon="2.61236">
        <ele>1129.2</ele>
      </trkpt>
      <trkpt lat="42.49943" lon="2.61234">
        <ele>1129.5</ele>
      </trkpt>
      <trkpt lat="42.49949" lon="2.6123">
        <ele>1129.4</ele>
      </trkpt>
      <trkpt lat="42.49955" lon="2.61225">
        <ele>1129.2</ele>
      </trkpt>
      <trkpt lat="42.49961" lon="2.61221">
        <ele>1129</ele>
      </trkpt>
      <trkpt lat="42.49967" lon="2.61216">
        <ele>1129</ele>
      </trkpt>
      <trkpt lat="42.49973" lon="2.61211">
        <ele>1128.7</ele>
      </trkpt>
      <trkpt lat="42.49978" lon="2.61205">
        <ele>1128.9</ele>
      </trkpt>
      <trkpt lat="42.49984" lon="2.612">
        <ele>1129.1</ele>
      </trkpt>
      <trkpt lat="42.49989" lon="2.61194">
        <ele>1129.3</ele>
      </trkpt>
      <trkpt lat="42.49995" lon="2.61187">
        <ele>1129.5</ele>
      </trkpt>
      <trkpt lat="42.5" lon="2.6118">
        <ele>1129.9</ele>
      </trkpt>
      <trkpt lat="42.50004" lon="2.61171">
        <ele>1129.8</ele>
      </trkpt>
      <trkpt lat="42.50008" lon="2.61161">
        <ele>1130</ele>
      </trkpt>
      <trkpt lat="42.5001" lon="2.61154">
        <ele>1129.9</ele>
      </trkpt>
      <trkpt lat="42.50013" lon="2.61147">
        <ele>1129.9</ele>
      </trkpt>
      <trkpt lat="42.50015" lon="2.61141">
        <ele>1129.8</ele>
      </trkpt>
      <trkpt lat="42.50017" lon="2.61134">
        <ele>1129.9</ele>
      </trkpt>
      <trkpt lat="42.5002" lon="2.61127">
        <ele>1130</ele>
      </trkpt>
      <trkpt lat="42.50022" lon="2.6112">
        <ele>1130.2</ele>
      </trkpt>
      <trkpt lat="42.50024" lon="2.61113">
        <ele>1130.4</ele>
      </trkpt>
      <trkpt lat="42.50027" lon="2.61107">
        <ele>1130.5</ele>
      </trkpt>
      <trkpt lat="42.50029" lon="2.611">
        <ele>1130.4</ele>
      </trkpt>
      <trkpt lat="42.50031" lon="2.61093">
        <ele>1130.2</ele>
      </trkpt>
      <trkpt lat="42.50033" lon="2.61086">
        <ele>1130.1</ele>
      </trkpt>
      <trkpt lat="42.50036" lon="2.61079">
        <ele>1130.2</ele>
      </trkpt>
      <trkpt lat="42.50038" lon="2.61072">
        <ele>1130.4</ele>
      </trkpt>
      <trkpt lat="42.5004" lon="2.61066">
        <ele>1130.6</ele>
      </trkpt>
      <trkpt lat="42.50043" lon="2.61059">
        <ele>1130.9</ele>
      </trkpt>
      <trkpt lat="42.50045" lon="2.61052">
        <ele>1131.3</ele>
      </trkpt>
      <trkpt lat="42.50047" lon="2.61045">
        <ele>1131.3</ele>
      </trkpt>
      <trkpt lat="42.50048" lon="2.61039">
        <ele>1131.4</ele>
      </trkpt>
      <trkpt lat="42.5005" lon="2.61032">
        <ele>1131.4</ele>
      </trkpt>
      <trkpt lat="42.50051" lon="2.61025">
        <ele>1131.4</ele>
      </trkpt>
      <trkpt lat="42.50052" lon="2.61018">
        <ele>1131.1</ele>
      </trkpt>
      <trkpt lat="42.50053" lon="2.61011">
        <ele>1130.8</ele>
      </trkpt>
      <trkpt lat="42.50054" lon="2.61004">
        <ele>1130.5</ele>
      </trkpt>
      <trkpt lat="42.50055" lon="2.60997">
        <ele>1130.4</ele>
      </trkpt>
      <trkpt lat="42.50055" lon="2.60989">
        <ele>1130.5</ele>
      </trkpt>
      <trkpt lat="42.50056" lon="2.60982">
        <ele>1130.7</ele>
      </trkpt>
      <trkpt lat="42.50057" lon="2.60975">
        <ele>1130.8</ele>
      </trkpt>
      <trkpt lat="42.50058" lon="2.60968">
        <ele>1130.7</ele>
      </trkpt>
      <trkpt lat="42.5006" lon="2.60962">
        <ele>1130.8</ele>
      </trkpt>
      <trkpt lat="42.50062" lon="2.60955">
        <ele>1130.9</ele>
      </trkpt>
      <trkpt lat="42.50066" lon="2.60949">
        <ele>1131.8</ele>
      </trkpt>
      <trkpt lat="42.50071" lon="2.60942">
        <ele>1132.1</ele>
      </trkpt>
      <trkpt lat="42.50075" lon="2.60936">
        <ele>1131.8</ele>
      </trkpt>
      <trkpt lat="42.50079" lon="2.60929">
        <ele>1131.7</ele>
      </trkpt>
      <trkpt lat="42.50083" lon="2.60923">
        <ele>1131.6</ele>
      </trkpt>
      <trkpt lat="42.50088" lon="2.60916">
        <ele>1131.9</ele>
      </trkpt>
      <trkpt lat="42.50092" lon="2.6091">
        <ele>1131.9</ele>
      </trkpt>
      <trkpt lat="42.50096" lon="2.60903">
        <ele>1132</ele>
      </trkpt>
      <trkpt lat="42.50099" lon="2.60897">
        <ele>1131.7</ele>
      </trkpt>
      <trkpt lat="42.50103" lon="2.60891">
        <ele>1131.4</ele>
      </trkpt>
      <trkpt lat="42.50106" lon="2.60885">
        <ele>1131.4</ele>
      </trkpt>
      <trkpt lat="42.50109" lon="2.6088">
        <ele>1131.5</ele>
      </trkpt>
      <trkpt lat="42.50112" lon="2.60874">
        <ele>1131.7</ele>
      </trkpt>
      <trkpt lat="42.50116" lon="2.60868">
        <ele>1131.8</ele>
      </trkpt>
      <trkpt lat="42.50119" lon="2.60862">
        <ele>1131.8</ele>
      </trkpt>
      <trkpt lat="42.50122" lon="2.60856">
        <ele>1131.6</ele>
      </trkpt>
      <trkpt lat="42.50126" lon="2.60849">
        <ele>1131.5</ele>
      </trkpt>
      <trkpt lat="42.5013" lon="2.60842">
        <ele>1131.3</ele>
      </trkpt>
      <trkpt lat="42.50135" lon="2.60832">
        <ele>1131</ele>
      </trkpt>
      <trkpt lat="42.5014" lon="2.60823">
        <ele>1131.6</ele>
      </trkpt>
      <trkpt lat="42.50145" lon="2.60813">
        <ele>1132.2</ele>
      </trkpt>
      <trkpt lat="42.5015" lon="2.60803">
        <ele>1132.6</ele>
      </trkpt>
      <trkpt lat="42.50155" lon="2.60793">
        <ele>1132.5</ele>
      </trkpt>
      <trkpt lat="42.5016" lon="2.60784">
        <ele>1132.3</ele>
      </trkpt>
      <trkpt lat="42.50165" lon="2.60774">
        <ele>1132.2</ele>
      </trkpt>
      <trkpt lat="42.5017" lon="2.60764">
        <ele>1131.9</ele>
      </trkpt>
      <trkpt lat="42.50174" lon="2.60758">
        <ele>1131.9</ele>
      </trkpt>
      <trkpt lat="42.50178" lon="2.60752">
        <ele>1131.8</ele>
      </trkpt>
      <trkpt lat="42.50181" lon="2.60746">
        <ele>1131.6</ele>
      </trkpt>
      <trkpt lat="42.50185" lon="2.6074">
        <ele>1131.4</ele>
      </trkpt>
      <trkpt lat="42.5019" lon="2.60734">
        <ele>1131.5</ele>
      </trkpt>
      <trkpt lat="42.50195" lon="2.60728">
        <ele>1131.8</ele>
      </trkpt>
      <trkpt lat="42.50199" lon="2.60722">
        <ele>1131.6</ele>
      </trkpt>
      <trkpt lat="42.50204" lon="2.60717">
        <ele>1131.4</ele>
      </trkpt>
      <trkpt lat="42.50209" lon="2.60711">
        <ele>1131.3</ele>
      </trkpt>
      <trkpt lat="42.50214" lon="2.60705">
        <ele>1131.4</ele>
      </trkpt>
      <trkpt lat="42.50218" lon="2.60699">
        <ele>1131.6</ele>
      </trkpt>
      <trkpt lat="42.50223" lon="2.60693">
        <ele>1132</ele>
      </trkpt>
      <trkpt lat="42.50227" lon="2.60686">
        <ele>1132</ele>
      </trkpt>
      <trkpt lat="42.5023" lon="2.6068">
        <ele>1132.2</ele>
      </trkpt>
      <trkpt lat="42.50234" lon="2.60673">
        <ele>1132.4</ele>
      </trkpt>
      <trkpt lat="42.50237" lon="2.60666">
        <ele>1132.8</ele>
      </trkpt>
      <trkpt lat="42.50241" lon="2.6066">
        <ele>1133.1</ele>
      </trkpt>
      <trkpt lat="42.50245" lon="2.60654">
        <ele>1133.3</ele>
      </trkpt>
      <trkpt lat="42.50248" lon="2.60647">
        <ele>1133.3</ele>
      </trkpt>
      <trkpt lat="42.50252" lon="2.60641">
        <ele>1132.8</ele>
      </trkpt>
      <trkpt lat="42.50256" lon="2.60637">
        <ele>1132.5</ele>
      </trkpt>
      <trkpt lat="42.50261" lon="2.60632">
        <ele>1132.4</ele>
      </trkpt>
      <trkpt lat="42.50265" lon="2.60628">
        <ele>1132.3</ele>
      </trkpt>
      <trkpt lat="42.50269" lon="2.60623">
        <ele>1132.3</ele>
      </trkpt>
      <trkpt lat="42.50275" lon="2.60618">
        <ele>1132.4</ele>
      </trkpt>
      <trkpt lat="42.5028" lon="2.60613">
        <ele>1132.1</ele>
      </trkpt>
      <trkpt lat="42.50285" lon="2.60609">
        <ele>1131.3</ele>
      </trkpt>
      <trkpt lat="42.50289" lon="2.60604">
        <ele>1130.9</ele>
      </trkpt>
      <trkpt lat="42.50291" lon="2.606">
        <ele>1130.8</ele>
      </trkpt>
      <trkpt lat="42.50294" lon="2.60593">
        <ele>1130.9</ele>
      </trkpt>
      <trkpt lat="42.50297" lon="2.60586">
        <ele>1131.3</ele>
      </trkpt>
      <trkpt lat="42.50299" lon="2.60578">
        <ele>1131.7</ele>
      </trkpt>
      <trkpt lat="42.50302" lon="2.60571">
        <ele>1131.9</ele>
      </trkpt>
      <trkpt lat="42.50305" lon="2.60564">
        <ele>1132.1</ele>
      </trkpt>
      <trkpt lat="42.50308" lon="2.60557">
        <ele>1131.7</ele>
      </trkpt>
      <trkpt lat="42.5031" lon="2.60549">
        <ele>1131.4</ele>
      </trkpt>
      <trkpt lat="42.50313" lon="2.60542">
        <ele>1131.2</ele>
      </trkpt>
      <trkpt lat="42.50314" lon="2.60536">
        <ele>1131.2</ele>
      </trkpt>
      <trkpt lat="42.50316" lon="2.60529">
        <ele>1131.3</ele>
      </trkpt>
      <trkpt lat="42.50317" lon="2.60523">
        <ele>1131.6</ele>
      </trkpt>
      <trkpt lat="42.50318" lon="2.60516">
        <ele>1132.1</ele>
      </trkpt>
      <trkpt lat="42.50314" lon="2.60509">
        <ele>1132.9</ele>
      </trkpt>
      <trkpt lat="42.5031" lon="2.60502">
        <ele>1133.7</ele>
      </trkpt>
      <trkpt lat="42.5031" lon="2.60494">
        <ele>1134.5</ele>
      </trkpt>
      <trkpt lat="42.5031" lon="2.60486">
        <ele>1135.3</ele>
      </trkpt>
      <trkpt lat="42.50309" lon="2.60477">
        <ele>1136.2</ele>
      </trkpt>
      <trkpt lat="42.50309" lon="2.60469">
        <ele>1137.3</ele>
      </trkpt>
      <trkpt lat="42.50308" lon="2.60463">
        <ele>1138.5</ele>
      </trkpt>
      <trkpt lat="42.50307" lon="2.60456">
        <ele>1139.7</ele>
      </trkpt>
      <trkpt lat="42.50306" lon="2.6045">
        <ele>1140.9</ele>
      </trkpt>
      <trkpt lat="42.50306" lon="2.60444">
        <ele>1142.2</ele>
      </trkpt>
      <trkpt lat="42.50305" lon="2.60437">
        <ele>1143.6</ele>
      </trkpt>
      <trkpt lat="42.50304" lon="2.60431">
        <ele>1145</ele>
      </trkpt>
      <trkpt lat="42.50303" lon="2.60424">
        <ele>1146.4</ele>
      </trkpt>
      <trkpt lat="42.50302" lon="2.60418">
        <ele>1147.8</ele>
      </trkpt>
      <trkpt lat="42.50301" lon="2.60412">
        <ele>1149.1</ele>
      </trkpt>
      <trkpt lat="42.503" lon="2.60406">
        <ele>1150.3</ele>
      </trkpt>
      <trkpt lat="42.50306" lon="2.60397">
        <ele>1151.6</ele>
      </trkpt>
      <trkpt lat="42.50311" lon="2.60387">
        <ele>1152.4</ele>
      </trkpt>
      <trkpt lat="42.5031" lon="2.60378">
        <ele>1154.4</ele>
      </trkpt>
      <trkpt lat="42.50309" lon="2.60369">
        <ele>1156.6</ele>
      </trkpt>
      <trkpt lat="42.50308" lon="2.60359">
        <ele>1158.7</ele>
      </trkpt>
      <trkpt lat="42.50308" lon="2.6035">
        <ele>1160.9</ele>
      </trkpt>
      <trkpt lat="42.50307" lon="2.60341">
        <ele>1163.1</ele>
      </trkpt>
      <trkpt lat="42.50306" lon="2.60332">
        <ele>1165.3</ele>
      </trkpt>
      <trkpt lat="42.50305" lon="2.60322">
        <ele>1167.1</ele>
      </trkpt>
      <trkpt lat="42.50304" lon="2.60313">
        <ele>1169</ele>
      </trkpt>
      <trkpt lat="42.50299" lon="2.60313">
        <ele>1170</ele>
      </trkpt>
      <trkpt lat="42.50293" lon="2.60313">
        <ele>1171</ele>
      </trkpt>
      <trkpt lat="42.50289" lon="2.60307">
        <ele>1173.3</ele>
      </trkpt>
      <trkpt lat="42.50284" lon="2.60301">
        <ele>1175.8</ele>
      </trkpt>
      <trkpt lat="42.50283" lon="2.60295">
        <ele>1177.5</ele>
      </trkpt>
      <trkpt lat="42.50281" lon="2.60289">
        <ele>1179.3</ele>
      </trkpt>
      <trkpt lat="42.5028" lon="2.60283">
        <ele>1181.1</ele>
      </trkpt>
      <trkpt lat="42.50278" lon="2.60278">
        <ele>1182.9</ele>
      </trkpt>
      <trkpt lat="42.50277" lon="2.60272">
        <ele>1184</ele>
      </trkpt>
      <trkpt lat="42.50275" lon="2.60266">
        <ele>1185.1</ele>
      </trkpt>
      <trkpt lat="42.50274" lon="2.6026">
        <ele>1186.4</ele>
      </trkpt>
      <trkpt lat="42.50273" lon="2.60254">
        <ele>1187.6</ele>
      </trkpt>
      <trkpt lat="42.50271" lon="2.60248">
        <ele>1189.1</ele>
      </trkpt>
      <trkpt lat="42.5027" lon="2.60242">
        <ele>1190.7</ele>
      </trkpt>
      <trkpt lat="42.50268" lon="2.60236">
        <ele>1192.4</ele>
      </trkpt>
      <trkpt lat="42.50267" lon="2.60231">
        <ele>1194.1</ele>
      </trkpt>
      <trkpt lat="42.50265" lon="2.60225">
        <ele>1195.9</ele>
      </trkpt>
      <trkpt lat="42.50264" lon="2.60219">
        <ele>1197.4</ele>
      </trkpt>
      <trkpt lat="42.50262" lon="2.60213">
        <ele>1198.6</ele>
      </trkpt>
      <trkpt lat="42.50261" lon="2.60207">
        <ele>1199.8</ele>
      </trkpt>
      <trkpt lat="42.50261" lon="2.60201">
        <ele>1200.3</ele>
      </trkpt>
      <trkpt lat="42.50262" lon="2.60195">
        <ele>1200.9</ele>
      </trkpt>
      <trkpt lat="42.50262" lon="2.60189">
        <ele>1200.8</ele>
      </trkpt>
      <trkpt lat="42.50263" lon="2.60183">
        <ele>1200.6</ele>
      </trkpt>
      <trkpt lat="42.50263" lon="2.60176">
        <ele>1200.4</ele>
      </trkpt>
      <trkpt lat="42.50263" lon="2.6017">
        <ele>1200.3</ele>
      </trkpt>
      <trkpt lat="42.50264" lon="2.60164">
        <ele>1200.1</ele>
      </trkpt>
      <trkpt lat="42.50264" lon="2.60158">
        <ele>1199.9</ele>
      </trkpt>
      <trkpt lat="42.50263" lon="2.60151">
        <ele>1200.4</ele>
      </trkpt>
      <trkpt lat="42.50262" lon="2.60144">
        <ele>1200.9</ele>
      </trkpt>
      <trkpt lat="42.50261" lon="2.60138">
        <ele>1201.5</ele>
      </trkpt>
      <trkpt lat="42.5026" lon="2.60131">
        <ele>1202.1</ele>
      </trkpt>
      <trkpt lat="42.50259" lon="2.60124">
        <ele>1202.8</ele>
      </trkpt>
      <trkpt lat="42.50258" lon="2.60117">
        <ele>1203.5</ele>
      </trkpt>
      <trkpt lat="42.50257" lon="2.6011">
        <ele>1204.3</ele>
      </trkpt>
      <trkpt lat="42.50256" lon="2.60104">
        <ele>1205.1</ele>
      </trkpt>
      <trkpt lat="42.50255" lon="2.60097">
        <ele>1206.1</ele>
      </trkpt>
      <trkpt lat="42.50254" lon="2.6009">
        <ele>1207</ele>
      </trkpt>
      <trkpt lat="42.50253" lon="2.60083">
        <ele>1208.1</ele>
      </trkpt>
      <trkpt lat="42.50252" lon="2.60076">
        <ele>1209.2</ele>
      </trkpt>
      <trkpt lat="42.50251" lon="2.60069">
        <ele>1210.4</ele>
      </trkpt>
      <trkpt lat="42.5025" lon="2.60063">
        <ele>1211.5</ele>
      </trkpt>
      <trkpt lat="42.50249" lon="2.60056">
        <ele>1212.6</ele>
      </trkpt>
      <trkpt lat="42.50248" lon="2.60049">
        <ele>1213.6</ele>
      </trkpt>
      <trkpt lat="42.50246" lon="2.6004">
        <ele>1215.4</ele>
      </trkpt>
      <trkpt lat="42.50245" lon="2.60034">
        <ele>1216.7</ele>
      </trkpt>
      <trkpt lat="42.50243" lon="2.60027">
        <ele>1217.9</ele>
      </trkpt>
      <trkpt lat="42.50242" lon="2.60021">
        <ele>1218.7</ele>
      </trkpt>
      <trkpt lat="42.50241" lon="2.60014">
        <ele>1219.6</ele>
      </trkpt>
      <trkpt lat="42.50239" lon="2.60008">
        <ele>1220.6</ele>
      </trkpt>
      <trkpt lat="42.50238" lon="2.60001">
        <ele>1221.5</ele>
      </trkpt>
      <trkpt lat="42.50236" lon="2.59995">
        <ele>1221.9</ele>
      </trkpt>
      <trkpt lat="42.50235" lon="2.59988">
        <ele>1222.3</ele>
      </trkpt>
      <trkpt lat="42.50232" lon="2.59979">
        <ele>1223.5</ele>
      </trkpt>
      <trkpt lat="42.50228" lon="2.5997">
        <ele>1224.6</ele>
      </trkpt>
      <trkpt lat="42.50225" lon="2.59961">
        <ele>1225.4</ele>
      </trkpt>
      <trkpt lat="42.50222" lon="2.59953">
        <ele>1226.2</ele>
      </trkpt>
      <trkpt lat="42.50218" lon="2.59944">
        <ele>1227</ele>
      </trkpt>
      <trkpt lat="42.50215" lon="2.59935">
        <ele>1227.4</ele>
      </trkpt>
      <trkpt lat="42.50211" lon="2.59926">
        <ele>1227.8</ele>
      </trkpt>
      <trkpt lat="42.50208" lon="2.59917">
        <ele>1228.2</ele>
      </trkpt>
      <trkpt lat="42.50203" lon="2.5991">
        <ele>1229.5</ele>
      </trkpt>
      <trkpt lat="42.50199" lon="2.59903">
        <ele>1230.6</ele>
      </trkpt>
      <trkpt lat="42.50194" lon="2.59895">
        <ele>1231.5</ele>
      </trkpt>
      <trkpt lat="42.50189" lon="2.59888">
        <ele>1232.8</ele>
      </trkpt>
      <trkpt lat="42.50184" lon="2.59881">
        <ele>1234.1</ele>
      </trkpt>
      <trkpt lat="42.5018" lon="2.59874">
        <ele>1235.3</ele>
      </trkpt>
      <trkpt lat="42.50175" lon="2.59866">
        <ele>1236.2</ele>
      </trkpt>
      <trkpt lat="42.5017" lon="2.59859">
        <ele>1237</ele>
      </trkpt>
      <trkpt lat="42.50167" lon="2.59853">
        <ele>1236.9</ele>
      </trkpt>
      <trkpt lat="42.50165" lon="2.59846">
        <ele>1236.9</ele>
      </trkpt>
      <trkpt lat="42.50162" lon="2.5984">
        <ele>1237.1</ele>
      </trkpt>
      <trkpt lat="42.50159" lon="2.59833">
        <ele>1237.2</ele>
      </trkpt>
      <trkpt lat="42.50157" lon="2.59827">
        <ele>1237.5</ele>
      </trkpt>
      <trkpt lat="42.50154" lon="2.5982">
        <ele>1237.7</ele>
      </trkpt>
      <trkpt lat="42.50151" lon="2.59814">
        <ele>1237.9</ele>
      </trkpt>
      <trkpt lat="42.50149" lon="2.59807">
        <ele>1238.1</ele>
      </trkpt>
      <trkpt lat="42.50146" lon="2.59801">
        <ele>1238.1</ele>
      </trkpt>
      <trkpt lat="42.50143" lon="2.59794">
        <ele>1238</ele>
      </trkpt>
      <trkpt lat="42.5014" lon="2.59788">
        <ele>1237.7</ele>
      </trkpt>
      <trkpt lat="42.50138" lon="2.59781">
        <ele>1237.2</ele>
      </trkpt>
      <trkpt lat="42.50135" lon="2.59775">
        <ele>1236.9</ele>
      </trkpt>
      <trkpt lat="42.50132" lon="2.59768">
        <ele>1237</ele>
      </trkpt>
      <trkpt lat="42.5013" lon="2.59762">
        <ele>1237.2</ele>
      </trkpt>
      <trkpt lat="42.50127" lon="2.59755">
        <ele>1237.4</ele>
      </trkpt>
      <trkpt lat="42.50126" lon="2.59746">
        <ele>1236.8</ele>
      </trkpt>
      <trkpt lat="42.50124" lon="2.59736">
        <ele>1236.3</ele>
      </trkpt>
      <trkpt lat="42.50123" lon="2.59727">
        <ele>1235.8</ele>
      </trkpt>
      <trkpt lat="42.50122" lon="2.59717">
        <ele>1235.8</ele>
      </trkpt>
      <trkpt lat="42.5012" lon="2.59708">
        <ele>1236.3</ele>
      </trkpt>
      <trkpt lat="42.50119" lon="2.59698">
        <ele>1236.7</ele>
      </trkpt>
      <trkpt lat="42.50117" lon="2.59689">
        <ele>1237.3</ele>
      </trkpt>
      <trkpt lat="42.50116" lon="2.5968">
        <ele>1237.9</ele>
      </trkpt>
      <trkpt lat="42.50115" lon="2.5967">
        <ele>1238.5</ele>
      </trkpt>
      <trkpt lat="42.50113" lon="2.59661">
        <ele>1239.1</ele>
      </trkpt>
      <trkpt lat="42.50112" lon="2.59651">
        <ele>1239.7</ele>
      </trkpt>
      <trkpt lat="42.50111" lon="2.59642">
        <ele>1240.2</ele>
      </trkpt>
      <trkpt lat="42.50109" lon="2.59632">
        <ele>1240.8</ele>
      </trkpt>
      <trkpt lat="42.50108" lon="2.59623">
        <ele>1241.4</ele>
      </trkpt>
      <trkpt lat="42.50106" lon="2.59613">
        <ele>1242</ele>
      </trkpt>
      <trkpt lat="42.50105" lon="2.59604">
        <ele>1242.6</ele>
      </trkpt>
      <trkpt lat="42.50112" lon="2.596">
        <ele>1241.7</ele>
      </trkpt>
      <trkpt lat="42.50118" lon="2.59596">
        <ele>1239.9</ele>
      </trkpt>
      <trkpt lat="42.50121" lon="2.59591">
        <ele>1239.6</ele>
      </trkpt>
      <trkpt lat="42.50123" lon="2.59586">
        <ele>1239.4</ele>
      </trkpt>
      <trkpt lat="42.50126" lon="2.5958">
        <ele>1239.4</ele>
      </trkpt>
      <trkpt lat="42.50128" lon="2.59575">
        <ele>1239.6</ele>
      </trkpt>
      <trkpt lat="42.50131" lon="2.5957">
        <ele>1239.9</ele>
      </trkpt>
      <trkpt lat="42.50133" lon="2.59565">
        <ele>1240.1</ele>
      </trkpt>
      <trkpt lat="42.50136" lon="2.59559">
        <ele>1240.3</ele>
      </trkpt>
      <trkpt lat="42.50138" lon="2.59554">
        <ele>1240.7</ele>
      </trkpt>
      <trkpt lat="42.50138" lon="2.59543">
        <ele>1244.1</ele>
      </trkpt>
      <trkpt lat="42.50137" lon="2.59531">
        <ele>1247.4</ele>
      </trkpt>
      <trkpt lat="42.5014" lon="2.59525">
        <ele>1248.6</ele>
      </trkpt>
      <trkpt lat="42.50142" lon="2.5952">
        <ele>1249.4</ele>
      </trkpt>
      <trkpt lat="42.50145" lon="2.59514">
        <ele>1250.3</ele>
      </trkpt>
      <trkpt lat="42.50148" lon="2.59508">
        <ele>1251.1</ele>
      </trkpt>
      <trkpt lat="42.5015" lon="2.59502">
        <ele>1251.8</ele>
      </trkpt>
      <trkpt lat="42.50153" lon="2.59497">
        <ele>1252.6</ele>
      </trkpt>
      <trkpt lat="42.50155" lon="2.59491">
        <ele>1253.4</ele>
      </trkpt>
      <trkpt lat="42.50158" lon="2.59485">
        <ele>1254.3</ele>
      </trkpt>
      <trkpt lat="42.50161" lon="2.59479">
        <ele>1255.1</ele>
      </trkpt>
      <trkpt lat="42.50163" lon="2.59474">
        <ele>1256</ele>
      </trkpt>
      <trkpt lat="42.50166" lon="2.59468">
        <ele>1256.9</ele>
      </trkpt>
      <trkpt lat="42.50169" lon="2.59462">
        <ele>1257.9</ele>
      </trkpt>
      <trkpt lat="42.50171" lon="2.59456">
        <ele>1258.9</ele>
      </trkpt>
      <trkpt lat="42.50174" lon="2.59451">
        <ele>1259.8</ele>
      </trkpt>
      <trkpt lat="42.50176" lon="2.59445">
        <ele>1260.7</ele>
      </trkpt>
      <trkpt lat="42.50179" lon="2.59439">
        <ele>1261.6</ele>
      </trkpt>
      <trkpt lat="42.50181" lon="2.5943">
        <ele>1263.9</ele>
      </trkpt>
      <trkpt lat="42.50184" lon="2.59421">
        <ele>1266.1</ele>
      </trkpt>
      <trkpt lat="42.50186" lon="2.59412">
        <ele>1268.1</ele>
      </trkpt>
      <trkpt lat="42.50189" lon="2.59403">
        <ele>1269.8</ele>
      </trkpt>
      <trkpt lat="42.50191" lon="2.59393">
        <ele>1271.3</ele>
      </trkpt>
      <trkpt lat="42.50193" lon="2.59384">
        <ele>1272.4</ele>
      </trkpt>
      <trkpt lat="42.50196" lon="2.59375">
        <ele>1272.9</ele>
      </trkpt>
      <trkpt lat="42.50198" lon="2.59366">
        <ele>1273.2</ele>
      </trkpt>
      <trkpt lat="42.50198" lon="2.59357">
        <ele>1274.7</ele>
      </trkpt>
      <trkpt lat="42.50198" lon="2.59348">
        <ele>1276</ele>
      </trkpt>
      <trkpt lat="42.50198" lon="2.59338">
        <ele>1277.3</ele>
      </trkpt>
      <trkpt lat="42.50198" lon="2.59329">
        <ele>1278.3</ele>
      </trkpt>
      <trkpt lat="42.50198" lon="2.59323">
        <ele>1278.8</ele>
      </trkpt>
      <trkpt lat="42.50198" lon="2.59316">
        <ele>1279.4</ele>
      </trkpt>
      <trkpt lat="42.50198" lon="2.5931">
        <ele>1280</ele>
      </trkpt>
      <trkpt lat="42.50198" lon="2.59303">
        <ele>1280.5</ele>
      </trkpt>
      <trkpt lat="42.50197" lon="2.59297">
        <ele>1281.1</ele>
      </trkpt>
      <trkpt lat="42.50197" lon="2.5929">
        <ele>1281.6</ele>
      </trkpt>
      <trkpt lat="42.50197" lon="2.59284">
        <ele>1282.2</ele>
      </trkpt>
      <trkpt lat="42.50197" lon="2.59277">
        <ele>1282.7</ele>
      </trkpt>
      <trkpt lat="42.50193" lon="2.59274">
        <ele>1285.1</ele>
      </trkpt>
      <trkpt lat="42.50189" lon="2.5927">
        <ele>1287.4</ele>
      </trkpt>
      <trkpt lat="42.50184" lon="2.59267">
        <ele>1289.5</ele>
      </trkpt>
      <trkpt lat="42.5018" lon="2.59263">
        <ele>1291.5</ele>
      </trkpt>
      <trkpt lat="42.50178" lon="2.59257">
        <ele>1292.3</ele>
      </trkpt>
      <trkpt lat="42.50177" lon="2.59251">
        <ele>1293.1</ele>
      </trkpt>
      <trkpt lat="42.50175" lon="2.59245">
        <ele>1294</ele>
      </trkpt>
      <trkpt lat="42.50173" lon="2.59239">
        <ele>1295</ele>
      </trkpt>
      <trkpt lat="42.50171" lon="2.59233">
        <ele>1295.9</ele>
      </trkpt>
      <trkpt lat="42.5017" lon="2.59227">
        <ele>1296.8</ele>
      </trkpt>
      <trkpt lat="42.50168" lon="2.59221">
        <ele>1297.7</ele>
      </trkpt>
      <trkpt lat="42.50166" lon="2.59215">
        <ele>1298.4</ele>
      </trkpt>
      <trkpt lat="42.50164" lon="2.59209">
        <ele>1298.7</ele>
      </trkpt>
      <trkpt lat="42.50163" lon="2.59203">
        <ele>1298.9</ele>
      </trkpt>
      <trkpt lat="42.50161" lon="2.59197">
        <ele>1299.2</ele>
      </trkpt>
      <trkpt lat="42.50159" lon="2.59191">
        <ele>1299.6</ele>
      </trkpt>
      <trkpt lat="42.50157" lon="2.59185">
        <ele>1300.2</ele>
      </trkpt>
      <trkpt lat="42.50156" lon="2.59179">
        <ele>1300.9</ele>
      </trkpt>
      <trkpt lat="42.50154" lon="2.59173">
        <ele>1301.6</ele>
      </trkpt>
      <trkpt lat="42.50152" lon="2.59167">
        <ele>1302.4</ele>
      </trkpt>
      <trkpt lat="42.50153" lon="2.59158">
        <ele>1304.3</ele>
      </trkpt>
      <trkpt lat="42.50154" lon="2.59148">
        <ele>1306.2</ele>
      </trkpt>
      <trkpt lat="42.50155" lon="2.59139">
        <ele>1307.9</ele>
      </trkpt>
      <trkpt lat="42.50156" lon="2.59129">
        <ele>1309.8</ele>
      </trkpt>
      <trkpt lat="42.50156" lon="2.5912">
        <ele>1311.7</ele>
      </trkpt>
      <trkpt lat="42.50157" lon="2.5911">
        <ele>1313.6</ele>
      </trkpt>
      <trkpt lat="42.50158" lon="2.59101">
        <ele>1315.5</ele>
      </trkpt>
      <trkpt lat="42.50159" lon="2.59091">
        <ele>1317.3</ele>
      </trkpt>
      <trkpt lat="42.50158" lon="2.59082">
        <ele>1319.4</ele>
      </trkpt>
      <trkpt lat="42.50156" lon="2.59072">
        <ele>1321.6</ele>
      </trkpt>
      <trkpt lat="42.50155" lon="2.59063">
        <ele>1323.8</ele>
      </trkpt>
      <trkpt lat="42.50154" lon="2.59053">
        <ele>1325.9</ele>
      </trkpt>
      <trkpt lat="42.50152" lon="2.59044">
        <ele>1327.7</ele>
      </trkpt>
      <trkpt lat="42.50151" lon="2.59034">
        <ele>1329.6</ele>
      </trkpt>
      <trkpt lat="42.50149" lon="2.59025">
        <ele>1331.3</ele>
      </trkpt>
      <trkpt lat="42.50148" lon="2.59015">
        <ele>1332.7</ele>
      </trkpt>
      <trkpt lat="42.50153" lon="2.59007">
        <ele>1333.6</ele>
      </trkpt>
      <trkpt lat="42.50158" lon="2.58998">
        <ele>1334.2</ele>
      </trkpt>
      <trkpt lat="42.50162" lon="2.5899">
        <ele>1334.1</ele>
      </trkpt>
      <trkpt lat="42.50167" lon="2.58981">
        <ele>1334.6</ele>
      </trkpt>
      <trkpt lat="42.50172" lon="2.58973">
        <ele>1333.7</ele>
      </trkpt>
      <trkpt lat="42.50177" lon="2.58964">
        <ele>1331.8</ele>
      </trkpt>
      <trkpt lat="42.50181" lon="2.58956">
        <ele>1330.5</ele>
      </trkpt>
      <trkpt lat="42.50186" lon="2.58947">
        <ele>1330</ele>
      </trkpt>
      <trkpt lat="42.50188" lon="2.58939">
        <ele>1329.9</ele>
      </trkpt>
      <trkpt lat="42.5019" lon="2.58931">
        <ele>1330</ele>
      </trkpt>
      <trkpt lat="42.50192" lon="2.58922">
        <ele>1330.4</ele>
      </trkpt>
      <trkpt lat="42.50195" lon="2.58914">
        <ele>1331.1</ele>
      </trkpt>
      <trkpt lat="42.50197" lon="2.58906">
        <ele>1331.1</ele>
      </trkpt>
      <trkpt lat="42.50199" lon="2.58898">
        <ele>1331.3</ele>
      </trkpt>
      <trkpt lat="42.50201" lon="2.58889">
        <ele>1331.7</ele>
      </trkpt>
      <trkpt lat="42.50203" lon="2.58881">
        <ele>1332.5</ele>
      </trkpt>
      <trkpt lat="42.50206" lon="2.58878">
        <ele>1332.9</ele>
      </trkpt>
      <trkpt lat="42.50213" lon="2.58871">
        <ele>1334</ele>
      </trkpt>
      <trkpt lat="42.5022" lon="2.58863">
        <ele>1335.5</ele>
      </trkpt>
      <trkpt lat="42.50227" lon="2.58856">
        <ele>1336.3</ele>
      </trkpt>
      <trkpt lat="42.50234" lon="2.58848">
        <ele>1337</ele>
      </trkpt>
      <trkpt lat="42.50241" lon="2.58841">
        <ele>1338.3</ele>
      </trkpt>
      <trkpt lat="42.50248" lon="2.58833">
        <ele>1340.1</ele>
      </trkpt>
      <trkpt lat="42.50255" lon="2.58826">
        <ele>1341.3</ele>
      </trkpt>
      <trkpt lat="42.50262" lon="2.58818">
        <ele>1342.4</ele>
      </trkpt>
      <trkpt lat="42.50269" lon="2.58811">
        <ele>1343.6</ele>
      </trkpt>
      <trkpt lat="42.50276" lon="2.58803">
        <ele>1344.7</ele>
      </trkpt>
      <trkpt lat="42.50283" lon="2.58796">
        <ele>1345.4</ele>
      </trkpt>
      <trkpt lat="42.5029" lon="2.58788">
        <ele>1346.4</ele>
      </trkpt>
      <trkpt lat="42.50297" lon="2.58781">
        <ele>1347.8</ele>
      </trkpt>
      <trkpt lat="42.50304" lon="2.58773">
        <ele>1349.4</ele>
      </trkpt>
      <trkpt lat="42.50311" lon="2.58766">
        <ele>1350.8</ele>
      </trkpt>
      <trkpt lat="42.50318" lon="2.58758">
        <ele>1351.9</ele>
      </trkpt>
      <trkpt lat="42.50324" lon="2.58751">
        <ele>1353.2</ele>
      </trkpt>
      <trkpt lat="42.5033" lon="2.58743">
        <ele>1354.2</ele>
      </trkpt>
      <trkpt lat="42.50335" lon="2.58736">
        <ele>1355.4</ele>
      </trkpt>
      <trkpt lat="42.50341" lon="2.58728">
        <ele>1356.9</ele>
      </trkpt>
      <trkpt lat="42.50347" lon="2.58724">
        <ele>1357.5</ele>
      </trkpt>
      <trkpt lat="42.50353" lon="2.58721">
        <ele>1358.1</ele>
      </trkpt>
      <trkpt lat="42.50359" lon="2.58717">
        <ele>1358.9</ele>
      </trkpt>
      <trkpt lat="42.50365" lon="2.58713">
        <ele>1359.6</ele>
      </trkpt>
      <trkpt lat="42.5037" lon="2.58709">
        <ele>1360.2</ele>
      </trkpt>
      <trkpt lat="42.50376" lon="2.58706">
        <ele>1360.9</ele>
      </trkpt>
      <trkpt lat="42.50382" lon="2.58702">
        <ele>1361.7</ele>
      </trkpt>
      <trkpt lat="42.50388" lon="2.58698">
        <ele>1362.7</ele>
      </trkpt>
      <trkpt lat="42.50394" lon="2.58695">
        <ele>1363.4</ele>
      </trkpt>
      <trkpt lat="42.504" lon="2.58693">
        <ele>1364.3</ele>
      </trkpt>
      <trkpt lat="42.50406" lon="2.5869">
        <ele>1364.9</ele>
      </trkpt>
      <trkpt lat="42.50412" lon="2.58688">
        <ele>1365.5</ele>
      </trkpt>
      <trkpt lat="42.50417" lon="2.58685">
        <ele>1366.1</ele>
      </trkpt>
      <trkpt lat="42.50423" lon="2.58682">
        <ele>1367</ele>
      </trkpt>
      <trkpt lat="42.50429" lon="2.5868">
        <ele>1367.8</ele>
      </trkpt>
      <trkpt lat="42.50435" lon="2.58677">
        <ele>1368.5</ele>
      </trkpt>
      <trkpt lat="42.50443" lon="2.58675">
        <ele>1368.9</ele>
      </trkpt>
      <trkpt lat="42.50451" lon="2.58673">
        <ele>1369.3</ele>
      </trkpt>
      <trkpt lat="42.50458" lon="2.58671">
        <ele>1369.8</ele>
      </trkpt>
      <trkpt lat="42.50466" lon="2.58669">
        <ele>1370.3</ele>
      </trkpt>
      <trkpt lat="42.50474" lon="2.58664">
        <ele>1371.6</ele>
      </trkpt>
      <trkpt lat="42.50483" lon="2.5866">
        <ele>1372.3</ele>
      </trkpt>
      <trkpt lat="42.50491" lon="2.58655">
        <ele>1373.1</ele>
      </trkpt>
      <trkpt lat="42.50499" lon="2.5865">
        <ele>1373.9</ele>
      </trkpt>
      <trkpt lat="42.50506" lon="2.58645">
        <ele>1374.8</ele>
      </trkpt>
      <trkpt lat="42.50513" lon="2.5864">
        <ele>1375.8</ele>
      </trkpt>
      <trkpt lat="42.5052" lon="2.58635">
        <ele>1376.8</ele>
      </trkpt>
      <trkpt lat="42.50527" lon="2.5863">
        <ele>1377.8</ele>
      </trkpt>
      <trkpt lat="42.50534" lon="2.58624">
        <ele>1378.6</ele>
      </trkpt>
      <trkpt lat="42.50541" lon="2.58619">
        <ele>1379.5</ele>
      </trkpt>
      <trkpt lat="42.50548" lon="2.58614">
        <ele>1380.6</ele>
      </trkpt>
      <trkpt lat="42.50555" lon="2.58609">
        <ele>1381.6</ele>
      </trkpt>
      <trkpt lat="42.50559" lon="2.58604">
        <ele>1382.4</ele>
      </trkpt>
      <trkpt lat="42.50563" lon="2.586">
        <ele>1383.1</ele>
      </trkpt>
      <trkpt lat="42.50567" lon="2.58595">
        <ele>1383.7</ele>
      </trkpt>
      <trkpt lat="42.50571" lon="2.58591">
        <ele>1384.3</ele>
      </trkpt>
      <trkpt lat="42.50575" lon="2.58586">
        <ele>1384.8</ele>
      </trkpt>
      <trkpt lat="42.50579" lon="2.58581">
        <ele>1385.4</ele>
      </trkpt>
      <trkpt lat="42.50583" lon="2.58577">
        <ele>1386.2</ele>
      </trkpt>
      <trkpt lat="42.50587" lon="2.58572">
        <ele>1387.2</ele>
      </trkpt>
      <trkpt lat="42.50594" lon="2.58568">
        <ele>1387.7</ele>
      </trkpt>
      <trkpt lat="42.50601" lon="2.58564">
        <ele>1388.4</ele>
      </trkpt>
      <trkpt lat="42.50607" lon="2.58559">
        <ele>1389.1</ele>
      </trkpt>
      <trkpt lat="42.50614" lon="2.58555">
        <ele>1390</ele>
      </trkpt>
      <trkpt lat="42.50619" lon="2.58553">
        <ele>1390.5</ele>
      </trkpt>
      <trkpt lat="42.50624" lon="2.58551">
        <ele>1390.9</ele>
      </trkpt>
      <trkpt lat="42.50629" lon="2.58549">
        <ele>1391.3</ele>
      </trkpt>
      <trkpt lat="42.50634" lon="2.58548">
        <ele>1391.6</ele>
      </trkpt>
      <trkpt lat="42.50638" lon="2.58546">
        <ele>1392</ele>
      </trkpt>
      <trkpt lat="42.50643" lon="2.58544">
        <ele>1392.6</ele>
      </trkpt>
      <trkpt lat="42.50648" lon="2.58542">
        <ele>1393.2</ele>
      </trkpt>
      <trkpt lat="42.50653" lon="2.5854">
        <ele>1393.9</ele>
      </trkpt>
      <trkpt lat="42.5066" lon="2.58538">
        <ele>1394.5</ele>
      </trkpt>
      <trkpt lat="42.50666" lon="2.58536">
        <ele>1395.2</ele>
      </trkpt>
      <trkpt lat="42.50673" lon="2.58534">
        <ele>1395.9</ele>
      </trkpt>
      <trkpt lat="42.5068" lon="2.58532">
        <ele>1396.7</ele>
      </trkpt>
      <trkpt lat="42.50686" lon="2.58529">
        <ele>1397.4</ele>
      </trkpt>
      <trkpt lat="42.50693" lon="2.58527">
        <ele>1398.2</ele>
      </trkpt>
      <trkpt lat="42.50699" lon="2.58525">
        <ele>1399.3</ele>
      </trkpt>
      <trkpt lat="42.50706" lon="2.58523">
        <ele>1400.4</ele>
      </trkpt>
      <trkpt lat="42.50715" lon="2.58521">
        <ele>1401.6</ele>
      </trkpt>
      <trkpt lat="42.50724" lon="2.58519">
        <ele>1402.8</ele>
      </trkpt>
      <trkpt lat="42.50732" lon="2.58516">
        <ele>1404.5</ele>
      </trkpt>
      <trkpt lat="42.50741" lon="2.58514">
        <ele>1406.1</ele>
      </trkpt>
      <trkpt lat="42.50746" lon="2.58515">
        <ele>1406.2</ele>
      </trkpt>
      <trkpt lat="42.5075" lon="2.58516">
        <ele>1406.2</ele>
      </trkpt>
      <trkpt lat="42.50755" lon="2.58517">
        <ele>1406.6</ele>
      </trkpt>
      <trkpt lat="42.50759" lon="2.58518">
        <ele>1407</ele>
      </trkpt>
      <trkpt lat="42.50764" lon="2.58519">
        <ele>1407.4</ele>
      </trkpt>
      <trkpt lat="42.50768" lon="2.5852">
        <ele>1407.9</ele>
      </trkpt>
      <trkpt lat="42.50773" lon="2.58521">
        <ele>1408.3</ele>
      </trkpt>
      <trkpt lat="42.50777" lon="2.58522">
        <ele>1408.7</ele>
      </trkpt>
      <trkpt lat="42.50782" lon="2.58521">
        <ele>1409.7</ele>
      </trkpt>
      <trkpt lat="42.50788" lon="2.58521">
        <ele>1410.5</ele>
      </trkpt>
      <trkpt lat="42.50793" lon="2.5852">
        <ele>1411.3</ele>
      </trkpt>
      <trkpt lat="42.50798" lon="2.58519">
        <ele>1412.1</ele>
      </trkpt>
      <trkpt lat="42.50802" lon="2.58515">
        <ele>1413.4</ele>
      </trkpt>
      <trkpt lat="42.50806" lon="2.58511">
        <ele>1414.6</ele>
      </trkpt>
      <trkpt lat="42.50809" lon="2.58507">
        <ele>1414.8</ele>
      </trkpt>
      <trkpt lat="42.50813" lon="2.58503">
        <ele>1414.8</ele>
      </trkpt>
      <trkpt lat="42.50816" lon="2.58494">
        <ele>1416</ele>
      </trkpt>
      <trkpt lat="42.50819" lon="2.58485">
        <ele>1417</ele>
      </trkpt>
      <trkpt lat="42.50821" lon="2.58475">
        <ele>1418</ele>
      </trkpt>
      <trkpt lat="42.50824" lon="2.58466">
        <ele>1418.2</ele>
      </trkpt>
      <trkpt lat="42.50824" lon="2.58457">
        <ele>1418.9</ele>
      </trkpt>
      <trkpt lat="42.50825" lon="2.58447">
        <ele>1419.6</ele>
      </trkpt>
      <trkpt lat="42.50825" lon="2.58438">
        <ele>1419.5</ele>
      </trkpt>
      <trkpt lat="42.50825" lon="2.58428">
        <ele>1419</ele>
      </trkpt>
      <trkpt lat="42.50823" lon="2.58418">
        <ele>1419.6</ele>
      </trkpt>
      <trkpt lat="42.50821" lon="2.58408">
        <ele>1419.7</ele>
      </trkpt>
      <trkpt lat="42.50819" lon="2.58398">
        <ele>1419.7</ele>
      </trkpt>
      <trkpt lat="42.50817" lon="2.58389">
        <ele>1419.8</ele>
      </trkpt>
      <trkpt lat="42.50814" lon="2.58379">
        <ele>1419.3</ele>
      </trkpt>
      <trkpt lat="42.50812" lon="2.58369">
        <ele>1418.8</ele>
      </trkpt>
      <trkpt lat="42.5081" lon="2.58359">
        <ele>1418.4</ele>
      </trkpt>
      <trkpt lat="42.50808" lon="2.58349">
        <ele>1418</ele>
      </trkpt>
      <trkpt lat="42.50806" lon="2.58338">
        <ele>1417.2</ele>
      </trkpt>
      <trkpt lat="42.50805" lon="2.58326">
        <ele>1416.7</ele>
      </trkpt>
      <trkpt lat="42.50803" lon="2.58315">
        <ele>1416.5</ele>
      </trkpt>
      <trkpt lat="42.50802" lon="2.58304">
        <ele>1416.3</ele>
      </trkpt>
      <trkpt lat="42.508" lon="2.58292">
        <ele>1416.4</ele>
      </trkpt>
      <trkpt lat="42.50798" lon="2.58281">
        <ele>1416.5</ele>
      </trkpt>
      <trkpt lat="42.50797" lon="2.58269">
        <ele>1416.4</ele>
      </trkpt>
      <trkpt lat="42.50795" lon="2.58258">
        <ele>1416.2</ele>
      </trkpt>
      <trkpt lat="42.50795" lon="2.5825">
        <ele>1415.8</ele>
      </trkpt>
      <trkpt lat="42.50794" lon="2.58243">
        <ele>1415.4</ele>
      </trkpt>
      <trkpt lat="42.50794" lon="2.58235">
        <ele>1415</ele>
      </trkpt>
      <trkpt lat="42.50793" lon="2.58227">
        <ele>1414.6</ele>
      </trkpt>
      <trkpt lat="42.50793" lon="2.58219">
        <ele>1414.4</ele>
      </trkpt>
      <trkpt lat="42.50792" lon="2.58212">
        <ele>1414.4</ele>
      </trkpt>
      <trkpt lat="42.50792" lon="2.58204">
        <ele>1414.4</ele>
      </trkpt>
      <trkpt lat="42.50791" lon="2.58196">
        <ele>1414.5</ele>
      </trkpt>
      <trkpt lat="42.50791" lon="2.58187">
        <ele>1414.2</ele>
      </trkpt>
      <trkpt lat="42.50791" lon="2.58177">
        <ele>1413.9</ele>
      </trkpt>
      <trkpt lat="42.50791" lon="2.58168">
        <ele>1413.7</ele>
      </trkpt>
      <trkpt lat="42.50791" lon="2.58158">
        <ele>1413.8</ele>
      </trkpt>
      <trkpt lat="42.5079" lon="2.58149">
        <ele>1413.9</ele>
      </trkpt>
      <trkpt lat="42.5079" lon="2.58139">
        <ele>1414</ele>
      </trkpt>
      <trkpt lat="42.5079" lon="2.5813">
        <ele>1414.5</ele>
      </trkpt>
      <trkpt lat="42.5079" lon="2.5812">
        <ele>1414.9</ele>
      </trkpt>
      <trkpt lat="42.50791" lon="2.58113">
        <ele>1414.6</ele>
      </trkpt>
      <trkpt lat="42.50792" lon="2.58106">
        <ele>1414.3</ele>
      </trkpt>
      <trkpt lat="42.50792" lon="2.58099">
        <ele>1414.1</ele>
      </trkpt>
      <trkpt lat="42.50793" lon="2.58092">
        <ele>1413.7</ele>
      </trkpt>
      <trkpt lat="42.50794" lon="2.58085">
        <ele>1413.5</ele>
      </trkpt>
      <trkpt lat="42.50795" lon="2.58078">
        <ele>1413.1</ele>
      </trkpt>
      <trkpt lat="42.50795" lon="2.58071">
        <ele>1412.7</ele>
      </trkpt>
      <trkpt lat="42.50796" lon="2.58064">
        <ele>1412.3</ele>
      </trkpt>
      <trkpt lat="42.50797" lon="2.58055">
        <ele>1412.2</ele>
      </trkpt>
      <trkpt lat="42.50797" lon="2.58047">
        <ele>1411.9</ele>
      </trkpt>
      <trkpt lat="42.50798" lon="2.58038">
        <ele>1411.5</ele>
      </trkpt>
      <trkpt lat="42.50798" lon="2.5803">
        <ele>1411.2</ele>
      </trkpt>
      <trkpt lat="42.50799" lon="2.58021">
        <ele>1410.8</ele>
      </trkpt>
      <trkpt lat="42.50799" lon="2.58012">
        <ele>1410.4</ele>
      </trkpt>
      <trkpt lat="42.508" lon="2.58004">
        <ele>1410</ele>
      </trkpt>
      <trkpt lat="42.508" lon="2.57995">
        <ele>1409.6</ele>
      </trkpt>
      <trkpt lat="42.50802" lon="2.57988">
        <ele>1408.6</ele>
      </trkpt>
      <trkpt lat="42.50804" lon="2.5798">
        <ele>1407.8</ele>
      </trkpt>
      <trkpt lat="42.50805" lon="2.57973">
        <ele>1407.2</ele>
      </trkpt>
      <trkpt lat="42.50807" lon="2.57965">
        <ele>1407.1</ele>
      </trkpt>
      <trkpt lat="42.5081" lon="2.57959">
        <ele>1406.7</ele>
      </trkpt>
      <trkpt lat="42.50812" lon="2.57954">
        <ele>1406.3</ele>
      </trkpt>
      <trkpt lat="42.50815" lon="2.57948">
        <ele>1406</ele>
      </trkpt>
      <trkpt lat="42.50817" lon="2.57942">
        <ele>1405.7</ele>
      </trkpt>
      <trkpt lat="42.5082" lon="2.57936">
        <ele>1405.4</ele>
      </trkpt>
      <trkpt lat="42.50822" lon="2.57931">
        <ele>1405.1</ele>
      </trkpt>
      <trkpt lat="42.50825" lon="2.57925">
        <ele>1404.9</ele>
      </trkpt>
      <trkpt lat="42.50827" lon="2.57919">
        <ele>1404.8</ele>
      </trkpt>
      <trkpt lat="42.50829" lon="2.57912">
        <ele>1404.5</ele>
      </trkpt>
      <trkpt lat="42.50831" lon="2.57906">
        <ele>1404.2</ele>
      </trkpt>
      <trkpt lat="42.50832" lon="2.57899">
        <ele>1403.9</ele>
      </trkpt>
      <trkpt lat="42.50834" lon="2.57892">
        <ele>1403.5</ele>
      </trkpt>
      <trkpt lat="42.50834" lon="2.57882">
        <ele>1403.8</ele>
      </trkpt>
      <trkpt lat="42.50834" lon="2.57872">
        <ele>1403.9</ele>
      </trkpt>
      <trkpt lat="42.50833" lon="2.57862">
        <ele>1404</ele>
      </trkpt>
      <trkpt lat="42.50833" lon="2.57852">
        <ele>1404.7</ele>
      </trkpt>
      <trkpt lat="42.50833" lon="2.57843">
        <ele>1405.3</ele>
      </trkpt>
      <trkpt lat="42.50833" lon="2.57835">
        <ele>1405.9</ele>
      </trkpt>
      <trkpt lat="42.50833" lon="2.57826">
        <ele>1406.3</ele>
      </trkpt>
      <trkpt lat="42.50833" lon="2.57817">
        <ele>1406.6</ele>
      </trkpt>
      <trkpt lat="42.50833" lon="2.57808">
        <ele>1406.9</ele>
      </trkpt>
      <trkpt lat="42.50833" lon="2.578">
        <ele>1407.4</ele>
      </trkpt>
      <trkpt lat="42.50833" lon="2.57791">
        <ele>1408.1</ele>
      </trkpt>
      <trkpt lat="42.50833" lon="2.57782">
        <ele>1408.7</ele>
      </trkpt>
      <trkpt lat="42.50834" lon="2.57774">
        <ele>1409.2</ele>
      </trkpt>
      <trkpt lat="42.50834" lon="2.57767">
        <ele>1409.6</ele>
      </trkpt>
      <trkpt lat="42.50835" lon="2.57759">
        <ele>1410.1</ele>
      </trkpt>
      <trkpt lat="42.50835" lon="2.57751">
        <ele>1410.6</ele>
      </trkpt>
      <trkpt lat="42.50836" lon="2.57739">
        <ele>1412</ele>
      </trkpt>
      <trkpt lat="42.50834" lon="2.57731">
        <ele>1413.1</ele>
      </trkpt>
      <trkpt lat="42.50832" lon="2.57723">
        <ele>1413.6</ele>
      </trkpt>
      <trkpt lat="42.5083" lon="2.57714">
        <ele>1414.8</ele>
      </trkpt>
      <trkpt lat="42.50828" lon="2.57706">
        <ele>1415.7</ele>
      </trkpt>
      <trkpt lat="42.50826" lon="2.57698">
        <ele>1416.5</ele>
      </trkpt>
      <trkpt lat="42.50824" lon="2.5769">
        <ele>1417.1</ele>
      </trkpt>
      <trkpt lat="42.50822" lon="2.57681">
        <ele>1417.6</ele>
      </trkpt>
      <trkpt lat="42.5082" lon="2.57673">
        <ele>1417.9</ele>
      </trkpt>
      <trkpt lat="42.5082" lon="2.57663">
        <ele>1419.2</ele>
      </trkpt>
      <trkpt lat="42.50821" lon="2.57654">
        <ele>1420</ele>
      </trkpt>
      <trkpt lat="42.50821" lon="2.57644">
        <ele>1420.8</ele>
      </trkpt>
      <trkpt lat="42.50821" lon="2.57634">
        <ele>1420.6</ele>
      </trkpt>
      <trkpt lat="42.50825" lon="2.57626">
        <ele>1421.1</ele>
      </trkpt>
      <trkpt lat="42.50828" lon="2.57617">
        <ele>1421.5</ele>
      </trkpt>
      <trkpt lat="42.50832" lon="2.57614">
        <ele>1422.9</ele>
      </trkpt>
      <trkpt lat="42.50837" lon="2.5761">
        <ele>1423.6</ele>
      </trkpt>
      <trkpt lat="42.50841" lon="2.57607">
        <ele>1423.8</ele>
      </trkpt>
      <trkpt lat="42.50845" lon="2.57603">
        <ele>1424</ele>
      </trkpt>
      <trkpt lat="42.50851" lon="2.57598">
        <ele>1424.3</ele>
      </trkpt>
      <trkpt lat="42.50857" lon="2.57594">
        <ele>1424.7</ele>
      </trkpt>
      <trkpt lat="42.50862" lon="2.57589">
        <ele>1424.6</ele>
      </trkpt>
      <trkpt lat="42.50868" lon="2.57584">
        <ele>1422.9</ele>
      </trkpt>
      <trkpt lat="42.50874" lon="2.57576">
        <ele>1422</ele>
      </trkpt>
      <trkpt lat="42.50879" lon="2.57568">
        <ele>1422.2</ele>
      </trkpt>
      <trkpt lat="42.50879" lon="2.57568">
        <ele>1422.2</ele>
      </trkpt>
      <trkpt lat="42.50883" lon="2.5756">
        <ele>1423</ele>
      </trkpt>
      <trkpt lat="42.50886" lon="2.57551">
        <ele>1423.9</ele>
      </trkpt>
      <trkpt lat="42.50887" lon="2.57545">
        <ele>1423.9</ele>
      </trkpt>
      <trkpt lat="42.50891" lon="2.57542">
        <ele>1425.1</ele>
      </trkpt>
      <trkpt lat="42.50897" lon="2.57537">
        <ele>1426.5</ele>
      </trkpt>
      <trkpt lat="42.50901" lon="2.57535">
        <ele>1427.4</ele>
      </trkpt>
      <trkpt lat="42.50906" lon="2.57529">
        <ele>1428.4</ele>
      </trkpt>
      <trkpt lat="42.50911" lon="2.57527">
        <ele>1429.6</ele>
      </trkpt>
      <trkpt lat="42.50916" lon="2.57525">
        <ele>1430.8</ele>
      </trkpt>
      <trkpt lat="42.50919" lon="2.57526">
        <ele>1431.2</ele>
      </trkpt>
      <trkpt lat="42.50924" lon="2.57523">
        <ele>1431.8</ele>
      </trkpt>
      <trkpt lat="42.50929" lon="2.5752">
        <ele>1432.6</ele>
      </trkpt>
      <trkpt lat="42.50934" lon="2.57517">
        <ele>1433.7</ele>
      </trkpt>
      <trkpt lat="42.50939" lon="2.57514">
        <ele>1435</ele>
      </trkpt>
      <trkpt lat="42.5094" lon="2.57508">
        <ele>1436.3</ele>
      </trkpt>
      <trkpt lat="42.5094" lon="2.57496">
        <ele>1438.1</ele>
      </trkpt>
      <trkpt lat="42.50939" lon="2.57484">
        <ele>1439.5</ele>
      </trkpt>
      <trkpt lat="42.50941" lon="2.57477">
        <ele>1440.9</ele>
      </trkpt>
      <trkpt lat="42.50942" lon="2.5747">
        <ele>1442.3</ele>
      </trkpt>
      <trkpt lat="42.50947" lon="2.5746">
        <ele>1444.3</ele>
      </trkpt>
      <trkpt lat="42.5095" lon="2.57452">
        <ele>1445.4</ele>
      </trkpt>
      <trkpt lat="42.50952" lon="2.57444">
        <ele>1446.7</ele>
      </trkpt>
      <trkpt lat="42.50957" lon="2.57437">
        <ele>1448.4</ele>
      </trkpt>
      <trkpt lat="42.50958" lon="2.57429">
        <ele>1449.3</ele>
      </trkpt>
      <trkpt lat="42.50962" lon="2.57423">
        <ele>1450.8</ele>
      </trkpt>
      <trkpt lat="42.50965" lon="2.57414">
        <ele>1452.4</ele>
      </trkpt>
      <trkpt lat="42.50968" lon="2.5741">
        <ele>1453.6</ele>
      </trkpt>
      <trkpt lat="42.50971" lon="2.57403">
        <ele>1455.1</ele>
      </trkpt>
      <trkpt lat="42.50974" lon="2.57396">
        <ele>1456.4</ele>
      </trkpt>
      <trkpt lat="42.50978" lon="2.57392">
        <ele>1457.1</ele>
      </trkpt>
      <trkpt lat="42.5098" lon="2.57387">
        <ele>1457.8</ele>
      </trkpt>
      <trkpt lat="42.50983" lon="2.57381">
        <ele>1458.6</ele>
      </trkpt>
      <trkpt lat="42.50985" lon="2.57376">
        <ele>1459.5</ele>
      </trkpt>
      <trkpt lat="42.50987" lon="2.5737">
        <ele>1460.5</ele>
      </trkpt>
      <trkpt lat="42.50989" lon="2.57363">
        <ele>1461.8</ele>
      </trkpt>
      <trkpt lat="42.50991" lon="2.57355">
        <ele>1463.4</ele>
      </trkpt>
      <trkpt lat="42.50996" lon="2.57349">
        <ele>1465.5</ele>
      </trkpt>
      <trkpt lat="42.51" lon="2.57343">
        <ele>1467.9</ele>
      </trkpt>
      <trkpt lat="42.51003" lon="2.57336">
        <ele>1470</ele>
      </trkpt>
      <trkpt lat="42.51006" lon="2.57328">
        <ele>1471.5</ele>
      </trkpt>
      <trkpt lat="42.51011" lon="2.57325">
        <ele>1472.6</ele>
      </trkpt>
      <trkpt lat="42.51015" lon="2.57321">
        <ele>1473.7</ele>
      </trkpt>
      <trkpt lat="42.51018" lon="2.57316">
        <ele>1474.8</ele>
      </trkpt>
      <trkpt lat="42.51021" lon="2.57311">
        <ele>1476</ele>
      </trkpt>
      <trkpt lat="42.51023" lon="2.57306">
        <ele>1477.1</ele>
      </trkpt>
      <trkpt lat="42.51026" lon="2.57301">
        <ele>1478</ele>
      </trkpt>
      <trkpt lat="42.5103" lon="2.57297">
        <ele>1478.6</ele>
      </trkpt>
      <trkpt lat="42.51034" lon="2.57294">
        <ele>1479.1</ele>
      </trkpt>
      <trkpt lat="42.51038" lon="2.5729">
        <ele>1479.6</ele>
      </trkpt>
      <trkpt lat="42.51042" lon="2.57286">
        <ele>1480.1</ele>
      </trkpt>
      <trkpt lat="42.51047" lon="2.57281">
        <ele>1481</ele>
      </trkpt>
      <trkpt lat="42.51052" lon="2.57275">
        <ele>1482.1</ele>
      </trkpt>
      <trkpt lat="42.51056" lon="2.5727">
        <ele>1483.3</ele>
      </trkpt>
      <trkpt lat="42.51061" lon="2.57264">
        <ele>1484.6</ele>
      </trkpt>
      <trkpt lat="42.51067" lon="2.5726">
        <ele>1485.9</ele>
      </trkpt>
      <trkpt lat="42.51072" lon="2.57255">
        <ele>1487.4</ele>
      </trkpt>
      <trkpt lat="42.51078" lon="2.57248">
        <ele>1489.7</ele>
      </trkpt>
      <trkpt lat="42.51084" lon="2.5724">
        <ele>1491.9</ele>
      </trkpt>
      <trkpt lat="42.51088" lon="2.57234">
        <ele>1493.8</ele>
      </trkpt>
      <trkpt lat="42.51091" lon="2.57228">
        <ele>1495.8</ele>
      </trkpt>
      <trkpt lat="42.51095" lon="2.5722">
        <ele>1498.3</ele>
      </trkpt>
      <trkpt lat="42.51098" lon="2.57212">
        <ele>1501.1</ele>
      </trkpt>
      <trkpt lat="42.51099" lon="2.57202">
        <ele>1503.7</ele>
      </trkpt>
      <trkpt lat="42.51106" lon="2.57197">
        <ele>1506.9</ele>
      </trkpt>
      <trkpt lat="42.5111" lon="2.57191">
        <ele>1509.4</ele>
      </trkpt>
      <trkpt lat="42.51112" lon="2.57185">
        <ele>1511.1</ele>
      </trkpt>
      <trkpt lat="42.51113" lon="2.57179">
        <ele>1512.8</ele>
      </trkpt>
      <trkpt lat="42.51117" lon="2.57174">
        <ele>1514.9</ele>
      </trkpt>
      <trkpt lat="42.5112" lon="2.57169">
        <ele>1517.1</ele>
      </trkpt>
      <trkpt lat="42.51124" lon="2.57163">
        <ele>1519.1</ele>
      </trkpt>
      <trkpt lat="42.51127" lon="2.57158">
        <ele>1520.9</ele>
      </trkpt>
      <trkpt lat="42.51132" lon="2.57153">
        <ele>1523.2</ele>
      </trkpt>
      <trkpt lat="42.51137" lon="2.57148">
        <ele>1525.7</ele>
      </trkpt>
      <trkpt lat="42.51144" lon="2.57146">
        <ele>1528.3</ele>
      </trkpt>
      <trkpt lat="42.51151" lon="2.57139">
        <ele>1531.9</ele>
      </trkpt>
      <trkpt lat="42.51157" lon="2.57138">
        <ele>1534</ele>
      </trkpt>
      <trkpt lat="42.51163" lon="2.5713">
        <ele>1536.7</ele>
      </trkpt>
      <trkpt lat="42.51167" lon="2.57127">
        <ele>1538.4</ele>
      </trkpt>
      <trkpt lat="42.51171" lon="2.57123">
        <ele>1539.3</ele>
      </trkpt>
      <trkpt lat="42.51173" lon="2.57117">
        <ele>1540.5</ele>
      </trkpt>
      <trkpt lat="42.51175" lon="2.57111">
        <ele>1541.8</ele>
      </trkpt>
      <trkpt lat="42.51176" lon="2.57101">
        <ele>1543</ele>
      </trkpt>
      <trkpt lat="42.51177" lon="2.57091">
        <ele>1544.2</ele>
      </trkpt>
      <trkpt lat="42.51179" lon="2.57085">
        <ele>1545.4</ele>
      </trkpt>
      <trkpt lat="42.5118" lon="2.57079">
        <ele>1546</ele>
      </trkpt>
      <trkpt lat="42.51181" lon="2.57073">
        <ele>1546.5</ele>
      </trkpt>
      <trkpt lat="42.51182" lon="2.57067">
        <ele>1547</ele>
      </trkpt>
      <trkpt lat="42.51183" lon="2.57061">
        <ele>1547.5</ele>
      </trkpt>
      <trkpt lat="42.51186" lon="2.5705">
        <ele>1548.8</ele>
      </trkpt>
      <trkpt lat="42.51189" lon="2.57038">
        <ele>1550.1</ele>
      </trkpt>
      <trkpt lat="42.51189" lon="2.57028">
        <ele>1550.5</ele>
      </trkpt>
      <trkpt lat="42.5119" lon="2.57018">
        <ele>1551.1</ele>
      </trkpt>
      <trkpt lat="42.5119" lon="2.57008">
        <ele>1551.8</ele>
      </trkpt>
      <trkpt lat="42.5119" lon="2.56999">
        <ele>1552.4</ele>
      </trkpt>
      <trkpt lat="42.5119" lon="2.56989">
        <ele>1552.8</ele>
      </trkpt>
      <trkpt lat="42.51191" lon="2.56979">
        <ele>1553.2</ele>
      </trkpt>
      <trkpt lat="42.51191" lon="2.56969">
        <ele>1553.6</ele>
      </trkpt>
      <trkpt lat="42.51191" lon="2.56959">
        <ele>1554.1</ele>
      </trkpt>
      <trkpt lat="42.5119" lon="2.5695">
        <ele>1554.1</ele>
      </trkpt>
      <trkpt lat="42.51189" lon="2.5694">
        <ele>1554</ele>
      </trkpt>
      <trkpt lat="42.51188" lon="2.56931">
        <ele>1553.8</ele>
      </trkpt>
      <trkpt lat="42.51187" lon="2.56921">
        <ele>1553.7</ele>
      </trkpt>
      <trkpt lat="42.51188" lon="2.56915">
        <ele>1554.1</ele>
      </trkpt>
      <trkpt lat="42.51188" lon="2.56908">
        <ele>1554.5</ele>
      </trkpt>
      <trkpt lat="42.5119" lon="2.569">
        <ele>1555.7</ele>
      </trkpt>
      <trkpt lat="42.51192" lon="2.56892">
        <ele>1556.8</ele>
      </trkpt>
      <trkpt lat="42.51193" lon="2.56881">
        <ele>1557.4</ele>
      </trkpt>
      <trkpt lat="42.51197" lon="2.56873">
        <ele>1559</ele>
      </trkpt>
      <trkpt lat="42.51199" lon="2.56871">
        <ele>1559.9</ele>
      </trkpt>
      <trkpt lat="42.51202" lon="2.56873">
        <ele>1561</ele>
      </trkpt>
      <trkpt lat="42.51204" lon="2.56871">
        <ele>1561.9</ele>
      </trkpt>
      <trkpt lat="42.51207" lon="2.56863">
        <ele>1563.4</ele>
      </trkpt>
      <trkpt lat="42.51212" lon="2.56855">
        <ele>1565.8</ele>
      </trkpt>
      <trkpt lat="42.51213" lon="2.56847">
        <ele>1566.5</ele>
      </trkpt>
      <trkpt lat="42.51214" lon="2.5684">
        <ele>1567.2</ele>
      </trkpt>
      <trkpt lat="42.51215" lon="2.56832">
        <ele>1567.9</ele>
      </trkpt>
      <trkpt lat="42.51216" lon="2.56824">
        <ele>1568.7</ele>
      </trkpt>
      <trkpt lat="42.5122" lon="2.56815">
        <ele>1570.6</ele>
      </trkpt>
      <trkpt lat="42.51223" lon="2.56805">
        <ele>1572.4</ele>
      </trkpt>
      <trkpt lat="42.51223" lon="2.56797">
        <ele>1572.7</ele>
      </trkpt>
      <trkpt lat="42.51222" lon="2.56789">
        <ele>1573.1</ele>
      </trkpt>
      <trkpt lat="42.51222" lon="2.56786">
        <ele>1573.3</ele>
      </trkpt>
      <trkpt lat="42.51223" lon="2.56779">
        <ele>1574</ele>
      </trkpt>
      <trkpt lat="42.51223" lon="2.56772">
        <ele>1574.5</ele>
      </trkpt>
      <trkpt lat="42.51224" lon="2.56765">
        <ele>1574.9</ele>
      </trkpt>
      <trkpt lat="42.51224" lon="2.56758">
        <ele>1575.4</ele>
      </trkpt>
      <trkpt lat="42.51225" lon="2.56751">
        <ele>1575.8</ele>
      </trkpt>
      <trkpt lat="42.51225" lon="2.56744">
        <ele>1576.6</ele>
      </trkpt>
      <trkpt lat="42.51226" lon="2.56737">
        <ele>1577.5</ele>
      </trkpt>
      <trkpt lat="42.51226" lon="2.5673">
        <ele>1578.4</ele>
      </trkpt>
      <trkpt lat="42.51225" lon="2.56721">
        <ele>1579</ele>
      </trkpt>
      <trkpt lat="42.51224" lon="2.56712">
        <ele>1579.7</ele>
      </trkpt>
      <trkpt lat="42.51229" lon="2.56702">
        <ele>1582.4</ele>
      </trkpt>
      <trkpt lat="42.51229" lon="2.56695">
        <ele>1583</ele>
      </trkpt>
      <trkpt lat="42.51229" lon="2.56689">
        <ele>1583.7</ele>
      </trkpt>
      <trkpt lat="42.51228" lon="2.56682">
        <ele>1584.4</ele>
      </trkpt>
      <trkpt lat="42.51228" lon="2.56675">
        <ele>1585.1</ele>
      </trkpt>
      <trkpt lat="42.51226" lon="2.5667">
        <ele>1585</ele>
      </trkpt>
      <trkpt lat="42.51224" lon="2.56664">
        <ele>1585.1</ele>
      </trkpt>
      <trkpt lat="42.51224" lon="2.56658">
        <ele>1586.1</ele>
      </trkpt>
      <trkpt lat="42.51223" lon="2.56651">
        <ele>1587.1</ele>
      </trkpt>
      <trkpt lat="42.5122" lon="2.56646">
        <ele>1587.3</ele>
      </trkpt>
      <trkpt lat="42.51217" lon="2.5664">
        <ele>1587.5</ele>
      </trkpt>
      <trkpt lat="42.51217" lon="2.56628">
        <ele>1590.1</ele>
      </trkpt>
      <trkpt lat="42.51217" lon="2.56616">
        <ele>1592.8</ele>
      </trkpt>
      <trkpt lat="42.51215" lon="2.5661">
        <ele>1593.7</ele>
      </trkpt>
      <trkpt lat="42.51213" lon="2.56604">
        <ele>1594.7</ele>
      </trkpt>
      <trkpt lat="42.51211" lon="2.56597">
        <ele>1595.6</ele>
      </trkpt>
      <trkpt lat="42.51209" lon="2.56591">
        <ele>1596.5</ele>
      </trkpt>
      <trkpt lat="42.51207" lon="2.56585">
        <ele>1597.4</ele>
      </trkpt>
      <trkpt lat="42.51205" lon="2.56579">
        <ele>1598.3</ele>
      </trkpt>
      <trkpt lat="42.51203" lon="2.56572">
        <ele>1599.1</ele>
      </trkpt>
      <trkpt lat="42.51201" lon="2.56566">
        <ele>1599.8</ele>
      </trkpt>
      <trkpt lat="42.51201" lon="2.56559">
        <ele>1601</ele>
      </trkpt>
      <trkpt lat="42.512" lon="2.56553">
        <ele>1602.3</ele>
      </trkpt>
      <trkpt lat="42.512" lon="2.56546">
        <ele>1603.9</ele>
      </trkpt>
      <trkpt lat="42.51199" lon="2.56539">
        <ele>1605.4</ele>
      </trkpt>
      <trkpt lat="42.51196" lon="2.5653">
        <ele>1606.8</ele>
      </trkpt>
      <trkpt lat="42.51193" lon="2.56522">
        <ele>1607.6</ele>
      </trkpt>
      <trkpt lat="42.5119" lon="2.56513">
        <ele>1608.1</ele>
      </trkpt>
      <trkpt lat="42.51187" lon="2.56504">
        <ele>1608.6</ele>
      </trkpt>
      <trkpt lat="42.51187" lon="2.56498">
        <ele>1609.6</ele>
      </trkpt>
      <trkpt lat="42.51187" lon="2.56492">
        <ele>1610.5</ele>
      </trkpt>
      <trkpt lat="42.51186" lon="2.56485">
        <ele>1611.3</ele>
      </trkpt>
      <trkpt lat="42.51186" lon="2.56479">
        <ele>1612.2</ele>
      </trkpt>
      <trkpt lat="42.51184" lon="2.56471">
        <ele>1612.8</ele>
      </trkpt>
      <trkpt lat="42.51185" lon="2.56464">
        <ele>1614.3</ele>
      </trkpt>
      <trkpt lat="42.51181" lon="2.56454">
        <ele>1614.8</ele>
      </trkpt>
      <trkpt lat="42.51178" lon="2.56443">
        <ele>1615.2</ele>
      </trkpt>
      <trkpt lat="42.51174" lon="2.56433">
        <ele>1616.1</ele>
      </trkpt>
      <trkpt lat="42.5117" lon="2.56422">
        <ele>1617</ele>
      </trkpt>
      <trkpt lat="42.51168" lon="2.56415">
        <ele>1617.8</ele>
      </trkpt>
      <trkpt lat="42.51166" lon="2.56407">
        <ele>1618.1</ele>
      </trkpt>
      <trkpt lat="42.51166" lon="2.56398">
        <ele>1619.3</ele>
      </trkpt>
      <trkpt lat="42.51165" lon="2.56388">
        <ele>1620.5</ele>
      </trkpt>
      <trkpt lat="42.51162" lon="2.56381">
        <ele>1620.3</ele>
      </trkpt>
      <trkpt lat="42.51159" lon="2.56374">
        <ele>1620.1</ele>
      </trkpt>
      <trkpt lat="42.51159" lon="2.56367">
        <ele>1621.1</ele>
      </trkpt>
      <trkpt lat="42.51159" lon="2.5636">
        <ele>1622</ele>
      </trkpt>
      <trkpt lat="42.51158" lon="2.56353">
        <ele>1621.9</ele>
      </trkpt>
      <trkpt lat="42.51156" lon="2.56346">
        <ele>1621.7</ele>
      </trkpt>
      <trkpt lat="42.51158" lon="2.56338">
        <ele>1622.9</ele>
      </trkpt>
      <trkpt lat="42.5116" lon="2.56331">
        <ele>1623.9</ele>
      </trkpt>
      <trkpt lat="42.51162" lon="2.56323">
        <ele>1624.9</ele>
      </trkpt>
      <trkpt lat="42.51164" lon="2.56315">
        <ele>1625.8</ele>
      </trkpt>
      <trkpt lat="42.51163" lon="2.56306">
        <ele>1625.8</ele>
      </trkpt>
      <trkpt lat="42.51163" lon="2.56296">
        <ele>1626.5</ele>
      </trkpt>
      <trkpt lat="42.51163" lon="2.56286">
        <ele>1627.2</ele>
      </trkpt>
      <trkpt lat="42.51163" lon="2.56279">
        <ele>1627.8</ele>
      </trkpt>
      <trkpt lat="42.51164" lon="2.56273">
        <ele>1628.1</ele>
      </trkpt>
      <trkpt lat="42.51164" lon="2.56266">
        <ele>1628.2</ele>
      </trkpt>
      <trkpt lat="42.51165" lon="2.56259">
        <ele>1628.4</ele>
      </trkpt>
      <trkpt lat="42.51165" lon="2.56252">
        <ele>1628.5</ele>
      </trkpt>
      <trkpt lat="42.51165" lon="2.56246">
        <ele>1628.9</ele>
      </trkpt>
      <trkpt lat="42.51166" lon="2.56239">
        <ele>1629.5</ele>
      </trkpt>
      <trkpt lat="42.51166" lon="2.56232">
        <ele>1630.1</ele>
      </trkpt>
      <trkpt lat="42.51164" lon="2.56222">
        <ele>1630.2</ele>
      </trkpt>
      <trkpt lat="42.51164" lon="2.56214">
        <ele>1630.7</ele>
      </trkpt>
      <trkpt lat="42.51164" lon="2.56207">
        <ele>1631.3</ele>
      </trkpt>
      <trkpt lat="42.51164" lon="2.56199">
        <ele>1631.9</ele>
      </trkpt>
      <trkpt lat="42.51164" lon="2.56192">
        <ele>1632.4</ele>
      </trkpt>
      <trkpt lat="42.51164" lon="2.56184">
        <ele>1633</ele>
      </trkpt>
      <trkpt lat="42.51164" lon="2.56176">
        <ele>1633.5</ele>
      </trkpt>
      <trkpt lat="42.51164" lon="2.56169">
        <ele>1634.1</ele>
      </trkpt>
      <trkpt lat="42.51165" lon="2.56161">
        <ele>1634.4</ele>
      </trkpt>
      <trkpt lat="42.51165" lon="2.56153">
        <ele>1634.7</ele>
      </trkpt>
      <trkpt lat="42.51165" lon="2.56146">
        <ele>1635</ele>
      </trkpt>
      <trkpt lat="42.51165" lon="2.56138">
        <ele>1635.3</ele>
      </trkpt>
      <trkpt lat="42.51165" lon="2.56131">
        <ele>1635</ele>
      </trkpt>
      <trkpt lat="42.51165" lon="2.56123">
        <ele>1634.8</ele>
      </trkpt>
      <trkpt lat="42.51165" lon="2.56115">
        <ele>1634.5</ele>
      </trkpt>
      <trkpt lat="42.51165" lon="2.56108">
        <ele>1634.2</ele>
      </trkpt>
      <trkpt lat="42.51165" lon="2.561">
        <ele>1634</ele>
      </trkpt>
      <trkpt lat="42.51164" lon="2.56091">
        <ele>1633.3</ele>
      </trkpt>
      <trkpt lat="42.51163" lon="2.56081">
        <ele>1632.6</ele>
      </trkpt>
      <trkpt lat="42.51166" lon="2.56071">
        <ele>1633.3</ele>
      </trkpt>
      <trkpt lat="42.51169" lon="2.5606">
        <ele>1634</ele>
      </trkpt>
      <trkpt lat="42.51171" lon="2.5605">
        <ele>1634.4</ele>
      </trkpt>
      <trkpt lat="42.51172" lon="2.5604">
        <ele>1634.9</ele>
      </trkpt>
      <trkpt lat="42.51174" lon="2.5603">
        <ele>1635.5</ele>
      </trkpt>
      <trkpt lat="42.51175" lon="2.5602">
        <ele>1636</ele>
      </trkpt>
      <trkpt lat="42.51176" lon="2.56014">
        <ele>1636.5</ele>
      </trkpt>
      <trkpt lat="42.51178" lon="2.56008">
        <ele>1636.9</ele>
      </trkpt>
      <trkpt lat="42.51179" lon="2.56001">
        <ele>1637.4</ele>
      </trkpt>
      <trkpt lat="42.5118" lon="2.55995">
        <ele>1637.7</ele>
      </trkpt>
      <trkpt lat="42.51182" lon="2.55989">
        <ele>1638</ele>
      </trkpt>
      <trkpt lat="42.51183" lon="2.55983">
        <ele>1638.2</ele>
      </trkpt>
      <trkpt lat="42.51184" lon="2.55977">
        <ele>1638.5</ele>
      </trkpt>
      <trkpt lat="42.51186" lon="2.55971">
        <ele>1638.7</ele>
      </trkpt>
      <trkpt lat="42.51187" lon="2.55964">
        <ele>1638.8</ele>
      </trkpt>
      <trkpt lat="42.51188" lon="2.55958">
        <ele>1638.9</ele>
      </trkpt>
      <trkpt lat="42.51189" lon="2.55952">
        <ele>1639</ele>
      </trkpt>
      <trkpt lat="42.51191" lon="2.55946">
        <ele>1639</ele>
      </trkpt>
      <trkpt lat="42.51192" lon="2.5594">
        <ele>1639.3</ele>
      </trkpt>
      <trkpt lat="42.51193" lon="2.55933">
        <ele>1639.7</ele>
      </trkpt>
      <trkpt lat="42.51195" lon="2.55927">
        <ele>1640.1</ele>
      </trkpt>
      <trkpt lat="42.51196" lon="2.55921">
        <ele>1640.5</ele>
      </trkpt>
      <trkpt lat="42.51197" lon="2.55911">
        <ele>1641.1</ele>
      </trkpt>
      <trkpt lat="42.51199" lon="2.55901">
        <ele>1641.8</ele>
      </trkpt>
      <trkpt lat="42.512" lon="2.5589">
        <ele>1642.5</ele>
      </trkpt>
      <trkpt lat="42.51201" lon="2.5588">
        <ele>1643.5</ele>
      </trkpt>
      <trkpt lat="42.51201" lon="2.55871">
        <ele>1644.1</ele>
      </trkpt>
      <trkpt lat="42.51201" lon="2.55861">
        <ele>1644.7</ele>
      </trkpt>
      <trkpt lat="42.51201" lon="2.55853">
        <ele>1645.7</ele>
      </trkpt>
      <trkpt lat="42.512" lon="2.55845">
        <ele>1646.8</ele>
      </trkpt>
      <trkpt lat="42.51199" lon="2.55841">
        <ele>1647.3</ele>
      </trkpt>
      <trkpt lat="42.51196" lon="2.55831">
        <ele>1648.6</ele>
      </trkpt>
      <trkpt lat="42.51194" lon="2.55821">
        <ele>1649.9</ele>
      </trkpt>
      <trkpt lat="42.51191" lon="2.55811">
        <ele>1650.9</ele>
      </trkpt>
      <trkpt lat="42.51188" lon="2.55801">
        <ele>1652.1</ele>
      </trkpt>
      <trkpt lat="42.51185" lon="2.55795">
        <ele>1652.7</ele>
      </trkpt>
      <trkpt lat="42.51183" lon="2.55789">
        <ele>1653.2</ele>
      </trkpt>
      <trkpt lat="42.5118" lon="2.55782">
        <ele>1653.8</ele>
      </trkpt>
      <trkpt lat="42.51177" lon="2.55776">
        <ele>1654.2</ele>
      </trkpt>
      <trkpt lat="42.51176" lon="2.5577">
        <ele>1654.8</ele>
      </trkpt>
      <trkpt lat="42.51175" lon="2.55763">
        <ele>1655.4</ele>
      </trkpt>
      <trkpt lat="42.51174" lon="2.55757">
        <ele>1656</ele>
      </trkpt>
      <trkpt lat="42.51173" lon="2.55751">
        <ele>1656.6</ele>
      </trkpt>
      <trkpt lat="42.51171" lon="2.55744">
        <ele>1657.2</ele>
      </trkpt>
      <trkpt lat="42.5117" lon="2.55738">
        <ele>1657.8</ele>
      </trkpt>
      <trkpt lat="42.51169" lon="2.55731">
        <ele>1658.4</ele>
      </trkpt>
      <trkpt lat="42.51168" lon="2.55725">
        <ele>1659</ele>
      </trkpt>
      <trkpt lat="42.51167" lon="2.55715">
        <ele>1660.1</ele>
      </trkpt>
      <trkpt lat="42.51166" lon="2.55705">
        <ele>1661.3</ele>
      </trkpt>
      <trkpt lat="42.51167" lon="2.55696">
        <ele>1662.7</ele>
      </trkpt>
      <trkpt lat="42.51167" lon="2.55687">
        <ele>1663.9</ele>
      </trkpt>
      <trkpt lat="42.51167" lon="2.55679">
        <ele>1664.6</ele>
      </trkpt>
      <trkpt lat="42.51166" lon="2.55671">
        <ele>1665.4</ele>
      </trkpt>
      <trkpt lat="42.51166" lon="2.55662">
        <ele>1666.1</ele>
      </trkpt>
      <trkpt lat="42.51165" lon="2.55654">
        <ele>1666.8</ele>
      </trkpt>
      <trkpt lat="42.51164" lon="2.55646">
        <ele>1667.2</ele>
      </trkpt>
      <trkpt lat="42.51163" lon="2.55638">
        <ele>1667.6</ele>
      </trkpt>
      <trkpt lat="42.51161" lon="2.5563">
        <ele>1667.9</ele>
      </trkpt>
      <trkpt lat="42.5116" lon="2.55622">
        <ele>1668.3</ele>
      </trkpt>
      <trkpt lat="42.51161" lon="2.55615">
        <ele>1669.1</ele>
      </trkpt>
      <trkpt lat="42.51161" lon="2.55609">
        <ele>1670</ele>
      </trkpt>
      <trkpt lat="42.51162" lon="2.55602">
        <ele>1670.7</ele>
      </trkpt>
      <trkpt lat="42.51162" lon="2.55595">
        <ele>1671.4</ele>
      </trkpt>
      <trkpt lat="42.51161" lon="2.55587">
        <ele>1671.7</ele>
      </trkpt>
      <trkpt lat="42.51161" lon="2.5558">
        <ele>1672</ele>
      </trkpt>
      <trkpt lat="42.5116" lon="2.55572">
        <ele>1672.3</ele>
      </trkpt>
      <trkpt lat="42.51159" lon="2.55565">
        <ele>1672.6</ele>
      </trkpt>
      <trkpt lat="42.51158" lon="2.55557">
        <ele>1672.9</ele>
      </trkpt>
      <trkpt lat="42.51158" lon="2.55549">
        <ele>1673.2</ele>
      </trkpt>
      <trkpt lat="42.51157" lon="2.55542">
        <ele>1673.4</ele>
      </trkpt>
      <trkpt lat="42.51156" lon="2.55534">
        <ele>1673.7</ele>
      </trkpt>
      <trkpt lat="42.51154" lon="2.55525">
        <ele>1673.5</ele>
      </trkpt>
      <trkpt lat="42.51152" lon="2.55517">
        <ele>1673.1</ele>
      </trkpt>
      <trkpt lat="42.51149" lon="2.55508">
        <ele>1672.7</ele>
      </trkpt>
      <trkpt lat="42.51147" lon="2.55499">
        <ele>1672.3</ele>
      </trkpt>
      <trkpt lat="42.51146" lon="2.55492">
        <ele>1672.3</ele>
      </trkpt>
      <trkpt lat="42.51145" lon="2.55484">
        <ele>1672.4</ele>
      </trkpt>
      <trkpt lat="42.51143" lon="2.55477">
        <ele>1672.4</ele>
      </trkpt>
      <trkpt lat="42.51142" lon="2.55469">
        <ele>1672.5</ele>
      </trkpt>
      <trkpt lat="42.51142" lon="2.55461">
        <ele>1673.1</ele>
      </trkpt>
      <trkpt lat="42.51142" lon="2.55452">
        <ele>1673.7</ele>
      </trkpt>
      <trkpt lat="42.51142" lon="2.55441">
        <ele>1674.5</ele>
      </trkpt>
      <trkpt lat="42.51143" lon="2.5543">
        <ele>1675.2</ele>
      </trkpt>
      <trkpt lat="42.51143" lon="2.55418">
        <ele>1675.8</ele>
      </trkpt>
      <trkpt lat="42.51144" lon="2.55407">
        <ele>1676.4</ele>
      </trkpt>
      <trkpt lat="42.51144" lon="2.55396">
        <ele>1677.1</ele>
      </trkpt>
      <trkpt lat="42.51144" lon="2.55385">
        <ele>1677.8</ele>
      </trkpt>
      <trkpt lat="42.51145" lon="2.55373">
        <ele>1678.7</ele>
      </trkpt>
      <trkpt lat="42.51145" lon="2.55362">
        <ele>1679.6</ele>
      </trkpt>
      <trkpt lat="42.51145" lon="2.5535">
        <ele>1679.9</ele>
      </trkpt>
      <trkpt lat="42.51144" lon="2.55338">
        <ele>1680.2</ele>
      </trkpt>
      <trkpt lat="42.51146" lon="2.5533">
        <ele>1681.2</ele>
      </trkpt>
      <trkpt lat="42.51147" lon="2.55322">
        <ele>1682.1</ele>
      </trkpt>
      <trkpt lat="42.51149" lon="2.55313">
        <ele>1683</ele>
      </trkpt>
      <trkpt lat="42.5115" lon="2.55305">
        <ele>1683.8</ele>
      </trkpt>
      <trkpt lat="42.51152" lon="2.55297">
        <ele>1684.1</ele>
      </trkpt>
      <trkpt lat="42.51153" lon="2.55289">
        <ele>1684.5</ele>
      </trkpt>
      <trkpt lat="42.51155" lon="2.5528">
        <ele>1684.8</ele>
      </trkpt>
      <trkpt lat="42.51156" lon="2.55272">
        <ele>1685</ele>
      </trkpt>
      <trkpt lat="42.5116" lon="2.55263">
        <ele>1686</ele>
      </trkpt>
      <trkpt lat="42.51164" lon="2.55253">
        <ele>1687.1</ele>
      </trkpt>
      <trkpt lat="42.51166" lon="2.55242">
        <ele>1686.8</ele>
      </trkpt>
      <trkpt lat="42.51168" lon="2.5523">
        <ele>1686.4</ele>
      </trkpt>
      <trkpt lat="42.51171" lon="2.55221">
        <ele>1686.7</ele>
      </trkpt>
      <trkpt lat="42.51174" lon="2.55213">
        <ele>1687</ele>
      </trkpt>
      <trkpt lat="42.51176" lon="2.55204">
        <ele>1687.1</ele>
      </trkpt>
      <trkpt lat="42.51179" lon="2.55195">
        <ele>1687.1</ele>
      </trkpt>
      <trkpt lat="42.51181" lon="2.55184">
        <ele>1686.3</ele>
      </trkpt>
      <trkpt lat="42.51184" lon="2.55172">
        <ele>1685.4</ele>
      </trkpt>
      <trkpt lat="42.51186" lon="2.55161">
        <ele>1684.4</ele>
      </trkpt>
      <trkpt lat="42.51188" lon="2.55149">
        <ele>1683.6</ele>
      </trkpt>
      <trkpt lat="42.5119" lon="2.55143">
        <ele>1683.3</ele>
      </trkpt>
      <trkpt lat="42.51192" lon="2.55138">
        <ele>1683.2</ele>
      </trkpt>
      <trkpt lat="42.51193" lon="2.55132">
        <ele>1683.4</ele>
      </trkpt>
      <trkpt lat="42.51195" lon="2.55126">
        <ele>1683.7</ele>
      </trkpt>
      <trkpt lat="42.51199" lon="2.55121">
        <ele>1684.5</ele>
      </trkpt>
      <trkpt lat="42.51203" lon="2.55117">
        <ele>1685.3</ele>
      </trkpt>
      <trkpt lat="42.51207" lon="2.55112">
        <ele>1686.2</ele>
      </trkpt>
      <trkpt lat="42.51211" lon="2.55107">
        <ele>1687.1</ele>
      </trkpt>
      <trkpt lat="42.51216" lon="2.55099">
        <ele>1688.2</ele>
      </trkpt>
      <trkpt lat="42.5122" lon="2.5509">
        <ele>1689.4</ele>
      </trkpt>
      <trkpt lat="42.51225" lon="2.55082">
        <ele>1690.6</ele>
      </trkpt>
      <trkpt lat="42.51229" lon="2.55073">
        <ele>1691.3</ele>
      </trkpt>
      <trkpt lat="42.51235" lon="2.55067">
        <ele>1692.8</ele>
      </trkpt>
      <trkpt lat="42.51239" lon="2.55058">
        <ele>1693.3</ele>
      </trkpt>
      <trkpt lat="42.51243" lon="2.55049">
        <ele>1694</ele>
      </trkpt>
      <trkpt lat="42.51249" lon="2.55041">
        <ele>1695.4</ele>
      </trkpt>
      <trkpt lat="42.51254" lon="2.55032">
        <ele>1696.9</ele>
      </trkpt>
      <trkpt lat="42.51257" lon="2.55025">
        <ele>1697.5</ele>
      </trkpt>
      <trkpt lat="42.51259" lon="2.55018">
        <ele>1698.1</ele>
      </trkpt>
      <trkpt lat="42.51263" lon="2.5501">
        <ele>1699.2</ele>
      </trkpt>
      <trkpt lat="42.51267" lon="2.55003">
        <ele>1700.3</ele>
      </trkpt>
      <trkpt lat="42.51271" lon="2.54995">
        <ele>1701.6</ele>
      </trkpt>
      <trkpt lat="42.51275" lon="2.54987">
        <ele>1703</ele>
      </trkpt>
      <trkpt lat="42.51279" lon="2.54978">
        <ele>1704.4</ele>
      </trkpt>
      <trkpt lat="42.5128" lon="2.54966">
        <ele>1704.5</ele>
      </trkpt>
      <trkpt lat="42.5128" lon="2.54954">
        <ele>1704.6</ele>
      </trkpt>
      <trkpt lat="42.51281" lon="2.54946">
        <ele>1704.9</ele>
      </trkpt>
      <trkpt lat="42.51282" lon="2.54938">
        <ele>1704.9</ele>
      </trkpt>
      <trkpt lat="42.51283" lon="2.5493">
        <ele>1705</ele>
      </trkpt>
      <trkpt lat="42.51284" lon="2.54922">
        <ele>1705</ele>
      </trkpt>
      <trkpt lat="42.51284" lon="2.54914">
        <ele>1705.2</ele>
      </trkpt>
      <trkpt lat="42.51285" lon="2.54906">
        <ele>1705.5</ele>
      </trkpt>
      <trkpt lat="42.51286" lon="2.54898">
        <ele>1705.9</ele>
      </trkpt>
      <trkpt lat="42.51287" lon="2.5489">
        <ele>1706.3</ele>
      </trkpt>
      <trkpt lat="42.51288" lon="2.54883">
        <ele>1706.7</ele>
      </trkpt>
      <trkpt lat="42.51288" lon="2.54877">
        <ele>1707.1</ele>
      </trkpt>
      <trkpt lat="42.51289" lon="2.5487">
        <ele>1707.5</ele>
      </trkpt>
      <trkpt lat="42.51289" lon="2.54863">
        <ele>1708</ele>
      </trkpt>
      <trkpt lat="42.51286" lon="2.54854">
        <ele>1707.1</ele>
      </trkpt>
      <trkpt lat="42.51283" lon="2.54846">
        <ele>1706.3</ele>
      </trkpt>
      <trkpt lat="42.5128" lon="2.54838">
        <ele>1705.6</ele>
      </trkpt>
      <trkpt lat="42.51277" lon="2.54829">
        <ele>1705.1</ele>
      </trkpt>
      <trkpt lat="42.51274" lon="2.54821">
        <ele>1704.9</ele>
      </trkpt>
      <trkpt lat="42.51271" lon="2.54816">
        <ele>1704.7</ele>
      </trkpt>
      <trkpt lat="42.51269" lon="2.54811">
        <ele>1704.5</ele>
      </trkpt>
      <trkpt lat="42.51266" lon="2.54805">
        <ele>1704.5</ele>
      </trkpt>
      <trkpt lat="42.51263" lon="2.548">
        <ele>1704.4</ele>
      </trkpt>
      <trkpt lat="42.51257" lon="2.54793">
        <ele>1703.9</ele>
      </trkpt>
      <trkpt lat="42.51252" lon="2.5479">
        <ele>1703.1</ele>
      </trkpt>
      <trkpt lat="42.51246" lon="2.54786">
        <ele>1702.2</ele>
      </trkpt>
      <trkpt lat="42.51238" lon="2.54781">
        <ele>1701</ele>
      </trkpt>
      <trkpt lat="42.5123" lon="2.54779">
        <ele>1699.5</ele>
      </trkpt>
      <trkpt lat="42.51221" lon="2.54776">
        <ele>1698.1</ele>
      </trkpt>
      <trkpt lat="42.51216" lon="2.54773">
        <ele>1697.6</ele>
      </trkpt>
      <trkpt lat="42.51211" lon="2.54771">
        <ele>1697</ele>
      </trkpt>
      <trkpt lat="42.51205" lon="2.54768">
        <ele>1696.5</ele>
      </trkpt>
      <trkpt lat="42.512" lon="2.54765">
        <ele>1696</ele>
      </trkpt>
      <trkpt lat="42.51192" lon="2.5476">
        <ele>1695.3</ele>
      </trkpt>
      <trkpt lat="42.51185" lon="2.54755">
        <ele>1694.4</ele>
      </trkpt>
      <trkpt lat="42.51177" lon="2.5475">
        <ele>1693.6</ele>
      </trkpt>
      <trkpt lat="42.51169" lon="2.54745">
        <ele>1692.7</ele>
      </trkpt>
      <trkpt lat="42.51162" lon="2.54742">
        <ele>1691.6</ele>
      </trkpt>
      <trkpt lat="42.51154" lon="2.5474">
        <ele>1690.5</ele>
      </trkpt>
      <trkpt lat="42.51147" lon="2.54737">
        <ele>1689.5</ele>
      </trkpt>
      <trkpt lat="42.51139" lon="2.54734">
        <ele>1688.5</ele>
      </trkpt>
      <trkpt lat="42.51134" lon="2.54733">
        <ele>1687.9</ele>
      </trkpt>
      <trkpt lat="42.51128" lon="2.54732">
        <ele>1687.3</ele>
      </trkpt>
      <trkpt lat="42.5112" lon="2.5473">
        <ele>1686.6</ele>
      </trkpt>
      <trkpt lat="42.51118" lon="2.5473">
        <ele>1686.3</ele>
      </trkpt>
      <trkpt lat="42.5111" lon="2.54729">
        <ele>1685.4</ele>
      </trkpt>
      <trkpt lat="42.51103" lon="2.54729">
        <ele>1684.6</ele>
      </trkpt>
      <trkpt lat="42.51095" lon="2.54728">
        <ele>1683.9</ele>
      </trkpt>
      <trkpt lat="42.51087" lon="2.54727">
        <ele>1683.2</ele>
      </trkpt>
      <trkpt lat="42.51084" lon="2.5473">
        <ele>1682.1</ele>
      </trkpt>
      <trkpt lat="42.51078" lon="2.54729">
        <ele>1681.4</ele>
      </trkpt>
      <trkpt lat="42.51073" lon="2.54729">
        <ele>1680.8</ele>
      </trkpt>
      <trkpt lat="42.51067" lon="2.54728">
        <ele>1680.1</ele>
      </trkpt>
      <trkpt lat="42.51061" lon="2.54727">
        <ele>1679.4</ele>
      </trkpt>
      <trkpt lat="42.51056" lon="2.54727">
        <ele>1678.6</ele>
      </trkpt>
      <trkpt lat="42.51052" lon="2.54728">
        <ele>1678.1</ele>
      </trkpt>
      <trkpt lat="42.51047" lon="2.54728">
        <ele>1677.5</ele>
      </trkpt>
      <trkpt lat="42.51042" lon="2.54728">
        <ele>1677</ele>
      </trkpt>
      <trkpt lat="42.51034" lon="2.54731">
        <ele>1675.4</ele>
      </trkpt>
      <trkpt lat="42.51034" lon="2.54731">
        <ele>1675.4</ele>
      </trkpt>
      <trkpt lat="42.51026" lon="2.54732">
        <ele>1674.4</ele>
      </trkpt>
      <trkpt lat="42.51018" lon="2.54733">
        <ele>1673.4</ele>
      </trkpt>
      <trkpt lat="42.51013" lon="2.54733">
        <ele>1673</ele>
      </trkpt>
      <trkpt lat="42.51007" lon="2.54733">
        <ele>1672.5</ele>
      </trkpt>
      <trkpt lat="42.51001" lon="2.54734">
        <ele>1671.7</ele>
      </trkpt>
      <trkpt lat="42.50994" lon="2.54735">
        <ele>1670.8</ele>
      </trkpt>
      <trkpt lat="42.50988" lon="2.54736">
        <ele>1669.8</ele>
      </trkpt>
      <trkpt lat="42.50982" lon="2.54737">
        <ele>1668.9</ele>
      </trkpt>
      <trkpt lat="42.50975" lon="2.54737">
        <ele>1667.9</ele>
      </trkpt>
      <trkpt lat="42.50969" lon="2.54738">
        <ele>1667.3</ele>
      </trkpt>
      <trkpt lat="42.50962" lon="2.54739">
        <ele>1666.9</ele>
      </trkpt>
      <trkpt lat="42.50956" lon="2.5474">
        <ele>1666.5</ele>
      </trkpt>
      <trkpt lat="42.50952" lon="2.54743">
        <ele>1665.6</ele>
      </trkpt>
      <trkpt lat="42.50948" lon="2.54745">
        <ele>1664.6</ele>
      </trkpt>
      <trkpt lat="42.50943" lon="2.54748">
        <ele>1663.7</ele>
      </trkpt>
      <trkpt lat="42.50939" lon="2.54751">
        <ele>1663.1</ele>
      </trkpt>
      <trkpt lat="42.50935" lon="2.54753">
        <ele>1662.7</ele>
      </trkpt>
      <trkpt lat="42.50931" lon="2.54756">
        <ele>1662.2</ele>
      </trkpt>
      <trkpt lat="42.50927" lon="2.54759">
        <ele>1661.7</ele>
      </trkpt>
      <trkpt lat="42.50923" lon="2.54762">
        <ele>1661.3</ele>
      </trkpt>
      <trkpt lat="42.50918" lon="2.54764">
        <ele>1660.8</ele>
      </trkpt>
      <trkpt lat="42.50914" lon="2.54767">
        <ele>1660.3</ele>
      </trkpt>
      <trkpt lat="42.5091" lon="2.5477">
        <ele>1659.7</ele>
      </trkpt>
      <trkpt lat="42.50906" lon="2.54772">
        <ele>1659.2</ele>
      </trkpt>
      <trkpt lat="42.50902" lon="2.54775">
        <ele>1658.5</ele>
      </trkpt>
      <trkpt lat="42.50897" lon="2.54778">
        <ele>1657.8</ele>
      </trkpt>
      <trkpt lat="42.50893" lon="2.5478">
        <ele>1657.1</ele>
      </trkpt>
      <trkpt lat="42.50889" lon="2.54783">
        <ele>1656.5</ele>
      </trkpt>
      <trkpt lat="42.50885" lon="2.54785">
        <ele>1656</ele>
      </trkpt>
      <trkpt lat="42.5088" lon="2.54788">
        <ele>1655.5</ele>
      </trkpt>
      <trkpt lat="42.50876" lon="2.5479">
        <ele>1655</ele>
      </trkpt>
      <trkpt lat="42.50872" lon="2.54793">
        <ele>1654.3</ele>
      </trkpt>
      <trkpt lat="42.50867" lon="2.54795">
        <ele>1653.7</ele>
      </trkpt>
      <trkpt lat="42.50863" lon="2.54797">
        <ele>1652.9</ele>
      </trkpt>
      <trkpt lat="42.50858" lon="2.548">
        <ele>1652.1</ele>
      </trkpt>
      <trkpt lat="42.50854" lon="2.54802">
        <ele>1651.3</ele>
      </trkpt>
      <trkpt lat="42.5085" lon="2.54803">
        <ele>1650.8</ele>
      </trkpt>
      <trkpt lat="42.50845" lon="2.54805">
        <ele>1650.3</ele>
      </trkpt>
      <trkpt lat="42.50841" lon="2.54806">
        <ele>1649.8</ele>
      </trkpt>
      <trkpt lat="42.50836" lon="2.54808">
        <ele>1649.3</ele>
      </trkpt>
      <trkpt lat="42.50832" lon="2.54809">
        <ele>1648.7</ele>
      </trkpt>
      <trkpt lat="42.50827" lon="2.5481">
        <ele>1648.1</ele>
      </trkpt>
      <trkpt lat="42.50823" lon="2.54812">
        <ele>1647.4</ele>
      </trkpt>
      <trkpt lat="42.50818" lon="2.54813">
        <ele>1646.8</ele>
      </trkpt>
      <trkpt lat="42.50813" lon="2.54814">
        <ele>1646.3</ele>
      </trkpt>
      <trkpt lat="42.50808" lon="2.54815">
        <ele>1645.8</ele>
      </trkpt>
      <trkpt lat="42.50803" lon="2.54816">
        <ele>1645.2</ele>
      </trkpt>
      <trkpt lat="42.50799" lon="2.54817">
        <ele>1644.6</ele>
      </trkpt>
      <trkpt lat="42.50794" lon="2.54817">
        <ele>1643.9</ele>
      </trkpt>
      <trkpt lat="42.50789" lon="2.54818">
        <ele>1643.2</ele>
      </trkpt>
      <trkpt lat="42.50784" lon="2.54819">
        <ele>1642.6</ele>
      </trkpt>
      <trkpt lat="42.50779" lon="2.5482">
        <ele>1641.9</ele>
      </trkpt>
      <trkpt lat="42.50775" lon="2.54819">
        <ele>1641.6</ele>
      </trkpt>
      <trkpt lat="42.5077" lon="2.54818">
        <ele>1641.2</ele>
      </trkpt>
      <trkpt lat="42.50766" lon="2.54817">
        <ele>1640.9</ele>
      </trkpt>
      <trkpt lat="42.50761" lon="2.54816">
        <ele>1640.4</ele>
      </trkpt>
      <trkpt lat="42.50754" lon="2.54812">
        <ele>1640.7</ele>
      </trkpt>
      <trkpt lat="42.50747" lon="2.54807">
        <ele>1640.7</ele>
      </trkpt>
      <trkpt lat="42.50739" lon="2.54803">
        <ele>1640.3</ele>
      </trkpt>
      <trkpt lat="42.50732" lon="2.54798">
        <ele>1639.7</ele>
      </trkpt>
      <trkpt lat="42.50726" lon="2.54792">
        <ele>1639.5</ele>
      </trkpt>
      <trkpt lat="42.5072" lon="2.54786">
        <ele>1639.2</ele>
      </trkpt>
      <trkpt lat="42.50714" lon="2.5478">
        <ele>1638.7</ele>
      </trkpt>
      <trkpt lat="42.50708" lon="2.54775">
        <ele>1638.2</ele>
      </trkpt>
      <trkpt lat="42.50702" lon="2.54769">
        <ele>1637.5</ele>
      </trkpt>
      <trkpt lat="42.50696" lon="2.54763">
        <ele>1636.8</ele>
      </trkpt>
      <trkpt lat="42.5069" lon="2.54757">
        <ele>1636.4</ele>
      </trkpt>
      <trkpt lat="42.50684" lon="2.54751">
        <ele>1636.5</ele>
      </trkpt>
      <trkpt lat="42.50679" lon="2.54747">
        <ele>1636.7</ele>
      </trkpt>
      <trkpt lat="42.50674" lon="2.54745">
        <ele>1636.4</ele>
      </trkpt>
      <trkpt lat="42.50668" lon="2.54746">
        <ele>1634.9</ele>
      </trkpt>
      <trkpt lat="42.50661" lon="2.54751">
        <ele>1633.3</ele>
      </trkpt>
      <trkpt lat="42.50653" lon="2.54755">
        <ele>1632.2</ele>
      </trkpt>
      <trkpt lat="42.50648" lon="2.54757">
        <ele>1631.9</ele>
      </trkpt>
      <trkpt lat="42.50643" lon="2.54758">
        <ele>1631.6</ele>
      </trkpt>
      <trkpt lat="42.50638" lon="2.5476">
        <ele>1631.3</ele>
      </trkpt>
      <trkpt lat="42.50633" lon="2.54761">
        <ele>1630.9</ele>
      </trkpt>
      <trkpt lat="42.50625" lon="2.54765">
        <ele>1629.5</ele>
      </trkpt>
      <trkpt lat="42.50617" lon="2.5477">
        <ele>1628.1</ele>
      </trkpt>
      <trkpt lat="42.50609" lon="2.54774">
        <ele>1626.7</ele>
      </trkpt>
      <trkpt lat="42.50601" lon="2.54778">
        <ele>1625.6</ele>
      </trkpt>
      <trkpt lat="42.50596" lon="2.5478">
        <ele>1625.3</ele>
      </trkpt>
      <trkpt lat="42.50591" lon="2.54782">
        <ele>1624.9</ele>
      </trkpt>
      <trkpt lat="42.50585" lon="2.54784">
        <ele>1624.5</ele>
      </trkpt>
      <trkpt lat="42.5058" lon="2.54787">
        <ele>1623.9</ele>
      </trkpt>
      <trkpt lat="42.50575" lon="2.54789">
        <ele>1623.2</ele>
      </trkpt>
      <trkpt lat="42.5057" lon="2.54791">
        <ele>1622.6</ele>
      </trkpt>
      <trkpt lat="42.50564" lon="2.54793">
        <ele>1621.9</ele>
      </trkpt>
      <trkpt lat="42.50559" lon="2.54795">
        <ele>1621.3</ele>
      </trkpt>
      <trkpt lat="42.50554" lon="2.54795">
        <ele>1621.1</ele>
      </trkpt>
      <trkpt lat="42.50548" lon="2.54796">
        <ele>1620.3</ele>
      </trkpt>
      <trkpt lat="42.50543" lon="2.54796">
        <ele>1619.6</ele>
      </trkpt>
      <trkpt lat="42.50537" lon="2.54796">
        <ele>1618.9</ele>
      </trkpt>
      <trkpt lat="42.50532" lon="2.54795">
        <ele>1618.6</ele>
      </trkpt>
      <trkpt lat="42.50526" lon="2.54794">
        <ele>1618</ele>
      </trkpt>
      <trkpt lat="42.50521" lon="2.54792">
        <ele>1617</ele>
      </trkpt>
      <trkpt lat="42.50515" lon="2.54791">
        <ele>1616</ele>
      </trkpt>
      <trkpt lat="42.50509" lon="2.54788">
        <ele>1615.3</ele>
      </trkpt>
      <trkpt lat="42.50504" lon="2.54786">
        <ele>1614.6</ele>
      </trkpt>
      <trkpt lat="42.50498" lon="2.54783">
        <ele>1614</ele>
      </trkpt>
      <trkpt lat="42.50492" lon="2.54781">
        <ele>1613.5</ele>
      </trkpt>
      <trkpt lat="42.50486" lon="2.54778">
        <ele>1613</ele>
      </trkpt>
      <trkpt lat="42.50481" lon="2.54775">
        <ele>1612.4</ele>
      </trkpt>
      <trkpt lat="42.50475" lon="2.54773">
        <ele>1611.7</ele>
      </trkpt>
      <trkpt lat="42.50469" lon="2.5477">
        <ele>1610.5</ele>
      </trkpt>
      <trkpt lat="42.50465" lon="2.54765">
        <ele>1610.1</ele>
      </trkpt>
      <trkpt lat="42.50461" lon="2.54759">
        <ele>1609.7</ele>
      </trkpt>
      <trkpt lat="42.50459" lon="2.54757">
        <ele>1609.4</ele>
      </trkpt>
      <trkpt lat="42.50455" lon="2.5475">
        <ele>1609.3</ele>
      </trkpt>
      <trkpt lat="42.50451" lon="2.54742">
        <ele>1608.7</ele>
      </trkpt>
      <trkpt lat="42.50447" lon="2.54735">
        <ele>1608.2</ele>
      </trkpt>
      <trkpt lat="42.50443" lon="2.54727">
        <ele>1607.7</ele>
      </trkpt>
      <trkpt lat="42.50439" lon="2.54727">
        <ele>1606.2</ele>
      </trkpt>
      <trkpt lat="42.50439" lon="2.54735">
        <ele>1605.1</ele>
      </trkpt>
      <trkpt lat="42.50439" lon="2.54743">
        <ele>1604</ele>
      </trkpt>
      <trkpt lat="42.50439" lon="2.54751">
        <ele>1602.9</ele>
      </trkpt>
      <trkpt lat="42.50439" lon="2.54759">
        <ele>1601.5</ele>
      </trkpt>
      <trkpt lat="42.50441" lon="2.5477">
        <ele>1600.2</ele>
      </trkpt>
      <trkpt lat="42.50442" lon="2.5478">
        <ele>1598.8</ele>
      </trkpt>
      <trkpt lat="42.50442" lon="2.54789">
        <ele>1597.2</ele>
      </trkpt>
      <trkpt lat="42.50442" lon="2.54798">
        <ele>1595.6</ele>
      </trkpt>
      <trkpt lat="42.5044" lon="2.54806">
        <ele>1593.6</ele>
      </trkpt>
      <trkpt lat="42.50438" lon="2.54814">
        <ele>1591.2</ele>
      </trkpt>
      <trkpt lat="42.50438" lon="2.54821">
        <ele>1589.6</ele>
      </trkpt>
      <trkpt lat="42.50438" lon="2.54827">
        <ele>1588.1</ele>
      </trkpt>
      <trkpt lat="42.50438" lon="2.54834">
        <ele>1586.6</ele>
      </trkpt>
      <trkpt lat="42.50438" lon="2.5484">
        <ele>1585.5</ele>
      </trkpt>
      <trkpt lat="42.50437" lon="2.54848">
        <ele>1584</ele>
      </trkpt>
      <trkpt lat="42.50436" lon="2.54855">
        <ele>1582.5</ele>
      </trkpt>
      <trkpt lat="42.50433" lon="2.54861">
        <ele>1581</ele>
      </trkpt>
      <trkpt lat="42.50431" lon="2.54867">
        <ele>1579.6</ele>
      </trkpt>
      <trkpt lat="42.50428" lon="2.54873">
        <ele>1578.2</ele>
      </trkpt>
      <trkpt lat="42.50426" lon="2.54879">
        <ele>1576.8</ele>
      </trkpt>
      <trkpt lat="42.50423" lon="2.54885">
        <ele>1575.5</ele>
      </trkpt>
      <trkpt lat="42.5042" lon="2.54891">
        <ele>1574.1</ele>
      </trkpt>
      <trkpt lat="42.50418" lon="2.54897">
        <ele>1572.4</ele>
      </trkpt>
      <trkpt lat="42.50415" lon="2.54903">
        <ele>1570.7</ele>
      </trkpt>
      <trkpt lat="42.50413" lon="2.5491">
        <ele>1569</ele>
      </trkpt>
      <trkpt lat="42.50411" lon="2.54916">
        <ele>1567.3</ele>
      </trkpt>
      <trkpt lat="42.50409" lon="2.54927">
        <ele>1564</ele>
      </trkpt>
      <trkpt lat="42.50417" lon="2.5493">
        <ele>1564.2</ele>
      </trkpt>
      <trkpt lat="42.50425" lon="2.54934">
        <ele>1564.3</ele>
      </trkpt>
      <trkpt lat="42.50432" lon="2.54938">
        <ele>1564.5</ele>
      </trkpt>
      <trkpt lat="42.50437" lon="2.54942">
        <ele>1564.4</ele>
      </trkpt>
      <trkpt lat="42.50443" lon="2.54946">
        <ele>1564.3</ele>
      </trkpt>
      <trkpt lat="42.50448" lon="2.5495">
        <ele>1563.8</ele>
      </trkpt>
      <trkpt lat="42.50453" lon="2.54954">
        <ele>1563.2</ele>
      </trkpt>
      <trkpt lat="42.50459" lon="2.54957">
        <ele>1562.9</ele>
      </trkpt>
      <trkpt lat="42.50465" lon="2.5496">
        <ele>1562.6</ele>
      </trkpt>
      <trkpt lat="42.50473" lon="2.54963">
        <ele>1562.3</ele>
      </trkpt>
      <trkpt lat="42.5048" lon="2.54966">
        <ele>1561.6</ele>
      </trkpt>
      <trkpt lat="42.50476" lon="2.54968">
        <ele>1561.2</ele>
      </trkpt>
      <trkpt lat="42.50471" lon="2.54969">
        <ele>1560.7</ele>
      </trkpt>
      <trkpt lat="42.50464" lon="2.54973">
        <ele>1559.3</ele>
      </trkpt>
      <trkpt lat="42.50456" lon="2.54977">
        <ele>1558.3</ele>
      </trkpt>
      <trkpt lat="42.50449" lon="2.54981">
        <ele>1556.8</ele>
      </trkpt>
      <trkpt lat="42.50442" lon="2.54985">
        <ele>1554.9</ele>
      </trkpt>
      <trkpt lat="42.50434" lon="2.54989">
        <ele>1553.3</ele>
      </trkpt>
      <trkpt lat="42.50427" lon="2.54993">
        <ele>1551.9</ele>
      </trkpt>
      <trkpt lat="42.50419" lon="2.54997">
        <ele>1550.7</ele>
      </trkpt>
      <trkpt lat="42.50412" lon="2.55001">
        <ele>1548.9</ele>
      </trkpt>
      <trkpt lat="42.50408" lon="2.55002">
        <ele>1547.8</ele>
      </trkpt>
      <trkpt lat="42.50403" lon="2.55004">
        <ele>1546.8</ele>
      </trkpt>
      <trkpt lat="42.50399" lon="2.55005">
        <ele>1545.8</ele>
      </trkpt>
      <trkpt lat="42.50394" lon="2.55007">
        <ele>1544.9</ele>
      </trkpt>
      <trkpt lat="42.5039" lon="2.55008">
        <ele>1544</ele>
      </trkpt>
      <trkpt lat="42.50385" lon="2.55009">
        <ele>1543.2</ele>
      </trkpt>
      <trkpt lat="42.50381" lon="2.55011">
        <ele>1542.5</ele>
      </trkpt>
      <trkpt lat="42.50376" lon="2.55012">
        <ele>1541.7</ele>
      </trkpt>
      <trkpt lat="42.5037" lon="2.55017">
        <ele>1540.2</ele>
      </trkpt>
      <trkpt lat="42.50364" lon="2.55021">
        <ele>1538.6</ele>
      </trkpt>
      <trkpt lat="42.50361" lon="2.55027">
        <ele>1537.2</ele>
      </trkpt>
      <trkpt lat="42.50357" lon="2.55032">
        <ele>1536.2</ele>
      </trkpt>
      <trkpt lat="42.50355" lon="2.55038">
        <ele>1535.5</ele>
      </trkpt>
      <trkpt lat="42.50353" lon="2.55044">
        <ele>1534.7</ele>
      </trkpt>
      <trkpt lat="42.50351" lon="2.55049">
        <ele>1534</ele>
      </trkpt>
      <trkpt lat="42.50349" lon="2.55055">
        <ele>1533.2</ele>
      </trkpt>
      <trkpt lat="42.50344" lon="2.55059">
        <ele>1532.3</ele>
      </trkpt>
      <trkpt lat="42.50339" lon="2.55063">
        <ele>1531.5</ele>
      </trkpt>
      <trkpt lat="42.50335" lon="2.55071">
        <ele>1530.4</ele>
      </trkpt>
      <trkpt lat="42.5033" lon="2.55078">
        <ele>1529.3</ele>
      </trkpt>
      <trkpt lat="42.50326" lon="2.55086">
        <ele>1528.1</ele>
      </trkpt>
      <trkpt lat="42.50321" lon="2.55093">
        <ele>1526.7</ele>
      </trkpt>
      <trkpt lat="42.50317" lon="2.55097">
        <ele>1525.9</ele>
      </trkpt>
      <trkpt lat="42.50313" lon="2.55102">
        <ele>1525.2</ele>
      </trkpt>
      <trkpt lat="42.50308" lon="2.55106">
        <ele>1524.6</ele>
      </trkpt>
      <trkpt lat="42.50304" lon="2.5511">
        <ele>1523.9</ele>
      </trkpt>
      <trkpt lat="42.503" lon="2.55114">
        <ele>1523</ele>
      </trkpt>
      <trkpt lat="42.50296" lon="2.55117">
        <ele>1522.1</ele>
      </trkpt>
      <trkpt lat="42.50292" lon="2.5512">
        <ele>1521.4</ele>
      </trkpt>
      <trkpt lat="42.50288" lon="2.55123">
        <ele>1520.8</ele>
      </trkpt>
      <trkpt lat="42.50284" lon="2.55124">
        <ele>1520.5</ele>
      </trkpt>
      <trkpt lat="42.50279" lon="2.55124">
        <ele>1520.1</ele>
      </trkpt>
      <trkpt lat="42.50273" lon="2.55119">
        <ele>1519.1</ele>
      </trkpt>
      <trkpt lat="42.50271" lon="2.55108">
        <ele>1518.6</ele>
      </trkpt>
      <trkpt lat="42.50268" lon="2.55097">
        <ele>1517.5</ele>
      </trkpt>
      <trkpt lat="42.50267" lon="2.55089">
        <ele>1516.9</ele>
      </trkpt>
      <trkpt lat="42.50266" lon="2.55081">
        <ele>1516.2</ele>
      </trkpt>
      <trkpt lat="42.50265" lon="2.55073">
        <ele>1515.6</ele>
      </trkpt>
      <trkpt lat="42.50264" lon="2.55066">
        <ele>1515</ele>
      </trkpt>
      <trkpt lat="42.50262" lon="2.55058">
        <ele>1514.4</ele>
      </trkpt>
      <trkpt lat="42.50261" lon="2.5505">
        <ele>1513.8</ele>
      </trkpt>
      <trkpt lat="42.5026" lon="2.55042">
        <ele>1513.4</ele>
      </trkpt>
      <trkpt lat="42.50259" lon="2.55034">
        <ele>1512.9</ele>
      </trkpt>
      <trkpt lat="42.50258" lon="2.55025">
        <ele>1512.4</ele>
      </trkpt>
      <trkpt lat="42.50256" lon="2.55015">
        <ele>1511.2</ele>
      </trkpt>
      <trkpt lat="42.50257" lon="2.55007">
        <ele>1511.2</ele>
      </trkpt>
      <trkpt lat="42.50257" lon="2.54999">
        <ele>1511.1</ele>
      </trkpt>
      <trkpt lat="42.50258" lon="2.5499">
        <ele>1510.5</ele>
      </trkpt>
      <trkpt lat="42.50258" lon="2.54982">
        <ele>1510</ele>
      </trkpt>
      <trkpt lat="42.50259" lon="2.54974">
        <ele>1509.4</ele>
      </trkpt>
      <trkpt lat="42.50259" lon="2.54966">
        <ele>1509.1</ele>
      </trkpt>
      <trkpt lat="42.5026" lon="2.54957">
        <ele>1508.9</ele>
      </trkpt>
      <trkpt lat="42.5026" lon="2.54949">
        <ele>1508.7</ele>
      </trkpt>
      <trkpt lat="42.50259" lon="2.54942">
        <ele>1507.9</ele>
      </trkpt>
      <trkpt lat="42.50259" lon="2.54936">
        <ele>1507.4</ele>
      </trkpt>
      <trkpt lat="42.50258" lon="2.54929">
        <ele>1506.8</ele>
      </trkpt>
      <trkpt lat="42.50257" lon="2.54922">
        <ele>1506.2</ele>
      </trkpt>
      <trkpt lat="42.50255" lon="2.54913">
        <ele>1505.3</ele>
      </trkpt>
      <trkpt lat="42.50254" lon="2.54903">
        <ele>1504.9</ele>
      </trkpt>
      <trkpt lat="42.50252" lon="2.54894">
        <ele>1504.6</ele>
      </trkpt>
      <trkpt lat="42.5025" lon="2.54884">
        <ele>1504</ele>
      </trkpt>
      <trkpt lat="42.5025" lon="2.54878">
        <ele>1503.7</ele>
      </trkpt>
      <trkpt lat="42.50249" lon="2.54872">
        <ele>1503.4</ele>
      </trkpt>
      <trkpt lat="42.50249" lon="2.54865">
        <ele>1503.2</ele>
      </trkpt>
      <trkpt lat="42.50248" lon="2.54859">
        <ele>1502.9</ele>
      </trkpt>
      <trkpt lat="42.50247" lon="2.54847">
        <ele>1502</ele>
      </trkpt>
      <trkpt lat="42.50246" lon="2.54835">
        <ele>1501.3</ele>
      </trkpt>
      <trkpt lat="42.50244" lon="2.54832">
        <ele>1500.6</ele>
      </trkpt>
      <trkpt lat="42.5024" lon="2.54831">
        <ele>1499</ele>
      </trkpt>
      <trkpt lat="42.50238" lon="2.54836">
        <ele>1497.8</ele>
      </trkpt>
      <trkpt lat="42.50238" lon="2.54844">
        <ele>1497.7</ele>
      </trkpt>
      <trkpt lat="42.50238" lon="2.54853">
        <ele>1497.6</ele>
      </trkpt>
      <trkpt lat="42.50238" lon="2.54861">
        <ele>1497.5</ele>
      </trkpt>
      <trkpt lat="42.50238" lon="2.54869">
        <ele>1497.4</ele>
      </trkpt>
      <trkpt lat="42.50238" lon="2.54877">
        <ele>1497.3</ele>
      </trkpt>
      <trkpt lat="42.50238" lon="2.54886">
        <ele>1497.1</ele>
      </trkpt>
      <trkpt lat="42.50238" lon="2.54894">
        <ele>1496.8</ele>
      </trkpt>
      <trkpt lat="42.50238" lon="2.54902">
        <ele>1496.3</ele>
      </trkpt>
      <trkpt lat="42.50238" lon="2.5491">
        <ele>1495.6</ele>
      </trkpt>
      <trkpt lat="42.50237" lon="2.54918">
        <ele>1495</ele>
      </trkpt>
      <trkpt lat="42.50237" lon="2.54926">
        <ele>1495</ele>
      </trkpt>
      <trkpt lat="42.50236" lon="2.54934">
        <ele>1495.1</ele>
      </trkpt>
      <trkpt lat="42.50234" lon="2.54945">
        <ele>1494.4</ele>
      </trkpt>
      <trkpt lat="42.50232" lon="2.54955">
        <ele>1494</ele>
      </trkpt>
      <trkpt lat="42.50227" lon="2.54964">
        <ele>1492</ele>
      </trkpt>
      <trkpt lat="42.50223" lon="2.54971">
        <ele>1490.5</ele>
      </trkpt>
      <trkpt lat="42.5022" lon="2.54978">
        <ele>1489.3</ele>
      </trkpt>
      <trkpt lat="42.50216" lon="2.54984">
        <ele>1488.1</ele>
      </trkpt>
      <trkpt lat="42.50212" lon="2.54991">
        <ele>1486.9</ele>
      </trkpt>
      <trkpt lat="42.5021" lon="2.54997">
        <ele>1486.6</ele>
      </trkpt>
      <trkpt lat="42.50208" lon="2.55003">
        <ele>1485.9</ele>
      </trkpt>
      <trkpt lat="42.50208" lon="2.55011">
        <ele>1486</ele>
      </trkpt>
      <trkpt lat="42.50207" lon="2.55019">
        <ele>1486</ele>
      </trkpt>
      <trkpt lat="42.50207" lon="2.55026">
        <ele>1486.1</ele>
      </trkpt>
      <trkpt lat="42.50207" lon="2.55034">
        <ele>1486.1</ele>
      </trkpt>
      <trkpt lat="42.50206" lon="2.55042">
        <ele>1486</ele>
      </trkpt>
      <trkpt lat="42.50206" lon="2.5505">
        <ele>1485.9</ele>
      </trkpt>
      <trkpt lat="42.50205" lon="2.55057">
        <ele>1485.9</ele>
      </trkpt>
      <trkpt lat="42.50205" lon="2.55065">
        <ele>1485.8</ele>
      </trkpt>
      <trkpt lat="42.50204" lon="2.55071">
        <ele>1485.5</ele>
      </trkpt>
      <trkpt lat="42.50204" lon="2.55078">
        <ele>1485.2</ele>
      </trkpt>
      <trkpt lat="42.50203" lon="2.55084">
        <ele>1484.9</ele>
      </trkpt>
      <trkpt lat="42.50202" lon="2.5509">
        <ele>1485</ele>
      </trkpt>
      <trkpt lat="42.50197" lon="2.55093">
        <ele>1482.9</ele>
      </trkpt>
      <trkpt lat="42.50197" lon="2.55085">
        <ele>1482.3</ele>
      </trkpt>
      <trkpt lat="42.50197" lon="2.55077">
        <ele>1482.1</ele>
      </trkpt>
      <trkpt lat="42.50197" lon="2.55069">
        <ele>1481.9</ele>
      </trkpt>
      <trkpt lat="42.50197" lon="2.55061">
        <ele>1481.8</ele>
      </trkpt>
      <trkpt lat="42.50198" lon="2.55053">
        <ele>1481.6</ele>
      </trkpt>
      <trkpt lat="42.50198" lon="2.55045">
        <ele>1481.4</ele>
      </trkpt>
      <trkpt lat="42.50198" lon="2.55037">
        <ele>1481.2</ele>
      </trkpt>
      <trkpt lat="42.50198" lon="2.55029">
        <ele>1481</ele>
      </trkpt>
      <trkpt lat="42.50198" lon="2.55021">
        <ele>1480.8</ele>
      </trkpt>
      <trkpt lat="42.50199" lon="2.55009">
        <ele>1480.7</ele>
      </trkpt>
      <trkpt lat="42.50199" lon="2.54997">
        <ele>1480.3</ele>
      </trkpt>
      <trkpt lat="42.502" lon="2.54991">
        <ele>1480</ele>
      </trkpt>
      <trkpt lat="42.50201" lon="2.54984">
        <ele>1479.8</ele>
      </trkpt>
      <trkpt lat="42.50202" lon="2.54978">
        <ele>1479.5</ele>
      </trkpt>
      <trkpt lat="42.50203" lon="2.54971">
        <ele>1479.2</ele>
      </trkpt>
      <trkpt lat="42.50203" lon="2.54965">
        <ele>1478.9</ele>
      </trkpt>
      <trkpt lat="42.50204" lon="2.54958">
        <ele>1478.6</ele>
      </trkpt>
      <trkpt lat="42.50205" lon="2.54952">
        <ele>1478.3</ele>
      </trkpt>
      <trkpt lat="42.50206" lon="2.54945">
        <ele>1478.1</ele>
      </trkpt>
      <trkpt lat="42.50207" lon="2.54938">
        <ele>1478.1</ele>
      </trkpt>
      <trkpt lat="42.50207" lon="2.5493">
        <ele>1478.2</ele>
      </trkpt>
      <trkpt lat="42.50207" lon="2.54924">
        <ele>1477.9</ele>
      </trkpt>
      <trkpt lat="42.50205" lon="2.54913">
        <ele>1476.7</ele>
      </trkpt>
      <trkpt lat="42.50203" lon="2.54902">
        <ele>1475.9</ele>
      </trkpt>
      <trkpt lat="42.50201" lon="2.5489">
        <ele>1475.2</ele>
      </trkpt>
      <trkpt lat="42.502" lon="2.54879">
        <ele>1474.5</ele>
      </trkpt>
      <trkpt lat="42.50198" lon="2.54868">
        <ele>1473.7</ele>
      </trkpt>
      <trkpt lat="42.50196" lon="2.54857">
        <ele>1473</ele>
      </trkpt>
      <trkpt lat="42.50194" lon="2.54845">
        <ele>1472.3</ele>
      </trkpt>
      <trkpt lat="42.50192" lon="2.54834">
        <ele>1471.7</ele>
      </trkpt>
      <trkpt lat="42.50191" lon="2.54823">
        <ele>1472</ele>
      </trkpt>
      <trkpt lat="42.5019" lon="2.54812">
        <ele>1472.2</ele>
      </trkpt>
      <trkpt lat="42.50189" lon="2.548">
        <ele>1472.1</ele>
      </trkpt>
      <trkpt lat="42.50188" lon="2.54789">
        <ele>1471.7</ele>
      </trkpt>
      <trkpt lat="42.50187" lon="2.54778">
        <ele>1471.2</ele>
      </trkpt>
      <trkpt lat="42.50186" lon="2.54767">
        <ele>1470.6</ele>
      </trkpt>
      <trkpt lat="42.50185" lon="2.54755">
        <ele>1470</ele>
      </trkpt>
      <trkpt lat="42.50184" lon="2.54744">
        <ele>1469.7</ele>
      </trkpt>
      <trkpt lat="42.5018" lon="2.54738">
        <ele>1468.2</ele>
      </trkpt>
      <trkpt lat="42.50176" lon="2.54739">
        <ele>1466.4</ele>
      </trkpt>
      <trkpt lat="42.50174" lon="2.54744">
        <ele>1465.4</ele>
      </trkpt>
      <trkpt lat="42.50174" lon="2.54753">
        <ele>1465</ele>
      </trkpt>
      <trkpt lat="42.50174" lon="2.54762">
        <ele>1464.7</ele>
      </trkpt>
      <trkpt lat="42.50173" lon="2.5477">
        <ele>1464.5</ele>
      </trkpt>
      <trkpt lat="42.50173" lon="2.54779">
        <ele>1464.2</ele>
      </trkpt>
      <trkpt lat="42.50172" lon="2.54786">
        <ele>1463.4</ele>
      </trkpt>
      <trkpt lat="42.50171" lon="2.54794">
        <ele>1462.7</ele>
      </trkpt>
      <trkpt lat="42.5017" lon="2.54801">
        <ele>1462</ele>
      </trkpt>
      <trkpt lat="42.50169" lon="2.54808">
        <ele>1461.2</ele>
      </trkpt>
      <trkpt lat="42.50168" lon="2.54815">
        <ele>1460.4</ele>
      </trkpt>
      <trkpt lat="42.50167" lon="2.54823">
        <ele>1459.6</ele>
      </trkpt>
      <trkpt lat="42.50166" lon="2.5483">
        <ele>1458.8</ele>
      </trkpt>
      <trkpt lat="42.50165" lon="2.54837">
        <ele>1457.9</ele>
      </trkpt>
      <trkpt lat="42.50165" lon="2.54846">
        <ele>1457.3</ele>
        <extensions>
          <visugpx:TrkExtension xmlns:visugpx="https://www.visugpx.com/editgpx/">
            <visugpx:node>1</visugpx:node>
            </visugpx:TrkExtension>
        </extensions>
      </trkpt>
    </trkseg>
  </trk>
  <trk>
    <name><![CDATA[Amélie-les-Bains, vers le massif du Canigou_2]]></name>
    <extensions>
      <line xmlns="http://www.topografix.com/GPX/gpx_style/0/2">
        <color>FB00FF</color>
        <opacity>1</opacity>
        <width>3</width>
          <extensions>
            <sens>1</sens>
          </extensions>
      </line>
    </extensions>
    <trkseg>
      <trkpt lat="42.50152" lon="2.54897">
        <ele>1447.7</ele>
      </trkpt>
      <trkpt lat="42.50152" lon="2.54897">
        <ele>1447.7</ele>
      </trkpt>
      <trkpt lat="42.50152" lon="2.54897">
        <ele>1447.7</ele>
      </trkpt>
      <trkpt lat="42.50158" lon="2.54898">
        <ele>1450.5</ele>
      </trkpt>
      <trkpt lat="42.50164" lon="2.54899">
        <ele>1453.4</ele>
      </trkpt>
      <trkpt lat="42.50164" lon="2.54905">
        <ele>1452.9</ele>
      </trkpt>
      <trkpt lat="42.50163" lon="2.54912">
        <ele>1452.4</ele>
      </trkpt>
      <trkpt lat="42.50163" lon="2.54918">
        <ele>1452</ele>
      </trkpt>
      <trkpt lat="42.50162" lon="2.54924">
        <ele>1452.1</ele>
      </trkpt>
      <trkpt lat="42.50161" lon="2.54931">
        <ele>1451.8</ele>
      </trkpt>
      <trkpt lat="42.50159" lon="2.54938">
        <ele>1451.5</ele>
      </trkpt>
      <trkpt lat="42.50158" lon="2.54945">
        <ele>1451.1</ele>
      </trkpt>
      <trkpt lat="42.50157" lon="2.54952">
        <ele>1450.6</ele>
      </trkpt>
      <trkpt lat="42.50155" lon="2.54959">
        <ele>1450</ele>
      </trkpt>
      <trkpt lat="42.50154" lon="2.54966">
        <ele>1449.5</ele>
      </trkpt>
      <trkpt lat="42.50153" lon="2.54973">
        <ele>1449.1</ele>
      </trkpt>
      <trkpt lat="42.50152" lon="2.5498">
        <ele>1448.7</ele>
      </trkpt>
      <trkpt lat="42.5015" lon="2.54987">
        <ele>1448.3</ele>
      </trkpt>
      <trkpt lat="42.50149" lon="2.54994">
        <ele>1447.8</ele>
      </trkpt>
      <trkpt lat="42.50148" lon="2.55001">
        <ele>1447.4</ele>
      </trkpt>
      <trkpt lat="42.50146" lon="2.55008">
        <ele>1446.9</ele>
      </trkpt>
      <trkpt lat="42.50145" lon="2.55015">
        <ele>1446.3</ele>
      </trkpt>
      <trkpt lat="42.50144" lon="2.55022">
        <ele>1445.8</ele>
      </trkpt>
      <trkpt lat="42.50142" lon="2.55029">
        <ele>1445.2</ele>
      </trkpt>
      <trkpt lat="42.50141" lon="2.55036">
        <ele>1444.4</ele>
      </trkpt>
      <trkpt lat="42.50139" lon="2.55043">
        <ele>1443.1</ele>
      </trkpt>
      <trkpt lat="42.50137" lon="2.55051">
        <ele>1441.9</ele>
      </trkpt>
      <trkpt lat="42.50135" lon="2.55058">
        <ele>1441.1</ele>
      </trkpt>
      <trkpt lat="42.50133" lon="2.55065">
        <ele>1440.8</ele>
      </trkpt>
      <trkpt lat="42.50131" lon="2.55072">
        <ele>1440.5</ele>
      </trkpt>
      <trkpt lat="42.50129" lon="2.5508">
        <ele>1440.1</ele>
      </trkpt>
      <trkpt lat="42.50127" lon="2.55087">
        <ele>1439.6</ele>
      </trkpt>
      <trkpt lat="42.50125" lon="2.55094">
        <ele>1439</ele>
      </trkpt>
      <trkpt lat="42.50123" lon="2.55105">
        <ele>1438.3</ele>
      </trkpt>
      <trkpt lat="42.5012" lon="2.55116">
        <ele>1437.3</ele>
      </trkpt>
      <trkpt lat="42.50118" lon="2.55127">
        <ele>1435.9</ele>
      </trkpt>
      <trkpt lat="42.50115" lon="2.55138">
        <ele>1434.6</ele>
      </trkpt>
      <trkpt lat="42.50114" lon="2.55145">
        <ele>1434.2</ele>
      </trkpt>
      <trkpt lat="42.50113" lon="2.55151">
        <ele>1433.7</ele>
      </trkpt>
      <trkpt lat="42.50112" lon="2.55158">
        <ele>1433.3</ele>
      </trkpt>
      <trkpt lat="42.50111" lon="2.55165">
        <ele>1432.9</ele>
      </trkpt>
      <trkpt lat="42.5011" lon="2.55171">
        <ele>1432.2</ele>
      </trkpt>
      <trkpt lat="42.50109" lon="2.55178">
        <ele>1431.4</ele>
      </trkpt>
      <trkpt lat="42.50108" lon="2.55184">
        <ele>1430.6</ele>
      </trkpt>
      <trkpt lat="42.50107" lon="2.55191">
        <ele>1429.9</ele>
      </trkpt>
      <trkpt lat="42.50106" lon="2.55198">
        <ele>1429.3</ele>
      </trkpt>
      <trkpt lat="42.50105" lon="2.55204">
        <ele>1429</ele>
      </trkpt>
      <trkpt lat="42.50104" lon="2.55211">
        <ele>1428.6</ele>
      </trkpt>
      <trkpt lat="42.50103" lon="2.55218">
        <ele>1428.2</ele>
      </trkpt>
      <trkpt lat="42.50102" lon="2.55224">
        <ele>1427.7</ele>
      </trkpt>
      <trkpt lat="42.50101" lon="2.55231">
        <ele>1426.9</ele>
      </trkpt>
      <trkpt lat="42.501" lon="2.55237">
        <ele>1426.1</ele>
      </trkpt>
      <trkpt lat="42.50099" lon="2.55244">
        <ele>1425.2</ele>
      </trkpt>
      <trkpt lat="42.50099" lon="2.55256">
        <ele>1424</ele>
      </trkpt>
      <trkpt lat="42.50101" lon="2.55266">
        <ele>1423.2</ele>
      </trkpt>
      <trkpt lat="42.50102" lon="2.55276">
        <ele>1422.4</ele>
      </trkpt>
      <trkpt lat="42.50105" lon="2.55284">
        <ele>1421.8</ele>
      </trkpt>
      <trkpt lat="42.50107" lon="2.55293">
        <ele>1421.1</ele>
      </trkpt>
      <trkpt lat="42.5011" lon="2.55301">
        <ele>1420.4</ele>
      </trkpt>
      <trkpt lat="42.50112" lon="2.55309">
        <ele>1419.6</ele>
      </trkpt>
      <trkpt lat="42.50115" lon="2.55317">
        <ele>1419.3</ele>
      </trkpt>
      <trkpt lat="42.50119" lon="2.55325">
        <ele>1418.7</ele>
      </trkpt>
      <trkpt lat="42.50122" lon="2.55333">
        <ele>1418</ele>
      </trkpt>
      <trkpt lat="42.50125" lon="2.55341">
        <ele>1417</ele>
      </trkpt>
      <trkpt lat="42.50128" lon="2.55349">
        <ele>1416</ele>
      </trkpt>
      <trkpt lat="42.50132" lon="2.55357">
        <ele>1414.9</ele>
      </trkpt>
      <trkpt lat="42.50135" lon="2.55365">
        <ele>1414.1</ele>
      </trkpt>
      <trkpt lat="42.50138" lon="2.55373">
        <ele>1414</ele>
      </trkpt>
      <trkpt lat="42.50139" lon="2.55379">
        <ele>1413.2</ele>
      </trkpt>
      <trkpt lat="42.5014" lon="2.55385">
        <ele>1412.6</ele>
      </trkpt>
      <trkpt lat="42.5014" lon="2.55392">
        <ele>1411.8</ele>
      </trkpt>
      <trkpt lat="42.5014" lon="2.55399">
        <ele>1411.7</ele>
      </trkpt>
      <trkpt lat="42.50139" lon="2.55407">
        <ele>1411</ele>
      </trkpt>
      <trkpt lat="42.50138" lon="2.55415">
        <ele>1410.2</ele>
      </trkpt>
      <trkpt lat="42.50137" lon="2.55423">
        <ele>1409.2</ele>
      </trkpt>
      <trkpt lat="42.50136" lon="2.55432">
        <ele>1408.1</ele>
      </trkpt>
      <trkpt lat="42.50134" lon="2.5544">
        <ele>1407.1</ele>
      </trkpt>
      <trkpt lat="42.50133" lon="2.55448">
        <ele>1406.2</ele>
      </trkpt>
      <trkpt lat="42.50132" lon="2.55456">
        <ele>1405.6</ele>
      </trkpt>
      <trkpt lat="42.50131" lon="2.55464">
        <ele>1404.9</ele>
      </trkpt>
      <trkpt lat="42.5013" lon="2.55475">
        <ele>1404.1</ele>
      </trkpt>
      <trkpt lat="42.50129" lon="2.55485">
        <ele>1402.6</ele>
      </trkpt>
      <trkpt lat="42.5013" lon="2.55494">
        <ele>1402.4</ele>
      </trkpt>
      <trkpt lat="42.5013" lon="2.55502">
        <ele>1402.1</ele>
      </trkpt>
      <trkpt lat="42.50131" lon="2.55511">
        <ele>1401.7</ele>
      </trkpt>
      <trkpt lat="42.50131" lon="2.55519">
        <ele>1401.2</ele>
      </trkpt>
      <trkpt lat="42.50131" lon="2.55529">
        <ele>1400.2</ele>
      </trkpt>
      <trkpt lat="42.50131" lon="2.55538">
        <ele>1399</ele>
      </trkpt>
      <trkpt lat="42.5013" lon="2.55548">
        <ele>1397.9</ele>
      </trkpt>
      <trkpt lat="42.5013" lon="2.55557">
        <ele>1396.6</ele>
      </trkpt>
      <trkpt lat="42.50131" lon="2.55563">
        <ele>1396.3</ele>
      </trkpt>
      <trkpt lat="42.50132" lon="2.55569">
        <ele>1395.8</ele>
      </trkpt>
      <trkpt lat="42.50134" lon="2.55577">
        <ele>1395.4</ele>
      </trkpt>
      <trkpt lat="42.50137" lon="2.55584">
        <ele>1395.2</ele>
      </trkpt>
      <trkpt lat="42.50142" lon="2.55588">
        <ele>1395.3</ele>
      </trkpt>
      <trkpt lat="42.50149" lon="2.55593">
        <ele>1395.1</ele>
      </trkpt>
      <trkpt lat="42.50157" lon="2.55598">
        <ele>1394.8</ele>
      </trkpt>
      <trkpt lat="42.50164" lon="2.55602">
        <ele>1394.1</ele>
      </trkpt>
      <trkpt lat="42.50171" lon="2.55607">
        <ele>1393.2</ele>
      </trkpt>
      <trkpt lat="42.50174" lon="2.55614">
        <ele>1391.3</ele>
      </trkpt>
      <trkpt lat="42.50172" lon="2.5562">
        <ele>1390.4</ele>
      </trkpt>
      <trkpt lat="42.5017" lon="2.5563">
        <ele>1389.3</ele>
      </trkpt>
      <trkpt lat="42.50168" lon="2.55639">
        <ele>1388.7</ele>
      </trkpt>
      <trkpt lat="42.50169" lon="2.55645">
        <ele>1388.2</ele>
      </trkpt>
      <trkpt lat="42.50174" lon="2.55648">
        <ele>1386.7</ele>
      </trkpt>
      <trkpt lat="42.5018" lon="2.55651">
        <ele>1385</ele>
      </trkpt>
      <trkpt lat="42.50185" lon="2.55653">
        <ele>1383.2</ele>
      </trkpt>
      <trkpt lat="42.5019" lon="2.55656">
        <ele>1381.3</ele>
      </trkpt>
      <trkpt lat="42.50195" lon="2.55659">
        <ele>1379.3</ele>
      </trkpt>
      <trkpt lat="42.50201" lon="2.55662">
        <ele>1377.8</ele>
      </trkpt>
      <trkpt lat="42.50206" lon="2.55664">
        <ele>1376.2</ele>
      </trkpt>
      <trkpt lat="42.50211" lon="2.55667">
        <ele>1374.4</ele>
      </trkpt>
      <trkpt lat="42.50215" lon="2.55672">
        <ele>1372.5</ele>
      </trkpt>
      <trkpt lat="42.50219" lon="2.55677">
        <ele>1370.6</ele>
      </trkpt>
      <trkpt lat="42.5022" lon="2.55687">
        <ele>1368.2</ele>
      </trkpt>
      <trkpt lat="42.50223" lon="2.55694">
        <ele>1366.3</ele>
      </trkpt>
      <trkpt lat="42.50226" lon="2.557">
        <ele>1366.2</ele>
      </trkpt>
      <trkpt lat="42.50232" lon="2.55703">
        <ele>1365.9</ele>
      </trkpt>
      <trkpt lat="42.50237" lon="2.55705">
        <ele>1365.2</ele>
      </trkpt>
      <trkpt lat="42.5024" lon="2.5571">
        <ele>1363.9</ele>
      </trkpt>
      <trkpt lat="42.50244" lon="2.55715">
        <ele>1362.2</ele>
      </trkpt>
      <trkpt lat="42.50247" lon="2.55719">
        <ele>1360</ele>
      </trkpt>
      <trkpt lat="42.5025" lon="2.55724">
        <ele>1357.8</ele>
      </trkpt>
      <trkpt lat="42.50251" lon="2.55731">
        <ele>1357</ele>
      </trkpt>
      <trkpt lat="42.50253" lon="2.55739">
        <ele>1356.3</ele>
      </trkpt>
      <trkpt lat="42.50254" lon="2.55746">
        <ele>1355.8</ele>
      </trkpt>
      <trkpt lat="42.50255" lon="2.55753">
        <ele>1355.6</ele>
      </trkpt>
      <trkpt lat="42.50256" lon="2.55764">
        <ele>1355.6</ele>
      </trkpt>
      <trkpt lat="42.50258" lon="2.5577">
        <ele>1355.5</ele>
      </trkpt>
      <trkpt lat="42.50261" lon="2.55776">
        <ele>1355.3</ele>
      </trkpt>
      <trkpt lat="42.50263" lon="2.55781">
        <ele>1354.7</ele>
      </trkpt>
      <trkpt lat="42.50265" lon="2.55787">
        <ele>1353.9</ele>
      </trkpt>
      <trkpt lat="42.50264" lon="2.55793">
        <ele>1353.4</ele>
      </trkpt>
      <trkpt lat="42.50262" lon="2.55799">
        <ele>1352.8</ele>
      </trkpt>
      <trkpt lat="42.50261" lon="2.55805">
        <ele>1352.3</ele>
      </trkpt>
      <trkpt lat="42.50259" lon="2.55811">
        <ele>1351.8</ele>
      </trkpt>
      <trkpt lat="42.50259" lon="2.55819">
        <ele>1350.9</ele>
      </trkpt>
      <trkpt lat="42.5026" lon="2.55828">
        <ele>1349.9</ele>
      </trkpt>
      <trkpt lat="42.5026" lon="2.55836">
        <ele>1349</ele>
      </trkpt>
      <trkpt lat="42.5026" lon="2.55844">
        <ele>1347.9</ele>
      </trkpt>
      <trkpt lat="42.50259" lon="2.55855">
        <ele>1346.5</ele>
      </trkpt>
      <trkpt lat="42.50258" lon="2.55866">
        <ele>1345.2</ele>
      </trkpt>
      <trkpt lat="42.50256" lon="2.55877">
        <ele>1344.1</ele>
      </trkpt>
      <trkpt lat="42.50255" lon="2.55888">
        <ele>1342.9</ele>
      </trkpt>
      <trkpt lat="42.50258" lon="2.55895">
        <ele>1342.5</ele>
      </trkpt>
      <trkpt lat="42.50262" lon="2.55901">
        <ele>1341.9</ele>
      </trkpt>
      <trkpt lat="42.50265" lon="2.55908">
        <ele>1340.9</ele>
      </trkpt>
      <trkpt lat="42.50269" lon="2.55914">
        <ele>1339.6</ele>
      </trkpt>
      <trkpt lat="42.50272" lon="2.55921">
        <ele>1338.2</ele>
      </trkpt>
      <trkpt lat="42.50275" lon="2.55927">
        <ele>1336.9</ele>
      </trkpt>
      <trkpt lat="42.50279" lon="2.55934">
        <ele>1335.9</ele>
      </trkpt>
      <trkpt lat="42.50282" lon="2.5594">
        <ele>1336</ele>
      </trkpt>
      <trkpt lat="42.50278" lon="2.55951">
        <ele>1334.4</ele>
      </trkpt>
      <trkpt lat="42.50273" lon="2.55961">
        <ele>1334.9</ele>
      </trkpt>
      <trkpt lat="42.50272" lon="2.55969">
        <ele>1334.6</ele>
      </trkpt>
      <trkpt lat="42.50271" lon="2.55976">
        <ele>1334.3</ele>
      </trkpt>
      <trkpt lat="42.5027" lon="2.55984">
        <ele>1334.1</ele>
      </trkpt>
      <trkpt lat="42.50269" lon="2.55991">
        <ele>1333.9</ele>
      </trkpt>
      <trkpt lat="42.50269" lon="2.56">
        <ele>1333</ele>
      </trkpt>
      <trkpt lat="42.5027" lon="2.56009">
        <ele>1332.6</ele>
      </trkpt>
      <trkpt lat="42.5027" lon="2.56017">
        <ele>1332.2</ele>
      </trkpt>
      <trkpt lat="42.5027" lon="2.56026">
        <ele>1331.7</ele>
      </trkpt>
      <trkpt lat="42.50269" lon="2.56032">
        <ele>1331.7</ele>
      </trkpt>
      <trkpt lat="42.50268" lon="2.56039">
        <ele>1331.4</ele>
      </trkpt>
      <trkpt lat="42.50267" lon="2.56045">
        <ele>1331.3</ele>
      </trkpt>
      <trkpt lat="42.50266" lon="2.56052">
        <ele>1331.1</ele>
      </trkpt>
      <trkpt lat="42.50265" lon="2.56058">
        <ele>1330.7</ele>
      </trkpt>
      <trkpt lat="42.50264" lon="2.56064">
        <ele>1330.2</ele>
      </trkpt>
      <trkpt lat="42.50263" lon="2.56071">
        <ele>1329.6</ele>
      </trkpt>
      <trkpt lat="42.50262" lon="2.56077">
        <ele>1329.1</ele>
      </trkpt>
      <trkpt lat="42.5026" lon="2.56083">
        <ele>1328.5</ele>
      </trkpt>
      <trkpt lat="42.50259" lon="2.5609">
        <ele>1328.2</ele>
      </trkpt>
      <trkpt lat="42.50258" lon="2.56096">
        <ele>1327.9</ele>
      </trkpt>
      <trkpt lat="42.50257" lon="2.56103">
        <ele>1327.6</ele>
      </trkpt>
      <trkpt lat="42.50256" lon="2.56109">
        <ele>1327.4</ele>
      </trkpt>
      <trkpt lat="42.50255" lon="2.56115">
        <ele>1327.1</ele>
      </trkpt>
      <trkpt lat="42.50254" lon="2.56122">
        <ele>1326.6</ele>
      </trkpt>
      <trkpt lat="42.50253" lon="2.56128">
        <ele>1326.2</ele>
      </trkpt>
      <trkpt lat="42.50251" lon="2.56136">
        <ele>1326</ele>
      </trkpt>
      <trkpt lat="42.5025" lon="2.56143">
        <ele>1325.7</ele>
      </trkpt>
      <trkpt lat="42.50248" lon="2.56151">
        <ele>1325.3</ele>
      </trkpt>
      <trkpt lat="42.50246" lon="2.56158">
        <ele>1324.6</ele>
      </trkpt>
      <trkpt lat="42.50244" lon="2.56169">
        <ele>1323.2</ele>
      </trkpt>
      <trkpt lat="42.50241" lon="2.5618">
        <ele>1320.6</ele>
      </trkpt>
      <trkpt lat="42.50237" lon="2.56183">
        <ele>1319.8</ele>
      </trkpt>
      <trkpt lat="42.50232" lon="2.56186">
        <ele>1318.8</ele>
      </trkpt>
      <trkpt lat="42.50227" lon="2.56186">
        <ele>1318.4</ele>
      </trkpt>
      <trkpt lat="42.50222" lon="2.56187">
        <ele>1317.9</ele>
      </trkpt>
      <trkpt lat="42.50216" lon="2.56187">
        <ele>1316.3</ele>
      </trkpt>
      <trkpt lat="42.50211" lon="2.56187">
        <ele>1314.7</ele>
      </trkpt>
      <trkpt lat="42.50207" lon="2.56183">
        <ele>1315.1</ele>
      </trkpt>
      <trkpt lat="42.50203" lon="2.56179">
        <ele>1315.6</ele>
      </trkpt>
      <trkpt lat="42.50196" lon="2.56175">
        <ele>1315.3</ele>
      </trkpt>
      <trkpt lat="42.50189" lon="2.5617">
        <ele>1314.9</ele>
      </trkpt>
      <trkpt lat="42.50183" lon="2.56169">
        <ele>1313.6</ele>
      </trkpt>
      <trkpt lat="42.50178" lon="2.56167">
        <ele>1312.4</ele>
      </trkpt>
      <trkpt lat="42.50172" lon="2.56166">
        <ele>1311.2</ele>
      </trkpt>
      <trkpt lat="42.50166" lon="2.56164">
        <ele>1310.1</ele>
      </trkpt>
      <trkpt lat="42.50159" lon="2.56167">
        <ele>1307</ele>
      </trkpt>
      <trkpt lat="42.50151" lon="2.56169">
        <ele>1303.9</ele>
      </trkpt>
      <trkpt lat="42.50145" lon="2.56167">
        <ele>1303.4</ele>
      </trkpt>
      <trkpt lat="42.50139" lon="2.56165">
        <ele>1302.9</ele>
      </trkpt>
      <trkpt lat="42.50133" lon="2.56165">
        <ele>1301.6</ele>
      </trkpt>
      <trkpt lat="42.50127" lon="2.56165">
        <ele>1300.3</ele>
      </trkpt>
      <trkpt lat="42.50121" lon="2.56165">
        <ele>1299.1</ele>
      </trkpt>
      <trkpt lat="42.50115" lon="2.56165">
        <ele>1297.9</ele>
      </trkpt>
      <trkpt lat="42.50108" lon="2.56164">
        <ele>1296.6</ele>
      </trkpt>
      <trkpt lat="42.50102" lon="2.56164">
        <ele>1295.1</ele>
      </trkpt>
      <trkpt lat="42.50096" lon="2.56164">
        <ele>1293.7</ele>
      </trkpt>
      <trkpt lat="42.5009" lon="2.56164">
        <ele>1292.3</ele>
      </trkpt>
      <trkpt lat="42.50082" lon="2.56165">
        <ele>1290</ele>
      </trkpt>
      <trkpt lat="42.50074" lon="2.56165">
        <ele>1287.7</ele>
      </trkpt>
      <trkpt lat="42.50066" lon="2.56166">
        <ele>1285.4</ele>
      </trkpt>
      <trkpt lat="42.50059" lon="2.56166">
        <ele>1283.1</ele>
      </trkpt>
      <trkpt lat="42.50051" lon="2.56167">
        <ele>1281.4</ele>
      </trkpt>
      <trkpt lat="42.50043" lon="2.56167">
        <ele>1280</ele>
      </trkpt>
      <trkpt lat="42.50035" lon="2.56168">
        <ele>1278.6</ele>
      </trkpt>
      <trkpt lat="42.50027" lon="2.56168">
        <ele>1277.1</ele>
      </trkpt>
      <trkpt lat="42.50022" lon="2.56167">
        <ele>1276.6</ele>
      </trkpt>
      <trkpt lat="42.50017" lon="2.56167">
        <ele>1276.1</ele>
      </trkpt>
      <trkpt lat="42.50012" lon="2.56166">
        <ele>1275.5</ele>
      </trkpt>
      <trkpt lat="42.50007" lon="2.56165">
        <ele>1274.9</ele>
      </trkpt>
      <trkpt lat="42.50001" lon="2.56164">
        <ele>1274.3</ele>
      </trkpt>
      <trkpt lat="42.49996" lon="2.56164">
        <ele>1273.5</ele>
      </trkpt>
      <trkpt lat="42.49991" lon="2.56163">
        <ele>1272.7</ele>
      </trkpt>
      <trkpt lat="42.49986" lon="2.56162">
        <ele>1271.9</ele>
      </trkpt>
      <trkpt lat="42.49981" lon="2.56161">
        <ele>1271.1</ele>
      </trkpt>
      <trkpt lat="42.49976" lon="2.56161">
        <ele>1270.2</ele>
      </trkpt>
      <trkpt lat="42.49971" lon="2.5616">
        <ele>1269.4</ele>
      </trkpt>
      <trkpt lat="42.49966" lon="2.56159">
        <ele>1268.7</ele>
      </trkpt>
      <trkpt lat="42.4996" lon="2.56158">
        <ele>1267.9</ele>
      </trkpt>
      <trkpt lat="42.49955" lon="2.56158">
        <ele>1267.2</ele>
      </trkpt>
      <trkpt lat="42.4995" lon="2.56157">
        <ele>1266.4</ele>
      </trkpt>
      <trkpt lat="42.49945" lon="2.56156">
        <ele>1265.6</ele>
      </trkpt>
      <trkpt lat="42.4994" lon="2.56159">
        <ele>1263.8</ele>
      </trkpt>
      <trkpt lat="42.49934" lon="2.56161">
        <ele>1262.2</ele>
      </trkpt>
      <trkpt lat="42.49929" lon="2.56164">
        <ele>1260.6</ele>
      </trkpt>
      <trkpt lat="42.49923" lon="2.56166">
        <ele>1259.1</ele>
      </trkpt>
      <trkpt lat="42.49917" lon="2.56163">
        <ele>1259</ele>
      </trkpt>
      <trkpt lat="42.49912" lon="2.56168">
        <ele>1256.7</ele>
      </trkpt>
      <trkpt lat="42.49907" lon="2.56173">
        <ele>1254.2</ele>
      </trkpt>
      <trkpt lat="42.49899" lon="2.56173">
        <ele>1252.8</ele>
      </trkpt>
      <trkpt lat="42.4989" lon="2.56172">
        <ele>1251.5</ele>
      </trkpt>
      <trkpt lat="42.49885" lon="2.56173">
        <ele>1249.9</ele>
      </trkpt>
      <trkpt lat="42.4988" lon="2.56174">
        <ele>1248.1</ele>
      </trkpt>
      <trkpt lat="42.49875" lon="2.56175">
        <ele>1246.5</ele>
      </trkpt>
      <trkpt lat="42.4987" lon="2.56176">
        <ele>1244.8</ele>
      </trkpt>
      <trkpt lat="42.49862" lon="2.56172">
        <ele>1243.8</ele>
      </trkpt>
      <trkpt lat="42.49854" lon="2.56168">
        <ele>1241.5</ele>
      </trkpt>
      <trkpt lat="42.49846" lon="2.56163">
        <ele>1238.4</ele>
      </trkpt>
      <trkpt lat="42.49838" lon="2.56159">
        <ele>1235.1</ele>
      </trkpt>
      <trkpt lat="42.49832" lon="2.56163">
        <ele>1231.8</ele>
      </trkpt>
      <trkpt lat="42.49829" lon="2.56173">
        <ele>1229.5</ele>
      </trkpt>
      <trkpt lat="42.49826" lon="2.56182">
        <ele>1227.2</ele>
      </trkpt>
      <trkpt lat="42.49826" lon="2.56191">
        <ele>1226</ele>
      </trkpt>
      <trkpt lat="42.49825" lon="2.562">
        <ele>1223.7</ele>
      </trkpt>
      <trkpt lat="42.49827" lon="2.56206">
        <ele>1222.7</ele>
      </trkpt>
      <trkpt lat="42.49829" lon="2.56211">
        <ele>1221.4</ele>
      </trkpt>
      <trkpt lat="42.49826" lon="2.56214">
        <ele>1219.8</ele>
      </trkpt>
      <trkpt lat="42.49821" lon="2.56212">
        <ele>1219.1</ele>
      </trkpt>
      <trkpt lat="42.49815" lon="2.5621">
        <ele>1218.2</ele>
      </trkpt>
      <trkpt lat="42.49811" lon="2.56218">
        <ele>1216.2</ele>
      </trkpt>
      <trkpt lat="42.49809" lon="2.5622">
        <ele>1215.6</ele>
      </trkpt>
      <trkpt lat="42.49805" lon="2.56224">
        <ele>1214</ele>
      </trkpt>
      <trkpt lat="42.498" lon="2.56227">
        <ele>1210.7</ele>
      </trkpt>
      <trkpt lat="42.49794" lon="2.56225">
        <ele>1209.2</ele>
      </trkpt>
      <trkpt lat="42.49788" lon="2.56222">
        <ele>1207.4</ele>
      </trkpt>
      <trkpt lat="42.49782" lon="2.5622">
        <ele>1204.9</ele>
      </trkpt>
      <trkpt lat="42.49776" lon="2.56217">
        <ele>1202.2</ele>
      </trkpt>
      <trkpt lat="42.49773" lon="2.56222">
        <ele>1200.8</ele>
      </trkpt>
      <trkpt lat="42.4977" lon="2.56227">
        <ele>1198.1</ele>
      </trkpt>
      <trkpt lat="42.49764" lon="2.56225">
        <ele>1195.9</ele>
      </trkpt>
      <trkpt lat="42.49757" lon="2.56229">
        <ele>1191.9</ele>
      </trkpt>
      <trkpt lat="42.49749" lon="2.56228">
        <ele>1188.5</ele>
      </trkpt>
      <trkpt lat="42.49741" lon="2.56227">
        <ele>1185</ele>
      </trkpt>
      <trkpt lat="42.49737" lon="2.56233">
        <ele>1182.4</ele>
      </trkpt>
      <trkpt lat="42.49733" lon="2.56238">
        <ele>1179.9</ele>
      </trkpt>
      <trkpt lat="42.49727" lon="2.56233">
        <ele>1177.9</ele>
      </trkpt>
      <trkpt lat="42.4972" lon="2.56234">
        <ele>1174.8</ele>
      </trkpt>
      <trkpt lat="42.49715" lon="2.56241">
        <ele>1171.8</ele>
      </trkpt>
      <trkpt lat="42.49709" lon="2.56247">
        <ele>1169</ele>
      </trkpt>
      <trkpt lat="42.49701" lon="2.5625">
        <ele>1165.4</ele>
      </trkpt>
      <trkpt lat="42.49692" lon="2.56252">
        <ele>1161.8</ele>
      </trkpt>
      <trkpt lat="42.49684" lon="2.5625">
        <ele>1159.6</ele>
      </trkpt>
      <trkpt lat="42.49678" lon="2.56259">
        <ele>1156.5</ele>
      </trkpt>
      <trkpt lat="42.49674" lon="2.56261">
        <ele>1155</ele>
      </trkpt>
      <trkpt lat="42.49669" lon="2.56263">
        <ele>1153.7</ele>
      </trkpt>
      <trkpt lat="42.49665" lon="2.56268">
        <ele>1152.2</ele>
      </trkpt>
      <trkpt lat="42.49661" lon="2.56273">
        <ele>1150.7</ele>
      </trkpt>
      <trkpt lat="42.49656" lon="2.56278">
        <ele>1149.3</ele>
      </trkpt>
      <trkpt lat="42.49652" lon="2.56283">
        <ele>1147.5</ele>
      </trkpt>
      <trkpt lat="42.49648" lon="2.56285">
        <ele>1146.3</ele>
      </trkpt>
      <trkpt lat="42.49643" lon="2.56287">
        <ele>1145.2</ele>
      </trkpt>
      <trkpt lat="42.49639" lon="2.56288">
        <ele>1144.2</ele>
      </trkpt>
      <trkpt lat="42.49634" lon="2.5629">
        <ele>1142.9</ele>
      </trkpt>
      <trkpt lat="42.49631" lon="2.563">
        <ele>1141.8</ele>
      </trkpt>
      <trkpt lat="42.49626" lon="2.56305">
        <ele>1140.7</ele>
      </trkpt>
      <trkpt lat="42.49624" lon="2.56311">
        <ele>1140.4</ele>
      </trkpt>
      <trkpt lat="42.49621" lon="2.56316">
        <ele>1140.1</ele>
      </trkpt>
      <trkpt lat="42.49617" lon="2.56321">
        <ele>1139.8</ele>
      </trkpt>
      <trkpt lat="42.49614" lon="2.56325">
        <ele>1139.7</ele>
      </trkpt>
      <trkpt lat="42.4961" lon="2.5633">
        <ele>1139.4</ele>
      </trkpt>
      <trkpt lat="42.49603" lon="2.56328">
        <ele>1136.9</ele>
      </trkpt>
      <trkpt lat="42.49599" lon="2.56336">
        <ele>1136.6</ele>
      </trkpt>
      <trkpt lat="42.49592" lon="2.56329">
        <ele>1133.3</ele>
      </trkpt>
      <trkpt lat="42.49587" lon="2.56332">
        <ele>1131.9</ele>
      </trkpt>
      <trkpt lat="42.49581" lon="2.56335">
        <ele>1130.5</ele>
      </trkpt>
      <trkpt lat="42.49576" lon="2.56338">
        <ele>1129.1</ele>
      </trkpt>
      <trkpt lat="42.49571" lon="2.56341">
        <ele>1127.6</ele>
      </trkpt>
      <trkpt lat="42.49565" lon="2.56343">
        <ele>1126</ele>
      </trkpt>
      <trkpt lat="42.4956" lon="2.56346">
        <ele>1124.5</ele>
      </trkpt>
      <trkpt lat="42.49554" lon="2.56349">
        <ele>1122.8</ele>
      </trkpt>
      <trkpt lat="42.49549" lon="2.56352">
        <ele>1120.9</ele>
      </trkpt>
      <trkpt lat="42.49544" lon="2.56357">
        <ele>1119.4</ele>
      </trkpt>
      <trkpt lat="42.49539" lon="2.56361">
        <ele>1117.8</ele>
      </trkpt>
      <trkpt lat="42.49536" lon="2.56367">
        <ele>1116.2</ele>
      </trkpt>
      <trkpt lat="42.49534" lon="2.56374">
        <ele>1114.6</ele>
      </trkpt>
      <trkpt lat="42.49531" lon="2.5638">
        <ele>1112.9</ele>
      </trkpt>
      <trkpt lat="42.49528" lon="2.56386">
        <ele>1111.3</ele>
      </trkpt>
      <trkpt lat="42.49528" lon="2.56392">
        <ele>1110.3</ele>
      </trkpt>
      <trkpt lat="42.49526" lon="2.56394">
        <ele>1109</ele>
      </trkpt>
      <trkpt lat="42.4952" lon="2.56392">
        <ele>1106.9</ele>
      </trkpt>
      <trkpt lat="42.49519" lon="2.56399">
        <ele>1104.9</ele>
      </trkpt>
      <trkpt lat="42.49516" lon="2.564">
        <ele>1103.5</ele>
      </trkpt>
      <trkpt lat="42.4951" lon="2.56392">
        <ele>1102.7</ele>
      </trkpt>
      <trkpt lat="42.49504" lon="2.56388">
        <ele>1100.5</ele>
      </trkpt>
      <trkpt lat="42.49497" lon="2.56384">
        <ele>1097.4</ele>
      </trkpt>
      <trkpt lat="42.49494" lon="2.5639">
        <ele>1095.4</ele>
      </trkpt>
      <trkpt lat="42.49491" lon="2.56396">
        <ele>1092.7</ele>
      </trkpt>
      <trkpt lat="42.49485" lon="2.56404">
        <ele>1088.3</ele>
      </trkpt>
      <trkpt lat="42.49479" lon="2.56411">
        <ele>1084.1</ele>
      </trkpt>
      <trkpt lat="42.49478" lon="2.56417">
        <ele>1082.8</ele>
      </trkpt>
      <trkpt lat="42.49477" lon="2.56423">
        <ele>1081.3</ele>
      </trkpt>
      <trkpt lat="42.49474" lon="2.56428">
        <ele>1079.1</ele>
      </trkpt>
      <trkpt lat="42.4947" lon="2.56429">
        <ele>1077.3</ele>
      </trkpt>
      <trkpt lat="42.49467" lon="2.56437">
        <ele>1075.1</ele>
      </trkpt>
      <trkpt lat="42.49464" lon="2.56445">
        <ele>1073</ele>
      </trkpt>
      <trkpt lat="42.49463" lon="2.56452">
        <ele>1071.8</ele>
      </trkpt>
      <trkpt lat="42.49462" lon="2.56458">
        <ele>1070.8</ele>
      </trkpt>
      <trkpt lat="42.49458" lon="2.56468">
        <ele>1068.8</ele>
      </trkpt>
      <trkpt lat="42.49454" lon="2.56478">
        <ele>1067.2</ele>
      </trkpt>
      <trkpt lat="42.49449" lon="2.56485">
        <ele>1066</ele>
      </trkpt>
      <trkpt lat="42.49444" lon="2.56489">
        <ele>1065.3</ele>
      </trkpt>
      <trkpt lat="42.49439" lon="2.56493">
        <ele>1064.6</ele>
      </trkpt>
      <trkpt lat="42.49434" lon="2.56497">
        <ele>1064.2</ele>
      </trkpt>
      <trkpt lat="42.4943" lon="2.56501">
        <ele>1064</ele>
      </trkpt>
      <trkpt lat="42.49425" lon="2.56505">
        <ele>1064</ele>
      </trkpt>
      <trkpt lat="42.4942" lon="2.56509">
        <ele>1064.1</ele>
      </trkpt>
      <trkpt lat="42.49415" lon="2.56513">
        <ele>1064.2</ele>
      </trkpt>
      <trkpt lat="42.4941" lon="2.56517">
        <ele>1064.1</ele>
      </trkpt>
      <trkpt lat="42.49405" lon="2.56518">
        <ele>1063.7</ele>
      </trkpt>
      <trkpt lat="42.494" lon="2.56519">
        <ele>1063.3</ele>
      </trkpt>
      <trkpt lat="42.49396" lon="2.56522">
        <ele>1063.5</ele>
      </trkpt>
      <trkpt lat="42.49392" lon="2.56526">
        <ele>1063.8</ele>
      </trkpt>
      <trkpt lat="42.49387" lon="2.56529">
        <ele>1063.8</ele>
      </trkpt>
      <trkpt lat="42.49383" lon="2.56533">
        <ele>1063.3</ele>
      </trkpt>
      <trkpt lat="42.49379" lon="2.56536">
        <ele>1062.8</ele>
      </trkpt>
      <trkpt lat="42.49375" lon="2.56539">
        <ele>1062.3</ele>
      </trkpt>
      <trkpt lat="42.4937" lon="2.56543">
        <ele>1061.8</ele>
      </trkpt>
      <trkpt lat="42.49366" lon="2.56546">
        <ele>1061.3</ele>
      </trkpt>
      <trkpt lat="42.49362" lon="2.5655">
        <ele>1061.1</ele>
      </trkpt>
      <trkpt lat="42.49359" lon="2.56554">
        <ele>1060.6</ele>
      </trkpt>
      <trkpt lat="42.49355" lon="2.56557">
        <ele>1059.9</ele>
      </trkpt>
      <trkpt lat="42.49351" lon="2.56561">
        <ele>1059.1</ele>
      </trkpt>
      <trkpt lat="42.49348" lon="2.56566">
        <ele>1058.4</ele>
      </trkpt>
      <trkpt lat="42.49345" lon="2.5657">
        <ele>1057.8</ele>
      </trkpt>
      <trkpt lat="42.49341" lon="2.56575">
        <ele>1057.1</ele>
      </trkpt>
      <trkpt lat="42.49338" lon="2.56579">
        <ele>1056.4</ele>
      </trkpt>
      <trkpt lat="42.49338" lon="2.56584">
        <ele>1056.8</ele>
      </trkpt>
      <trkpt lat="42.49337" lon="2.56588">
        <ele>1056.3</ele>
      </trkpt>
      <trkpt lat="42.49332" lon="2.56594">
        <ele>1054.1</ele>
      </trkpt>
      <trkpt lat="42.49332" lon="2.56601">
        <ele>1053.8</ele>
      </trkpt>
      <trkpt lat="42.49332" lon="2.56608">
        <ele>1053.5</ele>
      </trkpt>
      <trkpt lat="42.49331" lon="2.56614">
        <ele>1052.9</ele>
      </trkpt>
      <trkpt lat="42.49331" lon="2.56621">
        <ele>1052.2</ele>
      </trkpt>
      <trkpt lat="42.49331" lon="2.56628">
        <ele>1051.4</ele>
      </trkpt>
      <trkpt lat="42.49331" lon="2.56635">
        <ele>1050.6</ele>
      </trkpt>
      <trkpt lat="42.4933" lon="2.56641">
        <ele>1049.9</ele>
      </trkpt>
      <trkpt lat="42.4933" lon="2.56648">
        <ele>1049.2</ele>
      </trkpt>
      <trkpt lat="42.49331" lon="2.56658">
        <ele>1048.4</ele>
      </trkpt>
      <trkpt lat="42.49329" lon="2.56668">
        <ele>1047.1</ele>
      </trkpt>
      <trkpt lat="42.49322" lon="2.56671">
        <ele>1045.6</ele>
      </trkpt>
      <trkpt lat="42.49315" lon="2.56673">
        <ele>1044.2</ele>
      </trkpt>
      <trkpt lat="42.49307" lon="2.56675">
        <ele>1042.9</ele>
      </trkpt>
      <trkpt lat="42.49304" lon="2.56669">
        <ele>1042.6</ele>
      </trkpt>
      <trkpt lat="42.49299" lon="2.56669">
        <ele>1041.7</ele>
      </trkpt>
      <trkpt lat="42.49294" lon="2.56669">
        <ele>1040.8</ele>
      </trkpt>
      <trkpt lat="42.49288" lon="2.56669">
        <ele>1039.8</ele>
      </trkpt>
      <trkpt lat="42.49283" lon="2.56669">
        <ele>1038.9</ele>
      </trkpt>
      <trkpt lat="42.49278" lon="2.56668">
        <ele>1037.9</ele>
      </trkpt>
      <trkpt lat="42.49273" lon="2.56668">
        <ele>1037</ele>
      </trkpt>
      <trkpt lat="42.49267" lon="2.56668">
        <ele>1036</ele>
      </trkpt>
      <trkpt lat="42.49262" lon="2.56668">
        <ele>1035.1</ele>
      </trkpt>
      <trkpt lat="42.49257" lon="2.56671">
        <ele>1034.1</ele>
      </trkpt>
      <trkpt lat="42.49252" lon="2.56674">
        <ele>1033.1</ele>
      </trkpt>
      <trkpt lat="42.49247" lon="2.56676">
        <ele>1032.4</ele>
      </trkpt>
      <trkpt lat="42.49242" lon="2.56679">
        <ele>1031.8</ele>
      </trkpt>
      <trkpt lat="42.49236" lon="2.56682">
        <ele>1031.2</ele>
      </trkpt>
      <trkpt lat="42.49231" lon="2.56685">
        <ele>1030.6</ele>
      </trkpt>
      <trkpt lat="42.49226" lon="2.56687">
        <ele>1029.9</ele>
      </trkpt>
      <trkpt lat="42.49221" lon="2.5669">
        <ele>1029.2</ele>
      </trkpt>
      <trkpt lat="42.4922" lon="2.56693">
        <ele>1028.9</ele>
      </trkpt>
      <trkpt lat="42.49215" lon="2.5669">
        <ele>1028.5</ele>
      </trkpt>
      <trkpt lat="42.49209" lon="2.56688">
        <ele>1028.3</ele>
      </trkpt>
      <trkpt lat="42.49204" lon="2.56685">
        <ele>1028.2</ele>
      </trkpt>
      <trkpt lat="42.49198" lon="2.56682">
        <ele>1028.1</ele>
      </trkpt>
      <trkpt lat="42.49193" lon="2.56682">
        <ele>1027.7</ele>
      </trkpt>
      <trkpt lat="42.49187" lon="2.56682">
        <ele>1027.3</ele>
      </trkpt>
      <trkpt lat="42.49182" lon="2.56681">
        <ele>1027</ele>
      </trkpt>
      <trkpt lat="42.49176" lon="2.56681">
        <ele>1026.6</ele>
      </trkpt>
      <trkpt lat="42.49171" lon="2.56685">
        <ele>1025.7</ele>
      </trkpt>
      <trkpt lat="42.49166" lon="2.56688">
        <ele>1024.9</ele>
      </trkpt>
      <trkpt lat="42.49161" lon="2.56692">
        <ele>1024.6</ele>
      </trkpt>
      <trkpt lat="42.49156" lon="2.56695">
        <ele>1024.3</ele>
      </trkpt>
      <trkpt lat="42.49153" lon="2.567">
        <ele>1024</ele>
      </trkpt>
      <trkpt lat="42.4915" lon="2.56705">
        <ele>1023.7</ele>
      </trkpt>
      <trkpt lat="42.49147" lon="2.56709">
        <ele>1023.5</ele>
      </trkpt>
      <trkpt lat="42.49144" lon="2.56714">
        <ele>1023.3</ele>
      </trkpt>
      <trkpt lat="42.49136" lon="2.56718">
        <ele>1023.2</ele>
      </trkpt>
      <trkpt lat="42.49127" lon="2.56721">
        <ele>1022.6</ele>
      </trkpt>
      <trkpt lat="42.49122" lon="2.56723">
        <ele>1022.4</ele>
      </trkpt>
      <trkpt lat="42.49117" lon="2.56725">
        <ele>1022.1</ele>
      </trkpt>
      <trkpt lat="42.49112" lon="2.56726">
        <ele>1021.9</ele>
      </trkpt>
      <trkpt lat="42.49107" lon="2.56728">
        <ele>1021.7</ele>
      </trkpt>
      <trkpt lat="42.49102" lon="2.56726">
        <ele>1021.6</ele>
      </trkpt>
      <trkpt lat="42.49096" lon="2.56723">
        <ele>1021.4</ele>
      </trkpt>
      <trkpt lat="42.49088" lon="2.56719">
        <ele>1021.3</ele>
      </trkpt>
      <trkpt lat="42.49088" lon="2.56715">
        <ele>1021.4</ele>
      </trkpt>
      <trkpt lat="42.4908" lon="2.56713">
        <ele>1021.2</ele>
      </trkpt>
      <trkpt lat="42.49071" lon="2.5671">
        <ele>1021</ele>
      </trkpt>
      <trkpt lat="42.49064" lon="2.56713">
        <ele>1020.6</ele>
      </trkpt>
      <trkpt lat="42.4906" lon="2.56719">
        <ele>1020.3</ele>
      </trkpt>
      <trkpt lat="42.49056" lon="2.56725">
        <ele>1019.8</ele>
      </trkpt>
      <trkpt lat="42.49051" lon="2.56732">
        <ele>1019.2</ele>
      </trkpt>
      <trkpt lat="42.49047" lon="2.56738">
        <ele>1018.7</ele>
      </trkpt>
      <trkpt lat="42.49044" lon="2.56743">
        <ele>1018.4</ele>
      </trkpt>
      <trkpt lat="42.49041" lon="2.56748">
        <ele>1018.1</ele>
      </trkpt>
      <trkpt lat="42.49038" lon="2.56753">
        <ele>1017.5</ele>
      </trkpt>
      <trkpt lat="42.49035" lon="2.56759">
        <ele>1016.7</ele>
      </trkpt>
      <trkpt lat="42.49032" lon="2.56764">
        <ele>1016</ele>
      </trkpt>
      <trkpt lat="42.49029" lon="2.56769">
        <ele>1015.3</ele>
      </trkpt>
      <trkpt lat="42.49026" lon="2.56774">
        <ele>1014.8</ele>
      </trkpt>
      <trkpt lat="42.49023" lon="2.56779">
        <ele>1014.5</ele>
      </trkpt>
      <trkpt lat="42.49021" lon="2.56789">
        <ele>1013.2</ele>
      </trkpt>
      <trkpt lat="42.49018" lon="2.56799">
        <ele>1012.1</ele>
      </trkpt>
      <trkpt lat="42.49016" lon="2.56809">
        <ele>1011.1</ele>
      </trkpt>
      <trkpt lat="42.49013" lon="2.5682">
        <ele>1010.2</ele>
      </trkpt>
      <trkpt lat="42.49011" lon="2.5683">
        <ele>1009.1</ele>
      </trkpt>
      <trkpt lat="42.49008" lon="2.5684">
        <ele>1007.8</ele>
      </trkpt>
      <trkpt lat="42.49006" lon="2.5685">
        <ele>1006.7</ele>
      </trkpt>
      <trkpt lat="42.49003" lon="2.5686">
        <ele>1005.6</ele>
      </trkpt>
      <trkpt lat="42.49001" lon="2.56866">
        <ele>1005</ele>
      </trkpt>
      <trkpt lat="42.48998" lon="2.56872">
        <ele>1004.3</ele>
      </trkpt>
      <trkpt lat="42.48996" lon="2.56878">
        <ele>1003.5</ele>
      </trkpt>
      <trkpt lat="42.48993" lon="2.56884">
        <ele>1002.7</ele>
      </trkpt>
      <trkpt lat="42.48989" lon="2.56892">
        <ele>1001.6</ele>
      </trkpt>
      <trkpt lat="42.48985" lon="2.569">
        <ele>1000.5</ele>
      </trkpt>
      <trkpt lat="42.48981" lon="2.56908">
        <ele>999.4</ele>
      </trkpt>
      <trkpt lat="42.48977" lon="2.56916">
        <ele>998.5</ele>
      </trkpt>
      <trkpt lat="42.48972" lon="2.56924">
        <ele>997.7</ele>
      </trkpt>
      <trkpt lat="42.48968" lon="2.56932">
        <ele>996.6</ele>
      </trkpt>
      <trkpt lat="42.48964" lon="2.5694">
        <ele>995.6</ele>
      </trkpt>
      <trkpt lat="42.4896" lon="2.56948">
        <ele>994.6</ele>
      </trkpt>
      <trkpt lat="42.48955" lon="2.56955">
        <ele>993.9</ele>
      </trkpt>
      <trkpt lat="42.4895" lon="2.56962">
        <ele>993.2</ele>
      </trkpt>
      <trkpt lat="42.48945" lon="2.56968">
        <ele>992.6</ele>
      </trkpt>
      <trkpt lat="42.4894" lon="2.56975">
        <ele>991.5</ele>
      </trkpt>
      <trkpt lat="42.48935" lon="2.56979">
        <ele>990.7</ele>
      </trkpt>
      <trkpt lat="42.4893" lon="2.56983">
        <ele>990</ele>
      </trkpt>
      <trkpt lat="42.48924" lon="2.56987">
        <ele>989.4</ele>
      </trkpt>
      <trkpt lat="42.48919" lon="2.56991">
        <ele>988.8</ele>
      </trkpt>
      <trkpt lat="42.48914" lon="2.56994">
        <ele>988.4</ele>
      </trkpt>
      <trkpt lat="42.48909" lon="2.56997">
        <ele>988</ele>
      </trkpt>
      <trkpt lat="42.48904" lon="2.56999">
        <ele>987.6</ele>
      </trkpt>
      <trkpt lat="42.489" lon="2.57002">
        <ele>987.3</ele>
      </trkpt>
      <trkpt lat="42.48895" lon="2.57005">
        <ele>987.1</ele>
      </trkpt>
      <trkpt lat="42.4889" lon="2.57008">
        <ele>986.9</ele>
      </trkpt>
      <trkpt lat="42.48885" lon="2.5701">
        <ele>986.7</ele>
      </trkpt>
      <trkpt lat="42.4888" lon="2.57013">
        <ele>986.6</ele>
      </trkpt>
      <trkpt lat="42.48876" lon="2.57018">
        <ele>986.2</ele>
      </trkpt>
      <trkpt lat="42.48871" lon="2.57024">
        <ele>985.8</ele>
      </trkpt>
      <trkpt lat="42.48867" lon="2.57029">
        <ele>985.5</ele>
      </trkpt>
      <trkpt lat="42.48862" lon="2.57034">
        <ele>985.5</ele>
      </trkpt>
      <trkpt lat="42.48862" lon="2.57042">
        <ele>985</ele>
      </trkpt>
      <trkpt lat="42.48861" lon="2.5705">
        <ele>984.4</ele>
      </trkpt>
      <trkpt lat="42.48864" lon="2.57056">
        <ele>983.9</ele>
      </trkpt>
      <trkpt lat="42.48867" lon="2.57061">
        <ele>984.3</ele>
      </trkpt>
      <trkpt lat="42.48867" lon="2.57062">
        <ele>984.4</ele>
      </trkpt>
      <trkpt lat="42.48873" lon="2.57062">
        <ele>984.2</ele>
      </trkpt>
      <trkpt lat="42.48878" lon="2.57061">
        <ele>984</ele>
      </trkpt>
      <trkpt lat="42.48883" lon="2.57059">
        <ele>983.6</ele>
      </trkpt>
      <trkpt lat="42.48887" lon="2.57057">
        <ele>983.2</ele>
      </trkpt>
      <trkpt lat="42.48892" lon="2.57054">
        <ele>982.9</ele>
      </trkpt>
      <trkpt lat="42.48896" lon="2.57052">
        <ele>982.8</ele>
      </trkpt>
      <trkpt lat="42.48904" lon="2.5705">
        <ele>982.6</ele>
      </trkpt>
      <trkpt lat="42.48912" lon="2.57047">
        <ele>982.2</ele>
      </trkpt>
      <trkpt lat="42.4892" lon="2.57045">
        <ele>981.7</ele>
      </trkpt>
      <trkpt lat="42.48928" lon="2.57042">
        <ele>980.8</ele>
      </trkpt>
      <trkpt lat="42.48933" lon="2.5704">
        <ele>980.2</ele>
      </trkpt>
      <trkpt lat="42.48938" lon="2.57038">
        <ele>979.5</ele>
      </trkpt>
      <trkpt lat="42.48943" lon="2.57036">
        <ele>978.7</ele>
      </trkpt>
      <trkpt lat="42.48948" lon="2.57034">
        <ele>978</ele>
      </trkpt>
      <trkpt lat="42.48953" lon="2.57031">
        <ele>977.3</ele>
      </trkpt>
      <trkpt lat="42.48958" lon="2.57029">
        <ele>976.6</ele>
      </trkpt>
      <trkpt lat="42.48963" lon="2.57027">
        <ele>976.1</ele>
      </trkpt>
      <trkpt lat="42.48968" lon="2.57025">
        <ele>976</ele>
      </trkpt>
      <trkpt lat="42.48973" lon="2.57023">
        <ele>975.7</ele>
      </trkpt>
      <trkpt lat="42.48978" lon="2.57021">
        <ele>975.2</ele>
      </trkpt>
      <trkpt lat="42.48983" lon="2.57019">
        <ele>974.6</ele>
      </trkpt>
      <trkpt lat="42.48988" lon="2.57017">
        <ele>974</ele>
      </trkpt>
      <trkpt lat="42.48993" lon="2.57014">
        <ele>973.3</ele>
      </trkpt>
      <trkpt lat="42.48998" lon="2.57012">
        <ele>972.6</ele>
      </trkpt>
      <trkpt lat="42.49003" lon="2.5701">
        <ele>971.9</ele>
      </trkpt>
      <trkpt lat="42.49008" lon="2.57008">
        <ele>971.1</ele>
      </trkpt>
      <trkpt lat="42.49012" lon="2.57003">
        <ele>971</ele>
      </trkpt>
      <trkpt lat="42.49016" lon="2.56999">
        <ele>971</ele>
      </trkpt>
      <trkpt lat="42.49019" lon="2.56994">
        <ele>971.1</ele>
      </trkpt>
      <trkpt lat="42.49023" lon="2.56989">
        <ele>971.1</ele>
      </trkpt>
      <trkpt lat="42.49028" lon="2.56986">
        <ele>970.6</ele>
      </trkpt>
      <trkpt lat="42.49033" lon="2.56982">
        <ele>970</ele>
      </trkpt>
      <trkpt lat="42.49037" lon="2.56979">
        <ele>969.2</ele>
      </trkpt>
      <trkpt lat="42.49042" lon="2.56976">
        <ele>968.4</ele>
      </trkpt>
      <trkpt lat="42.49047" lon="2.56972">
        <ele>967.6</ele>
      </trkpt>
      <trkpt lat="42.49052" lon="2.56969">
        <ele>967.2</ele>
      </trkpt>
      <trkpt lat="42.49056" lon="2.56965">
        <ele>966.8</ele>
      </trkpt>
      <trkpt lat="42.49061" lon="2.56962">
        <ele>966.2</ele>
      </trkpt>
      <trkpt lat="42.49065" lon="2.56958">
        <ele>965.9</ele>
      </trkpt>
      <trkpt lat="42.4907" lon="2.56953">
        <ele>965.2</ele>
      </trkpt>
      <trkpt lat="42.49074" lon="2.56949">
        <ele>964.4</ele>
      </trkpt>
      <trkpt lat="42.49078" lon="2.56945">
        <ele>963.3</ele>
      </trkpt>
      <trkpt lat="42.49082" lon="2.5694">
        <ele>962.9</ele>
      </trkpt>
      <trkpt lat="42.49087" lon="2.56936">
        <ele>963.3</ele>
      </trkpt>
      <trkpt lat="42.49091" lon="2.56931">
        <ele>963.9</ele>
      </trkpt>
      <trkpt lat="42.49095" lon="2.56927">
        <ele>964.4</ele>
      </trkpt>
      <trkpt lat="42.49104" lon="2.56928">
        <ele>962.5</ele>
      </trkpt>
      <trkpt lat="42.49113" lon="2.5693">
        <ele>960.7</ele>
      </trkpt>
      <trkpt lat="42.49121" lon="2.56931">
        <ele>959.9</ele>
      </trkpt>
      <trkpt lat="42.4913" lon="2.56932">
        <ele>959</ele>
      </trkpt>
      <trkpt lat="42.49134" lon="2.56934">
        <ele>958</ele>
      </trkpt>
      <trkpt lat="42.49139" lon="2.56937">
        <ele>956.9</ele>
      </trkpt>
      <trkpt lat="42.49143" lon="2.56939">
        <ele>956.2</ele>
      </trkpt>
      <trkpt lat="42.49148" lon="2.56941">
        <ele>955.5</ele>
      </trkpt>
      <trkpt lat="42.49152" lon="2.56943">
        <ele>954.9</ele>
      </trkpt>
      <trkpt lat="42.49157" lon="2.56946">
        <ele>954.4</ele>
      </trkpt>
      <trkpt lat="42.49161" lon="2.56948">
        <ele>954</ele>
      </trkpt>
      <trkpt lat="42.49166" lon="2.5695">
        <ele>953.6</ele>
      </trkpt>
      <trkpt lat="42.4917" lon="2.56952">
        <ele>953.2</ele>
      </trkpt>
      <trkpt lat="42.49174" lon="2.56955">
        <ele>952.8</ele>
      </trkpt>
      <trkpt lat="42.49179" lon="2.56957">
        <ele>952.5</ele>
      </trkpt>
      <trkpt lat="42.49183" lon="2.56959">
        <ele>952.2</ele>
      </trkpt>
      <trkpt lat="42.49188" lon="2.56961">
        <ele>952</ele>
      </trkpt>
      <trkpt lat="42.49192" lon="2.56964">
        <ele>951.7</ele>
      </trkpt>
      <trkpt lat="42.49197" lon="2.56966">
        <ele>951</ele>
      </trkpt>
      <trkpt lat="42.49201" lon="2.56968">
        <ele>949.6</ele>
      </trkpt>
      <trkpt lat="42.49206" lon="2.56967">
        <ele>949</ele>
      </trkpt>
      <trkpt lat="42.4921" lon="2.56965">
        <ele>948.4</ele>
      </trkpt>
      <trkpt lat="42.49215" lon="2.56964">
        <ele>947.9</ele>
      </trkpt>
      <trkpt lat="42.4922" lon="2.56962">
        <ele>947.5</ele>
      </trkpt>
      <trkpt lat="42.49224" lon="2.56961">
        <ele>947.1</ele>
      </trkpt>
      <trkpt lat="42.49229" lon="2.56959">
        <ele>946.9</ele>
      </trkpt>
      <trkpt lat="42.49233" lon="2.56958">
        <ele>946.7</ele>
      </trkpt>
      <trkpt lat="42.49238" lon="2.56956">
        <ele>946.5</ele>
      </trkpt>
      <trkpt lat="42.49245" lon="2.56955">
        <ele>945.9</ele>
      </trkpt>
      <trkpt lat="42.49251" lon="2.56954">
        <ele>945.7</ele>
      </trkpt>
      <trkpt lat="42.49256" lon="2.56958">
        <ele>945.1</ele>
      </trkpt>
      <trkpt lat="42.49261" lon="2.56962">
        <ele>944.5</ele>
      </trkpt>
      <trkpt lat="42.49265" lon="2.56965">
        <ele>944</ele>
      </trkpt>
      <trkpt lat="42.4927" lon="2.56969">
        <ele>943.6</ele>
      </trkpt>
      <trkpt lat="42.49274" lon="2.56973">
        <ele>943.1</ele>
      </trkpt>
      <trkpt lat="42.49279" lon="2.56977">
        <ele>942.7</ele>
      </trkpt>
      <trkpt lat="42.49283" lon="2.56981">
        <ele>941.9</ele>
      </trkpt>
      <trkpt lat="42.49287" lon="2.56985">
        <ele>941.1</ele>
      </trkpt>
      <trkpt lat="42.49291" lon="2.56989">
        <ele>940.4</ele>
      </trkpt>
      <trkpt lat="42.49296" lon="2.56993">
        <ele>939.8</ele>
      </trkpt>
      <trkpt lat="42.493" lon="2.56997">
        <ele>939.2</ele>
      </trkpt>
      <trkpt lat="42.49304" lon="2.57001">
        <ele>938.7</ele>
      </trkpt>
      <trkpt lat="42.49304" lon="2.57008">
        <ele>937.4</ele>
      </trkpt>
      <trkpt lat="42.49303" lon="2.57015">
        <ele>936.1</ele>
      </trkpt>
      <trkpt lat="42.49299" lon="2.57022">
        <ele>934.5</ele>
      </trkpt>
      <trkpt lat="42.49295" lon="2.57022">
        <ele>934.2</ele>
      </trkpt>
      <trkpt lat="42.49289" lon="2.57022">
        <ele>933.7</ele>
      </trkpt>
      <trkpt lat="42.49282" lon="2.57022">
        <ele>933.2</ele>
      </trkpt>
      <trkpt lat="42.49279" lon="2.57018">
        <ele>933.6</ele>
      </trkpt>
      <trkpt lat="42.49276" lon="2.57013">
        <ele>933.4</ele>
      </trkpt>
      <trkpt lat="42.49272" lon="2.57009">
        <ele>933.1</ele>
      </trkpt>
      <trkpt lat="42.49269" lon="2.57004">
        <ele>933</ele>
      </trkpt>
      <trkpt lat="42.49261" lon="2.57001">
        <ele>931.6</ele>
      </trkpt>
      <trkpt lat="42.49253" lon="2.56997">
        <ele>930.8</ele>
      </trkpt>
      <trkpt lat="42.49249" lon="2.57002">
        <ele>928.7</ele>
      </trkpt>
      <trkpt lat="42.49244" lon="2.57007">
        <ele>928.1</ele>
      </trkpt>
      <trkpt lat="42.4924" lon="2.57012">
        <ele>927.5</ele>
      </trkpt>
      <trkpt lat="42.49235" lon="2.57017">
        <ele>927.1</ele>
      </trkpt>
      <trkpt lat="42.49231" lon="2.57026">
        <ele>925.4</ele>
      </trkpt>
      <trkpt lat="42.49226" lon="2.57035">
        <ele>923.9</ele>
      </trkpt>
      <trkpt lat="42.49222" lon="2.57041">
        <ele>923.2</ele>
      </trkpt>
      <trkpt lat="42.49218" lon="2.57048">
        <ele>921.8</ele>
      </trkpt>
      <trkpt lat="42.49214" lon="2.57054">
        <ele>920.2</ele>
      </trkpt>
      <trkpt lat="42.4921" lon="2.5706">
        <ele>918.3</ele>
      </trkpt>
      <trkpt lat="42.49204" lon="2.57062">
        <ele>918</ele>
      </trkpt>
      <trkpt lat="42.49197" lon="2.57064">
        <ele>917.8</ele>
      </trkpt>
      <trkpt lat="42.49191" lon="2.57066">
        <ele>916.8</ele>
      </trkpt>
      <trkpt lat="42.49184" lon="2.57068">
        <ele>915.4</ele>
      </trkpt>
      <trkpt lat="42.49178" lon="2.5707">
        <ele>914</ele>
      </trkpt>
      <trkpt lat="42.49171" lon="2.57072">
        <ele>912.5</ele>
      </trkpt>
      <trkpt lat="42.49165" lon="2.57074">
        <ele>912</ele>
      </trkpt>
      <trkpt lat="42.49158" lon="2.57076">
        <ele>913.3</ele>
      </trkpt>
      <trkpt lat="42.49156" lon="2.57082">
        <ele>912.4</ele>
      </trkpt>
      <trkpt lat="42.49153" lon="2.57088">
        <ele>911.9</ele>
      </trkpt>
      <trkpt lat="42.49151" lon="2.57094">
        <ele>911.5</ele>
      </trkpt>
      <trkpt lat="42.49148" lon="2.57101">
        <ele>911.2</ele>
      </trkpt>
      <trkpt lat="42.49146" lon="2.57107">
        <ele>911</ele>
      </trkpt>
      <trkpt lat="42.49143" lon="2.57113">
        <ele>910.7</ele>
      </trkpt>
      <trkpt lat="42.49141" lon="2.57119">
        <ele>909.8</ele>
      </trkpt>
      <trkpt lat="42.49138" lon="2.57125">
        <ele>908.7</ele>
      </trkpt>
      <trkpt lat="42.49134" lon="2.5713">
        <ele>908.1</ele>
      </trkpt>
      <trkpt lat="42.4913" lon="2.57135">
        <ele>907.3</ele>
      </trkpt>
      <trkpt lat="42.49125" lon="2.5714">
        <ele>906.4</ele>
      </trkpt>
      <trkpt lat="42.49121" lon="2.57146">
        <ele>905.7</ele>
      </trkpt>
      <trkpt lat="42.49117" lon="2.57151">
        <ele>905.2</ele>
      </trkpt>
      <trkpt lat="42.49113" lon="2.57156">
        <ele>904.8</ele>
      </trkpt>
      <trkpt lat="42.49108" lon="2.57161">
        <ele>904.9</ele>
      </trkpt>
      <trkpt lat="42.49104" lon="2.57166">
        <ele>905.3</ele>
      </trkpt>
      <trkpt lat="42.49104" lon="2.57174">
        <ele>904.4</ele>
      </trkpt>
      <trkpt lat="42.49103" lon="2.57181">
        <ele>903.6</ele>
      </trkpt>
      <trkpt lat="42.49103" lon="2.57189">
        <ele>902.8</ele>
      </trkpt>
      <trkpt lat="42.49102" lon="2.57196">
        <ele>902</ele>
      </trkpt>
      <trkpt lat="42.491" lon="2.57205">
        <ele>901.8</ele>
      </trkpt>
      <trkpt lat="42.49097" lon="2.57214">
        <ele>901.5</ele>
      </trkpt>
      <trkpt lat="42.49095" lon="2.57222">
        <ele>901.2</ele>
      </trkpt>
      <trkpt lat="42.49092" lon="2.57231">
        <ele>901.2</ele>
      </trkpt>
      <trkpt lat="42.49092" lon="2.5724">
        <ele>900.2</ele>
      </trkpt>
      <trkpt lat="42.49092" lon="2.57249">
        <ele>899.3</ele>
      </trkpt>
      <trkpt lat="42.49091" lon="2.57258">
        <ele>898.1</ele>
      </trkpt>
      <trkpt lat="42.49091" lon="2.57267">
        <ele>897</ele>
      </trkpt>
      <trkpt lat="42.49088" lon="2.57278">
        <ele>896.9</ele>
      </trkpt>
      <trkpt lat="42.49084" lon="2.57289">
        <ele>896.5</ele>
      </trkpt>
      <trkpt lat="42.49081" lon="2.573">
        <ele>896.1</ele>
      </trkpt>
      <trkpt lat="42.49078" lon="2.57312">
        <ele>894.4</ele>
      </trkpt>
      <trkpt lat="42.49074" lon="2.57323">
        <ele>891.8</ele>
      </trkpt>
      <trkpt lat="42.49071" lon="2.57334">
        <ele>889.3</ele>
      </trkpt>
      <trkpt lat="42.49067" lon="2.57345">
        <ele>888.7</ele>
      </trkpt>
      <trkpt lat="42.49064" lon="2.57356">
        <ele>888.5</ele>
      </trkpt>
      <trkpt lat="42.49067" lon="2.57365">
        <ele>885.4</ele>
      </trkpt>
      <trkpt lat="42.49064" lon="2.57375">
        <ele>886.7</ele>
      </trkpt>
      <trkpt lat="42.49062" lon="2.57385">
        <ele>888.1</ele>
      </trkpt>
      <trkpt lat="42.49059" lon="2.57395">
        <ele>889</ele>
      </trkpt>
      <trkpt lat="42.49056" lon="2.57405">
        <ele>889.4</ele>
      </trkpt>
      <trkpt lat="42.49057" lon="2.57417">
        <ele>887.4</ele>
      </trkpt>
      <trkpt lat="42.49057" lon="2.57429">
        <ele>885.8</ele>
      </trkpt>
      <trkpt lat="42.49055" lon="2.57439">
        <ele>885.9</ele>
      </trkpt>
      <trkpt lat="42.49053" lon="2.57448">
        <ele>885.7</ele>
      </trkpt>
      <trkpt lat="42.49051" lon="2.57458">
        <ele>885.3</ele>
      </trkpt>
      <trkpt lat="42.49049" lon="2.57467">
        <ele>884.8</ele>
      </trkpt>
      <trkpt lat="42.49047" lon="2.57477">
        <ele>884.6</ele>
      </trkpt>
      <trkpt lat="42.49045" lon="2.57486">
        <ele>884.4</ele>
      </trkpt>
      <trkpt lat="42.49042" lon="2.57492">
        <ele>884.9</ele>
      </trkpt>
      <trkpt lat="42.49039" lon="2.57498">
        <ele>885.2</ele>
      </trkpt>
      <trkpt lat="42.49036" lon="2.57504">
        <ele>885.1</ele>
      </trkpt>
      <trkpt lat="42.49034" lon="2.5751">
        <ele>884.9</ele>
      </trkpt>
      <trkpt lat="42.49031" lon="2.57516">
        <ele>884.6</ele>
      </trkpt>
      <trkpt lat="42.49028" lon="2.57521">
        <ele>884.4</ele>
      </trkpt>
      <trkpt lat="42.49025" lon="2.57527">
        <ele>884.6</ele>
      </trkpt>
      <trkpt lat="42.49022" lon="2.57533">
        <ele>884.1</ele>
      </trkpt>
      <trkpt lat="42.49019" lon="2.57539">
        <ele>883.7</ele>
      </trkpt>
      <trkpt lat="42.49016" lon="2.57545">
        <ele>883.2</ele>
      </trkpt>
      <trkpt lat="42.49013" lon="2.57551">
        <ele>882.7</ele>
      </trkpt>
      <trkpt lat="42.49011" lon="2.57557">
        <ele>882.3</ele>
      </trkpt>
      <trkpt lat="42.49008" lon="2.57563">
        <ele>881.8</ele>
      </trkpt>
      <trkpt lat="42.49005" lon="2.57569">
        <ele>881.2</ele>
      </trkpt>
      <trkpt lat="42.49002" lon="2.57575">
        <ele>880.8</ele>
      </trkpt>
      <trkpt lat="42.48999" lon="2.57581">
        <ele>880.5</ele>
      </trkpt>
      <trkpt lat="42.48996" lon="2.57586">
        <ele>880.5</ele>
      </trkpt>
      <trkpt lat="42.48993" lon="2.57592">
        <ele>880.8</ele>
      </trkpt>
      <trkpt lat="42.4899" lon="2.57598">
        <ele>881</ele>
      </trkpt>
      <trkpt lat="42.48988" lon="2.57604">
        <ele>881</ele>
      </trkpt>
      <trkpt lat="42.48985" lon="2.5761">
        <ele>880.9</ele>
      </trkpt>
      <trkpt lat="42.48982" lon="2.57616">
        <ele>880.7</ele>
      </trkpt>
      <trkpt lat="42.48979" lon="2.57622">
        <ele>880.4</ele>
      </trkpt>
      <trkpt lat="42.48976" lon="2.57628">
        <ele>880.2</ele>
      </trkpt>
      <trkpt lat="42.48973" lon="2.57634">
        <ele>879.9</ele>
      </trkpt>
      <trkpt lat="42.4897" lon="2.5764">
        <ele>879.9</ele>
      </trkpt>
      <trkpt lat="42.48967" lon="2.57646">
        <ele>880.4</ele>
      </trkpt>
      <trkpt lat="42.48965" lon="2.57651">
        <ele>881</ele>
      </trkpt>
      <trkpt lat="42.48962" lon="2.57657">
        <ele>881.4</ele>
      </trkpt>
      <trkpt lat="42.48959" lon="2.57663">
        <ele>881.9</ele>
      </trkpt>
      <trkpt lat="42.48956" lon="2.57669">
        <ele>882.3</ele>
      </trkpt>
      <trkpt lat="42.48953" lon="2.57675">
        <ele>882.8</ele>
      </trkpt>
      <trkpt lat="42.48952" lon="2.57683">
        <ele>882.2</ele>
      </trkpt>
      <trkpt lat="42.48951" lon="2.5769">
        <ele>881.5</ele>
      </trkpt>
      <trkpt lat="42.48949" lon="2.57698">
        <ele>880.8</ele>
      </trkpt>
      <trkpt lat="42.48948" lon="2.57705">
        <ele>879.9</ele>
      </trkpt>
      <trkpt lat="42.48945" lon="2.57713">
        <ele>879.6</ele>
      </trkpt>
      <trkpt lat="42.48941" lon="2.57721">
        <ele>878.8</ele>
      </trkpt>
      <trkpt lat="42.48938" lon="2.57729">
        <ele>876.7</ele>
      </trkpt>
      <trkpt lat="42.48934" lon="2.57737">
        <ele>874.3</ele>
      </trkpt>
      <trkpt lat="42.48941" lon="2.57744">
        <ele>871.2</ele>
      </trkpt>
      <trkpt lat="42.48948" lon="2.57751">
        <ele>867.8</ele>
      </trkpt>
      <trkpt lat="42.48954" lon="2.5775">
        <ele>866.8</ele>
      </trkpt>
      <trkpt lat="42.4896" lon="2.5775">
        <ele>865.8</ele>
      </trkpt>
      <trkpt lat="42.48966" lon="2.57749">
        <ele>864.7</ele>
      </trkpt>
      <trkpt lat="42.48972" lon="2.57748">
        <ele>863.6</ele>
      </trkpt>
      <trkpt lat="42.48971" lon="2.57756">
        <ele>861.4</ele>
      </trkpt>
      <trkpt lat="42.48969" lon="2.57763">
        <ele>858.9</ele>
      </trkpt>
      <trkpt lat="42.48964" lon="2.5777">
        <ele>857.3</ele>
      </trkpt>
      <trkpt lat="42.48959" lon="2.57776">
        <ele>855.6</ele>
      </trkpt>
      <trkpt lat="42.48957" lon="2.57784">
        <ele>852.2</ele>
      </trkpt>
      <trkpt lat="42.48955" lon="2.57788">
        <ele>850.5</ele>
      </trkpt>
      <trkpt lat="42.4895" lon="2.57797">
        <ele>846.7</ele>
      </trkpt>
      <trkpt lat="42.48944" lon="2.57803">
        <ele>844.5</ele>
      </trkpt>
      <trkpt lat="42.48937" lon="2.57808">
        <ele>841.8</ele>
      </trkpt>
      <trkpt lat="42.4893" lon="2.5781">
        <ele>841</ele>
      </trkpt>
      <trkpt lat="42.48922" lon="2.57811">
        <ele>840.3</ele>
      </trkpt>
      <trkpt lat="42.4892" lon="2.57818">
        <ele>837</ele>
      </trkpt>
      <trkpt lat="42.48917" lon="2.57824">
        <ele>833.7</ele>
      </trkpt>
      <trkpt lat="42.48915" lon="2.57831">
        <ele>830.7</ele>
      </trkpt>
      <trkpt lat="42.48912" lon="2.57837">
        <ele>828.1</ele>
      </trkpt>
      <trkpt lat="42.48909" lon="2.57842">
        <ele>826.6</ele>
      </trkpt>
      <trkpt lat="42.48905" lon="2.57847">
        <ele>825.2</ele>
      </trkpt>
      <trkpt lat="42.48902" lon="2.57851">
        <ele>823.7</ele>
      </trkpt>
      <trkpt lat="42.48899" lon="2.57856">
        <ele>822.4</ele>
      </trkpt>
      <trkpt lat="42.48895" lon="2.57861">
        <ele>821</ele>
      </trkpt>
      <trkpt lat="42.48892" lon="2.57866">
        <ele>819.8</ele>
      </trkpt>
      <trkpt lat="42.48888" lon="2.5787">
        <ele>818.4</ele>
      </trkpt>
      <trkpt lat="42.48885" lon="2.57875">
        <ele>816.9</ele>
      </trkpt>
      <trkpt lat="42.4888" lon="2.5788">
        <ele>815.4</ele>
      </trkpt>
      <trkpt lat="42.48875" lon="2.57885">
        <ele>814</ele>
      </trkpt>
      <trkpt lat="42.48869" lon="2.5789">
        <ele>812.6</ele>
      </trkpt>
      <trkpt lat="42.48864" lon="2.57895">
        <ele>810.9</ele>
      </trkpt>
      <trkpt lat="42.48861" lon="2.579">
        <ele>809</ele>
      </trkpt>
      <trkpt lat="42.48858" lon="2.57904">
        <ele>807.1</ele>
      </trkpt>
      <trkpt lat="42.48855" lon="2.57909">
        <ele>805.2</ele>
      </trkpt>
      <trkpt lat="42.48852" lon="2.57914">
        <ele>803.4</ele>
      </trkpt>
      <trkpt lat="42.48849" lon="2.57918">
        <ele>801.8</ele>
      </trkpt>
      <trkpt lat="42.48846" lon="2.57923">
        <ele>800.3</ele>
      </trkpt>
      <trkpt lat="42.48843" lon="2.57927">
        <ele>798.8</ele>
      </trkpt>
      <trkpt lat="42.4884" lon="2.57932">
        <ele>797.3</ele>
      </trkpt>
      <trkpt lat="42.4884" lon="2.57941">
        <ele>793.9</ele>
      </trkpt>
      <trkpt lat="42.48834" lon="2.57944">
        <ele>793.1</ele>
      </trkpt>
      <trkpt lat="42.48838" lon="2.57949">
        <ele>791.6</ele>
      </trkpt>
      <trkpt lat="42.48841" lon="2.57953">
        <ele>790.1</ele>
      </trkpt>
      <trkpt lat="42.48839" lon="2.57961">
        <ele>787.9</ele>
      </trkpt>
      <trkpt lat="42.48837" lon="2.57969">
        <ele>785.8</ele>
      </trkpt>
      <trkpt lat="42.48844" lon="2.57976">
        <ele>783</ele>
      </trkpt>
      <trkpt lat="42.48841" lon="2.57985">
        <ele>779.3</ele>
      </trkpt>
      <trkpt lat="42.48846" lon="2.57996">
        <ele>774.9</ele>
      </trkpt>
      <trkpt lat="42.4885" lon="2.58006">
        <ele>770.8</ele>
      </trkpt>
      <trkpt lat="42.48856" lon="2.58008">
        <ele>770.1</ele>
      </trkpt>
      <trkpt lat="42.4886" lon="2.58015">
        <ele>767.6</ele>
      </trkpt>
      <trkpt lat="42.48858" lon="2.58021">
        <ele>765.3</ele>
      </trkpt>
      <trkpt lat="42.48855" lon="2.58027">
        <ele>763.1</ele>
      </trkpt>
      <trkpt lat="42.48853" lon="2.58033">
        <ele>761.2</ele>
      </trkpt>
      <trkpt lat="42.4885" lon="2.58039">
        <ele>759.5</ele>
      </trkpt>
      <trkpt lat="42.48845" lon="2.58043">
        <ele>758.3</ele>
      </trkpt>
      <trkpt lat="42.4884" lon="2.58048">
        <ele>757.1</ele>
      </trkpt>
      <trkpt lat="42.48835" lon="2.58052">
        <ele>756</ele>
      </trkpt>
      <trkpt lat="42.4883" lon="2.58056">
        <ele>754.7</ele>
      </trkpt>
      <trkpt lat="42.48823" lon="2.58059">
        <ele>753.7</ele>
      </trkpt>
      <trkpt lat="42.48816" lon="2.58061">
        <ele>752.8</ele>
      </trkpt>
      <trkpt lat="42.48811" lon="2.5807">
        <ele>750.9</ele>
      </trkpt>
      <trkpt lat="42.48806" lon="2.58078">
        <ele>749</ele>
      </trkpt>
      <trkpt lat="42.48804" lon="2.58085">
        <ele>747.8</ele>
      </trkpt>
      <trkpt lat="42.48802" lon="2.58091">
        <ele>746.9</ele>
      </trkpt>
      <trkpt lat="42.488" lon="2.58101">
        <ele>745.3</ele>
      </trkpt>
      <trkpt lat="42.48798" lon="2.58111">
        <ele>743.7</ele>
      </trkpt>
      <trkpt lat="42.48797" lon="2.58121">
        <ele>744.7</ele>
      </trkpt>
      <trkpt lat="42.48796" lon="2.5813">
        <ele>745.7</ele>
      </trkpt>
      <trkpt lat="42.48797" lon="2.58139">
        <ele>746.6</ele>
      </trkpt>
      <trkpt lat="42.48797" lon="2.58147">
        <ele>748.8</ele>
      </trkpt>
      <trkpt lat="42.48793" lon="2.58151">
        <ele>749.7</ele>
      </trkpt>
      <trkpt lat="42.48789" lon="2.58154">
        <ele>750.5</ele>
      </trkpt>
      <trkpt lat="42.48782" lon="2.58155">
        <ele>750.7</ele>
      </trkpt>
      <trkpt lat="42.48776" lon="2.58156">
        <ele>751</ele>
      </trkpt>
      <trkpt lat="42.48769" lon="2.58157">
        <ele>751.6</ele>
      </trkpt>
      <trkpt lat="42.48762" lon="2.58158">
        <ele>752.3</ele>
      </trkpt>
      <trkpt lat="42.48754" lon="2.58158">
        <ele>752.7</ele>
      </trkpt>
      <trkpt lat="42.48745" lon="2.58158">
        <ele>753.4</ele>
      </trkpt>
      <trkpt lat="42.48737" lon="2.58158">
        <ele>754.2</ele>
      </trkpt>
      <trkpt lat="42.48728" lon="2.58158">
        <ele>755</ele>
      </trkpt>
      <trkpt lat="42.48722" lon="2.5816">
        <ele>755.9</ele>
      </trkpt>
      <trkpt lat="42.48716" lon="2.58161">
        <ele>756.2</ele>
      </trkpt>
      <trkpt lat="42.48709" lon="2.58163">
        <ele>756.4</ele>
      </trkpt>
      <trkpt lat="42.48703" lon="2.58164">
        <ele>756.6</ele>
      </trkpt>
      <trkpt lat="42.48697" lon="2.5817">
        <ele>757.9</ele>
      </trkpt>
      <trkpt lat="42.48691" lon="2.58175">
        <ele>758.6</ele>
      </trkpt>
      <trkpt lat="42.48687" lon="2.58185">
        <ele>759.9</ele>
      </trkpt>
      <trkpt lat="42.48682" lon="2.58195">
        <ele>760.6</ele>
      </trkpt>
      <trkpt lat="42.4868" lon="2.58201">
        <ele>760.6</ele>
      </trkpt>
      <trkpt lat="42.48678" lon="2.58208">
        <ele>760.6</ele>
      </trkpt>
      <trkpt lat="42.48676" lon="2.58214">
        <ele>760.6</ele>
      </trkpt>
      <trkpt lat="42.48675" lon="2.58221">
        <ele>760.6</ele>
      </trkpt>
      <trkpt lat="42.48673" lon="2.58227">
        <ele>760.7</ele>
      </trkpt>
      <trkpt lat="42.48671" lon="2.58233">
        <ele>760.9</ele>
      </trkpt>
      <trkpt lat="42.48669" lon="2.5824">
        <ele>761.2</ele>
      </trkpt>
      <trkpt lat="42.48667" lon="2.58246">
        <ele>761.5</ele>
      </trkpt>
      <trkpt lat="42.48663" lon="2.58255">
        <ele>762.5</ele>
      </trkpt>
      <trkpt lat="42.48659" lon="2.58263">
        <ele>764.2</ele>
      </trkpt>
      <trkpt lat="42.48652" lon="2.58269">
        <ele>764.9</ele>
      </trkpt>
      <trkpt lat="42.48645" lon="2.58275">
        <ele>765.8</ele>
      </trkpt>
      <trkpt lat="42.48642" lon="2.58279">
        <ele>766.6</ele>
      </trkpt>
      <trkpt lat="42.48639" lon="2.58284">
        <ele>767</ele>
      </trkpt>
      <trkpt lat="42.48635" lon="2.58288">
        <ele>767.2</ele>
      </trkpt>
      <trkpt lat="42.48632" lon="2.58292">
        <ele>767.5</ele>
      </trkpt>
      <trkpt lat="42.48628" lon="2.583">
        <ele>768.5</ele>
      </trkpt>
      <trkpt lat="42.48623" lon="2.58308">
        <ele>769.9</ele>
      </trkpt>
      <trkpt lat="42.48625" lon="2.58315">
        <ele>771.9</ele>
      </trkpt>
      <trkpt lat="42.48627" lon="2.58322">
        <ele>773.9</ele>
      </trkpt>
      <trkpt lat="42.48634" lon="2.58315">
        <ele>773.1</ele>
      </trkpt>
      <trkpt lat="42.48641" lon="2.58308">
        <ele>772</ele>
      </trkpt>
      <trkpt lat="42.48646" lon="2.58305">
        <ele>771.8</ele>
      </trkpt>
      <trkpt lat="42.4865" lon="2.58302">
        <ele>771.9</ele>
      </trkpt>
      <trkpt lat="42.48655" lon="2.58299">
        <ele>771.9</ele>
      </trkpt>
      <trkpt lat="42.48659" lon="2.58296">
        <ele>771.9</ele>
      </trkpt>
      <trkpt lat="42.48655" lon="2.58299">
        <ele>771.9</ele>
      </trkpt>
      <trkpt lat="42.4865" lon="2.58302">
        <ele>771.9</ele>
      </trkpt>
      <trkpt lat="42.48646" lon="2.58305">
        <ele>771.8</ele>
      </trkpt>
      <trkpt lat="42.48641" lon="2.58308">
        <ele>772</ele>
      </trkpt>
      <trkpt lat="42.48634" lon="2.58315">
        <ele>773.1</ele>
      </trkpt>
      <trkpt lat="42.48627" lon="2.58322">
        <ele>773.9</ele>
      </trkpt>
      <trkpt lat="42.48621" lon="2.58329">
        <ele>774.5</ele>
      </trkpt>
      <trkpt lat="42.48614" lon="2.58335">
        <ele>774.9</ele>
      </trkpt>
      <trkpt lat="42.48611" lon="2.58343">
        <ele>776</ele>
      </trkpt>
      <trkpt lat="42.48608" lon="2.58351">
        <ele>776.9</ele>
      </trkpt>
      <trkpt lat="42.48604" lon="2.58358">
        <ele>777.9</ele>
      </trkpt>
      <trkpt lat="42.48601" lon="2.58366">
        <ele>778.5</ele>
      </trkpt>
      <trkpt lat="42.48598" lon="2.58374">
        <ele>778.9</ele>
      </trkpt>
      <trkpt lat="42.48595" lon="2.58383">
        <ele>779.1</ele>
      </trkpt>
      <trkpt lat="42.48592" lon="2.58391">
        <ele>779.3</ele>
      </trkpt>
      <trkpt lat="42.4859" lon="2.584">
        <ele>779.7</ele>
      </trkpt>
      <trkpt lat="42.48587" lon="2.58408">
        <ele>780</ele>
      </trkpt>
      <trkpt lat="42.48584" lon="2.58416">
        <ele>780.1</ele>
      </trkpt>
      <trkpt lat="42.48581" lon="2.58425">
        <ele>780.8</ele>
      </trkpt>
      <trkpt lat="42.48578" lon="2.58433">
        <ele>781.3</ele>
      </trkpt>
      <trkpt lat="42.48577" lon="2.58444">
        <ele>782.7</ele>
      </trkpt>
      <trkpt lat="42.48576" lon="2.58454">
        <ele>784.2</ele>
      </trkpt>
      <trkpt lat="42.48574" lon="2.58465">
        <ele>785.7</ele>
      </trkpt>
      <trkpt lat="42.48573" lon="2.58476">
        <ele>787</ele>
      </trkpt>
      <trkpt lat="42.48572" lon="2.58486">
        <ele>788.1</ele>
      </trkpt>
      <trkpt lat="42.48571" lon="2.58497">
        <ele>789.1</ele>
      </trkpt>
      <trkpt lat="42.48569" lon="2.58507">
        <ele>790.1</ele>
      </trkpt>
      <trkpt lat="42.48568" lon="2.58518">
        <ele>791.1</ele>
      </trkpt>
      <trkpt lat="42.48565" lon="2.58528">
        <ele>791.2</ele>
      </trkpt>
      <trkpt lat="42.48562" lon="2.58538">
        <ele>791.6</ele>
      </trkpt>
      <trkpt lat="42.48559" lon="2.58548">
        <ele>791.9</ele>
      </trkpt>
      <trkpt lat="42.48557" lon="2.58559">
        <ele>792.2</ele>
      </trkpt>
      <trkpt lat="42.48554" lon="2.58569">
        <ele>792.8</ele>
      </trkpt>
      <trkpt lat="42.48551" lon="2.58579">
        <ele>793.4</ele>
      </trkpt>
      <trkpt lat="42.48548" lon="2.58589">
        <ele>793.7</ele>
      </trkpt>
      <trkpt lat="42.48545" lon="2.58599">
        <ele>793.6</ele>
      </trkpt>
      <trkpt lat="42.48545" lon="2.58607">
        <ele>794.8</ele>
      </trkpt>
      <trkpt lat="42.48546" lon="2.58615">
        <ele>795.8</ele>
      </trkpt>
      <trkpt lat="42.48546" lon="2.58622">
        <ele>796.4</ele>
      </trkpt>
      <trkpt lat="42.48546" lon="2.5863">
        <ele>797</ele>
      </trkpt>
      <trkpt lat="42.48545" lon="2.58639">
        <ele>796.8</ele>
      </trkpt>
      <trkpt lat="42.48544" lon="2.58648">
        <ele>797.1</ele>
      </trkpt>
      <trkpt lat="42.48542" lon="2.58656">
        <ele>797.5</ele>
      </trkpt>
      <trkpt lat="42.48541" lon="2.58665">
        <ele>797.9</ele>
      </trkpt>
      <trkpt lat="42.48538" lon="2.58674">
        <ele>797.6</ele>
      </trkpt>
      <trkpt lat="42.48536" lon="2.58684">
        <ele>797.5</ele>
      </trkpt>
      <trkpt lat="42.48533" lon="2.58693">
        <ele>797.7</ele>
      </trkpt>
      <trkpt lat="42.4853" lon="2.58702">
        <ele>798.4</ele>
      </trkpt>
      <trkpt lat="42.48527" lon="2.58708">
        <ele>798.7</ele>
      </trkpt>
      <trkpt lat="42.48523" lon="2.58716">
        <ele>799.2</ele>
      </trkpt>
      <trkpt lat="42.48519" lon="2.58724">
        <ele>799.8</ele>
      </trkpt>
      <trkpt lat="42.48515" lon="2.58732">
        <ele>800.2</ele>
      </trkpt>
      <trkpt lat="42.48511" lon="2.5874">
        <ele>800.8</ele>
      </trkpt>
      <trkpt lat="42.48507" lon="2.58748">
        <ele>801.4</ele>
      </trkpt>
      <trkpt lat="42.48503" lon="2.58756">
        <ele>801.2</ele>
      </trkpt>
      <trkpt lat="42.48499" lon="2.58764">
        <ele>800.7</ele>
      </trkpt>
      <trkpt lat="42.48495" lon="2.58772">
        <ele>800.2</ele>
      </trkpt>
      <trkpt lat="42.48494" lon="2.58779">
        <ele>800.1</ele>
      </trkpt>
      <trkpt lat="42.48492" lon="2.58785">
        <ele>799.8</ele>
      </trkpt>
      <trkpt lat="42.4849" lon="2.58791">
        <ele>799.3</ele>
      </trkpt>
      <trkpt lat="42.48488" lon="2.58797">
        <ele>798.9</ele>
      </trkpt>
      <trkpt lat="42.48486" lon="2.58803">
        <ele>798.5</ele>
      </trkpt>
      <trkpt lat="42.48485" lon="2.58809">
        <ele>798.4</ele>
      </trkpt>
      <trkpt lat="42.48483" lon="2.58815">
        <ele>798.5</ele>
      </trkpt>
      <trkpt lat="42.48481" lon="2.58821">
        <ele>798.7</ele>
      </trkpt>
      <trkpt lat="42.48479" lon="2.58827">
        <ele>798.8</ele>
      </trkpt>
      <trkpt lat="42.48477" lon="2.58833">
        <ele>799</ele>
      </trkpt>
      <trkpt lat="42.48475" lon="2.58839">
        <ele>799</ele>
      </trkpt>
      <trkpt lat="42.48473" lon="2.58845">
        <ele>799</ele>
      </trkpt>
      <trkpt lat="42.48471" lon="2.58851">
        <ele>799</ele>
      </trkpt>
      <trkpt lat="42.4847" lon="2.58857">
        <ele>798.7</ele>
      </trkpt>
      <trkpt lat="42.48468" lon="2.58863">
        <ele>798.4</ele>
      </trkpt>
      <trkpt lat="42.48466" lon="2.58869">
        <ele>798.2</ele>
      </trkpt>
      <trkpt lat="42.48464" lon="2.58875">
        <ele>798.1</ele>
      </trkpt>
      <trkpt lat="42.48462" lon="2.58881">
        <ele>798.1</ele>
      </trkpt>
      <trkpt lat="42.48462" lon="2.58892">
        <ele>798.6</ele>
      </trkpt>
      <trkpt lat="42.48463" lon="2.58903">
        <ele>797.6</ele>
      </trkpt>
      <trkpt lat="42.48463" lon="2.58913">
        <ele>796.6</ele>
      </trkpt>
      <trkpt lat="42.48463" lon="2.58924">
        <ele>795.8</ele>
      </trkpt>
      <trkpt lat="42.48464" lon="2.58935">
        <ele>795.4</ele>
      </trkpt>
      <trkpt lat="42.48465" lon="2.58947">
        <ele>795.3</ele>
      </trkpt>
      <trkpt lat="42.48466" lon="2.58958">
        <ele>796.5</ele>
      </trkpt>
      <trkpt lat="42.48467" lon="2.58969">
        <ele>797.6</ele>
      </trkpt>
      <trkpt lat="42.48463" lon="2.58975">
        <ele>797.3</ele>
      </trkpt>
      <trkpt lat="42.48459" lon="2.58981">
        <ele>797.2</ele>
      </trkpt>
      <trkpt lat="42.48455" lon="2.58986">
        <ele>797</ele>
      </trkpt>
      <trkpt lat="42.48451" lon="2.58992">
        <ele>796.7</ele>
      </trkpt>
      <trkpt lat="42.48447" lon="2.58998">
        <ele>796.4</ele>
      </trkpt>
      <trkpt lat="42.48443" lon="2.59004">
        <ele>796</ele>
      </trkpt>
      <trkpt lat="42.48439" lon="2.5901">
        <ele>795.5</ele>
      </trkpt>
      <trkpt lat="42.48435" lon="2.59016">
        <ele>795.1</ele>
      </trkpt>
      <trkpt lat="42.48431" lon="2.59022">
        <ele>794.8</ele>
      </trkpt>
      <trkpt lat="42.48427" lon="2.59028">
        <ele>794.5</ele>
      </trkpt>
      <trkpt lat="42.48423" lon="2.59034">
        <ele>794.4</ele>
      </trkpt>
      <trkpt lat="42.48419" lon="2.5904">
        <ele>794.3</ele>
      </trkpt>
      <trkpt lat="42.48414" lon="2.59046">
        <ele>793.9</ele>
      </trkpt>
      <trkpt lat="42.4841" lon="2.59052">
        <ele>793.5</ele>
      </trkpt>
      <trkpt lat="42.48406" lon="2.59058">
        <ele>793</ele>
      </trkpt>
      <trkpt lat="42.48402" lon="2.59064">
        <ele>792.4</ele>
      </trkpt>
      <trkpt lat="42.48398" lon="2.5907">
        <ele>791.8</ele>
      </trkpt>
      <trkpt lat="42.48394" lon="2.59076">
        <ele>791</ele>
      </trkpt>
      <trkpt lat="42.4839" lon="2.59082">
        <ele>790.3</ele>
      </trkpt>
      <trkpt lat="42.48386" lon="2.59088">
        <ele>789.4</ele>
      </trkpt>
      <trkpt lat="42.48382" lon="2.59098">
        <ele>789.2</ele>
      </trkpt>
      <trkpt lat="42.48378" lon="2.59108">
        <ele>788.9</ele>
      </trkpt>
      <trkpt lat="42.48373" lon="2.59117">
        <ele>788.8</ele>
      </trkpt>
      <trkpt lat="42.48369" lon="2.59127">
        <ele>788.6</ele>
      </trkpt>
      <trkpt lat="42.48366" lon="2.59132">
        <ele>788.2</ele>
      </trkpt>
      <trkpt lat="42.48364" lon="2.59138">
        <ele>787.8</ele>
      </trkpt>
      <trkpt lat="42.48361" lon="2.59143">
        <ele>787.4</ele>
      </trkpt>
      <trkpt lat="42.48358" lon="2.59148">
        <ele>787.2</ele>
      </trkpt>
      <trkpt lat="42.48355" lon="2.59153">
        <ele>787.1</ele>
      </trkpt>
      <trkpt lat="42.48353" lon="2.59159">
        <ele>786.9</ele>
      </trkpt>
      <trkpt lat="42.4835" lon="2.59164">
        <ele>786.8</ele>
      </trkpt>
      <trkpt lat="42.48347" lon="2.59169">
        <ele>786.8</ele>
      </trkpt>
      <trkpt lat="42.48341" lon="2.59177">
        <ele>786.2</ele>
      </trkpt>
      <trkpt lat="42.48335" lon="2.59185">
        <ele>785.8</ele>
      </trkpt>
      <trkpt lat="42.4833" lon="2.59192">
        <ele>785.6</ele>
      </trkpt>
      <trkpt lat="42.48325" lon="2.59198">
        <ele>785.5</ele>
      </trkpt>
      <trkpt lat="42.48319" lon="2.59203">
        <ele>784.9</ele>
      </trkpt>
      <trkpt lat="42.48312" lon="2.59209">
        <ele>784.2</ele>
      </trkpt>
      <trkpt lat="42.48306" lon="2.59214">
        <ele>783.5</ele>
      </trkpt>
      <trkpt lat="42.48299" lon="2.59219">
        <ele>782.8</ele>
      </trkpt>
      <trkpt lat="42.48293" lon="2.59224">
        <ele>781.9</ele>
      </trkpt>
      <trkpt lat="42.48286" lon="2.5923">
        <ele>780.9</ele>
      </trkpt>
      <trkpt lat="42.4828" lon="2.59235">
        <ele>779.8</ele>
      </trkpt>
      <trkpt lat="42.48273" lon="2.5924">
        <ele>779.2</ele>
      </trkpt>
      <trkpt lat="42.4827" lon="2.59246">
        <ele>779.4</ele>
      </trkpt>
      <trkpt lat="42.48267" lon="2.59252">
        <ele>779.4</ele>
      </trkpt>
      <trkpt lat="42.48265" lon="2.5926">
        <ele>779.2</ele>
      </trkpt>
      <trkpt lat="42.48264" lon="2.59268">
        <ele>778.9</ele>
      </trkpt>
      <trkpt lat="42.48262" lon="2.59276">
        <ele>778.7</ele>
      </trkpt>
      <trkpt lat="42.4826" lon="2.59284">
        <ele>778</ele>
      </trkpt>
      <trkpt lat="42.48258" lon="2.59291">
        <ele>777.1</ele>
      </trkpt>
      <trkpt lat="42.48257" lon="2.59299">
        <ele>776.2</ele>
      </trkpt>
      <trkpt lat="42.48255" lon="2.59307">
        <ele>775.2</ele>
      </trkpt>
      <trkpt lat="42.48253" lon="2.59315">
        <ele>774.8</ele>
      </trkpt>
      <trkpt lat="42.48252" lon="2.59322">
        <ele>774.6</ele>
      </trkpt>
      <trkpt lat="42.48249" lon="2.5933">
        <ele>773.6</ele>
      </trkpt>
      <trkpt lat="42.48246" lon="2.59337">
        <ele>772.8</ele>
      </trkpt>
      <trkpt lat="42.48242" lon="2.59345">
        <ele>772.2</ele>
      </trkpt>
      <trkpt lat="42.48239" lon="2.59352">
        <ele>771.5</ele>
      </trkpt>
      <trkpt lat="42.48234" lon="2.5936">
        <ele>770.3</ele>
      </trkpt>
      <trkpt lat="42.48229" lon="2.59367">
        <ele>769.8</ele>
      </trkpt>
      <trkpt lat="42.48222" lon="2.59374">
        <ele>768.7</ele>
      </trkpt>
      <trkpt lat="42.48215" lon="2.5938">
        <ele>768</ele>
      </trkpt>
      <trkpt lat="42.4821" lon="2.59383">
        <ele>767.2</ele>
      </trkpt>
      <trkpt lat="42.48205" lon="2.59385">
        <ele>766.4</ele>
      </trkpt>
      <trkpt lat="42.48199" lon="2.59388">
        <ele>765.8</ele>
      </trkpt>
      <trkpt lat="42.48194" lon="2.5939">
        <ele>765.2</ele>
      </trkpt>
      <trkpt lat="42.48188" lon="2.59394">
        <ele>765.2</ele>
      </trkpt>
      <trkpt lat="42.48182" lon="2.59398">
        <ele>765.1</ele>
      </trkpt>
      <trkpt lat="42.48176" lon="2.59402">
        <ele>764.8</ele>
      </trkpt>
      <trkpt lat="42.48171" lon="2.59406">
        <ele>764.4</ele>
      </trkpt>
      <trkpt lat="42.48165" lon="2.59409">
        <ele>764.1</ele>
      </trkpt>
      <trkpt lat="42.48159" lon="2.59413">
        <ele>763.8</ele>
      </trkpt>
      <trkpt lat="42.48153" lon="2.59417">
        <ele>763.6</ele>
      </trkpt>
      <trkpt lat="42.48147" lon="2.59421">
        <ele>762.9</ele>
      </trkpt>
      <trkpt lat="42.48145" lon="2.59431">
        <ele>763</ele>
      </trkpt>
      <trkpt lat="42.48142" lon="2.5944">
        <ele>762.5</ele>
      </trkpt>
      <trkpt lat="42.4814" lon="2.5945">
        <ele>761.7</ele>
      </trkpt>
      <trkpt lat="42.48138" lon="2.59459">
        <ele>760.7</ele>
      </trkpt>
      <trkpt lat="42.48135" lon="2.59469">
        <ele>759.6</ele>
      </trkpt>
      <trkpt lat="42.48133" lon="2.59478">
        <ele>759.1</ele>
      </trkpt>
      <trkpt lat="42.4813" lon="2.59488">
        <ele>758.8</ele>
      </trkpt>
      <trkpt lat="42.48128" lon="2.59498">
        <ele>758.5</ele>
      </trkpt>
      <trkpt lat="42.48126" lon="2.59507">
        <ele>757.9</ele>
      </trkpt>
      <trkpt lat="42.48123" lon="2.59517">
        <ele>757.1</ele>
      </trkpt>
      <trkpt lat="42.48121" lon="2.59526">
        <ele>756.2</ele>
      </trkpt>
      <trkpt lat="42.48119" lon="2.59536">
        <ele>755.6</ele>
      </trkpt>
      <trkpt lat="42.48116" lon="2.59545">
        <ele>755.1</ele>
      </trkpt>
      <trkpt lat="42.48114" lon="2.59555">
        <ele>754.7</ele>
      </trkpt>
      <trkpt lat="42.48111" lon="2.59564">
        <ele>754.1</ele>
      </trkpt>
      <trkpt lat="42.48109" lon="2.59574">
        <ele>754.3</ele>
      </trkpt>
      <trkpt lat="42.48107" lon="2.59583">
        <ele>754.6</ele>
      </trkpt>
      <trkpt lat="42.48104" lon="2.59591">
        <ele>754.4</ele>
      </trkpt>
      <trkpt lat="42.48099" lon="2.59597">
        <ele>753.3</ele>
      </trkpt>
      <trkpt lat="42.48094" lon="2.59602">
        <ele>752</ele>
      </trkpt>
      <trkpt lat="42.48093" lon="2.59609">
        <ele>752</ele>
      </trkpt>
      <trkpt lat="42.48092" lon="2.59616">
        <ele>751.8</ele>
      </trkpt>
      <trkpt lat="42.48091" lon="2.59622">
        <ele>751.5</ele>
      </trkpt>
      <trkpt lat="42.4809" lon="2.59629">
        <ele>751.1</ele>
      </trkpt>
      <trkpt lat="42.48089" lon="2.59636">
        <ele>750.7</ele>
      </trkpt>
      <trkpt lat="42.48088" lon="2.59643">
        <ele>750.2</ele>
      </trkpt>
      <trkpt lat="42.48087" lon="2.59649">
        <ele>749.8</ele>
      </trkpt>
      <trkpt lat="42.48086" lon="2.59656">
        <ele>749.3</ele>
      </trkpt>
      <trkpt lat="42.48085" lon="2.59665">
        <ele>748.9</ele>
      </trkpt>
      <trkpt lat="42.48085" lon="2.59675">
        <ele>748.3</ele>
      </trkpt>
      <trkpt lat="42.48084" lon="2.59684">
        <ele>747.6</ele>
      </trkpt>
      <trkpt lat="42.48083" lon="2.59693">
        <ele>746.9</ele>
      </trkpt>
      <trkpt lat="42.48081" lon="2.597">
        <ele>746.6</ele>
      </trkpt>
      <trkpt lat="42.4808" lon="2.59708">
        <ele>746.5</ele>
      </trkpt>
      <trkpt lat="42.48078" lon="2.59715">
        <ele>746.3</ele>
      </trkpt>
      <trkpt lat="42.48076" lon="2.59722">
        <ele>746.1</ele>
      </trkpt>
      <trkpt lat="42.48075" lon="2.59729">
        <ele>745.9</ele>
      </trkpt>
      <trkpt lat="42.48074" lon="2.59737">
        <ele>745.7</ele>
      </trkpt>
      <trkpt lat="42.48073" lon="2.59744">
        <ele>745.5</ele>
      </trkpt>
      <trkpt lat="42.48072" lon="2.59751">
        <ele>745.3</ele>
      </trkpt>
      <trkpt lat="42.4807" lon="2.59758">
        <ele>744.9</ele>
      </trkpt>
      <trkpt lat="42.48069" lon="2.59766">
        <ele>744.4</ele>
      </trkpt>
      <trkpt lat="42.48068" lon="2.59773">
        <ele>744</ele>
      </trkpt>
      <trkpt lat="42.48067" lon="2.5978">
        <ele>743.4</ele>
      </trkpt>
      <trkpt lat="42.48068" lon="2.59789">
        <ele>743.3</ele>
      </trkpt>
      <trkpt lat="42.48068" lon="2.59799">
        <ele>743.1</ele>
      </trkpt>
      <trkpt lat="42.48069" lon="2.59808">
        <ele>743.1</ele>
      </trkpt>
      <trkpt lat="42.48069" lon="2.59817">
        <ele>743.5</ele>
      </trkpt>
      <trkpt lat="42.48068" lon="2.59828">
        <ele>743</ele>
      </trkpt>
      <trkpt lat="42.48066" lon="2.59838">
        <ele>743.1</ele>
      </trkpt>
      <trkpt lat="42.48062" lon="2.59842">
        <ele>742.1</ele>
      </trkpt>
      <trkpt lat="42.48059" lon="2.59846">
        <ele>741.3</ele>
      </trkpt>
      <trkpt lat="42.48055" lon="2.59849">
        <ele>740.7</ele>
      </trkpt>
      <trkpt lat="42.48051" lon="2.59853">
        <ele>740.6</ele>
      </trkpt>
      <trkpt lat="42.48044" lon="2.59858">
        <ele>740.2</ele>
      </trkpt>
      <trkpt lat="42.48038" lon="2.59862">
        <ele>739.9</ele>
      </trkpt>
      <trkpt lat="42.48031" lon="2.59867">
        <ele>739.6</ele>
      </trkpt>
      <trkpt lat="42.48024" lon="2.59871">
        <ele>738.9</ele>
      </trkpt>
      <trkpt lat="42.4802" lon="2.59874">
        <ele>738.5</ele>
      </trkpt>
      <trkpt lat="42.48015" lon="2.59877">
        <ele>738.2</ele>
      </trkpt>
      <trkpt lat="42.48011" lon="2.5988">
        <ele>737.9</ele>
      </trkpt>
      <trkpt lat="42.48007" lon="2.59883">
        <ele>737.7</ele>
      </trkpt>
      <trkpt lat="42.48002" lon="2.59885">
        <ele>737.5</ele>
      </trkpt>
      <trkpt lat="42.47998" lon="2.59888">
        <ele>737.2</ele>
      </trkpt>
      <trkpt lat="42.47993" lon="2.59891">
        <ele>736.7</ele>
      </trkpt>
      <trkpt lat="42.47989" lon="2.59894">
        <ele>736.1</ele>
      </trkpt>
      <trkpt lat="42.47984" lon="2.59901">
        <ele>736.5</ele>
      </trkpt>
      <trkpt lat="42.47979" lon="2.59909">
        <ele>736.8</ele>
      </trkpt>
      <trkpt lat="42.47973" lon="2.59916">
        <ele>737.1</ele>
      </trkpt>
      <trkpt lat="42.47968" lon="2.59924">
        <ele>736.8</ele>
      </trkpt>
      <trkpt lat="42.47963" lon="2.59931">
        <ele>736.7</ele>
      </trkpt>
      <trkpt lat="42.47958" lon="2.59938">
        <ele>736.9</ele>
      </trkpt>
      <trkpt lat="42.47952" lon="2.59946">
        <ele>737.6</ele>
      </trkpt>
      <trkpt lat="42.47947" lon="2.59953">
        <ele>738.5</ele>
      </trkpt>
      <trkpt lat="42.47943" lon="2.59956">
        <ele>738.4</ele>
      </trkpt>
      <trkpt lat="42.47939" lon="2.59959">
        <ele>738.5</ele>
      </trkpt>
      <trkpt lat="42.47935" lon="2.59962">
        <ele>738.6</ele>
      </trkpt>
      <trkpt lat="42.47931" lon="2.59965">
        <ele>738.8</ele>
      </trkpt>
      <trkpt lat="42.47927" lon="2.59964">
        <ele>737.6</ele>
      </trkpt>
      <trkpt lat="42.4792" lon="2.59969">
        <ele>737.8</ele>
      </trkpt>
      <trkpt lat="42.47914" lon="2.59975">
        <ele>738.4</ele>
      </trkpt>
      <trkpt lat="42.47907" lon="2.5998">
        <ele>739</ele>
      </trkpt>
      <trkpt lat="42.479" lon="2.59986">
        <ele>739.5</ele>
      </trkpt>
      <trkpt lat="42.47893" lon="2.59991">
        <ele>739.7</ele>
      </trkpt>
      <trkpt lat="42.47887" lon="2.59996">
        <ele>740.1</ele>
      </trkpt>
      <trkpt lat="42.4788" lon="2.60002">
        <ele>741</ele>
      </trkpt>
      <trkpt lat="42.47873" lon="2.60007">
        <ele>741.8</ele>
      </trkpt>
      <trkpt lat="42.4787" lon="2.60014">
        <ele>742.7</ele>
      </trkpt>
      <trkpt lat="42.47867" lon="2.6002">
        <ele>743.6</ele>
      </trkpt>
      <trkpt lat="42.47864" lon="2.60027">
        <ele>744.3</ele>
      </trkpt>
      <trkpt lat="42.47862" lon="2.60033">
        <ele>744.8</ele>
      </trkpt>
      <trkpt lat="42.47859" lon="2.6004">
        <ele>745.4</ele>
      </trkpt>
      <trkpt lat="42.47856" lon="2.60046">
        <ele>746</ele>
      </trkpt>
      <trkpt lat="42.47853" lon="2.60053">
        <ele>746.7</ele>
      </trkpt>
      <trkpt lat="42.4785" lon="2.60059">
        <ele>747.2</ele>
      </trkpt>
      <trkpt lat="42.47843" lon="2.60067">
        <ele>747.2</ele>
      </trkpt>
      <trkpt lat="42.47837" lon="2.60075">
        <ele>746.9</ele>
      </trkpt>
      <trkpt lat="42.4783" lon="2.60083">
        <ele>745.1</ele>
      </trkpt>
      <trkpt lat="42.47823" lon="2.60091">
        <ele>741.8</ele>
      </trkpt>
      <trkpt lat="42.47821" lon="2.60098">
        <ele>740.5</ele>
      </trkpt>
      <trkpt lat="42.47818" lon="2.60105">
        <ele>739.3</ele>
      </trkpt>
      <trkpt lat="42.47816" lon="2.60111">
        <ele>738</ele>
      </trkpt>
      <trkpt lat="42.47813" lon="2.60118">
        <ele>736.8</ele>
      </trkpt>
      <trkpt lat="42.47813" lon="2.60125">
        <ele>736.8</ele>
      </trkpt>
      <trkpt lat="42.47813" lon="2.60131">
        <ele>736.8</ele>
      </trkpt>
      <trkpt lat="42.47812" lon="2.60137">
        <ele>736.4</ele>
      </trkpt>
      <trkpt lat="42.47812" lon="2.60143">
        <ele>735.9</ele>
      </trkpt>
      <trkpt lat="42.47811" lon="2.60149">
        <ele>735.3</ele>
      </trkpt>
      <trkpt lat="42.4781" lon="2.60156">
        <ele>734.8</ele>
      </trkpt>
      <trkpt lat="42.4781" lon="2.60162">
        <ele>734.2</ele>
      </trkpt>
      <trkpt lat="42.47809" lon="2.60168">
        <ele>733.6</ele>
      </trkpt>
      <trkpt lat="42.47808" lon="2.60174">
        <ele>732.9</ele>
      </trkpt>
      <trkpt lat="42.47808" lon="2.6018">
        <ele>732.1</ele>
      </trkpt>
      <trkpt lat="42.47807" lon="2.60186">
        <ele>731.3</ele>
      </trkpt>
      <trkpt lat="42.47806" lon="2.60192">
        <ele>730.5</ele>
      </trkpt>
      <trkpt lat="42.47805" lon="2.60198">
        <ele>730.2</ele>
      </trkpt>
      <trkpt lat="42.47805" lon="2.60205">
        <ele>730.2</ele>
      </trkpt>
      <trkpt lat="42.47804" lon="2.60211">
        <ele>730.2</ele>
      </trkpt>
      <trkpt lat="42.47803" lon="2.60217">
        <ele>730.2</ele>
      </trkpt>
      <trkpt lat="42.47803" lon="2.60223">
        <ele>730.2</ele>
      </trkpt>
      <trkpt lat="42.47802" lon="2.60229">
        <ele>730</ele>
      </trkpt>
      <trkpt lat="42.47799" lon="2.60236">
        <ele>728.6</ele>
      </trkpt>
      <trkpt lat="42.47796" lon="2.60243">
        <ele>727.3</ele>
      </trkpt>
      <trkpt lat="42.47793" lon="2.6025">
        <ele>726.2</ele>
      </trkpt>
      <trkpt lat="42.4779" lon="2.60257">
        <ele>725.1</ele>
      </trkpt>
      <trkpt lat="42.47782" lon="2.60262">
        <ele>721.1</ele>
      </trkpt>
      <trkpt lat="42.47777" lon="2.60264">
        <ele>718.4</ele>
      </trkpt>
      <trkpt lat="42.47776" lon="2.60271">
        <ele>717.9</ele>
      </trkpt>
      <trkpt lat="42.47774" lon="2.60278">
        <ele>717.5</ele>
      </trkpt>
      <trkpt lat="42.47773" lon="2.60285">
        <ele>717.1</ele>
      </trkpt>
      <trkpt lat="42.47772" lon="2.60292">
        <ele>716.6</ele>
      </trkpt>
      <trkpt lat="42.4777" lon="2.60299">
        <ele>716.2</ele>
      </trkpt>
      <trkpt lat="42.47769" lon="2.60306">
        <ele>715.9</ele>
      </trkpt>
      <trkpt lat="42.47767" lon="2.60313">
        <ele>715.4</ele>
      </trkpt>
      <trkpt lat="42.47766" lon="2.6032">
        <ele>714.9</ele>
      </trkpt>
      <trkpt lat="42.47762" lon="2.60327">
        <ele>712.8</ele>
      </trkpt>
      <trkpt lat="42.47758" lon="2.60333">
        <ele>710.9</ele>
      </trkpt>
      <trkpt lat="42.47757" lon="2.60344">
        <ele>710.5</ele>
      </trkpt>
      <trkpt lat="42.47756" lon="2.60355">
        <ele>710</ele>
      </trkpt>
      <trkpt lat="42.47754" lon="2.60366">
        <ele>709.5</ele>
      </trkpt>
      <trkpt lat="42.47753" lon="2.60377">
        <ele>709.2</ele>
      </trkpt>
      <trkpt lat="42.47752" lon="2.60388">
        <ele>708.9</ele>
      </trkpt>
      <trkpt lat="42.47751" lon="2.60399">
        <ele>708.2</ele>
      </trkpt>
      <trkpt lat="42.47749" lon="2.6041">
        <ele>707.7</ele>
      </trkpt>
      <trkpt lat="42.47748" lon="2.60421">
        <ele>707.2</ele>
      </trkpt>
      <trkpt lat="42.47745" lon="2.6043">
        <ele>706</ele>
      </trkpt>
      <trkpt lat="42.47741" lon="2.60439">
        <ele>705</ele>
      </trkpt>
      <trkpt lat="42.47737" lon="2.60444">
        <ele>703.8</ele>
      </trkpt>
      <trkpt lat="42.47733" lon="2.6045">
        <ele>702.6</ele>
      </trkpt>
      <trkpt lat="42.47729" lon="2.60455">
        <ele>701.6</ele>
      </trkpt>
      <trkpt lat="42.47725" lon="2.60461">
        <ele>700.8</ele>
      </trkpt>
      <trkpt lat="42.4772" lon="2.60466">
        <ele>700.2</ele>
      </trkpt>
      <trkpt lat="42.47716" lon="2.60471">
        <ele>699.8</ele>
      </trkpt>
      <trkpt lat="42.47712" lon="2.60477">
        <ele>698.8</ele>
      </trkpt>
      <trkpt lat="42.47708" lon="2.60482">
        <ele>697.8</ele>
      </trkpt>
      <trkpt lat="42.47701" lon="2.60486">
        <ele>696.7</ele>
      </trkpt>
      <trkpt lat="42.47694" lon="2.6049">
        <ele>696</ele>
      </trkpt>
      <trkpt lat="42.47692" lon="2.60499">
        <ele>696</ele>
      </trkpt>
      <trkpt lat="42.47689" lon="2.60508">
        <ele>694</ele>
      </trkpt>
      <trkpt lat="42.47687" lon="2.60517">
        <ele>691.9</ele>
      </trkpt>
      <trkpt lat="42.47684" lon="2.60526">
        <ele>689.8</ele>
      </trkpt>
      <trkpt lat="42.47687" lon="2.60535">
        <ele>687.2</ele>
      </trkpt>
      <trkpt lat="42.4769" lon="2.60544">
        <ele>684.8</ele>
      </trkpt>
      <trkpt lat="42.47688" lon="2.60553">
        <ele>682.4</ele>
      </trkpt>
      <trkpt lat="42.47686" lon="2.60561">
        <ele>680.2</ele>
      </trkpt>
      <trkpt lat="42.47683" lon="2.6057">
        <ele>678.3</ele>
      </trkpt>
      <trkpt lat="42.47681" lon="2.60578">
        <ele>676.2</ele>
      </trkpt>
      <trkpt lat="42.47676" lon="2.60582">
        <ele>674.5</ele>
      </trkpt>
      <trkpt lat="42.47671" lon="2.60587">
        <ele>672.8</ele>
      </trkpt>
      <trkpt lat="42.47665" lon="2.60591">
        <ele>670.9</ele>
      </trkpt>
      <trkpt lat="42.4766" lon="2.60595">
        <ele>668.9</ele>
      </trkpt>
      <trkpt lat="42.47657" lon="2.60601">
        <ele>667.1</ele>
      </trkpt>
      <trkpt lat="42.47654" lon="2.60607">
        <ele>665.5</ele>
      </trkpt>
      <trkpt lat="42.4765" lon="2.60612">
        <ele>663.9</ele>
      </trkpt>
      <trkpt lat="42.47647" lon="2.60618">
        <ele>662.1</ele>
      </trkpt>
      <trkpt lat="42.47643" lon="2.60619">
        <ele>661.2</ele>
      </trkpt>
      <trkpt lat="42.47638" lon="2.6062">
        <ele>660.2</ele>
      </trkpt>
      <trkpt lat="42.47634" lon="2.60627">
        <ele>657.5</ele>
      </trkpt>
      <trkpt lat="42.4763" lon="2.60634">
        <ele>655.2</ele>
      </trkpt>
      <trkpt lat="42.47626" lon="2.60638">
        <ele>653.9</ele>
      </trkpt>
      <trkpt lat="42.47623" lon="2.60642">
        <ele>653.3</ele>
      </trkpt>
      <trkpt lat="42.47619" lon="2.60645">
        <ele>652.7</ele>
      </trkpt>
      <trkpt lat="42.47615" lon="2.60649">
        <ele>652</ele>
      </trkpt>
      <trkpt lat="42.47611" lon="2.60652">
        <ele>650.9</ele>
      </trkpt>
      <trkpt lat="42.47606" lon="2.60654">
        <ele>649.4</ele>
      </trkpt>
      <trkpt lat="42.47603" lon="2.60655">
        <ele>648.4</ele>
      </trkpt>
      <trkpt lat="42.47599" lon="2.60659">
        <ele>647.1</ele>
      </trkpt>
      <trkpt lat="42.47595" lon="2.60663">
        <ele>645.9</ele>
      </trkpt>
      <trkpt lat="42.47591" lon="2.60667">
        <ele>644.9</ele>
      </trkpt>
      <trkpt lat="42.47587" lon="2.60671">
        <ele>644.8</ele>
      </trkpt>
      <trkpt lat="42.47582" lon="2.60675">
        <ele>644.5</ele>
      </trkpt>
      <trkpt lat="42.47578" lon="2.60679">
        <ele>643.9</ele>
      </trkpt>
      <trkpt lat="42.47574" lon="2.60683">
        <ele>643.1</ele>
      </trkpt>
      <trkpt lat="42.4757" lon="2.60687">
        <ele>642.4</ele>
      </trkpt>
      <trkpt lat="42.47566" lon="2.60696">
        <ele>642.3</ele>
      </trkpt>
      <trkpt lat="42.47562" lon="2.60705">
        <ele>641.9</ele>
      </trkpt>
      <trkpt lat="42.47558" lon="2.60713">
        <ele>641.6</ele>
      </trkpt>
      <trkpt lat="42.47554" lon="2.60722">
        <ele>641.3</ele>
      </trkpt>
      <trkpt lat="42.47551" lon="2.60732">
        <ele>641.3</ele>
      </trkpt>
      <trkpt lat="42.47548" lon="2.60741">
        <ele>641.1</ele>
      </trkpt>
      <trkpt lat="42.47548" lon="2.60748">
        <ele>641.6</ele>
      </trkpt>
      <trkpt lat="42.47547" lon="2.60754">
        <ele>641.8</ele>
      </trkpt>
      <trkpt lat="42.47547" lon="2.60761">
        <ele>641.7</ele>
      </trkpt>
      <trkpt lat="42.47546" lon="2.60767">
        <ele>641.6</ele>
      </trkpt>
      <trkpt lat="42.47544" lon="2.60773">
        <ele>640.9</ele>
      </trkpt>
      <trkpt lat="42.47545" lon="2.60784">
        <ele>641.7</ele>
      </trkpt>
      <trkpt lat="42.47543" lon="2.6079">
        <ele>641</ele>
      </trkpt>
      <trkpt lat="42.47541" lon="2.60796">
        <ele>640.3</ele>
      </trkpt>
      <trkpt lat="42.47539" lon="2.60801">
        <ele>639.5</ele>
      </trkpt>
      <trkpt lat="42.47537" lon="2.60807">
        <ele>638.9</ele>
      </trkpt>
      <trkpt lat="42.47533" lon="2.60813">
        <ele>637.7</ele>
      </trkpt>
      <trkpt lat="42.47529" lon="2.6082">
        <ele>636.8</ele>
      </trkpt>
      <trkpt lat="42.47524" lon="2.60826">
        <ele>636.3</ele>
      </trkpt>
      <trkpt lat="42.4752" lon="2.60832">
        <ele>635.9</ele>
      </trkpt>
      <trkpt lat="42.47513" lon="2.60838">
        <ele>634.6</ele>
      </trkpt>
      <trkpt lat="42.47505" lon="2.60843">
        <ele>633.7</ele>
      </trkpt>
      <trkpt lat="42.47499" lon="2.60846">
        <ele>632.7</ele>
      </trkpt>
      <trkpt lat="42.47493" lon="2.60849">
        <ele>631.4</ele>
      </trkpt>
      <trkpt lat="42.47487" lon="2.60851">
        <ele>630</ele>
      </trkpt>
      <trkpt lat="42.47481" lon="2.60854">
        <ele>628.5</ele>
      </trkpt>
      <trkpt lat="42.47477" lon="2.60857">
        <ele>627.9</ele>
      </trkpt>
      <trkpt lat="42.47473" lon="2.60861">
        <ele>627.1</ele>
      </trkpt>
      <trkpt lat="42.47469" lon="2.60864">
        <ele>626.2</ele>
      </trkpt>
      <trkpt lat="42.47465" lon="2.60868">
        <ele>625.3</ele>
      </trkpt>
      <trkpt lat="42.4746" lon="2.60871">
        <ele>624.3</ele>
      </trkpt>
      <trkpt lat="42.47456" lon="2.60874">
        <ele>623.2</ele>
      </trkpt>
      <trkpt lat="42.47452" lon="2.60878">
        <ele>622</ele>
      </trkpt>
      <trkpt lat="42.47448" lon="2.60881">
        <ele>620.8</ele>
      </trkpt>
      <trkpt lat="42.47445" lon="2.60886">
        <ele>619.9</ele>
      </trkpt>
      <trkpt lat="42.47442" lon="2.60892">
        <ele>619.6</ele>
      </trkpt>
      <trkpt lat="42.47438" lon="2.60897">
        <ele>619.3</ele>
      </trkpt>
      <trkpt lat="42.47435" lon="2.60902">
        <ele>618.7</ele>
      </trkpt>
      <trkpt lat="42.47433" lon="2.60908">
        <ele>618.5</ele>
      </trkpt>
      <trkpt lat="42.47431" lon="2.60914">
        <ele>618.1</ele>
      </trkpt>
      <trkpt lat="42.47429" lon="2.6092">
        <ele>617.5</ele>
      </trkpt>
      <trkpt lat="42.47427" lon="2.60926">
        <ele>617</ele>
      </trkpt>
      <trkpt lat="42.47425" lon="2.60932">
        <ele>616.7</ele>
      </trkpt>
      <trkpt lat="42.47423" lon="2.60938">
        <ele>616.5</ele>
      </trkpt>
      <trkpt lat="42.47421" lon="2.60944">
        <ele>616.6</ele>
      </trkpt>
      <trkpt lat="42.47419" lon="2.6095">
        <ele>615.6</ele>
      </trkpt>
      <trkpt lat="42.47415" lon="2.60956">
        <ele>614.6</ele>
      </trkpt>
      <trkpt lat="42.47411" lon="2.60962">
        <ele>613.9</ele>
      </trkpt>
      <trkpt lat="42.47407" lon="2.60967">
        <ele>613.5</ele>
      </trkpt>
      <trkpt lat="42.47403" lon="2.60973">
        <ele>613.4</ele>
      </trkpt>
      <trkpt lat="42.47398" lon="2.60983">
        <ele>612.7</ele>
      </trkpt>
      <trkpt lat="42.47393" lon="2.60993">
        <ele>613</ele>
      </trkpt>
      <trkpt lat="42.47389" lon="2.61">
        <ele>613.9</ele>
      </trkpt>
      <trkpt lat="42.47384" lon="2.61006">
        <ele>611.4</ele>
      </trkpt>
      <trkpt lat="42.47381" lon="2.61014">
        <ele>609.7</ele>
      </trkpt>
      <trkpt lat="42.47379" lon="2.61022">
        <ele>608.3</ele>
      </trkpt>
      <trkpt lat="42.47376" lon="2.61029">
        <ele>607.2</ele>
      </trkpt>
      <trkpt lat="42.47373" lon="2.61037">
        <ele>605.8</ele>
      </trkpt>
      <trkpt lat="42.47366" lon="2.61044">
        <ele>605.3</ele>
      </trkpt>
      <trkpt lat="42.47359" lon="2.6105">
        <ele>604.7</ele>
      </trkpt>
      <trkpt lat="42.47357" lon="2.61059">
        <ele>603.4</ele>
      </trkpt>
      <trkpt lat="42.47356" lon="2.61068">
        <ele>601.6</ele>
      </trkpt>
      <trkpt lat="42.47354" lon="2.61077">
        <ele>600.4</ele>
      </trkpt>
      <trkpt lat="42.47352" lon="2.61086">
        <ele>599.2</ele>
      </trkpt>
      <trkpt lat="42.47349" lon="2.61091">
        <ele>598.6</ele>
      </trkpt>
      <trkpt lat="42.47346" lon="2.61096">
        <ele>598.1</ele>
      </trkpt>
      <trkpt lat="42.47343" lon="2.61101">
        <ele>597.7</ele>
      </trkpt>
      <trkpt lat="42.4734" lon="2.61106">
        <ele>597.5</ele>
      </trkpt>
      <trkpt lat="42.47337" lon="2.61111">
        <ele>597.5</ele>
      </trkpt>
      <trkpt lat="42.47334" lon="2.61116">
        <ele>597.1</ele>
      </trkpt>
      <trkpt lat="42.47331" lon="2.61121">
        <ele>596</ele>
      </trkpt>
      <trkpt lat="42.47329" lon="2.61127">
        <ele>594.8</ele>
      </trkpt>
      <trkpt lat="42.47326" lon="2.61132">
        <ele>594</ele>
      </trkpt>
      <trkpt lat="42.47323" lon="2.61137">
        <ele>593.7</ele>
      </trkpt>
      <trkpt lat="42.4732" lon="2.61142">
        <ele>593.2</ele>
      </trkpt>
      <trkpt lat="42.47317" lon="2.61147">
        <ele>592.7</ele>
      </trkpt>
      <trkpt lat="42.47314" lon="2.61152">
        <ele>592.3</ele>
      </trkpt>
      <trkpt lat="42.47311" lon="2.61157">
        <ele>592.1</ele>
      </trkpt>
      <trkpt lat="42.47308" lon="2.61162">
        <ele>592.1</ele>
      </trkpt>
      <trkpt lat="42.47305" lon="2.61167">
        <ele>591.8</ele>
      </trkpt>
      <trkpt lat="42.47299" lon="2.61173">
        <ele>589.8</ele>
      </trkpt>
      <trkpt lat="42.47294" lon="2.61179">
        <ele>588.5</ele>
      </trkpt>
      <trkpt lat="42.47288" lon="2.61184">
        <ele>588</ele>
      </trkpt>
      <trkpt lat="42.47282" lon="2.6119">
        <ele>588.3</ele>
      </trkpt>
      <trkpt lat="42.47274" lon="2.61193">
        <ele>587.7</ele>
      </trkpt>
      <trkpt lat="42.47272" lon="2.61193">
        <ele>587.1</ele>
      </trkpt>
      <trkpt lat="42.4727" lon="2.612">
        <ele>585.5</ele>
      </trkpt>
      <trkpt lat="42.47268" lon="2.61207">
        <ele>584</ele>
      </trkpt>
      <trkpt lat="42.47266" lon="2.61213">
        <ele>582.9</ele>
      </trkpt>
      <trkpt lat="42.47264" lon="2.6122">
        <ele>582.2</ele>
      </trkpt>
      <trkpt lat="42.4726" lon="2.61227">
        <ele>581.4</ele>
      </trkpt>
      <trkpt lat="42.47255" lon="2.61234">
        <ele>580.9</ele>
      </trkpt>
      <trkpt lat="42.47251" lon="2.61241">
        <ele>580.9</ele>
      </trkpt>
      <trkpt lat="42.47246" lon="2.61248">
        <ele>579.7</ele>
      </trkpt>
      <trkpt lat="42.4724" lon="2.61252">
        <ele>578.5</ele>
      </trkpt>
      <trkpt lat="42.47234" lon="2.61256">
        <ele>577.7</ele>
      </trkpt>
      <trkpt lat="42.47227" lon="2.61259">
        <ele>577.7</ele>
      </trkpt>
      <trkpt lat="42.47221" lon="2.61263">
        <ele>578.3</ele>
      </trkpt>
      <trkpt lat="42.47214" lon="2.61262">
        <ele>577.7</ele>
      </trkpt>
      <trkpt lat="42.47206" lon="2.61261">
        <ele>577</ele>
      </trkpt>
      <trkpt lat="42.47199" lon="2.61264">
        <ele>577.4</ele>
      </trkpt>
      <trkpt lat="42.47192" lon="2.61268">
        <ele>577.2</ele>
      </trkpt>
      <trkpt lat="42.47185" lon="2.61271">
        <ele>575.9</ele>
      </trkpt>
      <trkpt lat="42.47178" lon="2.61274">
        <ele>574.6</ele>
      </trkpt>
      <trkpt lat="42.47175" lon="2.61278">
        <ele>574.6</ele>
      </trkpt>
      <trkpt lat="42.47171" lon="2.61282">
        <ele>573.7</ele>
      </trkpt>
      <trkpt lat="42.47168" lon="2.61286">
        <ele>572.6</ele>
      </trkpt>
      <trkpt lat="42.47164" lon="2.6129">
        <ele>571.2</ele>
      </trkpt>
      <trkpt lat="42.47162" lon="2.61296">
        <ele>570.5</ele>
      </trkpt>
      <trkpt lat="42.4716" lon="2.61301">
        <ele>569.7</ele>
      </trkpt>
      <trkpt lat="42.47157" lon="2.61307">
        <ele>568.9</ele>
      </trkpt>
      <trkpt lat="42.47155" lon="2.61312">
        <ele>567.6</ele>
      </trkpt>
      <trkpt lat="42.47154" lon="2.61318">
        <ele>566.9</ele>
      </trkpt>
      <trkpt lat="42.47154" lon="2.61325">
        <ele>566.2</ele>
      </trkpt>
      <trkpt lat="42.47153" lon="2.61331">
        <ele>565.6</ele>
      </trkpt>
      <trkpt lat="42.47152" lon="2.61337">
        <ele>564.5</ele>
      </trkpt>
      <trkpt lat="42.47147" lon="2.61346">
        <ele>561.8</ele>
      </trkpt>
      <trkpt lat="42.47142" lon="2.61355">
        <ele>560.4</ele>
      </trkpt>
      <trkpt lat="42.47135" lon="2.61361">
        <ele>558.9</ele>
      </trkpt>
      <trkpt lat="42.47128" lon="2.61367">
        <ele>555.5</ele>
      </trkpt>
      <trkpt lat="42.47124" lon="2.61372">
        <ele>553.9</ele>
      </trkpt>
      <trkpt lat="42.4712" lon="2.61378">
        <ele>552.9</ele>
      </trkpt>
      <trkpt lat="42.47115" lon="2.61383">
        <ele>552.6</ele>
      </trkpt>
      <trkpt lat="42.47111" lon="2.61388">
        <ele>552.9</ele>
      </trkpt>
      <trkpt lat="42.47109" lon="2.61398">
        <ele>549.3</ele>
      </trkpt>
      <trkpt lat="42.47107" lon="2.61408">
        <ele>545.7</ele>
      </trkpt>
      <trkpt lat="42.47104" lon="2.61416">
        <ele>542.4</ele>
      </trkpt>
      <trkpt lat="42.471" lon="2.61424">
        <ele>539.3</ele>
      </trkpt>
      <trkpt lat="42.47094" lon="2.61431">
        <ele>536.7</ele>
      </trkpt>
      <trkpt lat="42.47088" lon="2.61438">
        <ele>535.3</ele>
      </trkpt>
      <trkpt lat="42.47086" lon="2.61446">
        <ele>534.6</ele>
      </trkpt>
      <trkpt lat="42.47085" lon="2.61454">
        <ele>533.5</ele>
      </trkpt>
      <trkpt lat="42.47083" lon="2.61462">
        <ele>532.2</ele>
      </trkpt>
      <trkpt lat="42.47081" lon="2.6147">
        <ele>530.3</ele>
      </trkpt>
      <trkpt lat="42.47081" lon="2.6147">
        <ele>530.3</ele>
      </trkpt>
      <trkpt lat="42.47082" lon="2.6148">
        <ele>528.3</ele>
      </trkpt>
      <trkpt lat="42.47086" lon="2.61486">
        <ele>526.2</ele>
      </trkpt>
      <trkpt lat="42.47085" lon="2.6149">
        <ele>525.4</ele>
      </trkpt>
      <trkpt lat="42.4708" lon="2.61494">
        <ele>524.1</ele>
      </trkpt>
      <trkpt lat="42.47075" lon="2.61497">
        <ele>522.1</ele>
      </trkpt>
      <trkpt lat="42.47072" lon="2.61502">
        <ele>520.5</ele>
      </trkpt>
      <trkpt lat="42.47069" lon="2.61507">
        <ele>519.1</ele>
      </trkpt>
      <trkpt lat="42.47066" lon="2.61512">
        <ele>518</ele>
      </trkpt>
      <trkpt lat="42.47063" lon="2.61517">
        <ele>517.3</ele>
      </trkpt>
      <trkpt lat="42.47057" lon="2.61523">
        <ele>517</ele>
      </trkpt>
      <trkpt lat="42.47051" lon="2.61529">
        <ele>514.8</ele>
      </trkpt>
      <trkpt lat="42.47047" lon="2.61536">
        <ele>512.6</ele>
      </trkpt>
      <trkpt lat="42.47043" lon="2.61543">
        <ele>510.7</ele>
      </trkpt>
      <trkpt lat="42.47041" lon="2.61552">
        <ele>509.9</ele>
      </trkpt>
      <trkpt lat="42.47039" lon="2.61561">
        <ele>508.7</ele>
      </trkpt>
      <trkpt lat="42.47037" lon="2.61569">
        <ele>507.5</ele>
      </trkpt>
      <trkpt lat="42.47035" lon="2.61578">
        <ele>506.6</ele>
      </trkpt>
      <trkpt lat="42.4703" lon="2.61582">
        <ele>506.1</ele>
      </trkpt>
      <trkpt lat="42.47025" lon="2.61585">
        <ele>504.6</ele>
      </trkpt>
      <trkpt lat="42.47021" lon="2.61589">
        <ele>502.8</ele>
      </trkpt>
      <trkpt lat="42.47018" lon="2.61593">
        <ele>501.3</ele>
      </trkpt>
      <trkpt lat="42.47014" lon="2.61597">
        <ele>499.9</ele>
      </trkpt>
      <trkpt lat="42.4701" lon="2.61602">
        <ele>498.9</ele>
      </trkpt>
      <trkpt lat="42.47006" lon="2.61606">
        <ele>498</ele>
      </trkpt>
      <trkpt lat="42.47003" lon="2.6161">
        <ele>497.5</ele>
      </trkpt>
      <trkpt lat="42.46999" lon="2.61614">
        <ele>496.8</ele>
      </trkpt>
      <trkpt lat="42.46995" lon="2.61618">
        <ele>495.9</ele>
      </trkpt>
      <trkpt lat="42.46991" lon="2.61626">
        <ele>495.4</ele>
      </trkpt>
      <trkpt lat="42.46986" lon="2.61634">
        <ele>495.2</ele>
      </trkpt>
      <trkpt lat="42.46982" lon="2.61642">
        <ele>494.5</ele>
      </trkpt>
      <trkpt lat="42.46977" lon="2.6165">
        <ele>493.3</ele>
      </trkpt>
      <trkpt lat="42.4697" lon="2.61656">
        <ele>492.1</ele>
      </trkpt>
      <trkpt lat="42.46962" lon="2.61661">
        <ele>491.5</ele>
      </trkpt>
      <trkpt lat="42.46958" lon="2.61665">
        <ele>491.7</ele>
      </trkpt>
      <trkpt lat="42.46955" lon="2.61669">
        <ele>491.5</ele>
      </trkpt>
      <trkpt lat="42.46951" lon="2.61672">
        <ele>491</ele>
      </trkpt>
      <trkpt lat="42.46948" lon="2.61676">
        <ele>490.7</ele>
      </trkpt>
      <trkpt lat="42.46944" lon="2.6168">
        <ele>490.4</ele>
      </trkpt>
      <trkpt lat="42.4694" lon="2.61684">
        <ele>489.9</ele>
      </trkpt>
      <trkpt lat="42.46937" lon="2.61687">
        <ele>489.5</ele>
      </trkpt>
      <trkpt lat="42.46933" lon="2.61691">
        <ele>489.4</ele>
      </trkpt>
      <trkpt lat="42.4693" lon="2.61696">
        <ele>489.2</ele>
      </trkpt>
      <trkpt lat="42.46926" lon="2.61701">
        <ele>488.3</ele>
      </trkpt>
      <trkpt lat="42.46923" lon="2.61706">
        <ele>487.7</ele>
      </trkpt>
      <trkpt lat="42.4692" lon="2.61712">
        <ele>487.4</ele>
      </trkpt>
      <trkpt lat="42.46916" lon="2.61717">
        <ele>487.4</ele>
      </trkpt>
      <trkpt lat="42.46913" lon="2.61722">
        <ele>487.3</ele>
      </trkpt>
      <trkpt lat="42.46909" lon="2.61727">
        <ele>486.7</ele>
      </trkpt>
      <trkpt lat="42.46906" lon="2.61732">
        <ele>486.3</ele>
      </trkpt>
      <trkpt lat="42.46903" lon="2.61738">
        <ele>485.9</ele>
      </trkpt>
      <trkpt lat="42.469" lon="2.61745">
        <ele>486</ele>
      </trkpt>
      <trkpt lat="42.46897" lon="2.61751">
        <ele>486.3</ele>
      </trkpt>
      <trkpt lat="42.46894" lon="2.61757">
        <ele>486.4</ele>
      </trkpt>
      <trkpt lat="42.4689" lon="2.61764">
        <ele>486.9</ele>
      </trkpt>
      <trkpt lat="42.46887" lon="2.61772">
        <ele>486.9</ele>
      </trkpt>
      <trkpt lat="42.46883" lon="2.61779">
        <ele>486.8</ele>
      </trkpt>
      <trkpt lat="42.46879" lon="2.61786">
        <ele>486.5</ele>
      </trkpt>
      <trkpt lat="42.46875" lon="2.61793">
        <ele>486.3</ele>
      </trkpt>
      <trkpt lat="42.46871" lon="2.61801">
        <ele>486.1</ele>
      </trkpt>
      <trkpt lat="42.46867" lon="2.61808">
        <ele>485.7</ele>
      </trkpt>
      <trkpt lat="42.46863" lon="2.61815">
        <ele>484.7</ele>
      </trkpt>
      <trkpt lat="42.46857" lon="2.61822">
        <ele>483.7</ele>
      </trkpt>
      <trkpt lat="42.46851" lon="2.61828">
        <ele>483</ele>
      </trkpt>
      <trkpt lat="42.46847" lon="2.61833">
        <ele>482.6</ele>
      </trkpt>
      <trkpt lat="42.46844" lon="2.61838">
        <ele>482.1</ele>
      </trkpt>
      <trkpt lat="42.4684" lon="2.61842">
        <ele>481.7</ele>
      </trkpt>
      <trkpt lat="42.46837" lon="2.61847">
        <ele>481.5</ele>
      </trkpt>
      <trkpt lat="42.46833" lon="2.61852">
        <ele>481.4</ele>
      </trkpt>
      <trkpt lat="42.46829" lon="2.61857">
        <ele>480.9</ele>
      </trkpt>
      <trkpt lat="42.46826" lon="2.61861">
        <ele>480.5</ele>
      </trkpt>
      <trkpt lat="42.46822" lon="2.61866">
        <ele>479.8</ele>
      </trkpt>
      <trkpt lat="42.46817" lon="2.61872">
        <ele>479.3</ele>
      </trkpt>
      <trkpt lat="42.46811" lon="2.61877">
        <ele>479</ele>
      </trkpt>
      <trkpt lat="42.46806" lon="2.61883">
        <ele>478.9</ele>
      </trkpt>
      <trkpt lat="42.468" lon="2.61888">
        <ele>478.3</ele>
      </trkpt>
      <trkpt lat="42.46795" lon="2.61894">
        <ele>477.6</ele>
      </trkpt>
      <trkpt lat="42.46789" lon="2.61899">
        <ele>477.3</ele>
      </trkpt>
      <trkpt lat="42.46784" lon="2.61905">
        <ele>477.5</ele>
      </trkpt>
      <trkpt lat="42.46778" lon="2.6191">
        <ele>478.2</ele>
      </trkpt>
      <trkpt lat="42.46774" lon="2.61916">
        <ele>478</ele>
      </trkpt>
      <trkpt lat="42.46769" lon="2.61922">
        <ele>477</ele>
      </trkpt>
      <trkpt lat="42.46765" lon="2.61928">
        <ele>476.5</ele>
      </trkpt>
      <trkpt lat="42.4676" lon="2.61935">
        <ele>476.4</ele>
      </trkpt>
      <trkpt lat="42.46756" lon="2.61941">
        <ele>476.8</ele>
      </trkpt>
      <trkpt lat="42.46751" lon="2.61947">
        <ele>477.3</ele>
      </trkpt>
      <trkpt lat="42.46747" lon="2.61953">
        <ele>476.8</ele>
      </trkpt>
      <trkpt lat="42.46742" lon="2.61959">
        <ele>476.6</ele>
      </trkpt>
      <trkpt lat="42.46739" lon="2.61965">
        <ele>476.4</ele>
      </trkpt>
      <trkpt lat="42.46737" lon="2.6197">
        <ele>476.6</ele>
      </trkpt>
      <trkpt lat="42.46734" lon="2.61976">
        <ele>476.6</ele>
      </trkpt>
      <trkpt lat="42.46731" lon="2.61981">
        <ele>476.4</ele>
      </trkpt>
      <trkpt lat="42.46726" lon="2.61991">
        <ele>476.9</ele>
      </trkpt>
      <trkpt lat="42.4672" lon="2.62">
        <ele>477.5</ele>
      </trkpt>
      <trkpt lat="42.46718" lon="2.62008">
        <ele>476.1</ele>
      </trkpt>
      <trkpt lat="42.46715" lon="2.62015">
        <ele>475.1</ele>
      </trkpt>
      <trkpt lat="42.46713" lon="2.62023">
        <ele>474.3</ele>
      </trkpt>
      <trkpt lat="42.4671" lon="2.6203">
        <ele>473.6</ele>
      </trkpt>
      <trkpt lat="42.46706" lon="2.62038">
        <ele>473.6</ele>
      </trkpt>
      <trkpt lat="42.46701" lon="2.62045">
        <ele>473.9</ele>
      </trkpt>
      <trkpt lat="42.46697" lon="2.62054">
        <ele>473.6</ele>
      </trkpt>
      <trkpt lat="42.46694" lon="2.62063">
        <ele>473.6</ele>
      </trkpt>
      <trkpt lat="42.4669" lon="2.62072">
        <ele>473.5</ele>
      </trkpt>
      <trkpt lat="42.46687" lon="2.62082">
        <ele>473.6</ele>
      </trkpt>
      <trkpt lat="42.46683" lon="2.62091">
        <ele>474.3</ele>
      </trkpt>
      <trkpt lat="42.46679" lon="2.621">
        <ele>475.1</ele>
      </trkpt>
      <trkpt lat="42.46676" lon="2.62109">
        <ele>475.8</ele>
      </trkpt>
      <trkpt lat="42.46672" lon="2.62118">
        <ele>476.4</ele>
      </trkpt>
      <trkpt lat="42.46671" lon="2.62124">
        <ele>476</ele>
      </trkpt>
      <trkpt lat="42.46671" lon="2.62131">
        <ele>475.6</ele>
      </trkpt>
      <trkpt lat="42.4667" lon="2.62137">
        <ele>475.2</ele>
      </trkpt>
      <trkpt lat="42.46669" lon="2.62143">
        <ele>474.6</ele>
      </trkpt>
      <trkpt lat="42.46667" lon="2.6215">
        <ele>474.5</ele>
      </trkpt>
      <trkpt lat="42.46665" lon="2.62157">
        <ele>473.9</ele>
      </trkpt>
      <trkpt lat="42.46663" lon="2.62164">
        <ele>473.4</ele>
      </trkpt>
      <trkpt lat="42.46661" lon="2.62171">
        <ele>473</ele>
      </trkpt>
      <trkpt lat="42.46658" lon="2.62177">
        <ele>472.6</ele>
      </trkpt>
      <trkpt lat="42.46656" lon="2.62184">
        <ele>472.3</ele>
      </trkpt>
      <trkpt lat="42.46654" lon="2.62191">
        <ele>472</ele>
      </trkpt>
      <trkpt lat="42.46652" lon="2.62198">
        <ele>472</ele>
      </trkpt>
      <trkpt lat="42.46651" lon="2.6221">
        <ele>471</ele>
      </trkpt>
      <trkpt lat="42.46651" lon="2.62221">
        <ele>470.1</ele>
      </trkpt>
      <trkpt lat="42.4665" lon="2.62233">
        <ele>469.2</ele>
      </trkpt>
      <trkpt lat="42.46649" lon="2.62244">
        <ele>468.3</ele>
      </trkpt>
      <trkpt lat="42.46648" lon="2.62256">
        <ele>467.6</ele>
      </trkpt>
      <trkpt lat="42.46648" lon="2.62267">
        <ele>467.3</ele>
      </trkpt>
      <trkpt lat="42.46647" lon="2.62279">
        <ele>467</ele>
      </trkpt>
      <trkpt lat="42.46646" lon="2.6229">
        <ele>466.8</ele>
      </trkpt>
      <trkpt lat="42.46645" lon="2.62297">
        <ele>466.7</ele>
      </trkpt>
      <trkpt lat="42.46645" lon="2.62304">
        <ele>466.6</ele>
      </trkpt>
      <trkpt lat="42.46644" lon="2.62311">
        <ele>466.4</ele>
      </trkpt>
      <trkpt lat="42.46643" lon="2.62319">
        <ele>466</ele>
      </trkpt>
      <trkpt lat="42.46642" lon="2.62326">
        <ele>465.5</ele>
      </trkpt>
      <trkpt lat="42.46642" lon="2.62333">
        <ele>465.1</ele>
      </trkpt>
      <trkpt lat="42.46641" lon="2.6234">
        <ele>465.3</ele>
      </trkpt>
      <trkpt lat="42.4664" lon="2.62347">
        <ele>465.6</ele>
      </trkpt>
      <trkpt lat="42.46638" lon="2.62355">
        <ele>465.9</ele>
      </trkpt>
      <trkpt lat="42.46636" lon="2.62364">
        <ele>465.7</ele>
      </trkpt>
      <trkpt lat="42.46634" lon="2.62372">
        <ele>465.7</ele>
      </trkpt>
      <trkpt lat="42.46632" lon="2.6238">
        <ele>465.9</ele>
      </trkpt>
      <trkpt lat="42.4663" lon="2.62386">
        <ele>466.2</ele>
      </trkpt>
      <trkpt lat="42.46627" lon="2.62393">
        <ele>466.5</ele>
      </trkpt>
      <trkpt lat="42.46625" lon="2.62399">
        <ele>466.7</ele>
      </trkpt>
      <trkpt lat="42.46622" lon="2.62405">
        <ele>467.1</ele>
      </trkpt>
      <trkpt lat="42.46619" lon="2.62412">
        <ele>467.7</ele>
      </trkpt>
      <trkpt lat="42.46615" lon="2.62419">
        <ele>468.4</ele>
      </trkpt>
      <trkpt lat="42.46612" lon="2.62426">
        <ele>468.9</ele>
      </trkpt>
      <trkpt lat="42.46608" lon="2.62433">
        <ele>468.3</ele>
      </trkpt>
      <trkpt lat="42.46605" lon="2.62438">
        <ele>467.8</ele>
      </trkpt>
      <trkpt lat="42.46603" lon="2.62444">
        <ele>467.4</ele>
      </trkpt>
      <trkpt lat="42.466" lon="2.62449">
        <ele>466.8</ele>
      </trkpt>
      <trkpt lat="42.46597" lon="2.62454">
        <ele>466.3</ele>
      </trkpt>
      <trkpt lat="42.46593" lon="2.62451">
        <ele>465.8</ele>
      </trkpt>
      <trkpt lat="42.46588" lon="2.62447">
        <ele>465</ele>
      </trkpt>
      <trkpt lat="42.46581" lon="2.62449">
        <ele>463.5</ele>
      </trkpt>
      <trkpt lat="42.46574" lon="2.6245">
        <ele>460.8</ele>
      </trkpt>
      <trkpt lat="42.4657" lon="2.62455">
        <ele>460.2</ele>
      </trkpt>
      <trkpt lat="42.46567" lon="2.6246">
        <ele>459.8</ele>
      </trkpt>
      <trkpt lat="42.46563" lon="2.62465">
        <ele>459.5</ele>
      </trkpt>
      <trkpt lat="42.46559" lon="2.6247">
        <ele>459.5</ele>
      </trkpt>
      <trkpt lat="42.46555" lon="2.62474">
        <ele>459.1</ele>
      </trkpt>
      <trkpt lat="42.46552" lon="2.62477">
        <ele>457.8</ele>
      </trkpt>
      <trkpt lat="42.46548" lon="2.62481">
        <ele>456.7</ele>
      </trkpt>
      <trkpt lat="42.46544" lon="2.62484">
        <ele>455.6</ele>
      </trkpt>
      <trkpt lat="42.46541" lon="2.62488">
        <ele>455</ele>
      </trkpt>
      <trkpt lat="42.46538" lon="2.62493">
        <ele>454.4</ele>
      </trkpt>
      <trkpt lat="42.46534" lon="2.62497">
        <ele>453.9</ele>
      </trkpt>
      <trkpt lat="42.46531" lon="2.62501">
        <ele>453.4</ele>
      </trkpt>
      <trkpt lat="42.46526" lon="2.62504">
        <ele>451.6</ele>
      </trkpt>
      <trkpt lat="42.4652" lon="2.62506">
        <ele>449.7</ele>
      </trkpt>
      <trkpt lat="42.46515" lon="2.62513">
        <ele>448.5</ele>
      </trkpt>
      <trkpt lat="42.4651" lon="2.62519">
        <ele>447.3</ele>
      </trkpt>
      <trkpt lat="42.46507" lon="2.62526">
        <ele>446.8</ele>
      </trkpt>
      <trkpt lat="42.46503" lon="2.62533">
        <ele>446.2</ele>
      </trkpt>
      <trkpt lat="42.46498" lon="2.62539">
        <ele>445.3</ele>
      </trkpt>
      <trkpt lat="42.46493" lon="2.62545">
        <ele>444.9</ele>
      </trkpt>
      <trkpt lat="42.46485" lon="2.6255">
        <ele>444</ele>
      </trkpt>
      <trkpt lat="42.4648" lon="2.62552">
        <ele>443.4</ele>
      </trkpt>
      <trkpt lat="42.46473" lon="2.62558">
        <ele>443.9</ele>
      </trkpt>
      <trkpt lat="42.46467" lon="2.62563">
        <ele>443.3</ele>
      </trkpt>
      <trkpt lat="42.4646" lon="2.62569">
        <ele>442.5</ele>
      </trkpt>
      <trkpt lat="42.46454" lon="2.62575">
        <ele>441.7</ele>
      </trkpt>
      <trkpt lat="42.46447" lon="2.6258">
        <ele>440.9</ele>
      </trkpt>
      <trkpt lat="42.4644" lon="2.62586">
        <ele>439.5</ele>
      </trkpt>
      <trkpt lat="42.46434" lon="2.62591">
        <ele>438.1</ele>
      </trkpt>
      <trkpt lat="42.46427" lon="2.62597">
        <ele>437.1</ele>
      </trkpt>
      <trkpt lat="42.46422" lon="2.62599">
        <ele>435.9</ele>
      </trkpt>
      <trkpt lat="42.46417" lon="2.626">
        <ele>434.7</ele>
      </trkpt>
      <trkpt lat="42.46412" lon="2.62602">
        <ele>434.3</ele>
      </trkpt>
      <trkpt lat="42.46407" lon="2.62603">
        <ele>434.1</ele>
      </trkpt>
      <trkpt lat="42.46399" lon="2.62603">
        <ele>432.7</ele>
      </trkpt>
      <trkpt lat="42.46391" lon="2.62604">
        <ele>431.4</ele>
      </trkpt>
      <trkpt lat="42.46382" lon="2.62604">
        <ele>430.3</ele>
      </trkpt>
      <trkpt lat="42.46374" lon="2.62604">
        <ele>429.3</ele>
      </trkpt>
      <trkpt lat="42.46369" lon="2.62605">
        <ele>428.8</ele>
      </trkpt>
      <trkpt lat="42.46364" lon="2.62605">
        <ele>428.5</ele>
      </trkpt>
      <trkpt lat="42.46359" lon="2.62606">
        <ele>428.1</ele>
      </trkpt>
      <trkpt lat="42.46354" lon="2.62607">
        <ele>427.8</ele>
      </trkpt>
      <trkpt lat="42.46348" lon="2.62607">
        <ele>427.5</ele>
      </trkpt>
      <trkpt lat="42.46343" lon="2.62608">
        <ele>427.3</ele>
      </trkpt>
      <trkpt lat="42.46338" lon="2.62608">
        <ele>427.1</ele>
      </trkpt>
      <trkpt lat="42.46333" lon="2.62609">
        <ele>426.9</ele>
      </trkpt>
      <trkpt lat="42.46328" lon="2.62607">
        <ele>426.2</ele>
      </trkpt>
      <trkpt lat="42.46323" lon="2.62604">
        <ele>425.5</ele>
      </trkpt>
      <trkpt lat="42.46318" lon="2.62602">
        <ele>424.8</ele>
      </trkpt>
      <trkpt lat="42.46314" lon="2.626">
        <ele>424.2</ele>
      </trkpt>
      <trkpt lat="42.46309" lon="2.62597">
        <ele>423.6</ele>
      </trkpt>
      <trkpt lat="42.46304" lon="2.62595">
        <ele>423.3</ele>
      </trkpt>
      <trkpt lat="42.46299" lon="2.62592">
        <ele>423.3</ele>
      </trkpt>
      <trkpt lat="42.46294" lon="2.6259">
        <ele>423.5</ele>
      </trkpt>
      <trkpt lat="42.46286" lon="2.62585">
        <ele>423.2</ele>
      </trkpt>
      <trkpt lat="42.46278" lon="2.62579">
        <ele>422.9</ele>
      </trkpt>
      <trkpt lat="42.4627" lon="2.62574">
        <ele>421.6</ele>
      </trkpt>
      <trkpt lat="42.46262" lon="2.62568">
        <ele>420.4</ele>
      </trkpt>
      <trkpt lat="42.46257" lon="2.62566">
        <ele>420.4</ele>
      </trkpt>
      <trkpt lat="42.46252" lon="2.62564">
        <ele>420.4</ele>
      </trkpt>
      <trkpt lat="42.46246" lon="2.62562">
        <ele>419.7</ele>
      </trkpt>
      <trkpt lat="42.46241" lon="2.6256">
        <ele>418.7</ele>
      </trkpt>
      <trkpt lat="42.46235" lon="2.62561">
        <ele>418.9</ele>
      </trkpt>
      <trkpt lat="42.46228" lon="2.62562">
        <ele>419</ele>
      </trkpt>
      <trkpt lat="42.46222" lon="2.62566">
        <ele>419.9</ele>
      </trkpt>
      <trkpt lat="42.46216" lon="2.6257">
        <ele>417.9</ele>
      </trkpt>
      <trkpt lat="42.46211" lon="2.62577">
        <ele>416.5</ele>
      </trkpt>
      <trkpt lat="42.46206" lon="2.62585">
        <ele>414.3</ele>
      </trkpt>
      <trkpt lat="42.462" lon="2.62592">
        <ele>411.9</ele>
      </trkpt>
      <trkpt lat="42.46195" lon="2.62599">
        <ele>409.6</ele>
      </trkpt>
      <trkpt lat="42.46192" lon="2.62605">
        <ele>408.1</ele>
      </trkpt>
      <trkpt lat="42.46188" lon="2.62612">
        <ele>406.7</ele>
      </trkpt>
      <trkpt lat="42.46185" lon="2.62618">
        <ele>405.7</ele>
      </trkpt>
      <trkpt lat="42.46181" lon="2.62624">
        <ele>405</ele>
      </trkpt>
      <trkpt lat="42.46175" lon="2.6263">
        <ele>402.7</ele>
      </trkpt>
      <trkpt lat="42.46168" lon="2.62636">
        <ele>400.8</ele>
      </trkpt>
      <trkpt lat="42.4616" lon="2.62638">
        <ele>399.7</ele>
      </trkpt>
      <trkpt lat="42.46152" lon="2.6264">
        <ele>399.4</ele>
      </trkpt>
      <trkpt lat="42.46144" lon="2.6264">
        <ele>398</ele>
      </trkpt>
      <trkpt lat="42.46135" lon="2.62639">
        <ele>396.4</ele>
      </trkpt>
      <trkpt lat="42.46127" lon="2.62639">
        <ele>394.6</ele>
      </trkpt>
      <trkpt lat="42.46118" lon="2.62638">
        <ele>392.8</ele>
      </trkpt>
      <trkpt lat="42.46114" lon="2.62641">
        <ele>393.6</ele>
      </trkpt>
      <trkpt lat="42.4611" lon="2.62645">
        <ele>394.1</ele>
      </trkpt>
      <trkpt lat="42.46106" lon="2.62648">
        <ele>394.1</ele>
      </trkpt>
      <trkpt lat="42.46102" lon="2.62651">
        <ele>394.1</ele>
      </trkpt>
      <trkpt lat="42.46098" lon="2.62661">
        <ele>398.1</ele>
      </trkpt>
      <trkpt lat="42.4609" lon="2.62665">
        <ele>397.6</ele>
      </trkpt>
      <trkpt lat="42.46082" lon="2.62668">
        <ele>397.1</ele>
      </trkpt>
      <trkpt lat="42.46077" lon="2.62673">
        <ele>397.2</ele>
      </trkpt>
      <trkpt lat="42.46071" lon="2.62677">
        <ele>397.3</ele>
      </trkpt>
      <trkpt lat="42.46066" lon="2.62679">
        <ele>396.4</ele>
      </trkpt>
      <trkpt lat="42.46062" lon="2.62681">
        <ele>395.6</ele>
      </trkpt>
      <trkpt lat="42.46057" lon="2.62683">
        <ele>394.7</ele>
      </trkpt>
      <trkpt lat="42.46052" lon="2.62685">
        <ele>394.1</ele>
      </trkpt>
      <trkpt lat="42.46044" lon="2.62687">
        <ele>392.3</ele>
      </trkpt>
      <trkpt lat="42.46036" lon="2.62689">
        <ele>390.5</ele>
      </trkpt>
      <trkpt lat="42.46027" lon="2.6269">
        <ele>388.7</ele>
      </trkpt>
      <trkpt lat="42.46019" lon="2.62692">
        <ele>386.7</ele>
      </trkpt>
      <trkpt lat="42.46015" lon="2.62695">
        <ele>386.4</ele>
      </trkpt>
      <trkpt lat="42.4601" lon="2.62698">
        <ele>385.6</ele>
      </trkpt>
      <trkpt lat="42.46006" lon="2.62701">
        <ele>384.8</ele>
      </trkpt>
      <trkpt lat="42.46001" lon="2.62704">
        <ele>383.8</ele>
      </trkpt>
      <trkpt lat="42.45996" lon="2.62699">
        <ele>380.2</ele>
      </trkpt>
      <trkpt lat="42.4599" lon="2.62694">
        <ele>376.9</ele>
      </trkpt>
      <trkpt lat="42.45984" lon="2.62699">
        <ele>375.2</ele>
      </trkpt>
      <trkpt lat="42.45978" lon="2.62704">
        <ele>372.8</ele>
      </trkpt>
      <trkpt lat="42.45977" lon="2.62715">
        <ele>372.6</ele>
      </trkpt>
      <trkpt lat="42.45976" lon="2.62726">
        <ele>372.1</ele>
      </trkpt>
      <trkpt lat="42.45974" lon="2.62737">
        <ele>371.3</ele>
      </trkpt>
      <trkpt lat="42.45973" lon="2.62748">
        <ele>370.5</ele>
      </trkpt>
      <trkpt lat="42.45973" lon="2.62749">
        <ele>370.5</ele>
      </trkpt>
      <trkpt lat="42.45975" lon="2.62759">
        <ele>371.2</ele>
      </trkpt>
      <trkpt lat="42.45977" lon="2.62768">
        <ele>371.6</ele>
      </trkpt>
      <trkpt lat="42.45972" lon="2.62774">
        <ele>369.1</ele>
      </trkpt>
      <trkpt lat="42.45967" lon="2.62779">
        <ele>368.9</ele>
      </trkpt>
      <trkpt lat="42.45962" lon="2.62778">
        <ele>367.6</ele>
      </trkpt>
      <trkpt lat="42.45957" lon="2.62777">
        <ele>366.6</ele>
      </trkpt>
      <trkpt lat="42.45952" lon="2.62776">
        <ele>365.3</ele>
      </trkpt>
      <trkpt lat="42.45947" lon="2.62775">
        <ele>363.8</ele>
      </trkpt>
      <trkpt lat="42.45941" lon="2.62773">
        <ele>361.4</ele>
      </trkpt>
      <trkpt lat="42.45935" lon="2.62771">
        <ele>359.3</ele>
      </trkpt>
      <trkpt lat="42.45929" lon="2.62768">
        <ele>357.1</ele>
      </trkpt>
      <trkpt lat="42.45923" lon="2.62766">
        <ele>355</ele>
      </trkpt>
      <trkpt lat="42.45918" lon="2.62767">
        <ele>354.8</ele>
      </trkpt>
      <trkpt lat="42.45913" lon="2.62768">
        <ele>353.7</ele>
      </trkpt>
      <trkpt lat="42.45908" lon="2.62768">
        <ele>352.4</ele>
      </trkpt>
      <trkpt lat="42.45903" lon="2.62769">
        <ele>351</ele>
      </trkpt>
      <trkpt lat="42.45899" lon="2.62771">
        <ele>350.4</ele>
      </trkpt>
      <trkpt lat="42.45894" lon="2.62772">
        <ele>349.8</ele>
      </trkpt>
      <trkpt lat="42.45888" lon="2.6278">
        <ele>352.3</ele>
      </trkpt>
      <trkpt lat="42.45881" lon="2.62785">
        <ele>350.2</ele>
      </trkpt>
      <trkpt lat="42.45874" lon="2.62789">
        <ele>348.5</ele>
      </trkpt>
      <trkpt lat="42.45867" lon="2.62794">
        <ele>347.1</ele>
      </trkpt>
      <trkpt lat="42.4586" lon="2.62798">
        <ele>346</ele>
      </trkpt>
      <trkpt lat="42.45855" lon="2.62798">
        <ele>343.7</ele>
      </trkpt>
      <trkpt lat="42.45849" lon="2.62799">
        <ele>341.5</ele>
      </trkpt>
      <trkpt lat="42.45844" lon="2.62799">
        <ele>339.2</ele>
      </trkpt>
      <trkpt lat="42.45838" lon="2.62799">
        <ele>336.9</ele>
      </trkpt>
      <trkpt lat="42.45834" lon="2.62795">
        <ele>333.7</ele>
      </trkpt>
      <trkpt lat="42.4583" lon="2.62791">
        <ele>330.3</ele>
      </trkpt>
      <trkpt lat="42.45825" lon="2.62786">
        <ele>326.9</ele>
      </trkpt>
      <trkpt lat="42.45821" lon="2.62782">
        <ele>323.5</ele>
      </trkpt>
      <trkpt lat="42.45826" lon="2.62778">
        <ele>324.2</ele>
      </trkpt>
      <trkpt lat="42.4583" lon="2.62773">
        <ele>324.2</ele>
      </trkpt>
      <trkpt lat="42.45835" lon="2.62769">
        <ele>323.6</ele>
      </trkpt>
      <trkpt lat="42.45839" lon="2.62764">
        <ele>322.4</ele>
      </trkpt>
      <trkpt lat="42.45844" lon="2.62759">
        <ele>320.6</ele>
      </trkpt>
      <trkpt lat="42.45848" lon="2.62754">
        <ele>318.5</ele>
      </trkpt>
      <trkpt lat="42.45843" lon="2.62752">
        <ele>316.2</ele>
      </trkpt>
      <trkpt lat="42.45838" lon="2.62749">
        <ele>314.6</ele>
      </trkpt>
      <trkpt lat="42.45833" lon="2.62747">
        <ele>313.6</ele>
      </trkpt>
      <trkpt lat="42.45828" lon="2.62744">
        <ele>312.7</ele>
      </trkpt>
      <trkpt lat="42.45824" lon="2.6274">
        <ele>311.8</ele>
      </trkpt>
      <trkpt lat="42.4582" lon="2.62744">
        <ele>311.6</ele>
      </trkpt>
      <trkpt lat="42.45816" lon="2.62748">
        <ele>311.3</ele>
      </trkpt>
      <trkpt lat="42.45811" lon="2.62753">
        <ele>311.5</ele>
      </trkpt>
      <trkpt lat="42.45807" lon="2.62757">
        <ele>311.6</ele>
      </trkpt>
      <trkpt lat="42.45803" lon="2.62762">
        <ele>311.6</ele>
      </trkpt>
      <trkpt lat="42.45798" lon="2.62766">
        <ele>311.4</ele>
      </trkpt>
      <trkpt lat="42.45794" lon="2.6277">
        <ele>311.1</ele>
      </trkpt>
      <trkpt lat="42.45789" lon="2.62775">
        <ele>310.6</ele>
      </trkpt>
      <trkpt lat="42.45785" lon="2.62779">
        <ele>309.9</ele>
      </trkpt>
      <trkpt lat="42.45782" lon="2.62783">
        <ele>309.5</ele>
      </trkpt>
      <trkpt lat="42.4578" lon="2.62788">
        <ele>309.1</ele>
      </trkpt>
      <trkpt lat="42.45777" lon="2.62797">
        <ele>308.6</ele>
      </trkpt>
      <trkpt lat="42.45774" lon="2.62806">
        <ele>308.5</ele>
      </trkpt>
      <trkpt lat="42.45771" lon="2.62815">
        <ele>308.3</ele>
      </trkpt>
      <trkpt lat="42.45768" lon="2.62825">
        <ele>308</ele>
      </trkpt>
      <trkpt lat="42.45765" lon="2.62834">
        <ele>307.7</ele>
      </trkpt>
      <trkpt lat="42.45762" lon="2.62843">
        <ele>307.6</ele>
      </trkpt>
      <trkpt lat="42.45759" lon="2.62852">
        <ele>307.5</ele>
      </trkpt>
      <trkpt lat="42.45756" lon="2.62861">
        <ele>307.3</ele>
      </trkpt>
      <trkpt lat="42.45753" lon="2.62867">
        <ele>307.2</ele>
      </trkpt>
      <trkpt lat="42.4575" lon="2.62873">
        <ele>307.2</ele>
      </trkpt>
      <trkpt lat="42.45746" lon="2.62878">
        <ele>307.3</ele>
      </trkpt>
      <trkpt lat="42.45743" lon="2.62884">
        <ele>307.3</ele>
      </trkpt>
      <trkpt lat="42.4574" lon="2.6289">
        <ele>307.2</ele>
      </trkpt>
      <trkpt lat="42.45737" lon="2.62896">
        <ele>307.1</ele>
      </trkpt>
      <trkpt lat="42.45733" lon="2.62901">
        <ele>306.8</ele>
      </trkpt>
      <trkpt lat="42.4573" lon="2.62907">
        <ele>306.4</ele>
      </trkpt>
      <trkpt lat="42.45727" lon="2.62913">
        <ele>306</ele>
      </trkpt>
      <trkpt lat="42.45724" lon="2.62919">
        <ele>305.6</ele>
      </trkpt>
      <trkpt lat="42.4572" lon="2.62924">
        <ele>305.7</ele>
      </trkpt>
      <trkpt lat="42.45717" lon="2.6293">
        <ele>305.8</ele>
      </trkpt>
      <trkpt lat="42.45714" lon="2.62936">
        <ele>305.7</ele>
      </trkpt>
      <trkpt lat="42.45711" lon="2.62942">
        <ele>305.4</ele>
      </trkpt>
      <trkpt lat="42.45707" lon="2.62947">
        <ele>304.8</ele>
      </trkpt>
      <trkpt lat="42.45704" lon="2.62953">
        <ele>304.1</ele>
      </trkpt>
      <trkpt lat="42.457" lon="2.6296">
        <ele>303.2</ele>
      </trkpt>
      <trkpt lat="42.45701" lon="2.62966">
        <ele>303.7</ele>
      </trkpt>
      <trkpt lat="42.45703" lon="2.62972">
        <ele>304.3</ele>
      </trkpt>
      <trkpt lat="42.45704" lon="2.62978">
        <ele>304.7</ele>
      </trkpt>
      <trkpt lat="42.45705" lon="2.62984">
        <ele>305.2</ele>
      </trkpt>
      <trkpt lat="42.45706" lon="2.62989">
        <ele>305.6</ele>
      </trkpt>
      <trkpt lat="42.45708" lon="2.62995">
        <ele>306.1</ele>
      </trkpt>
      <trkpt lat="42.45709" lon="2.63001">
        <ele>306.6</ele>
      </trkpt>
      <trkpt lat="42.4571" lon="2.63007">
        <ele>306.6</ele>
      </trkpt>
      <trkpt lat="42.45711" lon="2.63014">
        <ele>306.4</ele>
      </trkpt>
      <trkpt lat="42.45711" lon="2.63022">
        <ele>306.1</ele>
      </trkpt>
      <trkpt lat="42.45712" lon="2.63029">
        <ele>305.9</ele>
      </trkpt>
      <trkpt lat="42.45712" lon="2.63036">
        <ele>305.9</ele>
      </trkpt>
      <trkpt lat="42.45714" lon="2.63044">
        <ele>306.1</ele>
      </trkpt>
      <trkpt lat="42.45715" lon="2.63052">
        <ele>306.3</ele>
      </trkpt>
      <trkpt lat="42.45717" lon="2.63059">
        <ele>306.4</ele>
      </trkpt>
      <trkpt lat="42.45718" lon="2.63067">
        <ele>306.5</ele>
      </trkpt>
      <trkpt lat="42.45715" lon="2.63077">
        <ele>305.4</ele>
      </trkpt>
      <trkpt lat="42.45712" lon="2.63086">
        <ele>304.3</ele>
      </trkpt>
      <trkpt lat="42.45711" lon="2.6309">
        <ele>303.8</ele>
      </trkpt>
      <trkpt lat="42.45706" lon="2.63093">
        <ele>302.4</ele>
      </trkpt>
      <trkpt lat="42.45701" lon="2.63095">
        <ele>300.9</ele>
      </trkpt>
      <trkpt lat="42.45694" lon="2.63097">
        <ele>299</ele>
      </trkpt>
      <trkpt lat="42.45693" lon="2.63103">
        <ele>298.6</ele>
      </trkpt>
      <trkpt lat="42.45691" lon="2.63109">
        <ele>298.1</ele>
      </trkpt>
      <trkpt lat="42.4569" lon="2.63115">
        <ele>297.8</ele>
      </trkpt>
      <trkpt lat="42.45688" lon="2.63122">
        <ele>297.5</ele>
      </trkpt>
      <trkpt lat="42.45687" lon="2.63128">
        <ele>297.2</ele>
      </trkpt>
      <trkpt lat="42.45685" lon="2.63134">
        <ele>296.9</ele>
      </trkpt>
      <trkpt lat="42.45684" lon="2.6314">
        <ele>296.6</ele>
      </trkpt>
      <trkpt lat="42.45683" lon="2.63146">
        <ele>296.4</ele>
      </trkpt>
      <trkpt lat="42.45681" lon="2.63152">
        <ele>296.3</ele>
      </trkpt>
      <trkpt lat="42.4568" lon="2.63158">
        <ele>296.1</ele>
      </trkpt>
      <trkpt lat="42.45678" lon="2.63164">
        <ele>296</ele>
      </trkpt>
      <trkpt lat="42.45677" lon="2.63171">
        <ele>295.9</ele>
      </trkpt>
      <trkpt lat="42.45675" lon="2.63177">
        <ele>295.6</ele>
      </trkpt>
      <trkpt lat="42.45674" lon="2.63183">
        <ele>295.4</ele>
      </trkpt>
      <trkpt lat="42.45672" lon="2.63189">
        <ele>295.2</ele>
      </trkpt>
      <trkpt lat="42.45671" lon="2.63195">
        <ele>295</ele>
      </trkpt>
      <trkpt lat="42.45671" lon="2.63202">
        <ele>294.7</ele>
      </trkpt>
      <trkpt lat="42.45671" lon="2.63209">
        <ele>294.5</ele>
      </trkpt>
      <trkpt lat="42.45671" lon="2.63215">
        <ele>294.2</ele>
      </trkpt>
      <trkpt lat="42.45671" lon="2.63222">
        <ele>294</ele>
      </trkpt>
      <trkpt lat="42.45672" lon="2.63229">
        <ele>294</ele>
      </trkpt>
      <trkpt lat="42.45674" lon="2.63236">
        <ele>294</ele>
      </trkpt>
      <trkpt lat="42.45675" lon="2.63242">
        <ele>294</ele>
      </trkpt>
      <trkpt lat="42.45676" lon="2.63249">
        <ele>294</ele>
      </trkpt>
      <trkpt lat="42.45677" lon="2.63261">
        <ele>294</ele>
      </trkpt>
      <trkpt lat="42.45677" lon="2.63273">
        <ele>294</ele>
      </trkpt>
      <trkpt lat="42.45677" lon="2.63285">
        <ele>293.6</ele>
      </trkpt>
      <trkpt lat="42.45682" lon="2.63283">
        <ele>293.7</ele>
      </trkpt>
      <trkpt lat="42.45687" lon="2.6328">
        <ele>293.9</ele>
      </trkpt>
      <trkpt lat="42.45692" lon="2.63289">
        <ele>293.2</ele>
      </trkpt>
      <trkpt lat="42.45696" lon="2.63298">
        <ele>292.5</ele>
      </trkpt>
      <trkpt lat="42.45701" lon="2.63303">
        <ele>292.2</ele>
      </trkpt>
      <trkpt lat="42.45706" lon="2.63308">
        <ele>291.8</ele>
      </trkpt>
      <trkpt lat="42.45711" lon="2.63313">
        <ele>291.5</ele>
      </trkpt>
      <trkpt lat="42.45716" lon="2.63318">
        <ele>291.1</ele>
      </trkpt>
      <trkpt lat="42.45716" lon="2.63325">
        <ele>290.6</ele>
      </trkpt>
      <trkpt lat="42.45716" lon="2.63332">
        <ele>290.1</ele>
      </trkpt>
      <trkpt lat="42.4572" lon="2.63339">
        <ele>289.3</ele>
      </trkpt>
      <trkpt lat="42.45724" lon="2.63345">
        <ele>288.4</ele>
      </trkpt>
      <trkpt lat="42.45728" lon="2.63349">
        <ele>288</ele>
      </trkpt>
      <trkpt lat="42.45731" lon="2.63354">
        <ele>287.8</ele>
      </trkpt>
      <trkpt lat="42.45735" lon="2.63358">
        <ele>287.7</ele>
      </trkpt>
      <trkpt lat="42.45739" lon="2.63363">
        <ele>287.6</ele>
      </trkpt>
      <trkpt lat="42.45742" lon="2.63367">
        <ele>287.6</ele>
      </trkpt>
      <trkpt lat="42.45746" lon="2.63371">
        <ele>287.5</ele>
      </trkpt>
      <trkpt lat="42.45749" lon="2.63376">
        <ele>287.4</ele>
      </trkpt>
      <trkpt lat="42.45753" lon="2.6338">
        <ele>287</ele>
      </trkpt>
      <trkpt lat="42.45756" lon="2.63386">
        <ele>286.6</ele>
      </trkpt>
      <trkpt lat="42.45759" lon="2.63391">
        <ele>286.1</ele>
      </trkpt>
      <trkpt lat="42.45762" lon="2.63397">
        <ele>285.8</ele>
      </trkpt>
      <trkpt lat="42.45765" lon="2.63402">
        <ele>285.6</ele>
      </trkpt>
      <trkpt lat="42.45765" lon="2.63402">
        <ele>285.6</ele>
      </trkpt>
      <trkpt lat="42.4577" lon="2.6341">
        <ele>285.5</ele>
      </trkpt>
      <trkpt lat="42.45773" lon="2.63416">
        <ele>285.5</ele>
      </trkpt>
      <trkpt lat="42.45777" lon="2.63423">
        <ele>285.5</ele>
      </trkpt>
      <trkpt lat="42.4578" lon="2.63429">
        <ele>285.2</ele>
      </trkpt>
      <trkpt lat="42.45783" lon="2.63435">
        <ele>284.9</ele>
      </trkpt>
      <trkpt lat="42.45789" lon="2.63443">
        <ele>284.5</ele>
      </trkpt>
      <trkpt lat="42.45792" lon="2.6345">
        <ele>284.2</ele>
      </trkpt>
      <trkpt lat="42.45794" lon="2.63456">
        <ele>284</ele>
      </trkpt>
      <trkpt lat="42.45796" lon="2.63465">
        <ele>283.7</ele>
      </trkpt>
      <trkpt lat="42.45798" lon="2.63473">
        <ele>283.4</ele>
      </trkpt>
      <trkpt lat="42.45799" lon="2.63484">
        <ele>282.5</ele>
      </trkpt>
      <trkpt lat="42.45798" lon="2.63491">
        <ele>281.8</ele>
      </trkpt>
      <trkpt lat="42.45796" lon="2.63497">
        <ele>281.2</ele>
      </trkpt>
      <trkpt lat="42.45799" lon="2.63499">
        <ele>281.1</ele>
      </trkpt>
      <trkpt lat="42.45802" lon="2.635">
        <ele>281</ele>
      </trkpt>
      <trkpt lat="42.45807" lon="2.63504">
        <ele>280.8</ele>
      </trkpt>
      <trkpt lat="42.45811" lon="2.63508">
        <ele>280.9</ele>
      </trkpt>
      <trkpt lat="42.45816" lon="2.63512">
        <ele>280.9</ele>
      </trkpt>
      <trkpt lat="42.4582" lon="2.63516">
        <ele>280.8</ele>
      </trkpt>
      <trkpt lat="42.45828" lon="2.63521">
        <ele>280.7</ele>
      </trkpt>
      <trkpt lat="42.45836" lon="2.63526">
        <ele>280.3</ele>
      </trkpt>
      <trkpt lat="42.45843" lon="2.6353">
        <ele>279.9</ele>
      </trkpt>
      <trkpt lat="42.45851" lon="2.63535">
        <ele>279.7</ele>
      </trkpt>
      <trkpt lat="42.45856" lon="2.63539">
        <ele>279.6</ele>
      </trkpt>
      <trkpt lat="42.4586" lon="2.63543">
        <ele>279.5</ele>
      </trkpt>
      <trkpt lat="42.45865" lon="2.63546">
        <ele>279.5</ele>
      </trkpt>
      <trkpt lat="42.45869" lon="2.6355">
        <ele>279.4</ele>
      </trkpt>
      <trkpt lat="42.45865" lon="2.63556">
        <ele>279</ele>
      </trkpt>
      <trkpt lat="42.45862" lon="2.63562">
        <ele>278.8</ele>
      </trkpt>
      <trkpt lat="42.45858" lon="2.63567">
        <ele>278.5</ele>
      </trkpt>
      <trkpt lat="42.45854" lon="2.63573">
        <ele>278.2</ele>
      </trkpt>
      <trkpt lat="42.45853" lon="2.63582">
        <ele>277.8</ele>
      </trkpt>
      <trkpt lat="42.45853" lon="2.63586">
        <ele>277.1</ele>
      </trkpt>
      <trkpt lat="42.45846" lon="2.63591">
        <ele>275.9</ele>
      </trkpt>
      <trkpt lat="42.4584" lon="2.63595">
        <ele>274.9</ele>
      </trkpt>
      <trkpt lat="42.45833" lon="2.636">
        <ele>274.1</ele>
      </trkpt>
      <trkpt lat="42.45826" lon="2.63604">
        <ele>273.4</ele>
      </trkpt>
      <trkpt lat="42.45827" lon="2.63616">
        <ele>271.9</ele>
      </trkpt>
      <trkpt lat="42.45827" lon="2.63627">
        <ele>271.1</ele>
      </trkpt>
      <trkpt lat="42.45825" lon="2.63635">
        <ele>270.6</ele>
      </trkpt>
      <trkpt lat="42.45823" lon="2.63645">
        <ele>270.3</ele>
      </trkpt>
      <trkpt lat="42.45818" lon="2.63644">
        <ele>270.5</ele>
      </trkpt>
      <trkpt lat="42.45812" lon="2.63642">
        <ele>270.7</ele>
      </trkpt>
      <trkpt lat="42.45811" lon="2.63652">
        <ele>270.4</ele>
      </trkpt>
      <trkpt lat="42.45811" lon="2.63663">
        <ele>270.1</ele>
      </trkpt>
      <trkpt lat="42.4581" lon="2.63673">
        <ele>270</ele>
      </trkpt>
      <trkpt lat="42.45809" lon="2.63684">
        <ele>270</ele>
      </trkpt>
      <trkpt lat="42.45808" lon="2.63694">
        <ele>270</ele>
      </trkpt>
      <trkpt lat="42.45808" lon="2.63704">
        <ele>269.6</ele>
      </trkpt>
      <trkpt lat="42.45807" lon="2.63715">
        <ele>269.3</ele>
      </trkpt>
      <trkpt lat="42.45806" lon="2.63725">
        <ele>268.9</ele>
      </trkpt>
      <trkpt lat="42.4581" lon="2.63731">
        <ele>268.7</ele>
      </trkpt>
      <trkpt lat="42.45814" lon="2.63736">
        <ele>268.5</ele>
      </trkpt>
      <trkpt lat="42.45817" lon="2.63742">
        <ele>268.3</ele>
      </trkpt>
      <trkpt lat="42.45821" lon="2.63747">
        <ele>268.1</ele>
      </trkpt>
      <trkpt lat="42.45822" lon="2.63753">
        <ele>267.9</ele>
      </trkpt>
      <trkpt lat="42.45823" lon="2.63759">
        <ele>267.7</ele>
      </trkpt>
      <trkpt lat="42.45824" lon="2.63765">
        <ele>267.5</ele>
      </trkpt>
      <trkpt lat="42.45825" lon="2.63771">
        <ele>267.2</ele>
      </trkpt>
      <trkpt lat="42.4583" lon="2.63775">
        <ele>267.1</ele>
      </trkpt>
      <trkpt lat="42.45835" lon="2.63774">
        <ele>267.1</ele>
      </trkpt>
      <trkpt lat="42.4584" lon="2.63773">
        <ele>266.9</ele>
      </trkpt>
      <trkpt lat="42.45845" lon="2.63772">
        <ele>266.8</ele>
      </trkpt>
      <trkpt lat="42.4585" lon="2.63771">
        <ele>266.6</ele>
      </trkpt>
      <trkpt lat="42.45855" lon="2.63771">
        <ele>266.5</ele>
      </trkpt>
      <trkpt lat="42.45861" lon="2.63772">
        <ele>266.2</ele>
      </trkpt>
      <trkpt lat="42.45862" lon="2.63783">
        <ele>266</ele>
      </trkpt>
      <trkpt lat="42.45863" lon="2.63794">
        <ele>266</ele>
      </trkpt>
      <trkpt lat="42.45864" lon="2.63805">
        <ele>265.9</ele>
      </trkpt>
      <trkpt lat="42.45864" lon="2.63816">
        <ele>265.5</ele>
      </trkpt>
      <trkpt lat="42.45865" lon="2.63827">
        <ele>265.1</ele>
      </trkpt>
      <trkpt lat="42.45867" lon="2.63839">
        <ele>264.6</ele>
      </trkpt>
      <trkpt lat="42.45868" lon="2.63851">
        <ele>264.3</ele>
      </trkpt>
      <trkpt lat="42.45869" lon="2.63859">
        <ele>264</ele>
      </trkpt>
      <trkpt lat="42.4587" lon="2.63868">
        <ele>263.5</ele>
      </trkpt>
      <trkpt lat="42.45871" lon="2.63876">
        <ele>262.9</ele>
      </trkpt>
      <trkpt lat="42.45873" lon="2.63884">
        <ele>262.4</ele>
      </trkpt>
      <trkpt lat="42.45874" lon="2.63892">
        <ele>262.4</ele>
      </trkpt>
      <trkpt lat="42.45875" lon="2.63901">
        <ele>263.2</ele>
      </trkpt>
      <trkpt lat="42.45876" lon="2.63909">
        <ele>264.2</ele>
      </trkpt>
      <trkpt lat="42.45877" lon="2.63917">
        <ele>265.2</ele>
      </trkpt>
      <trkpt lat="42.45878" lon="2.63929">
        <ele>267.7</ele>
      </trkpt>
      <trkpt lat="42.45883" lon="2.63928">
        <ele>267.6</ele>
      </trkpt>
      <trkpt lat="42.45888" lon="2.63928">
        <ele>267.5</ele>
      </trkpt>
      <trkpt lat="42.45892" lon="2.63927">
        <ele>267.3</ele>
      </trkpt>
      <trkpt lat="42.45897" lon="2.63925">
        <ele>266.8</ele>
      </trkpt>
      <trkpt lat="42.45902" lon="2.63923">
        <ele>266.3</ele>
      </trkpt>
      <trkpt lat="42.45907" lon="2.63921">
        <ele>265.9</ele>
      </trkpt>
      <trkpt lat="42.45913" lon="2.63919">
        <ele>265.4</ele>
      </trkpt>
      <trkpt lat="42.45918" lon="2.63917">
        <ele>265</ele>
      </trkpt>
      <trkpt lat="42.45923" lon="2.63915">
        <ele>264.9</ele>
      </trkpt>
      <trkpt lat="42.45928" lon="2.63913">
        <ele>264.8</ele>
      </trkpt>
      <trkpt lat="42.45933" lon="2.63911">
        <ele>264.7</ele>
      </trkpt>
      <trkpt lat="42.45939" lon="2.63911">
        <ele>264.8</ele>
      </trkpt>
      <trkpt lat="42.45946" lon="2.63911">
        <ele>264.8</ele>
      </trkpt>
      <trkpt lat="42.45952" lon="2.63911">
        <ele>264.6</ele>
      </trkpt>
      <trkpt lat="42.45958" lon="2.63912">
        <ele>264.4</ele>
      </trkpt>
      <trkpt lat="42.45964" lon="2.63912">
        <ele>264.2</ele>
      </trkpt>
      <trkpt lat="42.45971" lon="2.63912">
        <ele>264.1</ele>
      </trkpt>
      <trkpt lat="42.45977" lon="2.63912">
        <ele>264</ele>
      </trkpt>
      <trkpt lat="42.45983" lon="2.63912">
        <ele>264.1</ele>
      </trkpt>
      <trkpt lat="42.45988" lon="2.63913">
        <ele>264.1</ele>
      </trkpt>
      <trkpt lat="42.45994" lon="2.63914">
        <ele>264.1</ele>
      </trkpt>
      <trkpt lat="42.45999" lon="2.63914">
        <ele>264.1</ele>
      </trkpt>
      <trkpt lat="42.46004" lon="2.63915">
        <ele>264.1</ele>
      </trkpt>
      <trkpt lat="42.46011" lon="2.63919">
        <ele>263.9</ele>
      </trkpt>
      <trkpt lat="42.46018" lon="2.63923">
        <ele>263.8</ele>
      </trkpt>
      <trkpt lat="42.46022" lon="2.63927">
        <ele>263.6</ele>
      </trkpt>
      <trkpt lat="42.46027" lon="2.63931">
        <ele>263.5</ele>
      </trkpt>
      <trkpt lat="42.46031" lon="2.63935">
        <ele>263.3</ele>
      </trkpt>
      <trkpt lat="42.46035" lon="2.6394">
        <ele>263.1</ele>
      </trkpt>
      <trkpt lat="42.46039" lon="2.63944">
        <ele>263</ele>
      </trkpt>
      <trkpt lat="42.46044" lon="2.63948">
        <ele>262.9</ele>
      </trkpt>
      <trkpt lat="42.46048" lon="2.63952">
        <ele>262.8</ele>
      </trkpt>
      <trkpt lat="42.46052" lon="2.63956">
        <ele>262.6</ele>
      </trkpt>
      <trkpt lat="42.46057" lon="2.6396">
        <ele>262.4</ele>
      </trkpt>
      <trkpt lat="42.46061" lon="2.63963">
        <ele>262.3</ele>
      </trkpt>
      <trkpt lat="42.46066" lon="2.63967">
        <ele>262.1</ele>
      </trkpt>
      <trkpt lat="42.4607" lon="2.6397">
        <ele>262</ele>
      </trkpt>
      <trkpt lat="42.46077" lon="2.63977">
        <ele>261.9</ele>
      </trkpt>
      <trkpt lat="42.46078" lon="2.63979">
        <ele>261.8</ele>
      </trkpt>
      <trkpt lat="42.46086" lon="2.63984">
        <ele>261.5</ele>
      </trkpt>
      <trkpt lat="42.46093" lon="2.63989">
        <ele>261.3</ele>
      </trkpt>
      <trkpt lat="42.46098" lon="2.63992">
        <ele>261.1</ele>
      </trkpt>
      <trkpt lat="42.46103" lon="2.63995">
        <ele>261.1</ele>
      </trkpt>
      <trkpt lat="42.46107" lon="2.63998">
        <ele>261</ele>
      </trkpt>
      <trkpt lat="42.46112" lon="2.64002">
        <ele>261</ele>
      </trkpt>
      <trkpt lat="42.46117" lon="2.64005">
        <ele>261</ele>
      </trkpt>
      <trkpt lat="42.46122" lon="2.64008">
        <ele>260.9</ele>
      </trkpt>
      <trkpt lat="42.46126" lon="2.64011">
        <ele>260.8</ele>
      </trkpt>
      <trkpt lat="42.46131" lon="2.64014">
        <ele>260.6</ele>
      </trkpt>
      <trkpt lat="42.46137" lon="2.64023">
        <ele>260.2</ele>
      </trkpt>
      <trkpt lat="42.46143" lon="2.64031">
        <ele>260</ele>
      </trkpt>
      <trkpt lat="42.46147" lon="2.6404">
        <ele>260</ele>
      </trkpt>
      <trkpt lat="42.4615" lon="2.64048">
        <ele>260</ele>
      </trkpt>
      <trkpt lat="42.46155" lon="2.64054">
        <ele>259.8</ele>
      </trkpt>
      <trkpt lat="42.4616" lon="2.6406">
        <ele>259.7</ele>
      </trkpt>
      <trkpt lat="42.46164" lon="2.64066">
        <ele>259.6</ele>
      </trkpt>
      <trkpt lat="42.46169" lon="2.64072">
        <ele>259.5</ele>
      </trkpt>
      <trkpt lat="42.46172" lon="2.64077">
        <ele>259.6</ele>
      </trkpt>
      <trkpt lat="42.46176" lon="2.64082">
        <ele>259.6</ele>
      </trkpt>
      <trkpt lat="42.46179" lon="2.64086">
        <ele>259.6</ele>
      </trkpt>
      <trkpt lat="42.46182" lon="2.64091">
        <ele>259.6</ele>
      </trkpt>
      <trkpt lat="42.46187" lon="2.64092">
        <ele>259.4</ele>
      </trkpt>
      <trkpt lat="42.46191" lon="2.64092">
        <ele>259.2</ele>
      </trkpt>
      <trkpt lat="42.46197" lon="2.64094">
        <ele>258.9</ele>
      </trkpt>
      <trkpt lat="42.46203" lon="2.64096">
        <ele>258.7</ele>
      </trkpt>
      <trkpt lat="42.46208" lon="2.64099">
        <ele>258.5</ele>
      </trkpt>
      <trkpt lat="42.46212" lon="2.64102">
        <ele>258.4</ele>
      </trkpt>
      <trkpt lat="42.46217" lon="2.64105">
        <ele>258.2</ele>
      </trkpt>
      <trkpt lat="42.46221" lon="2.64108">
        <ele>258</ele>
      </trkpt>
      <trkpt lat="42.46226" lon="2.64111">
        <ele>257.9</ele>
      </trkpt>
      <trkpt lat="42.4623" lon="2.64114">
        <ele>257.7</ele>
      </trkpt>
      <trkpt lat="42.46235" lon="2.64117">
        <ele>257.6</ele>
      </trkpt>
      <trkpt lat="42.46239" lon="2.6412">
        <ele>257.4</ele>
      </trkpt>
      <trkpt lat="42.46244" lon="2.64123">
        <ele>257.2</ele>
      </trkpt>
      <trkpt lat="42.46248" lon="2.64126">
        <ele>257.1</ele>
      </trkpt>
      <trkpt lat="42.46254" lon="2.64132">
        <ele>256.8</ele>
      </trkpt>
      <trkpt lat="42.4626" lon="2.64137">
        <ele>256.3</ele>
      </trkpt>
      <trkpt lat="42.46264" lon="2.64143">
        <ele>256.1</ele>
      </trkpt>
      <trkpt lat="42.46268" lon="2.64148">
        <ele>255.9</ele>
      </trkpt>
      <trkpt lat="42.46272" lon="2.64157">
        <ele>255.7</ele>
      </trkpt>
      <trkpt lat="42.46275" lon="2.64165">
        <ele>255.4</ele>
      </trkpt>
      <trkpt lat="42.46278" lon="2.64174">
        <ele>255.3</ele>
      </trkpt>
      <trkpt lat="42.4628" lon="2.64182">
        <ele>255.4</ele>
      </trkpt>
      <trkpt lat="42.46283" lon="2.6419">
        <ele>255.5</ele>
      </trkpt>
      <trkpt lat="42.46284" lon="2.64201">
        <ele>255.5</ele>
      </trkpt>
      <trkpt lat="42.46286" lon="2.64213">
        <ele>255.2</ele>
      </trkpt>
      <trkpt lat="42.46287" lon="2.64224">
        <ele>255</ele>
      </trkpt>
      <trkpt lat="42.46289" lon="2.64236">
        <ele>254.8</ele>
      </trkpt>
      <trkpt lat="42.4629" lon="2.64247">
        <ele>254.7</ele>
      </trkpt>
      <trkpt lat="42.46291" lon="2.64258">
        <ele>254.5</ele>
      </trkpt>
      <trkpt lat="42.46293" lon="2.6427">
        <ele>254.4</ele>
      </trkpt>
      <trkpt lat="42.46294" lon="2.64281">
        <ele>254.2</ele>
      </trkpt>
      <trkpt lat="42.46293" lon="2.6429">
        <ele>254.1</ele>
      </trkpt>
      <trkpt lat="42.46292" lon="2.64299">
        <ele>254.1</ele>
      </trkpt>
      <trkpt lat="42.46291" lon="2.64308">
        <ele>254.1</ele>
      </trkpt>
      <trkpt lat="42.4629" lon="2.64317">
        <ele>254.2</ele>
      </trkpt>
      <trkpt lat="42.4629" lon="2.64326">
        <ele>254.2</ele>
      </trkpt>
      <trkpt lat="42.4629" lon="2.64334">
        <ele>254.3</ele>
      </trkpt>
      <trkpt lat="42.4629" lon="2.64343">
        <ele>254.6</ele>
      </trkpt>
      <trkpt lat="42.4629" lon="2.64351">
        <ele>255</ele>
      </trkpt>
      <trkpt lat="42.46291" lon="2.64358">
        <ele>255.1</ele>
      </trkpt>
      <trkpt lat="42.46291" lon="2.64366">
        <ele>255.1</ele>
      </trkpt>
      <trkpt lat="42.46292" lon="2.64373">
        <ele>255</ele>
      </trkpt>
      <trkpt lat="42.46292" lon="2.6438">
        <ele>254.9</ele>
      </trkpt>
      <trkpt lat="42.46293" lon="2.64387">
        <ele>254.8</ele>
      </trkpt>
      <trkpt lat="42.46293" lon="2.64395">
        <ele>254.6</ele>
      </trkpt>
      <trkpt lat="42.46294" lon="2.64402">
        <ele>254.4</ele>
      </trkpt>
      <trkpt lat="42.46294" lon="2.64409">
        <ele>254.2</ele>
      </trkpt>
      <trkpt lat="42.46294" lon="2.64412">
        <ele>254.1</ele>
      </trkpt>
      <trkpt lat="42.46294" lon="2.64421">
        <ele>254</ele>
      </trkpt>
      <trkpt lat="42.46293" lon="2.6443">
        <ele>253.8</ele>
      </trkpt>
      <trkpt lat="42.46293" lon="2.64439">
        <ele>253.6</ele>
      </trkpt>
      <trkpt lat="42.46292" lon="2.64448">
        <ele>253.7</ele>
      </trkpt>
      <trkpt lat="42.46292" lon="2.6445">
        <ele>253.8</ele>
      </trkpt>
      <trkpt lat="42.46297" lon="2.6446">
        <ele>253.9</ele>
      </trkpt>
      <trkpt lat="42.46302" lon="2.64469">
        <ele>254.1</ele>
      </trkpt>
      <trkpt lat="42.46306" lon="2.64479">
        <ele>254.4</ele>
      </trkpt>
      <trkpt lat="42.46311" lon="2.64488">
        <ele>254.3</ele>
      </trkpt>
      <trkpt lat="42.46318" lon="2.64494">
        <ele>253.5</ele>
      </trkpt>
      <trkpt lat="42.46325" lon="2.645">
        <ele>252.5</ele>
      </trkpt>
      <trkpt lat="42.46332" lon="2.64506">
        <ele>252.5</ele>
      </trkpt>
      <trkpt lat="42.46339" lon="2.64512">
        <ele>253.8</ele>
      </trkpt>
      <trkpt lat="42.46344" lon="2.64515">
        <ele>254.8</ele>
      </trkpt>
      <trkpt lat="42.4635" lon="2.64518">
        <ele>256</ele>
      </trkpt>
      <trkpt lat="42.46355" lon="2.6452">
        <ele>257.4</ele>
      </trkpt>
      <trkpt lat="42.4636" lon="2.64523">
        <ele>259</ele>
      </trkpt>
      <trkpt lat="42.46366" lon="2.64529">
        <ele>260.3</ele>
      </trkpt>
      <trkpt lat="42.46372" lon="2.64534">
        <ele>261</ele>
      </trkpt>
      <trkpt lat="42.46377" lon="2.6454">
        <ele>260.7</ele>
      </trkpt>
      <trkpt lat="42.46383" lon="2.64545">
        <ele>259.6</ele>
      </trkpt>
      <trkpt lat="42.46384" lon="2.64534">
        <ele>257.1</ele>
      </trkpt>
      <trkpt lat="42.46385" lon="2.64522">
        <ele>254.3</ele>
      </trkpt>
      <trkpt lat="42.46386" lon="2.64512">
        <ele>251.4</ele>
      </trkpt>
      <trkpt lat="42.46388" lon="2.64502">
        <ele>248.6</ele>
      </trkpt>
      <trkpt lat="42.46389" lon="2.64492">
        <ele>248.6</ele>
      </trkpt>
      <trkpt lat="42.4639" lon="2.64482">
        <ele>249.4</ele>
      </trkpt>
      <trkpt lat="42.46391" lon="2.64472">
        <ele>250.4</ele>
      </trkpt>
      <trkpt lat="42.46393" lon="2.64462">
        <ele>251.5</ele>
      </trkpt>
      <trkpt lat="42.46394" lon="2.64452">
        <ele>252.6</ele>
      </trkpt>
      <trkpt lat="42.46395" lon="2.64442">
        <ele>253.8</ele>
      </trkpt>
      <trkpt lat="42.46396" lon="2.64435">
        <ele>255</ele>
      </trkpt>
      <trkpt lat="42.46396" lon="2.64429">
        <ele>255.9</ele>
      </trkpt>
      <trkpt lat="42.46396" lon="2.64423">
        <ele>256.8</ele>
      </trkpt>
      <trkpt lat="42.46395" lon="2.64416">
        <ele>257.8</ele>
      </trkpt>
      <trkpt lat="42.46395" lon="2.6441">
        <ele>259.4</ele>
      </trkpt>
      <trkpt lat="42.46403" lon="2.6441">
        <ele>260.9</ele>
      </trkpt>
      <trkpt lat="42.46411" lon="2.6441">
        <ele>262.5</ele>
      </trkpt>
      <trkpt lat="42.4642" lon="2.64414">
        <ele>261.8</ele>
      </trkpt>
      <trkpt lat="42.46428" lon="2.64417">
        <ele>260.3</ele>
      </trkpt>
      <trkpt lat="42.46432" lon="2.64421">
        <ele>259.8</ele>
      </trkpt>
      <trkpt lat="42.46435" lon="2.64425">
        <ele>259.2</ele>
      </trkpt>
      <trkpt lat="42.46439" lon="2.64429">
        <ele>258.6</ele>
      </trkpt>
      <trkpt lat="42.46442" lon="2.64433">
        <ele>258</ele>
      </trkpt>
      <trkpt lat="42.46445" lon="2.64442">
        <ele>256.5</ele>
      </trkpt>
      <trkpt lat="42.46448" lon="2.6445">
        <ele>255.8</ele>
      </trkpt>
      <trkpt lat="42.46451" lon="2.64462">
        <ele>255.4</ele>
      </trkpt>
      <trkpt lat="42.46453" lon="2.64473">
        <ele>254.9</ele>
      </trkpt>
      <trkpt lat="42.46456" lon="2.64479">
        <ele>254.5</ele>
      </trkpt>
      <trkpt lat="42.46459" lon="2.64485">
        <ele>254.1</ele>
      </trkpt>
      <trkpt lat="42.46464" lon="2.6449">
        <ele>254</ele>
      </trkpt>
      <trkpt lat="42.46468" lon="2.64495">
        <ele>253.9</ele>
      </trkpt>
      <trkpt lat="42.46461" lon="2.645">
        <ele>253.2</ele>
      </trkpt>
      <trkpt lat="42.46468" lon="2.64495">
        <ele>253.9</ele>
      </trkpt>
      <trkpt lat="42.46474" lon="2.64497">
        <ele>254.1</ele>
      </trkpt>
      <trkpt lat="42.46479" lon="2.64498">
        <ele>254.1</ele>
      </trkpt>
      <trkpt lat="42.46485" lon="2.645">
        <ele>254</ele>
      </trkpt>
      <trkpt lat="42.4649" lon="2.64501">
        <ele>254</ele>
      </trkpt>
      <trkpt lat="42.46498" lon="2.64506">
        <ele>254</ele>
      </trkpt>
      <trkpt lat="42.46505" lon="2.6451">
        <ele>254</ele>
      </trkpt>
      <trkpt lat="42.46513" lon="2.64515">
        <ele>254</ele>
      </trkpt>
      <trkpt lat="42.4652" lon="2.64519">
        <ele>254</ele>
      </trkpt>
      <trkpt lat="42.46527" lon="2.64526">
        <ele>254</ele>
      </trkpt>
      <trkpt lat="42.46534" lon="2.64533">
        <ele>253.7</ele>
      </trkpt>
      <trkpt lat="42.46538" lon="2.64523">
        <ele>253.9</ele>
      </trkpt>
      <trkpt lat="42.46541" lon="2.64512">
        <ele>253.7</ele>
      </trkpt>
      <trkpt lat="42.46544" lon="2.64506">
        <ele>253.5</ele>
      </trkpt>
      <trkpt lat="42.46546" lon="2.64499">
        <ele>253.3</ele>
      </trkpt>
      <trkpt lat="42.46553" lon="2.64504">
        <ele>253.2</ele>
      </trkpt>
      <trkpt lat="42.46561" lon="2.64508">
        <ele>253.3</ele>
      </trkpt>
      <trkpt lat="42.46568" lon="2.64513">
        <ele>253.5</ele>
      </trkpt>
      <trkpt lat="42.46575" lon="2.64517">
        <ele>253.6</ele>
      </trkpt>
      <trkpt lat="42.46582" lon="2.64522">
        <ele>253.8</ele>
      </trkpt>
      <trkpt lat="42.4659" lon="2.64526">
        <ele>253.9</ele>
      </trkpt>
      <trkpt lat="42.46597" lon="2.64531">
        <ele>253.9</ele>
      </trkpt>
      <trkpt lat="42.46604" lon="2.64535">
        <ele>253.9</ele>
      </trkpt>
      <trkpt lat="42.46611" lon="2.64538">
        <ele>254</ele>
      </trkpt>
      <trkpt lat="42.46618" lon="2.64541">
        <ele>253.9</ele>
      </trkpt>
      <trkpt lat="42.46624" lon="2.64543">
        <ele>253.8</ele>
      </trkpt>
      <trkpt lat="42.46631" lon="2.64546">
        <ele>253.8</ele>
      </trkpt>
      <trkpt lat="42.46638" lon="2.64549">
        <ele>253.8</ele>
      </trkpt>
      <trkpt lat="42.46645" lon="2.64552">
        <ele>253.9</ele>
      </trkpt>
      <trkpt lat="42.46651" lon="2.64554">
        <ele>254</ele>
      </trkpt>
      <trkpt lat="42.46658" lon="2.64557">
        <ele>253.9</ele>
      </trkpt>
      <trkpt lat="42.46664" lon="2.6456">
        <ele>253.7</ele>
      </trkpt>
      <trkpt lat="42.46671" lon="2.64562">
        <ele>253</ele>
      </trkpt>
      <trkpt lat="42.46677" lon="2.64565">
        <ele>252</ele>
      </trkpt>
      <trkpt lat="42.46683" lon="2.64567">
        <ele>251.1</ele>
      </trkpt>
      <trkpt lat="42.46689" lon="2.6457">
        <ele>250.1</ele>
      </trkpt>
      <trkpt lat="42.46696" lon="2.64572">
        <ele>249.5</ele>
      </trkpt>
      <trkpt lat="42.46702" lon="2.64575">
        <ele>250.2</ele>
      </trkpt>
      <trkpt lat="42.46708" lon="2.64577">
        <ele>251</ele>
      </trkpt>
      <trkpt lat="42.46713" lon="2.64578">
        <ele>251.6</ele>
      </trkpt>
      <trkpt lat="42.46717" lon="2.6458">
        <ele>252.2</ele>
      </trkpt>
      <trkpt lat="42.46722" lon="2.64581">
        <ele>252.9</ele>
      </trkpt>
      <trkpt lat="42.46727" lon="2.64583">
        <ele>253</ele>
      </trkpt>
      <trkpt lat="42.46731" lon="2.64584">
        <ele>253</ele>
      </trkpt>
      <trkpt lat="42.46736" lon="2.64585">
        <ele>252.9</ele>
      </trkpt>
      <trkpt lat="42.4674" lon="2.64587">
        <ele>252.8</ele>
      </trkpt>
      <trkpt lat="42.46745" lon="2.64588">
        <ele>252.7</ele>
      </trkpt>
      <trkpt lat="42.46752" lon="2.64591">
        <ele>252.5</ele>
      </trkpt>
      <trkpt lat="42.4676" lon="2.64593">
        <ele>252.5</ele>
      </trkpt>
      <trkpt lat="42.46767" lon="2.64596">
        <ele>252.7</ele>
      </trkpt>
      <trkpt lat="42.46774" lon="2.64598">
        <ele>252.9</ele>
      </trkpt>
      <trkpt lat="42.46779" lon="2.64603">
        <ele>253</ele>
      </trkpt>
      <trkpt lat="42.46784" lon="2.64609">
        <ele>253.2</ele>
      </trkpt>
      <trkpt lat="42.46789" lon="2.64614">
        <ele>253.3</ele>
      </trkpt>
      <trkpt lat="42.46794" lon="2.64619">
        <ele>253.3</ele>
      </trkpt>
      <trkpt lat="42.468" lon="2.64624">
        <ele>253.3</ele>
      </trkpt>
      <trkpt lat="42.46805" lon="2.64629">
        <ele>253.4</ele>
      </trkpt>
      <trkpt lat="42.46811" lon="2.64633">
        <ele>253.4</ele>
      </trkpt>
      <trkpt lat="42.46817" lon="2.64638">
        <ele>253.4</ele>
      </trkpt>
      <trkpt lat="42.46822" lon="2.64643">
        <ele>253.5</ele>
      </trkpt>
      <trkpt lat="42.46828" lon="2.64648">
        <ele>253.5</ele>
      </trkpt>
      <trkpt lat="42.46833" lon="2.64652">
        <ele>253.5</ele>
      </trkpt>
      <trkpt lat="42.46839" lon="2.64657">
        <ele>253.6</ele>
      </trkpt>
      <trkpt lat="42.46845" lon="2.64665">
        <ele>253.5</ele>
      </trkpt>
      <trkpt lat="42.46852" lon="2.64673">
        <ele>253.1</ele>
      </trkpt>
      <trkpt lat="42.46858" lon="2.64681">
        <ele>252.5</ele>
      </trkpt>
      <trkpt lat="42.46864" lon="2.64689">
        <ele>251.9</ele>
      </trkpt>
      <trkpt lat="42.46869" lon="2.64696">
        <ele>251.8</ele>
      </trkpt>
      <trkpt lat="42.46873" lon="2.64702">
        <ele>251.9</ele>
      </trkpt>
      <trkpt lat="42.46876" lon="2.64708">
        <ele>251.9</ele>
      </trkpt>
      <trkpt lat="42.4688" lon="2.64714">
        <ele>251.6</ele>
      </trkpt>
      <trkpt lat="42.46883" lon="2.64719">
        <ele>251.3</ele>
      </trkpt>
      <trkpt lat="42.46887" lon="2.64725">
        <ele>250.9</ele>
      </trkpt>
      <trkpt lat="42.4689" lon="2.64731">
        <ele>251.1</ele>
      </trkpt>
      <trkpt lat="42.46893" lon="2.64737">
        <ele>251.7</ele>
      </trkpt>
      <trkpt lat="42.46897" lon="2.64742">
        <ele>251.5</ele>
      </trkpt>
      <trkpt lat="42.469" lon="2.64748">
        <ele>250.5</ele>
      </trkpt>
      <trkpt lat="42.46902" lon="2.64753">
        <ele>249.9</ele>
      </trkpt>
      <trkpt lat="42.46905" lon="2.64759">
        <ele>249.7</ele>
      </trkpt>
      <trkpt lat="42.46907" lon="2.64764">
        <ele>249.5</ele>
      </trkpt>
      <trkpt lat="42.4691" lon="2.6477">
        <ele>249.3</ele>
      </trkpt>
      <trkpt lat="42.46912" lon="2.64775">
        <ele>249.1</ele>
      </trkpt>
      <trkpt lat="42.46914" lon="2.6478">
        <ele>249</ele>
      </trkpt>
      <trkpt lat="42.46917" lon="2.64786">
        <ele>249</ele>
      </trkpt>
      <trkpt lat="42.46919" lon="2.64791">
        <ele>249.3</ele>
      </trkpt>
      <trkpt lat="42.46922" lon="2.64799">
        <ele>249.4</ele>
      </trkpt>
      <trkpt lat="42.46925" lon="2.64807">
        <ele>249.3</ele>
      </trkpt>
      <trkpt lat="42.46927" lon="2.64815">
        <ele>249.3</ele>
      </trkpt>
      <trkpt lat="42.4693" lon="2.64823">
        <ele>249.5</ele>
      </trkpt>
      <trkpt lat="42.46933" lon="2.6483">
        <ele>249.7</ele>
      </trkpt>
      <trkpt lat="42.46936" lon="2.64838">
        <ele>249.6</ele>
      </trkpt>
      <trkpt lat="42.46938" lon="2.64846">
        <ele>249.2</ele>
      </trkpt>
      <trkpt lat="42.46941" lon="2.64854">
        <ele>248.6</ele>
      </trkpt>
      <trkpt lat="42.46942" lon="2.6486">
        <ele>248</ele>
      </trkpt>
      <trkpt lat="42.46943" lon="2.64866">
        <ele>247.8</ele>
      </trkpt>
      <trkpt lat="42.46944" lon="2.64872">
        <ele>247.6</ele>
      </trkpt>
      <trkpt lat="42.46945" lon="2.64878">
        <ele>247.6</ele>
      </trkpt>
      <trkpt lat="42.46946" lon="2.64886">
        <ele>247.6</ele>
      </trkpt>
      <trkpt lat="42.46947" lon="2.64893">
        <ele>247.2</ele>
      </trkpt>
      <trkpt lat="42.46948" lon="2.64901">
        <ele>246.6</ele>
      </trkpt>
      <trkpt lat="42.46949" lon="2.64908">
        <ele>246.1</ele>
      </trkpt>
      <trkpt lat="42.46952" lon="2.64914">
        <ele>246.2</ele>
      </trkpt>
      <trkpt lat="42.46955" lon="2.6492">
        <ele>246.2</ele>
      </trkpt>
      <trkpt lat="42.46958" lon="2.64926">
        <ele>246.1</ele>
      </trkpt>
      <trkpt lat="42.46961" lon="2.64932">
        <ele>245.9</ele>
      </trkpt>
      <trkpt lat="42.46965" lon="2.64939">
        <ele>245.5</ele>
      </trkpt>
      <trkpt lat="42.46968" lon="2.64946">
        <ele>245</ele>
      </trkpt>
      <trkpt lat="42.4697" lon="2.64952">
        <ele>244.6</ele>
      </trkpt>
      <trkpt lat="42.46973" lon="2.64958">
        <ele>244.2</ele>
      </trkpt>
      <trkpt lat="42.46975" lon="2.64964">
        <ele>244.7</ele>
      </trkpt>
      <trkpt lat="42.46977" lon="2.6497">
        <ele>245.4</ele>
      </trkpt>
      <trkpt lat="42.46978" lon="2.64973">
        <ele>245.6</ele>
      </trkpt>
      <trkpt lat="42.46979" lon="2.6498">
        <ele>245.4</ele>
      </trkpt>
      <trkpt lat="42.4698" lon="2.64986">
        <ele>245.1</ele>
      </trkpt>
      <trkpt lat="42.4698" lon="2.64998">
        <ele>243.5</ele>
      </trkpt>
      <trkpt lat="42.46981" lon="2.6501">
        <ele>243.5</ele>
      </trkpt>
      <trkpt lat="42.46981" lon="2.65022">
        <ele>243.7</ele>
      </trkpt>
      <trkpt lat="42.46982" lon="2.65035">
        <ele>244.8</ele>
      </trkpt>
      <trkpt lat="42.46982" lon="2.65047">
        <ele>246.6</ele>
      </trkpt>
      <trkpt lat="42.46982" lon="2.65059">
        <ele>247.8</ele>
      </trkpt>
      <trkpt lat="42.46983" lon="2.65071">
        <ele>247.2</ele>
      </trkpt>
      <trkpt lat="42.46983" lon="2.65083">
        <ele>246.6</ele>
      </trkpt>
      <trkpt lat="42.46985" lon="2.65093">
        <ele>247.7</ele>
      </trkpt>
      <trkpt lat="42.46987" lon="2.65102">
        <ele>248.6</ele>
      </trkpt>
      <trkpt lat="42.46988" lon="2.65112">
        <ele>249.4</ele>
      </trkpt>
      <trkpt lat="42.4699" lon="2.65121">
        <ele>248.6</ele>
      </trkpt>
      <trkpt lat="42.46992" lon="2.65127">
        <ele>248.1</ele>
      </trkpt>
      <trkpt lat="42.46993" lon="2.65133">
        <ele>247.5</ele>
      </trkpt>
      <trkpt lat="42.46995" lon="2.65139">
        <ele>246.6</ele>
      </trkpt>
      <trkpt lat="42.46996" lon="2.65145">
        <ele>246.7</ele>
      </trkpt>
      <trkpt lat="42.46997" lon="2.65152">
        <ele>246.6</ele>
      </trkpt>
      <trkpt lat="42.46999" lon="2.6516">
        <ele>246.3</ele>
      </trkpt>
      <trkpt lat="42.47" lon="2.65167">
        <ele>246.1</ele>
      </trkpt>
      <trkpt lat="42.47002" lon="2.65175">
        <ele>246.9</ele>
      </trkpt>
      <trkpt lat="42.47003" lon="2.65182">
        <ele>247.6</ele>
      </trkpt>
      <trkpt lat="42.47004" lon="2.65189">
        <ele>248.3</ele>
      </trkpt>
      <trkpt lat="42.47006" lon="2.65197">
        <ele>249</ele>
      </trkpt>
      <trkpt lat="42.47007" lon="2.65204">
        <ele>250</ele>
      </trkpt>
      <trkpt lat="42.47007" lon="2.65211">
        <ele>249.7</ele>
      </trkpt>
      <trkpt lat="42.47007" lon="2.65218">
        <ele>249.5</ele>
      </trkpt>
      <trkpt lat="42.47007" lon="2.65224">
        <ele>249.4</ele>
      </trkpt>
      <trkpt lat="42.47007" lon="2.65231">
        <ele>249.8</ele>
      </trkpt>
      <trkpt lat="42.47006" lon="2.65238">
        <ele>249</ele>
      </trkpt>
      <trkpt lat="42.47004" lon="2.65244">
        <ele>248.1</ele>
      </trkpt>
      <trkpt lat="42.47003" lon="2.65251">
        <ele>247</ele>
      </trkpt>
      <trkpt lat="42.47002" lon="2.65257">
        <ele>246</ele>
      </trkpt>
      <trkpt lat="42.47" lon="2.65264">
        <ele>245.1</ele>
      </trkpt>
      <trkpt lat="42.46999" lon="2.6527">
        <ele>245.1</ele>
      </trkpt>
      <trkpt lat="42.46997" lon="2.65277">
        <ele>245.1</ele>
      </trkpt>
      <trkpt lat="42.46996" lon="2.65283">
        <ele>245.2</ele>
      </trkpt>
      <trkpt lat="42.46995" lon="2.65295">
        <ele>246</ele>
      </trkpt>
      <trkpt lat="42.46994" lon="2.65307">
        <ele>246.5</ele>
      </trkpt>
      <trkpt lat="42.46994" lon="2.65317">
        <ele>245.5</ele>
      </trkpt>
      <trkpt lat="42.46994" lon="2.65326">
        <ele>244.5</ele>
      </trkpt>
      <trkpt lat="42.46995" lon="2.65333">
        <ele>244</ele>
      </trkpt>
      <trkpt lat="42.46996" lon="2.6534">
        <ele>244</ele>
      </trkpt>
      <trkpt lat="42.46998" lon="2.65347">
        <ele>244.2</ele>
      </trkpt>
      <trkpt lat="42.47" lon="2.65353">
        <ele>244.3</ele>
      </trkpt>
      <trkpt lat="42.47002" lon="2.6536">
        <ele>244.2</ele>
      </trkpt>
      <trkpt lat="42.47004" lon="2.65366">
        <ele>243.8</ele>
      </trkpt>
      <trkpt lat="42.47006" lon="2.65374">
        <ele>243.4</ele>
      </trkpt>
      <trkpt lat="42.47008" lon="2.65382">
        <ele>243.2</ele>
      </trkpt>
      <trkpt lat="42.47009" lon="2.6539">
        <ele>243.2</ele>
      </trkpt>
      <trkpt lat="42.47011" lon="2.65399">
        <ele>243.2</ele>
      </trkpt>
      <trkpt lat="42.47013" lon="2.65407">
        <ele>243</ele>
      </trkpt>
      <trkpt lat="42.47015" lon="2.65415">
        <ele>242.7</ele>
      </trkpt>
      <trkpt lat="42.47016" lon="2.65423">
        <ele>242.9</ele>
      </trkpt>
      <trkpt lat="42.47018" lon="2.65431">
        <ele>243.2</ele>
      </trkpt>
      <trkpt lat="42.47018" lon="2.65434">
        <ele>243.2</ele>
      </trkpt>
      <trkpt lat="42.47019" lon="2.65441">
        <ele>243.4</ele>
      </trkpt>
      <trkpt lat="42.4702" lon="2.65448">
        <ele>243.5</ele>
      </trkpt>
      <trkpt lat="42.47021" lon="2.65454">
        <ele>243.5</ele>
      </trkpt>
      <trkpt lat="42.47022" lon="2.65461">
        <ele>243.5</ele>
      </trkpt>
      <trkpt lat="42.47023" lon="2.65468">
        <ele>243.5</ele>
      </trkpt>
      <trkpt lat="42.47024" lon="2.65475">
        <ele>243.3</ele>
      </trkpt>
      <trkpt lat="42.47025" lon="2.65482">
        <ele>243</ele>
      </trkpt>
      <trkpt lat="42.47027" lon="2.65489">
        <ele>242.7</ele>
      </trkpt>
      <trkpt lat="42.47028" lon="2.65495">
        <ele>242.3</ele>
      </trkpt>
      <trkpt lat="42.47029" lon="2.65502">
        <ele>242.3</ele>
      </trkpt>
      <trkpt lat="42.4703" lon="2.65509">
        <ele>242.5</ele>
      </trkpt>
      <trkpt lat="42.47031" lon="2.65516">
        <ele>242.7</ele>
      </trkpt>
      <trkpt lat="42.47032" lon="2.65523">
        <ele>242.9</ele>
      </trkpt>
      <trkpt lat="42.47033" lon="2.65529">
        <ele>243.3</ele>
      </trkpt>
      <trkpt lat="42.47034" lon="2.65536">
        <ele>243.8</ele>
      </trkpt>
      <trkpt lat="42.47035" lon="2.65543">
        <ele>244.4</ele>
      </trkpt>
      <trkpt lat="42.47035" lon="2.65552">
        <ele>244.2</ele>
      </trkpt>
      <trkpt lat="42.47035" lon="2.6556">
        <ele>244.5</ele>
      </trkpt>
      <trkpt lat="42.47033" lon="2.65568">
        <ele>244.1</ele>
      </trkpt>
      <trkpt lat="42.47032" lon="2.65576">
        <ele>243.7</ele>
      </trkpt>
      <trkpt lat="42.4703" lon="2.65583">
        <ele>243.2</ele>
      </trkpt>
      <trkpt lat="42.47028" lon="2.65591">
        <ele>242.1</ele>
      </trkpt>
      <trkpt lat="42.47028" lon="2.65601">
        <ele>242</ele>
      </trkpt>
      <trkpt lat="42.47027" lon="2.65611">
        <ele>241.9</ele>
      </trkpt>
      <trkpt lat="42.47029" lon="2.6562">
        <ele>242.4</ele>
      </trkpt>
      <trkpt lat="42.47031" lon="2.65629">
        <ele>243</ele>
      </trkpt>
      <trkpt lat="42.47033" lon="2.65637">
        <ele>243.4</ele>
      </trkpt>
      <trkpt lat="42.47035" lon="2.65646">
        <ele>243.8</ele>
      </trkpt>
      <trkpt lat="42.47037" lon="2.65652">
        <ele>244.3</ele>
      </trkpt>
      <trkpt lat="42.4704" lon="2.65657">
        <ele>244.7</ele>
      </trkpt>
      <trkpt lat="42.47042" lon="2.65663">
        <ele>244.8</ele>
      </trkpt>
      <trkpt lat="42.47044" lon="2.65669">
        <ele>244.8</ele>
      </trkpt>
      <trkpt lat="42.47046" lon="2.65674">
        <ele>244.4</ele>
      </trkpt>
      <trkpt lat="42.47049" lon="2.6568">
        <ele>243.9</ele>
      </trkpt>
      <trkpt lat="42.47051" lon="2.65686">
        <ele>243.2</ele>
      </trkpt>
      <trkpt lat="42.47053" lon="2.65692">
        <ele>242.4</ele>
      </trkpt>
      <trkpt lat="42.47055" lon="2.65697">
        <ele>241.7</ele>
      </trkpt>
      <trkpt lat="42.47058" lon="2.65703">
        <ele>242.3</ele>
      </trkpt>
      <trkpt lat="42.4706" lon="2.65709">
        <ele>242.9</ele>
      </trkpt>
      <trkpt lat="42.47062" lon="2.65714">
        <ele>243.4</ele>
      </trkpt>
      <trkpt lat="42.47064" lon="2.6572">
        <ele>243.7</ele>
      </trkpt>
      <trkpt lat="42.47067" lon="2.65726">
        <ele>243.9</ele>
      </trkpt>
      <trkpt lat="42.47069" lon="2.65731">
        <ele>243.9</ele>
      </trkpt>
      <trkpt lat="42.47071" lon="2.65737">
        <ele>243.6</ele>
      </trkpt>
      <trkpt lat="42.47074" lon="2.65742">
        <ele>243.7</ele>
      </trkpt>
      <trkpt lat="42.47078" lon="2.65747">
        <ele>243.5</ele>
      </trkpt>
      <trkpt lat="42.47081" lon="2.65751">
        <ele>243.1</ele>
      </trkpt>
      <trkpt lat="42.47084" lon="2.65756">
        <ele>242.9</ele>
      </trkpt>
      <trkpt lat="42.47087" lon="2.65761">
        <ele>243.4</ele>
      </trkpt>
      <trkpt lat="42.4709" lon="2.65765">
        <ele>243.6</ele>
      </trkpt>
      <trkpt lat="42.47094" lon="2.6577">
        <ele>243.4</ele>
      </trkpt>
      <trkpt lat="42.47097" lon="2.65775">
        <ele>243</ele>
      </trkpt>
      <trkpt lat="42.471" lon="2.65779">
        <ele>242.6</ele>
      </trkpt>
      <trkpt lat="42.47103" lon="2.65784">
        <ele>242.4</ele>
      </trkpt>
      <trkpt lat="42.47106" lon="2.65789">
        <ele>241.9</ele>
      </trkpt>
      <trkpt lat="42.4711" lon="2.65794">
        <ele>241.1</ele>
      </trkpt>
      <trkpt lat="42.47113" lon="2.65798">
        <ele>240.3</ele>
      </trkpt>
      <trkpt lat="42.47116" lon="2.65803">
        <ele>240</ele>
      </trkpt>
      <trkpt lat="42.47119" lon="2.65808">
        <ele>240.1</ele>
      </trkpt>
      <trkpt lat="42.47122" lon="2.65812">
        <ele>240.6</ele>
      </trkpt>
      <trkpt lat="42.47125" lon="2.65817">
        <ele>240.7</ele>
      </trkpt>
      <trkpt lat="42.47129" lon="2.65822">
        <ele>240.5</ele>
      </trkpt>
      <trkpt lat="42.47132" lon="2.65826">
        <ele>240</ele>
      </trkpt>
      <trkpt lat="42.47135" lon="2.65831">
        <ele>239.2</ele>
      </trkpt>
      <trkpt lat="42.47138" lon="2.65836">
        <ele>238.7</ele>
      </trkpt>
      <trkpt lat="42.47142" lon="2.6584">
        <ele>239.3</ele>
      </trkpt>
      <trkpt lat="42.47145" lon="2.65845">
        <ele>239.8</ele>
      </trkpt>
      <trkpt lat="42.47148" lon="2.65849">
        <ele>240</ele>
      </trkpt>
      <trkpt lat="42.47151" lon="2.65854">
        <ele>240</ele>
      </trkpt>
      <trkpt lat="42.47155" lon="2.65858">
        <ele>239.5</ele>
      </trkpt>
      <trkpt lat="42.47158" lon="2.65863">
        <ele>239.2</ele>
      </trkpt>
      <trkpt lat="42.47161" lon="2.65868">
        <ele>239.1</ele>
      </trkpt>
      <trkpt lat="42.47164" lon="2.65872">
        <ele>238.8</ele>
      </trkpt>
      <trkpt lat="42.47168" lon="2.65877">
        <ele>238.6</ele>
      </trkpt>
      <trkpt lat="42.47171" lon="2.65881">
        <ele>239</ele>
      </trkpt>
      <trkpt lat="42.47174" lon="2.65886">
        <ele>239.4</ele>
      </trkpt>
      <trkpt lat="42.47177" lon="2.6589">
        <ele>239.6</ele>
      </trkpt>
      <trkpt lat="42.47181" lon="2.65895">
        <ele>239.7</ele>
      </trkpt>
      <trkpt lat="42.47184" lon="2.65899">
        <ele>239.5</ele>
      </trkpt>
      <trkpt lat="42.47187" lon="2.65904">
        <ele>238.8</ele>
      </trkpt>
      <trkpt lat="42.47191" lon="2.65911">
        <ele>237.2</ele>
      </trkpt>
      <trkpt lat="42.47195" lon="2.65917">
        <ele>235.3</ele>
      </trkpt>
      <trkpt lat="42.47199" lon="2.65924">
        <ele>237.4</ele>
      </trkpt>
      <trkpt lat="42.47203" lon="2.6593">
        <ele>239.3</ele>
      </trkpt>
      <trkpt lat="42.47205" lon="2.65936">
        <ele>239.9</ele>
      </trkpt>
      <trkpt lat="42.47207" lon="2.65942">
        <ele>240.4</ele>
      </trkpt>
      <trkpt lat="42.47209" lon="2.65948">
        <ele>240.3</ele>
      </trkpt>
      <trkpt lat="42.47211" lon="2.65955">
        <ele>239.8</ele>
      </trkpt>
      <trkpt lat="42.47212" lon="2.65961">
        <ele>239.1</ele>
      </trkpt>
      <trkpt lat="42.47214" lon="2.65967">
        <ele>238</ele>
      </trkpt>
      <trkpt lat="42.47216" lon="2.65973">
        <ele>236.7</ele>
      </trkpt>
      <trkpt lat="42.47218" lon="2.65979">
        <ele>235.6</ele>
      </trkpt>
      <trkpt lat="42.47222" lon="2.65985">
        <ele>234.8</ele>
      </trkpt>
      <trkpt lat="42.47226" lon="2.6599">
        <ele>234.9</ele>
      </trkpt>
      <trkpt lat="42.47229" lon="2.65996">
        <ele>234.8</ele>
      </trkpt>
      <trkpt lat="42.47233" lon="2.66001">
        <ele>234.6</ele>
      </trkpt>
      <trkpt lat="42.47239" lon="2.66006">
        <ele>235.4</ele>
      </trkpt>
      <trkpt lat="42.47246" lon="2.66011">
        <ele>235.7</ele>
      </trkpt>
      <trkpt lat="42.47252" lon="2.66015">
        <ele>235.1</ele>
      </trkpt>
      <trkpt lat="42.47258" lon="2.6602">
        <ele>234</ele>
      </trkpt>
      <trkpt lat="42.47263" lon="2.66024">
        <ele>233.3</ele>
      </trkpt>
      <trkpt lat="42.47268" lon="2.66027">
        <ele>232.8</ele>
      </trkpt>
      <trkpt lat="42.47271" lon="2.66035">
        <ele>231.7</ele>
      </trkpt>
      <trkpt lat="42.47276" lon="2.6604">
        <ele>231.3</ele>
      </trkpt>
      <trkpt lat="42.47281" lon="2.66044">
        <ele>230.8</ele>
      </trkpt>
      <trkpt lat="42.47285" lon="2.66049">
        <ele>230.5</ele>
      </trkpt>
      <trkpt lat="42.4729" lon="2.66053">
        <ele>230.2</ele>
      </trkpt>
      <trkpt lat="42.47295" lon="2.66058">
        <ele>230.3</ele>
      </trkpt>
      <trkpt lat="42.473" lon="2.66062">
        <ele>230.5</ele>
      </trkpt>
      <trkpt lat="42.47304" lon="2.66067">
        <ele>230.6</ele>
      </trkpt>
      <trkpt lat="42.47309" lon="2.66071">
        <ele>230.6</ele>
      </trkpt>
      <trkpt lat="42.47312" lon="2.66077">
        <ele>230.1</ele>
      </trkpt>
      <trkpt lat="42.47314" lon="2.66082">
        <ele>229.5</ele>
      </trkpt>
      <trkpt lat="42.4732" lon="2.66085">
        <ele>229.4</ele>
      </trkpt>
      <trkpt lat="42.47324" lon="2.66089">
        <ele>229.2</ele>
      </trkpt>
      <trkpt lat="42.47328" lon="2.66092">
        <ele>229.1</ele>
      </trkpt>
      <trkpt lat="42.47331" lon="2.66096">
        <ele>229</ele>
      </trkpt>
      <trkpt lat="42.47335" lon="2.66099">
        <ele>229.1</ele>
      </trkpt>
      <trkpt lat="42.47335" lon="2.661">
        <ele>229</ele>
      </trkpt>
      <trkpt lat="42.47336" lon="2.66101">
        <ele>229</ele>
      </trkpt>
      <trkpt lat="42.47338" lon="2.66102">
        <ele>229.2</ele>
      </trkpt>
      <trkpt lat="42.4734" lon="2.66104">
        <ele>229.1</ele>
      </trkpt>
      <trkpt lat="42.47342" lon="2.66106">
        <ele>229</ele>
      </trkpt>
      <trkpt lat="42.47344" lon="2.66108">
        <ele>228.9</ele>
      </trkpt>
      <trkpt lat="42.47346" lon="2.66109">
        <ele>228.8</ele>
      </trkpt>
      <trkpt lat="42.47348" lon="2.66111">
        <ele>228.5</ele>
      </trkpt>
      <trkpt lat="42.47351" lon="2.66113">
        <ele>228.5</ele>
      </trkpt>
      <trkpt lat="42.47353" lon="2.66115">
        <ele>228.5</ele>
      </trkpt>
      <trkpt lat="42.47355" lon="2.66118">
        <ele>228.4</ele>
      </trkpt>
      <trkpt lat="42.47357" lon="2.6612">
        <ele>228.4</ele>
      </trkpt>
      <trkpt lat="42.47359" lon="2.66122">
        <ele>228.5</ele>
      </trkpt>
      <trkpt lat="42.47361" lon="2.66124">
        <ele>228.5</ele>
      </trkpt>
      <trkpt lat="42.47363" lon="2.66126">
        <ele>228.7</ele>
      </trkpt>
      <trkpt lat="42.47365" lon="2.66128">
        <ele>228.8</ele>
      </trkpt>
      <trkpt lat="42.47367" lon="2.6613">
        <ele>228.8</ele>
      </trkpt>
      <trkpt lat="42.47369" lon="2.66131">
        <ele>228.9</ele>
      </trkpt>
      <trkpt lat="42.4737" lon="2.66132">
        <ele>228.9</ele>
      </trkpt>
      <trkpt lat="42.47376" lon="2.6614">
        <ele>228.5</ele>
      </trkpt>
      <trkpt lat="42.47383" lon="2.66148">
        <ele>228.2</ele>
      </trkpt>
      <trkpt lat="42.47389" lon="2.66155">
        <ele>228.4</ele>
      </trkpt>
      <trkpt lat="42.47395" lon="2.66163">
        <ele>228.4</ele>
      </trkpt>
      <trkpt lat="42.47401" lon="2.66171">
        <ele>228</ele>
      </trkpt>
      <trkpt lat="42.47408" lon="2.66179">
        <ele>228</ele>
      </trkpt>
      <trkpt lat="42.47414" lon="2.66186">
        <ele>228.5</ele>
      </trkpt>
      <trkpt lat="42.4742" lon="2.66194">
        <ele>229</ele>
      </trkpt>
      <trkpt lat="42.47426" lon="2.662">
        <ele>228.1</ele>
      </trkpt>
      <trkpt lat="42.47432" lon="2.66207">
        <ele>227.6</ele>
      </trkpt>
      <trkpt lat="42.47438" lon="2.66213">
        <ele>227.6</ele>
      </trkpt>
      <trkpt lat="42.47444" lon="2.66219">
        <ele>228</ele>
      </trkpt>
      <trkpt lat="42.4745" lon="2.66226">
        <ele>227.6</ele>
      </trkpt>
      <trkpt lat="42.47457" lon="2.66233">
        <ele>227</ele>
      </trkpt>
      <trkpt lat="42.47463" lon="2.6624">
        <ele>227</ele>
      </trkpt>
      <trkpt lat="42.4747" lon="2.66247">
        <ele>227.6</ele>
      </trkpt>
      <trkpt lat="42.47476" lon="2.66253">
        <ele>227.4</ele>
      </trkpt>
      <trkpt lat="42.47482" lon="2.6626">
        <ele>226.6</ele>
      </trkpt>
      <trkpt lat="42.47489" lon="2.66267">
        <ele>226.5</ele>
      </trkpt>
      <trkpt lat="42.47495" lon="2.66274">
        <ele>227</ele>
      </trkpt>
      <trkpt lat="42.47499" lon="2.66285">
        <ele>226.7</ele>
      </trkpt>
      <trkpt lat="42.47503" lon="2.66295">
        <ele>225.7</ele>
      </trkpt>
      <trkpt lat="42.47506" lon="2.66306">
        <ele>224.7</ele>
      </trkpt>
      <trkpt lat="42.4751" lon="2.66316">
        <ele>224.1</ele>
      </trkpt>
      <trkpt lat="42.47512" lon="2.66323">
        <ele>223.9</ele>
      </trkpt>
      <trkpt lat="42.47515" lon="2.66331">
        <ele>223.8</ele>
      </trkpt>
      <trkpt lat="42.47517" lon="2.66338">
        <ele>223.9</ele>
      </trkpt>
      <trkpt lat="42.47519" lon="2.66345">
        <ele>224.1</ele>
      </trkpt>
      <trkpt lat="42.47522" lon="2.66354">
        <ele>224.5</ele>
      </trkpt>
      <trkpt lat="42.47523" lon="2.66354">
        <ele>224.8</ele>
      </trkpt>
      <trkpt lat="42.47528" lon="2.66364">
        <ele>225.7</ele>
      </trkpt>
      <trkpt lat="42.47532" lon="2.66374">
        <ele>225.2</ele>
      </trkpt>
      <trkpt lat="42.47535" lon="2.6638">
        <ele>225</ele>
      </trkpt>
      <trkpt lat="42.47537" lon="2.66386">
        <ele>224.8</ele>
      </trkpt>
      <trkpt lat="42.47533" lon="2.66392">
        <ele>223.9</ele>
      </trkpt>
      <trkpt lat="42.47528" lon="2.66397">
        <ele>222.6</ele>
      </trkpt>
      <trkpt lat="42.47522" lon="2.66404">
        <ele>220.5</ele>
      </trkpt>
      <trkpt lat="42.47516" lon="2.6641">
        <ele>218.9</ele>
      </trkpt>
      <trkpt lat="42.4751" lon="2.66417">
        <ele>217.7</ele>
      </trkpt>
      <trkpt lat="42.47504" lon="2.66423">
        <ele>217.4</ele>
      </trkpt>
      <trkpt lat="42.47497" lon="2.6643">
        <ele>218</ele>
      </trkpt>
      <trkpt lat="42.47491" lon="2.66436">
        <ele>219.8</ele>
      </trkpt>
      <trkpt lat="42.47485" lon="2.66443">
        <ele>222.1</ele>
      </trkpt>
      <trkpt lat="42.47479" lon="2.66449">
        <ele>223.8</ele>
      </trkpt>
      <trkpt lat="42.47482" lon="2.66455">
        <ele>222.7</ele>
      </trkpt>
      <trkpt lat="42.47485" lon="2.66461">
        <ele>221.8</ele>
      </trkpt>
      <trkpt lat="42.47488" lon="2.66466">
        <ele>220.9</ele>
      </trkpt>
      <trkpt lat="42.4749" lon="2.66472">
        <ele>220.1</ele>
      </trkpt>
      <trkpt lat="42.47493" lon="2.66478">
        <ele>220.2</ele>
      </trkpt>
      <trkpt lat="42.47496" lon="2.66483">
        <ele>220.6</ele>
      </trkpt>
      <trkpt lat="42.47499" lon="2.66489">
        <ele>221.1</ele>
      </trkpt>
      <trkpt lat="42.47501" lon="2.66494">
        <ele>221.7</ele>
      </trkpt>
      <trkpt lat="42.47504" lon="2.665">
        <ele>222</ele>
      </trkpt>
      <trkpt lat="42.47507" lon="2.66509">
        <ele>221.5</ele>
      </trkpt>
      <trkpt lat="42.47509" lon="2.66517">
        <ele>220.9</ele>
      </trkpt>
      <trkpt lat="42.4751" lon="2.66523">
        <ele>220.7</ele>
      </trkpt>
      <trkpt lat="42.47511" lon="2.66529">
        <ele>220.4</ele>
      </trkpt>
      <trkpt lat="42.47513" lon="2.66535">
        <ele>219.9</ele>
      </trkpt>
      <trkpt lat="42.47514" lon="2.66541">
        <ele>219.5</ele>
      </trkpt>
      <trkpt lat="42.47515" lon="2.66547">
        <ele>219.2</ele>
      </trkpt>
      <trkpt lat="42.47516" lon="2.66553">
        <ele>218.9</ele>
      </trkpt>
      <trkpt lat="42.47518" lon="2.66559">
        <ele>218.7</ele>
      </trkpt>
      <trkpt lat="42.47519" lon="2.66565">
        <ele>218.5</ele>
      </trkpt>
      <trkpt lat="42.4752" lon="2.66571">
        <ele>218.4</ele>
      </trkpt>
      <trkpt lat="42.47521" lon="2.6658">
        <ele>218.5</ele>
      </trkpt>
      <trkpt lat="42.47521" lon="2.66589">
        <ele>218.3</ele>
      </trkpt>
      <trkpt lat="42.47522" lon="2.66598">
        <ele>217.8</ele>
      </trkpt>
      <trkpt lat="42.47522" lon="2.66607">
        <ele>217.4</ele>
      </trkpt>
      <trkpt lat="42.47522" lon="2.66615">
        <ele>217.2</ele>
      </trkpt>
      <trkpt lat="42.47521" lon="2.66622">
        <ele>217.1</ele>
      </trkpt>
      <trkpt lat="42.47521" lon="2.6663">
        <ele>216.9</ele>
      </trkpt>
      <trkpt lat="42.4752" lon="2.66637">
        <ele>216.7</ele>
      </trkpt>
      <trkpt lat="42.4752" lon="2.66645">
        <ele>216.6</ele>
      </trkpt>
      <trkpt lat="42.47519" lon="2.66652">
        <ele>216.6</ele>
      </trkpt>
      <trkpt lat="42.47519" lon="2.6666">
        <ele>216.5</ele>
      </trkpt>
      <trkpt lat="42.47518" lon="2.66667">
        <ele>216.5</ele>
      </trkpt>
      <trkpt lat="42.47517" lon="2.66676">
        <ele>216.7</ele>
      </trkpt>
      <trkpt lat="42.47515" lon="2.66684">
        <ele>216.9</ele>
      </trkpt>
      <trkpt lat="42.47514" lon="2.66691">
        <ele>217.1</ele>
      </trkpt>
      <trkpt lat="42.47512" lon="2.66698">
        <ele>217.3</ele>
      </trkpt>
      <trkpt lat="42.47511" lon="2.66704">
        <ele>217.5</ele>
      </trkpt>
      <trkpt lat="42.47509" lon="2.6671">
        <ele>217.7</ele>
      </trkpt>
      <trkpt lat="42.47508" lon="2.66716">
        <ele>217.8</ele>
      </trkpt>
      <trkpt lat="42.47506" lon="2.66722">
        <ele>217.9</ele>
      </trkpt>
      <trkpt lat="42.47502" lon="2.66731">
        <ele>217.8</ele>
      </trkpt>
      <trkpt lat="42.47498" lon="2.66741">
        <ele>217.3</ele>
      </trkpt>
      <trkpt lat="42.47493" lon="2.6675">
        <ele>217</ele>
      </trkpt>
      <trkpt lat="42.47489" lon="2.66759">
        <ele>217.1</ele>
      </trkpt>
      <trkpt lat="42.47485" lon="2.66767">
        <ele>217.3</ele>
      </trkpt>
      <trkpt lat="42.47481" lon="2.66774">
        <ele>217.6</ele>
      </trkpt>
      <trkpt lat="42.47477" lon="2.66782">
        <ele>217.6</ele>
      </trkpt>
      <trkpt lat="42.47473" lon="2.66789">
        <ele>217.2</ele>
      </trkpt>
      <trkpt lat="42.47469" lon="2.66797">
        <ele>216.8</ele>
      </trkpt>
      <trkpt lat="42.47465" lon="2.66804">
        <ele>216.7</ele>
      </trkpt>
      <trkpt lat="42.47461" lon="2.66812">
        <ele>216.8</ele>
      </trkpt>
      <trkpt lat="42.47457" lon="2.6682">
        <ele>217.1</ele>
      </trkpt>
      <trkpt lat="42.47453" lon="2.66827">
        <ele>217.4</ele>
      </trkpt>
      <trkpt lat="42.47449" lon="2.66835">
        <ele>217.7</ele>
      </trkpt>
      <trkpt lat="42.47445" lon="2.66842">
        <ele>217.3</ele>
      </trkpt>
      <trkpt lat="42.47441" lon="2.6685">
        <ele>216.5</ele>
      </trkpt>
      <trkpt lat="42.47437" lon="2.66857">
        <ele>215.9</ele>
      </trkpt>
      <trkpt lat="42.47433" lon="2.66865">
        <ele>215.7</ele>
      </trkpt>
      <trkpt lat="42.47429" lon="2.66872">
        <ele>215.8</ele>
      </trkpt>
      <trkpt lat="42.47425" lon="2.6688">
        <ele>215.9</ele>
      </trkpt>
      <trkpt lat="42.47422" lon="2.66886">
        <ele>216.1</ele>
      </trkpt>
      <trkpt lat="42.47418" lon="2.66893">
        <ele>215.8</ele>
      </trkpt>
      <trkpt lat="42.47415" lon="2.66899">
        <ele>214.7</ele>
      </trkpt>
      <trkpt lat="42.47411" lon="2.66906">
        <ele>213.9</ele>
      </trkpt>
      <trkpt lat="42.47408" lon="2.66912">
        <ele>213.4</ele>
      </trkpt>
      <trkpt lat="42.47404" lon="2.66918">
        <ele>213.5</ele>
      </trkpt>
      <trkpt lat="42.47401" lon="2.66925">
        <ele>214.2</ele>
      </trkpt>
      <trkpt lat="42.47398" lon="2.66931">
        <ele>214.8</ele>
      </trkpt>
      <trkpt lat="42.47394" lon="2.66937">
        <ele>215.3</ele>
      </trkpt>
      <trkpt lat="42.47391" lon="2.66944">
        <ele>215.7</ele>
      </trkpt>
      <trkpt lat="42.47387" lon="2.6695">
        <ele>214.6</ele>
      </trkpt>
      <trkpt lat="42.47384" lon="2.66957">
        <ele>213.4</ele>
      </trkpt>
      <trkpt lat="42.4738" lon="2.66963">
        <ele>212.4</ele>
      </trkpt>
      <trkpt lat="42.47377" lon="2.66969">
        <ele>211.7</ele>
      </trkpt>
      <trkpt lat="42.47373" lon="2.66976">
        <ele>212</ele>
      </trkpt>
      <trkpt lat="42.4737" lon="2.66982">
        <ele>213.1</ele>
      </trkpt>
      <trkpt lat="42.47367" lon="2.66989">
        <ele>214.1</ele>
      </trkpt>
      <trkpt lat="42.47364" lon="2.66995">
        <ele>215.1</ele>
      </trkpt>
      <trkpt lat="42.47361" lon="2.67002">
        <ele>215.8</ele>
      </trkpt>
      <trkpt lat="42.47358" lon="2.67008">
        <ele>215.4</ele>
      </trkpt>
      <trkpt lat="42.47357" lon="2.67011">
        <ele>215.1</ele>
      </trkpt>
      <trkpt lat="42.47352" lon="2.67008">
        <ele>216.3</ele>
      </trkpt>
      <trkpt lat="42.4735" lon="2.67007">
        <ele>216.8</ele>
      </trkpt>
      <trkpt lat="42.47345" lon="2.67004">
        <ele>217.9</ele>
      </trkpt>
      <trkpt lat="42.47341" lon="2.67001">
        <ele>218.9</ele>
      </trkpt>
      <trkpt lat="42.47336" lon="2.66998">
        <ele>219.7</ele>
      </trkpt>
      <trkpt lat="42.47331" lon="2.66995">
        <ele>220.1</ele>
      </trkpt>
      <trkpt lat="42.47327" lon="2.66993">
        <ele>220.3</ele>
      </trkpt>
      <trkpt lat="42.47323" lon="2.6699">
        <ele>220.5</ele>
      </trkpt>
      <trkpt lat="42.47318" lon="2.66988">
        <ele>220.8</ele>
      </trkpt>
      <trkpt lat="42.47314" lon="2.66985">
        <ele>221.1</ele>
      </trkpt>
      <trkpt lat="42.47311" lon="2.66984">
        <ele>221.3</ele>
      </trkpt>
      <trkpt lat="42.4731" lon="2.6699">
        <ele>221.1</ele>
      </trkpt>
      <trkpt lat="42.47303" lon="2.66989">
        <ele>221.1</ele>
      </trkpt>
      <trkpt lat="42.47295" lon="2.66987">
        <ele>220.3</ele>
      </trkpt>
      <trkpt lat="42.47288" lon="2.66985">
        <ele>219.6</ele>
      </trkpt>
      <trkpt lat="42.47288" lon="2.66985">
        <ele>219.6</ele>
      </trkpt>
      <trkpt lat="42.47289" lon="2.66982">
        <ele>219.9</ele>
      </trkpt>
      <trkpt lat="42.47284" lon="2.66978">
        <ele>219.4</ele>
      </trkpt>
      <trkpt lat="42.47278" lon="2.66974">
        <ele>219</ele>
      </trkpt>
      <trkpt lat="42.47275" lon="2.66977">
        <ele>218.7</ele>
      </trkpt>
      <trkpt lat="42.47269" lon="2.66972">
        <ele>218.7</ele>
      </trkpt>
      <trkpt lat="42.47267" lon="2.66974">
        <ele>218.4</ele>
      </trkpt>
      <trkpt lat="42.47269" lon="2.66975">
        <ele>218.5</ele>
      </trkpt>
      <trkpt lat="42.47265" lon="2.66981">
        <ele>217.7</ele>
      </trkpt>
      <trkpt lat="42.47261" lon="2.66986">
        <ele>216.7</ele>
      </trkpt>
      <trkpt lat="42.47258" lon="2.6699">
        <ele>215.8</ele>
      </trkpt>
      <trkpt lat="42.47252" lon="2.66998">
        <ele>213.7</ele>
      </trkpt>
      <trkpt lat="42.47246" lon="2.67006">
        <ele>215.4</ele>
      </trkpt>
      <trkpt lat="42.47243" lon="2.6701">
        <ele>217.2</ele>
      </trkpt>
      <trkpt lat="42.47248" lon="2.67019">
        <ele>216.4</ele>
      </trkpt>
      <trkpt lat="42.47254" lon="2.67028">
        <ele>216.8</ele>
      </trkpt>
      <trkpt lat="42.47259" lon="2.67037">
        <ele>218.1</ele>
      </trkpt>
      <trkpt lat="42.47264" lon="2.67046">
        <ele>217.9</ele>
      </trkpt>
      <trkpt lat="42.47265" lon="2.67052">
        <ele>218.2</ele>
      </trkpt>
      <trkpt lat="42.47266" lon="2.67059">
        <ele>218.2</ele>
      </trkpt>
      <trkpt lat="42.47266" lon="2.67065">
        <ele>218</ele>
      </trkpt>
      <trkpt lat="42.47267" lon="2.67071">
        <ele>217.8</ele>
      </trkpt>
      <trkpt lat="42.47262" lon="2.67075">
        <ele>219.7</ele>
      </trkpt>
      <trkpt lat="42.47261" lon="2.67079">
        <ele>219.9</ele>
      </trkpt>
      <trkpt lat="42.47262" lon="2.67085">
        <ele>219.8</ele>
      </trkpt>
      <trkpt lat="42.47262" lon="2.67092">
        <ele>219.9</ele>
      </trkpt>
      <trkpt lat="42.47263" lon="2.67098">
        <ele>220</ele>
      </trkpt>
      <trkpt lat="42.47264" lon="2.67104">
        <ele>220.2</ele>
      </trkpt>
      <trkpt lat="42.47264" lon="2.6711">
        <ele>220.4</ele>
      </trkpt>
      <trkpt lat="42.47265" lon="2.67117">
        <ele>220.6</ele>
      </trkpt>
      <trkpt lat="42.47265" lon="2.67123">
        <ele>220.7</ele>
      </trkpt>
      <trkpt lat="42.47266" lon="2.67129">
        <ele>220.9</ele>
      </trkpt>
      <trkpt lat="42.47267" lon="2.67136">
        <ele>221</ele>
      </trkpt>
      <trkpt lat="42.47268" lon="2.67142">
        <ele>221</ele>
      </trkpt>
      <trkpt lat="42.47268" lon="2.67149">
        <ele>220.8</ele>
      </trkpt>
      <trkpt lat="42.47269" lon="2.67156">
        <ele>220.5</ele>
      </trkpt>
      <trkpt lat="42.4727" lon="2.67162">
        <ele>220.3</ele>
      </trkpt>
      <trkpt lat="42.47271" lon="2.67169">
        <ele>220.1</ele>
      </trkpt>
      <trkpt lat="42.47271" lon="2.67175">
        <ele>219.7</ele>
      </trkpt>
      <trkpt lat="42.47272" lon="2.67182">
        <ele>219.3</ele>
      </trkpt>
      <trkpt lat="42.47273" lon="2.67191">
        <ele>218.8</ele>
      </trkpt>
      <trkpt lat="42.47274" lon="2.672">
        <ele>218.3</ele>
      </trkpt>
      <trkpt lat="42.47275" lon="2.6721">
        <ele>217.9</ele>
      </trkpt>
      <trkpt lat="42.47277" lon="2.67219">
        <ele>217.5</ele>
      </trkpt>
      <trkpt lat="42.47278" lon="2.67228">
        <ele>217.7</ele>
      </trkpt>
      <trkpt lat="42.47279" lon="2.67237">
        <ele>218.3</ele>
      </trkpt>
      <trkpt lat="42.4728" lon="2.67246">
        <ele>218.8</ele>
      </trkpt>
      <trkpt lat="42.47281" lon="2.67256">
        <ele>218.7</ele>
      </trkpt>
      <trkpt lat="42.47282" lon="2.67265">
        <ele>218.4</ele>
      </trkpt>
      <trkpt lat="42.47283" lon="2.67274">
        <ele>218</ele>
      </trkpt>
      <trkpt lat="42.47284" lon="2.67283">
        <ele>218</ele>
      </trkpt>
      <trkpt lat="42.47286" lon="2.67292">
        <ele>218.4</ele>
      </trkpt>
      <trkpt lat="42.47287" lon="2.67301">
        <ele>218.8</ele>
      </trkpt>
      <trkpt lat="42.47288" lon="2.67311">
        <ele>218.9</ele>
      </trkpt>
      <trkpt lat="42.47289" lon="2.6732">
        <ele>218.8</ele>
      </trkpt>
      <trkpt lat="42.4729" lon="2.67329">
        <ele>218.8</ele>
      </trkpt>
      <trkpt lat="42.4729" lon="2.67333">
        <ele>218.9</ele>
      </trkpt>
      <trkpt lat="42.47293" lon="2.67339">
        <ele>218.3</ele>
      </trkpt>
      <trkpt lat="42.47296" lon="2.67345">
        <ele>217.7</ele>
      </trkpt>
      <trkpt lat="42.47297" lon="2.67348">
        <ele>217.5</ele>
      </trkpt>
      <trkpt lat="42.47303" lon="2.67355">
        <ele>216.4</ele>
      </trkpt>
      <trkpt lat="42.4731" lon="2.6736">
        <ele>215.3</ele>
      </trkpt>
      <trkpt lat="42.4731" lon="2.67364">
        <ele>215.4</ele>
      </trkpt>
      <trkpt lat="42.47311" lon="2.67367">
        <ele>215.3</ele>
      </trkpt>
      <trkpt lat="42.47312" lon="2.67369">
        <ele>215.3</ele>
      </trkpt>
      <trkpt lat="42.47313" lon="2.67373">
        <ele>215.3</ele>
      </trkpt>
      <trkpt lat="42.47314" lon="2.67375">
        <ele>215.2</ele>
      </trkpt>
      <trkpt lat="42.47317" lon="2.6738">
        <ele>215.2</ele>
      </trkpt>
      <trkpt lat="42.4732" lon="2.67385">
        <ele>215.2</ele>
      </trkpt>
      <trkpt lat="42.47323" lon="2.67389">
        <ele>215.4</ele>
      </trkpt>
      <trkpt lat="42.47327" lon="2.67394">
        <ele>215.4</ele>
      </trkpt>
      <trkpt lat="42.4733" lon="2.67399">
        <ele>215.3</ele>
      </trkpt>
      <trkpt lat="42.47333" lon="2.67404">
        <ele>215.1</ele>
      </trkpt>
      <trkpt lat="42.47336" lon="2.67408">
        <ele>214.7</ele>
      </trkpt>
      <trkpt lat="42.47339" lon="2.67413">
        <ele>214.5</ele>
      </trkpt>
      <trkpt lat="42.47342" lon="2.67418">
        <ele>214.4</ele>
      </trkpt>
      <trkpt lat="42.47345" lon="2.67422">
        <ele>214.4</ele>
      </trkpt>
      <trkpt lat="42.47348" lon="2.67427">
        <ele>214.5</ele>
      </trkpt>
      <trkpt lat="42.47351" lon="2.67432">
        <ele>214.6</ele>
      </trkpt>
      <trkpt lat="42.47354" lon="2.67436">
        <ele>214.7</ele>
      </trkpt>
      <trkpt lat="42.47357" lon="2.67441">
        <ele>214.9</ele>
      </trkpt>
      <trkpt lat="42.4736" lon="2.67445">
        <ele>215</ele>
      </trkpt>
      <trkpt lat="42.47363" lon="2.6745">
        <ele>214.8</ele>
      </trkpt>
      <trkpt lat="42.47368" lon="2.67457">
        <ele>214.3</ele>
      </trkpt>
      <trkpt lat="42.47373" lon="2.67465">
        <ele>214</ele>
      </trkpt>
      <trkpt lat="42.47377" lon="2.67472">
        <ele>213.8</ele>
      </trkpt>
      <trkpt lat="42.47382" lon="2.6748">
        <ele>213.6</ele>
      </trkpt>
      <trkpt lat="42.47387" lon="2.67487">
        <ele>213.6</ele>
      </trkpt>
      <trkpt lat="42.47392" lon="2.67494">
        <ele>213.5</ele>
      </trkpt>
      <trkpt lat="42.47396" lon="2.67502">
        <ele>213.3</ele>
      </trkpt>
      <trkpt lat="42.47401" lon="2.67509">
        <ele>213.3</ele>
      </trkpt>
      <trkpt lat="42.47407" lon="2.67515">
        <ele>213.3</ele>
      </trkpt>
      <trkpt lat="42.47413" lon="2.67521">
        <ele>213.5</ele>
      </trkpt>
      <trkpt lat="42.47419" lon="2.67519">
        <ele>213</ele>
      </trkpt>
      <trkpt lat="42.47426" lon="2.67518">
        <ele>212.6</ele>
      </trkpt>
      <trkpt lat="42.47432" lon="2.67516">
        <ele>212.2</ele>
      </trkpt>
      <trkpt lat="42.47438" lon="2.67514">
        <ele>211.7</ele>
      </trkpt>
      <trkpt lat="42.47444" lon="2.67512">
        <ele>211.3</ele>
      </trkpt>
      <trkpt lat="42.47451" lon="2.67511">
        <ele>209.8</ele>
      </trkpt>
      <trkpt lat="42.47457" lon="2.67509">
        <ele>208.3</ele>
      </trkpt>
      <trkpt lat="42.47463" lon="2.67507">
        <ele>206.7</ele>
      </trkpt>
      <trkpt lat="42.47471" lon="2.67506">
        <ele>204.9</ele>
      </trkpt>
      <trkpt lat="42.47476" lon="2.67499">
        <ele>203.3</ele>
      </trkpt>
      <trkpt lat="42.4748" lon="2.67491">
        <ele>202.8</ele>
      </trkpt>
      <trkpt lat="42.47483" lon="2.67487">
        <ele>203</ele>
      </trkpt>
      <trkpt lat="42.47487" lon="2.67482">
        <ele>203.6</ele>
      </trkpt>
      <trkpt lat="42.4749" lon="2.67478">
        <ele>204.7</ele>
      </trkpt>
      <trkpt lat="42.47493" lon="2.67473">
        <ele>206.3</ele>
      </trkpt>
      <trkpt lat="42.47496" lon="2.6747">
        <ele>207.2</ele>
      </trkpt>
      <trkpt lat="42.47503" lon="2.67466">
        <ele>207.7</ele>
      </trkpt>
      <trkpt lat="42.47509" lon="2.67462">
        <ele>206.9</ele>
      </trkpt>
      <trkpt lat="42.47516" lon="2.67459">
        <ele>206.2</ele>
      </trkpt>
      <trkpt lat="42.47524" lon="2.67457">
        <ele>205.6</ele>
      </trkpt>
      <trkpt lat="42.47531" lon="2.67454">
        <ele>204.8</ele>
      </trkpt>
      <trkpt lat="42.47538" lon="2.67451">
        <ele>203.8</ele>
      </trkpt>
      <trkpt lat="42.47543" lon="2.67446">
        <ele>203.6</ele>
      </trkpt>
      <trkpt lat="42.4755" lon="2.67444">
        <ele>202.9</ele>
      </trkpt>
      <trkpt lat="42.47555" lon="2.67441">
        <ele>202.6</ele>
      </trkpt>
      <trkpt lat="42.4756" lon="2.67437">
        <ele>202.6</ele>
      </trkpt>
      <trkpt lat="42.47565" lon="2.67434">
        <ele>202.7</ele>
      </trkpt>
      <trkpt lat="42.4757" lon="2.67431">
        <ele>203</ele>
      </trkpt>
      <trkpt lat="42.47575" lon="2.67427">
        <ele>203.4</ele>
      </trkpt>
      <trkpt lat="42.4758" lon="2.67424">
        <ele>204.1</ele>
      </trkpt>
      <trkpt lat="42.47585" lon="2.6742">
        <ele>204.7</ele>
      </trkpt>
      <trkpt lat="42.4759" lon="2.67417">
        <ele>204.7</ele>
      </trkpt>
      <trkpt lat="42.47594" lon="2.67414">
        <ele>204.3</ele>
      </trkpt>
      <trkpt lat="42.47599" lon="2.6741">
        <ele>204</ele>
      </trkpt>
      <trkpt lat="42.47603" lon="2.67407">
        <ele>203.9</ele>
      </trkpt>
      <trkpt lat="42.47607" lon="2.67403">
        <ele>203.9</ele>
      </trkpt>
      <trkpt lat="42.47613" lon="2.674">
        <ele>203.9</ele>
      </trkpt>
      <trkpt lat="42.47618" lon="2.67397">
        <ele>203.8</ele>
      </trkpt>
      <trkpt lat="42.47624" lon="2.67393">
        <ele>203.8</ele>
      </trkpt>
      <trkpt lat="42.47629" lon="2.6739">
        <ele>203.8</ele>
      </trkpt>
      <trkpt lat="42.47634" lon="2.67387">
        <ele>204.3</ele>
      </trkpt>
      <trkpt lat="42.47638" lon="2.67383">
        <ele>205.2</ele>
      </trkpt>
      <trkpt lat="42.4763" lon="2.67379">
        <ele>206.8</ele>
      </trkpt>
      <trkpt lat="42.47629" lon="2.67376">
        <ele>207.7</ele>
      </trkpt>
      <trkpt lat="42.4763" lon="2.67372">
        <ele>208.9</ele>
      </trkpt>
      <trkpt lat="42.47636" lon="2.67364">
        <ele>211.7</ele>
      </trkpt>
      <trkpt lat="42.47642" lon="2.67356">
        <ele>212.5</ele>
      </trkpt>
      <trkpt lat="42.47644" lon="2.67345">
        <ele>213.1</ele>
      </trkpt>
      <trkpt lat="42.47643" lon="2.67338">
        <ele>214.5</ele>
      </trkpt>
      <trkpt lat="42.47639" lon="2.6733">
        <ele>216.2</ele>
      </trkpt>
      <trkpt lat="42.47631" lon="2.67328">
        <ele>216.4</ele>
      </trkpt>
      <trkpt lat="42.47625" lon="2.67333">
        <ele>217</ele>
      </trkpt>
      <trkpt lat="42.47626" lon="2.67336">
        <ele>216.5</ele>
      </trkpt>
      <trkpt lat="42.47626" lon="2.67336">
        <ele>216.5</ele>
      </trkpt>
      <trkpt lat="42.47629" lon="2.67344">
        <ele>215.1</ele>
      </trkpt>
      <trkpt lat="42.47632" lon="2.67351">
        <ele>214</ele>
      </trkpt>
      <trkpt lat="42.47636" lon="2.67357">
        <ele>213.3</ele>
      </trkpt>
      <trkpt lat="42.47641" lon="2.67363">
        <ele>211.5</ele>
      </trkpt>
      <trkpt lat="42.47645" lon="2.67369">
        <ele>207.9</ele>
      </trkpt>
      <trkpt lat="42.4765" lon="2.67376">
        <ele>204.6</ele>
      </trkpt>
      <trkpt lat="42.47654" lon="2.67382">
        <ele>201.7</ele>
      </trkpt>
      <trkpt lat="42.47658" lon="2.67388">
        <ele>199.1</ele>
      </trkpt>
      <trkpt lat="42.47663" lon="2.67394">
        <ele>199</ele>
      </trkpt>
      <trkpt lat="42.47667" lon="2.674">
        <ele>200.2</ele>
      </trkpt>
      <trkpt lat="42.47671" lon="2.67406">
        <ele>202.4</ele>
      </trkpt>
      <trkpt lat="42.47676" lon="2.67412">
        <ele>204.7</ele>
      </trkpt>
      <trkpt lat="42.4768" lon="2.67418">
        <ele>206.8</ele>
      </trkpt>
      <trkpt lat="42.47685" lon="2.67425">
        <ele>208.7</ele>
      </trkpt>
      <trkpt lat="42.47689" lon="2.67431">
        <ele>210.7</ele>
      </trkpt>
      <trkpt lat="42.47693" lon="2.67437">
        <ele>212.9</ele>
      </trkpt>
      <trkpt lat="42.47698" lon="2.67443">
        <ele>214.3</ele>
      </trkpt>
      <trkpt lat="42.47702" lon="2.67449">
        <ele>216.6</ele>
      </trkpt>
      <trkpt lat="42.47707" lon="2.67455">
        <ele>218.6</ele>
      </trkpt>
      <trkpt lat="42.47711" lon="2.6746">
        <ele>220.1</ele>
      </trkpt>
      <trkpt lat="42.47716" lon="2.67466">
        <ele>221</ele>
      </trkpt>
      <trkpt lat="42.4772" lon="2.67471">
        <ele>221.5</ele>
      </trkpt>
      <trkpt lat="42.47724" lon="2.67475">
        <ele>221.4</ele>
      </trkpt>
      <trkpt lat="42.47729" lon="2.6748">
        <ele>221.5</ele>
      </trkpt>
      <trkpt lat="42.47733" lon="2.67484">
        <ele>221.5</ele>
      </trkpt>
      <trkpt lat="42.47737" lon="2.67488">
        <ele>221.4</ele>
      </trkpt>
      <trkpt lat="42.47741" lon="2.67492">
        <ele>221.1</ele>
      </trkpt>
      <trkpt lat="42.47745" lon="2.67495">
        <ele>220.6</ele>
      </trkpt>
      <trkpt lat="42.47749" lon="2.67499">
        <ele>220.1</ele>
      </trkpt>
      <trkpt lat="42.47753" lon="2.67502">
        <ele>220.3</ele>
      </trkpt>
      <trkpt lat="42.47755" lon="2.67497">
        <ele>219.2</ele>
      </trkpt>
      <trkpt lat="42.47757" lon="2.67491">
        <ele>218.3</ele>
      </trkpt>
      <trkpt lat="42.47752" lon="2.67486">
        <ele>217.8</ele>
      </trkpt>
      <trkpt lat="42.47747" lon="2.6748">
        <ele>217.8</ele>
      </trkpt>
      <trkpt lat="42.47747" lon="2.67474">
        <ele>216.8</ele>
      </trkpt>
      <trkpt lat="42.47749" lon="2.67466">
        <ele>215.7</ele>
      </trkpt>
      <trkpt lat="42.47751" lon="2.67458">
        <ele>215</ele>
      </trkpt>
      <trkpt lat="42.47758" lon="2.67455">
        <ele>214.7</ele>
      </trkpt>
      <trkpt lat="42.47763" lon="2.67453">
        <ele>214.4</ele>
      </trkpt>
      <trkpt lat="42.47767" lon="2.6745">
        <ele>214.3</ele>
      </trkpt>
      <trkpt lat="42.47772" lon="2.67448">
        <ele>214.1</ele>
      </trkpt>
      <trkpt lat="42.47776" lon="2.67445">
        <ele>214</ele>
      </trkpt>
      <trkpt lat="42.47781" lon="2.67443">
        <ele>213.9</ele>
      </trkpt>
      <trkpt lat="42.47785" lon="2.6744">
        <ele>213.7</ele>
      </trkpt>
      <trkpt lat="42.4779" lon="2.67438">
        <ele>213.5</ele>
      </trkpt>
      <trkpt lat="42.47794" lon="2.67435">
        <ele>213.3</ele>
      </trkpt>
      <trkpt lat="42.47802" lon="2.67435">
        <ele>213.3</ele>
      </trkpt>
      <trkpt lat="42.47807" lon="2.67438">
        <ele>213.5</ele>
      </trkpt>
      <trkpt lat="42.47811" lon="2.67441">
        <ele>213.6</ele>
      </trkpt>
      <trkpt lat="42.47816" lon="2.67444">
        <ele>213.6</ele>
      </trkpt>
      <trkpt lat="42.4782" lon="2.67447">
        <ele>213.6</ele>
      </trkpt>
      <trkpt lat="42.47825" lon="2.6745">
        <ele>213.5</ele>
      </trkpt>
      <trkpt lat="42.47829" lon="2.67453">
        <ele>213.5</ele>
      </trkpt>
      <trkpt lat="42.47834" lon="2.67456">
        <ele>213.4</ele>
      </trkpt>
      <trkpt lat="42.47838" lon="2.6746">
        <ele>213.5</ele>
      </trkpt>
      <trkpt lat="42.47843" lon="2.67463">
        <ele>213.4</ele>
      </trkpt>
      <trkpt lat="42.47847" lon="2.67466">
        <ele>213.4</ele>
      </trkpt>
      <trkpt lat="42.47852" lon="2.67469">
        <ele>213.3</ele>
      </trkpt>
      <trkpt lat="42.47856" lon="2.67472">
        <ele>213.2</ele>
      </trkpt>
      <trkpt lat="42.47861" lon="2.67475">
        <ele>213.2</ele>
      </trkpt>
      <trkpt lat="42.47865" lon="2.67478">
        <ele>213.3</ele>
      </trkpt>
      <trkpt lat="42.4787" lon="2.67481">
        <ele>213.4</ele>
      </trkpt>
      <trkpt lat="42.47874" lon="2.67484">
        <ele>213.6</ele>
      </trkpt>
      <trkpt lat="42.47878" lon="2.67483">
        <ele>213.4</ele>
      </trkpt>
      <trkpt lat="42.4788" lon="2.67477">
        <ele>212.8</ele>
      </trkpt>
      <trkpt lat="42.47883" lon="2.67471">
        <ele>212.2</ele>
      </trkpt>
      <trkpt lat="42.47885" lon="2.67465">
        <ele>211.9</ele>
      </trkpt>
      <trkpt lat="42.47887" lon="2.6746">
        <ele>211.6</ele>
      </trkpt>
      <trkpt lat="42.47889" lon="2.67454">
        <ele>211.3</ele>
      </trkpt>
      <trkpt lat="42.47892" lon="2.67448">
        <ele>211</ele>
      </trkpt>
      <trkpt lat="42.47894" lon="2.67442">
        <ele>210.7</ele>
      </trkpt>
      <trkpt lat="42.47896" lon="2.67436">
        <ele>210.3</ele>
      </trkpt>
      <trkpt lat="42.47891" lon="2.67432">
        <ele>210.4</ele>
      </trkpt>
      <trkpt lat="42.47887" lon="2.67429">
        <ele>210.5</ele>
      </trkpt>
      <trkpt lat="42.47882" lon="2.67425">
        <ele>210.4</ele>
      </trkpt>
      <trkpt lat="42.47877" lon="2.67421">
        <ele>210.3</ele>
      </trkpt>
      <trkpt lat="42.4788" lon="2.67413">
        <ele>209.8</ele>
      </trkpt>
      <trkpt lat="42.47883" lon="2.67404">
        <ele>209.3</ele>
      </trkpt>
      <trkpt lat="42.47886" lon="2.67396">
        <ele>208.7</ele>
      </trkpt>
    </trkseg>
  </trk>
</gpx>