<?xml version="1.0" encoding="UTF-8" standalone="no" ?>
<gpx xmlns="http://www.topografix.com/GPX/1/1" xmlns:xsi="http://www.w3.org/2001/XMLSchema-instance" xsi:schemaLocation="http://www.topografix.com/GPX/1/1 http://www.topografix.com/GPX/1/1/gpx.xsd" version="1.1" creator="VisuGPX - https://www.visugpx.com">
  <metadata>
    <name>Arêches - Pointe du Dard</name>
    <desc><![CDATA[Séjour CAF-RSF/GUMS avec Nico - Logement au-dessus d'Arêches]]></desc>
  </metadata>
  <wpt lat="45.67072" lon="6.54459">
    <ele>1172.7</ele>
    <name><![CDATA[Départ du Planay]]></name>
    <type><![CDATA[_]]></type>
  </wpt>
  <trk>
    <name><![CDATA[Arêches - Pointe du Dard]]></name>
    <extensions>
      <line xmlns="http://www.topografix.com/GPX/gpx_style/0/2">
        <color>00ffff</color>
        <opacity>1</opacity>
        <width>4</width>
      </line>
    </extensions>
    <trkseg>
      <trkpt lat="45.67072" lon="6.54459">
        <ele>1184.6</ele>
        <time>2026-02-25T07:22:05Z</time>
      </trkpt>
      <trkpt lat="45.67068" lon="6.54454">
        <ele>1181.4</ele>
        <time>2026-02-25T07:24:33Z</time>
      </trkpt>
      <trkpt lat="45.6706" lon="6.54459">
        <ele>1183.4</ele>
        <time>2026-02-25T07:24:45Z</time>
      </trkpt>
      <trkpt lat="45.67058" lon="6.54468">
        <ele>1182.6</ele>
        <time>2026-02-25T07:24:53Z</time>
      </trkpt>
      <trkpt lat="45.67051" lon="6.54479">
        <ele>1183</ele>
        <time>2026-02-25T07:25:09Z</time>
      </trkpt>
      <trkpt lat="45.67052" lon="6.54474">
        <ele>1182.2</ele>
        <time>2026-02-25T07:25:41Z</time>
      </trkpt>
      <trkpt lat="45.67046" lon="6.54477">
        <ele>1181.2</ele>
        <time>2026-02-25T07:25:53Z</time>
      </trkpt>
      <trkpt lat="45.67049" lon="6.54484">
        <ele>1184.4</ele>
        <time>2026-02-25T07:27:45Z</time>
      </trkpt>
      <trkpt lat="45.67034" lon="6.54491">
        <ele>1188.6</ele>
        <time>2026-02-25T07:28:11Z</time>
      </trkpt>
      <trkpt lat="45.67032" lon="6.5449">
        <ele>1189.6</ele>
        <time>2026-02-25T07:28:15Z</time>
      </trkpt>
      <trkpt lat="45.6703" lon="6.54492">
        <ele>1190</ele>
        <time>2026-02-25T07:28:19Z</time>
      </trkpt>
      <trkpt lat="45.67025" lon="6.54493">
        <ele>1189.2</ele>
        <time>2026-02-25T07:28:27Z</time>
      </trkpt>
      <trkpt lat="45.67022" lon="6.54496">
        <ele>1190.6</ele>
        <time>2026-02-25T07:28:31Z</time>
      </trkpt>
      <trkpt lat="45.6701" lon="6.54502">
        <ele>1193.2</ele>
        <time>2026-02-25T07:28:49Z</time>
      </trkpt>
      <trkpt lat="45.67004" lon="6.54503">
        <ele>1193</ele>
        <time>2026-02-25T07:28:57Z</time>
      </trkpt>
      <trkpt lat="45.67001" lon="6.54502">
        <ele>1193</ele>
        <time>2026-02-25T07:29:00Z</time>
      </trkpt>
      <trkpt lat="45.67" lon="6.54503">
        <ele>1193.8</ele>
        <time>2026-02-25T07:29:01Z</time>
      </trkpt>
      <trkpt lat="45.66984" lon="6.54494">
        <ele>1193</ele>
        <time>2026-02-25T07:29:21Z</time>
      </trkpt>
      <trkpt lat="45.66978" lon="6.54501">
        <ele>1191.2</ele>
        <time>2026-02-25T07:29:32Z</time>
      </trkpt>
      <trkpt lat="45.66975" lon="6.545">
        <ele>1195</ele>
        <time>2026-02-25T07:29:36Z</time>
      </trkpt>
      <trkpt lat="45.66967" lon="6.54506">
        <ele>1195.4</ele>
        <time>2026-02-25T07:29:52Z</time>
      </trkpt>
      <trkpt lat="45.66957" lon="6.54511">
        <ele>1197.8</ele>
        <time>2026-02-25T07:30:08Z</time>
      </trkpt>
      <trkpt lat="45.6695" lon="6.54517">
        <ele>1201.4</ele>
        <time>2026-02-25T07:30:22Z</time>
      </trkpt>
      <trkpt lat="45.6695" lon="6.54516">
        <ele>1201.4</ele>
        <time>2026-02-25T07:30:23Z</time>
      </trkpt>
      <trkpt lat="45.66946" lon="6.54518">
        <ele>1200.4</ele>
        <time>2026-02-25T07:30:29Z</time>
      </trkpt>
      <trkpt lat="45.66947" lon="6.54518">
        <ele>1200.4</ele>
        <time>2026-02-25T07:30:30Z</time>
      </trkpt>
      <trkpt lat="45.66938" lon="6.54525">
        <ele>1203.4</ele>
        <time>2026-02-25T07:30:46Z</time>
      </trkpt>
      <trkpt lat="45.66917" lon="6.54534">
        <ele>1204.4</ele>
        <time>2026-02-25T07:31:16Z</time>
      </trkpt>
      <trkpt lat="45.66917" lon="6.54533">
        <ele>1204.6</ele>
        <time>2026-02-25T07:31:17Z</time>
      </trkpt>
      <trkpt lat="45.66913" lon="6.54535">
        <ele>1204.4</ele>
        <time>2026-02-25T07:31:21Z</time>
      </trkpt>
      <trkpt lat="45.66912" lon="6.54534">
        <ele>1204.4</ele>
        <time>2026-02-25T07:31:23Z</time>
      </trkpt>
      <trkpt lat="45.66905" lon="6.54537">
        <ele>1207.4</ele>
        <time>2026-02-25T07:31:33Z</time>
      </trkpt>
      <trkpt lat="45.66904" lon="6.54536">
        <ele>1207.4</ele>
        <time>2026-02-25T07:31:35Z</time>
      </trkpt>
      <trkpt lat="45.66883" lon="6.54549">
        <ele>1210.2</ele>
        <time>2026-02-25T07:32:15Z</time>
      </trkpt>
      <trkpt lat="45.66876" lon="6.54556">
        <ele>1215.2</ele>
        <time>2026-02-25T07:32:31Z</time>
      </trkpt>
      <trkpt lat="45.66868" lon="6.54561">
        <ele>1213.4</ele>
        <time>2026-02-25T07:32:43Z</time>
      </trkpt>
      <trkpt lat="45.6686" lon="6.54571">
        <ele>1218.6</ele>
        <time>2026-02-25T07:32:59Z</time>
      </trkpt>
      <trkpt lat="45.66854" lon="6.54574">
        <ele>1218</ele>
        <time>2026-02-25T07:33:11Z</time>
      </trkpt>
      <trkpt lat="45.66853" lon="6.54576">
        <ele>1219.6</ele>
        <time>2026-02-25T07:33:15Z</time>
      </trkpt>
      <trkpt lat="45.66841" lon="6.5458">
        <ele>1221.8</ele>
        <time>2026-02-25T07:33:31Z</time>
      </trkpt>
      <trkpt lat="45.66805" lon="6.54603">
        <ele>1228.2</ele>
        <time>2026-02-25T07:34:35Z</time>
      </trkpt>
      <trkpt lat="45.66756" lon="6.54627">
        <ele>1234.6</ele>
        <time>2026-02-25T07:35:51Z</time>
      </trkpt>
      <trkpt lat="45.66746" lon="6.54622">
        <ele>1238.4</ele>
        <time>2026-02-25T07:36:07Z</time>
      </trkpt>
      <trkpt lat="45.66732" lon="6.54612">
        <ele>1240.2</ele>
        <time>2026-02-25T07:36:39Z</time>
      </trkpt>
      <trkpt lat="45.66726" lon="6.54612">
        <ele>1243</ele>
        <time>2026-02-25T07:36:55Z</time>
      </trkpt>
      <trkpt lat="45.6672" lon="6.54618">
        <ele>1243.2</ele>
        <time>2026-02-25T07:36:59Z</time>
      </trkpt>
      <trkpt lat="45.66714" lon="6.54631">
        <ele>1245.2</ele>
        <time>2026-02-25T07:37:15Z</time>
      </trkpt>
      <trkpt lat="45.66711" lon="6.54644">
        <ele>1245</ele>
        <time>2026-02-25T07:37:29Z</time>
      </trkpt>
      <trkpt lat="45.66713" lon="6.54648">
        <ele>1244.6</ele>
        <time>2026-02-25T07:37:35Z</time>
      </trkpt>
      <trkpt lat="45.66711" lon="6.54652">
        <ele>1245.4</ele>
        <time>2026-02-25T07:37:39Z</time>
      </trkpt>
      <trkpt lat="45.66688" lon="6.54673">
        <ele>1251</ele>
        <time>2026-02-25T07:38:23Z</time>
      </trkpt>
      <trkpt lat="45.66688" lon="6.54675">
        <ele>1251.8</ele>
        <time>2026-02-25T07:38:27Z</time>
      </trkpt>
      <trkpt lat="45.66676" lon="6.54685">
        <ele>1252.8</ele>
        <time>2026-02-25T07:38:43Z</time>
      </trkpt>
      <trkpt lat="45.66656" lon="6.54695">
        <ele>1256</ele>
        <time>2026-02-25T07:39:15Z</time>
      </trkpt>
      <trkpt lat="45.66655" lon="6.54694">
        <ele>1256.6</ele>
        <time>2026-02-25T07:39:17Z</time>
      </trkpt>
      <trkpt lat="45.66647" lon="6.54696">
        <ele>1257.2</ele>
        <time>2026-02-25T07:39:25Z</time>
      </trkpt>
      <trkpt lat="45.66627" lon="6.54707">
        <ele>1258.8</ele>
        <time>2026-02-25T07:39:52Z</time>
      </trkpt>
      <trkpt lat="45.66626" lon="6.54706">
        <ele>1261</ele>
        <time>2026-02-25T07:39:54Z</time>
      </trkpt>
      <trkpt lat="45.66618" lon="6.54711">
        <ele>1262.6</ele>
        <time>2026-02-25T07:40:11Z</time>
      </trkpt>
      <trkpt lat="45.66618" lon="6.5471">
        <ele>1263</ele>
        <time>2026-02-25T07:40:13Z</time>
      </trkpt>
      <trkpt lat="45.66612" lon="6.54712">
        <ele>1265.4</ele>
        <time>2026-02-25T07:40:29Z</time>
      </trkpt>
      <trkpt lat="45.66608" lon="6.54711">
        <ele>1264</ele>
        <time>2026-02-25T07:40:35Z</time>
      </trkpt>
      <trkpt lat="45.66606" lon="6.54713">
        <ele>1266.4</ele>
        <time>2026-02-25T07:40:37Z</time>
      </trkpt>
      <trkpt lat="45.66602" lon="6.54711">
        <ele>1267</ele>
        <time>2026-02-25T07:40:45Z</time>
      </trkpt>
      <trkpt lat="45.66563" lon="6.54728">
        <ele>1270</ele>
        <time>2026-02-25T07:41:33Z</time>
      </trkpt>
      <trkpt lat="45.66558" lon="6.54729">
        <ele>1269.8</ele>
        <time>2026-02-25T07:41:41Z</time>
      </trkpt>
      <trkpt lat="45.66542" lon="6.5474">
        <ele>1269.2</ele>
        <time>2026-02-25T07:42:08Z</time>
      </trkpt>
      <trkpt lat="45.66542" lon="6.54739">
        <ele>1270</ele>
        <time>2026-02-25T07:42:09Z</time>
      </trkpt>
      <trkpt lat="45.66531" lon="6.54745">
        <ele>1271.4</ele>
        <time>2026-02-25T07:42:25Z</time>
      </trkpt>
      <trkpt lat="45.66529" lon="6.54748">
        <ele>1273</ele>
        <time>2026-02-25T07:42:33Z</time>
      </trkpt>
      <trkpt lat="45.66522" lon="6.54752">
        <ele>1273</ele>
        <time>2026-02-25T07:42:41Z</time>
      </trkpt>
      <trkpt lat="45.6652" lon="6.54755">
        <ele>1273.4</ele>
        <time>2026-02-25T07:42:45Z</time>
      </trkpt>
      <trkpt lat="45.66498" lon="6.54767">
        <ele>1276.4</ele>
        <time>2026-02-25T07:43:17Z</time>
      </trkpt>
      <trkpt lat="45.66476" lon="6.54792">
        <ele>1281.8</ele>
        <time>2026-02-25T07:44:05Z</time>
      </trkpt>
      <trkpt lat="45.66457" lon="6.54806">
        <ele>1290</ele>
        <time>2026-02-25T07:44:41Z</time>
      </trkpt>
      <trkpt lat="45.66457" lon="6.54808">
        <ele>1290</ele>
        <time>2026-02-25T07:44:43Z</time>
      </trkpt>
      <trkpt lat="45.66444" lon="6.54819">
        <ele>1290.8</ele>
        <time>2026-02-25T07:45:02Z</time>
      </trkpt>
      <trkpt lat="45.66445" lon="6.54818">
        <ele>1291.8</ele>
        <time>2026-02-25T07:45:04Z</time>
      </trkpt>
      <trkpt lat="45.66428" lon="6.54854">
        <ele>1296.6</ele>
        <time>2026-02-25T07:45:54Z</time>
      </trkpt>
      <trkpt lat="45.66409" lon="6.54871">
        <ele>1300.2</ele>
        <time>2026-02-25T07:46:26Z</time>
      </trkpt>
      <trkpt lat="45.66397" lon="6.54887">
        <ele>1303.4</ele>
        <time>2026-02-25T07:46:52Z</time>
      </trkpt>
      <trkpt lat="45.66393" lon="6.54895">
        <ele>1306</ele>
        <time>2026-02-25T07:47:02Z</time>
      </trkpt>
      <trkpt lat="45.66392" lon="6.54894">
        <ele>1306</ele>
        <time>2026-02-25T07:47:03Z</time>
      </trkpt>
      <trkpt lat="45.6639" lon="6.54898">
        <ele>1306.8</ele>
        <time>2026-02-25T07:47:07Z</time>
      </trkpt>
      <trkpt lat="45.66369" lon="6.54911">
        <ele>1309</ele>
        <time>2026-02-25T07:47:37Z</time>
      </trkpt>
      <trkpt lat="45.66368" lon="6.54917">
        <ele>1309.4</ele>
        <time>2026-02-25T07:47:43Z</time>
      </trkpt>
      <trkpt lat="45.6636" lon="6.54923">
        <ele>1311.2</ele>
        <time>2026-02-25T07:47:55Z</time>
      </trkpt>
      <trkpt lat="45.66355" lon="6.54934">
        <ele>1315.6</ele>
        <time>2026-02-25T07:48:11Z</time>
      </trkpt>
      <trkpt lat="45.66351" lon="6.54937">
        <ele>1313.8</ele>
        <time>2026-02-25T07:48:19Z</time>
      </trkpt>
      <trkpt lat="45.66348" lon="6.54942">
        <ele>1316.8</ele>
        <time>2026-02-25T07:48:26Z</time>
      </trkpt>
      <trkpt lat="45.66347" lon="6.54941">
        <ele>1316.8</ele>
        <time>2026-02-25T07:48:27Z</time>
      </trkpt>
      <trkpt lat="45.66346" lon="6.54946">
        <ele>1317</ele>
        <time>2026-02-25T07:48:31Z</time>
      </trkpt>
      <trkpt lat="45.66344" lon="6.54948">
        <ele>1316</ele>
        <time>2026-02-25T07:48:33Z</time>
      </trkpt>
      <trkpt lat="45.66344" lon="6.54947">
        <ele>1316</ele>
        <time>2026-02-25T07:48:34Z</time>
      </trkpt>
      <trkpt lat="45.66341" lon="6.54958">
        <ele>1318.8</ele>
        <time>2026-02-25T07:48:46Z</time>
      </trkpt>
      <trkpt lat="45.66342" lon="6.5496">
        <ele>1318.8</ele>
        <time>2026-02-25T07:48:48Z</time>
      </trkpt>
      <trkpt lat="45.66341" lon="6.54962">
        <ele>1318.8</ele>
        <time>2026-02-25T07:48:50Z</time>
      </trkpt>
      <trkpt lat="45.66339" lon="6.54962">
        <ele>1318.8</ele>
        <time>2026-02-25T07:48:52Z</time>
      </trkpt>
      <trkpt lat="45.66338" lon="6.54966">
        <ele>1321.2</ele>
        <time>2026-02-25T07:48:56Z</time>
      </trkpt>
      <trkpt lat="45.66336" lon="6.54967">
        <ele>1321</ele>
        <time>2026-02-25T07:50:00Z</time>
      </trkpt>
      <trkpt lat="45.66341" lon="6.54958">
        <ele>1321.6</ele>
        <time>2026-02-25T07:50:05Z</time>
      </trkpt>
      <trkpt lat="45.66332" lon="6.54973">
        <ele>1322.4</ele>
        <time>2026-02-25T07:50:17Z</time>
      </trkpt>
      <trkpt lat="45.66325" lon="6.54976">
        <ele>1323.6</ele>
        <time>2026-02-25T07:50:23Z</time>
      </trkpt>
      <trkpt lat="45.66321" lon="6.5498">
        <ele>1322.4</ele>
        <time>2026-02-25T07:50:28Z</time>
      </trkpt>
      <trkpt lat="45.66322" lon="6.54983">
        <ele>1323</ele>
        <time>2026-02-25T07:50:32Z</time>
      </trkpt>
      <trkpt lat="45.66306" lon="6.54995">
        <ele>1324.4</ele>
        <time>2026-02-25T07:50:50Z</time>
      </trkpt>
      <trkpt lat="45.66301" lon="6.54996">
        <ele>1322.4</ele>
        <time>2026-02-25T07:50:54Z</time>
      </trkpt>
      <trkpt lat="45.66299" lon="6.55001">
        <ele>1324.4</ele>
        <time>2026-02-25T07:51:00Z</time>
      </trkpt>
      <trkpt lat="45.66296" lon="6.55">
        <ele>1324.8</ele>
        <time>2026-02-25T07:51:02Z</time>
      </trkpt>
      <trkpt lat="45.66281" lon="6.55011">
        <ele>1323.8</ele>
        <time>2026-02-25T07:51:18Z</time>
      </trkpt>
      <trkpt lat="45.66271" lon="6.55026">
        <ele>1324.6</ele>
        <time>2026-02-25T07:51:33Z</time>
      </trkpt>
      <trkpt lat="45.66272" lon="6.55028">
        <ele>1324.6</ele>
        <time>2026-02-25T07:51:35Z</time>
      </trkpt>
      <trkpt lat="45.66269" lon="6.55032">
        <ele>1323.6</ele>
        <time>2026-02-25T07:51:39Z</time>
      </trkpt>
      <trkpt lat="45.66254" lon="6.55036">
        <ele>1323</ele>
        <time>2026-02-25T07:51:55Z</time>
      </trkpt>
      <trkpt lat="45.66232" lon="6.55045">
        <ele>1324</ele>
        <time>2026-02-25T07:52:20Z</time>
      </trkpt>
      <trkpt lat="45.66226" lon="6.55042">
        <ele>1324.2</ele>
        <time>2026-02-25T07:52:28Z</time>
      </trkpt>
      <trkpt lat="45.6622" lon="6.55041">
        <ele>1322.4</ele>
        <time>2026-02-25T07:52:36Z</time>
      </trkpt>
      <trkpt lat="45.66215" lon="6.55044">
        <ele>1325</ele>
        <time>2026-02-25T07:52:45Z</time>
      </trkpt>
      <trkpt lat="45.66214" lon="6.55043">
        <ele>1325</ele>
        <time>2026-02-25T07:52:46Z</time>
      </trkpt>
      <trkpt lat="45.66206" lon="6.55052">
        <ele>1327.2</ele>
        <time>2026-02-25T07:53:02Z</time>
      </trkpt>
      <trkpt lat="45.66192" lon="6.55053">
        <ele>1329.4</ele>
        <time>2026-02-25T07:53:20Z</time>
      </trkpt>
      <trkpt lat="45.66191" lon="6.55051">
        <ele>1329.8</ele>
        <time>2026-02-25T07:53:22Z</time>
      </trkpt>
      <trkpt lat="45.66179" lon="6.55054">
        <ele>1330.6</ele>
        <time>2026-02-25T07:53:40Z</time>
      </trkpt>
      <trkpt lat="45.66173" lon="6.55059">
        <ele>1331.2</ele>
        <time>2026-02-25T07:53:48Z</time>
      </trkpt>
      <trkpt lat="45.66166" lon="6.55057">
        <ele>1330.6</ele>
        <time>2026-02-25T07:53:55Z</time>
      </trkpt>
      <trkpt lat="45.66164" lon="6.55058">
        <ele>1332.6</ele>
        <time>2026-02-25T07:53:57Z</time>
      </trkpt>
      <trkpt lat="45.66162" lon="6.55057">
        <ele>1332.6</ele>
        <time>2026-02-25T07:53:59Z</time>
      </trkpt>
      <trkpt lat="45.6616" lon="6.55058">
        <ele>1332.8</ele>
        <time>2026-02-25T07:54:03Z</time>
      </trkpt>
      <trkpt lat="45.66153" lon="6.55055">
        <ele>1332.8</ele>
        <time>2026-02-25T07:54:11Z</time>
      </trkpt>
      <trkpt lat="45.66152" lon="6.55052">
        <ele>1331.4</ele>
        <time>2026-02-25T07:54:13Z</time>
      </trkpt>
      <trkpt lat="45.66139" lon="6.55042">
        <ele>1332.2</ele>
        <time>2026-02-25T07:54:29Z</time>
      </trkpt>
      <trkpt lat="45.66122" lon="6.55035">
        <ele>1334.2</ele>
        <time>2026-02-25T07:54:43Z</time>
      </trkpt>
      <trkpt lat="45.66109" lon="6.5502">
        <ele>1337.2</ele>
        <time>2026-02-25T07:54:59Z</time>
      </trkpt>
      <trkpt lat="45.66108" lon="6.55017">
        <ele>1335.2</ele>
        <time>2026-02-25T07:55:01Z</time>
      </trkpt>
      <trkpt lat="45.66106" lon="6.55017">
        <ele>1335.2</ele>
        <time>2026-02-25T07:55:02Z</time>
      </trkpt>
      <trkpt lat="45.66103" lon="6.54992">
        <ele>1336.2</ele>
        <time>2026-02-25T07:55:18Z</time>
      </trkpt>
      <trkpt lat="45.66104" lon="6.54988">
        <ele>1336.2</ele>
        <time>2026-02-25T07:55:20Z</time>
      </trkpt>
      <trkpt lat="45.66099" lon="6.54977">
        <ele>1337.6</ele>
        <time>2026-02-25T07:55:28Z</time>
      </trkpt>
      <trkpt lat="45.661" lon="6.54974">
        <ele>1336</ele>
        <time>2026-02-25T07:55:30Z</time>
      </trkpt>
      <trkpt lat="45.66096" lon="6.5496">
        <ele>1338.4</ele>
        <time>2026-02-25T07:55:42Z</time>
      </trkpt>
      <trkpt lat="45.66092" lon="6.54956">
        <ele>1339</ele>
        <time>2026-02-25T07:55:46Z</time>
      </trkpt>
      <trkpt lat="45.66092" lon="6.54953">
        <ele>1339</ele>
        <time>2026-02-25T07:55:48Z</time>
      </trkpt>
      <trkpt lat="45.66087" lon="6.54942">
        <ele>1339.6</ele>
        <time>2026-02-25T07:55:56Z</time>
      </trkpt>
      <trkpt lat="45.66086" lon="6.54932">
        <ele>1339</ele>
        <time>2026-02-25T07:56:04Z</time>
      </trkpt>
      <trkpt lat="45.66081" lon="6.54918">
        <ele>1340.2</ele>
        <time>2026-02-25T07:56:21Z</time>
      </trkpt>
      <trkpt lat="45.66081" lon="6.54919">
        <ele>1340.8</ele>
        <time>2026-02-25T07:56:25Z</time>
      </trkpt>
      <trkpt lat="45.66079" lon="6.54915">
        <ele>1340.8</ele>
        <time>2026-02-25T07:56:29Z</time>
      </trkpt>
      <trkpt lat="45.66075" lon="6.54912">
        <ele>1338.6</ele>
        <time>2026-02-25T07:56:33Z</time>
      </trkpt>
      <trkpt lat="45.66074" lon="6.54908">
        <ele>1342.8</ele>
        <time>2026-02-25T07:56:37Z</time>
      </trkpt>
      <trkpt lat="45.66075" lon="6.54898">
        <ele>1343.8</ele>
        <time>2026-02-25T07:56:45Z</time>
      </trkpt>
      <trkpt lat="45.66074" lon="6.54894">
        <ele>1342</ele>
        <time>2026-02-25T07:56:49Z</time>
      </trkpt>
      <trkpt lat="45.66078" lon="6.54883">
        <ele>1344.2</ele>
        <time>2026-02-25T07:56:57Z</time>
      </trkpt>
      <trkpt lat="45.66079" lon="6.5486">
        <ele>1346.2</ele>
        <time>2026-02-25T08:01:13Z</time>
      </trkpt>
      <trkpt lat="45.66073" lon="6.54858">
        <ele>1346.6</ele>
        <time>2026-02-25T08:02:17Z</time>
      </trkpt>
      <trkpt lat="45.66077" lon="6.54856">
        <ele>1351.8</ele>
        <time>2026-02-25T08:03:21Z</time>
      </trkpt>
      <trkpt lat="45.66073" lon="6.54854">
        <ele>1351.8</ele>
        <time>2026-02-25T08:03:31Z</time>
      </trkpt>
      <trkpt lat="45.66072" lon="6.54843">
        <ele>1354.6</ele>
        <time>2026-02-25T08:03:47Z</time>
      </trkpt>
      <trkpt lat="45.66075" lon="6.54835">
        <ele>1353</ele>
        <time>2026-02-25T08:04:00Z</time>
      </trkpt>
      <trkpt lat="45.66074" lon="6.54834">
        <ele>1354</ele>
        <time>2026-02-25T08:04:01Z</time>
      </trkpt>
      <trkpt lat="45.66075" lon="6.54834">
        <ele>1363.8</ele>
        <time>2026-02-25T08:06:09Z</time>
      </trkpt>
      <trkpt lat="45.66058" lon="6.54848">
        <ele>1367</ele>
        <time>2026-02-25T08:06:39Z</time>
      </trkpt>
      <trkpt lat="45.66056" lon="6.54833">
        <ele>1369.8</ele>
        <time>2026-02-25T08:06:49Z</time>
      </trkpt>
      <trkpt lat="45.66057" lon="6.54828">
        <ele>1377.6</ele>
        <time>2026-02-25T08:07:53Z</time>
      </trkpt>
      <trkpt lat="45.66046" lon="6.54817">
        <ele>1379</ele>
        <time>2026-02-25T08:08:57Z</time>
      </trkpt>
      <trkpt lat="45.66038" lon="6.54815">
        <ele>1380.8</ele>
        <time>2026-02-25T08:09:45Z</time>
      </trkpt>
      <trkpt lat="45.66035" lon="6.54817">
        <ele>1380.8</ele>
        <time>2026-02-25T08:09:46Z</time>
      </trkpt>
      <trkpt lat="45.66034" lon="6.54815">
        <ele>1384</ele>
        <time>2026-02-25T08:09:54Z</time>
      </trkpt>
      <trkpt lat="45.66036" lon="6.548">
        <ele>1384.4</ele>
        <time>2026-02-25T08:09:58Z</time>
      </trkpt>
      <trkpt lat="45.6604" lon="6.54792">
        <ele>1388.2</ele>
        <time>2026-02-25T08:11:02Z</time>
      </trkpt>
      <trkpt lat="45.66033" lon="6.54783">
        <ele>1392.8</ele>
        <time>2026-02-25T08:11:06Z</time>
      </trkpt>
      <trkpt lat="45.6603" lon="6.54773">
        <ele>1392</ele>
        <time>2026-02-25T08:11:12Z</time>
      </trkpt>
      <trkpt lat="45.66031" lon="6.54768">
        <ele>1394.6</ele>
        <time>2026-02-25T08:11:16Z</time>
      </trkpt>
      <trkpt lat="45.6603" lon="6.54764">
        <ele>1393.4</ele>
        <time>2026-02-25T08:11:20Z</time>
      </trkpt>
      <trkpt lat="45.66031" lon="6.54762">
        <ele>1392.8</ele>
        <time>2026-02-25T08:11:21Z</time>
      </trkpt>
      <trkpt lat="45.6603" lon="6.54756">
        <ele>1395</ele>
        <time>2026-02-25T08:11:37Z</time>
      </trkpt>
      <trkpt lat="45.66027" lon="6.5476">
        <ele>1396.8</ele>
        <time>2026-02-25T08:11:51Z</time>
      </trkpt>
      <trkpt lat="45.66025" lon="6.54745">
        <ele>1400.6</ele>
        <time>2026-02-25T08:12:11Z</time>
      </trkpt>
      <trkpt lat="45.66022" lon="6.54743">
        <ele>1402.4</ele>
        <time>2026-02-25T08:12:43Z</time>
      </trkpt>
      <trkpt lat="45.66021" lon="6.54765">
        <ele>1401.6</ele>
        <time>2026-02-25T08:13:11Z</time>
      </trkpt>
      <trkpt lat="45.66022" lon="6.54765">
        <ele>1405</ele>
        <time>2026-02-25T08:13:19Z</time>
      </trkpt>
      <trkpt lat="45.66021" lon="6.54761">
        <ele>1405.2</ele>
        <time>2026-02-25T08:13:26Z</time>
      </trkpt>
      <trkpt lat="45.66028" lon="6.54755">
        <ele>1406.2</ele>
        <time>2026-02-25T08:14:00Z</time>
      </trkpt>
      <trkpt lat="45.66024" lon="6.54756">
        <ele>1407.6</ele>
        <time>2026-02-25T08:14:16Z</time>
      </trkpt>
      <trkpt lat="45.66024" lon="6.54758">
        <ele>1409.4</ele>
        <time>2026-02-25T08:14:32Z</time>
      </trkpt>
      <trkpt lat="45.6602" lon="6.54757">
        <ele>1407</ele>
        <time>2026-02-25T08:14:47Z</time>
      </trkpt>
      <trkpt lat="45.6602" lon="6.54758">
        <ele>1410</ele>
        <time>2026-02-25T08:15:51Z</time>
      </trkpt>
      <trkpt lat="45.66025" lon="6.54749">
        <ele>1410.6</ele>
        <time>2026-02-25T08:16:09Z</time>
      </trkpt>
      <trkpt lat="45.66024" lon="6.54748">
        <ele>1412.2</ele>
        <time>2026-02-25T08:18:17Z</time>
      </trkpt>
      <trkpt lat="45.66014" lon="6.54749">
        <ele>1414</ele>
        <time>2026-02-25T08:20:25Z</time>
      </trkpt>
      <trkpt lat="45.66009" lon="6.54769">
        <ele>1418.8</ele>
        <time>2026-02-25T08:22:29Z</time>
      </trkpt>
      <trkpt lat="45.66014" lon="6.54758">
        <ele>1418.8</ele>
        <time>2026-02-25T08:22:30Z</time>
      </trkpt>
      <trkpt lat="45.65999" lon="6.54774">
        <ele>1421.4</ele>
        <time>2026-02-25T08:23:42Z</time>
      </trkpt>
      <trkpt lat="45.65996" lon="6.54771">
        <ele>1422.6</ele>
        <time>2026-02-25T08:23:50Z</time>
      </trkpt>
      <trkpt lat="45.65994" lon="6.54762">
        <ele>1421.6</ele>
        <time>2026-02-25T08:24:22Z</time>
      </trkpt>
      <trkpt lat="45.65997" lon="6.54772">
        <ele>1426.2</ele>
        <time>2026-02-25T08:24:54Z</time>
      </trkpt>
      <trkpt lat="45.65988" lon="6.54777">
        <ele>1429.4</ele>
        <time>2026-02-25T08:25:03Z</time>
      </trkpt>
      <trkpt lat="45.65988" lon="6.54776">
        <ele>1428.2</ele>
        <time>2026-02-25T08:25:11Z</time>
      </trkpt>
      <trkpt lat="45.65979" lon="6.54774">
        <ele>1429</ele>
        <time>2026-02-25T08:25:19Z</time>
      </trkpt>
      <trkpt lat="45.65972" lon="6.54769">
        <ele>1433.2</ele>
        <time>2026-02-25T08:25:51Z</time>
      </trkpt>
      <trkpt lat="45.65971" lon="6.54757">
        <ele>1434.8</ele>
        <time>2026-02-25T08:26:11Z</time>
      </trkpt>
      <trkpt lat="45.65969" lon="6.54758">
        <ele>1433.8</ele>
        <time>2026-02-25T08:26:15Z</time>
      </trkpt>
      <trkpt lat="45.65971" lon="6.54751">
        <ele>1433.6</ele>
        <time>2026-02-25T08:26:31Z</time>
      </trkpt>
      <trkpt lat="45.65971" lon="6.5476">
        <ele>1438</ele>
        <time>2026-02-25T08:26:35Z</time>
      </trkpt>
      <trkpt lat="45.65966" lon="6.54763">
        <ele>1438.6</ele>
        <time>2026-02-25T08:26:51Z</time>
      </trkpt>
      <trkpt lat="45.65967" lon="6.54745">
        <ele>1439</ele>
        <time>2026-02-25T08:26:55Z</time>
      </trkpt>
      <trkpt lat="45.65971" lon="6.54734">
        <ele>1441.6</ele>
        <time>2026-02-25T08:27:11Z</time>
      </trkpt>
      <trkpt lat="45.65969" lon="6.54728">
        <ele>1443</ele>
        <time>2026-02-25T08:27:20Z</time>
      </trkpt>
      <trkpt lat="45.65969" lon="6.5473">
        <ele>1443.4</ele>
        <time>2026-02-25T08:27:28Z</time>
      </trkpt>
      <trkpt lat="45.65971" lon="6.54711">
        <ele>1447</ele>
        <time>2026-02-25T08:28:00Z</time>
      </trkpt>
      <trkpt lat="45.6597" lon="6.54726">
        <ele>1446.8</ele>
        <time>2026-02-25T08:28:17Z</time>
      </trkpt>
      <trkpt lat="45.65968" lon="6.54726">
        <ele>1450.6</ele>
        <time>2026-02-25T08:28:25Z</time>
      </trkpt>
      <trkpt lat="45.65964" lon="6.54716">
        <ele>1450.6</ele>
        <time>2026-02-25T08:28:33Z</time>
      </trkpt>
      <trkpt lat="45.65965" lon="6.54704">
        <ele>1450.4</ele>
        <time>2026-02-25T08:28:49Z</time>
      </trkpt>
      <trkpt lat="45.65964" lon="6.54701">
        <ele>1452.2</ele>
        <time>2026-02-25T08:28:53Z</time>
      </trkpt>
      <trkpt lat="45.65965" lon="6.547">
        <ele>1451.8</ele>
        <time>2026-02-25T08:29:01Z</time>
      </trkpt>
      <trkpt lat="45.65963" lon="6.54701">
        <ele>1451.8</ele>
        <time>2026-02-25T08:29:02Z</time>
      </trkpt>
      <trkpt lat="45.65964" lon="6.54713">
        <ele>1453.6</ele>
        <time>2026-02-25T08:29:18Z</time>
      </trkpt>
      <trkpt lat="45.65962" lon="6.54719">
        <ele>1455</ele>
        <time>2026-02-25T08:29:34Z</time>
      </trkpt>
      <trkpt lat="45.65964" lon="6.54718">
        <ele>1454.2</ele>
        <time>2026-02-25T08:29:46Z</time>
      </trkpt>
      <trkpt lat="45.65964" lon="6.54712">
        <ele>1455</ele>
        <time>2026-02-25T08:30:02Z</time>
      </trkpt>
      <trkpt lat="45.65955" lon="6.54705">
        <ele>1456.8</ele>
        <time>2026-02-25T08:30:18Z</time>
      </trkpt>
      <trkpt lat="45.65953" lon="6.54719">
        <ele>1458.4</ele>
        <time>2026-02-25T08:30:29Z</time>
      </trkpt>
      <trkpt lat="45.65953" lon="6.54718">
        <ele>1458.4</ele>
        <time>2026-02-25T08:30:31Z</time>
      </trkpt>
      <trkpt lat="45.6595" lon="6.54721">
        <ele>1457.8</ele>
        <time>2026-02-25T08:30:39Z</time>
      </trkpt>
      <trkpt lat="45.65944" lon="6.54706">
        <ele>1459.2</ele>
        <time>2026-02-25T08:30:53Z</time>
      </trkpt>
      <trkpt lat="45.65942" lon="6.54697">
        <ele>1458.8</ele>
        <time>2026-02-25T08:31:00Z</time>
      </trkpt>
      <trkpt lat="45.65943" lon="6.54694">
        <ele>1459.8</ele>
        <time>2026-02-25T08:31:04Z</time>
      </trkpt>
      <trkpt lat="45.65941" lon="6.5469">
        <ele>1463</ele>
        <time>2026-02-25T08:31:13Z</time>
      </trkpt>
      <trkpt lat="45.65942" lon="6.54692">
        <ele>1463</ele>
        <time>2026-02-25T08:31:15Z</time>
      </trkpt>
      <trkpt lat="45.65941" lon="6.54694">
        <ele>1463.6</ele>
        <time>2026-02-25T08:31:17Z</time>
      </trkpt>
      <trkpt lat="45.65942" lon="6.54695">
        <ele>1462.6</ele>
        <time>2026-02-25T08:31:21Z</time>
      </trkpt>
      <trkpt lat="45.6594" lon="6.54701">
        <ele>1465.2</ele>
        <time>2026-02-25T08:31:26Z</time>
      </trkpt>
      <trkpt lat="45.65941" lon="6.54702">
        <ele>1465.2</ele>
        <time>2026-02-25T08:31:27Z</time>
      </trkpt>
      <trkpt lat="45.6594" lon="6.54702">
        <ele>1464.6</ele>
        <time>2026-02-25T08:31:28Z</time>
      </trkpt>
      <trkpt lat="45.65941" lon="6.54703">
        <ele>1467.6</ele>
        <time>2026-02-25T08:31:44Z</time>
      </trkpt>
      <trkpt lat="45.6594" lon="6.54704">
        <ele>1464.8</ele>
        <time>2026-02-25T08:31:46Z</time>
      </trkpt>
      <trkpt lat="45.65935" lon="6.547">
        <ele>1467.6</ele>
        <time>2026-02-25T08:32:02Z</time>
      </trkpt>
      <trkpt lat="45.6593" lon="6.54677">
        <ele>1472.6</ele>
        <time>2026-02-25T08:32:36Z</time>
      </trkpt>
      <trkpt lat="45.65931" lon="6.54678">
        <ele>1474</ele>
        <time>2026-02-25T08:32:40Z</time>
      </trkpt>
      <trkpt lat="45.65923" lon="6.54687">
        <ele>1473.2</ele>
        <time>2026-02-25T08:32:56Z</time>
      </trkpt>
      <trkpt lat="45.65922" lon="6.54691">
        <ele>1476.2</ele>
        <time>2026-02-25T08:33:03Z</time>
      </trkpt>
      <trkpt lat="45.65923" lon="6.54691">
        <ele>1475.2</ele>
        <time>2026-02-25T08:33:07Z</time>
      </trkpt>
      <trkpt lat="45.6592" lon="6.54693">
        <ele>1475</ele>
        <time>2026-02-25T08:33:11Z</time>
      </trkpt>
      <trkpt lat="45.65922" lon="6.54685">
        <ele>1478</ele>
        <time>2026-02-25T08:33:17Z</time>
      </trkpt>
      <trkpt lat="45.65921" lon="6.54684">
        <ele>1478</ele>
        <time>2026-02-25T08:33:18Z</time>
      </trkpt>
      <trkpt lat="45.65922" lon="6.5467">
        <ele>1482.4</ele>
        <time>2026-02-25T08:33:42Z</time>
      </trkpt>
      <trkpt lat="45.65917" lon="6.54666">
        <ele>1482.8</ele>
        <time>2026-02-25T08:33:50Z</time>
      </trkpt>
      <trkpt lat="45.65916" lon="6.54667">
        <ele>1481.6</ele>
        <time>2026-02-25T08:33:54Z</time>
      </trkpt>
      <trkpt lat="45.65913" lon="6.54665">
        <ele>1483.8</ele>
        <time>2026-02-25T08:34:03Z</time>
      </trkpt>
      <trkpt lat="45.65912" lon="6.54666">
        <ele>1484.2</ele>
        <time>2026-02-25T08:34:04Z</time>
      </trkpt>
      <trkpt lat="45.65911" lon="6.54665">
        <ele>1484.4</ele>
        <time>2026-02-25T08:34:05Z</time>
      </trkpt>
      <trkpt lat="45.6591" lon="6.54666">
        <ele>1484.2</ele>
        <time>2026-02-25T08:34:09Z</time>
      </trkpt>
      <trkpt lat="45.65904" lon="6.5465">
        <ele>1486</ele>
        <time>2026-02-25T08:34:23Z</time>
      </trkpt>
      <trkpt lat="45.65906" lon="6.54639">
        <ele>1486.2</ele>
        <time>2026-02-25T08:34:39Z</time>
      </trkpt>
      <trkpt lat="45.65902" lon="6.54651">
        <ele>1488.4</ele>
        <time>2026-02-25T08:34:51Z</time>
      </trkpt>
      <trkpt lat="45.65899" lon="6.54652">
        <ele>1487.4</ele>
        <time>2026-02-25T08:34:59Z</time>
      </trkpt>
      <trkpt lat="45.65898" lon="6.5465">
        <ele>1489</ele>
        <time>2026-02-25T08:35:07Z</time>
      </trkpt>
      <trkpt lat="45.659" lon="6.54633">
        <ele>1491.6</ele>
        <time>2026-02-25T08:35:23Z</time>
      </trkpt>
      <trkpt lat="45.65897" lon="6.54632">
        <ele>1491.6</ele>
        <time>2026-02-25T08:35:29Z</time>
      </trkpt>
      <trkpt lat="45.65893" lon="6.54635">
        <ele>1493</ele>
        <time>2026-02-25T08:35:35Z</time>
      </trkpt>
      <trkpt lat="45.65892" lon="6.54633">
        <ele>1493.2</ele>
        <time>2026-02-25T08:35:43Z</time>
      </trkpt>
      <trkpt lat="45.6589" lon="6.54633">
        <ele>1495.2</ele>
        <time>2026-02-25T08:35:45Z</time>
      </trkpt>
      <trkpt lat="45.65891" lon="6.54633">
        <ele>1494.6</ele>
        <time>2026-02-25T08:35:49Z</time>
      </trkpt>
      <trkpt lat="45.65888" lon="6.54626">
        <ele>1495.2</ele>
        <time>2026-02-25T08:36:05Z</time>
      </trkpt>
      <trkpt lat="45.65892" lon="6.54593">
        <ele>1498.4</ele>
        <time>2026-02-25T08:36:31Z</time>
      </trkpt>
      <trkpt lat="45.65891" lon="6.54588">
        <ele>1501.4</ele>
        <time>2026-02-25T08:36:39Z</time>
      </trkpt>
      <trkpt lat="45.65892" lon="6.54584">
        <ele>1505</ele>
        <time>2026-02-25T08:37:11Z</time>
      </trkpt>
      <trkpt lat="45.65895" lon="6.5459">
        <ele>1506</ele>
        <time>2026-02-25T08:37:37Z</time>
      </trkpt>
      <trkpt lat="45.65896" lon="6.54578">
        <ele>1506.8</ele>
        <time>2026-02-25T08:37:45Z</time>
      </trkpt>
      <trkpt lat="45.659" lon="6.54563">
        <ele>1509.2</ele>
        <time>2026-02-25T08:38:04Z</time>
      </trkpt>
      <trkpt lat="45.65893" lon="6.54553">
        <ele>1510.2</ele>
        <time>2026-02-25T08:38:18Z</time>
      </trkpt>
      <trkpt lat="45.65887" lon="6.54555">
        <ele>1518.4</ele>
        <time>2026-02-25T08:40:26Z</time>
      </trkpt>
      <trkpt lat="45.65883" lon="6.5458">
        <ele>1522</ele>
        <time>2026-02-25T08:41:22Z</time>
      </trkpt>
      <trkpt lat="45.65871" lon="6.54547">
        <ele>1525.8</ele>
        <time>2026-02-25T08:42:01Z</time>
      </trkpt>
      <trkpt lat="45.65874" lon="6.54534">
        <ele>1531</ele>
        <time>2026-02-25T08:42:18Z</time>
      </trkpt>
      <trkpt lat="45.65873" lon="6.54535">
        <ele>1527.6</ele>
        <time>2026-02-25T08:42:22Z</time>
      </trkpt>
      <trkpt lat="45.65874" lon="6.54535">
        <ele>1528.6</ele>
        <time>2026-02-25T08:42:24Z</time>
      </trkpt>
      <trkpt lat="45.65873" lon="6.54534">
        <ele>1530.8</ele>
        <time>2026-02-25T08:42:25Z</time>
      </trkpt>
      <trkpt lat="45.65874" lon="6.54533">
        <ele>1530.8</ele>
        <time>2026-02-25T08:42:27Z</time>
      </trkpt>
      <trkpt lat="45.65873" lon="6.54532">
        <ele>1530.8</ele>
        <time>2026-02-25T08:42:28Z</time>
      </trkpt>
      <trkpt lat="45.65876" lon="6.54529">
        <ele>1531</ele>
        <time>2026-02-25T08:42:44Z</time>
      </trkpt>
      <trkpt lat="45.65876" lon="6.54525">
        <ele>1534.2</ele>
        <time>2026-02-25T08:42:51Z</time>
      </trkpt>
      <trkpt lat="45.6589" lon="6.545">
        <ele>1541</ele>
        <time>2026-02-25T08:43:41Z</time>
      </trkpt>
      <trkpt lat="45.65894" lon="6.54501">
        <ele>1539.2</ele>
        <time>2026-02-25T08:43:47Z</time>
      </trkpt>
      <trkpt lat="45.65898" lon="6.54494">
        <ele>1545</ele>
        <time>2026-02-25T08:44:19Z</time>
      </trkpt>
      <trkpt lat="45.65907" lon="6.54495">
        <ele>1550.6</ele>
        <time>2026-02-25T08:44:51Z</time>
      </trkpt>
      <trkpt lat="45.65909" lon="6.54484">
        <ele>1554.6</ele>
        <time>2026-02-25T08:45:31Z</time>
      </trkpt>
      <trkpt lat="45.65899" lon="6.54463">
        <ele>1556.8</ele>
        <time>2026-02-25T08:45:51Z</time>
      </trkpt>
      <trkpt lat="45.659" lon="6.54462">
        <ele>1557.4</ele>
        <time>2026-02-25T08:46:23Z</time>
      </trkpt>
      <trkpt lat="45.65892" lon="6.54471">
        <ele>1559.6</ele>
        <time>2026-02-25T08:46:39Z</time>
      </trkpt>
      <trkpt lat="45.6589" lon="6.54455">
        <ele>1564.2</ele>
        <time>2026-02-25T08:47:03Z</time>
      </trkpt>
      <trkpt lat="45.65891" lon="6.54453">
        <ele>1561.2</ele>
        <time>2026-02-25T08:47:05Z</time>
      </trkpt>
      <trkpt lat="45.65887" lon="6.54446">
        <ele>1566.4</ele>
        <time>2026-02-25T08:47:37Z</time>
      </trkpt>
      <trkpt lat="45.65883" lon="6.54449">
        <ele>1571</ele>
        <time>2026-02-25T08:47:45Z</time>
      </trkpt>
      <trkpt lat="45.65881" lon="6.54456">
        <ele>1572.4</ele>
        <time>2026-02-25T08:47:53Z</time>
      </trkpt>
      <trkpt lat="45.65875" lon="6.54465">
        <ele>1576.8</ele>
        <time>2026-02-25T08:48:25Z</time>
      </trkpt>
      <trkpt lat="45.65866" lon="6.54465">
        <ele>1577.4</ele>
        <time>2026-02-25T08:48:49Z</time>
      </trkpt>
      <trkpt lat="45.65864" lon="6.54468">
        <ele>1580.6</ele>
        <time>2026-02-25T08:49:05Z</time>
      </trkpt>
      <trkpt lat="45.65862" lon="6.54467">
        <ele>1580.6</ele>
        <time>2026-02-25T08:49:06Z</time>
      </trkpt>
      <trkpt lat="45.65859" lon="6.5445">
        <ele>1585.2</ele>
        <time>2026-02-25T08:50:10Z</time>
      </trkpt>
      <trkpt lat="45.6585" lon="6.54424">
        <ele>1594.6</ele>
        <time>2026-02-25T08:51:14Z</time>
      </trkpt>
      <trkpt lat="45.65834" lon="6.54368">
        <ele>1605.2</ele>
        <time>2026-02-25T08:52:42Z</time>
      </trkpt>
      <trkpt lat="45.65835" lon="6.54366">
        <ele>1605.2</ele>
        <time>2026-02-25T08:52:44Z</time>
      </trkpt>
      <trkpt lat="45.65834" lon="6.54364">
        <ele>1605.8</ele>
        <time>2026-02-25T08:52:48Z</time>
      </trkpt>
      <trkpt lat="45.65835" lon="6.5436">
        <ele>1607</ele>
        <time>2026-02-25T08:53:20Z</time>
      </trkpt>
      <trkpt lat="45.6583" lon="6.54369">
        <ele>1609</ele>
        <time>2026-02-25T08:53:36Z</time>
      </trkpt>
      <trkpt lat="45.65831" lon="6.54369">
        <ele>1609.2</ele>
        <time>2026-02-25T08:53:37Z</time>
      </trkpt>
      <trkpt lat="45.65828" lon="6.54376">
        <ele>1611.8</ele>
        <time>2026-02-25T08:54:03Z</time>
      </trkpt>
      <trkpt lat="45.65829" lon="6.54377">
        <ele>1611</ele>
        <time>2026-02-25T08:54:11Z</time>
      </trkpt>
      <trkpt lat="45.65827" lon="6.54377">
        <ele>1610.2</ele>
        <time>2026-02-25T08:54:17Z</time>
      </trkpt>
      <trkpt lat="45.65821" lon="6.54364">
        <ele>1612.6</ele>
        <time>2026-02-25T08:54:29Z</time>
      </trkpt>
      <trkpt lat="45.65821" lon="6.54359">
        <ele>1614.8</ele>
        <time>2026-02-25T08:54:33Z</time>
      </trkpt>
      <trkpt lat="45.6582" lon="6.54359">
        <ele>1614</ele>
        <time>2026-02-25T08:54:37Z</time>
      </trkpt>
      <trkpt lat="45.65821" lon="6.54354">
        <ele>1616.8</ele>
        <time>2026-02-25T08:55:09Z</time>
      </trkpt>
      <trkpt lat="45.65817" lon="6.54351">
        <ele>1616.8</ele>
        <time>2026-02-25T08:55:10Z</time>
      </trkpt>
      <trkpt lat="45.65816" lon="6.54355">
        <ele>1622.4</ele>
        <time>2026-02-25T08:56:14Z</time>
      </trkpt>
      <trkpt lat="45.6581" lon="6.5434">
        <ele>1622.6</ele>
        <time>2026-02-25T08:56:30Z</time>
      </trkpt>
      <trkpt lat="45.65809" lon="6.54334">
        <ele>1624</ele>
        <time>2026-02-25T08:56:39Z</time>
      </trkpt>
      <trkpt lat="45.6581" lon="6.54333">
        <ele>1624</ele>
        <time>2026-02-25T08:56:40Z</time>
      </trkpt>
      <trkpt lat="45.65809" lon="6.54332">
        <ele>1625.2</ele>
        <time>2026-02-25T08:56:48Z</time>
      </trkpt>
      <trkpt lat="45.6581" lon="6.54321">
        <ele>1627.6</ele>
        <time>2026-02-25T08:57:04Z</time>
      </trkpt>
      <trkpt lat="45.65796" lon="6.54338">
        <ele>1631.2</ele>
        <time>2026-02-25T08:57:44Z</time>
      </trkpt>
      <trkpt lat="45.65794" lon="6.54337">
        <ele>1633</ele>
        <time>2026-02-25T08:57:48Z</time>
      </trkpt>
      <trkpt lat="45.65793" lon="6.54324">
        <ele>1634.4</ele>
        <time>2026-02-25T08:58:00Z</time>
      </trkpt>
      <trkpt lat="45.65787" lon="6.54312">
        <ele>1635.8</ele>
        <time>2026-02-25T09:16:20Z</time>
      </trkpt>
      <trkpt lat="45.65782" lon="6.54311">
        <ele>1636.8</ele>
        <time>2026-02-25T09:16:36Z</time>
      </trkpt>
      <trkpt lat="45.65778" lon="6.54312">
        <ele>1638.4</ele>
        <time>2026-02-25T09:16:44Z</time>
      </trkpt>
      <trkpt lat="45.65772" lon="6.54306">
        <ele>1638.8</ele>
        <time>2026-02-25T09:17:00Z</time>
      </trkpt>
      <trkpt lat="45.65761" lon="6.54304">
        <ele>1642.6</ele>
        <time>2026-02-25T09:17:23Z</time>
      </trkpt>
      <trkpt lat="45.65761" lon="6.54305">
        <ele>1643.4</ele>
        <time>2026-02-25T09:17:25Z</time>
      </trkpt>
      <trkpt lat="45.65757" lon="6.54304">
        <ele>1642.4</ele>
        <time>2026-02-25T09:17:33Z</time>
      </trkpt>
      <trkpt lat="45.65762" lon="6.54274">
        <ele>1648.4</ele>
        <time>2026-02-25T09:18:17Z</time>
      </trkpt>
      <trkpt lat="45.65761" lon="6.54272">
        <ele>1648.6</ele>
        <time>2026-02-25T09:18:21Z</time>
      </trkpt>
      <trkpt lat="45.65762" lon="6.5427">
        <ele>1648.6</ele>
        <time>2026-02-25T09:18:24Z</time>
      </trkpt>
      <trkpt lat="45.65761" lon="6.54269">
        <ele>1648.6</ele>
        <time>2026-02-25T09:18:26Z</time>
      </trkpt>
      <trkpt lat="45.65762" lon="6.54268">
        <ele>1649.6</ele>
        <time>2026-02-25T09:18:34Z</time>
      </trkpt>
      <trkpt lat="45.65761" lon="6.54265">
        <ele>1650.6</ele>
        <time>2026-02-25T09:18:38Z</time>
      </trkpt>
      <trkpt lat="45.65747" lon="6.54272">
        <ele>1653.6</ele>
        <time>2026-02-25T09:19:10Z</time>
      </trkpt>
      <trkpt lat="45.65742" lon="6.54271">
        <ele>1651.8</ele>
        <time>2026-02-25T09:19:22Z</time>
      </trkpt>
      <trkpt lat="45.65742" lon="6.54272">
        <ele>1652.8</ele>
        <time>2026-02-25T09:19:24Z</time>
      </trkpt>
      <trkpt lat="45.65729" lon="6.54269">
        <ele>1656.4</ele>
        <time>2026-02-25T09:19:52Z</time>
      </trkpt>
      <trkpt lat="45.65717" lon="6.54274">
        <ele>1659.2</ele>
        <time>2026-02-25T09:20:22Z</time>
      </trkpt>
      <trkpt lat="45.65716" lon="6.54273">
        <ele>1660.2</ele>
        <time>2026-02-25T09:20:24Z</time>
      </trkpt>
      <trkpt lat="45.65713" lon="6.54274">
        <ele>1661</ele>
        <time>2026-02-25T09:20:32Z</time>
      </trkpt>
      <trkpt lat="45.65711" lon="6.54271">
        <ele>1662</ele>
        <time>2026-02-25T09:20:52Z</time>
      </trkpt>
      <trkpt lat="45.65712" lon="6.54268">
        <ele>1663.6</ele>
        <time>2026-02-25T09:20:56Z</time>
      </trkpt>
      <trkpt lat="45.65711" lon="6.54264">
        <ele>1661</ele>
        <time>2026-02-25T09:21:00Z</time>
      </trkpt>
      <trkpt lat="45.65713" lon="6.54253">
        <ele>1663</ele>
        <time>2026-02-25T09:21:16Z</time>
      </trkpt>
      <trkpt lat="45.65722" lon="6.54232">
        <ele>1666</ele>
        <time>2026-02-25T09:21:48Z</time>
      </trkpt>
      <trkpt lat="45.65726" lon="6.54218">
        <ele>1668.6</ele>
        <time>2026-02-25T09:22:08Z</time>
      </trkpt>
      <trkpt lat="45.65731" lon="6.54208">
        <ele>1672</ele>
        <time>2026-02-25T09:22:24Z</time>
      </trkpt>
      <trkpt lat="45.65734" lon="6.54206">
        <ele>1672.8</ele>
        <time>2026-02-25T09:22:32Z</time>
      </trkpt>
      <trkpt lat="45.65743" lon="6.54177">
        <ele>1675.4</ele>
        <time>2026-02-25T09:23:20Z</time>
      </trkpt>
      <trkpt lat="45.65734" lon="6.54171">
        <ele>1681.2</ele>
        <time>2026-02-25T09:24:32Z</time>
      </trkpt>
      <trkpt lat="45.6573" lon="6.5417">
        <ele>1681.4</ele>
        <time>2026-02-25T09:24:40Z</time>
      </trkpt>
      <trkpt lat="45.65726" lon="6.54171">
        <ele>1683.6</ele>
        <time>2026-02-25T09:24:47Z</time>
      </trkpt>
      <trkpt lat="45.65725" lon="6.5417">
        <ele>1684.2</ele>
        <time>2026-02-25T09:24:49Z</time>
      </trkpt>
      <trkpt lat="45.65725" lon="6.54171">
        <ele>1684.2</ele>
        <time>2026-02-25T09:24:50Z</time>
      </trkpt>
      <trkpt lat="45.65703" lon="6.54162">
        <ele>1689.2</ele>
        <time>2026-02-25T09:25:38Z</time>
      </trkpt>
      <trkpt lat="45.65698" lon="6.54155">
        <ele>1694.2</ele>
        <time>2026-02-25T09:25:54Z</time>
      </trkpt>
      <trkpt lat="45.65695" lon="6.54154">
        <ele>1694.8</ele>
        <time>2026-02-25T09:26:02Z</time>
      </trkpt>
      <trkpt lat="45.65693" lon="6.54155">
        <ele>1694.8</ele>
        <time>2026-02-25T09:26:06Z</time>
      </trkpt>
      <trkpt lat="45.6568" lon="6.54152">
        <ele>1697.8</ele>
        <time>2026-02-25T09:26:32Z</time>
      </trkpt>
      <trkpt lat="45.6568" lon="6.54153">
        <ele>1694</ele>
        <time>2026-02-25T09:26:33Z</time>
      </trkpt>
      <trkpt lat="45.65665" lon="6.54148">
        <ele>1698</ele>
        <time>2026-02-25T09:27:05Z</time>
      </trkpt>
      <trkpt lat="45.65651" lon="6.5414">
        <ele>1705.4</ele>
        <time>2026-02-25T09:27:40Z</time>
      </trkpt>
      <trkpt lat="45.65649" lon="6.54141">
        <ele>1701.4</ele>
        <time>2026-02-25T09:27:42Z</time>
      </trkpt>
      <trkpt lat="45.65648" lon="6.5414">
        <ele>1702.4</ele>
        <time>2026-02-25T09:27:46Z</time>
      </trkpt>
      <trkpt lat="45.65639" lon="6.54141">
        <ele>1707.2</ele>
        <time>2026-02-25T09:28:02Z</time>
      </trkpt>
      <trkpt lat="45.6562" lon="6.5415">
        <ele>1711</ele>
        <time>2026-02-25T09:28:50Z</time>
      </trkpt>
      <trkpt lat="45.6562" lon="6.54144">
        <ele>1714.8</ele>
        <time>2026-02-25T09:28:58Z</time>
      </trkpt>
      <trkpt lat="45.65616" lon="6.54131">
        <ele>1716.8</ele>
        <time>2026-02-25T09:29:22Z</time>
      </trkpt>
      <trkpt lat="45.65613" lon="6.54134">
        <ele>1715</ele>
        <time>2026-02-25T09:29:31Z</time>
      </trkpt>
      <trkpt lat="45.65611" lon="6.54133">
        <ele>1718.4</ele>
        <time>2026-02-25T09:29:33Z</time>
      </trkpt>
      <trkpt lat="45.65591" lon="6.5414">
        <ele>1721.6</ele>
        <time>2026-02-25T09:30:13Z</time>
      </trkpt>
      <trkpt lat="45.65585" lon="6.54118">
        <ele>1727.6</ele>
        <time>2026-02-25T09:30:53Z</time>
      </trkpt>
      <trkpt lat="45.65581" lon="6.54115">
        <ele>1729.2</ele>
        <time>2026-02-25T09:31:05Z</time>
      </trkpt>
      <trkpt lat="45.65571" lon="6.5412">
        <ele>1728.6</ele>
        <time>2026-02-25T09:31:29Z</time>
      </trkpt>
      <trkpt lat="45.65567" lon="6.54112">
        <ele>1732.8</ele>
        <time>2026-02-25T09:31:39Z</time>
      </trkpt>
      <trkpt lat="45.65568" lon="6.54112">
        <ele>1732.8</ele>
        <time>2026-02-25T09:31:40Z</time>
      </trkpt>
      <trkpt lat="45.65566" lon="6.54108">
        <ele>1732.6</ele>
        <time>2026-02-25T09:31:48Z</time>
      </trkpt>
      <trkpt lat="45.6555" lon="6.54099">
        <ele>1734.6</ele>
        <time>2026-02-25T09:32:20Z</time>
      </trkpt>
      <trkpt lat="45.65545" lon="6.54098">
        <ele>1736.6</ele>
        <time>2026-02-25T09:32:28Z</time>
      </trkpt>
      <trkpt lat="45.65529" lon="6.54087">
        <ele>1741.6</ele>
        <time>2026-02-25T09:33:04Z</time>
      </trkpt>
      <trkpt lat="45.6553" lon="6.54087">
        <ele>1738.2</ele>
        <time>2026-02-25T09:33:06Z</time>
      </trkpt>
      <trkpt lat="45.65516" lon="6.54081">
        <ele>1743</ele>
        <time>2026-02-25T09:33:46Z</time>
      </trkpt>
      <trkpt lat="45.65523" lon="6.54053">
        <ele>1750.2</ele>
        <time>2026-02-25T09:34:32Z</time>
      </trkpt>
      <trkpt lat="45.65522" lon="6.54051">
        <ele>1749.4</ele>
        <time>2026-02-25T09:34:34Z</time>
      </trkpt>
      <trkpt lat="45.65523" lon="6.54051">
        <ele>1752.4</ele>
        <time>2026-02-25T09:34:38Z</time>
      </trkpt>
      <trkpt lat="45.65521" lon="6.54051">
        <ele>1751.8</ele>
        <time>2026-02-25T09:34:46Z</time>
      </trkpt>
      <trkpt lat="45.65512" lon="6.54057">
        <ele>1756.8</ele>
        <time>2026-02-25T09:35:18Z</time>
      </trkpt>
      <trkpt lat="45.65507" lon="6.54058">
        <ele>1757</ele>
        <time>2026-02-25T09:35:26Z</time>
      </trkpt>
      <trkpt lat="45.65506" lon="6.54057">
        <ele>1756.4</ele>
        <time>2026-02-25T09:35:34Z</time>
      </trkpt>
      <trkpt lat="45.65502" lon="6.54058">
        <ele>1758.2</ele>
        <time>2026-02-25T09:35:48Z</time>
      </trkpt>
      <trkpt lat="45.65501" lon="6.54054">
        <ele>1757.2</ele>
        <time>2026-02-25T09:35:52Z</time>
      </trkpt>
      <trkpt lat="45.65504" lon="6.54049">
        <ele>1759.2</ele>
        <time>2026-02-25T09:36:00Z</time>
      </trkpt>
      <trkpt lat="45.65505" lon="6.54044">
        <ele>1759.8</ele>
        <time>2026-02-25T09:36:08Z</time>
      </trkpt>
      <trkpt lat="45.65504" lon="6.54039">
        <ele>1761.8</ele>
        <time>2026-02-25T09:36:16Z</time>
      </trkpt>
      <trkpt lat="45.65505" lon="6.54038">
        <ele>1761.2</ele>
        <time>2026-02-25T09:36:17Z</time>
      </trkpt>
      <trkpt lat="45.65502" lon="6.54025">
        <ele>1764.6</ele>
        <time>2026-02-25T09:36:43Z</time>
      </trkpt>
      <trkpt lat="45.65503" lon="6.54024">
        <ele>1764.6</ele>
        <time>2026-02-25T09:36:44Z</time>
      </trkpt>
      <trkpt lat="45.65502" lon="6.54024">
        <ele>1763.6</ele>
        <time>2026-02-25T09:36:52Z</time>
      </trkpt>
      <trkpt lat="45.65503" lon="6.54022">
        <ele>1765.4</ele>
        <time>2026-02-25T09:37:00Z</time>
      </trkpt>
      <trkpt lat="45.6549" lon="6.54017">
        <ele>1769.8</ele>
        <time>2026-02-25T09:37:32Z</time>
      </trkpt>
      <trkpt lat="45.65482" lon="6.54016">
        <ele>1770.6</ele>
        <time>2026-02-25T09:37:44Z</time>
      </trkpt>
      <trkpt lat="45.65474" lon="6.54012">
        <ele>1771.8</ele>
        <time>2026-02-25T09:38:00Z</time>
      </trkpt>
      <trkpt lat="45.65473" lon="6.54013">
        <ele>1769</ele>
        <time>2026-02-25T09:38:03Z</time>
      </trkpt>
      <trkpt lat="45.65462" lon="6.54009">
        <ele>1773.8</ele>
        <time>2026-02-25T09:38:31Z</time>
      </trkpt>
      <trkpt lat="45.65456" lon="6.5401">
        <ele>1776</ele>
        <time>2026-02-25T09:38:43Z</time>
      </trkpt>
      <trkpt lat="45.6545" lon="6.54006">
        <ele>1778.8</ele>
        <time>2026-02-25T09:38:59Z</time>
      </trkpt>
      <trkpt lat="45.65447" lon="6.54006">
        <ele>1779.2</ele>
        <time>2026-02-25T09:39:11Z</time>
      </trkpt>
      <trkpt lat="45.65445" lon="6.54003">
        <ele>1780</ele>
        <time>2026-02-25T09:39:15Z</time>
      </trkpt>
      <trkpt lat="45.65445" lon="6.53992">
        <ele>1781.6</ele>
        <time>2026-02-25T09:39:31Z</time>
      </trkpt>
      <trkpt lat="45.65448" lon="6.53986">
        <ele>1784</ele>
        <time>2026-02-25T09:39:39Z</time>
      </trkpt>
      <trkpt lat="45.65451" lon="6.53984">
        <ele>1782.6</ele>
        <time>2026-02-25T09:39:47Z</time>
      </trkpt>
      <trkpt lat="45.65454" lon="6.53978">
        <ele>1784.8</ele>
        <time>2026-02-25T09:39:55Z</time>
      </trkpt>
      <trkpt lat="45.65462" lon="6.53975">
        <ele>1787.2</ele>
        <time>2026-02-25T09:40:19Z</time>
      </trkpt>
      <trkpt lat="45.65459" lon="6.53978">
        <ele>1787.6</ele>
        <time>2026-02-25T09:40:24Z</time>
      </trkpt>
      <trkpt lat="45.65459" lon="6.53977">
        <ele>1788</ele>
        <time>2026-02-25T09:40:25Z</time>
      </trkpt>
      <trkpt lat="45.65458" lon="6.53978">
        <ele>1788</ele>
        <time>2026-02-25T09:40:26Z</time>
      </trkpt>
      <trkpt lat="45.6545" lon="6.53974">
        <ele>1789.8</ele>
        <time>2026-02-25T09:40:42Z</time>
      </trkpt>
      <trkpt lat="45.65444" lon="6.53969">
        <ele>1790.6</ele>
        <time>2026-02-25T09:40:58Z</time>
      </trkpt>
      <trkpt lat="45.65438" lon="6.53967">
        <ele>1792.8</ele>
        <time>2026-02-25T09:41:11Z</time>
      </trkpt>
      <trkpt lat="45.65439" lon="6.53967">
        <ele>1793.8</ele>
        <time>2026-02-25T09:41:12Z</time>
      </trkpt>
      <trkpt lat="45.65437" lon="6.53967">
        <ele>1790.2</ele>
        <time>2026-02-25T09:41:20Z</time>
      </trkpt>
      <trkpt lat="45.65441" lon="6.53959">
        <ele>1793.8</ele>
        <time>2026-02-25T09:41:28Z</time>
      </trkpt>
      <trkpt lat="45.65456" lon="6.53947">
        <ele>1797.6</ele>
        <time>2026-02-25T09:41:54Z</time>
      </trkpt>
      <trkpt lat="45.65459" lon="6.53935">
        <ele>1799.4</ele>
        <time>2026-02-25T09:42:18Z</time>
      </trkpt>
      <trkpt lat="45.65458" lon="6.53936">
        <ele>1801.4</ele>
        <time>2026-02-25T09:42:26Z</time>
      </trkpt>
      <trkpt lat="45.6545" lon="6.53931">
        <ele>1803.2</ele>
        <time>2026-02-25T09:42:50Z</time>
      </trkpt>
      <trkpt lat="45.65449" lon="6.53932">
        <ele>1802.6</ele>
        <time>2026-02-25T09:42:54Z</time>
      </trkpt>
      <trkpt lat="45.65447" lon="6.53931">
        <ele>1805.4</ele>
        <time>2026-02-25T09:42:57Z</time>
      </trkpt>
      <trkpt lat="45.65447" lon="6.53932">
        <ele>1804</ele>
        <time>2026-02-25T09:43:05Z</time>
      </trkpt>
      <trkpt lat="45.65439" lon="6.53925">
        <ele>1807</ele>
        <time>2026-02-25T09:43:21Z</time>
      </trkpt>
      <trkpt lat="45.65434" lon="6.53926">
        <ele>1810</ele>
        <time>2026-02-25T09:43:37Z</time>
      </trkpt>
      <trkpt lat="45.65413" lon="6.53945">
        <ele>1812.4</ele>
        <time>2026-02-25T09:44:29Z</time>
      </trkpt>
      <trkpt lat="45.6541" lon="6.53945">
        <ele>1815.4</ele>
        <time>2026-02-25T09:44:33Z</time>
      </trkpt>
      <trkpt lat="45.6541" lon="6.53946">
        <ele>1815.4</ele>
        <time>2026-02-25T09:44:34Z</time>
      </trkpt>
      <trkpt lat="45.6541" lon="6.53945">
        <ele>1815.4</ele>
        <time>2026-02-25T09:44:35Z</time>
      </trkpt>
      <trkpt lat="45.65401" lon="6.53949">
        <ele>1813.2</ele>
        <time>2026-02-25T09:44:55Z</time>
      </trkpt>
      <trkpt lat="45.65397" lon="6.53948">
        <ele>1817.6</ele>
        <time>2026-02-25T09:45:03Z</time>
      </trkpt>
      <trkpt lat="45.65388" lon="6.53953">
        <ele>1817.4</ele>
        <time>2026-02-25T09:45:19Z</time>
      </trkpt>
      <trkpt lat="45.6538" lon="6.53961">
        <ele>1821.2</ele>
        <time>2026-02-25T09:45:43Z</time>
      </trkpt>
      <trkpt lat="45.65379" lon="6.53956">
        <ele>1820</ele>
        <time>2026-02-25T09:45:49Z</time>
      </trkpt>
      <trkpt lat="45.6538" lon="6.53952">
        <ele>1819.6</ele>
        <time>2026-02-25T09:45:53Z</time>
      </trkpt>
      <trkpt lat="45.65378" lon="6.53946">
        <ele>1820</ele>
        <time>2026-02-25T09:46:01Z</time>
      </trkpt>
      <trkpt lat="45.65379" lon="6.53938">
        <ele>1821.8</ele>
        <time>2026-02-25T09:46:09Z</time>
      </trkpt>
      <trkpt lat="45.65378" lon="6.53936">
        <ele>1823.2</ele>
        <time>2026-02-25T09:46:17Z</time>
      </trkpt>
      <trkpt lat="45.65377" lon="6.53939">
        <ele>1823.4</ele>
        <time>2026-02-25T09:46:25Z</time>
      </trkpt>
      <trkpt lat="45.65362" lon="6.53951">
        <ele>1829</ele>
        <time>2026-02-25T09:46:59Z</time>
      </trkpt>
      <trkpt lat="45.6536" lon="6.5395">
        <ele>1825</ele>
        <time>2026-02-25T09:47:03Z</time>
      </trkpt>
      <trkpt lat="45.65359" lon="6.53935">
        <ele>1831.2</ele>
        <time>2026-02-25T09:47:27Z</time>
      </trkpt>
      <trkpt lat="45.65353" lon="6.53943">
        <ele>1833.8</ele>
        <time>2026-02-25T09:47:59Z</time>
      </trkpt>
      <trkpt lat="45.65354" lon="6.53935">
        <ele>1830.8</ele>
        <time>2026-02-25T09:48:11Z</time>
      </trkpt>
      <trkpt lat="45.65352" lon="6.53929">
        <ele>1835.6</ele>
        <time>2026-02-25T09:48:19Z</time>
      </trkpt>
      <trkpt lat="45.65357" lon="6.5392">
        <ele>1836.6</ele>
        <time>2026-02-25T09:48:35Z</time>
      </trkpt>
      <trkpt lat="45.65355" lon="6.53923">
        <ele>1834.4</ele>
        <time>2026-02-25T09:48:47Z</time>
      </trkpt>
      <trkpt lat="45.6535" lon="6.53926">
        <ele>1836</ele>
        <time>2026-02-25T09:48:55Z</time>
      </trkpt>
      <trkpt lat="45.65347" lon="6.53931">
        <ele>1838.8</ele>
        <time>2026-02-25T09:49:03Z</time>
      </trkpt>
      <trkpt lat="45.6534" lon="6.53934">
        <ele>1840.6</ele>
        <time>2026-02-25T09:49:19Z</time>
      </trkpt>
      <trkpt lat="45.65336" lon="6.53933">
        <ele>1840</ele>
        <time>2026-02-25T09:49:35Z</time>
      </trkpt>
      <trkpt lat="45.65333" lon="6.53934">
        <ele>1845.2</ele>
        <time>2026-02-25T09:49:43Z</time>
      </trkpt>
      <trkpt lat="45.65325" lon="6.53923">
        <ele>1846.6</ele>
        <time>2026-02-25T09:50:31Z</time>
      </trkpt>
      <trkpt lat="45.65322" lon="6.53903">
        <ele>1849.4</ele>
        <time>2026-02-25T09:51:03Z</time>
      </trkpt>
      <trkpt lat="45.65319" lon="6.53897">
        <ele>1851.2</ele>
        <time>2026-02-25T09:51:19Z</time>
      </trkpt>
      <trkpt lat="45.65319" lon="6.53899">
        <ele>1848.6</ele>
        <time>2026-02-25T09:51:22Z</time>
      </trkpt>
      <trkpt lat="45.65319" lon="6.53898">
        <ele>1848.6</ele>
        <time>2026-02-25T09:51:23Z</time>
      </trkpt>
      <trkpt lat="45.65314" lon="6.5391">
        <ele>1853</ele>
        <time>2026-02-25T09:51:55Z</time>
      </trkpt>
      <trkpt lat="45.65307" lon="6.53897">
        <ele>1854</ele>
        <time>2026-02-25T09:52:19Z</time>
      </trkpt>
      <trkpt lat="45.65304" lon="6.53886">
        <ele>1858.6</ele>
        <time>2026-02-25T09:52:46Z</time>
      </trkpt>
      <trkpt lat="45.653" lon="6.53894">
        <ele>1859.2</ele>
        <time>2026-02-25T09:53:02Z</time>
      </trkpt>
      <trkpt lat="45.65292" lon="6.53902">
        <ele>1861.2</ele>
        <time>2026-02-25T09:53:18Z</time>
      </trkpt>
      <trkpt lat="45.65277" lon="6.53901">
        <ele>1866.8</ele>
        <time>2026-02-25T09:53:50Z</time>
      </trkpt>
      <trkpt lat="45.65267" lon="6.53898">
        <ele>1866.6</ele>
        <time>2026-02-25T09:54:06Z</time>
      </trkpt>
      <trkpt lat="45.65259" lon="6.5389">
        <ele>1871.2</ele>
        <time>2026-02-25T09:54:40Z</time>
      </trkpt>
      <trkpt lat="45.65259" lon="6.53883">
        <ele>1872</ele>
        <time>2026-02-25T09:54:49Z</time>
      </trkpt>
      <trkpt lat="45.65258" lon="6.53883">
        <ele>1870.8</ele>
        <time>2026-02-25T09:54:53Z</time>
      </trkpt>
      <trkpt lat="45.65259" lon="6.5388">
        <ele>1871.8</ele>
        <time>2026-02-25T09:54:56Z</time>
      </trkpt>
      <trkpt lat="45.65259" lon="6.53882">
        <ele>1871.4</ele>
        <time>2026-02-25T09:54:57Z</time>
      </trkpt>
      <trkpt lat="45.65255" lon="6.53881">
        <ele>1873.2</ele>
        <time>2026-02-25T09:55:05Z</time>
      </trkpt>
      <trkpt lat="45.65253" lon="6.53884">
        <ele>1872.8</ele>
        <time>2026-02-25T09:55:13Z</time>
      </trkpt>
      <trkpt lat="45.65251" lon="6.53883">
        <ele>1875.6</ele>
        <time>2026-02-25T09:55:17Z</time>
      </trkpt>
      <trkpt lat="45.65246" lon="6.53887">
        <ele>1877.6</ele>
        <time>2026-02-25T09:55:33Z</time>
      </trkpt>
      <trkpt lat="45.65242" lon="6.53896">
        <ele>1876.4</ele>
        <time>2026-02-25T09:55:45Z</time>
      </trkpt>
      <trkpt lat="45.65234" lon="6.53904">
        <ele>1879.4</ele>
        <time>2026-02-25T09:56:06Z</time>
      </trkpt>
      <trkpt lat="45.65235" lon="6.53904">
        <ele>1880.4</ele>
        <time>2026-02-25T09:56:08Z</time>
      </trkpt>
      <trkpt lat="45.65231" lon="6.53893">
        <ele>1881.8</ele>
        <time>2026-02-25T09:56:24Z</time>
      </trkpt>
      <trkpt lat="45.65225" lon="6.53899">
        <ele>1884</ele>
        <time>2026-02-25T09:56:48Z</time>
      </trkpt>
      <trkpt lat="45.65223" lon="6.53893">
        <ele>1884</ele>
        <time>2026-02-25T09:56:58Z</time>
      </trkpt>
      <trkpt lat="45.65224" lon="6.53891">
        <ele>1885</ele>
        <time>2026-02-25T09:57:00Z</time>
      </trkpt>
      <trkpt lat="45.65222" lon="6.53884">
        <ele>1887</ele>
        <time>2026-02-25T09:57:16Z</time>
      </trkpt>
      <trkpt lat="45.65222" lon="6.53889">
        <ele>1888</ele>
        <time>2026-02-25T09:57:24Z</time>
      </trkpt>
      <trkpt lat="45.6522" lon="6.53891">
        <ele>1885.4</ele>
        <time>2026-02-25T09:57:30Z</time>
      </trkpt>
      <trkpt lat="45.65221" lon="6.53892">
        <ele>1885.4</ele>
        <time>2026-02-25T09:57:31Z</time>
      </trkpt>
      <trkpt lat="45.65219" lon="6.53893">
        <ele>1888.2</ele>
        <time>2026-02-25T09:57:35Z</time>
      </trkpt>
      <trkpt lat="45.65219" lon="6.53895">
        <ele>1889</ele>
        <time>2026-02-25T09:57:39Z</time>
      </trkpt>
      <trkpt lat="45.65213" lon="6.53897">
        <ele>1890.8</ele>
        <time>2026-02-25T09:57:55Z</time>
      </trkpt>
      <trkpt lat="45.6521" lon="6.5388">
        <ele>1894.2</ele>
        <time>2026-02-25T09:58:17Z</time>
      </trkpt>
      <trkpt lat="45.65209" lon="6.53881">
        <ele>1894.2</ele>
        <time>2026-02-25T09:58:18Z</time>
      </trkpt>
      <trkpt lat="45.6521" lon="6.53877">
        <ele>1892.6</ele>
        <time>2026-02-25T09:58:22Z</time>
      </trkpt>
      <trkpt lat="45.65208" lon="6.53869">
        <ele>1895</ele>
        <time>2026-02-25T09:58:38Z</time>
      </trkpt>
      <trkpt lat="45.65207" lon="6.53876">
        <ele>1895.4</ele>
        <time>2026-02-25T09:58:46Z</time>
      </trkpt>
      <trkpt lat="45.65205" lon="6.53877">
        <ele>1895.8</ele>
        <time>2026-02-25T09:58:54Z</time>
      </trkpt>
      <trkpt lat="45.65201" lon="6.53875">
        <ele>1897</ele>
        <time>2026-02-25T09:59:02Z</time>
      </trkpt>
      <trkpt lat="45.65198" lon="6.53876">
        <ele>1899</ele>
        <time>2026-02-25T09:59:08Z</time>
      </trkpt>
      <trkpt lat="45.65199" lon="6.53876">
        <ele>1896.8</ele>
        <time>2026-02-25T09:59:09Z</time>
      </trkpt>
      <trkpt lat="45.65195" lon="6.53877">
        <ele>1897.6</ele>
        <time>2026-02-25T09:59:17Z</time>
      </trkpt>
      <trkpt lat="45.65197" lon="6.53872">
        <ele>1899</ele>
        <time>2026-02-25T09:59:25Z</time>
      </trkpt>
      <trkpt lat="45.65197" lon="6.53867">
        <ele>1901.4</ele>
        <time>2026-02-25T09:59:33Z</time>
      </trkpt>
      <trkpt lat="45.65201" lon="6.53861">
        <ele>1903.4</ele>
        <time>2026-02-25T09:59:58Z</time>
      </trkpt>
      <trkpt lat="45.652" lon="6.53862">
        <ele>1903.4</ele>
        <time>2026-02-25T09:59:59Z</time>
      </trkpt>
      <trkpt lat="45.652" lon="6.53861">
        <ele>1903</ele>
        <time>2026-02-25T10:00:00Z</time>
      </trkpt>
      <trkpt lat="45.65199" lon="6.53862">
        <ele>1903.2</ele>
        <time>2026-02-25T10:00:01Z</time>
      </trkpt>
      <trkpt lat="45.65198" lon="6.53861">
        <ele>1903.2</ele>
        <time>2026-02-25T10:00:03Z</time>
      </trkpt>
      <trkpt lat="45.65194" lon="6.53863">
        <ele>1902.4</ele>
        <time>2026-02-25T10:00:09Z</time>
      </trkpt>
      <trkpt lat="45.65192" lon="6.53862">
        <ele>1901.6</ele>
        <time>2026-02-25T10:00:13Z</time>
      </trkpt>
      <trkpt lat="45.6519" lon="6.53863">
        <ele>1903.4</ele>
        <time>2026-02-25T10:00:17Z</time>
      </trkpt>
      <trkpt lat="45.65188" lon="6.53862">
        <ele>1905.8</ele>
        <time>2026-02-25T10:00:21Z</time>
      </trkpt>
      <trkpt lat="45.65185" lon="6.53863">
        <ele>1906</ele>
        <time>2026-02-25T10:00:29Z</time>
      </trkpt>
      <trkpt lat="45.65183" lon="6.53862">
        <ele>1906.6</ele>
        <time>2026-02-25T10:00:32Z</time>
      </trkpt>
      <trkpt lat="45.65181" lon="6.53864">
        <ele>1906</ele>
        <time>2026-02-25T10:00:36Z</time>
      </trkpt>
      <trkpt lat="45.65178" lon="6.53861">
        <ele>1907.8</ele>
        <time>2026-02-25T10:00:41Z</time>
      </trkpt>
      <trkpt lat="45.65177" lon="6.53862">
        <ele>1907.8</ele>
        <time>2026-02-25T10:00:42Z</time>
      </trkpt>
      <trkpt lat="45.65176" lon="6.53858">
        <ele>1909.6</ele>
        <time>2026-02-25T10:00:58Z</time>
      </trkpt>
      <trkpt lat="45.65179" lon="6.5385">
        <ele>1908.2</ele>
        <time>2026-02-25T10:01:14Z</time>
      </trkpt>
      <trkpt lat="45.65175" lon="6.53849">
        <ele>1911</ele>
        <time>2026-02-25T10:01:20Z</time>
      </trkpt>
      <trkpt lat="45.65175" lon="6.5385">
        <ele>1910.6</ele>
        <time>2026-02-25T10:01:22Z</time>
      </trkpt>
      <trkpt lat="45.65174" lon="6.53849">
        <ele>1910.6</ele>
        <time>2026-02-25T10:01:24Z</time>
      </trkpt>
      <trkpt lat="45.65174" lon="6.5385">
        <ele>1908.4</ele>
        <time>2026-02-25T10:01:25Z</time>
      </trkpt>
      <trkpt lat="45.6517" lon="6.53849">
        <ele>1912</ele>
        <time>2026-02-25T10:01:33Z</time>
      </trkpt>
      <trkpt lat="45.65168" lon="6.5385">
        <ele>1912</ele>
        <time>2026-02-25T10:01:35Z</time>
      </trkpt>
      <trkpt lat="45.65162" lon="6.53848">
        <ele>1914.2</ele>
        <time>2026-02-25T10:01:51Z</time>
      </trkpt>
      <trkpt lat="45.65155" lon="6.53833">
        <ele>1917</ele>
        <time>2026-02-25T10:02:23Z</time>
      </trkpt>
      <trkpt lat="45.65149" lon="6.5383">
        <ele>1920.8</ele>
        <time>2026-02-25T10:02:40Z</time>
      </trkpt>
      <trkpt lat="45.65148" lon="6.53833">
        <ele>1921.4</ele>
        <time>2026-02-25T10:02:48Z</time>
      </trkpt>
      <trkpt lat="45.6514" lon="6.53841">
        <ele>1924.6</ele>
        <time>2026-02-25T10:03:13Z</time>
      </trkpt>
      <trkpt lat="45.65141" lon="6.53841">
        <ele>1927</ele>
        <time>2026-02-25T10:03:17Z</time>
      </trkpt>
      <trkpt lat="45.65136" lon="6.5385">
        <ele>1929.4</ele>
        <time>2026-02-25T10:03:41Z</time>
      </trkpt>
      <trkpt lat="45.65129" lon="6.53855">
        <ele>1930.8</ele>
        <time>2026-02-25T10:03:54Z</time>
      </trkpt>
      <trkpt lat="45.65125" lon="6.53844">
        <ele>1932.4</ele>
        <time>2026-02-25T10:04:12Z</time>
      </trkpt>
      <trkpt lat="45.65126" lon="6.53841">
        <ele>1931.2</ele>
        <time>2026-02-25T10:04:16Z</time>
      </trkpt>
      <trkpt lat="45.65125" lon="6.53838">
        <ele>1933.2</ele>
        <time>2026-02-25T10:04:19Z</time>
      </trkpt>
      <trkpt lat="45.65126" lon="6.53835">
        <ele>1933.8</ele>
        <time>2026-02-25T10:04:23Z</time>
      </trkpt>
      <trkpt lat="45.65124" lon="6.53832">
        <ele>1933.6</ele>
        <time>2026-02-25T10:04:27Z</time>
      </trkpt>
      <trkpt lat="45.65125" lon="6.53831">
        <ele>1932.6</ele>
        <time>2026-02-25T10:04:28Z</time>
      </trkpt>
      <trkpt lat="45.65123" lon="6.53824">
        <ele>1934</ele>
        <time>2026-02-25T10:04:38Z</time>
      </trkpt>
      <trkpt lat="45.65124" lon="6.53824">
        <ele>1934</ele>
        <time>2026-02-25T10:04:40Z</time>
      </trkpt>
      <trkpt lat="45.65123" lon="6.53824">
        <ele>1934.6</ele>
        <time>2026-02-25T10:04:44Z</time>
      </trkpt>
      <trkpt lat="45.65124" lon="6.53826">
        <ele>1934</ele>
        <time>2026-02-25T10:04:47Z</time>
      </trkpt>
      <trkpt lat="45.65116" lon="6.53843">
        <ele>1935.6</ele>
        <time>2026-02-25T10:05:11Z</time>
      </trkpt>
      <trkpt lat="45.65114" lon="6.5384">
        <ele>1935.4</ele>
        <time>2026-02-25T10:05:18Z</time>
      </trkpt>
      <trkpt lat="45.65115" lon="6.53836">
        <ele>1935.6</ele>
        <time>2026-02-25T10:05:22Z</time>
      </trkpt>
      <trkpt lat="45.65113" lon="6.53826">
        <ele>1938.6</ele>
        <time>2026-02-25T10:05:34Z</time>
      </trkpt>
      <trkpt lat="45.65114" lon="6.53824">
        <ele>1938.4</ele>
        <time>2026-02-25T10:05:36Z</time>
      </trkpt>
      <trkpt lat="45.65113" lon="6.53822">
        <ele>1935.6</ele>
        <time>2026-02-25T10:05:38Z</time>
      </trkpt>
      <trkpt lat="45.65114" lon="6.5382">
        <ele>1939</ele>
        <time>2026-02-25T10:05:42Z</time>
      </trkpt>
      <trkpt lat="45.65113" lon="6.53817">
        <ele>1938.6</ele>
        <time>2026-02-25T10:05:46Z</time>
      </trkpt>
      <trkpt lat="45.65114" lon="6.53812">
        <ele>1938.8</ele>
        <time>2026-02-25T10:05:54Z</time>
      </trkpt>
      <trkpt lat="45.65114" lon="6.53816">
        <ele>1940.4</ele>
        <time>2026-02-25T10:05:58Z</time>
      </trkpt>
      <trkpt lat="45.65112" lon="6.53817">
        <ele>1939.8</ele>
        <time>2026-02-25T10:06:00Z</time>
      </trkpt>
      <trkpt lat="45.65111" lon="6.53823">
        <ele>1940.6</ele>
        <time>2026-02-25T10:06:08Z</time>
      </trkpt>
      <trkpt lat="45.65104" lon="6.53832">
        <ele>1941</ele>
        <time>2026-02-25T10:06:24Z</time>
      </trkpt>
      <trkpt lat="45.651" lon="6.53832">
        <ele>1941.6</ele>
        <time>2026-02-25T10:06:32Z</time>
      </trkpt>
      <trkpt lat="45.651" lon="6.53828">
        <ele>1943.8</ele>
        <time>2026-02-25T10:13:51Z</time>
      </trkpt>
      <trkpt lat="45.65092" lon="6.53826">
        <ele>1942.2</ele>
        <time>2026-02-25T10:14:55Z</time>
      </trkpt>
      <trkpt lat="45.65076" lon="6.53816">
        <ele>1941.8</ele>
        <time>2026-02-25T10:15:15Z</time>
      </trkpt>
      <trkpt lat="45.65071" lon="6.53803">
        <ele>1942.6</ele>
        <time>2026-02-25T10:15:47Z</time>
      </trkpt>
      <trkpt lat="45.65058" lon="6.53797">
        <ele>1940</ele>
        <time>2026-02-25T10:16:05Z</time>
      </trkpt>
      <trkpt lat="45.65054" lon="6.53798">
        <ele>1940</ele>
        <time>2026-02-25T10:16:07Z</time>
      </trkpt>
      <trkpt lat="45.65052" lon="6.53797">
        <ele>1940.2</ele>
        <time>2026-02-25T10:16:09Z</time>
      </trkpt>
      <trkpt lat="45.65053" lon="6.53797">
        <ele>1940.2</ele>
        <time>2026-02-25T10:16:10Z</time>
      </trkpt>
      <trkpt lat="45.65046" lon="6.53797">
        <ele>1939.6</ele>
        <time>2026-02-25T10:16:18Z</time>
      </trkpt>
      <trkpt lat="45.65037" lon="6.53789">
        <ele>1938.6</ele>
        <time>2026-02-25T10:16:40Z</time>
      </trkpt>
      <trkpt lat="45.65017" lon="6.53784">
        <ele>1934.2</ele>
        <time>2026-02-25T10:16:56Z</time>
      </trkpt>
      <trkpt lat="45.65009" lon="6.53785">
        <ele>1932.8</ele>
        <time>2026-02-25T10:17:04Z</time>
      </trkpt>
      <trkpt lat="45.65009" lon="6.53784">
        <ele>1933</ele>
        <time>2026-02-25T10:17:06Z</time>
      </trkpt>
      <trkpt lat="45.64997" lon="6.53785">
        <ele>1931.2</ele>
        <time>2026-02-25T10:17:18Z</time>
      </trkpt>
      <trkpt lat="45.64989" lon="6.53782">
        <ele>1932</ele>
        <time>2026-02-25T10:17:30Z</time>
      </trkpt>
      <trkpt lat="45.64985" lon="6.53782">
        <ele>1932.6</ele>
        <time>2026-02-25T10:18:02Z</time>
      </trkpt>
      <trkpt lat="45.64977" lon="6.53777">
        <ele>1933.2</ele>
        <time>2026-02-25T10:18:14Z</time>
      </trkpt>
      <trkpt lat="45.64976" lon="6.53778">
        <ele>1933.2</ele>
        <time>2026-02-25T10:18:15Z</time>
      </trkpt>
      <trkpt lat="45.6495" lon="6.53763">
        <ele>1934.4</ele>
        <time>2026-02-25T10:18:55Z</time>
      </trkpt>
      <trkpt lat="45.64912" lon="6.5375">
        <ele>1936.2</ele>
        <time>2026-02-25T10:19:43Z</time>
      </trkpt>
      <trkpt lat="45.64906" lon="6.53744">
        <ele>1936.2</ele>
        <time>2026-02-25T10:19:59Z</time>
      </trkpt>
      <trkpt lat="45.64903" lon="6.53743">
        <ele>1937.4</ele>
        <time>2026-02-25T10:20:07Z</time>
      </trkpt>
      <trkpt lat="45.64899" lon="6.53744">
        <ele>1935.4</ele>
        <time>2026-02-25T10:20:09Z</time>
      </trkpt>
      <trkpt lat="45.64893" lon="6.53741">
        <ele>1936.4</ele>
        <time>2026-02-25T10:20:16Z</time>
      </trkpt>
      <trkpt lat="45.64891" lon="6.53742">
        <ele>1937</ele>
        <time>2026-02-25T10:20:17Z</time>
      </trkpt>
      <trkpt lat="45.64887" lon="6.53737">
        <ele>1937.2</ele>
        <time>2026-02-25T10:20:25Z</time>
      </trkpt>
      <trkpt lat="45.64875" lon="6.5373">
        <ele>1937.4</ele>
        <time>2026-02-25T10:20:41Z</time>
      </trkpt>
      <trkpt lat="45.6486" lon="6.53715">
        <ele>1938</ele>
        <time>2026-02-25T10:21:07Z</time>
      </trkpt>
      <trkpt lat="45.64849" lon="6.53711">
        <ele>1939.8</ele>
        <time>2026-02-25T10:21:23Z</time>
      </trkpt>
      <trkpt lat="45.64838" lon="6.53709">
        <ele>1940.2</ele>
        <time>2026-02-25T10:21:39Z</time>
      </trkpt>
      <trkpt lat="45.64801" lon="6.53695">
        <ele>1942</ele>
        <time>2026-02-25T10:22:27Z</time>
      </trkpt>
      <trkpt lat="45.64799" lon="6.53693">
        <ele>1942.4</ele>
        <time>2026-02-25T10:22:31Z</time>
      </trkpt>
      <trkpt lat="45.64796" lon="6.53693">
        <ele>1942.6</ele>
        <time>2026-02-25T10:22:35Z</time>
      </trkpt>
      <trkpt lat="45.64795" lon="6.53691">
        <ele>1941.6</ele>
        <time>2026-02-25T10:22:39Z</time>
      </trkpt>
      <trkpt lat="45.64789" lon="6.5369">
        <ele>1943.6</ele>
        <time>2026-02-25T10:22:47Z</time>
      </trkpt>
      <trkpt lat="45.64777" lon="6.53683">
        <ele>1943.6</ele>
        <time>2026-02-25T10:23:03Z</time>
      </trkpt>
      <trkpt lat="45.64767" lon="6.53674">
        <ele>1943.4</ele>
        <time>2026-02-25T10:23:19Z</time>
      </trkpt>
      <trkpt lat="45.64751" lon="6.53667">
        <ele>1943.4</ele>
        <time>2026-02-25T10:23:35Z</time>
      </trkpt>
      <trkpt lat="45.64749" lon="6.53662">
        <ele>1942.4</ele>
        <time>2026-02-25T10:23:41Z</time>
      </trkpt>
      <trkpt lat="45.64746" lon="6.5366">
        <ele>1942.4</ele>
        <time>2026-02-25T10:23:44Z</time>
      </trkpt>
      <trkpt lat="45.64747" lon="6.53659">
        <ele>1942.8</ele>
        <time>2026-02-25T10:23:45Z</time>
      </trkpt>
      <trkpt lat="45.64742" lon="6.53654">
        <ele>1943.2</ele>
        <time>2026-02-25T10:23:51Z</time>
      </trkpt>
      <trkpt lat="45.64736" lon="6.53641">
        <ele>1942.2</ele>
        <time>2026-02-25T10:24:07Z</time>
      </trkpt>
      <trkpt lat="45.64735" lon="6.53633">
        <ele>1942.8</ele>
        <time>2026-02-25T10:24:15Z</time>
      </trkpt>
      <trkpt lat="45.64729" lon="6.53623">
        <ele>1943.4</ele>
        <time>2026-02-25T10:24:28Z</time>
      </trkpt>
      <trkpt lat="45.6473" lon="6.53622">
        <ele>1943.4</ele>
        <time>2026-02-25T10:24:29Z</time>
      </trkpt>
      <trkpt lat="45.64725" lon="6.53617">
        <ele>1942.8</ele>
        <time>2026-02-25T10:24:37Z</time>
      </trkpt>
      <trkpt lat="45.64718" lon="6.53617">
        <ele>1941.4</ele>
        <time>2026-02-25T10:24:45Z</time>
      </trkpt>
      <trkpt lat="45.64717" lon="6.53619">
        <ele>1941.4</ele>
        <time>2026-02-25T10:24:47Z</time>
      </trkpt>
      <trkpt lat="45.64716" lon="6.53618">
        <ele>1941.4</ele>
        <time>2026-02-25T10:24:48Z</time>
      </trkpt>
      <trkpt lat="45.64715" lon="6.53619">
        <ele>1941.8</ele>
        <time>2026-02-25T10:24:50Z</time>
      </trkpt>
      <trkpt lat="45.64714" lon="6.53618">
        <ele>1941.2</ele>
        <time>2026-02-25T10:24:54Z</time>
      </trkpt>
      <trkpt lat="45.64707" lon="6.53622">
        <ele>1940</ele>
        <time>2026-02-25T10:25:02Z</time>
      </trkpt>
      <trkpt lat="45.64701" lon="6.53623">
        <ele>1938.4</ele>
        <time>2026-02-25T10:25:18Z</time>
      </trkpt>
      <trkpt lat="45.64699" lon="6.53626">
        <ele>1938.6</ele>
        <time>2026-02-25T10:25:27Z</time>
      </trkpt>
      <trkpt lat="45.64702" lon="6.53637">
        <ele>1937</ele>
        <time>2026-02-25T10:25:35Z</time>
      </trkpt>
      <trkpt lat="45.64715" lon="6.53649">
        <ele>1933.6</ele>
        <time>2026-02-25T10:25:43Z</time>
      </trkpt>
      <trkpt lat="45.64714" lon="6.53661">
        <ele>1932.4</ele>
        <time>2026-02-25T10:25:49Z</time>
      </trkpt>
      <trkpt lat="45.64706" lon="6.5367">
        <ele>1931.2</ele>
        <time>2026-02-25T10:26:01Z</time>
      </trkpt>
      <trkpt lat="45.64692" lon="6.53668">
        <ele>1928.4</ele>
        <time>2026-02-25T10:26:09Z</time>
      </trkpt>
      <trkpt lat="45.64683" lon="6.53663">
        <ele>1927.4</ele>
        <time>2026-02-25T10:26:21Z</time>
      </trkpt>
      <trkpt lat="45.64682" lon="6.53664">
        <ele>1927.4</ele>
        <time>2026-02-25T10:26:22Z</time>
      </trkpt>
      <trkpt lat="45.64675" lon="6.53662">
        <ele>1928.8</ele>
        <time>2026-02-25T10:26:31Z</time>
      </trkpt>
      <trkpt lat="45.64675" lon="6.53663">
        <ele>1927.8</ele>
        <time>2026-02-25T10:26:32Z</time>
      </trkpt>
      <trkpt lat="45.64667" lon="6.5366">
        <ele>1928.6</ele>
        <time>2026-02-25T10:26:40Z</time>
      </trkpt>
      <trkpt lat="45.64663" lon="6.53662">
        <ele>1928.4</ele>
        <time>2026-02-25T10:26:46Z</time>
      </trkpt>
      <trkpt lat="45.64659" lon="6.5366">
        <ele>1929.6</ele>
        <time>2026-02-25T10:26:51Z</time>
      </trkpt>
      <trkpt lat="45.64658" lon="6.53661">
        <ele>1929.6</ele>
        <time>2026-02-25T10:26:52Z</time>
      </trkpt>
      <trkpt lat="45.64649" lon="6.53658">
        <ele>1930.8</ele>
        <time>2026-02-25T10:27:04Z</time>
      </trkpt>
      <trkpt lat="45.64647" lon="6.53659">
        <ele>1929.8</ele>
        <time>2026-02-25T10:27:06Z</time>
      </trkpt>
      <trkpt lat="45.64635" lon="6.53656">
        <ele>1931.2</ele>
        <time>2026-02-25T10:27:22Z</time>
      </trkpt>
      <trkpt lat="45.64633" lon="6.53654">
        <ele>1931.2</ele>
        <time>2026-02-25T10:27:25Z</time>
      </trkpt>
      <trkpt lat="45.64632" lon="6.53655">
        <ele>1931.2</ele>
        <time>2026-02-25T10:27:26Z</time>
      </trkpt>
      <trkpt lat="45.64628" lon="6.53654">
        <ele>1931.2</ele>
        <time>2026-02-25T10:27:30Z</time>
      </trkpt>
      <trkpt lat="45.64626" lon="6.53655">
        <ele>1930.6</ele>
        <time>2026-02-25T10:27:34Z</time>
      </trkpt>
      <trkpt lat="45.64626" lon="6.53654">
        <ele>1930.6</ele>
        <time>2026-02-25T10:27:35Z</time>
      </trkpt>
      <trkpt lat="45.64624" lon="6.53655">
        <ele>1931.2</ele>
        <time>2026-02-25T10:27:37Z</time>
      </trkpt>
      <trkpt lat="45.64623" lon="6.53654">
        <ele>1931.2</ele>
        <time>2026-02-25T10:27:39Z</time>
      </trkpt>
      <trkpt lat="45.64623" lon="6.53655">
        <ele>1931.6</ele>
        <time>2026-02-25T10:27:41Z</time>
      </trkpt>
      <trkpt lat="45.64622" lon="6.53654">
        <ele>1931.6</ele>
        <time>2026-02-25T10:27:43Z</time>
      </trkpt>
      <trkpt lat="45.6462" lon="6.53656">
        <ele>1931</ele>
        <time>2026-02-25T10:27:47Z</time>
      </trkpt>
      <trkpt lat="45.64615" lon="6.53654">
        <ele>1934</ele>
        <time>2026-02-25T10:27:55Z</time>
      </trkpt>
      <trkpt lat="45.64612" lon="6.53655">
        <ele>1933.6</ele>
        <time>2026-02-25T10:28:02Z</time>
      </trkpt>
      <trkpt lat="45.64608" lon="6.53652">
        <ele>1934.2</ele>
        <time>2026-02-25T10:28:07Z</time>
      </trkpt>
      <trkpt lat="45.64605" lon="6.53653">
        <ele>1934.2</ele>
        <time>2026-02-25T10:28:11Z</time>
      </trkpt>
      <trkpt lat="45.64602" lon="6.5365">
        <ele>1934.2</ele>
        <time>2026-02-25T10:28:15Z</time>
      </trkpt>
      <trkpt lat="45.64598" lon="6.53651">
        <ele>1935</ele>
        <time>2026-02-25T10:28:19Z</time>
      </trkpt>
      <trkpt lat="45.6459" lon="6.53649">
        <ele>1936.4</ele>
        <time>2026-02-25T10:28:31Z</time>
      </trkpt>
      <trkpt lat="45.64589" lon="6.5365">
        <ele>1936.2</ele>
        <time>2026-02-25T10:28:33Z</time>
      </trkpt>
      <trkpt lat="45.64582" lon="6.53648">
        <ele>1936.2</ele>
        <time>2026-02-25T10:28:43Z</time>
      </trkpt>
      <trkpt lat="45.6458" lon="6.53649">
        <ele>1936.6</ele>
        <time>2026-02-25T10:28:45Z</time>
      </trkpt>
      <trkpt lat="45.64579" lon="6.53648">
        <ele>1936.6</ele>
        <time>2026-02-25T10:28:46Z</time>
      </trkpt>
      <trkpt lat="45.6458" lon="6.53648">
        <ele>1937.4</ele>
        <time>2026-02-25T10:28:54Z</time>
      </trkpt>
      <trkpt lat="45.64568" lon="6.53643">
        <ele>1938</ele>
        <time>2026-02-25T10:29:10Z</time>
      </trkpt>
      <trkpt lat="45.64563" lon="6.53644">
        <ele>1939.8</ele>
        <time>2026-02-25T10:29:18Z</time>
      </trkpt>
      <trkpt lat="45.64561" lon="6.53643">
        <ele>1939.8</ele>
        <time>2026-02-25T10:29:20Z</time>
      </trkpt>
      <trkpt lat="45.6456" lon="6.53644">
        <ele>1939.8</ele>
        <time>2026-02-25T10:29:22Z</time>
      </trkpt>
      <trkpt lat="45.64545" lon="6.5364">
        <ele>1940.6</ele>
        <time>2026-02-25T10:29:40Z</time>
      </trkpt>
      <trkpt lat="45.64544" lon="6.53641">
        <ele>1940.6</ele>
        <time>2026-02-25T10:29:42Z</time>
      </trkpt>
      <trkpt lat="45.6454" lon="6.53637">
        <ele>1942.4</ele>
        <time>2026-02-25T10:29:50Z</time>
      </trkpt>
      <trkpt lat="45.64539" lon="6.53617">
        <ele>1943.2</ele>
        <time>2026-02-25T10:30:14Z</time>
      </trkpt>
      <trkpt lat="45.64537" lon="6.53612">
        <ele>1944.8</ele>
        <time>2026-02-25T10:30:20Z</time>
      </trkpt>
      <trkpt lat="45.64533" lon="6.53613">
        <ele>1946.8</ele>
        <time>2026-02-25T10:30:28Z</time>
      </trkpt>
      <trkpt lat="45.64528" lon="6.53619">
        <ele>1948.6</ele>
        <time>2026-02-25T10:30:44Z</time>
      </trkpt>
      <trkpt lat="45.64519" lon="6.53624">
        <ele>1950</ele>
        <time>2026-02-25T10:31:00Z</time>
      </trkpt>
      <trkpt lat="45.64518" lon="6.53623">
        <ele>1951</ele>
        <time>2026-02-25T10:31:02Z</time>
      </trkpt>
      <trkpt lat="45.64512" lon="6.53625">
        <ele>1952.6</ele>
        <time>2026-02-25T10:31:18Z</time>
      </trkpt>
      <trkpt lat="45.64509" lon="6.53632">
        <ele>1954.4</ele>
        <time>2026-02-25T10:31:34Z</time>
      </trkpt>
      <trkpt lat="45.64508" lon="6.53641">
        <ele>1955.4</ele>
        <time>2026-02-25T10:31:48Z</time>
      </trkpt>
      <trkpt lat="45.645" lon="6.5365">
        <ele>1959.4</ele>
        <time>2026-02-25T10:32:20Z</time>
      </trkpt>
      <trkpt lat="45.64496" lon="6.53651">
        <ele>1959.2</ele>
        <time>2026-02-25T10:32:24Z</time>
      </trkpt>
      <trkpt lat="45.64491" lon="6.53644">
        <ele>1962.2</ele>
        <time>2026-02-25T10:32:32Z</time>
      </trkpt>
      <trkpt lat="45.6449" lon="6.53638">
        <ele>1963.2</ele>
        <time>2026-02-25T10:32:40Z</time>
      </trkpt>
      <trkpt lat="45.64484" lon="6.53628">
        <ele>1964.4</ele>
        <time>2026-02-25T10:32:56Z</time>
      </trkpt>
      <trkpt lat="45.64483" lon="6.53622">
        <ele>1964.2</ele>
        <time>2026-02-25T10:33:04Z</time>
      </trkpt>
      <trkpt lat="45.64479" lon="6.53616">
        <ele>1966.2</ele>
        <time>2026-02-25T10:33:20Z</time>
      </trkpt>
      <trkpt lat="45.64478" lon="6.53608">
        <ele>1966.4</ele>
        <time>2026-02-25T10:33:28Z</time>
      </trkpt>
      <trkpt lat="45.64479" lon="6.53604">
        <ele>1967</ele>
        <time>2026-02-25T10:33:32Z</time>
      </trkpt>
      <trkpt lat="45.64476" lon="6.53601">
        <ele>1968.6</ele>
        <time>2026-02-25T10:33:40Z</time>
      </trkpt>
      <trkpt lat="45.64471" lon="6.53608">
        <ele>1969.2</ele>
        <time>2026-02-25T10:33:58Z</time>
      </trkpt>
      <trkpt lat="45.6447" lon="6.53607">
        <ele>1969.2</ele>
        <time>2026-02-25T10:33:59Z</time>
      </trkpt>
      <trkpt lat="45.64458" lon="6.5363">
        <ele>1975.6</ele>
        <time>2026-02-25T10:34:39Z</time>
      </trkpt>
      <trkpt lat="45.64451" lon="6.53629">
        <ele>1978.8</ele>
        <time>2026-02-25T10:34:55Z</time>
      </trkpt>
      <trkpt lat="45.6445" lon="6.5363">
        <ele>1979.4</ele>
        <time>2026-02-25T10:34:59Z</time>
      </trkpt>
      <trkpt lat="45.64448" lon="6.53627">
        <ele>1979.4</ele>
        <time>2026-02-25T10:35:12Z</time>
      </trkpt>
      <trkpt lat="45.64449" lon="6.53627">
        <ele>1981.6</ele>
        <time>2026-02-25T10:35:20Z</time>
      </trkpt>
      <trkpt lat="45.64447" lon="6.5364">
        <ele>1982.8</ele>
        <time>2026-02-25T10:35:36Z</time>
      </trkpt>
      <trkpt lat="45.64448" lon="6.53649">
        <ele>1984.6</ele>
        <time>2026-02-25T10:35:52Z</time>
      </trkpt>
      <trkpt lat="45.6445" lon="6.53652">
        <ele>1984.4</ele>
        <time>2026-02-25T10:35:56Z</time>
      </trkpt>
      <trkpt lat="45.64449" lon="6.53654">
        <ele>1986.4</ele>
        <time>2026-02-25T10:36:12Z</time>
      </trkpt>
      <trkpt lat="45.64451" lon="6.53661">
        <ele>1985</ele>
        <time>2026-02-25T10:36:14Z</time>
      </trkpt>
      <trkpt lat="45.6445" lon="6.53661">
        <ele>1985</ele>
        <time>2026-02-25T10:36:15Z</time>
      </trkpt>
      <trkpt lat="45.64452" lon="6.53664">
        <ele>1989</ele>
        <time>2026-02-25T10:36:19Z</time>
      </trkpt>
      <trkpt lat="45.64451" lon="6.53672">
        <ele>1988.2</ele>
        <time>2026-02-25T10:36:27Z</time>
      </trkpt>
      <trkpt lat="45.64453" lon="6.537">
        <ele>1991.2</ele>
        <time>2026-02-25T10:36:51Z</time>
      </trkpt>
      <trkpt lat="45.64456" lon="6.53712">
        <ele>1991.6</ele>
        <time>2026-02-25T10:37:01Z</time>
      </trkpt>
      <trkpt lat="45.64455" lon="6.53713">
        <ele>1991.6</ele>
        <time>2026-02-25T10:37:02Z</time>
      </trkpt>
      <trkpt lat="45.64459" lon="6.53741">
        <ele>1994</ele>
        <time>2026-02-25T10:41:18Z</time>
      </trkpt>
      <trkpt lat="45.64455" lon="6.53764">
        <ele>1995.8</ele>
        <time>2026-02-25T10:41:50Z</time>
      </trkpt>
      <trkpt lat="45.64453" lon="6.53767">
        <ele>1995</ele>
        <time>2026-02-25T10:41:54Z</time>
      </trkpt>
      <trkpt lat="45.64452" lon="6.53773">
        <ele>1994.6</ele>
        <time>2026-02-25T10:42:02Z</time>
      </trkpt>
      <trkpt lat="45.64449" lon="6.53776">
        <ele>1997.6</ele>
        <time>2026-02-25T10:42:08Z</time>
      </trkpt>
      <trkpt lat="45.64443" lon="6.5377">
        <ele>1998.4</ele>
        <time>2026-02-25T10:42:24Z</time>
      </trkpt>
      <trkpt lat="45.64437" lon="6.53767">
        <ele>2000</ele>
        <time>2026-02-25T10:42:36Z</time>
      </trkpt>
      <trkpt lat="45.64436" lon="6.53765">
        <ele>1999.4</ele>
        <time>2026-02-25T10:42:40Z</time>
      </trkpt>
      <trkpt lat="45.64431" lon="6.53763">
        <ele>2001.6</ele>
        <time>2026-02-25T10:42:48Z</time>
      </trkpt>
      <trkpt lat="45.64425" lon="6.53754">
        <ele>2003.4</ele>
        <time>2026-02-25T10:43:20Z</time>
      </trkpt>
      <trkpt lat="45.64419" lon="6.53729">
        <ele>2007.8</ele>
        <time>2026-02-25T10:43:36Z</time>
      </trkpt>
      <trkpt lat="45.64421" lon="6.53714">
        <ele>2009.8</ele>
        <time>2026-02-25T10:44:08Z</time>
      </trkpt>
      <trkpt lat="45.6441" lon="6.53716">
        <ele>2013</ele>
        <time>2026-02-25T10:44:24Z</time>
      </trkpt>
      <trkpt lat="45.6441" lon="6.53715">
        <ele>2012.8</ele>
        <time>2026-02-25T10:44:26Z</time>
      </trkpt>
      <trkpt lat="45.64409" lon="6.53716">
        <ele>2013.8</ele>
        <time>2026-02-25T10:44:28Z</time>
      </trkpt>
      <trkpt lat="45.64407" lon="6.53715">
        <ele>2014</ele>
        <time>2026-02-25T10:44:36Z</time>
      </trkpt>
      <trkpt lat="45.644" lon="6.53719">
        <ele>2017</ele>
        <time>2026-02-25T10:45:00Z</time>
      </trkpt>
      <trkpt lat="45.64403" lon="6.53715">
        <ele>2017.4</ele>
        <time>2026-02-25T10:45:04Z</time>
      </trkpt>
      <trkpt lat="45.64402" lon="6.53706">
        <ele>2016.8</ele>
        <time>2026-02-25T10:45:12Z</time>
      </trkpt>
      <trkpt lat="45.64404" lon="6.53703">
        <ele>2020.2</ele>
        <time>2026-02-25T10:45:20Z</time>
      </trkpt>
      <trkpt lat="45.64401" lon="6.53695">
        <ele>2021.6</ele>
        <time>2026-02-25T10:45:36Z</time>
      </trkpt>
      <trkpt lat="45.64395" lon="6.53698">
        <ele>2022.6</ele>
        <time>2026-02-25T10:45:47Z</time>
      </trkpt>
      <trkpt lat="45.64396" lon="6.53699">
        <ele>2023</ele>
        <time>2026-02-25T10:45:49Z</time>
      </trkpt>
      <trkpt lat="45.64393" lon="6.53698">
        <ele>2023.2</ele>
        <time>2026-02-25T10:45:53Z</time>
      </trkpt>
      <trkpt lat="45.64392" lon="6.537">
        <ele>2026.2</ele>
        <time>2026-02-25T10:46:09Z</time>
      </trkpt>
      <trkpt lat="45.64379" lon="6.53696">
        <ele>2027</ele>
        <time>2026-02-25T10:46:25Z</time>
      </trkpt>
      <trkpt lat="45.64378" lon="6.53697">
        <ele>2028.6</ele>
        <time>2026-02-25T10:46:41Z</time>
      </trkpt>
      <trkpt lat="45.64385" lon="6.53675">
        <ele>2032</ele>
        <time>2026-02-25T10:47:09Z</time>
      </trkpt>
      <trkpt lat="45.64381" lon="6.53671">
        <ele>2032.6</ele>
        <time>2026-02-25T10:47:27Z</time>
      </trkpt>
      <trkpt lat="45.6438" lon="6.53672">
        <ele>2034.6</ele>
        <time>2026-02-25T10:47:31Z</time>
      </trkpt>
      <trkpt lat="45.6438" lon="6.53671">
        <ele>2033.6</ele>
        <time>2026-02-25T10:47:39Z</time>
      </trkpt>
      <trkpt lat="45.64378" lon="6.53673">
        <ele>2033.4</ele>
        <time>2026-02-25T10:47:41Z</time>
      </trkpt>
      <trkpt lat="45.64376" lon="6.53672">
        <ele>2036.2</ele>
        <time>2026-02-25T10:47:57Z</time>
      </trkpt>
      <trkpt lat="45.64377" lon="6.53671">
        <ele>2034.2</ele>
        <time>2026-02-25T10:48:03Z</time>
      </trkpt>
      <trkpt lat="45.64376" lon="6.5367">
        <ele>2036.4</ele>
        <time>2026-02-25T10:48:05Z</time>
      </trkpt>
      <trkpt lat="45.64377" lon="6.53667">
        <ele>2035.8</ele>
        <time>2026-02-25T10:48:09Z</time>
      </trkpt>
      <trkpt lat="45.64372" lon="6.53654">
        <ele>2041.6</ele>
        <time>2026-02-25T10:48:41Z</time>
      </trkpt>
      <trkpt lat="45.64373" lon="6.53653">
        <ele>2041</ele>
        <time>2026-02-25T10:48:49Z</time>
      </trkpt>
      <trkpt lat="45.64375" lon="6.53654">
        <ele>2041</ele>
        <time>2026-02-25T10:48:51Z</time>
      </trkpt>
      <trkpt lat="45.64372" lon="6.53656">
        <ele>2043.2</ele>
        <time>2026-02-25T10:48:59Z</time>
      </trkpt>
      <trkpt lat="45.64367" lon="6.53655">
        <ele>2045.2</ele>
        <time>2026-02-25T10:49:10Z</time>
      </trkpt>
      <trkpt lat="45.64367" lon="6.53656">
        <ele>2047.6</ele>
        <time>2026-02-25T10:49:26Z</time>
      </trkpt>
      <trkpt lat="45.64362" lon="6.53654">
        <ele>2048.6</ele>
        <time>2026-02-25T10:49:34Z</time>
      </trkpt>
      <trkpt lat="45.64362" lon="6.53644">
        <ele>2048.4</ele>
        <time>2026-02-25T10:49:42Z</time>
      </trkpt>
      <trkpt lat="45.6436" lon="6.53639">
        <ele>2049</ele>
        <time>2026-02-25T10:49:48Z</time>
      </trkpt>
      <trkpt lat="45.64361" lon="6.53637">
        <ele>2050.2</ele>
        <time>2026-02-25T10:49:56Z</time>
      </trkpt>
      <trkpt lat="45.64356" lon="6.53638">
        <ele>2050.6</ele>
        <time>2026-02-25T10:50:04Z</time>
      </trkpt>
      <trkpt lat="45.64357" lon="6.53635">
        <ele>2051</ele>
        <time>2026-02-25T10:50:12Z</time>
      </trkpt>
      <trkpt lat="45.64355" lon="6.53629">
        <ele>2052.4</ele>
        <time>2026-02-25T10:50:20Z</time>
      </trkpt>
      <trkpt lat="45.64356" lon="6.53627">
        <ele>2053.8</ele>
        <time>2026-02-25T10:50:23Z</time>
      </trkpt>
      <trkpt lat="45.64354" lon="6.53625">
        <ele>2054.2</ele>
        <time>2026-02-25T10:50:31Z</time>
      </trkpt>
      <trkpt lat="45.64355" lon="6.53627">
        <ele>2054.2</ele>
        <time>2026-02-25T10:50:36Z</time>
      </trkpt>
      <trkpt lat="45.64349" lon="6.53613">
        <ele>2059.8</ele>
        <time>2026-02-25T10:51:24Z</time>
      </trkpt>
      <trkpt lat="45.64346" lon="6.53614">
        <ele>2060.6</ele>
        <time>2026-02-25T10:51:25Z</time>
      </trkpt>
      <trkpt lat="45.64345" lon="6.53613">
        <ele>2060.6</ele>
        <time>2026-02-25T10:51:29Z</time>
      </trkpt>
      <trkpt lat="45.64343" lon="6.53614">
        <ele>2060.6</ele>
        <time>2026-02-25T10:51:45Z</time>
      </trkpt>
      <trkpt lat="45.64344" lon="6.53608">
        <ele>2062</ele>
        <time>2026-02-25T10:51:53Z</time>
      </trkpt>
      <trkpt lat="45.64343" lon="6.53606">
        <ele>2063</ele>
        <time>2026-02-25T10:51:57Z</time>
      </trkpt>
      <trkpt lat="45.64344" lon="6.53604">
        <ele>2062.6</ele>
        <time>2026-02-25T10:52:05Z</time>
      </trkpt>
      <trkpt lat="45.64342" lon="6.536">
        <ele>2065</ele>
        <time>2026-02-25T10:52:08Z</time>
      </trkpt>
      <trkpt lat="45.64343" lon="6.536">
        <ele>2065</ele>
        <time>2026-02-25T10:52:09Z</time>
      </trkpt>
      <trkpt lat="45.64342" lon="6.53599">
        <ele>2063.2</ele>
        <time>2026-02-25T10:52:11Z</time>
      </trkpt>
      <trkpt lat="45.64343" lon="6.53597">
        <ele>2064.2</ele>
        <time>2026-02-25T10:52:19Z</time>
      </trkpt>
      <trkpt lat="45.64344" lon="6.53599">
        <ele>2063.8</ele>
        <time>2026-02-25T10:52:23Z</time>
      </trkpt>
      <trkpt lat="45.6434" lon="6.53603">
        <ele>2068.8</ele>
        <time>2026-02-25T10:52:55Z</time>
      </trkpt>
      <trkpt lat="45.64336" lon="6.53597">
        <ele>2068.4</ele>
        <time>2026-02-25T10:53:07Z</time>
      </trkpt>
      <trkpt lat="45.64337" lon="6.53595">
        <ele>2068.4</ele>
        <time>2026-02-25T10:53:09Z</time>
      </trkpt>
      <trkpt lat="45.64334" lon="6.53584">
        <ele>2071.6</ele>
        <time>2026-02-25T10:53:25Z</time>
      </trkpt>
      <trkpt lat="45.64326" lon="6.53577">
        <ele>2074.2</ele>
        <time>2026-02-25T10:53:50Z</time>
      </trkpt>
      <trkpt lat="45.64327" lon="6.53576">
        <ele>2074.2</ele>
        <time>2026-02-25T10:53:52Z</time>
      </trkpt>
      <trkpt lat="45.64314" lon="6.53556">
        <ele>2077.4</ele>
        <time>2026-02-25T10:54:29Z</time>
      </trkpt>
      <trkpt lat="45.64318" lon="6.53548">
        <ele>2081.8</ele>
        <time>2026-02-25T10:54:45Z</time>
      </trkpt>
      <trkpt lat="45.64311" lon="6.53543">
        <ele>2082.6</ele>
        <time>2026-02-25T10:55:01Z</time>
      </trkpt>
      <trkpt lat="45.64311" lon="6.53541">
        <ele>2085.6</ele>
        <time>2026-02-25T10:55:17Z</time>
      </trkpt>
      <trkpt lat="45.64305" lon="6.53537">
        <ele>2088.4</ele>
        <time>2026-02-25T10:55:33Z</time>
      </trkpt>
      <trkpt lat="45.64279" lon="6.53504">
        <ele>2095.2</ele>
        <time>2026-02-25T10:56:37Z</time>
      </trkpt>
      <trkpt lat="45.6427" lon="6.53487">
        <ele>2097.4</ele>
        <time>2026-02-25T10:57:09Z</time>
      </trkpt>
      <trkpt lat="45.64267" lon="6.53489">
        <ele>2100.8</ele>
        <time>2026-02-25T10:57:41Z</time>
      </trkpt>
      <trkpt lat="45.64251" lon="6.53474">
        <ele>2106.6</ele>
        <time>2026-02-25T10:58:17Z</time>
      </trkpt>
      <trkpt lat="45.64249" lon="6.53467">
        <ele>2106.4</ele>
        <time>2026-02-25T10:58:28Z</time>
      </trkpt>
      <trkpt lat="45.64248" lon="6.53468">
        <ele>2107.8</ele>
        <time>2026-02-25T10:58:32Z</time>
      </trkpt>
      <trkpt lat="45.64236" lon="6.53452">
        <ele>2112</ele>
        <time>2026-02-25T10:59:04Z</time>
      </trkpt>
      <trkpt lat="45.64224" lon="6.53439">
        <ele>2114.6</ele>
        <time>2026-02-25T10:59:36Z</time>
      </trkpt>
      <trkpt lat="45.64209" lon="6.53435">
        <ele>2120.6</ele>
        <time>2026-02-25T11:00:16Z</time>
      </trkpt>
      <trkpt lat="45.64208" lon="6.53436">
        <ele>2121.2</ele>
        <time>2026-02-25T11:00:24Z</time>
      </trkpt>
      <trkpt lat="45.64202" lon="6.53435">
        <ele>2122</ele>
        <time>2026-02-25T11:00:32Z</time>
      </trkpt>
      <trkpt lat="45.64201" lon="6.53436">
        <ele>2122.6</ele>
        <time>2026-02-25T11:00:40Z</time>
      </trkpt>
      <trkpt lat="45.64199" lon="6.53432">
        <ele>2123.4</ele>
        <time>2026-02-25T11:00:42Z</time>
      </trkpt>
      <trkpt lat="45.64202" lon="6.53425">
        <ele>2124.6</ele>
        <time>2026-02-25T11:00:54Z</time>
      </trkpt>
      <trkpt lat="45.64199" lon="6.53415">
        <ele>2125</ele>
        <time>2026-02-25T11:01:10Z</time>
      </trkpt>
      <trkpt lat="45.64199" lon="6.53408">
        <ele>2127.6</ele>
        <time>2026-02-25T11:01:26Z</time>
      </trkpt>
      <trkpt lat="45.642" lon="6.53411">
        <ele>2128.2</ele>
        <time>2026-02-25T11:01:32Z</time>
      </trkpt>
      <trkpt lat="45.64196" lon="6.53412">
        <ele>2129.8</ele>
        <time>2026-02-25T11:01:40Z</time>
      </trkpt>
      <trkpt lat="45.64196" lon="6.53411">
        <ele>2129.8</ele>
        <time>2026-02-25T11:01:41Z</time>
      </trkpt>
      <trkpt lat="45.64188" lon="6.53415">
        <ele>2131.8</ele>
        <time>2026-02-25T11:02:00Z</time>
      </trkpt>
      <trkpt lat="45.64188" lon="6.53414">
        <ele>2130.8</ele>
        <time>2026-02-25T11:02:01Z</time>
      </trkpt>
      <trkpt lat="45.64188" lon="6.53415">
        <ele>2130</ele>
        <time>2026-02-25T11:02:02Z</time>
      </trkpt>
      <trkpt lat="45.64187" lon="6.53414">
        <ele>2130</ele>
        <time>2026-02-25T11:02:04Z</time>
      </trkpt>
      <trkpt lat="45.64186" lon="6.53415">
        <ele>2132.2</ele>
        <time>2026-02-25T11:02:06Z</time>
      </trkpt>
      <trkpt lat="45.64185" lon="6.53414">
        <ele>2132.2</ele>
        <time>2026-02-25T11:02:08Z</time>
      </trkpt>
      <trkpt lat="45.64184" lon="6.53415">
        <ele>2134.4</ele>
        <time>2026-02-25T11:02:16Z</time>
      </trkpt>
      <trkpt lat="45.64182" lon="6.53392">
        <ele>2138</ele>
        <time>2026-02-25T11:02:48Z</time>
      </trkpt>
      <trkpt lat="45.64179" lon="6.53383">
        <ele>2137.4</ele>
        <time>2026-02-25T11:03:04Z</time>
      </trkpt>
      <trkpt lat="45.64174" lon="6.53377">
        <ele>2140.4</ele>
        <time>2026-02-25T11:03:20Z</time>
      </trkpt>
      <trkpt lat="45.64173" lon="6.5338">
        <ele>2143.4</ele>
        <time>2026-02-25T11:03:36Z</time>
      </trkpt>
      <trkpt lat="45.64174" lon="6.53387">
        <ele>2143.8</ele>
        <time>2026-02-25T11:03:44Z</time>
      </trkpt>
      <trkpt lat="45.6417" lon="6.53394">
        <ele>2145.4</ele>
        <time>2026-02-25T11:04:16Z</time>
      </trkpt>
      <trkpt lat="45.64166" lon="6.53396">
        <ele>2146.6</ele>
        <time>2026-02-25T11:04:21Z</time>
      </trkpt>
      <trkpt lat="45.64165" lon="6.53395">
        <ele>2148.4</ele>
        <time>2026-02-25T11:04:22Z</time>
      </trkpt>
      <trkpt lat="45.64165" lon="6.53396">
        <ele>2148.4</ele>
        <time>2026-02-25T11:04:24Z</time>
      </trkpt>
      <trkpt lat="45.64165" lon="6.53392">
        <ele>2148.6</ele>
        <time>2026-02-25T11:04:32Z</time>
      </trkpt>
      <trkpt lat="45.64153" lon="6.53372">
        <ele>2154.4</ele>
        <time>2026-02-25T11:05:20Z</time>
      </trkpt>
      <trkpt lat="45.64142" lon="6.53362">
        <ele>2158.6</ele>
        <time>2026-02-25T11:05:52Z</time>
      </trkpt>
      <trkpt lat="45.6414" lon="6.53355">
        <ele>2161.6</ele>
        <time>2026-02-25T11:06:16Z</time>
      </trkpt>
      <trkpt lat="45.64128" lon="6.53341">
        <ele>2164.2</ele>
        <time>2026-02-25T11:06:45Z</time>
      </trkpt>
      <trkpt lat="45.64129" lon="6.5334">
        <ele>2163.8</ele>
        <time>2026-02-25T11:06:46Z</time>
      </trkpt>
      <trkpt lat="45.64121" lon="6.53335">
        <ele>2165.4</ele>
        <time>2026-02-25T11:07:02Z</time>
      </trkpt>
      <trkpt lat="45.64117" lon="6.53328">
        <ele>2167.4</ele>
        <time>2026-02-25T11:07:18Z</time>
      </trkpt>
      <trkpt lat="45.64113" lon="6.53325">
        <ele>2170.4</ele>
        <time>2026-02-25T11:07:26Z</time>
      </trkpt>
      <trkpt lat="45.64107" lon="6.53313">
        <ele>2171.6</ele>
        <time>2026-02-25T11:08:22Z</time>
      </trkpt>
      <trkpt lat="45.64106" lon="6.53304">
        <ele>2172</ele>
        <time>2026-02-25T11:09:10Z</time>
      </trkpt>
      <trkpt lat="45.64099" lon="6.53295">
        <ele>2173.6</ele>
        <time>2026-02-25T11:09:26Z</time>
      </trkpt>
      <trkpt lat="45.64092" lon="6.5329">
        <ele>2175.8</ele>
        <time>2026-02-25T11:10:02Z</time>
      </trkpt>
      <trkpt lat="45.6409" lon="6.53291">
        <ele>2175.8</ele>
        <time>2026-02-25T11:10:05Z</time>
      </trkpt>
      <trkpt lat="45.64085" lon="6.5329">
        <ele>2177.4</ele>
        <time>2026-02-25T11:10:13Z</time>
      </trkpt>
      <trkpt lat="45.64078" lon="6.53291">
        <ele>2181</ele>
        <time>2026-02-25T11:10:29Z</time>
      </trkpt>
      <trkpt lat="45.64068" lon="6.53286">
        <ele>2182.8</ele>
        <time>2026-02-25T11:11:01Z</time>
      </trkpt>
      <trkpt lat="45.64055" lon="6.53302">
        <ele>2180.4</ele>
        <time>2026-02-25T11:11:15Z</time>
      </trkpt>
      <trkpt lat="45.64044" lon="6.53312">
        <ele>2180.8</ele>
        <time>2026-02-25T11:11:36Z</time>
      </trkpt>
      <trkpt lat="45.64044" lon="6.53311">
        <ele>2180.8</ele>
        <time>2026-02-25T11:11:52Z</time>
      </trkpt>
      <trkpt lat="45.64045" lon="6.53312">
        <ele>2180.4</ele>
        <time>2026-02-25T11:11:57Z</time>
      </trkpt>
      <trkpt lat="45.64039" lon="6.53315">
        <ele>2181.2</ele>
        <time>2026-02-25T11:12:05Z</time>
      </trkpt>
      <trkpt lat="45.6403" lon="6.53316">
        <ele>2183.2</ele>
        <time>2026-02-25T11:12:20Z</time>
      </trkpt>
      <trkpt lat="45.64029" lon="6.53315">
        <ele>2183.2</ele>
        <time>2026-02-25T11:12:21Z</time>
      </trkpt>
      <trkpt lat="45.6402" lon="6.53317">
        <ele>2184.8</ele>
        <time>2026-02-25T11:12:33Z</time>
      </trkpt>
      <trkpt lat="45.64016" lon="6.53315">
        <ele>2186</ele>
        <time>2026-02-25T11:12:41Z</time>
      </trkpt>
      <trkpt lat="45.64014" lon="6.53316">
        <ele>2187</ele>
        <time>2026-02-25T11:12:44Z</time>
      </trkpt>
      <trkpt lat="45.63992" lon="6.533">
        <ele>2194.8</ele>
        <time>2026-02-25T11:13:56Z</time>
      </trkpt>
      <trkpt lat="45.63975" lon="6.53297">
        <ele>2199.6</ele>
        <time>2026-02-25T11:14:44Z</time>
      </trkpt>
      <trkpt lat="45.63943" lon="6.53281">
        <ele>2209.4</ele>
        <time>2026-02-25T11:16:04Z</time>
      </trkpt>
      <trkpt lat="45.63941" lon="6.53278">
        <ele>2210.4</ele>
        <time>2026-02-25T11:16:10Z</time>
      </trkpt>
      <trkpt lat="45.63934" lon="6.53276">
        <ele>2213</ele>
        <time>2026-02-25T11:16:22Z</time>
      </trkpt>
      <trkpt lat="45.63915" lon="6.53238">
        <ele>2222.8</ele>
        <time>2026-02-25T11:17:53Z</time>
      </trkpt>
      <trkpt lat="45.63909" lon="6.53246">
        <ele>2226.2</ele>
        <time>2026-02-25T11:18:17Z</time>
      </trkpt>
      <trkpt lat="45.63893" lon="6.53251">
        <ele>2230</ele>
        <time>2026-02-25T11:18:49Z</time>
      </trkpt>
      <trkpt lat="45.6389" lon="6.5325">
        <ele>2229.6</ele>
        <time>2026-02-25T11:18:57Z</time>
      </trkpt>
      <trkpt lat="45.63889" lon="6.53251">
        <ele>2229.6</ele>
        <time>2026-02-25T11:18:58Z</time>
      </trkpt>
      <trkpt lat="45.6389" lon="6.53251">
        <ele>2229.6</ele>
        <time>2026-02-25T11:18:59Z</time>
      </trkpt>
      <trkpt lat="45.63883" lon="6.5325">
        <ele>2231.6</ele>
        <time>2026-02-25T11:19:17Z</time>
      </trkpt>
      <trkpt lat="45.6388" lon="6.53248">
        <ele>2231.6</ele>
        <time>2026-02-25T11:19:25Z</time>
      </trkpt>
      <trkpt lat="45.63879" lon="6.53249">
        <ele>2232.2</ele>
        <time>2026-02-25T11:19:27Z</time>
      </trkpt>
      <trkpt lat="45.63878" lon="6.53241">
        <ele>2235</ele>
        <time>2026-02-25T11:19:43Z</time>
      </trkpt>
      <trkpt lat="45.63881" lon="6.53221">
        <ele>2239.4</ele>
        <time>2026-02-25T11:20:15Z</time>
      </trkpt>
      <trkpt lat="45.6388" lon="6.53214">
        <ele>2238.2</ele>
        <time>2026-02-25T11:20:23Z</time>
      </trkpt>
      <trkpt lat="45.63872" lon="6.53222">
        <ele>2242.4</ele>
        <time>2026-02-25T11:20:47Z</time>
      </trkpt>
      <trkpt lat="45.63867" lon="6.53224">
        <ele>2242.8</ele>
        <time>2026-02-25T11:20:57Z</time>
      </trkpt>
      <trkpt lat="45.63862" lon="6.53221">
        <ele>2246</ele>
        <time>2026-02-25T11:21:29Z</time>
      </trkpt>
      <trkpt lat="45.63857" lon="6.53223">
        <ele>2246.2</ele>
        <time>2026-02-25T11:21:37Z</time>
      </trkpt>
      <trkpt lat="45.63858" lon="6.53214">
        <ele>2249.2</ele>
        <time>2026-02-25T11:21:53Z</time>
      </trkpt>
      <trkpt lat="45.63857" lon="6.53207">
        <ele>2249</ele>
        <time>2026-02-25T11:22:00Z</time>
      </trkpt>
      <trkpt lat="45.63858" lon="6.53206">
        <ele>2249</ele>
        <time>2026-02-25T11:22:01Z</time>
      </trkpt>
      <trkpt lat="45.63857" lon="6.53206">
        <ele>2250.6</ele>
        <time>2026-02-25T11:22:09Z</time>
      </trkpt>
      <trkpt lat="45.63855" lon="6.53195">
        <ele>2253</ele>
        <time>2026-02-25T11:22:25Z</time>
      </trkpt>
      <trkpt lat="45.63845" lon="6.53182">
        <ele>2255.4</ele>
        <time>2026-02-25T11:22:57Z</time>
      </trkpt>
      <trkpt lat="45.63839" lon="6.53179">
        <ele>2259</ele>
        <time>2026-02-25T11:23:13Z</time>
      </trkpt>
      <trkpt lat="45.63835" lon="6.53183">
        <ele>2259.8</ele>
        <time>2026-02-25T11:23:21Z</time>
      </trkpt>
      <trkpt lat="45.63831" lon="6.53183">
        <ele>2260.8</ele>
        <time>2026-02-25T11:23:29Z</time>
      </trkpt>
      <trkpt lat="45.63823" lon="6.5317">
        <ele>2262.2</ele>
        <time>2026-02-25T11:23:49Z</time>
      </trkpt>
      <trkpt lat="45.6382" lon="6.53168">
        <ele>2262.6</ele>
        <time>2026-02-25T11:23:53Z</time>
      </trkpt>
      <trkpt lat="45.63809" lon="6.53142">
        <ele>2264.6</ele>
        <time>2026-02-25T11:24:25Z</time>
      </trkpt>
      <trkpt lat="45.63788" lon="6.53119">
        <ele>2271.8</ele>
        <time>2026-02-25T11:25:29Z</time>
      </trkpt>
      <trkpt lat="45.63776" lon="6.53087">
        <ele>2278.4</ele>
        <time>2026-02-25T11:26:19Z</time>
      </trkpt>
      <trkpt lat="45.63777" lon="6.53087">
        <ele>2278.4</ele>
        <time>2026-02-25T11:26:20Z</time>
      </trkpt>
      <trkpt lat="45.63749" lon="6.53022">
        <ele>2293.8</ele>
        <time>2026-02-25T11:28:28Z</time>
      </trkpt>
      <trkpt lat="45.6373" lon="6.52983">
        <ele>2299.6</ele>
        <time>2026-02-25T11:29:36Z</time>
      </trkpt>
      <trkpt lat="45.63728" lon="6.52982">
        <ele>2301.2</ele>
        <time>2026-02-25T11:29:40Z</time>
      </trkpt>
      <trkpt lat="45.6371" lon="6.52956">
        <ele>2308.6</ele>
        <time>2026-02-25T11:30:39Z</time>
      </trkpt>
      <trkpt lat="45.6371" lon="6.52957">
        <ele>2308.6</ele>
        <time>2026-02-25T11:30:40Z</time>
      </trkpt>
      <trkpt lat="45.63701" lon="6.52949">
        <ele>2311.4</ele>
        <time>2026-02-25T11:31:12Z</time>
      </trkpt>
      <trkpt lat="45.63694" lon="6.52946">
        <ele>2314.8</ele>
        <time>2026-02-25T11:31:36Z</time>
      </trkpt>
      <trkpt lat="45.63693" lon="6.5294">
        <ele>2318.6</ele>
        <time>2026-02-25T11:31:44Z</time>
      </trkpt>
      <trkpt lat="45.63694" lon="6.52937">
        <ele>2318.8</ele>
        <time>2026-02-25T11:31:52Z</time>
      </trkpt>
      <trkpt lat="45.63682" lon="6.52904">
        <ele>2325.8</ele>
        <time>2026-02-25T11:34:00Z</time>
      </trkpt>
      <trkpt lat="45.63685" lon="6.529">
        <ele>2325.4</ele>
        <time>2026-02-25T11:34:24Z</time>
      </trkpt>
      <trkpt lat="45.63684" lon="6.52893">
        <ele>2328.6</ele>
        <time>2026-02-25T11:34:34Z</time>
      </trkpt>
      <trkpt lat="45.63685" lon="6.52892">
        <ele>2328.6</ele>
        <time>2026-02-25T11:34:36Z</time>
      </trkpt>
      <trkpt lat="45.63681" lon="6.52888">
        <ele>2329.4</ele>
        <time>2026-02-25T11:34:44Z</time>
      </trkpt>
      <trkpt lat="45.63679" lon="6.52883">
        <ele>2330.6</ele>
        <time>2026-02-25T11:34:52Z</time>
      </trkpt>
      <trkpt lat="45.63676" lon="6.52882">
        <ele>2330.6</ele>
        <time>2026-02-25T11:34:56Z</time>
      </trkpt>
      <trkpt lat="45.63671" lon="6.52874">
        <ele>2331.2</ele>
        <time>2026-02-25T11:35:24Z</time>
      </trkpt>
      <trkpt lat="45.63672" lon="6.52874">
        <ele>2332</ele>
        <time>2026-02-25T11:35:26Z</time>
      </trkpt>
      <trkpt lat="45.63657" lon="6.52858">
        <ele>2335</ele>
        <time>2026-02-25T11:35:58Z</time>
      </trkpt>
      <trkpt lat="45.63649" lon="6.52843">
        <ele>2339.6</ele>
        <time>2026-02-25T11:36:30Z</time>
      </trkpt>
      <trkpt lat="45.63656" lon="6.52836">
        <ele>2341.6</ele>
        <time>2026-02-25T11:36:55Z</time>
      </trkpt>
      <trkpt lat="45.63659" lon="6.52837">
        <ele>2341.4</ele>
        <time>2026-02-25T11:36:59Z</time>
      </trkpt>
      <trkpt lat="45.63662" lon="6.52833">
        <ele>2343.4</ele>
        <time>2026-02-25T11:37:08Z</time>
      </trkpt>
      <trkpt lat="45.63664" lon="6.52834">
        <ele>2341.8</ele>
        <time>2026-02-25T11:37:10Z</time>
      </trkpt>
      <trkpt lat="45.63671" lon="6.52832">
        <ele>2344.8</ele>
        <time>2026-02-25T11:37:26Z</time>
      </trkpt>
      <trkpt lat="45.63673" lon="6.52833">
        <ele>2344.4</ele>
        <time>2026-02-25T11:37:30Z</time>
      </trkpt>
      <trkpt lat="45.63676" lon="6.52831">
        <ele>2347</ele>
        <time>2026-02-25T11:37:38Z</time>
      </trkpt>
      <trkpt lat="45.63667" lon="6.52821">
        <ele>2350</ele>
        <time>2026-02-25T11:38:06Z</time>
      </trkpt>
      <trkpt lat="45.63661" lon="6.5282">
        <ele>2350.4</ele>
        <time>2026-02-25T11:38:22Z</time>
      </trkpt>
      <trkpt lat="45.63665" lon="6.52809">
        <ele>2351.2</ele>
        <time>2026-02-25T11:38:38Z</time>
      </trkpt>
      <trkpt lat="45.6367" lon="6.52806">
        <ele>2353.8</ele>
        <time>2026-02-25T11:38:46Z</time>
      </trkpt>
      <trkpt lat="45.63677" lon="6.52807">
        <ele>2356.2</ele>
        <time>2026-02-25T11:39:02Z</time>
      </trkpt>
      <trkpt lat="45.63681" lon="6.52806">
        <ele>2356.8</ele>
        <time>2026-02-25T11:39:08Z</time>
      </trkpt>
      <trkpt lat="45.63687" lon="6.52807">
        <ele>2358.2</ele>
        <time>2026-02-25T11:39:37Z</time>
      </trkpt>
      <trkpt lat="45.63683" lon="6.52805">
        <ele>2360.2</ele>
        <time>2026-02-25T11:39:45Z</time>
      </trkpt>
      <trkpt lat="45.63682" lon="6.52802">
        <ele>2359</ele>
        <time>2026-02-25T11:39:49Z</time>
      </trkpt>
      <trkpt lat="45.6368" lon="6.52801">
        <ele>2360.4</ele>
        <time>2026-02-25T11:39:57Z</time>
      </trkpt>
      <trkpt lat="45.63684" lon="6.52797">
        <ele>2360.6</ele>
        <time>2026-02-25T11:40:05Z</time>
      </trkpt>
      <trkpt lat="45.6369" lon="6.52798">
        <ele>2361.4</ele>
        <time>2026-02-25T11:40:14Z</time>
      </trkpt>
      <trkpt lat="45.63689" lon="6.52798">
        <ele>2361.4</ele>
        <time>2026-02-25T11:40:15Z</time>
      </trkpt>
      <trkpt lat="45.63696" lon="6.52795">
        <ele>2363.6</ele>
        <time>2026-02-25T11:40:30Z</time>
      </trkpt>
      <trkpt lat="45.63698" lon="6.52796">
        <ele>2365</ele>
        <time>2026-02-25T11:40:34Z</time>
      </trkpt>
      <trkpt lat="45.63704" lon="6.52795">
        <ele>2366.6</ele>
        <time>2026-02-25T11:40:42Z</time>
      </trkpt>
      <trkpt lat="45.63704" lon="6.52796">
        <ele>2366.6</ele>
        <time>2026-02-25T11:40:43Z</time>
      </trkpt>
      <trkpt lat="45.63711" lon="6.52791">
        <ele>2367.4</ele>
        <time>2026-02-25T11:40:58Z</time>
      </trkpt>
      <trkpt lat="45.6371" lon="6.52791">
        <ele>2367.4</ele>
        <time>2026-02-25T11:40:59Z</time>
      </trkpt>
      <trkpt lat="45.63716" lon="6.52785">
        <ele>2369.6</ele>
        <time>2026-02-25T11:41:10Z</time>
      </trkpt>
      <trkpt lat="45.63715" lon="6.52784">
        <ele>2369.6</ele>
        <time>2026-02-25T11:41:11Z</time>
      </trkpt>
      <trkpt lat="45.63724" lon="6.52768">
        <ele>2373.2</ele>
        <time>2026-02-25T11:41:39Z</time>
      </trkpt>
      <trkpt lat="45.63721" lon="6.52769">
        <ele>2374.4</ele>
        <time>2026-02-25T11:41:47Z</time>
      </trkpt>
      <trkpt lat="45.63711" lon="6.52766">
        <ele>2376.2</ele>
        <time>2026-02-25T11:42:07Z</time>
      </trkpt>
      <trkpt lat="45.63711" lon="6.52767">
        <ele>2376.2</ele>
        <time>2026-02-25T11:42:08Z</time>
      </trkpt>
      <trkpt lat="45.63704" lon="6.52761">
        <ele>2377.4</ele>
        <time>2026-02-25T11:42:24Z</time>
      </trkpt>
      <trkpt lat="45.637" lon="6.52744">
        <ele>2382</ele>
        <time>2026-02-25T11:42:57Z</time>
      </trkpt>
      <trkpt lat="45.63701" lon="6.52742">
        <ele>2380.4</ele>
        <time>2026-02-25T11:42:58Z</time>
      </trkpt>
      <trkpt lat="45.63697" lon="6.52733">
        <ele>2384</ele>
        <time>2026-02-25T11:43:14Z</time>
      </trkpt>
      <trkpt lat="45.63683" lon="6.52726">
        <ele>2385.6</ele>
        <time>2026-02-25T11:43:38Z</time>
      </trkpt>
      <trkpt lat="45.63684" lon="6.52726">
        <ele>2385.6</ele>
        <time>2026-02-25T11:43:39Z</time>
      </trkpt>
      <trkpt lat="45.63679" lon="6.52725">
        <ele>2386.2</ele>
        <time>2026-02-25T11:43:47Z</time>
      </trkpt>
      <trkpt lat="45.63672" lon="6.5272">
        <ele>2388.2</ele>
        <time>2026-02-25T11:44:03Z</time>
      </trkpt>
      <trkpt lat="45.63663" lon="6.52716">
        <ele>2390.2</ele>
        <time>2026-02-25T11:44:19Z</time>
      </trkpt>
      <trkpt lat="45.63661" lon="6.52713">
        <ele>2392.2</ele>
        <time>2026-02-25T11:44:27Z</time>
      </trkpt>
      <trkpt lat="45.63674" lon="6.52682">
        <ele>2397.6</ele>
        <time>2026-02-25T11:45:15Z</time>
      </trkpt>
      <trkpt lat="45.63678" lon="6.52667">
        <ele>2398.4</ele>
        <time>2026-02-25T11:45:39Z</time>
      </trkpt>
      <trkpt lat="45.63672" lon="6.52664">
        <ele>2400.2</ele>
        <time>2026-02-25T11:45:55Z</time>
      </trkpt>
      <trkpt lat="45.63672" lon="6.52655">
        <ele>2401.4</ele>
        <time>2026-02-25T11:46:11Z</time>
      </trkpt>
      <trkpt lat="45.63666" lon="6.52644">
        <ele>2405.6</ele>
        <time>2026-02-25T11:46:27Z</time>
      </trkpt>
      <trkpt lat="45.63645" lon="6.52628">
        <ele>2410.6</ele>
        <time>2026-02-25T11:47:15Z</time>
      </trkpt>
      <trkpt lat="45.63642" lon="6.52621">
        <ele>2415</ele>
        <time>2026-02-25T11:47:31Z</time>
      </trkpt>
      <trkpt lat="45.63629" lon="6.52614">
        <ele>2417</ele>
        <time>2026-02-25T11:48:03Z</time>
      </trkpt>
      <trkpt lat="45.63619" lon="6.52602">
        <ele>2418.2</ele>
        <time>2026-02-25T11:48:23Z</time>
      </trkpt>
      <trkpt lat="45.63621" lon="6.5259">
        <ele>2420.4</ele>
        <time>2026-02-25T11:48:37Z</time>
      </trkpt>
      <trkpt lat="45.6362" lon="6.52588">
        <ele>2420.6</ele>
        <time>2026-02-25T11:48:39Z</time>
      </trkpt>
      <trkpt lat="45.63621" lon="6.52588">
        <ele>2420.6</ele>
        <time>2026-02-25T11:48:40Z</time>
      </trkpt>
      <trkpt lat="45.63611" lon="6.52568">
        <ele>2426.6</ele>
        <time>2026-02-25T11:49:12Z</time>
      </trkpt>
      <trkpt lat="45.63604" lon="6.5256">
        <ele>2427.6</ele>
        <time>2026-02-25T11:49:28Z</time>
      </trkpt>
      <trkpt lat="45.63605" lon="6.52552">
        <ele>2430.6</ele>
        <time>2026-02-25T11:49:44Z</time>
      </trkpt>
      <trkpt lat="45.63606" lon="6.52552">
        <ele>2430.6</ele>
        <time>2026-02-25T11:49:45Z</time>
      </trkpt>
      <trkpt lat="45.63602" lon="6.52545">
        <ele>2431.8</ele>
        <time>2026-02-25T11:50:01Z</time>
      </trkpt>
      <trkpt lat="45.63591" lon="6.52541">
        <ele>2433.4</ele>
        <time>2026-02-25T11:50:22Z</time>
      </trkpt>
      <trkpt lat="45.63591" lon="6.52542">
        <ele>2433.4</ele>
        <time>2026-02-25T11:50:23Z</time>
      </trkpt>
      <trkpt lat="45.63587" lon="6.52537">
        <ele>2436.4</ele>
        <time>2026-02-25T11:50:31Z</time>
      </trkpt>
      <trkpt lat="45.63578" lon="6.52533">
        <ele>2436.6</ele>
        <time>2026-02-25T11:50:47Z</time>
      </trkpt>
      <trkpt lat="45.63571" lon="6.52525">
        <ele>2440.4</ele>
        <time>2026-02-25T11:51:03Z</time>
      </trkpt>
      <trkpt lat="45.63568" lon="6.52517">
        <ele>2442.4</ele>
        <time>2026-02-25T11:51:15Z</time>
      </trkpt>
      <trkpt lat="45.63554" lon="6.52507">
        <ele>2444.8</ele>
        <time>2026-02-25T11:51:39Z</time>
      </trkpt>
      <trkpt lat="45.63554" lon="6.52508">
        <ele>2444.8</ele>
        <time>2026-02-25T11:51:40Z</time>
      </trkpt>
      <trkpt lat="45.6355" lon="6.52503">
        <ele>2444.2</ele>
        <time>2026-02-25T11:51:48Z</time>
      </trkpt>
      <trkpt lat="45.63547" lon="6.52502">
        <ele>2445.4</ele>
        <time>2026-02-25T11:51:52Z</time>
      </trkpt>
      <trkpt lat="45.63533" lon="6.52488">
        <ele>2449.2</ele>
        <time>2026-02-25T11:52:24Z</time>
      </trkpt>
      <trkpt lat="45.63527" lon="6.52478">
        <ele>2452</ele>
        <time>2026-02-25T11:52:40Z</time>
      </trkpt>
      <trkpt lat="45.63525" lon="6.5246">
        <ele>2455.2</ele>
        <time>2026-02-25T11:53:04Z</time>
      </trkpt>
      <trkpt lat="45.63523" lon="6.52457">
        <ele>2454</ele>
        <time>2026-02-25T11:53:10Z</time>
      </trkpt>
      <trkpt lat="45.6352" lon="6.52459">
        <ele>2455.4</ele>
        <time>2026-02-25T11:53:18Z</time>
      </trkpt>
      <trkpt lat="45.63515" lon="6.52458">
        <ele>2458</ele>
        <time>2026-02-25T11:53:26Z</time>
      </trkpt>
      <trkpt lat="45.63514" lon="6.52459">
        <ele>2458</ele>
        <time>2026-02-25T11:53:28Z</time>
      </trkpt>
      <trkpt lat="45.63513" lon="6.5245">
        <ele>2459.8</ele>
        <time>2026-02-25T11:53:44Z</time>
      </trkpt>
      <trkpt lat="45.63503" lon="6.52442">
        <ele>2463.4</ele>
        <time>2026-02-25T11:54:08Z</time>
      </trkpt>
      <trkpt lat="45.63506" lon="6.52434">
        <ele>2465</ele>
        <time>2026-02-25T11:54:24Z</time>
      </trkpt>
      <trkpt lat="45.63496" lon="6.52415">
        <ele>2469.2</ele>
        <time>2026-02-25T11:54:56Z</time>
      </trkpt>
      <trkpt lat="45.63502" lon="6.52403">
        <ele>2472</ele>
        <time>2026-02-25T11:59:12Z</time>
      </trkpt>
      <trkpt lat="45.63497" lon="6.52403">
        <ele>2472.2</ele>
        <time>2026-02-25T12:01:20Z</time>
      </trkpt>
      <trkpt lat="45.63498" lon="6.52402">
        <ele>2472.2</ele>
        <time>2026-02-25T12:05:36Z</time>
      </trkpt>
      <trkpt lat="45.63501" lon="6.52406">
        <ele>2471.2</ele>
        <time>2026-02-25T12:08:48Z</time>
      </trkpt>
      <trkpt lat="45.63502" lon="6.524">
        <ele>2472.2</ele>
        <time>2026-02-25T12:09:52Z</time>
      </trkpt>
      <trkpt lat="45.63502" lon="6.52402">
        <ele>2471.4</ele>
        <time>2026-02-25T12:10:56Z</time>
      </trkpt>
      <trkpt lat="45.63496" lon="6.52405">
        <ele>2471</ele>
        <time>2026-02-25T12:13:04Z</time>
      </trkpt>
      <trkpt lat="45.63503" lon="6.52401">
        <ele>2470.4</ele>
        <time>2026-02-25T12:14:24Z</time>
      </trkpt>
      <trkpt lat="45.635" lon="6.52401">
        <ele>2471.4</ele>
        <time>2026-02-25T12:14:30Z</time>
      </trkpt>
      <trkpt lat="45.63501" lon="6.524">
        <ele>2470.6</ele>
        <time>2026-02-25T12:18:46Z</time>
      </trkpt>
      <trkpt lat="45.63499" lon="6.52403">
        <ele>2470.8</ele>
        <time>2026-02-25T12:21:35Z</time>
      </trkpt>
      <trkpt lat="45.63507" lon="6.52406">
        <ele>2470.4</ele>
        <time>2026-02-25T12:30:07Z</time>
      </trkpt>
      <trkpt lat="45.63502" lon="6.5241">
        <ele>2469.2</ele>
        <time>2026-02-25T12:31:51Z</time>
      </trkpt>
      <trkpt lat="45.63495" lon="6.52412">
        <ele>2468.2</ele>
        <time>2026-02-25T12:32:55Z</time>
      </trkpt>
      <trkpt lat="45.63501" lon="6.52411">
        <ele>2468.6</ele>
        <time>2026-02-25T12:34:07Z</time>
      </trkpt>
      <trkpt lat="45.63502" lon="6.52408">
        <ele>2470.4</ele>
        <time>2026-02-25T12:38:21Z</time>
      </trkpt>
      <trkpt lat="45.63494" lon="6.52412">
        <ele>2470.4</ele>
        <time>2026-02-25T12:38:24Z</time>
      </trkpt>
      <trkpt lat="45.63482" lon="6.5241">
        <ele>2467.4</ele>
        <time>2026-02-25T12:38:56Z</time>
      </trkpt>
      <trkpt lat="45.63469" lon="6.52416">
        <ele>2463.4</ele>
        <time>2026-02-25T12:39:18Z</time>
      </trkpt>
      <trkpt lat="45.63456" lon="6.52415">
        <ele>2462.4</ele>
        <time>2026-02-25T12:39:21Z</time>
      </trkpt>
      <trkpt lat="45.63447" lon="6.52421">
        <ele>2459</ele>
        <time>2026-02-25T12:39:23Z</time>
      </trkpt>
      <trkpt lat="45.63443" lon="6.52422">
        <ele>2459</ele>
        <time>2026-02-25T12:39:24Z</time>
      </trkpt>
      <trkpt lat="45.63433" lon="6.52421">
        <ele>2452.6</ele>
        <time>2026-02-25T12:39:27Z</time>
      </trkpt>
      <trkpt lat="45.6343" lon="6.52426">
        <ele>2452.6</ele>
        <time>2026-02-25T12:39:29Z</time>
      </trkpt>
      <trkpt lat="45.63425" lon="6.52427">
        <ele>2451</ele>
        <time>2026-02-25T12:39:31Z</time>
      </trkpt>
      <trkpt lat="45.63417" lon="6.52426">
        <ele>2449.8</ele>
        <time>2026-02-25T12:39:37Z</time>
      </trkpt>
      <trkpt lat="45.63416" lon="6.5243">
        <ele>2447.8</ele>
        <time>2026-02-25T12:39:39Z</time>
      </trkpt>
      <trkpt lat="45.63422" lon="6.52435">
        <ele>2446.4</ele>
        <time>2026-02-25T12:39:43Z</time>
      </trkpt>
      <trkpt lat="45.63423" lon="6.52438">
        <ele>2446.4</ele>
        <time>2026-02-25T12:39:44Z</time>
      </trkpt>
      <trkpt lat="45.63422" lon="6.52443">
        <ele>2446.4</ele>
        <time>2026-02-25T12:39:45Z</time>
      </trkpt>
      <trkpt lat="45.63415" lon="6.52445">
        <ele>2441.8</ele>
        <time>2026-02-25T12:39:47Z</time>
      </trkpt>
      <trkpt lat="45.63412" lon="6.52449">
        <ele>2441.8</ele>
        <time>2026-02-25T12:39:48Z</time>
      </trkpt>
      <trkpt lat="45.63414" lon="6.52453">
        <ele>2440.8</ele>
        <time>2026-02-25T12:39:49Z</time>
      </trkpt>
      <trkpt lat="45.63417" lon="6.52455">
        <ele>2436.8</ele>
        <time>2026-02-25T12:39:50Z</time>
      </trkpt>
      <trkpt lat="45.63419" lon="6.5246">
        <ele>2436.8</ele>
        <time>2026-02-25T12:39:51Z</time>
      </trkpt>
      <trkpt lat="45.63416" lon="6.52464">
        <ele>2436.8</ele>
        <time>2026-02-25T12:39:52Z</time>
      </trkpt>
      <trkpt lat="45.634" lon="6.52465">
        <ele>2432.4</ele>
        <time>2026-02-25T12:39:57Z</time>
      </trkpt>
      <trkpt lat="45.63397" lon="6.52467">
        <ele>2431.6</ele>
        <time>2026-02-25T12:39:58Z</time>
      </trkpt>
      <trkpt lat="45.634" lon="6.52477">
        <ele>2430.6</ele>
        <time>2026-02-25T12:40:01Z</time>
      </trkpt>
      <trkpt lat="45.63397" lon="6.52479">
        <ele>2426.4</ele>
        <time>2026-02-25T12:40:02Z</time>
      </trkpt>
      <trkpt lat="45.63394" lon="6.52484">
        <ele>2426.4</ele>
        <time>2026-02-25T12:40:03Z</time>
      </trkpt>
      <trkpt lat="45.63397" lon="6.52491">
        <ele>2425.4</ele>
        <time>2026-02-25T12:40:05Z</time>
      </trkpt>
      <trkpt lat="45.63396" lon="6.52496">
        <ele>2420.4</ele>
        <time>2026-02-25T12:40:06Z</time>
      </trkpt>
      <trkpt lat="45.63389" lon="6.525">
        <ele>2420.4</ele>
        <time>2026-02-25T12:40:08Z</time>
      </trkpt>
      <trkpt lat="45.63387" lon="6.52504">
        <ele>2419.4</ele>
        <time>2026-02-25T12:40:09Z</time>
      </trkpt>
      <trkpt lat="45.63398" lon="6.52511">
        <ele>2415.6</ele>
        <time>2026-02-25T12:40:12Z</time>
      </trkpt>
      <trkpt lat="45.634" lon="6.52517">
        <ele>2414.6</ele>
        <time>2026-02-25T12:40:13Z</time>
      </trkpt>
      <trkpt lat="45.63396" lon="6.52523">
        <ele>2410</ele>
        <time>2026-02-25T12:40:14Z</time>
      </trkpt>
      <trkpt lat="45.63392" lon="6.52525">
        <ele>2410</ele>
        <time>2026-02-25T12:40:15Z</time>
      </trkpt>
      <trkpt lat="45.63385" lon="6.52525">
        <ele>2409</ele>
        <time>2026-02-25T12:40:17Z</time>
      </trkpt>
      <trkpt lat="45.63382" lon="6.52527">
        <ele>2407</ele>
        <time>2026-02-25T12:40:18Z</time>
      </trkpt>
      <trkpt lat="45.63381" lon="6.52531">
        <ele>2407</ele>
        <time>2026-02-25T12:40:19Z</time>
      </trkpt>
      <trkpt lat="45.63384" lon="6.52537">
        <ele>2407</ele>
        <time>2026-02-25T12:40:20Z</time>
      </trkpt>
      <trkpt lat="45.63391" lon="6.52539">
        <ele>2403.2</ele>
        <time>2026-02-25T12:40:22Z</time>
      </trkpt>
      <trkpt lat="45.63392" lon="6.52544">
        <ele>2403.2</ele>
        <time>2026-02-25T12:40:23Z</time>
      </trkpt>
      <trkpt lat="45.63378" lon="6.52551">
        <ele>2400.6</ele>
        <time>2026-02-25T12:40:28Z</time>
      </trkpt>
      <trkpt lat="45.63378" lon="6.52555">
        <ele>2399.6</ele>
        <time>2026-02-25T12:40:29Z</time>
      </trkpt>
      <trkpt lat="45.63381" lon="6.52557">
        <ele>2397.8</ele>
        <time>2026-02-25T12:40:30Z</time>
      </trkpt>
      <trkpt lat="45.63384" lon="6.52569">
        <ele>2397.8</ele>
        <time>2026-02-25T12:40:32Z</time>
      </trkpt>
      <trkpt lat="45.63374" lon="6.52582">
        <ele>2390.4</ele>
        <time>2026-02-25T12:40:34Z</time>
      </trkpt>
      <trkpt lat="45.63361" lon="6.5261">
        <ele>2389.4</ele>
        <time>2026-02-25T12:40:37Z</time>
      </trkpt>
      <trkpt lat="45.63355" lon="6.52654">
        <ele>2385.6</ele>
        <time>2026-02-25T12:40:41Z</time>
      </trkpt>
      <trkpt lat="45.63357" lon="6.52678">
        <ele>2383.2</ele>
        <time>2026-02-25T12:41:13Z</time>
      </trkpt>
      <trkpt lat="45.63354" lon="6.52686">
        <ele>2383.6</ele>
        <time>2026-02-25T12:41:31Z</time>
      </trkpt>
      <trkpt lat="45.63354" lon="6.52695">
        <ele>2383.2</ele>
        <time>2026-02-25T12:41:33Z</time>
      </trkpt>
      <trkpt lat="45.6336" lon="6.52716">
        <ele>2382.4</ele>
        <time>2026-02-25T12:41:36Z</time>
      </trkpt>
      <trkpt lat="45.63358" lon="6.52724">
        <ele>2381.4</ele>
        <time>2026-02-25T12:41:37Z</time>
      </trkpt>
      <trkpt lat="45.63354" lon="6.52731">
        <ele>2377.4</ele>
        <time>2026-02-25T12:41:38Z</time>
      </trkpt>
      <trkpt lat="45.63352" lon="6.52754">
        <ele>2377.4</ele>
        <time>2026-02-25T12:41:41Z</time>
      </trkpt>
      <trkpt lat="45.63355" lon="6.52771">
        <ele>2376</ele>
        <time>2026-02-25T12:41:43Z</time>
      </trkpt>
      <trkpt lat="45.63357" lon="6.52818">
        <ele>2370.8</ele>
        <time>2026-02-25T12:41:49Z</time>
      </trkpt>
      <trkpt lat="45.63359" lon="6.52823">
        <ele>2368.6</ele>
        <time>2026-02-25T12:41:50Z</time>
      </trkpt>
      <trkpt lat="45.6336" lon="6.52835">
        <ele>2368.6</ele>
        <time>2026-02-25T12:41:52Z</time>
      </trkpt>
      <trkpt lat="45.63359" lon="6.52845">
        <ele>2367</ele>
        <time>2026-02-25T12:41:54Z</time>
      </trkpt>
      <trkpt lat="45.63361" lon="6.52853">
        <ele>2367</ele>
        <time>2026-02-25T12:41:56Z</time>
      </trkpt>
      <trkpt lat="45.6336" lon="6.52869">
        <ele>2365.4</ele>
        <time>2026-02-25T12:42:00Z</time>
      </trkpt>
      <trkpt lat="45.63355" lon="6.52887">
        <ele>2363.4</ele>
        <time>2026-02-25T12:42:04Z</time>
      </trkpt>
      <trkpt lat="45.63349" lon="6.52898">
        <ele>2361</ele>
        <time>2026-02-25T12:42:07Z</time>
      </trkpt>
      <trkpt lat="45.6335" lon="6.52898">
        <ele>2360.4</ele>
        <time>2026-02-25T12:43:11Z</time>
      </trkpt>
      <trkpt lat="45.63346" lon="6.52909">
        <ele>2359.6</ele>
        <time>2026-02-25T12:43:57Z</time>
      </trkpt>
      <trkpt lat="45.63352" lon="6.52915">
        <ele>2357.6</ele>
        <time>2026-02-25T12:43:59Z</time>
      </trkpt>
      <trkpt lat="45.63354" lon="6.5292">
        <ele>2357.6</ele>
        <time>2026-02-25T12:44:00Z</time>
      </trkpt>
      <trkpt lat="45.63352" lon="6.52927">
        <ele>2356.6</ele>
        <time>2026-02-25T12:44:01Z</time>
      </trkpt>
      <trkpt lat="45.63348" lon="6.52933">
        <ele>2351.8</ele>
        <time>2026-02-25T12:44:03Z</time>
      </trkpt>
      <trkpt lat="45.63349" lon="6.52936">
        <ele>2351.8</ele>
        <time>2026-02-25T12:44:04Z</time>
      </trkpt>
      <trkpt lat="45.63353" lon="6.52939">
        <ele>2351.8</ele>
        <time>2026-02-25T12:44:05Z</time>
      </trkpt>
      <trkpt lat="45.63354" lon="6.52943">
        <ele>2349</ele>
        <time>2026-02-25T12:44:06Z</time>
      </trkpt>
      <trkpt lat="45.63352" lon="6.52949">
        <ele>2349</ele>
        <time>2026-02-25T12:44:08Z</time>
      </trkpt>
      <trkpt lat="45.63357" lon="6.52958">
        <ele>2345.2</ele>
        <time>2026-02-25T12:44:11Z</time>
      </trkpt>
      <trkpt lat="45.63353" lon="6.52963">
        <ele>2344.2</ele>
        <time>2026-02-25T12:44:13Z</time>
      </trkpt>
      <trkpt lat="45.63356" lon="6.52972">
        <ele>2338.6</ele>
        <time>2026-02-25T12:44:15Z</time>
      </trkpt>
      <trkpt lat="45.63352" lon="6.52979">
        <ele>2338.6</ele>
        <time>2026-02-25T12:44:17Z</time>
      </trkpt>
      <trkpt lat="45.63354" lon="6.52989">
        <ele>2333.2</ele>
        <time>2026-02-25T12:44:19Z</time>
      </trkpt>
      <trkpt lat="45.63346" lon="6.53004">
        <ele>2332.2</ele>
        <time>2026-02-25T12:44:21Z</time>
      </trkpt>
      <trkpt lat="45.63337" lon="6.53013">
        <ele>2327</ele>
        <time>2026-02-25T12:44:37Z</time>
      </trkpt>
      <trkpt lat="45.63331" lon="6.53016">
        <ele>2326.6</ele>
        <time>2026-02-25T12:45:09Z</time>
      </trkpt>
      <trkpt lat="45.63305" lon="6.53017">
        <ele>2324.8</ele>
        <time>2026-02-25T12:45:23Z</time>
      </trkpt>
      <trkpt lat="45.63294" lon="6.5302">
        <ele>2324.2</ele>
        <time>2026-02-25T12:45:26Z</time>
      </trkpt>
      <trkpt lat="45.6329" lon="6.53019">
        <ele>2324.2</ele>
        <time>2026-02-25T12:45:27Z</time>
      </trkpt>
      <trkpt lat="45.63281" lon="6.53006">
        <ele>2323.2</ele>
        <time>2026-02-25T12:45:29Z</time>
      </trkpt>
      <trkpt lat="45.63275" lon="6.53002">
        <ele>2317.2</ele>
        <time>2026-02-25T12:45:30Z</time>
      </trkpt>
      <trkpt lat="45.63261" lon="6.52999">
        <ele>2317.2</ele>
        <time>2026-02-25T12:45:32Z</time>
      </trkpt>
      <trkpt lat="45.63252" lon="6.52986">
        <ele>2312.2</ele>
        <time>2026-02-25T12:45:34Z</time>
      </trkpt>
      <trkpt lat="45.63246" lon="6.52983">
        <ele>2312.2</ele>
        <time>2026-02-25T12:45:35Z</time>
      </trkpt>
      <trkpt lat="45.63242" lon="6.52978">
        <ele>2312.2</ele>
        <time>2026-02-25T12:45:36Z</time>
      </trkpt>
      <trkpt lat="45.63239" lon="6.52969">
        <ele>2312.2</ele>
        <time>2026-02-25T12:45:37Z</time>
      </trkpt>
      <trkpt lat="45.63217" lon="6.52947">
        <ele>2306.6</ele>
        <time>2026-02-25T12:45:41Z</time>
      </trkpt>
      <trkpt lat="45.6321" lon="6.52946">
        <ele>2301.6</ele>
        <time>2026-02-25T12:45:42Z</time>
      </trkpt>
      <trkpt lat="45.63201" lon="6.52935">
        <ele>2301.6</ele>
        <time>2026-02-25T12:45:44Z</time>
      </trkpt>
      <trkpt lat="45.63183" lon="6.52928">
        <ele>2296.2</ele>
        <time>2026-02-25T12:45:47Z</time>
      </trkpt>
      <trkpt lat="45.63178" lon="6.52929">
        <ele>2296.2</ele>
        <time>2026-02-25T12:45:48Z</time>
      </trkpt>
      <trkpt lat="45.63164" lon="6.5294">
        <ele>2294</ele>
        <time>2026-02-25T12:45:51Z</time>
      </trkpt>
      <trkpt lat="45.6316" lon="6.52939">
        <ele>2294</ele>
        <time>2026-02-25T12:45:52Z</time>
      </trkpt>
      <trkpt lat="45.63153" lon="6.52925">
        <ele>2290.8</ele>
        <time>2026-02-25T12:46:56Z</time>
      </trkpt>
      <trkpt lat="45.63155" lon="6.52923">
        <ele>2290.8</ele>
        <time>2026-02-25T12:47:06Z</time>
      </trkpt>
      <trkpt lat="45.6315" lon="6.52924">
        <ele>2290.8</ele>
        <time>2026-02-25T12:47:08Z</time>
      </trkpt>
      <trkpt lat="45.63142" lon="6.52931">
        <ele>2287.2</ele>
        <time>2026-02-25T12:47:11Z</time>
      </trkpt>
      <trkpt lat="45.63141" lon="6.52935">
        <ele>2287.2</ele>
        <time>2026-02-25T12:47:12Z</time>
      </trkpt>
      <trkpt lat="45.63135" lon="6.52939">
        <ele>2286.2</ele>
        <time>2026-02-25T12:47:14Z</time>
      </trkpt>
      <trkpt lat="45.63132" lon="6.52943">
        <ele>2286.2</ele>
        <time>2026-02-25T12:47:15Z</time>
      </trkpt>
      <trkpt lat="45.63128" lon="6.52945">
        <ele>2286.2</ele>
        <time>2026-02-25T12:47:16Z</time>
      </trkpt>
      <trkpt lat="45.63124" lon="6.52944">
        <ele>2282.4</ele>
        <time>2026-02-25T12:47:18Z</time>
      </trkpt>
      <trkpt lat="45.6312" lon="6.52945">
        <ele>2282.4</ele>
        <time>2026-02-25T12:47:19Z</time>
      </trkpt>
      <trkpt lat="45.63117" lon="6.52943">
        <ele>2282.4</ele>
        <time>2026-02-25T12:47:20Z</time>
      </trkpt>
      <trkpt lat="45.63115" lon="6.52939">
        <ele>2281.4</ele>
        <time>2026-02-25T12:47:21Z</time>
      </trkpt>
      <trkpt lat="45.63112" lon="6.52937">
        <ele>2277.6</ele>
        <time>2026-02-25T12:47:22Z</time>
      </trkpt>
      <trkpt lat="45.6311" lon="6.52938">
        <ele>2277.6</ele>
        <time>2026-02-25T12:47:23Z</time>
      </trkpt>
      <trkpt lat="45.63106" lon="6.52937">
        <ele>2277.6</ele>
        <time>2026-02-25T12:47:24Z</time>
      </trkpt>
      <trkpt lat="45.63101" lon="6.5293">
        <ele>2273</ele>
        <time>2026-02-25T12:47:26Z</time>
      </trkpt>
      <trkpt lat="45.63097" lon="6.52931">
        <ele>2273</ele>
        <time>2026-02-25T12:47:27Z</time>
      </trkpt>
      <trkpt lat="45.63093" lon="6.5293">
        <ele>2273</ele>
        <time>2026-02-25T12:47:28Z</time>
      </trkpt>
      <trkpt lat="45.63092" lon="6.52923">
        <ele>2272</ele>
        <time>2026-02-25T12:47:29Z</time>
      </trkpt>
      <trkpt lat="45.63087" lon="6.52916">
        <ele>2265.2</ele>
        <time>2026-02-25T12:47:30Z</time>
      </trkpt>
      <trkpt lat="45.6308" lon="6.52915">
        <ele>2265.2</ele>
        <time>2026-02-25T12:47:32Z</time>
      </trkpt>
      <trkpt lat="45.63077" lon="6.52904">
        <ele>2259</ele>
        <time>2026-02-25T12:47:34Z</time>
      </trkpt>
      <trkpt lat="45.63069" lon="6.52903">
        <ele>2259</ele>
        <time>2026-02-25T12:47:36Z</time>
      </trkpt>
      <trkpt lat="45.63067" lon="6.5289">
        <ele>2252.2</ele>
        <time>2026-02-25T12:47:38Z</time>
      </trkpt>
      <trkpt lat="45.63063" lon="6.52888">
        <ele>2252.2</ele>
        <time>2026-02-25T12:47:39Z</time>
      </trkpt>
      <trkpt lat="45.63059" lon="6.52889">
        <ele>2252.2</ele>
        <time>2026-02-25T12:47:40Z</time>
      </trkpt>
      <trkpt lat="45.63056" lon="6.52886">
        <ele>2251.2</ele>
        <time>2026-02-25T12:47:41Z</time>
      </trkpt>
      <trkpt lat="45.63055" lon="6.52882">
        <ele>2246.4</ele>
        <time>2026-02-25T12:47:42Z</time>
      </trkpt>
      <trkpt lat="45.63052" lon="6.52881">
        <ele>2246.4</ele>
        <time>2026-02-25T12:47:43Z</time>
      </trkpt>
      <trkpt lat="45.63043" lon="6.52882">
        <ele>2245.4</ele>
        <time>2026-02-25T12:47:45Z</time>
      </trkpt>
      <trkpt lat="45.63039" lon="6.52868">
        <ele>2241.4</ele>
        <time>2026-02-25T12:47:48Z</time>
      </trkpt>
      <trkpt lat="45.63034" lon="6.52867">
        <ele>2240.4</ele>
        <time>2026-02-25T12:47:49Z</time>
      </trkpt>
      <trkpt lat="45.63029" lon="6.5286">
        <ele>2239.2</ele>
        <time>2026-02-25T12:47:51Z</time>
      </trkpt>
      <trkpt lat="45.63026" lon="6.52852">
        <ele>2238.2</ele>
        <time>2026-02-25T12:47:53Z</time>
      </trkpt>
      <trkpt lat="45.63023" lon="6.52851">
        <ele>2235.4</ele>
        <time>2026-02-25T12:47:54Z</time>
      </trkpt>
      <trkpt lat="45.63017" lon="6.52853">
        <ele>2235.4</ele>
        <time>2026-02-25T12:47:55Z</time>
      </trkpt>
      <trkpt lat="45.63013" lon="6.52851">
        <ele>2235.4</ele>
        <time>2026-02-25T12:47:56Z</time>
      </trkpt>
      <trkpt lat="45.63007" lon="6.52832">
        <ele>2231</ele>
        <time>2026-02-25T12:47:59Z</time>
      </trkpt>
      <trkpt lat="45.63003" lon="6.52827">
        <ele>2231</ele>
        <time>2026-02-25T12:48:00Z</time>
      </trkpt>
      <trkpt lat="45.62999" lon="6.52826">
        <ele>2230</ele>
        <time>2026-02-25T12:48:01Z</time>
      </trkpt>
      <trkpt lat="45.62993" lon="6.5283">
        <ele>2226.2</ele>
        <time>2026-02-25T12:48:03Z</time>
      </trkpt>
      <trkpt lat="45.62988" lon="6.52827">
        <ele>2226.2</ele>
        <time>2026-02-25T12:48:04Z</time>
      </trkpt>
      <trkpt lat="45.62983" lon="6.52821">
        <ele>2223.2</ele>
        <time>2026-02-25T12:48:06Z</time>
      </trkpt>
      <trkpt lat="45.62978" lon="6.52819">
        <ele>2223.2</ele>
        <time>2026-02-25T12:48:07Z</time>
      </trkpt>
      <trkpt lat="45.62974" lon="6.52815">
        <ele>2223.2</ele>
        <time>2026-02-25T12:48:08Z</time>
      </trkpt>
      <trkpt lat="45.62973" lon="6.52807">
        <ele>2222.2</ele>
        <time>2026-02-25T12:48:09Z</time>
      </trkpt>
      <trkpt lat="45.62975" lon="6.52795">
        <ele>2220.2</ele>
        <time>2026-02-25T12:48:11Z</time>
      </trkpt>
      <trkpt lat="45.62966" lon="6.52783">
        <ele>2216.8</ele>
        <time>2026-02-25T12:48:14Z</time>
      </trkpt>
      <trkpt lat="45.62965" lon="6.5277">
        <ele>2216.8</ele>
        <time>2026-02-25T12:48:16Z</time>
      </trkpt>
      <trkpt lat="45.62959" lon="6.52762">
        <ele>2215.2</ele>
        <time>2026-02-25T12:48:18Z</time>
      </trkpt>
      <trkpt lat="45.62958" lon="6.52752">
        <ele>2215.2</ele>
        <time>2026-02-25T12:48:20Z</time>
      </trkpt>
      <trkpt lat="45.62952" lon="6.52741">
        <ele>2211.6</ele>
        <time>2026-02-25T12:48:22Z</time>
      </trkpt>
      <trkpt lat="45.62951" lon="6.52733">
        <ele>2211.6</ele>
        <time>2026-02-25T12:48:23Z</time>
      </trkpt>
      <trkpt lat="45.62952" lon="6.52727">
        <ele>2211.6</ele>
        <time>2026-02-25T12:48:24Z</time>
      </trkpt>
      <trkpt lat="45.62951" lon="6.52721">
        <ele>2210.6</ele>
        <time>2026-02-25T12:48:25Z</time>
      </trkpt>
      <trkpt lat="45.62947" lon="6.52719">
        <ele>2207.8</ele>
        <time>2026-02-25T12:48:26Z</time>
      </trkpt>
      <trkpt lat="45.62943" lon="6.52719">
        <ele>2207.8</ele>
        <time>2026-02-25T12:48:27Z</time>
      </trkpt>
      <trkpt lat="45.62939" lon="6.52714">
        <ele>2207.8</ele>
        <time>2026-02-25T12:48:28Z</time>
      </trkpt>
      <trkpt lat="45.62936" lon="6.52704">
        <ele>2203</ele>
        <time>2026-02-25T12:48:30Z</time>
      </trkpt>
      <trkpt lat="45.62932" lon="6.52704">
        <ele>2203</ele>
        <time>2026-02-25T12:48:31Z</time>
      </trkpt>
      <trkpt lat="45.62929" lon="6.52694">
        <ele>2203</ele>
        <time>2026-02-25T12:48:33Z</time>
      </trkpt>
      <trkpt lat="45.62922" lon="6.52688">
        <ele>2199.8</ele>
        <time>2026-02-25T12:48:35Z</time>
      </trkpt>
      <trkpt lat="45.62918" lon="6.52676">
        <ele>2198.8</ele>
        <time>2026-02-25T12:48:37Z</time>
      </trkpt>
      <trkpt lat="45.62914" lon="6.52675">
        <ele>2195</ele>
        <time>2026-02-25T12:48:38Z</time>
      </trkpt>
      <trkpt lat="45.6291" lon="6.5267">
        <ele>2195</ele>
        <time>2026-02-25T12:48:39Z</time>
      </trkpt>
      <trkpt lat="45.62909" lon="6.52656">
        <ele>2194</ele>
        <time>2026-02-25T12:48:41Z</time>
      </trkpt>
      <trkpt lat="45.629" lon="6.5265">
        <ele>2191</ele>
        <time>2026-02-25T12:48:43Z</time>
      </trkpt>
      <trkpt lat="45.62897" lon="6.52637">
        <ele>2190</ele>
        <time>2026-02-25T12:48:45Z</time>
      </trkpt>
      <trkpt lat="45.62893" lon="6.52635">
        <ele>2185.4</ele>
        <time>2026-02-25T12:48:46Z</time>
      </trkpt>
      <trkpt lat="45.62888" lon="6.52636">
        <ele>2185.4</ele>
        <time>2026-02-25T12:48:47Z</time>
      </trkpt>
      <trkpt lat="45.62885" lon="6.52632">
        <ele>2185.4</ele>
        <time>2026-02-25T12:48:48Z</time>
      </trkpt>
      <trkpt lat="45.62884" lon="6.52621">
        <ele>2182.2</ele>
        <time>2026-02-25T12:48:50Z</time>
      </trkpt>
      <trkpt lat="45.6288" lon="6.52619">
        <ele>2182.2</ele>
        <time>2026-02-25T12:48:51Z</time>
      </trkpt>
      <trkpt lat="45.62873" lon="6.52623">
        <ele>2181.2</ele>
        <time>2026-02-25T12:48:53Z</time>
      </trkpt>
      <trkpt lat="45.6287" lon="6.52617">
        <ele>2179.4</ele>
        <time>2026-02-25T12:48:55Z</time>
      </trkpt>
      <trkpt lat="45.62869" lon="6.52609">
        <ele>2178.4</ele>
        <time>2026-02-25T12:48:57Z</time>
      </trkpt>
      <trkpt lat="45.62857" lon="6.52611">
        <ele>2177</ele>
        <time>2026-02-25T12:49:00Z</time>
      </trkpt>
      <trkpt lat="45.62851" lon="6.52602">
        <ele>2173</ele>
        <time>2026-02-25T12:49:02Z</time>
      </trkpt>
      <trkpt lat="45.62844" lon="6.52603">
        <ele>2173</ele>
        <time>2026-02-25T12:49:04Z</time>
      </trkpt>
      <trkpt lat="45.62839" lon="6.52595">
        <ele>2169.8</ele>
        <time>2026-02-25T12:49:06Z</time>
      </trkpt>
      <trkpt lat="45.62832" lon="6.52592">
        <ele>2169.8</ele>
        <time>2026-02-25T12:49:08Z</time>
      </trkpt>
      <trkpt lat="45.6283" lon="6.52587">
        <ele>2168.8</ele>
        <time>2026-02-25T12:49:09Z</time>
      </trkpt>
      <trkpt lat="45.62821" lon="6.52582">
        <ele>2163.8</ele>
        <time>2026-02-25T12:49:11Z</time>
      </trkpt>
      <trkpt lat="45.62818" lon="6.52577">
        <ele>2163.8</ele>
        <time>2026-02-25T12:49:12Z</time>
      </trkpt>
      <trkpt lat="45.62819" lon="6.52565">
        <ele>2159</ele>
        <time>2026-02-25T12:49:14Z</time>
      </trkpt>
      <trkpt lat="45.62817" lon="6.5256">
        <ele>2159</ele>
        <time>2026-02-25T12:49:15Z</time>
      </trkpt>
      <trkpt lat="45.62812" lon="6.5256">
        <ele>2159</ele>
        <time>2026-02-25T12:49:16Z</time>
      </trkpt>
      <trkpt lat="45.62808" lon="6.52556">
        <ele>2159</ele>
        <time>2026-02-25T12:49:17Z</time>
      </trkpt>
      <trkpt lat="45.62805" lon="6.52548">
        <ele>2156</ele>
        <time>2026-02-25T12:49:18Z</time>
      </trkpt>
      <trkpt lat="45.62786" lon="6.52523">
        <ele>2151.6</ele>
        <time>2026-02-25T12:49:23Z</time>
      </trkpt>
      <trkpt lat="45.62777" lon="6.5252">
        <ele>2150.6</ele>
        <time>2026-02-25T12:49:25Z</time>
      </trkpt>
      <trkpt lat="45.62769" lon="6.52509">
        <ele>2149.2</ele>
        <time>2026-02-25T12:49:27Z</time>
      </trkpt>
      <trkpt lat="45.62753" lon="6.52496">
        <ele>2146</ele>
        <time>2026-02-25T12:49:31Z</time>
      </trkpt>
      <trkpt lat="45.62746" lon="6.52487">
        <ele>2145</ele>
        <time>2026-02-25T12:49:33Z</time>
      </trkpt>
      <trkpt lat="45.62742" lon="6.52488">
        <ele>2140.8</ele>
        <time>2026-02-25T12:49:34Z</time>
      </trkpt>
      <trkpt lat="45.62738" lon="6.52495">
        <ele>2140.8</ele>
        <time>2026-02-25T12:49:35Z</time>
      </trkpt>
      <trkpt lat="45.62738" lon="6.525">
        <ele>2140.8</ele>
        <time>2026-02-25T12:49:36Z</time>
      </trkpt>
      <trkpt lat="45.62736" lon="6.52505">
        <ele>2139.8</ele>
        <time>2026-02-25T12:49:37Z</time>
      </trkpt>
      <trkpt lat="45.62732" lon="6.52505">
        <ele>2137.2</ele>
        <time>2026-02-25T12:49:38Z</time>
      </trkpt>
      <trkpt lat="45.62729" lon="6.52497">
        <ele>2135.4</ele>
        <time>2026-02-25T12:50:21Z</time>
      </trkpt>
      <trkpt lat="45.62725" lon="6.52495">
        <ele>2132.8</ele>
        <time>2026-02-25T12:50:22Z</time>
      </trkpt>
      <trkpt lat="45.62723" lon="6.52498">
        <ele>2132.8</ele>
        <time>2026-02-25T12:50:23Z</time>
      </trkpt>
      <trkpt lat="45.62719" lon="6.52499">
        <ele>2132.8</ele>
        <time>2026-02-25T12:50:24Z</time>
      </trkpt>
      <trkpt lat="45.62715" lon="6.52487">
        <ele>2128.4</ele>
        <time>2026-02-25T12:50:27Z</time>
      </trkpt>
      <trkpt lat="45.62712" lon="6.52486">
        <ele>2128.4</ele>
        <time>2026-02-25T12:50:28Z</time>
      </trkpt>
      <trkpt lat="45.62706" lon="6.5249">
        <ele>2125.2</ele>
        <time>2026-02-25T12:50:30Z</time>
      </trkpt>
      <trkpt lat="45.62703" lon="6.52487">
        <ele>2125.2</ele>
        <time>2026-02-25T12:50:31Z</time>
      </trkpt>
      <trkpt lat="45.62702" lon="6.52476">
        <ele>2124.2</ele>
        <time>2026-02-25T12:50:33Z</time>
      </trkpt>
      <trkpt lat="45.627" lon="6.52472">
        <ele>2120</ele>
        <time>2026-02-25T12:50:34Z</time>
      </trkpt>
      <trkpt lat="45.62697" lon="6.52473">
        <ele>2120</ele>
        <time>2026-02-25T12:50:35Z</time>
      </trkpt>
      <trkpt lat="45.62696" lon="6.52475">
        <ele>2120</ele>
        <time>2026-02-25T12:50:36Z</time>
      </trkpt>
      <trkpt lat="45.62692" lon="6.52476">
        <ele>2119</ele>
        <time>2026-02-25T12:50:37Z</time>
      </trkpt>
      <trkpt lat="45.6269" lon="6.52472">
        <ele>2115.6</ele>
        <time>2026-02-25T12:50:38Z</time>
      </trkpt>
      <trkpt lat="45.6269" lon="6.52463">
        <ele>2115.6</ele>
        <time>2026-02-25T12:50:40Z</time>
      </trkpt>
      <trkpt lat="45.62687" lon="6.52464">
        <ele>2114.6</ele>
        <time>2026-02-25T12:50:41Z</time>
      </trkpt>
      <trkpt lat="45.62683" lon="6.52469">
        <ele>2111</ele>
        <time>2026-02-25T12:50:43Z</time>
      </trkpt>
      <trkpt lat="45.62679" lon="6.52469">
        <ele>2111</ele>
        <time>2026-02-25T12:50:44Z</time>
      </trkpt>
      <trkpt lat="45.62677" lon="6.52453">
        <ele>2105.6</ele>
        <time>2026-02-25T12:50:47Z</time>
      </trkpt>
      <trkpt lat="45.62672" lon="6.52452">
        <ele>2105.6</ele>
        <time>2026-02-25T12:50:48Z</time>
      </trkpt>
      <trkpt lat="45.62665" lon="6.52461">
        <ele>2101.2</ele>
        <time>2026-02-25T12:50:50Z</time>
      </trkpt>
      <trkpt lat="45.6266" lon="6.52461">
        <ele>2101.2</ele>
        <time>2026-02-25T12:50:51Z</time>
      </trkpt>
      <trkpt lat="45.62657" lon="6.52456">
        <ele>2101.2</ele>
        <time>2026-02-25T12:50:52Z</time>
      </trkpt>
      <trkpt lat="45.62656" lon="6.52449">
        <ele>2100.2</ele>
        <time>2026-02-25T12:50:53Z</time>
      </trkpt>
      <trkpt lat="45.62652" lon="6.52443">
        <ele>2095.8</ele>
        <time>2026-02-25T12:50:54Z</time>
      </trkpt>
      <trkpt lat="45.62621" lon="6.52419">
        <ele>2091.8</ele>
        <time>2026-02-25T12:50:59Z</time>
      </trkpt>
      <trkpt lat="45.62613" lon="6.52407">
        <ele>2091</ele>
        <time>2026-02-25T12:51:01Z</time>
      </trkpt>
      <trkpt lat="45.62599" lon="6.52394">
        <ele>2090</ele>
        <time>2026-02-25T12:51:04Z</time>
      </trkpt>
      <trkpt lat="45.62594" lon="6.52385">
        <ele>2088</ele>
        <time>2026-02-25T12:51:06Z</time>
      </trkpt>
      <trkpt lat="45.62586" lon="6.52376">
        <ele>2088</ele>
        <time>2026-02-25T12:51:09Z</time>
      </trkpt>
      <trkpt lat="45.62587" lon="6.52375">
        <ele>2085.8</ele>
        <time>2026-02-25T12:51:10Z</time>
      </trkpt>
      <trkpt lat="45.62586" lon="6.52375">
        <ele>2086</ele>
        <time>2026-02-25T12:51:42Z</time>
      </trkpt>
      <trkpt lat="45.62584" lon="6.52362">
        <ele>2083.2</ele>
        <time>2026-02-25T12:51:58Z</time>
      </trkpt>
      <trkpt lat="45.62577" lon="6.52358">
        <ele>2083.2</ele>
        <time>2026-02-25T12:52:00Z</time>
      </trkpt>
      <trkpt lat="45.62576" lon="6.52348">
        <ele>2078.8</ele>
        <time>2026-02-25T12:52:02Z</time>
      </trkpt>
      <trkpt lat="45.62573" lon="6.52346">
        <ele>2078.8</ele>
        <time>2026-02-25T12:52:03Z</time>
      </trkpt>
      <trkpt lat="45.62567" lon="6.52345">
        <ele>2077.8</ele>
        <time>2026-02-25T12:52:05Z</time>
      </trkpt>
      <trkpt lat="45.62562" lon="6.52329">
        <ele>2072.8</ele>
        <time>2026-02-25T12:52:08Z</time>
      </trkpt>
      <trkpt lat="45.62557" lon="6.52329">
        <ele>2067</ele>
        <time>2026-02-25T12:52:10Z</time>
      </trkpt>
      <trkpt lat="45.62554" lon="6.52326">
        <ele>2067</ele>
        <time>2026-02-25T12:52:11Z</time>
      </trkpt>
      <trkpt lat="45.62552" lon="6.52318">
        <ele>2063.2</ele>
        <time>2026-02-25T12:52:15Z</time>
      </trkpt>
      <trkpt lat="45.62553" lon="6.52317">
        <ele>2063.6</ele>
        <time>2026-02-25T12:52:31Z</time>
      </trkpt>
      <trkpt lat="45.62551" lon="6.52318">
        <ele>2062.8</ele>
        <time>2026-02-25T12:52:37Z</time>
      </trkpt>
      <trkpt lat="45.62548" lon="6.52315">
        <ele>2061</ele>
        <time>2026-02-25T12:52:38Z</time>
      </trkpt>
      <trkpt lat="45.62549" lon="6.52303">
        <ele>2061</ele>
        <time>2026-02-25T12:52:41Z</time>
      </trkpt>
      <trkpt lat="45.62546" lon="6.52298">
        <ele>2056.8</ele>
        <time>2026-02-25T12:52:42Z</time>
      </trkpt>
      <trkpt lat="45.62537" lon="6.523">
        <ele>2056.8</ele>
        <time>2026-02-25T12:52:44Z</time>
      </trkpt>
      <trkpt lat="45.6253" lon="6.52306">
        <ele>2052</ele>
        <time>2026-02-25T12:52:46Z</time>
      </trkpt>
      <trkpt lat="45.62527" lon="6.52313">
        <ele>2052</ele>
        <time>2026-02-25T12:52:48Z</time>
      </trkpt>
      <trkpt lat="45.62524" lon="6.52316">
        <ele>2051</ele>
        <time>2026-02-25T12:52:49Z</time>
      </trkpt>
      <trkpt lat="45.62521" lon="6.52316">
        <ele>2048</ele>
        <time>2026-02-25T12:52:50Z</time>
      </trkpt>
      <trkpt lat="45.62519" lon="6.52312">
        <ele>2048</ele>
        <time>2026-02-25T12:52:51Z</time>
      </trkpt>
      <trkpt lat="45.62518" lon="6.52304">
        <ele>2047</ele>
        <time>2026-02-25T12:52:53Z</time>
      </trkpt>
      <trkpt lat="45.62515" lon="6.52302">
        <ele>2043.4</ele>
        <time>2026-02-25T12:52:54Z</time>
      </trkpt>
      <trkpt lat="45.62506" lon="6.52312">
        <ele>2039.8</ele>
        <time>2026-02-25T12:52:58Z</time>
      </trkpt>
      <trkpt lat="45.62503" lon="6.5231">
        <ele>2039.8</ele>
        <time>2026-02-25T12:52:59Z</time>
      </trkpt>
      <trkpt lat="45.625" lon="6.52304">
        <ele>2038.8</ele>
        <time>2026-02-25T12:53:01Z</time>
      </trkpt>
      <trkpt lat="45.62497" lon="6.52305">
        <ele>2035.8</ele>
        <time>2026-02-25T12:53:33Z</time>
      </trkpt>
      <trkpt lat="45.62495" lon="6.52304">
        <ele>2036</ele>
        <time>2026-02-25T12:53:35Z</time>
      </trkpt>
      <trkpt lat="45.62494" lon="6.52301">
        <ele>2036</ele>
        <time>2026-02-25T12:53:36Z</time>
      </trkpt>
      <trkpt lat="45.62495" lon="6.52298">
        <ele>2033.6</ele>
        <time>2026-02-25T12:53:44Z</time>
      </trkpt>
      <trkpt lat="45.62493" lon="6.52292">
        <ele>2031.6</ele>
        <time>2026-02-25T12:53:52Z</time>
      </trkpt>
      <trkpt lat="45.62491" lon="6.52291">
        <ele>2032</ele>
        <time>2026-02-25T12:53:53Z</time>
      </trkpt>
      <trkpt lat="45.6249" lon="6.52288">
        <ele>2031</ele>
        <time>2026-02-25T12:53:54Z</time>
      </trkpt>
      <trkpt lat="45.62492" lon="6.52285">
        <ele>2031</ele>
        <time>2026-02-25T12:53:55Z</time>
      </trkpt>
      <trkpt lat="45.62492" lon="6.52282">
        <ele>2031</ele>
        <time>2026-02-25T12:53:56Z</time>
      </trkpt>
      <trkpt lat="45.62488" lon="6.52278">
        <ele>2026.8</ele>
        <time>2026-02-25T12:53:58Z</time>
      </trkpt>
      <trkpt lat="45.62489" lon="6.52273">
        <ele>2026.8</ele>
        <time>2026-02-25T12:53:59Z</time>
      </trkpt>
      <trkpt lat="45.62486" lon="6.52269">
        <ele>2023.2</ele>
        <time>2026-02-25T12:54:07Z</time>
      </trkpt>
      <trkpt lat="45.6248" lon="6.52266">
        <ele>2021.2</ele>
        <time>2026-02-25T12:54:10Z</time>
      </trkpt>
      <trkpt lat="45.62479" lon="6.52261">
        <ele>2021.2</ele>
        <time>2026-02-25T12:54:12Z</time>
      </trkpt>
      <trkpt lat="45.62476" lon="6.52261">
        <ele>2018.8</ele>
        <time>2026-02-25T12:54:17Z</time>
      </trkpt>
      <trkpt lat="45.62474" lon="6.52254">
        <ele>2017.2</ele>
        <time>2026-02-25T12:54:19Z</time>
      </trkpt>
      <trkpt lat="45.62463" lon="6.52268">
        <ele>2013</ele>
        <time>2026-02-25T12:54:35Z</time>
      </trkpt>
      <trkpt lat="45.6246" lon="6.5227">
        <ele>2013</ele>
        <time>2026-02-25T12:54:51Z</time>
      </trkpt>
      <trkpt lat="45.62455" lon="6.52285">
        <ele>2007</ele>
        <time>2026-02-25T12:55:11Z</time>
      </trkpt>
      <trkpt lat="45.62452" lon="6.52286">
        <ele>2007</ele>
        <time>2026-02-25T12:55:12Z</time>
      </trkpt>
      <trkpt lat="45.62449" lon="6.52283">
        <ele>2006</ele>
        <time>2026-02-25T12:55:13Z</time>
      </trkpt>
      <trkpt lat="45.62448" lon="6.52279">
        <ele>2001.6</ele>
        <time>2026-02-25T12:55:14Z</time>
      </trkpt>
      <trkpt lat="45.62445" lon="6.52278">
        <ele>2001.6</ele>
        <time>2026-02-25T12:55:15Z</time>
      </trkpt>
      <trkpt lat="45.62443" lon="6.5228">
        <ele>2001.6</ele>
        <time>2026-02-25T12:55:16Z</time>
      </trkpt>
      <trkpt lat="45.6244" lon="6.5228">
        <ele>2000.6</ele>
        <time>2026-02-25T12:55:17Z</time>
      </trkpt>
      <trkpt lat="45.6244" lon="6.52267">
        <ele>1996.8</ele>
        <time>2026-02-25T12:55:22Z</time>
      </trkpt>
      <trkpt lat="45.62437" lon="6.52264">
        <ele>1996.8</ele>
        <time>2026-02-25T12:55:23Z</time>
      </trkpt>
      <trkpt lat="45.62433" lon="6.52265">
        <ele>1995.8</ele>
        <time>2026-02-25T12:55:25Z</time>
      </trkpt>
      <trkpt lat="45.62426" lon="6.52273">
        <ele>1993.2</ele>
        <time>2026-02-25T12:55:29Z</time>
      </trkpt>
      <trkpt lat="45.62423" lon="6.52279">
        <ele>1990</ele>
        <time>2026-02-25T12:56:25Z</time>
      </trkpt>
      <trkpt lat="45.6242" lon="6.52279">
        <ele>1988.4</ele>
        <time>2026-02-25T12:56:26Z</time>
      </trkpt>
      <trkpt lat="45.62418" lon="6.52277">
        <ele>1988.4</ele>
        <time>2026-02-25T12:56:27Z</time>
      </trkpt>
      <trkpt lat="45.62417" lon="6.52271">
        <ele>1984.2</ele>
        <time>2026-02-25T12:56:35Z</time>
      </trkpt>
      <trkpt lat="45.62407" lon="6.52291">
        <ele>1979.4</ele>
        <time>2026-02-25T12:56:44Z</time>
      </trkpt>
      <trkpt lat="45.62404" lon="6.5229">
        <ele>1979.4</ele>
        <time>2026-02-25T12:56:45Z</time>
      </trkpt>
      <trkpt lat="45.62401" lon="6.52291">
        <ele>1978.2</ele>
        <time>2026-02-25T12:56:46Z</time>
      </trkpt>
      <trkpt lat="45.62381" lon="6.52324">
        <ele>1974.2</ele>
        <time>2026-02-25T12:56:52Z</time>
      </trkpt>
      <trkpt lat="45.62379" lon="6.52337">
        <ele>1972.8</ele>
        <time>2026-02-25T12:56:54Z</time>
      </trkpt>
      <trkpt lat="45.6238" lon="6.52344">
        <ele>1972.8</ele>
        <time>2026-02-25T12:56:55Z</time>
      </trkpt>
      <trkpt lat="45.62378" lon="6.5235">
        <ele>1972.8</ele>
        <time>2026-02-25T12:56:56Z</time>
      </trkpt>
      <trkpt lat="45.62372" lon="6.52356">
        <ele>1967.8</ele>
        <time>2026-02-25T12:56:58Z</time>
      </trkpt>
      <trkpt lat="45.62375" lon="6.52393">
        <ele>1964.4</ele>
        <time>2026-02-25T12:57:02Z</time>
      </trkpt>
      <trkpt lat="45.62371" lon="6.5241">
        <ele>1964.4</ele>
        <time>2026-02-25T12:57:04Z</time>
      </trkpt>
      <trkpt lat="45.62364" lon="6.5242">
        <ele>1962.6</ele>
        <time>2026-02-25T12:57:06Z</time>
      </trkpt>
      <trkpt lat="45.62351" lon="6.52428">
        <ele>1961.6</ele>
        <time>2026-02-25T12:57:09Z</time>
      </trkpt>
      <trkpt lat="45.62348" lon="6.52432">
        <ele>1961</ele>
        <time>2026-02-25T12:57:10Z</time>
      </trkpt>
      <trkpt lat="45.62295" lon="6.52465">
        <ele>1958.2</ele>
        <time>2026-02-25T12:57:22Z</time>
      </trkpt>
      <trkpt lat="45.62284" lon="6.52476">
        <ele>1957.8</ele>
        <time>2026-02-25T12:59:30Z</time>
      </trkpt>
      <trkpt lat="45.62278" lon="6.52478">
        <ele>1957.6</ele>
        <time>2026-02-25T13:01:37Z</time>
      </trkpt>
      <trkpt lat="45.6228" lon="6.52475">
        <ele>1956.8</ele>
        <time>2026-02-25T13:05:53Z</time>
      </trkpt>
      <trkpt lat="45.62278" lon="6.52477">
        <ele>1958</ele>
        <time>2026-02-25T13:06:37Z</time>
      </trkpt>
      <trkpt lat="45.62279" lon="6.52477">
        <ele>1958</ele>
        <time>2026-02-25T13:08:45Z</time>
      </trkpt>
      <trkpt lat="45.62271" lon="6.52476">
        <ele>1959.8</ele>
        <time>2026-02-25T13:09:49Z</time>
      </trkpt>
      <trkpt lat="45.62258" lon="6.5248">
        <ele>1960.2</ele>
        <time>2026-02-25T13:10:07Z</time>
      </trkpt>
      <trkpt lat="45.62256" lon="6.52479">
        <ele>1962</ele>
        <time>2026-02-25T13:10:11Z</time>
      </trkpt>
      <trkpt lat="45.62251" lon="6.5248">
        <ele>1962.2</ele>
        <time>2026-02-25T13:10:19Z</time>
      </trkpt>
      <trkpt lat="45.62246" lon="6.52483">
        <ele>1961.6</ele>
        <time>2026-02-25T13:10:27Z</time>
      </trkpt>
      <trkpt lat="45.62245" lon="6.52488">
        <ele>1963.6</ele>
        <time>2026-02-25T13:10:35Z</time>
      </trkpt>
      <trkpt lat="45.62249" lon="6.525">
        <ele>1966.2</ele>
        <time>2026-02-25T13:10:51Z</time>
      </trkpt>
      <trkpt lat="45.62248" lon="6.52504">
        <ele>1966.6</ele>
        <time>2026-02-25T13:10:55Z</time>
      </trkpt>
      <trkpt lat="45.62249" lon="6.52506">
        <ele>1966.6</ele>
        <time>2026-02-25T13:10:56Z</time>
      </trkpt>
      <trkpt lat="45.62248" lon="6.52507">
        <ele>1967.2</ele>
        <time>2026-02-25T13:10:57Z</time>
      </trkpt>
      <trkpt lat="45.62249" lon="6.52509">
        <ele>1965.8</ele>
        <time>2026-02-25T13:10:59Z</time>
      </trkpt>
      <trkpt lat="45.62247" lon="6.52514">
        <ele>1965.6</ele>
        <time>2026-02-25T13:11:03Z</time>
      </trkpt>
      <trkpt lat="45.62248" lon="6.52528">
        <ele>1966.4</ele>
        <time>2026-02-25T13:11:15Z</time>
      </trkpt>
      <trkpt lat="45.62247" lon="6.5253">
        <ele>1967.4</ele>
        <time>2026-02-25T13:11:17Z</time>
      </trkpt>
      <trkpt lat="45.6225" lon="6.52538">
        <ele>1966.6</ele>
        <time>2026-02-25T13:11:25Z</time>
      </trkpt>
      <trkpt lat="45.62254" lon="6.52542">
        <ele>1968.4</ele>
        <time>2026-02-25T13:11:29Z</time>
      </trkpt>
      <trkpt lat="45.62253" lon="6.52543">
        <ele>1967.2</ele>
        <time>2026-02-25T13:11:30Z</time>
      </trkpt>
      <trkpt lat="45.62254" lon="6.52544">
        <ele>1967.2</ele>
        <time>2026-02-25T13:11:31Z</time>
      </trkpt>
      <trkpt lat="45.62252" lon="6.52549">
        <ele>1966.6</ele>
        <time>2026-02-25T13:11:39Z</time>
      </trkpt>
      <trkpt lat="45.62253" lon="6.52553">
        <ele>1967.6</ele>
        <time>2026-02-25T13:11:45Z</time>
      </trkpt>
      <trkpt lat="45.62252" lon="6.52555">
        <ele>1970.4</ele>
        <time>2026-02-25T13:11:53Z</time>
      </trkpt>
      <trkpt lat="45.62257" lon="6.52564">
        <ele>1971.8</ele>
        <time>2026-02-25T13:12:03Z</time>
      </trkpt>
      <trkpt lat="45.62256" lon="6.52565">
        <ele>1971.8</ele>
        <time>2026-02-25T13:12:04Z</time>
      </trkpt>
      <trkpt lat="45.62264" lon="6.52581">
        <ele>1971.8</ele>
        <time>2026-02-25T13:12:24Z</time>
      </trkpt>
      <trkpt lat="45.62263" lon="6.52583">
        <ele>1973.4</ele>
        <time>2026-02-25T13:12:32Z</time>
      </trkpt>
      <trkpt lat="45.62266" lon="6.52594">
        <ele>1974.6</ele>
        <time>2026-02-25T13:12:40Z</time>
      </trkpt>
      <trkpt lat="45.62265" lon="6.52597">
        <ele>1976.4</ele>
        <time>2026-02-25T13:12:42Z</time>
      </trkpt>
      <trkpt lat="45.62267" lon="6.52603">
        <ele>1974.2</ele>
        <time>2026-02-25T13:12:50Z</time>
      </trkpt>
      <trkpt lat="45.62268" lon="6.52616">
        <ele>1979.2</ele>
        <time>2026-02-25T13:13:06Z</time>
      </trkpt>
      <trkpt lat="45.62267" lon="6.52619">
        <ele>1977</ele>
        <time>2026-02-25T13:13:10Z</time>
      </trkpt>
      <trkpt lat="45.62268" lon="6.52621">
        <ele>1977</ele>
        <time>2026-02-25T13:13:12Z</time>
      </trkpt>
      <trkpt lat="45.62267" lon="6.52624">
        <ele>1978.4</ele>
        <time>2026-02-25T13:13:14Z</time>
      </trkpt>
      <trkpt lat="45.62269" lon="6.52632">
        <ele>1980.6</ele>
        <time>2026-02-25T13:13:24Z</time>
      </trkpt>
      <trkpt lat="45.62268" lon="6.52634">
        <ele>1981.6</ele>
        <time>2026-02-25T13:13:26Z</time>
      </trkpt>
      <trkpt lat="45.6227" lon="6.52639">
        <ele>1982.2</ele>
        <time>2026-02-25T13:13:32Z</time>
      </trkpt>
      <trkpt lat="45.62269" lon="6.52641">
        <ele>1982.4</ele>
        <time>2026-02-25T13:13:36Z</time>
      </trkpt>
      <trkpt lat="45.62271" lon="6.52645">
        <ele>1983.4</ele>
        <time>2026-02-25T13:13:43Z</time>
      </trkpt>
      <trkpt lat="45.62269" lon="6.52653">
        <ele>1980.4</ele>
        <time>2026-02-25T13:13:51Z</time>
      </trkpt>
      <trkpt lat="45.62266" lon="6.52655">
        <ele>1984.8</ele>
        <time>2026-02-25T13:13:55Z</time>
      </trkpt>
      <trkpt lat="45.62253" lon="6.52657">
        <ele>1983.2</ele>
        <time>2026-02-25T13:14:11Z</time>
      </trkpt>
      <trkpt lat="45.62246" lon="6.52656">
        <ele>1984.4</ele>
        <time>2026-02-25T13:14:19Z</time>
      </trkpt>
      <trkpt lat="45.62243" lon="6.52657">
        <ele>1984.4</ele>
        <time>2026-02-25T13:14:21Z</time>
      </trkpt>
      <trkpt lat="45.6223" lon="6.52654">
        <ele>1988</ele>
        <time>2026-02-25T13:14:38Z</time>
      </trkpt>
      <trkpt lat="45.62229" lon="6.52655">
        <ele>1988</ele>
        <time>2026-02-25T13:14:40Z</time>
      </trkpt>
      <trkpt lat="45.6222" lon="6.52641">
        <ele>1989.2</ele>
        <time>2026-02-25T13:15:04Z</time>
      </trkpt>
      <trkpt lat="45.62214" lon="6.52636">
        <ele>1991</ele>
        <time>2026-02-25T13:15:20Z</time>
      </trkpt>
      <trkpt lat="45.62215" lon="6.52644">
        <ele>1995.2</ele>
        <time>2026-02-25T13:15:36Z</time>
      </trkpt>
      <trkpt lat="45.62214" lon="6.52649">
        <ele>1996.6</ele>
        <time>2026-02-25T13:15:44Z</time>
      </trkpt>
      <trkpt lat="45.62208" lon="6.52659">
        <ele>1996.6</ele>
        <time>2026-02-25T13:16:00Z</time>
      </trkpt>
      <trkpt lat="45.62203" lon="6.52675">
        <ele>1999.6</ele>
        <time>2026-02-25T13:16:16Z</time>
      </trkpt>
      <trkpt lat="45.62202" lon="6.52684">
        <ele>1999.8</ele>
        <time>2026-02-25T13:16:24Z</time>
      </trkpt>
      <trkpt lat="45.62199" lon="6.52692">
        <ele>2001.2</ele>
        <time>2026-02-25T13:16:32Z</time>
      </trkpt>
      <trkpt lat="45.62196" lon="6.52728">
        <ele>2002.2</ele>
        <time>2026-02-25T13:16:59Z</time>
      </trkpt>
      <trkpt lat="45.62197" lon="6.52729">
        <ele>2002.2</ele>
        <time>2026-02-25T13:17:00Z</time>
      </trkpt>
      <trkpt lat="45.62194" lon="6.52751">
        <ele>2002.4</ele>
        <time>2026-02-25T13:17:16Z</time>
      </trkpt>
      <trkpt lat="45.62195" lon="6.52759">
        <ele>2001.6</ele>
        <time>2026-02-25T13:17:20Z</time>
      </trkpt>
      <trkpt lat="45.62192" lon="6.52777">
        <ele>2003</ele>
        <time>2026-02-25T13:17:35Z</time>
      </trkpt>
      <trkpt lat="45.62193" lon="6.5278">
        <ele>2001.4</ele>
        <time>2026-02-25T13:17:39Z</time>
      </trkpt>
      <trkpt lat="45.62191" lon="6.52798">
        <ele>2002.6</ele>
        <time>2026-02-25T13:17:51Z</time>
      </trkpt>
      <trkpt lat="45.62192" lon="6.528">
        <ele>2002.6</ele>
        <time>2026-02-25T13:17:52Z</time>
      </trkpt>
      <trkpt lat="45.6219" lon="6.52804">
        <ele>2000.8</ele>
        <time>2026-02-25T13:17:56Z</time>
      </trkpt>
      <trkpt lat="45.6219" lon="6.5281">
        <ele>2003</ele>
        <time>2026-02-25T13:18:28Z</time>
      </trkpt>
      <trkpt lat="45.62186" lon="6.52815">
        <ele>2003.4</ele>
        <time>2026-02-25T13:18:50Z</time>
      </trkpt>
      <trkpt lat="45.62187" lon="6.52835">
        <ele>2003</ele>
        <time>2026-02-25T13:19:02Z</time>
      </trkpt>
      <trkpt lat="45.62186" lon="6.52837">
        <ele>2003</ele>
        <time>2026-02-25T13:19:04Z</time>
      </trkpt>
      <trkpt lat="45.62193" lon="6.5287">
        <ele>2002.8</ele>
        <time>2026-02-25T13:19:28Z</time>
      </trkpt>
      <trkpt lat="45.62218" lon="6.52921">
        <ele>2006</ele>
        <time>2026-02-25T13:20:16Z</time>
      </trkpt>
      <trkpt lat="45.62223" lon="6.52927">
        <ele>2006.2</ele>
        <time>2026-02-25T13:20:22Z</time>
      </trkpt>
      <trkpt lat="45.62225" lon="6.52935">
        <ele>2005</ele>
        <time>2026-02-25T13:20:30Z</time>
      </trkpt>
      <trkpt lat="45.62239" lon="6.52958">
        <ele>2007.8</ele>
        <time>2026-02-25T13:21:14Z</time>
      </trkpt>
      <trkpt lat="45.62243" lon="6.5296">
        <ele>2009</ele>
        <time>2026-02-25T13:21:22Z</time>
      </trkpt>
      <trkpt lat="45.62252" lon="6.52958">
        <ele>2010.8</ele>
        <time>2026-02-25T13:21:39Z</time>
      </trkpt>
      <trkpt lat="45.62254" lon="6.52965">
        <ele>2012.4</ele>
        <time>2026-02-25T13:21:51Z</time>
      </trkpt>
      <trkpt lat="45.62256" lon="6.52966">
        <ele>2013.8</ele>
        <time>2026-02-25T13:21:59Z</time>
      </trkpt>
      <trkpt lat="45.6226" lon="6.52965">
        <ele>2015.4</ele>
        <time>2026-02-25T13:22:07Z</time>
      </trkpt>
      <trkpt lat="45.62263" lon="6.52968">
        <ele>2017</ele>
        <time>2026-02-25T13:22:23Z</time>
      </trkpt>
      <trkpt lat="45.62267" lon="6.52981">
        <ele>2018.4</ele>
        <time>2026-02-25T13:22:47Z</time>
      </trkpt>
      <trkpt lat="45.62273" lon="6.52979">
        <ele>2022.2</ele>
        <time>2026-02-25T13:22:55Z</time>
      </trkpt>
      <trkpt lat="45.62275" lon="6.52986">
        <ele>2020.4</ele>
        <time>2026-02-25T13:23:03Z</time>
      </trkpt>
      <trkpt lat="45.62274" lon="6.5299">
        <ele>2021</ele>
        <time>2026-02-25T13:23:07Z</time>
      </trkpt>
      <trkpt lat="45.62275" lon="6.52993">
        <ele>2021.6</ele>
        <time>2026-02-25T13:23:11Z</time>
      </trkpt>
      <trkpt lat="45.62272" lon="6.52995">
        <ele>2022.8</ele>
        <time>2026-02-25T13:23:19Z</time>
      </trkpt>
      <trkpt lat="45.62274" lon="6.52994">
        <ele>2024.4</ele>
        <time>2026-02-25T13:23:27Z</time>
      </trkpt>
      <trkpt lat="45.6228" lon="6.52995">
        <ele>2025.2</ele>
        <time>2026-02-25T13:23:35Z</time>
      </trkpt>
      <trkpt lat="45.62282" lon="6.52993">
        <ele>2024.2</ele>
        <time>2026-02-25T13:23:39Z</time>
      </trkpt>
      <trkpt lat="45.62286" lon="6.52994">
        <ele>2026.2</ele>
        <time>2026-02-25T13:23:47Z</time>
      </trkpt>
      <trkpt lat="45.62287" lon="6.52997">
        <ele>2025.6</ele>
        <time>2026-02-25T13:23:51Z</time>
      </trkpt>
      <trkpt lat="45.62281" lon="6.53012">
        <ele>2031.2</ele>
        <time>2026-02-25T13:24:07Z</time>
      </trkpt>
      <trkpt lat="45.62265" lon="6.53025">
        <ele>2031</ele>
        <time>2026-02-25T13:24:31Z</time>
      </trkpt>
      <trkpt lat="45.62264" lon="6.53028">
        <ele>2033.8</ele>
        <time>2026-02-25T13:24:35Z</time>
      </trkpt>
      <trkpt lat="45.62262" lon="6.53028">
        <ele>2033.8</ele>
        <time>2026-02-25T13:24:37Z</time>
      </trkpt>
      <trkpt lat="45.6226" lon="6.53039">
        <ele>2033.6</ele>
        <time>2026-02-25T13:24:49Z</time>
      </trkpt>
      <trkpt lat="45.62256" lon="6.53044">
        <ele>2036.2</ele>
        <time>2026-02-25T13:24:57Z</time>
      </trkpt>
      <trkpt lat="45.62253" lon="6.53055">
        <ele>2038</ele>
        <time>2026-02-25T13:25:13Z</time>
      </trkpt>
      <trkpt lat="45.62254" lon="6.53056">
        <ele>2036.4</ele>
        <time>2026-02-25T13:25:16Z</time>
      </trkpt>
      <trkpt lat="45.62256" lon="6.53054">
        <ele>2039.8</ele>
        <time>2026-02-25T13:25:22Z</time>
      </trkpt>
      <trkpt lat="45.62255" lon="6.53054">
        <ele>2039.8</ele>
        <time>2026-02-25T13:25:23Z</time>
      </trkpt>
      <trkpt lat="45.62259" lon="6.5305">
        <ele>2039.8</ele>
        <time>2026-02-25T13:25:31Z</time>
      </trkpt>
      <trkpt lat="45.6227" lon="6.53049">
        <ele>2042.4</ele>
        <time>2026-02-25T13:25:47Z</time>
      </trkpt>
      <trkpt lat="45.62271" lon="6.5305">
        <ele>2042.4</ele>
        <time>2026-02-25T13:25:48Z</time>
      </trkpt>
      <trkpt lat="45.62272" lon="6.53048">
        <ele>2043.2</ele>
        <time>2026-02-25T13:25:52Z</time>
      </trkpt>
      <trkpt lat="45.62277" lon="6.53047">
        <ele>2043</ele>
        <time>2026-02-25T13:26:00Z</time>
      </trkpt>
      <trkpt lat="45.62281" lon="6.53048">
        <ele>2044.2</ele>
        <time>2026-02-25T13:26:08Z</time>
      </trkpt>
      <trkpt lat="45.6228" lon="6.53049">
        <ele>2045.2</ele>
        <time>2026-02-25T13:26:09Z</time>
      </trkpt>
      <trkpt lat="45.62281" lon="6.5305">
        <ele>2045.8</ele>
        <time>2026-02-25T13:26:10Z</time>
      </trkpt>
      <trkpt lat="45.62277" lon="6.53058">
        <ele>2047</ele>
        <time>2026-02-25T13:26:19Z</time>
      </trkpt>
      <trkpt lat="45.62278" lon="6.53059">
        <ele>2047</ele>
        <time>2026-02-25T13:26:20Z</time>
      </trkpt>
      <trkpt lat="45.62274" lon="6.53065">
        <ele>2046.2</ele>
        <time>2026-02-25T13:26:28Z</time>
      </trkpt>
      <trkpt lat="45.62271" lon="6.53076">
        <ele>2047.6</ele>
        <time>2026-02-25T13:26:40Z</time>
      </trkpt>
      <trkpt lat="45.62269" lon="6.53077">
        <ele>2045.4</ele>
        <time>2026-02-25T13:26:42Z</time>
      </trkpt>
      <trkpt lat="45.62268" lon="6.53081">
        <ele>2049.2</ele>
        <time>2026-02-25T13:26:46Z</time>
      </trkpt>
      <trkpt lat="45.62263" lon="6.53086">
        <ele>2049.8</ele>
        <time>2026-02-25T13:26:54Z</time>
      </trkpt>
      <trkpt lat="45.62255" lon="6.53112">
        <ele>2050.6</ele>
        <time>2026-02-25T13:27:26Z</time>
      </trkpt>
      <trkpt lat="45.62251" lon="6.53132">
        <ele>2056.4</ele>
        <time>2026-02-25T13:27:50Z</time>
      </trkpt>
      <trkpt lat="45.62245" lon="6.53144">
        <ele>2058.2</ele>
        <time>2026-02-25T13:28:06Z</time>
      </trkpt>
      <trkpt lat="45.62242" lon="6.53162">
        <ele>2060.4</ele>
        <time>2026-02-25T13:28:26Z</time>
      </trkpt>
      <trkpt lat="45.62241" lon="6.53162">
        <ele>2060.4</ele>
        <time>2026-02-25T13:28:27Z</time>
      </trkpt>
      <trkpt lat="45.62243" lon="6.53167">
        <ele>2060</ele>
        <time>2026-02-25T13:28:46Z</time>
      </trkpt>
      <trkpt lat="45.62249" lon="6.53159">
        <ele>2063.2</ele>
        <time>2026-02-25T13:29:02Z</time>
      </trkpt>
      <trkpt lat="45.62252" lon="6.53159">
        <ele>2065.6</ele>
        <time>2026-02-25T13:29:06Z</time>
      </trkpt>
      <trkpt lat="45.62253" lon="6.53162">
        <ele>2065.6</ele>
        <time>2026-02-25T13:29:10Z</time>
      </trkpt>
      <trkpt lat="45.62251" lon="6.53176">
        <ele>2064</ele>
        <time>2026-02-25T13:29:26Z</time>
      </trkpt>
      <trkpt lat="45.62252" lon="6.5319">
        <ele>2064.2</ele>
        <time>2026-02-25T13:29:38Z</time>
      </trkpt>
      <trkpt lat="45.6225" lon="6.53202">
        <ele>2067.4</ele>
        <time>2026-02-25T13:29:50Z</time>
      </trkpt>
      <trkpt lat="45.62251" lon="6.53207">
        <ele>2068</ele>
        <time>2026-02-25T13:29:54Z</time>
      </trkpt>
      <trkpt lat="45.62248" lon="6.53226">
        <ele>2068.4</ele>
        <time>2026-02-25T13:30:14Z</time>
      </trkpt>
      <trkpt lat="45.62249" lon="6.53229">
        <ele>2071.4</ele>
        <time>2026-02-25T13:30:18Z</time>
      </trkpt>
      <trkpt lat="45.62248" lon="6.53231">
        <ele>2071.4</ele>
        <time>2026-02-25T13:30:20Z</time>
      </trkpt>
      <trkpt lat="45.62249" lon="6.53232">
        <ele>2071</ele>
        <time>2026-02-25T13:30:21Z</time>
      </trkpt>
      <trkpt lat="45.62246" lon="6.53246">
        <ele>2071.6</ele>
        <time>2026-02-25T13:30:37Z</time>
      </trkpt>
      <trkpt lat="45.6225" lon="6.53267">
        <ele>2072</ele>
        <time>2026-02-25T13:30:59Z</time>
      </trkpt>
      <trkpt lat="45.62249" lon="6.53268">
        <ele>2072</ele>
        <time>2026-02-25T13:31:00Z</time>
      </trkpt>
      <trkpt lat="45.6226" lon="6.53295">
        <ele>2075.8</ele>
        <time>2026-02-25T13:31:28Z</time>
      </trkpt>
      <trkpt lat="45.62268" lon="6.5336">
        <ele>2081.2</ele>
        <time>2026-02-25T13:32:32Z</time>
      </trkpt>
      <trkpt lat="45.62267" lon="6.53363">
        <ele>2083.4</ele>
        <time>2026-02-25T13:32:36Z</time>
      </trkpt>
      <trkpt lat="45.62268" lon="6.53372">
        <ele>2082</ele>
        <time>2026-02-25T13:32:44Z</time>
      </trkpt>
      <trkpt lat="45.62269" lon="6.53372">
        <ele>2082</ele>
        <time>2026-02-25T13:32:45Z</time>
      </trkpt>
      <trkpt lat="45.62267" lon="6.5338">
        <ele>2085</ele>
        <time>2026-02-25T13:32:54Z</time>
      </trkpt>
      <trkpt lat="45.62268" lon="6.53382">
        <ele>2085</ele>
        <time>2026-02-25T13:32:56Z</time>
      </trkpt>
      <trkpt lat="45.62264" lon="6.53396">
        <ele>2086.8</ele>
        <time>2026-02-25T13:33:16Z</time>
      </trkpt>
      <trkpt lat="45.62259" lon="6.53401">
        <ele>2087</ele>
        <time>2026-02-25T13:33:26Z</time>
      </trkpt>
      <trkpt lat="45.62256" lon="6.5341">
        <ele>2087.2</ele>
        <time>2026-02-25T13:33:34Z</time>
      </trkpt>
      <trkpt lat="45.62257" lon="6.53411">
        <ele>2087.2</ele>
        <time>2026-02-25T13:33:35Z</time>
      </trkpt>
      <trkpt lat="45.62254" lon="6.53427">
        <ele>2091</ele>
        <time>2026-02-25T13:33:51Z</time>
      </trkpt>
      <trkpt lat="45.62254" lon="6.53435">
        <ele>2091</ele>
        <time>2026-02-25T13:33:59Z</time>
      </trkpt>
      <trkpt lat="45.6225" lon="6.53454">
        <ele>2092.8</ele>
        <time>2026-02-25T13:34:19Z</time>
      </trkpt>
      <trkpt lat="45.62251" lon="6.53454">
        <ele>2092.8</ele>
        <time>2026-02-25T13:34:20Z</time>
      </trkpt>
      <trkpt lat="45.62248" lon="6.5346">
        <ele>2093.8</ele>
        <time>2026-02-25T13:34:26Z</time>
      </trkpt>
      <trkpt lat="45.62249" lon="6.53461">
        <ele>2093.8</ele>
        <time>2026-02-25T13:34:27Z</time>
      </trkpt>
      <trkpt lat="45.62248" lon="6.53462">
        <ele>2093.8</ele>
        <time>2026-02-25T13:34:28Z</time>
      </trkpt>
      <trkpt lat="45.62249" lon="6.53465">
        <ele>2095.6</ele>
        <time>2026-02-25T13:34:30Z</time>
      </trkpt>
      <trkpt lat="45.62245" lon="6.53486">
        <ele>2095.2</ele>
        <time>2026-02-25T13:34:49Z</time>
      </trkpt>
      <trkpt lat="45.62246" lon="6.5349">
        <ele>2097.2</ele>
        <time>2026-02-25T13:34:53Z</time>
      </trkpt>
      <trkpt lat="45.62245" lon="6.53492">
        <ele>2096.6</ele>
        <time>2026-02-25T13:34:55Z</time>
      </trkpt>
      <trkpt lat="45.62246" lon="6.53495">
        <ele>2097.4</ele>
        <time>2026-02-25T13:34:57Z</time>
      </trkpt>
      <trkpt lat="45.62243" lon="6.53503">
        <ele>2096.6</ele>
        <time>2026-02-25T13:35:05Z</time>
      </trkpt>
      <trkpt lat="45.62245" lon="6.53517">
        <ele>2098.4</ele>
        <time>2026-02-25T13:35:20Z</time>
      </trkpt>
      <trkpt lat="45.62244" lon="6.53519">
        <ele>2099.6</ele>
        <time>2026-02-25T13:35:22Z</time>
      </trkpt>
      <trkpt lat="45.6225" lon="6.53549">
        <ele>2098.2</ele>
        <time>2026-02-25T13:35:54Z</time>
      </trkpt>
      <trkpt lat="45.62257" lon="6.53573">
        <ele>2097.2</ele>
        <time>2026-02-25T13:36:10Z</time>
      </trkpt>
      <trkpt lat="45.62256" lon="6.53575">
        <ele>2097.2</ele>
        <time>2026-02-25T13:36:12Z</time>
      </trkpt>
      <trkpt lat="45.62261" lon="6.53593">
        <ele>2097.4</ele>
        <time>2026-02-25T13:36:28Z</time>
      </trkpt>
      <trkpt lat="45.6226" lon="6.53594">
        <ele>2096.2</ele>
        <time>2026-02-25T13:36:43Z</time>
      </trkpt>
      <trkpt lat="45.62262" lon="6.53602">
        <ele>2095.2</ele>
        <time>2026-02-25T13:36:47Z</time>
      </trkpt>
      <trkpt lat="45.62261" lon="6.53604">
        <ele>2095.2</ele>
        <time>2026-02-25T13:36:48Z</time>
      </trkpt>
      <trkpt lat="45.62262" lon="6.53618">
        <ele>2093.6</ele>
        <time>2026-02-25T13:36:52Z</time>
      </trkpt>
      <trkpt lat="45.62261" lon="6.53623">
        <ele>2092.6</ele>
        <time>2026-02-25T13:36:53Z</time>
      </trkpt>
      <trkpt lat="45.62262" lon="6.53628">
        <ele>2091.8</ele>
        <time>2026-02-25T13:36:54Z</time>
      </trkpt>
      <trkpt lat="45.6226" lon="6.53657">
        <ele>2088.4</ele>
        <time>2026-02-25T13:37:00Z</time>
      </trkpt>
      <trkpt lat="45.62256" lon="6.53665">
        <ele>2087.6</ele>
        <time>2026-02-25T13:37:04Z</time>
      </trkpt>
      <trkpt lat="45.62253" lon="6.53679">
        <ele>2085.8</ele>
        <time>2026-02-25T13:37:08Z</time>
      </trkpt>
      <trkpt lat="45.62254" lon="6.53693">
        <ele>2081</ele>
        <time>2026-02-25T13:37:14Z</time>
      </trkpt>
      <trkpt lat="45.62253" lon="6.53695">
        <ele>2081</ele>
        <time>2026-02-25T13:37:16Z</time>
      </trkpt>
      <trkpt lat="45.62256" lon="6.53729">
        <ele>2079.6</ele>
        <time>2026-02-25T13:37:40Z</time>
      </trkpt>
      <trkpt lat="45.62255" lon="6.53734">
        <ele>2080.4</ele>
        <time>2026-02-25T13:37:44Z</time>
      </trkpt>
      <trkpt lat="45.62256" lon="6.53741">
        <ele>2081</ele>
        <time>2026-02-25T13:37:52Z</time>
      </trkpt>
      <trkpt lat="45.62253" lon="6.53755">
        <ele>2082.2</ele>
        <time>2026-02-25T13:38:06Z</time>
      </trkpt>
      <trkpt lat="45.62261" lon="6.53784">
        <ele>2081.4</ele>
        <time>2026-02-25T13:38:33Z</time>
      </trkpt>
      <trkpt lat="45.6226" lon="6.53785">
        <ele>2085.4</ele>
        <time>2026-02-25T13:38:34Z</time>
      </trkpt>
      <trkpt lat="45.62261" lon="6.53789">
        <ele>2082.4</ele>
        <time>2026-02-25T13:38:38Z</time>
      </trkpt>
      <trkpt lat="45.6226" lon="6.53794">
        <ele>2083.2</ele>
        <time>2026-02-25T13:38:42Z</time>
      </trkpt>
      <trkpt lat="45.62263" lon="6.53823">
        <ele>2086</ele>
        <time>2026-02-25T13:39:06Z</time>
      </trkpt>
      <trkpt lat="45.62262" lon="6.53824">
        <ele>2086</ele>
        <time>2026-02-25T13:39:07Z</time>
      </trkpt>
      <trkpt lat="45.62263" lon="6.53825">
        <ele>2086</ele>
        <time>2026-02-25T13:39:09Z</time>
      </trkpt>
      <trkpt lat="45.62262" lon="6.5383">
        <ele>2087.8</ele>
        <time>2026-02-25T13:39:13Z</time>
      </trkpt>
      <trkpt lat="45.62258" lon="6.53834">
        <ele>2086.6</ele>
        <time>2026-02-25T13:39:21Z</time>
      </trkpt>
      <trkpt lat="45.62255" lon="6.53841">
        <ele>2087.6</ele>
        <time>2026-02-25T13:39:29Z</time>
      </trkpt>
      <trkpt lat="45.62256" lon="6.53853">
        <ele>2092.6</ele>
        <time>2026-02-25T13:39:45Z</time>
      </trkpt>
      <trkpt lat="45.62254" lon="6.53866">
        <ele>2093</ele>
        <time>2026-02-25T13:40:01Z</time>
      </trkpt>
      <trkpt lat="45.62255" lon="6.53871">
        <ele>2092.6</ele>
        <time>2026-02-25T13:40:05Z</time>
      </trkpt>
      <trkpt lat="45.62248" lon="6.53884">
        <ele>2096</ele>
        <time>2026-02-25T13:40:21Z</time>
      </trkpt>
      <trkpt lat="45.62244" lon="6.53887">
        <ele>2095.8</ele>
        <time>2026-02-25T13:40:29Z</time>
      </trkpt>
      <trkpt lat="45.62245" lon="6.53888">
        <ele>2096.8</ele>
        <time>2026-02-25T13:40:30Z</time>
      </trkpt>
      <trkpt lat="45.62243" lon="6.53892">
        <ele>2098.4</ele>
        <time>2026-02-25T13:40:34Z</time>
      </trkpt>
      <trkpt lat="45.62236" lon="6.53897">
        <ele>2097.4</ele>
        <time>2026-02-25T13:40:42Z</time>
      </trkpt>
      <trkpt lat="45.62235" lon="6.53901">
        <ele>2098.2</ele>
        <time>2026-02-25T13:40:46Z</time>
      </trkpt>
      <trkpt lat="45.62232" lon="6.53903">
        <ele>2098.2</ele>
        <time>2026-02-25T13:40:50Z</time>
      </trkpt>
      <trkpt lat="45.62224" lon="6.53917">
        <ele>2098.6</ele>
        <time>2026-02-25T13:41:06Z</time>
      </trkpt>
      <trkpt lat="45.62203" lon="6.53935">
        <ele>2102.6</ele>
        <time>2026-02-25T13:41:38Z</time>
      </trkpt>
      <trkpt lat="45.62187" lon="6.53956">
        <ele>2103.4</ele>
        <time>2026-02-25T13:42:10Z</time>
      </trkpt>
      <trkpt lat="45.62179" lon="6.5397">
        <ele>2108.2</ele>
        <time>2026-02-25T13:42:30Z</time>
      </trkpt>
      <trkpt lat="45.62172" lon="6.53979">
        <ele>2107.8</ele>
        <time>2026-02-25T13:42:42Z</time>
      </trkpt>
      <trkpt lat="45.62166" lon="6.53984">
        <ele>2109.4</ele>
        <time>2026-02-25T13:42:52Z</time>
      </trkpt>
      <trkpt lat="45.62165" lon="6.53983">
        <ele>2109.4</ele>
        <time>2026-02-25T13:42:53Z</time>
      </trkpt>
      <trkpt lat="45.62155" lon="6.53996">
        <ele>2111</ele>
        <time>2026-02-25T13:43:21Z</time>
      </trkpt>
      <trkpt lat="45.62163" lon="6.54006">
        <ele>2115</ele>
        <time>2026-02-25T13:43:43Z</time>
      </trkpt>
      <trkpt lat="45.62161" lon="6.54007">
        <ele>2115</ele>
        <time>2026-02-25T13:43:47Z</time>
      </trkpt>
      <trkpt lat="45.62157" lon="6.54018">
        <ele>2116.2</ele>
        <time>2026-02-25T13:44:03Z</time>
      </trkpt>
      <trkpt lat="45.62159" lon="6.54027">
        <ele>2120.6</ele>
        <time>2026-02-25T13:44:17Z</time>
      </trkpt>
      <trkpt lat="45.62158" lon="6.54032">
        <ele>2122.2</ele>
        <time>2026-02-25T13:44:23Z</time>
      </trkpt>
      <trkpt lat="45.62157" lon="6.54032">
        <ele>2122.2</ele>
        <time>2026-02-25T13:44:24Z</time>
      </trkpt>
      <trkpt lat="45.62158" lon="6.54033">
        <ele>2121.2</ele>
        <time>2026-02-25T13:44:25Z</time>
      </trkpt>
      <trkpt lat="45.62157" lon="6.54039">
        <ele>2120.4</ele>
        <time>2026-02-25T13:44:33Z</time>
      </trkpt>
      <trkpt lat="45.62158" lon="6.54043">
        <ele>2122.4</ele>
        <time>2026-02-25T13:44:37Z</time>
      </trkpt>
      <trkpt lat="45.62157" lon="6.54045">
        <ele>2122</ele>
        <time>2026-02-25T13:44:39Z</time>
      </trkpt>
      <trkpt lat="45.62158" lon="6.54047">
        <ele>2122</ele>
        <time>2026-02-25T13:44:41Z</time>
      </trkpt>
      <trkpt lat="45.62157" lon="6.54049">
        <ele>2123.8</ele>
        <time>2026-02-25T13:44:43Z</time>
      </trkpt>
      <trkpt lat="45.62159" lon="6.54058">
        <ele>2123.6</ele>
        <time>2026-02-25T13:44:51Z</time>
      </trkpt>
      <trkpt lat="45.62158" lon="6.54066">
        <ele>2123.6</ele>
        <time>2026-02-25T13:44:59Z</time>
      </trkpt>
      <trkpt lat="45.6216" lon="6.5408">
        <ele>2124</ele>
        <time>2026-02-25T13:51:39Z</time>
      </trkpt>
      <trkpt lat="45.62162" lon="6.54083">
        <ele>2124</ele>
        <time>2026-02-25T13:51:45Z</time>
      </trkpt>
      <trkpt lat="45.62161" lon="6.54083">
        <ele>2123.2</ele>
        <time>2026-02-25T13:51:47Z</time>
      </trkpt>
      <trkpt lat="45.6217" lon="6.54115">
        <ele>2122</ele>
        <time>2026-02-25T13:52:09Z</time>
      </trkpt>
      <trkpt lat="45.62174" lon="6.54123">
        <ele>2121.2</ele>
        <time>2026-02-25T13:52:15Z</time>
      </trkpt>
      <trkpt lat="45.62173" lon="6.54125">
        <ele>2121.2</ele>
        <time>2026-02-25T13:52:16Z</time>
      </trkpt>
      <trkpt lat="45.62174" lon="6.54136">
        <ele>2121.4</ele>
        <time>2026-02-25T13:52:24Z</time>
      </trkpt>
      <trkpt lat="45.62173" lon="6.5414">
        <ele>2120.2</ele>
        <time>2026-02-25T13:52:26Z</time>
      </trkpt>
      <trkpt lat="45.62174" lon="6.5415">
        <ele>2120</ele>
        <time>2026-02-25T13:52:34Z</time>
      </trkpt>
      <trkpt lat="45.62173" lon="6.54156">
        <ele>2123.8</ele>
        <time>2026-02-25T13:52:38Z</time>
      </trkpt>
      <trkpt lat="45.62175" lon="6.54161">
        <ele>2123.2</ele>
        <time>2026-02-25T13:52:42Z</time>
      </trkpt>
      <trkpt lat="45.62174" lon="6.54163">
        <ele>2123.2</ele>
        <time>2026-02-25T13:52:44Z</time>
      </trkpt>
      <trkpt lat="45.62175" lon="6.54164">
        <ele>2123.2</ele>
        <time>2026-02-25T13:52:45Z</time>
      </trkpt>
      <trkpt lat="45.62174" lon="6.54166">
        <ele>2121.4</ele>
        <time>2026-02-25T13:52:47Z</time>
      </trkpt>
      <trkpt lat="45.62175" lon="6.54169">
        <ele>2122.4</ele>
        <time>2026-02-25T13:52:49Z</time>
      </trkpt>
      <trkpt lat="45.62174" lon="6.54171">
        <ele>2125.2</ele>
        <time>2026-02-25T13:52:51Z</time>
      </trkpt>
      <trkpt lat="45.62175" lon="6.54177">
        <ele>2123.4</ele>
        <time>2026-02-25T13:52:55Z</time>
      </trkpt>
      <trkpt lat="45.62172" lon="6.54197">
        <ele>2125.2</ele>
        <time>2026-02-25T13:53:11Z</time>
      </trkpt>
      <trkpt lat="45.6217" lon="6.542">
        <ele>2124.8</ele>
        <time>2026-02-25T13:53:14Z</time>
      </trkpt>
      <trkpt lat="45.62171" lon="6.54203">
        <ele>2124.8</ele>
        <time>2026-02-25T13:53:16Z</time>
      </trkpt>
      <trkpt lat="45.6217" lon="6.54205">
        <ele>2124.8</ele>
        <time>2026-02-25T13:53:17Z</time>
      </trkpt>
      <trkpt lat="45.62171" lon="6.54208">
        <ele>2123.8</ele>
        <time>2026-02-25T13:53:19Z</time>
      </trkpt>
      <trkpt lat="45.6217" lon="6.54219">
        <ele>2125.4</ele>
        <time>2026-02-25T13:53:27Z</time>
      </trkpt>
      <trkpt lat="45.62171" lon="6.54225">
        <ele>2124.6</ele>
        <time>2026-02-25T13:53:31Z</time>
      </trkpt>
      <trkpt lat="45.62169" lon="6.54235">
        <ele>2126.2</ele>
        <time>2026-02-25T13:53:38Z</time>
      </trkpt>
      <trkpt lat="45.62171" lon="6.54253">
        <ele>2124.6</ele>
        <time>2026-02-25T13:53:48Z</time>
      </trkpt>
      <trkpt lat="45.62169" lon="6.54257">
        <ele>2125.2</ele>
        <time>2026-02-25T13:53:51Z</time>
      </trkpt>
      <trkpt lat="45.6217" lon="6.54261">
        <ele>2124.8</ele>
        <time>2026-02-25T13:53:53Z</time>
      </trkpt>
      <trkpt lat="45.62165" lon="6.54284">
        <ele>2123.6</ele>
        <time>2026-02-25T13:54:09Z</time>
      </trkpt>
      <trkpt lat="45.62166" lon="6.54287">
        <ele>2122.4</ele>
        <time>2026-02-25T13:54:11Z</time>
      </trkpt>
      <trkpt lat="45.62162" lon="6.54296">
        <ele>2122</ele>
        <time>2026-02-25T13:54:19Z</time>
      </trkpt>
      <trkpt lat="45.6216" lon="6.54305">
        <ele>2124.2</ele>
        <time>2026-02-25T13:54:27Z</time>
      </trkpt>
      <trkpt lat="45.62155" lon="6.54313">
        <ele>2125</ele>
        <time>2026-02-25T13:54:35Z</time>
      </trkpt>
      <trkpt lat="45.62152" lon="6.54315">
        <ele>2124</ele>
        <time>2026-02-25T13:54:37Z</time>
      </trkpt>
      <trkpt lat="45.62142" lon="6.54336">
        <ele>2123.8</ele>
        <time>2026-02-25T13:54:53Z</time>
      </trkpt>
      <trkpt lat="45.6213" lon="6.54351">
        <ele>2123</ele>
        <time>2026-02-25T13:55:09Z</time>
      </trkpt>
      <trkpt lat="45.62119" lon="6.54368">
        <ele>2124.6</ele>
        <time>2026-02-25T13:55:25Z</time>
      </trkpt>
      <trkpt lat="45.62113" lon="6.54386">
        <ele>2127</ele>
        <time>2026-02-25T13:55:41Z</time>
      </trkpt>
      <trkpt lat="45.62109" lon="6.54393">
        <ele>2127</ele>
        <time>2026-02-25T13:55:50Z</time>
      </trkpt>
      <trkpt lat="45.62107" lon="6.54392">
        <ele>2126.8</ele>
        <time>2026-02-25T14:00:06Z</time>
      </trkpt>
      <trkpt lat="45.62099" lon="6.54395">
        <ele>2125.2</ele>
        <time>2026-02-25T14:00:48Z</time>
      </trkpt>
      <trkpt lat="45.62091" lon="6.54384">
        <ele>2128.6</ele>
        <time>2026-02-25T14:01:12Z</time>
      </trkpt>
      <trkpt lat="45.6208" lon="6.54377">
        <ele>2131.2</ele>
        <time>2026-02-25T14:05:28Z</time>
      </trkpt>
      <trkpt lat="45.62081" lon="6.54369">
        <ele>2131</ele>
        <time>2026-02-25T14:07:26Z</time>
      </trkpt>
      <trkpt lat="45.62077" lon="6.54363">
        <ele>2131</ele>
        <time>2026-02-25T14:07:28Z</time>
      </trkpt>
      <trkpt lat="45.62064" lon="6.54353">
        <ele>2130.6</ele>
        <time>2026-02-25T14:07:32Z</time>
      </trkpt>
      <trkpt lat="45.62049" lon="6.54361">
        <ele>2128.4</ele>
        <time>2026-02-25T14:07:36Z</time>
      </trkpt>
      <trkpt lat="45.62043" lon="6.54366">
        <ele>2126</ele>
        <time>2026-02-25T14:07:52Z</time>
      </trkpt>
      <trkpt lat="45.62043" lon="6.54365">
        <ele>2125.6</ele>
        <time>2026-02-25T14:08:06Z</time>
      </trkpt>
      <trkpt lat="45.62046" lon="6.54371">
        <ele>2123.2</ele>
        <time>2026-02-25T14:08:10Z</time>
      </trkpt>
      <trkpt lat="45.62046" lon="6.54375">
        <ele>2123.2</ele>
        <time>2026-02-25T14:08:11Z</time>
      </trkpt>
      <trkpt lat="45.62041" lon="6.54378">
        <ele>2121.4</ele>
        <time>2026-02-25T14:08:19Z</time>
      </trkpt>
      <trkpt lat="45.6204" lon="6.54377">
        <ele>2120.8</ele>
        <time>2026-02-25T14:08:27Z</time>
      </trkpt>
      <trkpt lat="45.62044" lon="6.5438">
        <ele>2121.8</ele>
        <time>2026-02-25T14:08:35Z</time>
      </trkpt>
      <trkpt lat="45.62047" lon="6.54385">
        <ele>2120</ele>
        <time>2026-02-25T14:08:39Z</time>
      </trkpt>
      <trkpt lat="45.62051" lon="6.54388">
        <ele>2119</ele>
        <time>2026-02-25T14:08:41Z</time>
      </trkpt>
      <trkpt lat="45.62052" lon="6.54392">
        <ele>2117</ele>
        <time>2026-02-25T14:08:42Z</time>
      </trkpt>
      <trkpt lat="45.62051" lon="6.54395">
        <ele>2117</ele>
        <time>2026-02-25T14:08:43Z</time>
      </trkpt>
      <trkpt lat="45.62052" lon="6.54398">
        <ele>2117</ele>
        <time>2026-02-25T14:08:44Z</time>
      </trkpt>
      <trkpt lat="45.62058" lon="6.54403">
        <ele>2112.8</ele>
        <time>2026-02-25T14:08:46Z</time>
      </trkpt>
      <trkpt lat="45.62059" lon="6.54409">
        <ele>2112.8</ele>
        <time>2026-02-25T14:08:47Z</time>
      </trkpt>
      <trkpt lat="45.62056" lon="6.54411">
        <ele>2112.8</ele>
        <time>2026-02-25T14:08:48Z</time>
      </trkpt>
      <trkpt lat="45.62055" lon="6.54414">
        <ele>2111.8</ele>
        <time>2026-02-25T14:08:49Z</time>
      </trkpt>
      <trkpt lat="45.62059" lon="6.5442">
        <ele>2106.6</ele>
        <time>2026-02-25T14:08:51Z</time>
      </trkpt>
      <trkpt lat="45.6206" lon="6.54426">
        <ele>2106.6</ele>
        <time>2026-02-25T14:08:52Z</time>
      </trkpt>
      <trkpt lat="45.62057" lon="6.54434">
        <ele>2100.4</ele>
        <time>2026-02-25T14:08:54Z</time>
      </trkpt>
      <trkpt lat="45.62061" lon="6.54443">
        <ele>2100.4</ele>
        <time>2026-02-25T14:08:56Z</time>
      </trkpt>
      <trkpt lat="45.62059" lon="6.5445">
        <ele>2099.4</ele>
        <time>2026-02-25T14:08:57Z</time>
      </trkpt>
      <trkpt lat="45.62056" lon="6.54452">
        <ele>2094</ele>
        <time>2026-02-25T14:08:58Z</time>
      </trkpt>
      <trkpt lat="45.62055" lon="6.54458">
        <ele>2094</ele>
        <time>2026-02-25T14:08:59Z</time>
      </trkpt>
      <trkpt lat="45.62059" lon="6.54467">
        <ele>2093</ele>
        <time>2026-02-25T14:09:01Z</time>
      </trkpt>
      <trkpt lat="45.62054" lon="6.54476">
        <ele>2087.6</ele>
        <time>2026-02-25T14:09:03Z</time>
      </trkpt>
      <trkpt lat="45.62054" lon="6.54482">
        <ele>2087.6</ele>
        <time>2026-02-25T14:09:04Z</time>
      </trkpt>
      <trkpt lat="45.62056" lon="6.54484">
        <ele>2086.6</ele>
        <time>2026-02-25T14:09:05Z</time>
      </trkpt>
      <trkpt lat="45.62057" lon="6.54491">
        <ele>2082</ele>
        <time>2026-02-25T14:09:06Z</time>
      </trkpt>
      <trkpt lat="45.62052" lon="6.545">
        <ele>2082</ele>
        <time>2026-02-25T14:09:08Z</time>
      </trkpt>
      <trkpt lat="45.62058" lon="6.54518">
        <ele>2077</ele>
        <time>2026-02-25T14:09:12Z</time>
      </trkpt>
      <trkpt lat="45.62062" lon="6.54524">
        <ele>2075.4</ele>
        <time>2026-02-25T14:09:14Z</time>
      </trkpt>
      <trkpt lat="45.62061" lon="6.5454">
        <ele>2074.4</ele>
        <time>2026-02-25T14:09:17Z</time>
      </trkpt>
      <trkpt lat="45.6208" lon="6.54594">
        <ele>2068.4</ele>
        <time>2026-02-25T14:09:27Z</time>
      </trkpt>
      <trkpt lat="45.62092" lon="6.54685">
        <ele>2061.6</ele>
        <time>2026-02-25T14:10:31Z</time>
      </trkpt>
      <trkpt lat="45.62091" lon="6.54702">
        <ele>2061.2</ele>
        <time>2026-02-25T14:10:43Z</time>
      </trkpt>
      <trkpt lat="45.6211" lon="6.54752">
        <ele>2057.6</ele>
        <time>2026-02-25T14:11:01Z</time>
      </trkpt>
      <trkpt lat="45.6211" lon="6.54763">
        <ele>2057.2</ele>
        <time>2026-02-25T14:11:04Z</time>
      </trkpt>
      <trkpt lat="45.62113" lon="6.54769">
        <ele>2057.4</ele>
        <time>2026-02-25T14:11:06Z</time>
      </trkpt>
      <trkpt lat="45.62115" lon="6.54784">
        <ele>2056</ele>
        <time>2026-02-25T14:11:14Z</time>
      </trkpt>
      <trkpt lat="45.6212" lon="6.54797">
        <ele>2054.8</ele>
        <time>2026-02-25T14:11:20Z</time>
      </trkpt>
      <trkpt lat="45.62131" lon="6.54842">
        <ele>2053.2</ele>
        <time>2026-02-25T14:11:42Z</time>
      </trkpt>
      <trkpt lat="45.62133" lon="6.5487">
        <ele>2052.6</ele>
        <time>2026-02-25T14:11:50Z</time>
      </trkpt>
      <trkpt lat="45.62136" lon="6.5488">
        <ele>2052.2</ele>
        <time>2026-02-25T14:11:54Z</time>
      </trkpt>
      <trkpt lat="45.62139" lon="6.549">
        <ele>2052</ele>
        <time>2026-02-25T14:12:02Z</time>
      </trkpt>
      <trkpt lat="45.62138" lon="6.54911">
        <ele>2051</ele>
        <time>2026-02-25T14:12:10Z</time>
      </trkpt>
      <trkpt lat="45.62139" lon="6.54913">
        <ele>2051</ele>
        <time>2026-02-25T14:12:12Z</time>
      </trkpt>
      <trkpt lat="45.62137" lon="6.54922">
        <ele>2051.6</ele>
        <time>2026-02-25T14:16:28Z</time>
      </trkpt>
      <trkpt lat="45.62133" lon="6.54927">
        <ele>2051.2</ele>
        <time>2026-02-25T14:19:24Z</time>
      </trkpt>
      <trkpt lat="45.62134" lon="6.54935">
        <ele>2051.6</ele>
        <time>2026-02-25T14:19:35Z</time>
      </trkpt>
      <trkpt lat="45.62133" lon="6.54938">
        <ele>2051.6</ele>
        <time>2026-02-25T14:19:37Z</time>
      </trkpt>
      <trkpt lat="45.62134" lon="6.54947">
        <ele>2052</ele>
        <time>2026-02-25T14:19:45Z</time>
      </trkpt>
      <trkpt lat="45.62133" lon="6.54956">
        <ele>2051.6</ele>
        <time>2026-02-25T14:19:53Z</time>
      </trkpt>
      <trkpt lat="45.62134" lon="6.54966">
        <ele>2053.4</ele>
        <time>2026-02-25T14:20:01Z</time>
      </trkpt>
      <trkpt lat="45.6218" lon="6.55093">
        <ele>2058.6</ele>
        <time>2026-02-25T14:21:53Z</time>
      </trkpt>
      <trkpt lat="45.62197" lon="6.5511">
        <ele>2061.8</ele>
        <time>2026-02-25T14:22:17Z</time>
      </trkpt>
      <trkpt lat="45.6221" lon="6.55136">
        <ele>2065</ele>
        <time>2026-02-25T14:22:49Z</time>
      </trkpt>
      <trkpt lat="45.62219" lon="6.55147">
        <ele>2067</ele>
        <time>2026-02-25T14:23:05Z</time>
      </trkpt>
      <trkpt lat="45.62227" lon="6.55152">
        <ele>2067.6</ele>
        <time>2026-02-25T14:23:15Z</time>
      </trkpt>
      <trkpt lat="45.62227" lon="6.55154">
        <ele>2067.6</ele>
        <time>2026-02-25T14:23:17Z</time>
      </trkpt>
      <trkpt lat="45.62233" lon="6.55158">
        <ele>2068.8</ele>
        <time>2026-02-25T14:23:25Z</time>
      </trkpt>
      <trkpt lat="45.6224" lon="6.55172">
        <ele>2070.6</ele>
        <time>2026-02-25T14:23:41Z</time>
      </trkpt>
      <trkpt lat="45.62246" lon="6.55196">
        <ele>2072.6</ele>
        <time>2026-02-25T14:24:05Z</time>
      </trkpt>
      <trkpt lat="45.62255" lon="6.55207">
        <ele>2074.6</ele>
        <time>2026-02-25T14:24:21Z</time>
      </trkpt>
      <trkpt lat="45.62257" lon="6.55212">
        <ele>2074.8</ele>
        <time>2026-02-25T14:24:29Z</time>
      </trkpt>
      <trkpt lat="45.6226" lon="6.55215">
        <ele>2076.2</ele>
        <time>2026-02-25T14:24:45Z</time>
      </trkpt>
      <trkpt lat="45.62261" lon="6.55214">
        <ele>2076.2</ele>
        <time>2026-02-25T14:24:50Z</time>
      </trkpt>
      <trkpt lat="45.62292" lon="6.55239">
        <ele>2080.4</ele>
        <time>2026-02-25T14:25:38Z</time>
      </trkpt>
      <trkpt lat="45.62312" lon="6.55247">
        <ele>2083.6</ele>
        <time>2026-02-25T14:26:10Z</time>
      </trkpt>
      <trkpt lat="45.62322" lon="6.55253">
        <ele>2085.6</ele>
        <time>2026-02-25T14:26:26Z</time>
      </trkpt>
      <trkpt lat="45.62329" lon="6.55261">
        <ele>2085.8</ele>
        <time>2026-02-25T14:26:38Z</time>
      </trkpt>
      <trkpt lat="45.62331" lon="6.55261">
        <ele>2085.8</ele>
        <time>2026-02-25T14:26:40Z</time>
      </trkpt>
      <trkpt lat="45.62346" lon="6.55274">
        <ele>2086</ele>
        <time>2026-02-25T14:27:04Z</time>
      </trkpt>
      <trkpt lat="45.6238" lon="6.55314">
        <ele>2091.4</ele>
        <time>2026-02-25T14:28:00Z</time>
      </trkpt>
      <trkpt lat="45.62408" lon="6.55381">
        <ele>2097.8</ele>
        <time>2026-02-25T14:29:20Z</time>
      </trkpt>
      <trkpt lat="45.6241" lon="6.5539">
        <ele>2099</ele>
        <time>2026-02-25T14:29:28Z</time>
      </trkpt>
      <trkpt lat="45.62409" lon="6.55395">
        <ele>2098.4</ele>
        <time>2026-02-25T14:29:32Z</time>
      </trkpt>
      <trkpt lat="45.62412" lon="6.55402">
        <ele>2099.2</ele>
        <time>2026-02-25T14:29:40Z</time>
      </trkpt>
      <trkpt lat="45.62411" lon="6.55407">
        <ele>2101.2</ele>
        <time>2026-02-25T14:29:44Z</time>
      </trkpt>
      <trkpt lat="45.62412" lon="6.5541">
        <ele>2099.4</ele>
        <time>2026-02-25T14:29:48Z</time>
      </trkpt>
      <trkpt lat="45.62411" lon="6.55419">
        <ele>2101.2</ele>
        <time>2026-02-25T14:29:56Z</time>
      </trkpt>
      <trkpt lat="45.62412" lon="6.55421">
        <ele>2102.4</ele>
        <time>2026-02-25T14:29:58Z</time>
      </trkpt>
      <trkpt lat="45.62411" lon="6.55427">
        <ele>2102.8</ele>
        <time>2026-02-25T14:30:05Z</time>
      </trkpt>
      <trkpt lat="45.62414" lon="6.55428">
        <ele>2102.8</ele>
        <time>2026-02-25T14:30:13Z</time>
      </trkpt>
      <trkpt lat="45.62416" lon="6.55424">
        <ele>2105.4</ele>
        <time>2026-02-25T14:30:21Z</time>
      </trkpt>
      <trkpt lat="45.62421" lon="6.55422">
        <ele>2107.6</ele>
        <time>2026-02-25T14:30:32Z</time>
      </trkpt>
      <trkpt lat="45.6242" lon="6.55422">
        <ele>2107</ele>
        <time>2026-02-25T14:30:34Z</time>
      </trkpt>
      <trkpt lat="45.62429" lon="6.55433">
        <ele>2109.4</ele>
        <time>2026-02-25T14:30:50Z</time>
      </trkpt>
      <trkpt lat="45.62431" lon="6.55433">
        <ele>2109.4</ele>
        <time>2026-02-25T14:30:52Z</time>
      </trkpt>
      <trkpt lat="45.62437" lon="6.55439">
        <ele>2110.2</ele>
        <time>2026-02-25T14:30:58Z</time>
      </trkpt>
      <trkpt lat="45.62437" lon="6.55442">
        <ele>2109.4</ele>
        <time>2026-02-25T14:31:01Z</time>
      </trkpt>
      <trkpt lat="45.62437" lon="6.55441">
        <ele>2109.2</ele>
        <time>2026-02-25T14:35:17Z</time>
      </trkpt>
      <trkpt lat="45.62439" lon="6.55442">
        <ele>2107.8</ele>
        <time>2026-02-25T14:39:31Z</time>
      </trkpt>
      <trkpt lat="45.62442" lon="6.55457">
        <ele>2107.2</ele>
        <time>2026-02-25T14:41:39Z</time>
      </trkpt>
      <trkpt lat="45.62444" lon="6.55484">
        <ele>2105.8</ele>
        <time>2026-02-25T14:42:47Z</time>
      </trkpt>
      <trkpt lat="45.62449" lon="6.55509">
        <ele>2104.4</ele>
        <time>2026-02-25T14:42:55Z</time>
      </trkpt>
      <trkpt lat="45.6245" lon="6.55522">
        <ele>2103.8</ele>
        <time>2026-02-25T14:42:59Z</time>
      </trkpt>
      <trkpt lat="45.62449" lon="6.55532">
        <ele>2102.2</ele>
        <time>2026-02-25T14:43:03Z</time>
      </trkpt>
      <trkpt lat="45.6245" lon="6.55535">
        <ele>2102.2</ele>
        <time>2026-02-25T14:43:05Z</time>
      </trkpt>
      <trkpt lat="45.62448" lon="6.55538">
        <ele>2102.2</ele>
        <time>2026-02-25T14:43:14Z</time>
      </trkpt>
      <trkpt lat="45.62449" lon="6.5554">
        <ele>2102.2</ele>
        <time>2026-02-25T14:43:15Z</time>
      </trkpt>
      <trkpt lat="45.62453" lon="6.55542">
        <ele>2102.2</ele>
        <time>2026-02-25T14:43:16Z</time>
      </trkpt>
      <trkpt lat="45.62456" lon="6.5554">
        <ele>2101.2</ele>
        <time>2026-02-25T14:43:17Z</time>
      </trkpt>
      <trkpt lat="45.62461" lon="6.55553">
        <ele>2095.4</ele>
        <time>2026-02-25T14:43:20Z</time>
      </trkpt>
      <trkpt lat="45.62465" lon="6.55552">
        <ele>2094.4</ele>
        <time>2026-02-25T14:43:21Z</time>
      </trkpt>
      <trkpt lat="45.6247" lon="6.55555">
        <ele>2089.2</ele>
        <time>2026-02-25T14:43:22Z</time>
      </trkpt>
      <trkpt lat="45.62473" lon="6.55567">
        <ele>2089.2</ele>
        <time>2026-02-25T14:43:24Z</time>
      </trkpt>
      <trkpt lat="45.62473" lon="6.55579">
        <ele>2084.6</ele>
        <time>2026-02-25T14:43:26Z</time>
      </trkpt>
      <trkpt lat="45.62475" lon="6.55584">
        <ele>2084.6</ele>
        <time>2026-02-25T14:43:27Z</time>
      </trkpt>
      <trkpt lat="45.6248" lon="6.55584">
        <ele>2084.6</ele>
        <time>2026-02-25T14:43:28Z</time>
      </trkpt>
      <trkpt lat="45.62485" lon="6.5559">
        <ele>2084.6</ele>
        <time>2026-02-25T14:43:29Z</time>
      </trkpt>
      <trkpt lat="45.62488" lon="6.55603">
        <ele>2079.6</ele>
        <time>2026-02-25T14:43:31Z</time>
      </trkpt>
      <trkpt lat="45.62493" lon="6.55609">
        <ele>2079.6</ele>
        <time>2026-02-25T14:43:32Z</time>
      </trkpt>
      <trkpt lat="45.625" lon="6.55625">
        <ele>2074.6</ele>
        <time>2026-02-25T14:43:34Z</time>
      </trkpt>
      <trkpt lat="45.62501" lon="6.55658">
        <ele>2072.6</ele>
        <time>2026-02-25T14:46:28Z</time>
      </trkpt>
      <trkpt lat="45.62505" lon="6.55671">
        <ele>2069.6</ele>
        <time>2026-02-25T14:46:30Z</time>
      </trkpt>
      <trkpt lat="45.62516" lon="6.55689">
        <ele>2065</ele>
        <time>2026-02-25T14:46:34Z</time>
      </trkpt>
      <trkpt lat="45.62525" lon="6.55715">
        <ele>2064.4</ele>
        <time>2026-02-25T14:46:38Z</time>
      </trkpt>
      <trkpt lat="45.62531" lon="6.55739">
        <ele>2062.8</ele>
        <time>2026-02-25T14:46:42Z</time>
      </trkpt>
      <trkpt lat="45.62544" lon="6.55806">
        <ele>2054.8</ele>
        <time>2026-02-25T14:46:54Z</time>
      </trkpt>
      <trkpt lat="45.62546" lon="6.55808">
        <ele>2054.8</ele>
        <time>2026-02-25T14:46:55Z</time>
      </trkpt>
      <trkpt lat="45.62553" lon="6.55805">
        <ele>2054.8</ele>
        <time>2026-02-25T14:46:57Z</time>
      </trkpt>
      <trkpt lat="45.62557" lon="6.5581">
        <ele>2052.8</ele>
        <time>2026-02-25T14:46:59Z</time>
      </trkpt>
      <trkpt lat="45.6256" lon="6.5581">
        <ele>2052.8</ele>
        <time>2026-02-25T14:47:00Z</time>
      </trkpt>
      <trkpt lat="45.6257" lon="6.55816">
        <ele>2047.2</ele>
        <time>2026-02-25T14:47:03Z</time>
      </trkpt>
      <trkpt lat="45.62572" lon="6.5582">
        <ele>2047.2</ele>
        <time>2026-02-25T14:47:04Z</time>
      </trkpt>
      <trkpt lat="45.62575" lon="6.55819">
        <ele>2046.2</ele>
        <time>2026-02-25T14:47:05Z</time>
      </trkpt>
      <trkpt lat="45.62582" lon="6.55826">
        <ele>2040</ele>
        <time>2026-02-25T14:47:07Z</time>
      </trkpt>
      <trkpt lat="45.62586" lon="6.55827">
        <ele>2040</ele>
        <time>2026-02-25T14:47:08Z</time>
      </trkpt>
      <trkpt lat="45.62591" lon="6.55826">
        <ele>2039</ele>
        <time>2026-02-25T14:47:09Z</time>
      </trkpt>
      <trkpt lat="45.62598" lon="6.55835">
        <ele>2032.8</ele>
        <time>2026-02-25T14:47:11Z</time>
      </trkpt>
      <trkpt lat="45.6261" lon="6.55841">
        <ele>2031.8</ele>
        <time>2026-02-25T14:47:13Z</time>
      </trkpt>
      <trkpt lat="45.62635" lon="6.55894">
        <ele>2021.6</ele>
        <time>2026-02-25T14:48:29Z</time>
      </trkpt>
      <trkpt lat="45.62637" lon="6.55916">
        <ele>2021</ele>
        <time>2026-02-25T14:48:33Z</time>
      </trkpt>
      <trkpt lat="45.62636" lon="6.5593">
        <ele>2019</ele>
        <time>2026-02-25T14:48:35Z</time>
      </trkpt>
      <trkpt lat="45.62638" lon="6.55938">
        <ele>2018</ele>
        <time>2026-02-25T14:48:37Z</time>
      </trkpt>
      <trkpt lat="45.62644" lon="6.55946">
        <ele>2017</ele>
        <time>2026-02-25T14:48:39Z</time>
      </trkpt>
      <trkpt lat="45.62645" lon="6.55954">
        <ele>2017</ele>
        <time>2026-02-25T14:48:40Z</time>
      </trkpt>
      <trkpt lat="45.62648" lon="6.55961">
        <ele>2016</ele>
        <time>2026-02-25T14:48:41Z</time>
      </trkpt>
      <trkpt lat="45.62654" lon="6.55963">
        <ele>2009.6</ele>
        <time>2026-02-25T14:48:42Z</time>
      </trkpt>
      <trkpt lat="45.62667" lon="6.55953">
        <ele>2009.6</ele>
        <time>2026-02-25T14:48:44Z</time>
      </trkpt>
      <trkpt lat="45.62672" lon="6.55955">
        <ele>2008.6</ele>
        <time>2026-02-25T14:48:45Z</time>
      </trkpt>
      <trkpt lat="45.62675" lon="6.55965">
        <ele>2007.2</ele>
        <time>2026-02-25T14:48:47Z</time>
      </trkpt>
      <trkpt lat="45.62678" lon="6.5597">
        <ele>2007.2</ele>
        <time>2026-02-25T14:48:48Z</time>
      </trkpt>
      <trkpt lat="45.62691" lon="6.55978">
        <ele>2002.4</ele>
        <time>2026-02-25T14:48:51Z</time>
      </trkpt>
      <trkpt lat="45.62694" lon="6.55986">
        <ele>2002.4</ele>
        <time>2026-02-25T14:48:52Z</time>
      </trkpt>
      <trkpt lat="45.62695" lon="6.55996">
        <ele>2002.4</ele>
        <time>2026-02-25T14:48:53Z</time>
      </trkpt>
      <trkpt lat="45.62698" lon="6.56005">
        <ele>1997.2</ele>
        <time>2026-02-25T14:48:54Z</time>
      </trkpt>
      <trkpt lat="45.62705" lon="6.56009">
        <ele>1997.2</ele>
        <time>2026-02-25T14:48:55Z</time>
      </trkpt>
      <trkpt lat="45.6271" lon="6.56006">
        <ele>1997.2</ele>
        <time>2026-02-25T14:48:56Z</time>
      </trkpt>
      <trkpt lat="45.62716" lon="6.55994">
        <ele>1992.8</ele>
        <time>2026-02-25T14:48:59Z</time>
      </trkpt>
      <trkpt lat="45.6272" lon="6.55993">
        <ele>1992.8</ele>
        <time>2026-02-25T14:49:00Z</time>
      </trkpt>
      <trkpt lat="45.62724" lon="6.55996">
        <ele>1991.8</ele>
        <time>2026-02-25T14:49:01Z</time>
      </trkpt>
      <trkpt lat="45.62728" lon="6.56024">
        <ele>1990.2</ele>
        <time>2026-02-25T14:49:05Z</time>
      </trkpt>
      <trkpt lat="45.62727" lon="6.56036">
        <ele>1990</ele>
        <time>2026-02-25T14:49:08Z</time>
      </trkpt>
      <trkpt lat="45.6273" lon="6.5604">
        <ele>1989</ele>
        <time>2026-02-25T14:49:09Z</time>
      </trkpt>
      <trkpt lat="45.62734" lon="6.5604">
        <ele>1987.2</ele>
        <time>2026-02-25T14:49:10Z</time>
      </trkpt>
      <trkpt lat="45.62744" lon="6.56029">
        <ele>1984.8</ele>
        <time>2026-02-25T14:49:14Z</time>
      </trkpt>
      <trkpt lat="45.62748" lon="6.5603">
        <ele>1984.8</ele>
        <time>2026-02-25T14:49:15Z</time>
      </trkpt>
      <trkpt lat="45.6275" lon="6.56038">
        <ele>1983.8</ele>
        <time>2026-02-25T14:49:17Z</time>
      </trkpt>
      <trkpt lat="45.62753" lon="6.56042">
        <ele>1980.8</ele>
        <time>2026-02-25T14:49:19Z</time>
      </trkpt>
      <trkpt lat="45.62754" lon="6.5604">
        <ele>1981.2</ele>
        <time>2026-02-25T14:49:51Z</time>
      </trkpt>
      <trkpt lat="45.62758" lon="6.56043">
        <ele>1980.2</ele>
        <time>2026-02-25T14:50:06Z</time>
      </trkpt>
      <trkpt lat="45.6276" lon="6.56048">
        <ele>1980.2</ele>
        <time>2026-02-25T14:50:07Z</time>
      </trkpt>
      <trkpt lat="45.62761" lon="6.56064">
        <ele>1977</ele>
        <time>2026-02-25T14:50:11Z</time>
      </trkpt>
      <trkpt lat="45.62764" lon="6.56066">
        <ele>1977</ele>
        <time>2026-02-25T14:50:12Z</time>
      </trkpt>
      <trkpt lat="45.62767" lon="6.56064">
        <ele>1977</ele>
        <time>2026-02-25T14:50:13Z</time>
      </trkpt>
      <trkpt lat="45.62771" lon="6.56064">
        <ele>1974.8</ele>
        <time>2026-02-25T14:50:14Z</time>
      </trkpt>
      <trkpt lat="45.62775" lon="6.56068">
        <ele>1974.8</ele>
        <time>2026-02-25T14:50:15Z</time>
      </trkpt>
      <trkpt lat="45.62776" lon="6.56074">
        <ele>1974.8</ele>
        <time>2026-02-25T14:50:16Z</time>
      </trkpt>
      <trkpt lat="45.62771" lon="6.56081">
        <ele>1973.4</ele>
        <time>2026-02-25T14:50:18Z</time>
      </trkpt>
      <trkpt lat="45.6277" lon="6.56088">
        <ele>1973.4</ele>
        <time>2026-02-25T14:50:20Z</time>
      </trkpt>
      <trkpt lat="45.62785" lon="6.56092">
        <ele>1969.8</ele>
        <time>2026-02-25T14:50:24Z</time>
      </trkpt>
      <trkpt lat="45.62788" lon="6.56095">
        <ele>1968.8</ele>
        <time>2026-02-25T14:50:25Z</time>
      </trkpt>
      <trkpt lat="45.6279" lon="6.561">
        <ele>1967</ele>
        <time>2026-02-25T14:50:26Z</time>
      </trkpt>
      <trkpt lat="45.6279" lon="6.56106">
        <ele>1967</ele>
        <time>2026-02-25T14:50:27Z</time>
      </trkpt>
      <trkpt lat="45.62794" lon="6.56109">
        <ele>1967</ele>
        <time>2026-02-25T14:50:28Z</time>
      </trkpt>
      <trkpt lat="45.62802" lon="6.5611">
        <ele>1963.2</ele>
        <time>2026-02-25T14:50:30Z</time>
      </trkpt>
      <trkpt lat="45.62806" lon="6.56116">
        <ele>1963.2</ele>
        <time>2026-02-25T14:50:31Z</time>
      </trkpt>
      <trkpt lat="45.62805" lon="6.56122">
        <ele>1963.2</ele>
        <time>2026-02-25T14:50:32Z</time>
      </trkpt>
      <trkpt lat="45.62802" lon="6.56124">
        <ele>1963.2</ele>
        <time>2026-02-25T14:50:33Z</time>
      </trkpt>
      <trkpt lat="45.62801" lon="6.56127">
        <ele>1961.4</ele>
        <time>2026-02-25T14:50:34Z</time>
      </trkpt>
      <trkpt lat="45.62802" lon="6.56133">
        <ele>1961.4</ele>
        <time>2026-02-25T14:50:35Z</time>
      </trkpt>
      <trkpt lat="45.62805" lon="6.56137">
        <ele>1961.4</ele>
        <time>2026-02-25T14:50:36Z</time>
      </trkpt>
      <trkpt lat="45.6281" lon="6.56138">
        <ele>1960.4</ele>
        <time>2026-02-25T14:50:37Z</time>
      </trkpt>
      <trkpt lat="45.62817" lon="6.56136">
        <ele>1956.2</ele>
        <time>2026-02-25T14:50:39Z</time>
      </trkpt>
      <trkpt lat="45.6282" lon="6.56137">
        <ele>1956.2</ele>
        <time>2026-02-25T14:50:40Z</time>
      </trkpt>
      <trkpt lat="45.62824" lon="6.56142">
        <ele>1955.2</ele>
        <time>2026-02-25T14:50:41Z</time>
      </trkpt>
      <trkpt lat="45.62825" lon="6.5615">
        <ele>1954.4</ele>
        <time>2026-02-25T14:50:42Z</time>
      </trkpt>
      <trkpt lat="45.62822" lon="6.56156">
        <ele>1954.4</ele>
        <time>2026-02-25T14:50:43Z</time>
      </trkpt>
      <trkpt lat="45.62816" lon="6.56162">
        <ele>1953.4</ele>
        <time>2026-02-25T14:50:45Z</time>
      </trkpt>
      <trkpt lat="45.62814" lon="6.56167">
        <ele>1950.2</ele>
        <time>2026-02-25T14:50:46Z</time>
      </trkpt>
      <trkpt lat="45.62814" lon="6.56173">
        <ele>1950.2</ele>
        <time>2026-02-25T14:50:47Z</time>
      </trkpt>
      <trkpt lat="45.62816" lon="6.56178">
        <ele>1950.2</ele>
        <time>2026-02-25T14:50:48Z</time>
      </trkpt>
      <trkpt lat="45.62826" lon="6.56182">
        <ele>1946.2</ele>
        <time>2026-02-25T14:50:50Z</time>
      </trkpt>
      <trkpt lat="45.62831" lon="6.5618">
        <ele>1946.2</ele>
        <time>2026-02-25T14:50:51Z</time>
      </trkpt>
      <trkpt lat="45.62838" lon="6.56173">
        <ele>1945.2</ele>
        <time>2026-02-25T14:50:55Z</time>
      </trkpt>
      <trkpt lat="45.62844" lon="6.56174">
        <ele>1944.6</ele>
        <time>2026-02-25T14:50:58Z</time>
      </trkpt>
      <trkpt lat="45.62849" lon="6.56184">
        <ele>1944.6</ele>
        <time>2026-02-25T14:51:00Z</time>
      </trkpt>
      <trkpt lat="45.62841" lon="6.56199">
        <ele>1942</ele>
        <time>2026-02-25T14:51:04Z</time>
      </trkpt>
      <trkpt lat="45.62847" lon="6.56205">
        <ele>1939.2</ele>
        <time>2026-02-25T14:51:06Z</time>
      </trkpt>
      <trkpt lat="45.62852" lon="6.56201">
        <ele>1939.2</ele>
        <time>2026-02-25T14:51:08Z</time>
      </trkpt>
      <trkpt lat="45.62857" lon="6.56203">
        <ele>1936.6</ele>
        <time>2026-02-25T14:51:10Z</time>
      </trkpt>
      <trkpt lat="45.62859" lon="6.56209">
        <ele>1936.6</ele>
        <time>2026-02-25T14:51:11Z</time>
      </trkpt>
      <trkpt lat="45.62859" lon="6.56215">
        <ele>1936.6</ele>
        <time>2026-02-25T14:51:12Z</time>
      </trkpt>
      <trkpt lat="45.62857" lon="6.56216">
        <ele>1935.2</ele>
        <time>2026-02-25T14:51:28Z</time>
      </trkpt>
      <trkpt lat="45.62857" lon="6.56219">
        <ele>1935.2</ele>
        <time>2026-02-25T14:51:39Z</time>
      </trkpt>
      <trkpt lat="45.62859" lon="6.5622">
        <ele>1935.2</ele>
        <time>2026-02-25T14:51:40Z</time>
      </trkpt>
      <trkpt lat="45.62862" lon="6.56219">
        <ele>1934.2</ele>
        <time>2026-02-25T14:51:41Z</time>
      </trkpt>
      <trkpt lat="45.62867" lon="6.56213">
        <ele>1933</ele>
        <time>2026-02-25T14:51:45Z</time>
      </trkpt>
      <trkpt lat="45.62873" lon="6.56209">
        <ele>1932</ele>
        <time>2026-02-25T14:51:49Z</time>
      </trkpt>
      <trkpt lat="45.62875" lon="6.56212">
        <ele>1929.6</ele>
        <time>2026-02-25T14:51:50Z</time>
      </trkpt>
      <trkpt lat="45.62875" lon="6.56215">
        <ele>1929.6</ele>
        <time>2026-02-25T14:51:51Z</time>
      </trkpt>
      <trkpt lat="45.62877" lon="6.56218">
        <ele>1929.6</ele>
        <time>2026-02-25T14:51:52Z</time>
      </trkpt>
      <trkpt lat="45.6288" lon="6.56214">
        <ele>1926</ele>
        <time>2026-02-25T14:51:54Z</time>
      </trkpt>
      <trkpt lat="45.62884" lon="6.56216">
        <ele>1926</ele>
        <time>2026-02-25T14:51:55Z</time>
      </trkpt>
      <trkpt lat="45.62885" lon="6.56222">
        <ele>1925</ele>
        <time>2026-02-25T14:51:57Z</time>
      </trkpt>
      <trkpt lat="45.62888" lon="6.56227">
        <ele>1920.4</ele>
        <time>2026-02-25T14:51:59Z</time>
      </trkpt>
      <trkpt lat="45.62895" lon="6.56222">
        <ele>1918.8</ele>
        <time>2026-02-25T14:52:02Z</time>
      </trkpt>
      <trkpt lat="45.62898" lon="6.56223">
        <ele>1918.8</ele>
        <time>2026-02-25T14:52:03Z</time>
      </trkpt>
      <trkpt lat="45.62902" lon="6.5623">
        <ele>1917.8</ele>
        <time>2026-02-25T14:52:05Z</time>
      </trkpt>
      <trkpt lat="45.62902" lon="6.56235">
        <ele>1913.6</ele>
        <time>2026-02-25T14:52:06Z</time>
      </trkpt>
      <trkpt lat="45.62905" lon="6.56238">
        <ele>1913.6</ele>
        <time>2026-02-25T14:52:07Z</time>
      </trkpt>
      <trkpt lat="45.62908" lon="6.56237">
        <ele>1913.6</ele>
        <time>2026-02-25T14:52:09Z</time>
      </trkpt>
      <trkpt lat="45.62918" lon="6.56212">
        <ele>1909.6</ele>
        <time>2026-02-25T14:52:15Z</time>
      </trkpt>
      <trkpt lat="45.62922" lon="6.56208">
        <ele>1909.6</ele>
        <time>2026-02-25T14:52:16Z</time>
      </trkpt>
      <trkpt lat="45.62927" lon="6.56209">
        <ele>1908.6</ele>
        <time>2026-02-25T14:52:17Z</time>
      </trkpt>
      <trkpt lat="45.62933" lon="6.56217">
        <ele>1906</ele>
        <time>2026-02-25T14:52:19Z</time>
      </trkpt>
      <trkpt lat="45.62937" lon="6.56219">
        <ele>1906</ele>
        <time>2026-02-25T14:52:20Z</time>
      </trkpt>
      <trkpt lat="45.62945" lon="6.56235">
        <ele>1902</ele>
        <time>2026-02-25T14:52:23Z</time>
      </trkpt>
      <trkpt lat="45.62955" lon="6.56238">
        <ele>1902</ele>
        <time>2026-02-25T14:52:25Z</time>
      </trkpt>
      <trkpt lat="45.6296" lon="6.56244">
        <ele>1900</ele>
        <time>2026-02-25T14:52:26Z</time>
      </trkpt>
      <trkpt lat="45.62959" lon="6.56254">
        <ele>1900</ele>
        <time>2026-02-25T14:52:28Z</time>
      </trkpt>
      <trkpt lat="45.62961" lon="6.56257">
        <ele>1899</ele>
        <time>2026-02-25T14:52:29Z</time>
      </trkpt>
      <trkpt lat="45.62968" lon="6.56258">
        <ele>1896.6</ele>
        <time>2026-02-25T14:52:31Z</time>
      </trkpt>
      <trkpt lat="45.62972" lon="6.56261">
        <ele>1896.6</ele>
        <time>2026-02-25T14:52:32Z</time>
      </trkpt>
      <trkpt lat="45.62973" lon="6.56266">
        <ele>1895.6</ele>
        <time>2026-02-25T14:52:33Z</time>
      </trkpt>
      <trkpt lat="45.62972" lon="6.56275">
        <ele>1893.6</ele>
        <time>2026-02-25T14:52:35Z</time>
      </trkpt>
      <trkpt lat="45.62973" lon="6.56281">
        <ele>1893.6</ele>
        <time>2026-02-25T14:52:37Z</time>
      </trkpt>
      <trkpt lat="45.62972" lon="6.56287">
        <ele>1893.4</ele>
        <time>2026-02-25T14:52:41Z</time>
      </trkpt>
      <trkpt lat="45.62973" lon="6.5629">
        <ele>1892.4</ele>
        <time>2026-02-25T14:52:43Z</time>
      </trkpt>
      <trkpt lat="45.62976" lon="6.56292">
        <ele>1892.4</ele>
        <time>2026-02-25T14:52:44Z</time>
      </trkpt>
      <trkpt lat="45.62982" lon="6.56285">
        <ele>1889.8</ele>
        <time>2026-02-25T14:52:47Z</time>
      </trkpt>
      <trkpt lat="45.62985" lon="6.56285">
        <ele>1889.8</ele>
        <time>2026-02-25T14:52:48Z</time>
      </trkpt>
      <trkpt lat="45.62988" lon="6.56294">
        <ele>1887.6</ele>
        <time>2026-02-25T14:52:50Z</time>
      </trkpt>
      <trkpt lat="45.62989" lon="6.56303">
        <ele>1887.6</ele>
        <time>2026-02-25T14:52:52Z</time>
      </trkpt>
      <trkpt lat="45.62994" lon="6.56305">
        <ele>1886.6</ele>
        <time>2026-02-25T14:52:53Z</time>
      </trkpt>
      <trkpt lat="45.63006" lon="6.56297">
        <ele>1883.2</ele>
        <time>2026-02-25T14:52:58Z</time>
      </trkpt>
      <trkpt lat="45.63009" lon="6.56299">
        <ele>1883.2</ele>
        <time>2026-02-25T14:52:59Z</time>
      </trkpt>
      <trkpt lat="45.63009" lon="6.56308">
        <ele>1882.2</ele>
        <time>2026-02-25T14:53:01Z</time>
      </trkpt>
      <trkpt lat="45.63012" lon="6.56312">
        <ele>1880</ele>
        <time>2026-02-25T14:53:02Z</time>
      </trkpt>
      <trkpt lat="45.63019" lon="6.56309">
        <ele>1879.2</ele>
        <time>2026-02-25T14:53:06Z</time>
      </trkpt>
      <trkpt lat="45.6302" lon="6.5631">
        <ele>1879.2</ele>
        <time>2026-02-25T14:53:07Z</time>
      </trkpt>
      <trkpt lat="45.6302" lon="6.56309">
        <ele>1879</ele>
        <time>2026-02-25T14:54:11Z</time>
      </trkpt>
      <trkpt lat="45.63023" lon="6.5631">
        <ele>1878.6</ele>
        <time>2026-02-25T14:54:31Z</time>
      </trkpt>
      <trkpt lat="45.63026" lon="6.56309">
        <ele>1877.4</ele>
        <time>2026-02-25T14:55:03Z</time>
      </trkpt>
      <trkpt lat="45.63032" lon="6.56311">
        <ele>1877.4</ele>
        <time>2026-02-25T14:55:24Z</time>
      </trkpt>
      <trkpt lat="45.63035" lon="6.56319">
        <ele>1874.4</ele>
        <time>2026-02-25T14:55:26Z</time>
      </trkpt>
      <trkpt lat="45.63041" lon="6.56321">
        <ele>1874.4</ele>
        <time>2026-02-25T14:55:28Z</time>
      </trkpt>
      <trkpt lat="45.63044" lon="6.5633">
        <ele>1871</ele>
        <time>2026-02-25T14:55:30Z</time>
      </trkpt>
      <trkpt lat="45.63051" lon="6.56332">
        <ele>1871</ele>
        <time>2026-02-25T14:55:32Z</time>
      </trkpt>
      <trkpt lat="45.63054" lon="6.56336">
        <ele>1870</ele>
        <time>2026-02-25T14:55:33Z</time>
      </trkpt>
      <trkpt lat="45.63055" lon="6.56342">
        <ele>1865.4</ele>
        <time>2026-02-25T14:55:34Z</time>
      </trkpt>
      <trkpt lat="45.63058" lon="6.56345">
        <ele>1865.4</ele>
        <time>2026-02-25T14:55:35Z</time>
      </trkpt>
      <trkpt lat="45.63063" lon="6.56347">
        <ele>1865.4</ele>
        <time>2026-02-25T14:55:36Z</time>
      </trkpt>
      <trkpt lat="45.63065" lon="6.56358">
        <ele>1859.8</ele>
        <time>2026-02-25T14:55:38Z</time>
      </trkpt>
      <trkpt lat="45.63069" lon="6.5636">
        <ele>1859.8</ele>
        <time>2026-02-25T14:55:39Z</time>
      </trkpt>
      <trkpt lat="45.63075" lon="6.56359">
        <ele>1858.8</ele>
        <time>2026-02-25T14:55:41Z</time>
      </trkpt>
      <trkpt lat="45.63079" lon="6.5636">
        <ele>1856</ele>
        <time>2026-02-25T14:55:42Z</time>
      </trkpt>
      <trkpt lat="45.63081" lon="6.56366">
        <ele>1856</ele>
        <time>2026-02-25T14:55:43Z</time>
      </trkpt>
      <trkpt lat="45.6308" lon="6.5637">
        <ele>1856</ele>
        <time>2026-02-25T14:55:44Z</time>
      </trkpt>
      <trkpt lat="45.63083" lon="6.56374">
        <ele>1853</ele>
        <time>2026-02-25T14:56:58Z</time>
      </trkpt>
      <trkpt lat="45.63082" lon="6.56381">
        <ele>1852</ele>
        <time>2026-02-25T14:57:02Z</time>
      </trkpt>
      <trkpt lat="45.63086" lon="6.56383">
        <ele>1852</ele>
        <time>2026-02-25T14:57:04Z</time>
      </trkpt>
      <trkpt lat="45.63088" lon="6.56382">
        <ele>1851.8</ele>
        <time>2026-02-25T14:57:05Z</time>
      </trkpt>
      <trkpt lat="45.63095" lon="6.56393">
        <ele>1849.8</ele>
        <time>2026-02-25T14:57:08Z</time>
      </trkpt>
      <trkpt lat="45.63099" lon="6.56394">
        <ele>1848.8</ele>
        <time>2026-02-25T14:57:09Z</time>
      </trkpt>
      <trkpt lat="45.631" lon="6.56401">
        <ele>1843.2</ele>
        <time>2026-02-25T14:57:10Z</time>
      </trkpt>
      <trkpt lat="45.63103" lon="6.56404">
        <ele>1843.2</ele>
        <time>2026-02-25T14:57:11Z</time>
      </trkpt>
      <trkpt lat="45.63107" lon="6.56405">
        <ele>1843.2</ele>
        <time>2026-02-25T14:57:12Z</time>
      </trkpt>
      <trkpt lat="45.6311" lon="6.56409">
        <ele>1842.2</ele>
        <time>2026-02-25T14:57:13Z</time>
      </trkpt>
      <trkpt lat="45.63111" lon="6.56414">
        <ele>1838</ele>
        <time>2026-02-25T14:57:14Z</time>
      </trkpt>
      <trkpt lat="45.63116" lon="6.56414">
        <ele>1838</ele>
        <time>2026-02-25T14:57:15Z</time>
      </trkpt>
      <trkpt lat="45.6312" lon="6.56424">
        <ele>1837</ele>
        <time>2026-02-25T14:57:17Z</time>
      </trkpt>
      <trkpt lat="45.63123" lon="6.56427">
        <ele>1833.2</ele>
        <time>2026-02-25T14:57:18Z</time>
      </trkpt>
      <trkpt lat="45.63127" lon="6.56424">
        <ele>1833.2</ele>
        <time>2026-02-25T14:57:19Z</time>
      </trkpt>
      <trkpt lat="45.63131" lon="6.56426">
        <ele>1833.2</ele>
        <time>2026-02-25T14:57:20Z</time>
      </trkpt>
      <trkpt lat="45.63134" lon="6.56436">
        <ele>1826.8</ele>
        <time>2026-02-25T14:57:22Z</time>
      </trkpt>
      <trkpt lat="45.63143" lon="6.56436">
        <ele>1826.8</ele>
        <time>2026-02-25T14:57:24Z</time>
      </trkpt>
      <trkpt lat="45.63149" lon="6.56446">
        <ele>1821.8</ele>
        <time>2026-02-25T14:57:26Z</time>
      </trkpt>
      <trkpt lat="45.63157" lon="6.56443">
        <ele>1821.8</ele>
        <time>2026-02-25T14:57:28Z</time>
      </trkpt>
      <trkpt lat="45.63163" lon="6.56454">
        <ele>1815</ele>
        <time>2026-02-25T14:57:30Z</time>
      </trkpt>
      <trkpt lat="45.63168" lon="6.56454">
        <ele>1815</ele>
        <time>2026-02-25T14:57:31Z</time>
      </trkpt>
      <trkpt lat="45.63177" lon="6.5645">
        <ele>1815</ele>
        <time>2026-02-25T14:57:33Z</time>
      </trkpt>
      <trkpt lat="45.63183" lon="6.56455">
        <ele>1809.6</ele>
        <time>2026-02-25T14:57:35Z</time>
      </trkpt>
      <trkpt lat="45.63187" lon="6.56453">
        <ele>1809.6</ele>
        <time>2026-02-25T14:57:36Z</time>
      </trkpt>
      <trkpt lat="45.63186" lon="6.56452">
        <ele>1809.8</ele>
        <time>2026-02-25T14:57:52Z</time>
      </trkpt>
      <trkpt lat="45.63187" lon="6.56453">
        <ele>1809.8</ele>
        <time>2026-02-25T14:58:01Z</time>
      </trkpt>
      <trkpt lat="45.63189" lon="6.5645">
        <ele>1809.4</ele>
        <time>2026-02-25T14:58:02Z</time>
      </trkpt>
      <trkpt lat="45.63192" lon="6.56449">
        <ele>1809.4</ele>
        <time>2026-02-25T14:58:03Z</time>
      </trkpt>
      <trkpt lat="45.63197" lon="6.56452">
        <ele>1808.4</ele>
        <time>2026-02-25T14:58:05Z</time>
      </trkpt>
      <trkpt lat="45.632" lon="6.5645">
        <ele>1806</ele>
        <time>2026-02-25T14:58:06Z</time>
      </trkpt>
      <trkpt lat="45.63199" lon="6.56446">
        <ele>1806</ele>
        <time>2026-02-25T14:58:08Z</time>
      </trkpt>
      <trkpt lat="45.63202" lon="6.56443">
        <ele>1806</ele>
        <time>2026-02-25T14:58:09Z</time>
      </trkpt>
      <trkpt lat="45.63208" lon="6.56444">
        <ele>1802.4</ele>
        <time>2026-02-25T14:58:11Z</time>
      </trkpt>
      <trkpt lat="45.6321" lon="6.56441">
        <ele>1802.4</ele>
        <time>2026-02-25T14:58:12Z</time>
      </trkpt>
      <trkpt lat="45.6321" lon="6.56437">
        <ele>1801.4</ele>
        <time>2026-02-25T14:58:13Z</time>
      </trkpt>
      <trkpt lat="45.63216" lon="6.56434">
        <ele>1798.6</ele>
        <time>2026-02-25T14:58:15Z</time>
      </trkpt>
      <trkpt lat="45.63219" lon="6.56428">
        <ele>1798.6</ele>
        <time>2026-02-25T14:58:17Z</time>
      </trkpt>
      <trkpt lat="45.63227" lon="6.56418">
        <ele>1794.6</ele>
        <time>2026-02-25T14:58:19Z</time>
      </trkpt>
      <trkpt lat="45.63233" lon="6.56415">
        <ele>1794.6</ele>
        <time>2026-02-25T14:58:20Z</time>
      </trkpt>
      <trkpt lat="45.63239" lon="6.56417">
        <ele>1791.6</ele>
        <time>2026-02-25T14:58:22Z</time>
      </trkpt>
      <trkpt lat="45.63244" lon="6.56421">
        <ele>1791.6</ele>
        <time>2026-02-25T14:58:24Z</time>
      </trkpt>
      <trkpt lat="45.63254" lon="6.56424">
        <ele>1790.8</ele>
        <time>2026-02-25T14:58:27Z</time>
      </trkpt>
      <trkpt lat="45.63259" lon="6.56429">
        <ele>1789.8</ele>
        <time>2026-02-25T14:58:29Z</time>
      </trkpt>
      <trkpt lat="45.63293" lon="6.56446">
        <ele>1782.6</ele>
        <time>2026-02-25T14:58:35Z</time>
      </trkpt>
      <trkpt lat="45.63315" lon="6.56464">
        <ele>1778.6</ele>
        <time>2026-02-25T14:58:39Z</time>
      </trkpt>
      <trkpt lat="45.63335" lon="6.56484">
        <ele>1773.6</ele>
        <time>2026-02-25T14:58:43Z</time>
      </trkpt>
      <trkpt lat="45.63355" lon="6.56508">
        <ele>1766.6</ele>
        <time>2026-02-25T14:58:47Z</time>
      </trkpt>
      <trkpt lat="45.63362" lon="6.56511">
        <ele>1766.6</ele>
        <time>2026-02-25T14:58:48Z</time>
      </trkpt>
      <trkpt lat="45.63372" lon="6.5652">
        <ele>1762</ele>
        <time>2026-02-25T14:58:50Z</time>
      </trkpt>
      <trkpt lat="45.63385" lon="6.56525">
        <ele>1760.4</ele>
        <time>2026-02-25T14:58:54Z</time>
      </trkpt>
      <trkpt lat="45.63386" lon="6.56535">
        <ele>1759.4</ele>
        <time>2026-02-25T14:58:57Z</time>
      </trkpt>
      <trkpt lat="45.634" lon="6.56549">
        <ele>1755.8</ele>
        <time>2026-02-25T14:59:01Z</time>
      </trkpt>
      <trkpt lat="45.63404" lon="6.56551">
        <ele>1754</ele>
        <time>2026-02-25T14:59:02Z</time>
      </trkpt>
      <trkpt lat="45.6341" lon="6.56558">
        <ele>1754</ele>
        <time>2026-02-25T14:59:04Z</time>
      </trkpt>
      <trkpt lat="45.63421" lon="6.56566">
        <ele>1748.4</ele>
        <time>2026-02-25T14:59:36Z</time>
      </trkpt>
      <trkpt lat="45.63424" lon="6.56577">
        <ele>1748</ele>
        <time>2026-02-25T14:59:48Z</time>
      </trkpt>
      <trkpt lat="45.63416" lon="6.56579">
        <ele>1746.6</ele>
        <time>2026-02-25T14:59:52Z</time>
      </trkpt>
      <trkpt lat="45.63409" lon="6.56583">
        <ele>1744.8</ele>
        <time>2026-02-25T14:59:55Z</time>
      </trkpt>
      <trkpt lat="45.63409" lon="6.5659">
        <ele>1743.8</ele>
        <time>2026-02-25T14:59:57Z</time>
      </trkpt>
      <trkpt lat="45.63412" lon="6.56592">
        <ele>1742</ele>
        <time>2026-02-25T14:59:58Z</time>
      </trkpt>
      <trkpt lat="45.63416" lon="6.56591">
        <ele>1742</ele>
        <time>2026-02-25T14:59:59Z</time>
      </trkpt>
      <trkpt lat="45.6342" lon="6.56593">
        <ele>1741</ele>
        <time>2026-02-25T15:00:01Z</time>
      </trkpt>
      <trkpt lat="45.63418" lon="6.56588">
        <ele>1739.4</ele>
        <time>2026-02-25T15:00:32Z</time>
      </trkpt>
      <trkpt lat="45.63416" lon="6.56595">
        <ele>1737.8</ele>
        <time>2026-02-25T15:00:34Z</time>
      </trkpt>
      <trkpt lat="45.63417" lon="6.56597">
        <ele>1737</ele>
        <time>2026-02-25T15:00:42Z</time>
      </trkpt>
      <trkpt lat="45.63417" lon="6.56595">
        <ele>1736.6</ele>
        <time>2026-02-25T15:00:46Z</time>
      </trkpt>
      <trkpt lat="45.63427" lon="6.56609">
        <ele>1736</ele>
        <time>2026-02-25T15:01:02Z</time>
      </trkpt>
      <trkpt lat="45.6344" lon="6.56616">
        <ele>1733.2</ele>
        <time>2026-02-25T15:01:18Z</time>
      </trkpt>
      <trkpt lat="45.63447" lon="6.56614">
        <ele>1732.8</ele>
        <time>2026-02-25T15:01:23Z</time>
      </trkpt>
      <trkpt lat="45.6345" lon="6.56615">
        <ele>1732.8</ele>
        <time>2026-02-25T15:01:24Z</time>
      </trkpt>
      <trkpt lat="45.63454" lon="6.5662">
        <ele>1731</ele>
        <time>2026-02-25T15:01:26Z</time>
      </trkpt>
      <trkpt lat="45.63465" lon="6.56628">
        <ele>1730.2</ele>
        <time>2026-02-25T15:01:32Z</time>
      </trkpt>
      <trkpt lat="45.63475" lon="6.56642">
        <ele>1729.4</ele>
        <time>2026-02-25T15:01:36Z</time>
      </trkpt>
      <trkpt lat="45.63481" lon="6.56647">
        <ele>1725.2</ele>
        <time>2026-02-25T15:01:38Z</time>
      </trkpt>
      <trkpt lat="45.63488" lon="6.56657">
        <ele>1725.2</ele>
        <time>2026-02-25T15:01:40Z</time>
      </trkpt>
      <trkpt lat="45.63496" lon="6.56663">
        <ele>1724.6</ele>
        <time>2026-02-25T15:01:42Z</time>
      </trkpt>
      <trkpt lat="45.63508" lon="6.56678">
        <ele>1722.8</ele>
        <time>2026-02-25T15:01:46Z</time>
      </trkpt>
      <trkpt lat="45.63515" lon="6.56684">
        <ele>1722.2</ele>
        <time>2026-02-25T15:02:18Z</time>
      </trkpt>
      <trkpt lat="45.63519" lon="6.56685">
        <ele>1721.6</ele>
        <time>2026-02-25T15:02:24Z</time>
      </trkpt>
      <trkpt lat="45.63524" lon="6.56689">
        <ele>1718.4</ele>
        <time>2026-02-25T15:02:26Z</time>
      </trkpt>
      <trkpt lat="45.63537" lon="6.56692">
        <ele>1717</ele>
        <time>2026-02-25T15:02:32Z</time>
      </trkpt>
      <trkpt lat="45.6355" lon="6.56707">
        <ele>1712.8</ele>
        <time>2026-02-25T15:02:39Z</time>
      </trkpt>
      <trkpt lat="45.63551" lon="6.56712">
        <ele>1712.8</ele>
        <time>2026-02-25T15:02:40Z</time>
      </trkpt>
      <trkpt lat="45.63547" lon="6.56719">
        <ele>1709</ele>
        <time>2026-02-25T15:02:42Z</time>
      </trkpt>
      <trkpt lat="45.63554" lon="6.56731">
        <ele>1707.8</ele>
        <time>2026-02-25T15:02:46Z</time>
      </trkpt>
      <trkpt lat="45.63551" lon="6.5674">
        <ele>1707.8</ele>
        <time>2026-02-25T15:02:48Z</time>
      </trkpt>
      <trkpt lat="45.63566" lon="6.56752">
        <ele>1702.2</ele>
        <time>2026-02-25T15:02:52Z</time>
      </trkpt>
      <trkpt lat="45.63573" lon="6.56762">
        <ele>1699.6</ele>
        <time>2026-02-25T15:02:55Z</time>
      </trkpt>
      <trkpt lat="45.63571" lon="6.56766">
        <ele>1699.6</ele>
        <time>2026-02-25T15:02:56Z</time>
      </trkpt>
      <trkpt lat="45.63564" lon="6.56768">
        <ele>1696</ele>
        <time>2026-02-25T15:03:00Z</time>
      </trkpt>
      <trkpt lat="45.63563" lon="6.56773">
        <ele>1694</ele>
        <time>2026-02-25T15:03:02Z</time>
      </trkpt>
      <trkpt lat="45.63566" lon="6.56781">
        <ele>1694</ele>
        <time>2026-02-25T15:03:04Z</time>
      </trkpt>
      <trkpt lat="45.63575" lon="6.56784">
        <ele>1693.4</ele>
        <time>2026-02-25T15:03:08Z</time>
      </trkpt>
      <trkpt lat="45.63578" lon="6.56787">
        <ele>1693.4</ele>
        <time>2026-02-25T15:03:09Z</time>
      </trkpt>
      <trkpt lat="45.63581" lon="6.56795">
        <ele>1692</ele>
        <time>2026-02-25T15:03:11Z</time>
      </trkpt>
      <trkpt lat="45.63596" lon="6.56811">
        <ele>1689.2</ele>
        <time>2026-02-25T15:03:15Z</time>
      </trkpt>
      <trkpt lat="45.63604" lon="6.56815">
        <ele>1687.2</ele>
        <time>2026-02-25T15:03:18Z</time>
      </trkpt>
      <trkpt lat="45.63608" lon="6.56823">
        <ele>1686.2</ele>
        <time>2026-02-25T15:03:21Z</time>
      </trkpt>
      <trkpt lat="45.63612" lon="6.56826">
        <ele>1684.4</ele>
        <time>2026-02-25T15:03:23Z</time>
      </trkpt>
      <trkpt lat="45.63613" lon="6.5683">
        <ele>1684.4</ele>
        <time>2026-02-25T15:03:24Z</time>
      </trkpt>
      <trkpt lat="45.63611" lon="6.5683">
        <ele>1683.4</ele>
        <time>2026-02-25T15:03:26Z</time>
      </trkpt>
      <trkpt lat="45.63612" lon="6.56832">
        <ele>1683.4</ele>
        <time>2026-02-25T15:03:28Z</time>
      </trkpt>
      <trkpt lat="45.6361" lon="6.56833">
        <ele>1682.4</ele>
        <time>2026-02-25T15:03:30Z</time>
      </trkpt>
      <trkpt lat="45.63624" lon="6.56845">
        <ele>1678.6</ele>
        <time>2026-02-25T15:04:34Z</time>
      </trkpt>
      <trkpt lat="45.63631" lon="6.56855">
        <ele>1677.2</ele>
        <time>2026-02-25T15:05:33Z</time>
      </trkpt>
      <trkpt lat="45.63635" lon="6.56858">
        <ele>1675.2</ele>
        <time>2026-02-25T15:05:37Z</time>
      </trkpt>
      <trkpt lat="45.6364" lon="6.56866">
        <ele>1673.2</ele>
        <time>2026-02-25T15:05:39Z</time>
      </trkpt>
      <trkpt lat="45.63649" lon="6.56876">
        <ele>1672.2</ele>
        <time>2026-02-25T15:05:41Z</time>
      </trkpt>
      <trkpt lat="45.63659" lon="6.56895">
        <ele>1669.8</ele>
        <time>2026-02-25T15:05:46Z</time>
      </trkpt>
      <trkpt lat="45.63664" lon="6.56896">
        <ele>1669.8</ele>
        <time>2026-02-25T15:05:48Z</time>
      </trkpt>
      <trkpt lat="45.63666" lon="6.56898">
        <ele>1668.8</ele>
        <time>2026-02-25T15:05:49Z</time>
      </trkpt>
      <trkpt lat="45.63668" lon="6.56897">
        <ele>1667.2</ele>
        <time>2026-02-25T15:05:57Z</time>
      </trkpt>
      <trkpt lat="45.63682" lon="6.56915">
        <ele>1663.6</ele>
        <time>2026-02-25T15:06:07Z</time>
      </trkpt>
      <trkpt lat="45.63697" lon="6.56926">
        <ele>1662</ele>
        <time>2026-02-25T15:06:11Z</time>
      </trkpt>
      <trkpt lat="45.63708" lon="6.5693">
        <ele>1659.4</ele>
        <time>2026-02-25T15:06:24Z</time>
      </trkpt>
      <trkpt lat="45.6371" lon="6.56929">
        <ele>1660.4</ele>
        <time>2026-02-25T15:06:25Z</time>
      </trkpt>
      <trkpt lat="45.63716" lon="6.56934">
        <ele>1659</ele>
        <time>2026-02-25T15:06:29Z</time>
      </trkpt>
      <trkpt lat="45.63724" lon="6.56947">
        <ele>1657.8</ele>
        <time>2026-02-25T15:06:35Z</time>
      </trkpt>
      <trkpt lat="45.63737" lon="6.56959">
        <ele>1657.6</ele>
        <time>2026-02-25T15:07:11Z</time>
      </trkpt>
      <trkpt lat="45.63744" lon="6.56979">
        <ele>1655.4</ele>
        <time>2026-02-25T15:07:17Z</time>
      </trkpt>
      <trkpt lat="45.63745" lon="6.56978">
        <ele>1654.2</ele>
        <time>2026-02-25T15:07:18Z</time>
      </trkpt>
      <trkpt lat="45.63744" lon="6.56985">
        <ele>1652</ele>
        <time>2026-02-25T15:07:32Z</time>
      </trkpt>
      <trkpt lat="45.63745" lon="6.56991">
        <ele>1649.6</ele>
        <time>2026-02-25T15:07:34Z</time>
      </trkpt>
      <trkpt lat="45.63749" lon="6.56995">
        <ele>1649.2</ele>
        <time>2026-02-25T15:07:41Z</time>
      </trkpt>
      <trkpt lat="45.63748" lon="6.56999">
        <ele>1649.2</ele>
        <time>2026-02-25T15:07:43Z</time>
      </trkpt>
      <trkpt lat="45.6375" lon="6.57008">
        <ele>1648.2</ele>
        <time>2026-02-25T15:07:45Z</time>
      </trkpt>
      <trkpt lat="45.63763" lon="6.57022">
        <ele>1645.6</ele>
        <time>2026-02-25T15:07:49Z</time>
      </trkpt>
      <trkpt lat="45.63778" lon="6.57032">
        <ele>1643.2</ele>
        <time>2026-02-25T15:07:57Z</time>
      </trkpt>
      <trkpt lat="45.63779" lon="6.57031">
        <ele>1642.6</ele>
        <time>2026-02-25T15:08:00Z</time>
      </trkpt>
      <trkpt lat="45.63787" lon="6.57041">
        <ele>1642</ele>
        <time>2026-02-25T15:08:12Z</time>
      </trkpt>
      <trkpt lat="45.63792" lon="6.57053">
        <ele>1641.6</ele>
        <time>2026-02-25T15:08:16Z</time>
      </trkpt>
      <trkpt lat="45.63795" lon="6.57073">
        <ele>1639.4</ele>
        <time>2026-02-25T15:08:20Z</time>
      </trkpt>
      <trkpt lat="45.63803" lon="6.57096">
        <ele>1635.2</ele>
        <time>2026-02-25T15:08:24Z</time>
      </trkpt>
      <trkpt lat="45.63828" lon="6.57119">
        <ele>1630.8</ele>
        <time>2026-02-25T15:08:32Z</time>
      </trkpt>
      <trkpt lat="45.63846" lon="6.57143">
        <ele>1625.6</ele>
        <time>2026-02-25T15:08:38Z</time>
      </trkpt>
      <trkpt lat="45.63851" lon="6.57155">
        <ele>1625.6</ele>
        <time>2026-02-25T15:08:40Z</time>
      </trkpt>
      <trkpt lat="45.63859" lon="6.57165">
        <ele>1626.8</ele>
        <time>2026-02-25T15:08:44Z</time>
      </trkpt>
      <trkpt lat="45.63877" lon="6.57182">
        <ele>1624.4</ele>
        <time>2026-02-25T15:08:52Z</time>
      </trkpt>
      <trkpt lat="45.63882" lon="6.5719">
        <ele>1621.8</ele>
        <time>2026-02-25T15:08:54Z</time>
      </trkpt>
      <trkpt lat="45.639" lon="6.57208">
        <ele>1618.4</ele>
        <time>2026-02-25T15:08:58Z</time>
      </trkpt>
      <trkpt lat="45.63915" lon="6.57228">
        <ele>1617.4</ele>
        <time>2026-02-25T15:09:01Z</time>
      </trkpt>
      <trkpt lat="45.63927" lon="6.57238">
        <ele>1614.2</ele>
        <time>2026-02-25T15:09:03Z</time>
      </trkpt>
      <trkpt lat="45.63947" lon="6.57261">
        <ele>1609.6</ele>
        <time>2026-02-25T15:09:07Z</time>
      </trkpt>
      <trkpt lat="45.63957" lon="6.57269">
        <ele>1608.6</ele>
        <time>2026-02-25T15:09:09Z</time>
      </trkpt>
      <trkpt lat="45.63965" lon="6.57273">
        <ele>1608</ele>
        <time>2026-02-25T15:09:11Z</time>
      </trkpt>
      <trkpt lat="45.63972" lon="6.57279">
        <ele>1607</ele>
        <time>2026-02-25T15:09:13Z</time>
      </trkpt>
      <trkpt lat="45.63993" lon="6.57317">
        <ele>1603.6</ele>
        <time>2026-02-25T15:09:25Z</time>
      </trkpt>
      <trkpt lat="45.6404" lon="6.57373">
        <ele>1595.6</ele>
        <time>2026-02-25T15:09:41Z</time>
      </trkpt>
      <trkpt lat="45.64071" lon="6.57417">
        <ele>1589.6</ele>
        <time>2026-02-25T15:09:53Z</time>
      </trkpt>
      <trkpt lat="45.64079" lon="6.57421">
        <ele>1588.2</ele>
        <time>2026-02-25T15:09:57Z</time>
      </trkpt>
      <trkpt lat="45.64088" lon="6.5743">
        <ele>1587</ele>
        <time>2026-02-25T15:10:01Z</time>
      </trkpt>
      <trkpt lat="45.64101" lon="6.57451">
        <ele>1584</ele>
        <time>2026-02-25T15:10:07Z</time>
      </trkpt>
      <trkpt lat="45.64107" lon="6.57467">
        <ele>1582.6</ele>
        <time>2026-02-25T15:10:11Z</time>
      </trkpt>
      <trkpt lat="45.64107" lon="6.57473">
        <ele>1582.6</ele>
        <time>2026-02-25T15:10:12Z</time>
      </trkpt>
      <trkpt lat="45.64112" lon="6.5749">
        <ele>1579.6</ele>
        <time>2026-02-25T15:10:16Z</time>
      </trkpt>
      <trkpt lat="45.6411" lon="6.57493">
        <ele>1578.6</ele>
        <time>2026-02-25T15:10:17Z</time>
      </trkpt>
      <trkpt lat="45.641" lon="6.57496">
        <ele>1576.8</ele>
        <time>2026-02-25T15:10:21Z</time>
      </trkpt>
      <trkpt lat="45.64099" lon="6.57501">
        <ele>1574.4</ele>
        <time>2026-02-25T15:10:22Z</time>
      </trkpt>
      <trkpt lat="45.641" lon="6.57507">
        <ele>1574.4</ele>
        <time>2026-02-25T15:10:23Z</time>
      </trkpt>
      <trkpt lat="45.64106" lon="6.57511">
        <ele>1572</ele>
        <time>2026-02-25T15:10:26Z</time>
      </trkpt>
      <trkpt lat="45.64107" lon="6.57515">
        <ele>1572</ele>
        <time>2026-02-25T15:10:27Z</time>
      </trkpt>
      <trkpt lat="45.64117" lon="6.57526">
        <ele>1570.4</ele>
        <time>2026-02-25T15:10:31Z</time>
      </trkpt>
      <trkpt lat="45.6412" lon="6.57535">
        <ele>1569.4</ele>
        <time>2026-02-25T15:10:33Z</time>
      </trkpt>
      <trkpt lat="45.64121" lon="6.57553">
        <ele>1567.6</ele>
        <time>2026-02-25T15:10:37Z</time>
      </trkpt>
      <trkpt lat="45.64124" lon="6.57566">
        <ele>1563.6</ele>
        <time>2026-02-25T15:10:41Z</time>
      </trkpt>
      <trkpt lat="45.64118" lon="6.57575">
        <ele>1562.4</ele>
        <time>2026-02-25T15:10:45Z</time>
      </trkpt>
      <trkpt lat="45.6413" lon="6.57592">
        <ele>1560.8</ele>
        <time>2026-02-25T15:11:01Z</time>
      </trkpt>
      <trkpt lat="45.64131" lon="6.57598">
        <ele>1562</ele>
        <time>2026-02-25T15:11:11Z</time>
      </trkpt>
      <trkpt lat="45.64145" lon="6.57596">
        <ele>1561.6</ele>
        <time>2026-02-25T15:11:43Z</time>
      </trkpt>
      <trkpt lat="45.64145" lon="6.57595">
        <ele>1561.6</ele>
        <time>2026-02-25T15:11:44Z</time>
      </trkpt>
      <trkpt lat="45.64145" lon="6.57596">
        <ele>1561</ele>
        <time>2026-02-25T15:11:46Z</time>
      </trkpt>
      <trkpt lat="45.64147" lon="6.57594">
        <ele>1561.4</ele>
        <time>2026-02-25T15:11:50Z</time>
      </trkpt>
      <trkpt lat="45.64148" lon="6.57595">
        <ele>1561.4</ele>
        <time>2026-02-25T15:11:51Z</time>
      </trkpt>
      <trkpt lat="45.64151" lon="6.57592">
        <ele>1564.2</ele>
        <time>2026-02-25T15:11:59Z</time>
      </trkpt>
      <trkpt lat="45.64163" lon="6.57588">
        <ele>1563.2</ele>
        <time>2026-02-25T15:12:23Z</time>
      </trkpt>
      <trkpt lat="45.64167" lon="6.57583">
        <ele>1564</ele>
        <time>2026-02-25T15:12:35Z</time>
      </trkpt>
      <trkpt lat="45.64172" lon="6.57582">
        <ele>1563.6</ele>
        <time>2026-02-25T15:12:43Z</time>
      </trkpt>
      <trkpt lat="45.64195" lon="6.57588">
        <ele>1562.4</ele>
        <time>2026-02-25T15:12:59Z</time>
      </trkpt>
      <trkpt lat="45.64203" lon="6.57592">
        <ele>1563</ele>
        <time>2026-02-25T15:13:07Z</time>
      </trkpt>
      <trkpt lat="45.6421" lon="6.57598">
        <ele>1562.6</ele>
        <time>2026-02-25T15:13:11Z</time>
      </trkpt>
      <trkpt lat="45.64215" lon="6.57605">
        <ele>1562.8</ele>
        <time>2026-02-25T15:13:15Z</time>
      </trkpt>
      <trkpt lat="45.64237" lon="6.57624">
        <ele>1561.8</ele>
        <time>2026-02-25T15:13:35Z</time>
      </trkpt>
      <trkpt lat="45.64242" lon="6.57626">
        <ele>1561.8</ele>
        <time>2026-02-25T15:13:39Z</time>
      </trkpt>
      <trkpt lat="45.64249" lon="6.57634">
        <ele>1562.2</ele>
        <time>2026-02-25T15:13:52Z</time>
      </trkpt>
      <trkpt lat="45.64251" lon="6.57634">
        <ele>1561.4</ele>
        <time>2026-02-25T15:16:00Z</time>
      </trkpt>
      <trkpt lat="45.64256" lon="6.5764">
        <ele>1563.2</ele>
        <time>2026-02-25T15:18:08Z</time>
      </trkpt>
      <trkpt lat="45.64275" lon="6.57655">
        <ele>1561.4</ele>
        <time>2026-02-25T15:18:39Z</time>
      </trkpt>
      <trkpt lat="45.64281" lon="6.57651">
        <ele>1562.6</ele>
        <time>2026-02-25T15:18:47Z</time>
      </trkpt>
      <trkpt lat="45.64292" lon="6.57648">
        <ele>1562.6</ele>
        <time>2026-02-25T15:18:59Z</time>
      </trkpt>
      <trkpt lat="45.64301" lon="6.57657">
        <ele>1562.6</ele>
        <time>2026-02-25T15:19:11Z</time>
      </trkpt>
      <trkpt lat="45.64304" lon="6.57656">
        <ele>1563.8</ele>
        <time>2026-02-25T15:19:15Z</time>
      </trkpt>
      <trkpt lat="45.64307" lon="6.57659">
        <ele>1562.2</ele>
        <time>2026-02-25T15:19:19Z</time>
      </trkpt>
      <trkpt lat="45.6431" lon="6.57659">
        <ele>1562.2</ele>
        <time>2026-02-25T15:19:21Z</time>
      </trkpt>
      <trkpt lat="45.64312" lon="6.57661">
        <ele>1564.6</ele>
        <time>2026-02-25T15:19:23Z</time>
      </trkpt>
      <trkpt lat="45.64315" lon="6.57661">
        <ele>1564.4</ele>
        <time>2026-02-25T15:19:25Z</time>
      </trkpt>
      <trkpt lat="45.64329" lon="6.57667">
        <ele>1563.6</ele>
        <time>2026-02-25T15:19:41Z</time>
      </trkpt>
      <trkpt lat="45.64339" lon="6.57668">
        <ele>1563.4</ele>
        <time>2026-02-25T15:19:49Z</time>
      </trkpt>
      <trkpt lat="45.64347" lon="6.57673">
        <ele>1563.2</ele>
        <time>2026-02-25T15:19:57Z</time>
      </trkpt>
      <trkpt lat="45.64356" lon="6.57676">
        <ele>1563.4</ele>
        <time>2026-02-25T15:20:05Z</time>
      </trkpt>
      <trkpt lat="45.64357" lon="6.57674">
        <ele>1563.6</ele>
        <time>2026-02-25T15:20:06Z</time>
      </trkpt>
      <trkpt lat="45.64358" lon="6.57676">
        <ele>1563.6</ele>
        <time>2026-02-25T15:20:08Z</time>
      </trkpt>
      <trkpt lat="45.64367" lon="6.57679">
        <ele>1561</ele>
        <time>2026-02-25T15:20:14Z</time>
      </trkpt>
      <trkpt lat="45.64368" lon="6.57681">
        <ele>1561</ele>
        <time>2026-02-25T15:20:16Z</time>
      </trkpt>
      <trkpt lat="45.64371" lon="6.5768">
        <ele>1564</ele>
        <time>2026-02-25T15:20:18Z</time>
      </trkpt>
      <trkpt lat="45.64375" lon="6.57683">
        <ele>1563</ele>
        <time>2026-02-25T15:20:22Z</time>
      </trkpt>
      <trkpt lat="45.64383" lon="6.57681">
        <ele>1563.8</ele>
        <time>2026-02-25T15:20:28Z</time>
      </trkpt>
      <trkpt lat="45.64388" lon="6.57683">
        <ele>1561.8</ele>
        <time>2026-02-25T15:20:32Z</time>
      </trkpt>
      <trkpt lat="45.64403" lon="6.57684">
        <ele>1563</ele>
        <time>2026-02-25T15:20:42Z</time>
      </trkpt>
      <trkpt lat="45.64405" lon="6.57683">
        <ele>1563</ele>
        <time>2026-02-25T15:20:43Z</time>
      </trkpt>
      <trkpt lat="45.64414" lon="6.57685">
        <ele>1562.2</ele>
        <time>2026-02-25T15:20:51Z</time>
      </trkpt>
      <trkpt lat="45.64421" lon="6.57684">
        <ele>1561</ele>
        <time>2026-02-25T15:20:55Z</time>
      </trkpt>
      <trkpt lat="45.6443" lon="6.57687">
        <ele>1561.8</ele>
        <time>2026-02-25T15:21:02Z</time>
      </trkpt>
      <trkpt lat="45.64431" lon="6.57689">
        <ele>1561.8</ele>
        <time>2026-02-25T15:21:04Z</time>
      </trkpt>
      <trkpt lat="45.64434" lon="6.5769">
        <ele>1562.8</ele>
        <time>2026-02-25T15:21:06Z</time>
      </trkpt>
      <trkpt lat="45.64436" lon="6.57689">
        <ele>1562.8</ele>
        <time>2026-02-25T15:21:08Z</time>
      </trkpt>
      <trkpt lat="45.64446" lon="6.57693">
        <ele>1561</ele>
        <time>2026-02-25T15:21:16Z</time>
      </trkpt>
      <trkpt lat="45.6445" lon="6.57692">
        <ele>1561.4</ele>
        <time>2026-02-25T15:21:20Z</time>
      </trkpt>
      <trkpt lat="45.64453" lon="6.57693">
        <ele>1561.6</ele>
        <time>2026-02-25T15:21:24Z</time>
      </trkpt>
      <trkpt lat="45.64463" lon="6.57703">
        <ele>1560.4</ele>
        <time>2026-02-25T15:21:33Z</time>
      </trkpt>
      <trkpt lat="45.64466" lon="6.57702">
        <ele>1560.6</ele>
        <time>2026-02-25T15:21:35Z</time>
      </trkpt>
      <trkpt lat="45.64467" lon="6.57705">
        <ele>1560.6</ele>
        <time>2026-02-25T15:21:37Z</time>
      </trkpt>
      <trkpt lat="45.64482" lon="6.57709">
        <ele>1559.2</ele>
        <time>2026-02-25T15:21:47Z</time>
      </trkpt>
      <trkpt lat="45.64484" lon="6.57708">
        <ele>1559.8</ele>
        <time>2026-02-25T15:21:49Z</time>
      </trkpt>
      <trkpt lat="45.64488" lon="6.5771">
        <ele>1560.8</ele>
        <time>2026-02-25T15:21:52Z</time>
      </trkpt>
      <trkpt lat="45.6449" lon="6.57709">
        <ele>1560.8</ele>
        <time>2026-02-25T15:21:53Z</time>
      </trkpt>
      <trkpt lat="45.64492" lon="6.57712">
        <ele>1559.8</ele>
        <time>2026-02-25T15:21:55Z</time>
      </trkpt>
      <trkpt lat="45.64498" lon="6.57711">
        <ele>1561</ele>
        <time>2026-02-25T15:21:59Z</time>
      </trkpt>
      <trkpt lat="45.64498" lon="6.57713">
        <ele>1561</ele>
        <time>2026-02-25T15:22:00Z</time>
      </trkpt>
      <trkpt lat="45.64503" lon="6.57717">
        <ele>1559.4</ele>
        <time>2026-02-25T15:22:04Z</time>
      </trkpt>
      <trkpt lat="45.64505" lon="6.57716">
        <ele>1561.2</ele>
        <time>2026-02-25T15:22:06Z</time>
      </trkpt>
      <trkpt lat="45.64514" lon="6.5772">
        <ele>1561.4</ele>
        <time>2026-02-25T15:22:14Z</time>
      </trkpt>
      <trkpt lat="45.64518" lon="6.5772">
        <ele>1562.2</ele>
        <time>2026-02-25T15:22:18Z</time>
      </trkpt>
      <trkpt lat="45.64522" lon="6.57722">
        <ele>1561.2</ele>
        <time>2026-02-25T15:22:21Z</time>
      </trkpt>
      <trkpt lat="45.64531" lon="6.57721">
        <ele>1561</ele>
        <time>2026-02-25T15:22:27Z</time>
      </trkpt>
      <trkpt lat="45.64534" lon="6.57719">
        <ele>1560.6</ele>
        <time>2026-02-25T15:22:29Z</time>
      </trkpt>
      <trkpt lat="45.64544" lon="6.57722">
        <ele>1560.2</ele>
        <time>2026-02-25T15:22:38Z</time>
      </trkpt>
      <trkpt lat="45.64545" lon="6.57721">
        <ele>1560.2</ele>
        <time>2026-02-25T15:22:39Z</time>
      </trkpt>
      <trkpt lat="45.64555" lon="6.57724">
        <ele>1560.4</ele>
        <time>2026-02-25T15:22:47Z</time>
      </trkpt>
      <trkpt lat="45.64563" lon="6.5773">
        <ele>1558.4</ele>
        <time>2026-02-25T15:22:55Z</time>
      </trkpt>
      <trkpt lat="45.64568" lon="6.57731">
        <ele>1559.2</ele>
        <time>2026-02-25T15:23:00Z</time>
      </trkpt>
      <trkpt lat="45.64571" lon="6.57727">
        <ele>1559</ele>
        <time>2026-02-25T15:23:03Z</time>
      </trkpt>
      <trkpt lat="45.64578" lon="6.57731">
        <ele>1560</ele>
        <time>2026-02-25T15:23:10Z</time>
      </trkpt>
      <trkpt lat="45.64581" lon="6.57729">
        <ele>1560</ele>
        <time>2026-02-25T15:23:12Z</time>
      </trkpt>
      <trkpt lat="45.64583" lon="6.5773">
        <ele>1560.4</ele>
        <time>2026-02-25T15:23:14Z</time>
      </trkpt>
      <trkpt lat="45.64592" lon="6.57727">
        <ele>1560</ele>
        <time>2026-02-25T15:23:21Z</time>
      </trkpt>
      <trkpt lat="45.64593" lon="6.57728">
        <ele>1560.2</ele>
        <time>2026-02-25T15:23:22Z</time>
      </trkpt>
      <trkpt lat="45.64594" lon="6.57727">
        <ele>1560.2</ele>
        <time>2026-02-25T15:23:23Z</time>
      </trkpt>
      <trkpt lat="45.64596" lon="6.57729">
        <ele>1560.2</ele>
        <time>2026-02-25T15:23:25Z</time>
      </trkpt>
      <trkpt lat="45.646" lon="6.57727">
        <ele>1559.4</ele>
        <time>2026-02-25T15:23:29Z</time>
      </trkpt>
      <trkpt lat="45.64604" lon="6.57727">
        <ele>1560.4</ele>
        <time>2026-02-25T15:23:33Z</time>
      </trkpt>
      <trkpt lat="45.64607" lon="6.57729">
        <ele>1560.6</ele>
        <time>2026-02-25T15:23:36Z</time>
      </trkpt>
      <trkpt lat="45.64608" lon="6.57728">
        <ele>1560.6</ele>
        <time>2026-02-25T15:23:37Z</time>
      </trkpt>
      <trkpt lat="45.64609" lon="6.57729">
        <ele>1559.2</ele>
        <time>2026-02-25T15:23:39Z</time>
      </trkpt>
      <trkpt lat="45.64612" lon="6.57728">
        <ele>1560.2</ele>
        <time>2026-02-25T15:23:41Z</time>
      </trkpt>
      <trkpt lat="45.64613" lon="6.5773">
        <ele>1561.4</ele>
        <time>2026-02-25T15:23:43Z</time>
      </trkpt>
      <trkpt lat="45.64615" lon="6.57729">
        <ele>1561.2</ele>
        <time>2026-02-25T15:23:45Z</time>
      </trkpt>
      <trkpt lat="45.6462" lon="6.57732">
        <ele>1561.8</ele>
        <time>2026-02-25T15:23:51Z</time>
      </trkpt>
      <trkpt lat="45.64621" lon="6.57731">
        <ele>1561.8</ele>
        <time>2026-02-25T15:23:52Z</time>
      </trkpt>
      <trkpt lat="45.64631" lon="6.57736">
        <ele>1559.8</ele>
        <time>2026-02-25T15:24:02Z</time>
      </trkpt>
      <trkpt lat="45.64634" lon="6.57735">
        <ele>1559.8</ele>
        <time>2026-02-25T15:24:04Z</time>
      </trkpt>
      <trkpt lat="45.64643" lon="6.57738">
        <ele>1561.6</ele>
        <time>2026-02-25T15:24:12Z</time>
      </trkpt>
      <trkpt lat="45.64646" lon="6.57736">
        <ele>1560.8</ele>
        <time>2026-02-25T15:24:14Z</time>
      </trkpt>
      <trkpt lat="45.64646" lon="6.57737">
        <ele>1560.8</ele>
        <time>2026-02-25T15:24:15Z</time>
      </trkpt>
      <trkpt lat="45.64654" lon="6.57734">
        <ele>1560</ele>
        <time>2026-02-25T15:24:21Z</time>
      </trkpt>
      <trkpt lat="45.64658" lon="6.57735">
        <ele>1560</ele>
        <time>2026-02-25T15:24:25Z</time>
      </trkpt>
      <trkpt lat="45.64659" lon="6.57734">
        <ele>1562.4</ele>
        <time>2026-02-25T15:24:26Z</time>
      </trkpt>
      <trkpt lat="45.6466" lon="6.57735">
        <ele>1562.4</ele>
        <time>2026-02-25T15:24:27Z</time>
      </trkpt>
      <trkpt lat="45.64663" lon="6.57733">
        <ele>1562.4</ele>
        <time>2026-02-25T15:24:29Z</time>
      </trkpt>
      <trkpt lat="45.64675" lon="6.57735">
        <ele>1561.6</ele>
        <time>2026-02-25T15:24:39Z</time>
      </trkpt>
      <trkpt lat="45.64677" lon="6.57734">
        <ele>1561.6</ele>
        <time>2026-02-25T15:24:41Z</time>
      </trkpt>
      <trkpt lat="45.6468" lon="6.57737">
        <ele>1561.8</ele>
        <time>2026-02-25T15:24:45Z</time>
      </trkpt>
      <trkpt lat="45.64684" lon="6.57737">
        <ele>1560.6</ele>
        <time>2026-02-25T15:24:49Z</time>
      </trkpt>
      <trkpt lat="45.6469" lon="6.57741">
        <ele>1561.2</ele>
        <time>2026-02-25T15:24:55Z</time>
      </trkpt>
      <trkpt lat="45.64691" lon="6.5774">
        <ele>1561.2</ele>
        <time>2026-02-25T15:24:57Z</time>
      </trkpt>
      <trkpt lat="45.64695" lon="6.57742">
        <ele>1562</ele>
        <time>2026-02-25T15:25:01Z</time>
      </trkpt>
      <trkpt lat="45.647" lon="6.5774">
        <ele>1562.4</ele>
        <time>2026-02-25T15:25:06Z</time>
      </trkpt>
      <trkpt lat="45.64702" lon="6.57741">
        <ele>1562.4</ele>
        <time>2026-02-25T15:25:08Z</time>
      </trkpt>
      <trkpt lat="45.64706" lon="6.57739">
        <ele>1561.8</ele>
        <time>2026-02-25T15:25:13Z</time>
      </trkpt>
      <trkpt lat="45.64706" lon="6.57742">
        <ele>1563.4</ele>
        <time>2026-02-25T15:25:14Z</time>
      </trkpt>
      <trkpt lat="45.64715" lon="6.57739">
        <ele>1563.4</ele>
        <time>2026-02-25T15:25:32Z</time>
      </trkpt>
      <trkpt lat="45.64718" lon="6.57736">
        <ele>1563</ele>
        <time>2026-02-25T15:25:36Z</time>
      </trkpt>
      <trkpt lat="45.64718" lon="6.57737">
        <ele>1563</ele>
        <time>2026-02-25T15:25:37Z</time>
      </trkpt>
      <trkpt lat="45.64719" lon="6.57736">
        <ele>1563.8</ele>
        <time>2026-02-25T15:25:39Z</time>
      </trkpt>
      <trkpt lat="45.64721" lon="6.57737">
        <ele>1563.2</ele>
        <time>2026-02-25T15:25:41Z</time>
      </trkpt>
      <trkpt lat="45.64727" lon="6.57735">
        <ele>1564</ele>
        <time>2026-02-25T15:26:13Z</time>
      </trkpt>
      <trkpt lat="45.64742" lon="6.57742">
        <ele>1563.6</ele>
        <time>2026-02-25T15:26:29Z</time>
      </trkpt>
      <trkpt lat="45.64744" lon="6.57741">
        <ele>1565.4</ele>
        <time>2026-02-25T15:26:31Z</time>
      </trkpt>
      <trkpt lat="45.64745" lon="6.57742">
        <ele>1565.4</ele>
        <time>2026-02-25T15:26:32Z</time>
      </trkpt>
      <trkpt lat="45.64749" lon="6.57741">
        <ele>1564.6</ele>
        <time>2026-02-25T15:26:34Z</time>
      </trkpt>
      <trkpt lat="45.64751" lon="6.57742">
        <ele>1564.6</ele>
        <time>2026-02-25T15:26:36Z</time>
      </trkpt>
      <trkpt lat="45.64754" lon="6.57741">
        <ele>1564.4</ele>
        <time>2026-02-25T15:26:40Z</time>
      </trkpt>
      <trkpt lat="45.64757" lon="6.57745">
        <ele>1564</ele>
        <time>2026-02-25T15:26:44Z</time>
      </trkpt>
      <trkpt lat="45.64761" lon="6.57746">
        <ele>1565</ele>
        <time>2026-02-25T15:26:48Z</time>
      </trkpt>
      <trkpt lat="45.64762" lon="6.57745">
        <ele>1564</ele>
        <time>2026-02-25T15:26:49Z</time>
      </trkpt>
      <trkpt lat="45.64773" lon="6.57751">
        <ele>1565.8</ele>
        <time>2026-02-25T15:27:09Z</time>
      </trkpt>
      <trkpt lat="45.64777" lon="6.57748">
        <ele>1566.2</ele>
        <time>2026-02-25T15:27:15Z</time>
      </trkpt>
      <trkpt lat="45.64785" lon="6.57751">
        <ele>1564</ele>
        <time>2026-02-25T15:27:23Z</time>
      </trkpt>
      <trkpt lat="45.6479" lon="6.57749">
        <ele>1565</ele>
        <time>2026-02-25T15:27:28Z</time>
      </trkpt>
      <trkpt lat="45.64792" lon="6.5775">
        <ele>1565.2</ele>
        <time>2026-02-25T15:27:30Z</time>
      </trkpt>
      <trkpt lat="45.64792" lon="6.57749">
        <ele>1565.2</ele>
        <time>2026-02-25T15:27:31Z</time>
      </trkpt>
      <trkpt lat="45.64793" lon="6.5775">
        <ele>1565.2</ele>
        <time>2026-02-25T15:27:32Z</time>
      </trkpt>
      <trkpt lat="45.64794" lon="6.57748">
        <ele>1565</ele>
        <time>2026-02-25T15:27:34Z</time>
      </trkpt>
      <trkpt lat="45.64797" lon="6.5775">
        <ele>1565.2</ele>
        <time>2026-02-25T15:27:38Z</time>
      </trkpt>
      <trkpt lat="45.64798" lon="6.57749">
        <ele>1565.2</ele>
        <time>2026-02-25T15:27:39Z</time>
      </trkpt>
      <trkpt lat="45.64804" lon="6.57753">
        <ele>1564.6</ele>
        <time>2026-02-25T15:27:46Z</time>
      </trkpt>
      <trkpt lat="45.6481" lon="6.57751">
        <ele>1564.8</ele>
        <time>2026-02-25T15:27:54Z</time>
      </trkpt>
      <trkpt lat="45.64813" lon="6.57748">
        <ele>1564.8</ele>
        <time>2026-02-25T15:27:56Z</time>
      </trkpt>
      <trkpt lat="45.64824" lon="6.57755">
        <ele>1563.8</ele>
        <time>2026-02-25T15:28:10Z</time>
      </trkpt>
      <trkpt lat="45.64825" lon="6.57753">
        <ele>1563.8</ele>
        <time>2026-02-25T15:28:12Z</time>
      </trkpt>
      <trkpt lat="45.64827" lon="6.57753">
        <ele>1563.8</ele>
        <time>2026-02-25T15:28:13Z</time>
      </trkpt>
      <trkpt lat="45.64827" lon="6.57757">
        <ele>1563</ele>
        <time>2026-02-25T15:28:14Z</time>
      </trkpt>
      <trkpt lat="45.6483" lon="6.57757">
        <ele>1563</ele>
        <time>2026-02-25T15:28:15Z</time>
      </trkpt>
      <trkpt lat="45.64831" lon="6.57755">
        <ele>1563</ele>
        <time>2026-02-25T15:28:16Z</time>
      </trkpt>
      <trkpt lat="45.64832" lon="6.57756">
        <ele>1563</ele>
        <time>2026-02-25T15:28:18Z</time>
      </trkpt>
      <trkpt lat="45.64833" lon="6.57755">
        <ele>1563</ele>
        <time>2026-02-25T15:28:19Z</time>
      </trkpt>
      <trkpt lat="45.64839" lon="6.57756">
        <ele>1562.8</ele>
        <time>2026-02-25T15:28:37Z</time>
      </trkpt>
      <trkpt lat="45.64841" lon="6.57754">
        <ele>1563.6</ele>
        <time>2026-02-25T15:28:39Z</time>
      </trkpt>
      <trkpt lat="45.64847" lon="6.57755">
        <ele>1563</ele>
        <time>2026-02-25T15:28:43Z</time>
      </trkpt>
      <trkpt lat="45.64849" lon="6.57758">
        <ele>1562</ele>
        <time>2026-02-25T15:28:45Z</time>
      </trkpt>
      <trkpt lat="45.6486" lon="6.57759">
        <ele>1562.4</ele>
        <time>2026-02-25T15:28:54Z</time>
      </trkpt>
      <trkpt lat="45.6486" lon="6.57758">
        <ele>1562.4</ele>
        <time>2026-02-25T15:28:55Z</time>
      </trkpt>
      <trkpt lat="45.64861" lon="6.57759">
        <ele>1562.4</ele>
        <time>2026-02-25T15:28:57Z</time>
      </trkpt>
      <trkpt lat="45.64862" lon="6.57758">
        <ele>1563.2</ele>
        <time>2026-02-25T15:28:58Z</time>
      </trkpt>
      <trkpt lat="45.64862" lon="6.57759">
        <ele>1563.2</ele>
        <time>2026-02-25T15:28:59Z</time>
      </trkpt>
      <trkpt lat="45.64863" lon="6.57758">
        <ele>1563.2</ele>
        <time>2026-02-25T15:29:00Z</time>
      </trkpt>
      <trkpt lat="45.64872" lon="6.57759">
        <ele>1560.2</ele>
        <time>2026-02-25T15:29:08Z</time>
      </trkpt>
      <trkpt lat="45.64874" lon="6.57756">
        <ele>1560.2</ele>
        <time>2026-02-25T15:29:11Z</time>
      </trkpt>
      <trkpt lat="45.64875" lon="6.57757">
        <ele>1561.2</ele>
        <time>2026-02-25T15:29:13Z</time>
      </trkpt>
      <trkpt lat="45.64874" lon="6.57758">
        <ele>1561.8</ele>
        <time>2026-02-25T15:29:29Z</time>
      </trkpt>
      <trkpt lat="45.6488" lon="6.5776">
        <ele>1561.4</ele>
        <time>2026-02-25T15:29:43Z</time>
      </trkpt>
      <trkpt lat="45.64883" lon="6.57763">
        <ele>1561</ele>
        <time>2026-02-25T15:29:59Z</time>
      </trkpt>
      <trkpt lat="45.64893" lon="6.57767">
        <ele>1556.8</ele>
        <time>2026-02-25T15:30:07Z</time>
      </trkpt>
      <trkpt lat="45.649" lon="6.57772">
        <ele>1559.4</ele>
        <time>2026-02-25T15:30:15Z</time>
      </trkpt>
      <trkpt lat="45.64902" lon="6.57771">
        <ele>1559.4</ele>
        <time>2026-02-25T15:30:17Z</time>
      </trkpt>
      <trkpt lat="45.64907" lon="6.57773">
        <ele>1559.2</ele>
        <time>2026-02-25T15:30:21Z</time>
      </trkpt>
      <trkpt lat="45.64909" lon="6.57777">
        <ele>1558.8</ele>
        <time>2026-02-25T15:30:37Z</time>
      </trkpt>
      <trkpt lat="45.64915" lon="6.57775">
        <ele>1559.6</ele>
        <time>2026-02-25T15:30:52Z</time>
      </trkpt>
      <trkpt lat="45.64919" lon="6.57778">
        <ele>1558.4</ele>
        <time>2026-02-25T15:30:54Z</time>
      </trkpt>
      <trkpt lat="45.64919" lon="6.57777">
        <ele>1559.4</ele>
        <time>2026-02-25T15:30:58Z</time>
      </trkpt>
      <trkpt lat="45.64931" lon="6.57782">
        <ele>1557.4</ele>
        <time>2026-02-25T15:31:10Z</time>
      </trkpt>
      <trkpt lat="45.64933" lon="6.57781">
        <ele>1557.4</ele>
        <time>2026-02-25T15:31:12Z</time>
      </trkpt>
      <trkpt lat="45.64933" lon="6.57782">
        <ele>1556.8</ele>
        <time>2026-02-25T15:31:14Z</time>
      </trkpt>
      <trkpt lat="45.64934" lon="6.57781">
        <ele>1556.8</ele>
        <time>2026-02-25T15:31:16Z</time>
      </trkpt>
      <trkpt lat="45.64937" lon="6.57783">
        <ele>1557.6</ele>
        <time>2026-02-25T15:31:19Z</time>
      </trkpt>
      <trkpt lat="45.64939" lon="6.57782">
        <ele>1557.6</ele>
        <time>2026-02-25T15:31:21Z</time>
      </trkpt>
      <trkpt lat="45.6494" lon="6.57785">
        <ele>1559.4</ele>
        <time>2026-02-25T15:31:23Z</time>
      </trkpt>
      <trkpt lat="45.64942" lon="6.57786">
        <ele>1558.6</ele>
        <time>2026-02-25T15:31:25Z</time>
      </trkpt>
      <trkpt lat="45.64954" lon="6.57781">
        <ele>1559.6</ele>
        <time>2026-02-25T15:31:37Z</time>
      </trkpt>
      <trkpt lat="45.64954" lon="6.57782">
        <ele>1560.6</ele>
        <time>2026-02-25T15:31:38Z</time>
      </trkpt>
      <trkpt lat="45.64956" lon="6.57781">
        <ele>1560.6</ele>
        <time>2026-02-25T15:31:40Z</time>
      </trkpt>
      <trkpt lat="45.64959" lon="6.57782">
        <ele>1560</ele>
        <time>2026-02-25T15:31:44Z</time>
      </trkpt>
      <trkpt lat="45.64962" lon="6.57781">
        <ele>1559</ele>
        <time>2026-02-25T15:31:46Z</time>
      </trkpt>
      <trkpt lat="45.64961" lon="6.57782">
        <ele>1558.4</ele>
        <time>2026-02-25T15:31:50Z</time>
      </trkpt>
      <trkpt lat="45.64978" lon="6.57791">
        <ele>1558.6</ele>
        <time>2026-02-25T15:32:06Z</time>
      </trkpt>
      <trkpt lat="45.64982" lon="6.57789">
        <ele>1558.6</ele>
        <time>2026-02-25T15:32:09Z</time>
      </trkpt>
      <trkpt lat="45.64982" lon="6.57791">
        <ele>1557.4</ele>
        <time>2026-02-25T15:32:10Z</time>
      </trkpt>
      <trkpt lat="45.64984" lon="6.5779">
        <ele>1557.4</ele>
        <time>2026-02-25T15:32:11Z</time>
      </trkpt>
      <trkpt lat="45.64986" lon="6.57792">
        <ele>1558</ele>
        <time>2026-02-25T15:32:13Z</time>
      </trkpt>
      <trkpt lat="45.64989" lon="6.57792">
        <ele>1558.2</ele>
        <time>2026-02-25T15:32:15Z</time>
      </trkpt>
      <trkpt lat="45.64993" lon="6.57786">
        <ele>1558.8</ele>
        <time>2026-02-25T15:32:19Z</time>
      </trkpt>
      <trkpt lat="45.64996" lon="6.57784">
        <ele>1558.8</ele>
        <time>2026-02-25T15:32:23Z</time>
      </trkpt>
      <trkpt lat="45.65" lon="6.57785">
        <ele>1558.8</ele>
        <time>2026-02-25T15:32:27Z</time>
      </trkpt>
      <trkpt lat="45.65007" lon="6.57784">
        <ele>1557.8</ele>
        <time>2026-02-25T15:32:35Z</time>
      </trkpt>
      <trkpt lat="45.65007" lon="6.57783">
        <ele>1559</ele>
        <time>2026-02-25T15:32:51Z</time>
      </trkpt>
      <trkpt lat="45.65011" lon="6.5779">
        <ele>1558.4</ele>
        <time>2026-02-25T15:32:57Z</time>
      </trkpt>
      <trkpt lat="45.65012" lon="6.57789">
        <ele>1557.8</ele>
        <time>2026-02-25T15:32:58Z</time>
      </trkpt>
      <trkpt lat="45.65021" lon="6.57793">
        <ele>1558.2</ele>
        <time>2026-02-25T15:33:06Z</time>
      </trkpt>
      <trkpt lat="45.65022" lon="6.57795">
        <ele>1558.2</ele>
        <time>2026-02-25T15:33:08Z</time>
      </trkpt>
      <trkpt lat="45.65028" lon="6.57797">
        <ele>1557.2</ele>
        <time>2026-02-25T15:33:14Z</time>
      </trkpt>
      <trkpt lat="45.65042" lon="6.57792">
        <ele>1557.2</ele>
        <time>2026-02-25T15:33:24Z</time>
      </trkpt>
      <trkpt lat="45.6505" lon="6.57797">
        <ele>1556</ele>
        <time>2026-02-25T15:33:32Z</time>
      </trkpt>
      <trkpt lat="45.65051" lon="6.578">
        <ele>1557.6</ele>
        <time>2026-02-25T15:33:34Z</time>
      </trkpt>
      <trkpt lat="45.6505" lon="6.57806">
        <ele>1557.4</ele>
        <time>2026-02-25T15:33:37Z</time>
      </trkpt>
      <trkpt lat="45.65051" lon="6.57806">
        <ele>1557</ele>
        <time>2026-02-25T15:33:38Z</time>
      </trkpt>
      <trkpt lat="45.6505" lon="6.57808">
        <ele>1557</ele>
        <time>2026-02-25T15:33:54Z</time>
      </trkpt>
      <trkpt lat="45.65051" lon="6.57806">
        <ele>1554.8</ele>
        <time>2026-02-25T15:33:59Z</time>
      </trkpt>
      <trkpt lat="45.65049" lon="6.57815">
        <ele>1557.6</ele>
        <time>2026-02-25T15:34:07Z</time>
      </trkpt>
      <trkpt lat="45.65044" lon="6.57822">
        <ele>1557</ele>
        <time>2026-02-25T15:34:15Z</time>
      </trkpt>
      <trkpt lat="45.65041" lon="6.57831">
        <ele>1557.2</ele>
        <time>2026-02-25T15:34:23Z</time>
      </trkpt>
      <trkpt lat="45.65034" lon="6.57841">
        <ele>1557</ele>
        <time>2026-02-25T15:34:47Z</time>
      </trkpt>
      <trkpt lat="45.6502" lon="6.57894">
        <ele>1555</ele>
        <time>2026-02-25T15:35:51Z</time>
      </trkpt>
      <trkpt lat="45.65017" lon="6.57914">
        <ele>1557.2</ele>
        <time>2026-02-25T15:36:07Z</time>
      </trkpt>
      <trkpt lat="45.65019" lon="6.57928">
        <ele>1557</ele>
        <time>2026-02-25T15:36:17Z</time>
      </trkpt>
      <trkpt lat="45.65018" lon="6.57934">
        <ele>1557</ele>
        <time>2026-02-25T15:36:21Z</time>
      </trkpt>
      <trkpt lat="45.6502" lon="6.57939">
        <ele>1556.4</ele>
        <time>2026-02-25T15:36:25Z</time>
      </trkpt>
      <trkpt lat="45.65022" lon="6.57968">
        <ele>1556.8</ele>
        <time>2026-02-25T15:36:45Z</time>
      </trkpt>
      <trkpt lat="45.65025" lon="6.57975">
        <ele>1557.2</ele>
        <time>2026-02-25T15:36:49Z</time>
      </trkpt>
      <trkpt lat="45.65025" lon="6.5798">
        <ele>1555</ele>
        <time>2026-02-25T15:36:53Z</time>
      </trkpt>
      <trkpt lat="45.65028" lon="6.57985">
        <ele>1557</ele>
        <time>2026-02-25T15:36:57Z</time>
      </trkpt>
      <trkpt lat="45.6503" lon="6.57995">
        <ele>1557.2</ele>
        <time>2026-02-25T15:37:05Z</time>
      </trkpt>
      <trkpt lat="45.6504" lon="6.58016">
        <ele>1557.6</ele>
        <time>2026-02-25T15:37:23Z</time>
      </trkpt>
      <trkpt lat="45.65042" lon="6.58017">
        <ele>1557.6</ele>
        <time>2026-02-25T15:37:25Z</time>
      </trkpt>
      <trkpt lat="45.65066" lon="6.58053">
        <ele>1555.8</ele>
        <time>2026-02-25T15:38:01Z</time>
      </trkpt>
      <trkpt lat="45.65065" lon="6.58055">
        <ele>1557.6</ele>
        <time>2026-02-25T15:38:02Z</time>
      </trkpt>
      <trkpt lat="45.65066" lon="6.58056">
        <ele>1557.6</ele>
        <time>2026-02-25T15:38:04Z</time>
      </trkpt>
      <trkpt lat="45.65065" lon="6.5806">
        <ele>1556</ele>
        <time>2026-02-25T15:38:08Z</time>
      </trkpt>
      <trkpt lat="45.6507" lon="6.58083">
        <ele>1559.4</ele>
        <time>2026-02-25T15:38:34Z</time>
      </trkpt>
      <trkpt lat="45.65069" lon="6.58086">
        <ele>1559.4</ele>
        <time>2026-02-25T15:38:36Z</time>
      </trkpt>
      <trkpt lat="45.65072" lon="6.58093">
        <ele>1561</ele>
        <time>2026-02-25T15:38:44Z</time>
      </trkpt>
      <trkpt lat="45.65074" lon="6.5811">
        <ele>1560.6</ele>
        <time>2026-02-25T15:39:00Z</time>
      </trkpt>
      <trkpt lat="45.65078" lon="6.58122">
        <ele>1561.2</ele>
        <time>2026-02-25T15:39:20Z</time>
      </trkpt>
      <trkpt lat="45.6508" lon="6.58123">
        <ele>1562.2</ele>
        <time>2026-02-25T15:39:22Z</time>
      </trkpt>
      <trkpt lat="45.65084" lon="6.58139">
        <ele>1563.6</ele>
        <time>2026-02-25T15:39:42Z</time>
      </trkpt>
      <trkpt lat="45.65088" lon="6.58146">
        <ele>1562.6</ele>
        <time>2026-02-25T15:39:50Z</time>
      </trkpt>
      <trkpt lat="45.65089" lon="6.58156">
        <ele>1565</ele>
        <time>2026-02-25T15:39:58Z</time>
      </trkpt>
      <trkpt lat="45.65091" lon="6.5816">
        <ele>1564.4</ele>
        <time>2026-02-25T15:40:02Z</time>
      </trkpt>
      <trkpt lat="45.6509" lon="6.58161">
        <ele>1564.4</ele>
        <time>2026-02-25T15:40:03Z</time>
      </trkpt>
      <trkpt lat="45.65096" lon="6.58176">
        <ele>1565</ele>
        <time>2026-02-25T15:40:19Z</time>
      </trkpt>
      <trkpt lat="45.65103" lon="6.58205">
        <ele>1567</ele>
        <time>2026-02-25T15:40:51Z</time>
      </trkpt>
      <trkpt lat="45.65103" lon="6.58216">
        <ele>1567</ele>
        <time>2026-02-25T15:41:23Z</time>
      </trkpt>
      <trkpt lat="45.65108" lon="6.58237">
        <ele>1567.2</ele>
        <time>2026-02-25T15:41:55Z</time>
      </trkpt>
      <trkpt lat="45.65111" lon="6.5824">
        <ele>1568.6</ele>
        <time>2026-02-25T15:42:01Z</time>
      </trkpt>
      <trkpt lat="45.65113" lon="6.58239">
        <ele>1569</ele>
        <time>2026-02-25T15:42:05Z</time>
      </trkpt>
      <trkpt lat="45.65115" lon="6.58233">
        <ele>1569</ele>
        <time>2026-02-25T15:42:13Z</time>
      </trkpt>
      <trkpt lat="45.65109" lon="6.58181">
        <ele>1573.6</ele>
        <time>2026-02-25T15:43:01Z</time>
      </trkpt>
      <trkpt lat="45.65105" lon="6.58163">
        <ele>1574.8</ele>
        <time>2026-02-25T15:43:17Z</time>
      </trkpt>
      <trkpt lat="45.65103" lon="6.5816">
        <ele>1574.8</ele>
        <time>2026-02-25T15:43:21Z</time>
      </trkpt>
      <trkpt lat="45.65101" lon="6.58145">
        <ele>1575.8</ele>
        <time>2026-02-25T15:43:33Z</time>
      </trkpt>
      <trkpt lat="45.65102" lon="6.58144">
        <ele>1575.8</ele>
        <time>2026-02-25T15:43:34Z</time>
      </trkpt>
      <trkpt lat="45.651" lon="6.5813">
        <ele>1576.8</ele>
        <time>2026-02-25T15:43:46Z</time>
      </trkpt>
      <trkpt lat="45.65098" lon="6.58125">
        <ele>1576.2</ele>
        <time>2026-02-25T15:43:50Z</time>
      </trkpt>
      <trkpt lat="45.65099" lon="6.58122">
        <ele>1576.2</ele>
        <time>2026-02-25T15:43:52Z</time>
      </trkpt>
      <trkpt lat="45.65098" lon="6.5812">
        <ele>1577</ele>
        <time>2026-02-25T15:43:54Z</time>
      </trkpt>
      <trkpt lat="45.65103" lon="6.58107">
        <ele>1577.6</ele>
        <time>2026-02-25T15:44:06Z</time>
      </trkpt>
      <trkpt lat="45.65114" lon="6.58091">
        <ele>1577.6</ele>
        <time>2026-02-25T15:48:22Z</time>
      </trkpt>
      <trkpt lat="45.6512" lon="6.58093">
        <ele>1578.2</ele>
        <time>2026-02-25T15:50:30Z</time>
      </trkpt>
      <trkpt lat="45.65121" lon="6.58095">
        <ele>1578.8</ele>
        <time>2026-02-25T15:51:06Z</time>
      </trkpt>
      <trkpt lat="45.65121" lon="6.58094">
        <ele>1578</ele>
        <time>2026-02-25T15:51:10Z</time>
      </trkpt>
      <trkpt lat="45.6512" lon="6.58095">
        <ele>1577.2</ele>
        <time>2026-02-25T15:51:14Z</time>
      </trkpt>
      <trkpt lat="45.6512" lon="6.58094">
        <ele>1578.6</ele>
        <time>2026-02-25T15:51:18Z</time>
      </trkpt>
      <trkpt lat="45.65117" lon="6.58095">
        <ele>1578.4</ele>
        <time>2026-02-25T15:51:22Z</time>
      </trkpt>
      <trkpt lat="45.65116" lon="6.58092">
        <ele>1576</ele>
        <time>2026-02-25T15:51:27Z</time>
      </trkpt>
      <trkpt lat="45.65116" lon="6.58093">
        <ele>1578.2</ele>
        <time>2026-02-25T15:55:43Z</time>
      </trkpt>
      <trkpt lat="45.65116" lon="6.58087">
        <ele>1577.8</ele>
        <time>2026-02-25T15:57:58Z</time>
      </trkpt>
      <trkpt lat="45.65125" lon="6.58079">
        <ele>1577.2</ele>
        <time>2026-02-25T15:58:10Z</time>
      </trkpt>
      <trkpt lat="45.65148" lon="6.58083">
        <ele>1576.2</ele>
        <time>2026-02-25T15:58:27Z</time>
      </trkpt>
      <trkpt lat="45.65157" lon="6.58081">
        <ele>1574.4</ele>
        <time>2026-02-25T15:58:30Z</time>
      </trkpt>
      <trkpt lat="45.65163" lon="6.58074">
        <ele>1574.4</ele>
        <time>2026-02-25T15:58:32Z</time>
      </trkpt>
      <trkpt lat="45.65177" lon="6.58064">
        <ele>1574</ele>
        <time>2026-02-25T15:58:36Z</time>
      </trkpt>
      <trkpt lat="45.65193" lon="6.58055">
        <ele>1572.8</ele>
        <time>2026-02-25T15:58:40Z</time>
      </trkpt>
      <trkpt lat="45.65213" lon="6.58041">
        <ele>1569.2</ele>
        <time>2026-02-25T15:58:44Z</time>
      </trkpt>
      <trkpt lat="45.65231" lon="6.58022">
        <ele>1566</ele>
        <time>2026-02-25T15:58:48Z</time>
      </trkpt>
      <trkpt lat="45.6524" lon="6.58015">
        <ele>1564.4</ele>
        <time>2026-02-25T15:58:50Z</time>
      </trkpt>
      <trkpt lat="45.65281" lon="6.58002">
        <ele>1561.2</ele>
        <time>2026-02-25T15:59:00Z</time>
      </trkpt>
      <trkpt lat="45.65294" lon="6.57991">
        <ele>1560.2</ele>
        <time>2026-02-25T15:59:04Z</time>
      </trkpt>
      <trkpt lat="45.65305" lon="6.57984">
        <ele>1558.6</ele>
        <time>2026-02-25T15:59:07Z</time>
      </trkpt>
      <trkpt lat="45.65309" lon="6.57985">
        <ele>1558.6</ele>
        <time>2026-02-25T15:59:08Z</time>
      </trkpt>
      <trkpt lat="45.65316" lon="6.57984">
        <ele>1558</ele>
        <time>2026-02-25T15:59:10Z</time>
      </trkpt>
      <trkpt lat="45.65339" lon="6.57988">
        <ele>1556.2</ele>
        <time>2026-02-25T15:59:16Z</time>
      </trkpt>
      <trkpt lat="45.65347" lon="6.57987">
        <ele>1554.2</ele>
        <time>2026-02-25T15:59:18Z</time>
      </trkpt>
      <trkpt lat="45.65352" lon="6.57988">
        <ele>1554.2</ele>
        <time>2026-02-25T15:59:19Z</time>
      </trkpt>
      <trkpt lat="45.65359" lon="6.57984">
        <ele>1554.2</ele>
        <time>2026-02-25T15:59:21Z</time>
      </trkpt>
      <trkpt lat="45.65372" lon="6.57982">
        <ele>1552</ele>
        <time>2026-02-25T15:59:24Z</time>
      </trkpt>
      <trkpt lat="45.6539" lon="6.57986">
        <ele>1550.6</ele>
        <time>2026-02-25T15:59:28Z</time>
      </trkpt>
      <trkpt lat="45.65423" lon="6.58">
        <ele>1546.6</ele>
        <time>2026-02-25T15:59:36Z</time>
      </trkpt>
      <trkpt lat="45.65437" lon="6.58004">
        <ele>1544.6</ele>
        <time>2026-02-25T15:59:39Z</time>
      </trkpt>
      <trkpt lat="45.65452" lon="6.58001">
        <ele>1542.8</ele>
        <time>2026-02-25T15:59:42Z</time>
      </trkpt>
      <trkpt lat="45.65457" lon="6.58003">
        <ele>1542.8</ele>
        <time>2026-02-25T15:59:43Z</time>
      </trkpt>
      <trkpt lat="45.65469" lon="6.58003">
        <ele>1541.8</ele>
        <time>2026-02-25T15:59:45Z</time>
      </trkpt>
      <trkpt lat="45.6548" lon="6.58001">
        <ele>1539.2</ele>
        <time>2026-02-25T15:59:47Z</time>
      </trkpt>
      <trkpt lat="45.65507" lon="6.58004">
        <ele>1538.6</ele>
        <time>2026-02-25T15:59:52Z</time>
      </trkpt>
      <trkpt lat="45.65528" lon="6.58009">
        <ele>1535.8</ele>
        <time>2026-02-25T15:59:56Z</time>
      </trkpt>
      <trkpt lat="45.65538" lon="6.58008">
        <ele>1534</ele>
        <time>2026-02-25T15:59:58Z</time>
      </trkpt>
      <trkpt lat="45.65555" lon="6.58012">
        <ele>1533</ele>
        <time>2026-02-25T16:00:01Z</time>
      </trkpt>
      <trkpt lat="45.65565" lon="6.58011">
        <ele>1531</ele>
        <time>2026-02-25T16:00:03Z</time>
      </trkpt>
      <trkpt lat="45.65573" lon="6.58007">
        <ele>1531</ele>
        <time>2026-02-25T16:00:05Z</time>
      </trkpt>
      <trkpt lat="45.65577" lon="6.58008">
        <ele>1529</ele>
        <time>2026-02-25T16:00:21Z</time>
      </trkpt>
      <trkpt lat="45.65582" lon="6.58029">
        <ele>1529</ele>
        <time>2026-02-25T16:00:33Z</time>
      </trkpt>
      <trkpt lat="45.65578" lon="6.5803">
        <ele>1528.2</ele>
        <time>2026-02-25T16:00:37Z</time>
      </trkpt>
      <trkpt lat="45.65572" lon="6.58022">
        <ele>1527.4</ele>
        <time>2026-02-25T16:00:41Z</time>
      </trkpt>
      <trkpt lat="45.65565" lon="6.58017">
        <ele>1526.4</ele>
        <time>2026-02-25T16:00:45Z</time>
      </trkpt>
      <trkpt lat="45.65563" lon="6.58017">
        <ele>1525.2</ele>
        <time>2026-02-25T16:00:46Z</time>
      </trkpt>
      <trkpt lat="45.65561" lon="6.58014">
        <ele>1525.2</ele>
        <time>2026-02-25T16:00:48Z</time>
      </trkpt>
      <trkpt lat="45.65547" lon="6.58008">
        <ele>1521.6</ele>
        <time>2026-02-25T16:00:55Z</time>
      </trkpt>
      <trkpt lat="45.65545" lon="6.58009">
        <ele>1521.6</ele>
        <time>2026-02-25T16:00:56Z</time>
      </trkpt>
      <trkpt lat="45.65544" lon="6.58007">
        <ele>1522.2</ele>
        <time>2026-02-25T16:00:57Z</time>
      </trkpt>
      <trkpt lat="45.65532" lon="6.57999">
        <ele>1521.2</ele>
        <time>2026-02-25T16:01:02Z</time>
      </trkpt>
      <trkpt lat="45.65524" lon="6.57987">
        <ele>1520</ele>
        <time>2026-02-25T16:01:07Z</time>
      </trkpt>
      <trkpt lat="45.65521" lon="6.57987">
        <ele>1520</ele>
        <time>2026-02-25T16:01:08Z</time>
      </trkpt>
      <trkpt lat="45.6551" lon="6.57979">
        <ele>1519</ele>
        <time>2026-02-25T16:01:12Z</time>
      </trkpt>
      <trkpt lat="45.6549" lon="6.57973">
        <ele>1516.8</ele>
        <time>2026-02-25T16:01:17Z</time>
      </trkpt>
      <trkpt lat="45.65477" lon="6.57964">
        <ele>1516</ele>
        <time>2026-02-25T16:01:21Z</time>
      </trkpt>
      <trkpt lat="45.65469" lon="6.57963">
        <ele>1514.6</ele>
        <time>2026-02-25T16:01:23Z</time>
      </trkpt>
      <trkpt lat="45.65447" lon="6.57953">
        <ele>1513</ele>
        <time>2026-02-25T16:01:29Z</time>
      </trkpt>
      <trkpt lat="45.65445" lon="6.57949">
        <ele>1511.8</ele>
        <time>2026-02-25T16:01:30Z</time>
      </trkpt>
      <trkpt lat="45.65441" lon="6.57948">
        <ele>1511.8</ele>
        <time>2026-02-25T16:01:31Z</time>
      </trkpt>
      <trkpt lat="45.65436" lon="6.57943">
        <ele>1511.8</ele>
        <time>2026-02-25T16:01:33Z</time>
      </trkpt>
      <trkpt lat="45.65426" lon="6.57939">
        <ele>1511</ele>
        <time>2026-02-25T16:01:36Z</time>
      </trkpt>
      <trkpt lat="45.65419" lon="6.57932">
        <ele>1509.2</ele>
        <time>2026-02-25T16:01:38Z</time>
      </trkpt>
      <trkpt lat="45.65413" lon="6.5793">
        <ele>1509.2</ele>
        <time>2026-02-25T16:01:40Z</time>
      </trkpt>
      <trkpt lat="45.65394" lon="6.57918">
        <ele>1507.6</ele>
        <time>2026-02-25T16:01:46Z</time>
      </trkpt>
      <trkpt lat="45.65373" lon="6.57914">
        <ele>1506.2</ele>
        <time>2026-02-25T16:01:53Z</time>
      </trkpt>
      <trkpt lat="45.6537" lon="6.57916">
        <ele>1505.6</ele>
        <time>2026-02-25T16:01:54Z</time>
      </trkpt>
      <trkpt lat="45.65342" lon="6.57913">
        <ele>1503.4</ele>
        <time>2026-02-25T16:02:02Z</time>
      </trkpt>
      <trkpt lat="45.65335" lon="6.57911">
        <ele>1503.4</ele>
        <time>2026-02-25T16:02:04Z</time>
      </trkpt>
      <trkpt lat="45.65327" lon="6.57911">
        <ele>1501.8</ele>
        <time>2026-02-25T16:02:06Z</time>
      </trkpt>
      <trkpt lat="45.65317" lon="6.57907">
        <ele>1501.8</ele>
        <time>2026-02-25T16:02:09Z</time>
      </trkpt>
      <trkpt lat="45.65309" lon="6.57907">
        <ele>1501.2</ele>
        <time>2026-02-25T16:02:11Z</time>
      </trkpt>
      <trkpt lat="45.65302" lon="6.57909">
        <ele>1501.2</ele>
        <time>2026-02-25T16:02:13Z</time>
      </trkpt>
      <trkpt lat="45.65273" lon="6.57907">
        <ele>1498</ele>
        <time>2026-02-25T16:02:21Z</time>
      </trkpt>
      <trkpt lat="45.65253" lon="6.57914">
        <ele>1495.8</ele>
        <time>2026-02-25T16:02:28Z</time>
      </trkpt>
      <trkpt lat="45.65246" lon="6.57918">
        <ele>1495</ele>
        <time>2026-02-25T16:02:32Z</time>
      </trkpt>
      <trkpt lat="45.65237" lon="6.57918">
        <ele>1494.4</ele>
        <time>2026-02-25T16:02:36Z</time>
      </trkpt>
      <trkpt lat="45.65233" lon="6.5792">
        <ele>1493.8</ele>
        <time>2026-02-25T16:02:38Z</time>
      </trkpt>
      <trkpt lat="45.65224" lon="6.57919">
        <ele>1493.4</ele>
        <time>2026-02-25T16:02:42Z</time>
      </trkpt>
      <trkpt lat="45.6522" lon="6.57917">
        <ele>1492.4</ele>
        <time>2026-02-25T16:02:50Z</time>
      </trkpt>
      <trkpt lat="45.65214" lon="6.57901">
        <ele>1491.6</ele>
        <time>2026-02-25T16:02:55Z</time>
      </trkpt>
      <trkpt lat="45.65221" lon="6.57887">
        <ele>1490.6</ele>
        <time>2026-02-25T16:03:01Z</time>
      </trkpt>
      <trkpt lat="45.65254" lon="6.57865">
        <ele>1488</ele>
        <time>2026-02-25T16:03:14Z</time>
      </trkpt>
      <trkpt lat="45.65256" lon="6.57861">
        <ele>1488</ele>
        <time>2026-02-25T16:03:15Z</time>
      </trkpt>
      <trkpt lat="45.65262" lon="6.57858">
        <ele>1487.6</ele>
        <time>2026-02-25T16:03:17Z</time>
      </trkpt>
      <trkpt lat="45.65269" lon="6.57849">
        <ele>1487</ele>
        <time>2026-02-25T16:03:21Z</time>
      </trkpt>
      <trkpt lat="45.65282" lon="6.57838">
        <ele>1485.8</ele>
        <time>2026-02-25T16:03:26Z</time>
      </trkpt>
      <trkpt lat="45.65285" lon="6.57838">
        <ele>1485.8</ele>
        <time>2026-02-25T16:03:27Z</time>
      </trkpt>
      <trkpt lat="45.65296" lon="6.57832">
        <ele>1485.2</ele>
        <time>2026-02-25T16:03:31Z</time>
      </trkpt>
      <trkpt lat="45.65337" lon="6.57822">
        <ele>1483.4</ele>
        <time>2026-02-25T16:03:44Z</time>
      </trkpt>
      <trkpt lat="45.65351" lon="6.57823">
        <ele>1482.8</ele>
        <time>2026-02-25T16:03:48Z</time>
      </trkpt>
      <trkpt lat="45.65357" lon="6.57821">
        <ele>1481.6</ele>
        <time>2026-02-25T16:03:50Z</time>
      </trkpt>
      <trkpt lat="45.65382" lon="6.57819">
        <ele>1479.8</ele>
        <time>2026-02-25T16:03:58Z</time>
      </trkpt>
      <trkpt lat="45.65388" lon="6.5782">
        <ele>1479.8</ele>
        <time>2026-02-25T16:04:00Z</time>
      </trkpt>
      <trkpt lat="45.65394" lon="6.57818">
        <ele>1479.4</ele>
        <time>2026-02-25T16:04:02Z</time>
      </trkpt>
      <trkpt lat="45.65404" lon="6.57819">
        <ele>1478.8</ele>
        <time>2026-02-25T16:04:05Z</time>
      </trkpt>
      <trkpt lat="45.65416" lon="6.57817">
        <ele>1478.2</ele>
        <time>2026-02-25T16:04:09Z</time>
      </trkpt>
      <trkpt lat="45.65439" lon="6.5782">
        <ele>1477.6</ele>
        <time>2026-02-25T16:04:17Z</time>
      </trkpt>
      <trkpt lat="45.65451" lon="6.57818">
        <ele>1477</ele>
        <time>2026-02-25T16:04:21Z</time>
      </trkpt>
      <trkpt lat="45.65469" lon="6.5782">
        <ele>1475.8</ele>
        <time>2026-02-25T16:04:26Z</time>
      </trkpt>
      <trkpt lat="45.65475" lon="6.57819">
        <ele>1475.8</ele>
        <time>2026-02-25T16:04:28Z</time>
      </trkpt>
      <trkpt lat="45.6549" lon="6.57825">
        <ele>1474.8</ele>
        <time>2026-02-25T16:04:32Z</time>
      </trkpt>
      <trkpt lat="45.65529" lon="6.57828">
        <ele>1473</ele>
        <time>2026-02-25T16:04:44Z</time>
      </trkpt>
      <trkpt lat="45.65536" lon="6.57827">
        <ele>1472.2</ele>
        <time>2026-02-25T16:04:46Z</time>
      </trkpt>
      <trkpt lat="45.65569" lon="6.57828">
        <ele>1470.6</ele>
        <time>2026-02-25T16:04:54Z</time>
      </trkpt>
      <trkpt lat="45.65581" lon="6.57826">
        <ele>1469.6</ele>
        <time>2026-02-25T16:04:57Z</time>
      </trkpt>
      <trkpt lat="45.65585" lon="6.57827">
        <ele>1470</ele>
        <time>2026-02-25T16:04:58Z</time>
      </trkpt>
      <trkpt lat="45.65613" lon="6.57821">
        <ele>1467.4</ele>
        <time>2026-02-25T16:05:06Z</time>
      </trkpt>
      <trkpt lat="45.65635" lon="6.5782">
        <ele>1466.8</ele>
        <time>2026-02-25T16:05:12Z</time>
      </trkpt>
      <trkpt lat="45.6565" lon="6.57823">
        <ele>1466.4</ele>
        <time>2026-02-25T16:05:16Z</time>
      </trkpt>
      <trkpt lat="45.65685" lon="6.57843">
        <ele>1463.6</ele>
        <time>2026-02-25T16:05:27Z</time>
      </trkpt>
      <trkpt lat="45.65705" lon="6.5784">
        <ele>1462.4</ele>
        <time>2026-02-25T16:05:35Z</time>
      </trkpt>
      <trkpt lat="45.65732" lon="6.57843">
        <ele>1461.2</ele>
        <time>2026-02-25T16:05:43Z</time>
      </trkpt>
      <trkpt lat="45.65739" lon="6.57845">
        <ele>1460.6</ele>
        <time>2026-02-25T16:05:45Z</time>
      </trkpt>
      <trkpt lat="45.65774" lon="6.5787">
        <ele>1458.6</ele>
        <time>2026-02-25T16:05:57Z</time>
      </trkpt>
      <trkpt lat="45.65798" lon="6.57881">
        <ele>1457</ele>
        <time>2026-02-25T16:06:05Z</time>
      </trkpt>
      <trkpt lat="45.65825" lon="6.57889">
        <ele>1455.6</ele>
        <time>2026-02-25T16:06:13Z</time>
      </trkpt>
      <trkpt lat="45.65845" lon="6.57891">
        <ele>1454.2</ele>
        <time>2026-02-25T16:06:19Z</time>
      </trkpt>
      <trkpt lat="45.65849" lon="6.5789">
        <ele>1454.2</ele>
        <time>2026-02-25T16:06:20Z</time>
      </trkpt>
      <trkpt lat="45.65851" lon="6.57891">
        <ele>1454.2</ele>
        <time>2026-02-25T16:06:21Z</time>
      </trkpt>
      <trkpt lat="45.65854" lon="6.57889">
        <ele>1453.6</ele>
        <time>2026-02-25T16:06:22Z</time>
      </trkpt>
      <trkpt lat="45.6586" lon="6.57888">
        <ele>1453.6</ele>
        <time>2026-02-25T16:06:24Z</time>
      </trkpt>
      <trkpt lat="45.65887" lon="6.57889">
        <ele>1452.4</ele>
        <time>2026-02-25T16:06:32Z</time>
      </trkpt>
      <trkpt lat="45.65921" lon="6.57893">
        <ele>1451</ele>
        <time>2026-02-25T16:06:40Z</time>
      </trkpt>
      <trkpt lat="45.65938" lon="6.57892">
        <ele>1450</ele>
        <time>2026-02-25T16:06:44Z</time>
      </trkpt>
      <trkpt lat="45.65947" lon="6.5789">
        <ele>1449</ele>
        <time>2026-02-25T16:06:46Z</time>
      </trkpt>
      <trkpt lat="45.65955" lon="6.57886">
        <ele>1449</ele>
        <time>2026-02-25T16:06:48Z</time>
      </trkpt>
      <trkpt lat="45.65958" lon="6.57882">
        <ele>1448</ele>
        <time>2026-02-25T16:06:49Z</time>
      </trkpt>
      <trkpt lat="45.65965" lon="6.57877">
        <ele>1447</ele>
        <time>2026-02-25T16:06:51Z</time>
      </trkpt>
      <trkpt lat="45.65971" lon="6.57868">
        <ele>1447</ele>
        <time>2026-02-25T16:06:53Z</time>
      </trkpt>
      <trkpt lat="45.65986" lon="6.57827">
        <ele>1445.2</ele>
        <time>2026-02-25T16:07:01Z</time>
      </trkpt>
      <trkpt lat="45.65992" lon="6.57818">
        <ele>1444.4</ele>
        <time>2026-02-25T16:07:03Z</time>
      </trkpt>
      <trkpt lat="45.6601" lon="6.57802">
        <ele>1441.6</ele>
        <time>2026-02-25T16:07:07Z</time>
      </trkpt>
      <trkpt lat="45.6602" lon="6.57797">
        <ele>1441.6</ele>
        <time>2026-02-25T16:07:09Z</time>
      </trkpt>
      <trkpt lat="45.66036" lon="6.57793">
        <ele>1440.4</ele>
        <time>2026-02-25T16:07:12Z</time>
      </trkpt>
      <trkpt lat="45.66045" lon="6.57787">
        <ele>1439.4</ele>
        <time>2026-02-25T16:07:14Z</time>
      </trkpt>
      <trkpt lat="45.66064" lon="6.57784">
        <ele>1436.8</ele>
        <time>2026-02-25T16:07:18Z</time>
      </trkpt>
      <trkpt lat="45.66076" lon="6.57794">
        <ele>1435.8</ele>
        <time>2026-02-25T16:07:21Z</time>
      </trkpt>
      <trkpt lat="45.66103" lon="6.57823">
        <ele>1433.6</ele>
        <time>2026-02-25T16:07:29Z</time>
      </trkpt>
      <trkpt lat="45.66134" lon="6.57846">
        <ele>1431.8</ele>
        <time>2026-02-25T16:07:37Z</time>
      </trkpt>
      <trkpt lat="45.66151" lon="6.57854">
        <ele>1430.4</ele>
        <time>2026-02-25T16:07:41Z</time>
      </trkpt>
      <trkpt lat="45.66172" lon="6.57858">
        <ele>1429.4</ele>
        <time>2026-02-25T16:07:45Z</time>
      </trkpt>
      <trkpt lat="45.66181" lon="6.57855">
        <ele>1427.8</ele>
        <time>2026-02-25T16:07:47Z</time>
      </trkpt>
      <trkpt lat="45.66203" lon="6.57839">
        <ele>1426</ele>
        <time>2026-02-25T16:07:52Z</time>
      </trkpt>
      <trkpt lat="45.66219" lon="6.57838">
        <ele>1424.6</ele>
        <time>2026-02-25T16:07:56Z</time>
      </trkpt>
      <trkpt lat="45.66239" lon="6.57841">
        <ele>1423.8</ele>
        <time>2026-02-25T16:08:01Z</time>
      </trkpt>
      <trkpt lat="45.66262" lon="6.57852">
        <ele>1420.6</ele>
        <time>2026-02-25T16:08:07Z</time>
      </trkpt>
      <trkpt lat="45.66266" lon="6.57856">
        <ele>1420.6</ele>
        <time>2026-02-25T16:08:08Z</time>
      </trkpt>
      <trkpt lat="45.66271" lon="6.57858">
        <ele>1420</ele>
        <time>2026-02-25T16:08:09Z</time>
      </trkpt>
      <trkpt lat="45.66294" lon="6.57878">
        <ele>1417.6</ele>
        <time>2026-02-25T16:08:15Z</time>
      </trkpt>
      <trkpt lat="45.66327" lon="6.57889">
        <ele>1413.6</ele>
        <time>2026-02-25T16:08:23Z</time>
      </trkpt>
      <trkpt lat="45.66346" lon="6.57897">
        <ele>1412.2</ele>
        <time>2026-02-25T16:08:27Z</time>
      </trkpt>
      <trkpt lat="45.66351" lon="6.57897">
        <ele>1412.2</ele>
        <time>2026-02-25T16:08:28Z</time>
      </trkpt>
      <trkpt lat="45.66361" lon="6.57902">
        <ele>1410.2</ele>
        <time>2026-02-25T16:08:30Z</time>
      </trkpt>
      <trkpt lat="45.66377" lon="6.57906">
        <ele>1409.2</ele>
        <time>2026-02-25T16:08:33Z</time>
      </trkpt>
      <trkpt lat="45.66387" lon="6.57905">
        <ele>1408</ele>
        <time>2026-02-25T16:08:35Z</time>
      </trkpt>
      <trkpt lat="45.66419" lon="6.5791">
        <ele>1405.8</ele>
        <time>2026-02-25T16:08:41Z</time>
      </trkpt>
      <trkpt lat="45.66424" lon="6.57909">
        <ele>1403.8</ele>
        <time>2026-02-25T16:08:42Z</time>
      </trkpt>
      <trkpt lat="45.66429" lon="6.5791">
        <ele>1403.8</ele>
        <time>2026-02-25T16:08:43Z</time>
      </trkpt>
      <trkpt lat="45.66434" lon="6.57908">
        <ele>1403.8</ele>
        <time>2026-02-25T16:08:44Z</time>
      </trkpt>
      <trkpt lat="45.66526" lon="6.57903">
        <ele>1397.4</ele>
        <time>2026-02-25T16:09:00Z</time>
      </trkpt>
      <trkpt lat="45.66552" lon="6.57898">
        <ele>1395.2</ele>
        <time>2026-02-25T16:09:04Z</time>
      </trkpt>
      <trkpt lat="45.66563" lon="6.57891">
        <ele>1393.2</ele>
        <time>2026-02-25T16:09:06Z</time>
      </trkpt>
      <trkpt lat="45.66575" lon="6.57888">
        <ele>1393.2</ele>
        <time>2026-02-25T16:09:08Z</time>
      </trkpt>
      <trkpt lat="45.66594" lon="6.57876">
        <ele>1390.4</ele>
        <time>2026-02-25T16:09:12Z</time>
      </trkpt>
      <trkpt lat="45.66612" lon="6.57869">
        <ele>1389.6</ele>
        <time>2026-02-25T16:09:16Z</time>
      </trkpt>
      <trkpt lat="45.66632" lon="6.57868">
        <ele>1388.2</ele>
        <time>2026-02-25T16:09:20Z</time>
      </trkpt>
      <trkpt lat="45.66642" lon="6.57865">
        <ele>1386.8</ele>
        <time>2026-02-25T16:09:22Z</time>
      </trkpt>
      <trkpt lat="45.66653" lon="6.57864">
        <ele>1386.8</ele>
        <time>2026-02-25T16:09:24Z</time>
      </trkpt>
      <trkpt lat="45.66679" lon="6.5785">
        <ele>1383.2</ele>
        <time>2026-02-25T16:09:30Z</time>
      </trkpt>
      <trkpt lat="45.66732" lon="6.57842">
        <ele>1379.8</ele>
        <time>2026-02-25T16:09:41Z</time>
      </trkpt>
      <trkpt lat="45.66758" lon="6.57832">
        <ele>1378.8</ele>
        <time>2026-02-25T16:09:47Z</time>
      </trkpt>
      <trkpt lat="45.66764" lon="6.57826">
        <ele>1378.8</ele>
        <time>2026-02-25T16:09:49Z</time>
      </trkpt>
      <trkpt lat="45.66773" lon="6.5782">
        <ele>1377.4</ele>
        <time>2026-02-25T16:09:51Z</time>
      </trkpt>
      <trkpt lat="45.66779" lon="6.5781">
        <ele>1376.8</ele>
        <time>2026-02-25T16:09:53Z</time>
      </trkpt>
      <trkpt lat="45.66787" lon="6.57804">
        <ele>1376.4</ele>
        <time>2026-02-25T16:09:55Z</time>
      </trkpt>
      <trkpt lat="45.66798" lon="6.57801">
        <ele>1375.8</ele>
        <time>2026-02-25T16:09:57Z</time>
      </trkpt>
      <trkpt lat="45.66808" lon="6.57802">
        <ele>1375.2</ele>
        <time>2026-02-25T16:09:59Z</time>
      </trkpt>
      <trkpt lat="45.66825" lon="6.5781">
        <ele>1374.2</ele>
        <time>2026-02-25T16:10:03Z</time>
      </trkpt>
      <trkpt lat="45.66833" lon="6.57812">
        <ele>1373.6</ele>
        <time>2026-02-25T16:10:05Z</time>
      </trkpt>
      <trkpt lat="45.66851" lon="6.57811">
        <ele>1372.2</ele>
        <time>2026-02-25T16:10:09Z</time>
      </trkpt>
      <trkpt lat="45.6688" lon="6.57814">
        <ele>1370.8</ele>
        <time>2026-02-25T16:10:15Z</time>
      </trkpt>
      <trkpt lat="45.66899" lon="6.57811">
        <ele>1367.4</ele>
        <time>2026-02-25T16:10:19Z</time>
      </trkpt>
      <trkpt lat="45.66934" lon="6.57802">
        <ele>1364.4</ele>
        <time>2026-02-25T16:10:27Z</time>
      </trkpt>
      <trkpt lat="45.66948" lon="6.57793">
        <ele>1362.2</ele>
        <time>2026-02-25T16:10:31Z</time>
      </trkpt>
      <trkpt lat="45.67004" lon="6.57788">
        <ele>1357.2</ele>
        <time>2026-02-25T16:10:43Z</time>
      </trkpt>
      <trkpt lat="45.6703" lon="6.57792">
        <ele>1352.2</ele>
        <time>2026-02-25T16:10:48Z</time>
      </trkpt>
      <trkpt lat="45.67034" lon="6.5779">
        <ele>1353.2</ele>
        <time>2026-02-25T16:10:49Z</time>
      </trkpt>
      <trkpt lat="45.67045" lon="6.5779">
        <ele>1349.8</ele>
        <time>2026-02-25T16:10:52Z</time>
      </trkpt>
      <trkpt lat="45.67054" lon="6.57787">
        <ele>1349.6</ele>
        <time>2026-02-25T16:10:54Z</time>
      </trkpt>
      <trkpt lat="45.67059" lon="6.57787">
        <ele>1349.6</ele>
        <time>2026-02-25T16:10:55Z</time>
      </trkpt>
      <trkpt lat="45.67063" lon="6.57785">
        <ele>1349.6</ele>
        <time>2026-02-25T16:10:56Z</time>
      </trkpt>
      <trkpt lat="45.67071" lon="6.57785">
        <ele>1347.2</ele>
        <time>2026-02-25T16:10:58Z</time>
      </trkpt>
      <trkpt lat="45.6709" lon="6.57779">
        <ele>1344.6</ele>
        <time>2026-02-25T16:11:02Z</time>
      </trkpt>
      <trkpt lat="45.67095" lon="6.57782">
        <ele>1344.6</ele>
        <time>2026-02-25T16:11:03Z</time>
      </trkpt>
      <trkpt lat="45.671" lon="6.57783">
        <ele>1344.6</ele>
        <time>2026-02-25T16:11:04Z</time>
      </trkpt>
      <trkpt lat="45.6711" lon="6.57792">
        <ele>1341.6</ele>
        <time>2026-02-25T16:11:06Z</time>
      </trkpt>
      <trkpt lat="45.67113" lon="6.57798">
        <ele>1341.6</ele>
        <time>2026-02-25T16:11:07Z</time>
      </trkpt>
      <trkpt lat="45.67122" lon="6.57807">
        <ele>1341.6</ele>
        <time>2026-02-25T16:11:09Z</time>
      </trkpt>
      <trkpt lat="45.67138" lon="6.57829">
        <ele>1339.6</ele>
        <time>2026-02-25T16:11:13Z</time>
      </trkpt>
      <trkpt lat="45.67156" lon="6.57849">
        <ele>1336.6</ele>
        <time>2026-02-25T16:11:17Z</time>
      </trkpt>
      <trkpt lat="45.67165" lon="6.57856">
        <ele>1334.8</ele>
        <time>2026-02-25T16:11:19Z</time>
      </trkpt>
      <trkpt lat="45.67184" lon="6.57875">
        <ele>1330.8</ele>
        <time>2026-02-25T16:11:23Z</time>
      </trkpt>
      <trkpt lat="45.67207" lon="6.57909">
        <ele>1326.2</ele>
        <time>2026-02-25T16:11:30Z</time>
      </trkpt>
      <trkpt lat="45.67211" lon="6.57912">
        <ele>1326.2</ele>
        <time>2026-02-25T16:11:31Z</time>
      </trkpt>
      <trkpt lat="45.67213" lon="6.57918">
        <ele>1326.2</ele>
        <time>2026-02-25T16:11:32Z</time>
      </trkpt>
      <trkpt lat="45.67218" lon="6.5792">
        <ele>1325.2</ele>
        <time>2026-02-25T16:11:33Z</time>
      </trkpt>
      <trkpt lat="45.67225" lon="6.57926">
        <ele>1323.2</ele>
        <time>2026-02-25T16:11:35Z</time>
      </trkpt>
      <trkpt lat="45.67234" lon="6.57938">
        <ele>1321.8</ele>
        <time>2026-02-25T16:11:38Z</time>
      </trkpt>
      <trkpt lat="45.67239" lon="6.57939">
        <ele>1321.8</ele>
        <time>2026-02-25T16:11:39Z</time>
      </trkpt>
      <trkpt lat="45.67243" lon="6.57944">
        <ele>1321.8</ele>
        <time>2026-02-25T16:11:40Z</time>
      </trkpt>
      <trkpt lat="45.67247" lon="6.57946">
        <ele>1320.8</ele>
        <time>2026-02-25T16:11:41Z</time>
      </trkpt>
      <trkpt lat="45.6726" lon="6.57947">
        <ele>1318.6</ele>
        <time>2026-02-25T16:11:44Z</time>
      </trkpt>
      <trkpt lat="45.67264" lon="6.57949">
        <ele>1317.8</ele>
        <time>2026-02-25T16:11:45Z</time>
      </trkpt>
      <trkpt lat="45.67276" lon="6.57949">
        <ele>1316.8</ele>
        <time>2026-02-25T16:11:48Z</time>
      </trkpt>
      <trkpt lat="45.67287" lon="6.57943">
        <ele>1312.4</ele>
        <time>2026-02-25T16:11:52Z</time>
      </trkpt>
      <trkpt lat="45.67292" lon="6.57942">
        <ele>1311.8</ele>
        <time>2026-02-25T16:12:08Z</time>
      </trkpt>
      <trkpt lat="45.67296" lon="6.57951">
        <ele>1312</ele>
        <time>2026-02-25T16:12:14Z</time>
      </trkpt>
      <trkpt lat="45.67308" lon="6.57958">
        <ele>1310.6</ele>
        <time>2026-02-25T16:13:36Z</time>
      </trkpt>
      <trkpt lat="45.67318" lon="6.57953">
        <ele>1308.8</ele>
        <time>2026-02-25T16:17:56Z</time>
      </trkpt>
      <trkpt lat="45.67318" lon="6.5795">
        <ele>1308.4</ele>
        <time>2026-02-25T16:18:00Z</time>
      </trkpt>
      <trkpt lat="45.67322" lon="6.57952">
        <ele>1307.8</ele>
        <time>2026-02-25T16:18:06Z</time>
      </trkpt>
      <trkpt lat="45.67328" lon="6.57951">
        <ele>1307.2</ele>
        <time>2026-02-25T16:18:14Z</time>
      </trkpt>
      <trkpt lat="45.6733" lon="6.57949">
        <ele>1306.2</ele>
        <time>2026-02-25T16:18:18Z</time>
      </trkpt>
      <trkpt lat="45.67331" lon="6.5795">
        <ele>1306.2</ele>
        <time>2026-02-25T16:18:20Z</time>
      </trkpt>
      <trkpt lat="45.67337" lon="6.57947">
        <ele>1305</ele>
        <time>2026-02-25T16:18:36Z</time>
      </trkpt>
      <trkpt lat="45.67343" lon="6.57946">
        <ele>1303.8</ele>
        <time>2026-02-25T16:18:48Z</time>
      </trkpt>
      <trkpt lat="45.67344" lon="6.57944">
        <ele>1304.6</ele>
        <time>2026-02-25T16:18:50Z</time>
      </trkpt>
      <trkpt lat="45.67351" lon="6.57943">
        <ele>1303.6</ele>
        <time>2026-02-25T16:18:58Z</time>
      </trkpt>
      <trkpt lat="45.67368" lon="6.57934">
        <ele>1301.2</ele>
        <time>2026-02-25T16:19:22Z</time>
      </trkpt>
      <trkpt lat="45.67377" lon="6.57933">
        <ele>1300.4</ele>
        <time>2026-02-25T16:19:35Z</time>
      </trkpt>
      <trkpt lat="45.67378" lon="6.57934">
        <ele>1300.4</ele>
        <time>2026-02-25T16:19:36Z</time>
      </trkpt>
      <trkpt lat="45.67383" lon="6.5793">
        <ele>1299</ele>
        <time>2026-02-25T16:19:44Z</time>
      </trkpt>
      <trkpt lat="45.6739" lon="6.57927">
        <ele>1299.2</ele>
        <time>2026-02-25T16:19:52Z</time>
      </trkpt>
      <trkpt lat="45.67394" lon="6.57928">
        <ele>1297.8</ele>
        <time>2026-02-25T16:19:57Z</time>
      </trkpt>
      <trkpt lat="45.67402" lon="6.57924">
        <ele>1296.6</ele>
        <time>2026-02-25T16:20:09Z</time>
      </trkpt>
      <trkpt lat="45.67403" lon="6.57925">
        <ele>1296.8</ele>
        <time>2026-02-25T16:20:10Z</time>
      </trkpt>
      <trkpt lat="45.67415" lon="6.57922">
        <ele>1294.8</ele>
        <time>2026-02-25T16:20:26Z</time>
      </trkpt>
      <trkpt lat="45.67426" lon="6.57916">
        <ele>1294</ele>
        <time>2026-02-25T16:20:42Z</time>
      </trkpt>
      <trkpt lat="45.67429" lon="6.57912">
        <ele>1292.6</ele>
        <time>2026-02-25T16:20:50Z</time>
      </trkpt>
      <trkpt lat="45.67432" lon="6.57911">
        <ele>1292.2</ele>
        <time>2026-02-25T16:20:54Z</time>
      </trkpt>
      <trkpt lat="45.67439" lon="6.57904">
        <ele>1292</ele>
        <time>2026-02-25T16:21:08Z</time>
      </trkpt>
      <trkpt lat="45.67445" lon="6.57901">
        <ele>1291.4</ele>
        <time>2026-02-25T16:21:16Z</time>
      </trkpt>
      <trkpt lat="45.67449" lon="6.57897">
        <ele>1289.4</ele>
        <time>2026-02-25T16:21:24Z</time>
      </trkpt>
      <trkpt lat="45.67465" lon="6.57892">
        <ele>1289</ele>
        <time>2026-02-25T16:21:40Z</time>
      </trkpt>
      <trkpt lat="45.67468" lon="6.57893">
        <ele>1288.8</ele>
        <time>2026-02-25T16:21:42Z</time>
      </trkpt>
      <trkpt lat="45.6747" lon="6.57892">
        <ele>1288.8</ele>
        <time>2026-02-25T16:21:44Z</time>
      </trkpt>
      <trkpt lat="45.67468" lon="6.5789">
        <ele>1288.8</ele>
        <time>2026-02-25T16:21:45Z</time>
      </trkpt>
      <trkpt lat="45.67471" lon="6.57892">
        <ele>1288.4</ele>
        <time>2026-02-25T16:21:47Z</time>
      </trkpt>
      <trkpt lat="45.67473" lon="6.57891">
        <ele>1288.4</ele>
        <time>2026-02-25T16:21:49Z</time>
      </trkpt>
      <trkpt lat="45.67474" lon="6.57892">
        <ele>1287.8</ele>
        <time>2026-02-25T16:21:50Z</time>
      </trkpt>
      <trkpt lat="45.67479" lon="6.5789">
        <ele>1287.6</ele>
        <time>2026-02-25T16:21:55Z</time>
      </trkpt>
      <trkpt lat="45.67481" lon="6.57891">
        <ele>1287.6</ele>
        <time>2026-02-25T16:21:57Z</time>
      </trkpt>
      <trkpt lat="45.67483" lon="6.57888">
        <ele>1287.2</ele>
        <time>2026-02-25T16:22:01Z</time>
      </trkpt>
      <trkpt lat="45.67498" lon="6.57882">
        <ele>1286</ele>
        <time>2026-02-25T16:22:17Z</time>
      </trkpt>
      <trkpt lat="45.67504" lon="6.57878">
        <ele>1284.6</ele>
        <time>2026-02-25T16:22:25Z</time>
      </trkpt>
      <trkpt lat="45.67524" lon="6.57856">
        <ele>1282.6</ele>
        <time>2026-02-25T16:22:53Z</time>
      </trkpt>
      <trkpt lat="45.6754" lon="6.5785">
        <ele>1280</ele>
        <time>2026-02-25T16:23:09Z</time>
      </trkpt>
      <trkpt lat="45.67543" lon="6.57847">
        <ele>1279.8</ele>
        <time>2026-02-25T16:23:13Z</time>
      </trkpt>
      <trkpt lat="45.67576" lon="6.5784">
        <ele>1277</ele>
        <time>2026-02-25T16:23:49Z</time>
      </trkpt>
      <trkpt lat="45.67585" lon="6.57834">
        <ele>1276</ele>
        <time>2026-02-25T16:23:59Z</time>
      </trkpt>
      <trkpt lat="45.67586" lon="6.57835">
        <ele>1276</ele>
        <time>2026-02-25T16:24:00Z</time>
      </trkpt>
      <trkpt lat="45.67591" lon="6.57832">
        <ele>1275.8</ele>
        <time>2026-02-25T16:24:05Z</time>
      </trkpt>
      <trkpt lat="45.67592" lon="6.57833">
        <ele>1275.6</ele>
        <time>2026-02-25T16:24:06Z</time>
      </trkpt>
      <trkpt lat="45.67621" lon="6.57819">
        <ele>1272</ele>
        <time>2026-02-25T16:24:38Z</time>
      </trkpt>
      <trkpt lat="45.6763" lon="6.57816">
        <ele>1271.4</ele>
        <time>2026-02-25T16:24:46Z</time>
      </trkpt>
      <trkpt lat="45.67638" lon="6.57817">
        <ele>1270.8</ele>
        <time>2026-02-25T16:24:54Z</time>
      </trkpt>
      <trkpt lat="45.67656" lon="6.57815">
        <ele>1268.2</ele>
        <time>2026-02-25T16:25:10Z</time>
      </trkpt>
      <trkpt lat="45.67661" lon="6.57812">
        <ele>1268.4</ele>
        <time>2026-02-25T16:25:16Z</time>
      </trkpt>
      <trkpt lat="45.67662" lon="6.57813">
        <ele>1268.4</ele>
        <time>2026-02-25T16:25:18Z</time>
      </trkpt>
      <trkpt lat="45.67663" lon="6.57811">
        <ele>1265.8</ele>
        <time>2026-02-25T16:25:22Z</time>
      </trkpt>
      <trkpt lat="45.67673" lon="6.57808">
        <ele>1266</ele>
        <time>2026-02-25T16:25:34Z</time>
      </trkpt>
      <trkpt lat="45.67673" lon="6.57809">
        <ele>1266</ele>
        <time>2026-02-25T16:25:36Z</time>
      </trkpt>
      <trkpt lat="45.67683" lon="6.57805">
        <ele>1264.6</ele>
        <time>2026-02-25T16:25:46Z</time>
      </trkpt>
      <trkpt lat="45.67687" lon="6.57808">
        <ele>1265.4</ele>
        <time>2026-02-25T16:25:59Z</time>
      </trkpt>
      <trkpt lat="45.67696" lon="6.57804">
        <ele>1263.8</ele>
        <time>2026-02-25T16:26:08Z</time>
      </trkpt>
      <trkpt lat="45.67698" lon="6.57805">
        <ele>1263.4</ele>
        <time>2026-02-25T16:26:10Z</time>
      </trkpt>
      <trkpt lat="45.67699" lon="6.57804">
        <ele>1263.4</ele>
        <time>2026-02-25T16:26:11Z</time>
      </trkpt>
      <trkpt lat="45.67715" lon="6.57805">
        <ele>1261.6</ele>
        <time>2026-02-25T16:26:27Z</time>
      </trkpt>
      <trkpt lat="45.67724" lon="6.57803">
        <ele>1261</ele>
        <time>2026-02-25T16:26:37Z</time>
      </trkpt>
      <trkpt lat="45.67731" lon="6.57804">
        <ele>1260.6</ele>
        <time>2026-02-25T16:26:45Z</time>
      </trkpt>
      <trkpt lat="45.67736" lon="6.57803">
        <ele>1260.4</ele>
        <time>2026-02-25T16:26:49Z</time>
      </trkpt>
      <trkpt lat="45.67739" lon="6.57804">
        <ele>1260</ele>
        <time>2026-02-25T16:26:53Z</time>
      </trkpt>
      <trkpt lat="45.6774" lon="6.57803">
        <ele>1259.6</ele>
        <time>2026-02-25T16:26:54Z</time>
      </trkpt>
      <trkpt lat="45.67743" lon="6.57804">
        <ele>1259.6</ele>
        <time>2026-02-25T16:26:58Z</time>
      </trkpt>
      <trkpt lat="45.67773" lon="6.57799">
        <ele>1256.6</ele>
        <time>2026-02-25T16:27:28Z</time>
      </trkpt>
      <trkpt lat="45.67779" lon="6.57804">
        <ele>1256</ele>
        <time>2026-02-25T16:27:36Z</time>
      </trkpt>
      <trkpt lat="45.67783" lon="6.57803">
        <ele>1256.2</ele>
        <time>2026-02-25T16:27:40Z</time>
      </trkpt>
      <trkpt lat="45.67785" lon="6.57804">
        <ele>1255.8</ele>
        <time>2026-02-25T16:27:42Z</time>
      </trkpt>
      <trkpt lat="45.67788" lon="6.57803">
        <ele>1255</ele>
        <time>2026-02-25T16:27:46Z</time>
      </trkpt>
      <trkpt lat="45.67791" lon="6.57804">
        <ele>1255</ele>
        <time>2026-02-25T16:27:48Z</time>
      </trkpt>
      <trkpt lat="45.67792" lon="6.57803">
        <ele>1255</ele>
        <time>2026-02-25T16:27:49Z</time>
      </trkpt>
      <trkpt lat="45.67796" lon="6.57804">
        <ele>1254.2</ele>
        <time>2026-02-25T16:27:53Z</time>
      </trkpt>
      <trkpt lat="45.67798" lon="6.57803">
        <ele>1254.6</ele>
        <time>2026-02-25T16:27:55Z</time>
      </trkpt>
      <trkpt lat="45.67809" lon="6.57805">
        <ele>1253.4</ele>
        <time>2026-02-25T16:28:05Z</time>
      </trkpt>
      <trkpt lat="45.6781" lon="6.57807">
        <ele>1252.2</ele>
        <time>2026-02-25T16:28:07Z</time>
      </trkpt>
      <trkpt lat="45.67828" lon="6.57811">
        <ele>1251</ele>
        <time>2026-02-25T16:28:23Z</time>
      </trkpt>
      <trkpt lat="45.67856" lon="6.5782">
        <ele>1248.6</ele>
        <time>2026-02-25T16:28:51Z</time>
      </trkpt>
      <trkpt lat="45.67882" lon="6.57816">
        <ele>1245.6</ele>
        <time>2026-02-25T16:29:17Z</time>
      </trkpt>
      <trkpt lat="45.67886" lon="6.57817">
        <ele>1245.6</ele>
        <time>2026-02-25T16:29:21Z</time>
      </trkpt>
      <trkpt lat="45.67893" lon="6.57814">
        <ele>1244.4</ele>
        <time>2026-02-25T16:29:29Z</time>
      </trkpt>
      <trkpt lat="45.67895" lon="6.57815">
        <ele>1244.8</ele>
        <time>2026-02-25T16:29:31Z</time>
      </trkpt>
      <trkpt lat="45.67903" lon="6.57812">
        <ele>1243.6</ele>
        <time>2026-02-25T16:29:39Z</time>
      </trkpt>
      <trkpt lat="45.67905" lon="6.57808">
        <ele>1243.4</ele>
        <time>2026-02-25T16:29:45Z</time>
      </trkpt>
      <trkpt lat="45.67917" lon="6.5781">
        <ele>1242.2</ele>
        <time>2026-02-25T16:30:25Z</time>
      </trkpt>
      <trkpt lat="45.67921" lon="6.57809">
        <ele>1242.2</ele>
        <time>2026-02-25T16:30:31Z</time>
      </trkpt>
      <trkpt lat="45.67923" lon="6.5781">
        <ele>1241.2</ele>
        <time>2026-02-25T16:30:33Z</time>
      </trkpt>
      <trkpt lat="45.67928" lon="6.57808">
        <ele>1241</ele>
        <time>2026-02-25T16:30:41Z</time>
      </trkpt>
      <trkpt lat="45.67943" lon="6.57808">
        <ele>1239.6</ele>
        <time>2026-02-25T16:30:57Z</time>
      </trkpt>
      <trkpt lat="45.67944" lon="6.57807">
        <ele>1239.8</ele>
        <time>2026-02-25T16:30:59Z</time>
      </trkpt>
      <trkpt lat="45.67949" lon="6.57809">
        <ele>1239.6</ele>
        <time>2026-02-25T16:31:03Z</time>
      </trkpt>
      <trkpt lat="45.6795" lon="6.57808">
        <ele>1239.6</ele>
        <time>2026-02-25T16:31:04Z</time>
      </trkpt>
      <trkpt lat="45.67957" lon="6.57811">
        <ele>1237.8</ele>
        <time>2026-02-25T16:31:12Z</time>
      </trkpt>
      <trkpt lat="45.67958" lon="6.5781">
        <ele>1238.2</ele>
        <time>2026-02-25T16:31:13Z</time>
      </trkpt>
      <trkpt lat="45.67959" lon="6.57811">
        <ele>1237.4</ele>
        <time>2026-02-25T16:31:14Z</time>
      </trkpt>
      <trkpt lat="45.6796" lon="6.5781">
        <ele>1237.4</ele>
        <time>2026-02-25T16:31:15Z</time>
      </trkpt>
      <trkpt lat="45.67993" lon="6.5782">
        <ele>1235.2</ele>
        <time>2026-02-25T16:31:47Z</time>
      </trkpt>
      <trkpt lat="45.68" lon="6.57818">
        <ele>1234.6</ele>
        <time>2026-02-25T16:31:53Z</time>
      </trkpt>
      <trkpt lat="45.68001" lon="6.57819">
        <ele>1233.4</ele>
        <time>2026-02-25T16:31:54Z</time>
      </trkpt>
      <trkpt lat="45.68011" lon="6.57814">
        <ele>1233.2</ele>
        <time>2026-02-25T16:32:02Z</time>
      </trkpt>
      <trkpt lat="45.68016" lon="6.57814">
        <ele>1231.6</ele>
        <time>2026-02-25T16:32:08Z</time>
      </trkpt>
      <trkpt lat="45.68016" lon="6.57812">
        <ele>1232.4</ele>
        <time>2026-02-25T16:32:09Z</time>
      </trkpt>
      <trkpt lat="45.6802" lon="6.57814">
        <ele>1231.8</ele>
        <time>2026-02-25T16:32:13Z</time>
      </trkpt>
      <trkpt lat="45.68027" lon="6.57811">
        <ele>1231.2</ele>
        <time>2026-02-25T16:32:21Z</time>
      </trkpt>
      <trkpt lat="45.68029" lon="6.57812">
        <ele>1231.2</ele>
        <time>2026-02-25T16:32:24Z</time>
      </trkpt>
      <trkpt lat="45.6803" lon="6.57811">
        <ele>1230.2</ele>
        <time>2026-02-25T16:32:25Z</time>
      </trkpt>
      <trkpt lat="45.68065" lon="6.57828">
        <ele>1228</ele>
        <time>2026-02-25T16:32:57Z</time>
      </trkpt>
      <trkpt lat="45.68078" lon="6.57832">
        <ele>1227.2</ele>
        <time>2026-02-25T16:33:09Z</time>
      </trkpt>
      <trkpt lat="45.68083" lon="6.57831">
        <ele>1226.2</ele>
        <time>2026-02-25T16:33:13Z</time>
      </trkpt>
      <trkpt lat="45.68085" lon="6.57832">
        <ele>1226.4</ele>
        <time>2026-02-25T16:33:15Z</time>
      </trkpt>
      <trkpt lat="45.68093" lon="6.5783">
        <ele>1226.4</ele>
        <time>2026-02-25T16:33:23Z</time>
      </trkpt>
      <trkpt lat="45.68099" lon="6.57826">
        <ele>1226</ele>
        <time>2026-02-25T16:33:31Z</time>
      </trkpt>
      <trkpt lat="45.68125" lon="6.57839">
        <ele>1223.2</ele>
        <time>2026-02-25T16:33:55Z</time>
      </trkpt>
      <trkpt lat="45.68129" lon="6.57838">
        <ele>1223.6</ele>
        <time>2026-02-25T16:33:59Z</time>
      </trkpt>
      <trkpt lat="45.68135" lon="6.57828">
        <ele>1221.8</ele>
        <time>2026-02-25T16:34:09Z</time>
      </trkpt>
      <trkpt lat="45.68126" lon="6.57823">
        <ele>1220.4</ele>
        <time>2026-02-25T16:34:21Z</time>
      </trkpt>
      <trkpt lat="45.68123" lon="6.57824">
        <ele>1220.4</ele>
        <time>2026-02-25T16:34:25Z</time>
      </trkpt>
      <trkpt lat="45.68122" lon="6.57823">
        <ele>1220.8</ele>
        <time>2026-02-25T16:34:26Z</time>
      </trkpt>
      <trkpt lat="45.68115" lon="6.57824">
        <ele>1220.6</ele>
        <time>2026-02-25T16:34:34Z</time>
      </trkpt>
      <trkpt lat="45.68107" lon="6.57821">
        <ele>1219.8</ele>
        <time>2026-02-25T16:34:42Z</time>
      </trkpt>
      <trkpt lat="45.68106" lon="6.57822">
        <ele>1219.8</ele>
        <time>2026-02-25T16:34:44Z</time>
      </trkpt>
      <trkpt lat="45.68105" lon="6.57821">
        <ele>1219.8</ele>
        <time>2026-02-25T16:34:45Z</time>
      </trkpt>
      <trkpt lat="45.681" lon="6.57822">
        <ele>1219.4</ele>
        <time>2026-02-25T16:34:49Z</time>
      </trkpt>
      <trkpt lat="45.6809" lon="6.5782">
        <ele>1218.6</ele>
        <time>2026-02-25T16:34:59Z</time>
      </trkpt>
      <trkpt lat="45.68089" lon="6.57821">
        <ele>1218.2</ele>
        <time>2026-02-25T16:35:01Z</time>
      </trkpt>
      <trkpt lat="45.68087" lon="6.57819">
        <ele>1218</ele>
        <time>2026-02-25T16:35:03Z</time>
      </trkpt>
      <trkpt lat="45.68086" lon="6.5782">
        <ele>1218</ele>
        <time>2026-02-25T16:35:04Z</time>
      </trkpt>
      <trkpt lat="45.68079" lon="6.57816">
        <ele>1217.6</ele>
        <time>2026-02-25T16:35:10Z</time>
      </trkpt>
      <trkpt lat="45.68078" lon="6.57814">
        <ele>1217.6</ele>
        <time>2026-02-25T16:35:12Z</time>
      </trkpt>
      <trkpt lat="45.68074" lon="6.57812">
        <ele>1217.4</ele>
        <time>2026-02-25T16:35:16Z</time>
      </trkpt>
      <trkpt lat="45.68063" lon="6.57798">
        <ele>1215.8</ele>
        <time>2026-02-25T16:35:32Z</time>
      </trkpt>
      <trkpt lat="45.68055" lon="6.57791">
        <ele>1215.2</ele>
        <time>2026-02-25T16:35:40Z</time>
      </trkpt>
      <trkpt lat="45.68044" lon="6.57775">
        <ele>1213.8</ele>
        <time>2026-02-25T16:35:56Z</time>
      </trkpt>
      <trkpt lat="45.6804" lon="6.57766">
        <ele>1213</ele>
        <time>2026-02-25T16:36:04Z</time>
      </trkpt>
      <trkpt lat="45.68012" lon="6.57724">
        <ele>1208.8</ele>
        <time>2026-02-25T16:36:44Z</time>
      </trkpt>
      <trkpt lat="45.68005" lon="6.57718">
        <ele>1208.4</ele>
        <time>2026-02-25T16:36:52Z</time>
      </trkpt>
      <trkpt lat="45.68004" lon="6.57715">
        <ele>1208.4</ele>
        <time>2026-02-25T16:36:54Z</time>
      </trkpt>
      <trkpt lat="45.67979" lon="6.5769">
        <ele>1206.8</ele>
        <time>2026-02-25T16:37:22Z</time>
      </trkpt>
      <trkpt lat="45.67979" lon="6.57687">
        <ele>1206.8</ele>
        <time>2026-02-25T16:37:24Z</time>
      </trkpt>
      <trkpt lat="45.67977" lon="6.57685">
        <ele>1206</ele>
        <time>2026-02-25T16:37:26Z</time>
      </trkpt>
      <trkpt lat="45.67978" lon="6.57673">
        <ele>1204</ele>
        <time>2026-02-25T16:37:34Z</time>
      </trkpt>
      <trkpt lat="45.67989" lon="6.57668">
        <ele>1203</ele>
        <time>2026-02-25T16:37:45Z</time>
      </trkpt>
      <trkpt lat="45.68005" lon="6.57679">
        <ele>1201.4</ele>
        <time>2026-02-25T16:38:01Z</time>
      </trkpt>
      <trkpt lat="45.68007" lon="6.57678">
        <ele>1201.6</ele>
        <time>2026-02-25T16:38:03Z</time>
      </trkpt>
      <trkpt lat="45.68017" lon="6.57683">
        <ele>1199.8</ele>
        <time>2026-02-25T16:38:13Z</time>
      </trkpt>
      <trkpt lat="45.68018" lon="6.57682">
        <ele>1199.8</ele>
        <time>2026-02-25T16:38:14Z</time>
      </trkpt>
      <trkpt lat="45.68021" lon="6.57683">
        <ele>1199.8</ele>
        <time>2026-02-25T16:38:16Z</time>
      </trkpt>
      <trkpt lat="45.68045" lon="6.57675">
        <ele>1197.4</ele>
        <time>2026-02-25T16:38:40Z</time>
      </trkpt>
      <trkpt lat="45.68061" lon="6.57674">
        <ele>1196.2</ele>
        <time>2026-02-25T16:38:56Z</time>
      </trkpt>
      <trkpt lat="45.68064" lon="6.57675">
        <ele>1196.2</ele>
        <time>2026-02-25T16:39:12Z</time>
      </trkpt>
      <trkpt lat="45.68065" lon="6.57678">
        <ele>1195.4</ele>
        <time>2026-02-25T16:39:21Z</time>
      </trkpt>
      <trkpt lat="45.68069" lon="6.57677">
        <ele>1195</ele>
        <time>2026-02-25T16:39:25Z</time>
      </trkpt>
      <trkpt lat="45.68084" lon="6.57686">
        <ele>1194</ele>
        <time>2026-02-25T16:39:41Z</time>
      </trkpt>
      <trkpt lat="45.68092" lon="6.57684">
        <ele>1194.2</ele>
        <time>2026-02-25T16:39:50Z</time>
      </trkpt>
      <trkpt lat="45.68093" lon="6.57685">
        <ele>1193.6</ele>
        <time>2026-02-25T16:40:58Z</time>
        <extensions>
          <visugpx:TrkExtension xmlns:visugpx="https://www.visugpx.com/editgpx/">
            <visugpx:node>1</visugpx:node>
            </visugpx:TrkExtension>
        </extensions>
      </trkpt>
    </trkseg>
  </trk>
</gpx>