<?xml version="1.0" encoding="UTF-8" standalone="no" ?>
<gpx xmlns="http://www.topografix.com/GPX/1/1" xmlns:xsi="http://www.w3.org/2001/XMLSchema-instance" xsi:schemaLocation="http://www.topografix.com/GPX/1/1 http://www.topografix.com/GPX/1/1/gpx.xsd" version="1.1" creator="VisuGPX - https://www.visugpx.com">
  <metadata>
    <name>la Baie du Mont-Saint-Michel</name>
    <desc><![CDATA[La [b]baie du Mont-Saint-Michel[/b], l'une des plus belles du monde est célèbre pour ses sables mouvants et ses marées exceptionnelles dont le flot peut arriver à la vitesse d'un cheval au galop ! Aux grandes marées le marnage peut atteindre 15 mètres soit l'équivalent d'un immeuble de 5 étages. Faire une traversée de la Baie n'est pas sans risque. Par mesure de sécurité, il convient de se faire accompagner par un guide titulaire de l'attestation préfectorale des guides de la baie. 

Ce topo présente un parcours sur-mesure, réalisé en mai 2017 et négocié en préalable avec un guide professionnel. La trace est donnée à titre indicatif, elle est variable en fonction des coefficients et des horaires des marées. Bien différent des traversées officielles entre le Bec d'Andaine et le Mont-Saint-Michel, le parcours part du [b]parking le Rivage[/b] sur le GR223. Après une mise en jambes de 2,5 km sur le GR, le groupe est pris en charge par le guide à la [b]Roche 
Torin[/b]. Cap sur le Rocher de [b]Tombelaine[/b] avec le franchissement de deux vasières (2h30), pause pique sur le rocher et direction le Mont-Saint-Michel avec la traversée de deux filières d'eau (1h30). Temps libre de 45 minutes pour une escapade sur les [b]remparts[/b]. Trajet retour dans les [b]sables mouvants[/b] et les [b]prés salés[/b] parmi les moutons (2h00).
[b]Documentation complémentaire [/b]: 
- la baie du Mont-Saint-Michel : [url]https://www.manchetourisme.com/baie-mont-saint-michel[/url]
- site internet du guide de la baie Stéphane Guéno : [url]https://sport-evasion-fr.com[/url]
- Vidéo Stéphane Guéno : 
 [youtube]2S3ocCJUQJM[/youtube]]]></desc>
  </metadata>
  <wpt lat="48.62234" lon="-1.44985">
    <ele>8.7</ele>
    <name><![CDATA[Parking du Rivage]]></name>
    <type><![CDATA[park]]></type>
  </wpt>
  <trk>
    <name><![CDATA[20180815173053-mDfUs]]></name>
    <extensions>
      <line xmlns="http://www.topografix.com/GPX/gpx_style/0/2">
        <color>0000FF</color>
        <opacity>1</opacity>
        <width>4</width>
      </line>
    </extensions>
    <trkseg>
      <trkpt lat="48.62276" lon="-1.45119">
        <ele>8</ele>
      </trkpt>
      <trkpt lat="48.62281" lon="-1.45109">
        <ele>8</ele>
      </trkpt>
      <trkpt lat="48.62286" lon="-1.45099">
        <ele>7.9</ele>
      </trkpt>
      <trkpt lat="48.62286" lon="-1.45092">
        <ele>7.8</ele>
      </trkpt>
      <trkpt lat="48.62286" lon="-1.45084">
        <ele>7.7</ele>
      </trkpt>
      <trkpt lat="48.62286" lon="-1.45083">
        <ele>7.7</ele>
      </trkpt>
      <trkpt lat="48.62279" lon="-1.45078">
        <ele>8</ele>
      </trkpt>
      <trkpt lat="48.6228" lon="-1.45071">
        <ele>7.9</ele>
      </trkpt>
      <trkpt lat="48.62281" lon="-1.45063">
        <ele>7.9</ele>
      </trkpt>
      <trkpt lat="48.62282" lon="-1.45056">
        <ele>7.8</ele>
      </trkpt>
      <trkpt lat="48.62283" lon="-1.45048">
        <ele>7.8</ele>
      </trkpt>
      <trkpt lat="48.62284" lon="-1.45041">
        <ele>7.8</ele>
      </trkpt>
      <trkpt lat="48.62285" lon="-1.45033">
        <ele>7.7</ele>
      </trkpt>
      <trkpt lat="48.62286" lon="-1.45026">
        <ele>7.7</ele>
      </trkpt>
      <trkpt lat="48.62288" lon="-1.45019">
        <ele>7.9</ele>
      </trkpt>
      <trkpt lat="48.62289" lon="-1.45011">
        <ele>8</ele>
      </trkpt>
      <trkpt lat="48.6229" lon="-1.45004">
        <ele>8.1</ele>
      </trkpt>
      <trkpt lat="48.62291" lon="-1.44996">
        <ele>8.1</ele>
      </trkpt>
      <trkpt lat="48.62292" lon="-1.44989">
        <ele>8.2</ele>
      </trkpt>
      <trkpt lat="48.62293" lon="-1.44981">
        <ele>8.3</ele>
      </trkpt>
      <trkpt lat="48.62294" lon="-1.44974">
        <ele>8.4</ele>
      </trkpt>
      <trkpt lat="48.62295" lon="-1.44966">
        <ele>8.5</ele>
      </trkpt>
      <trkpt lat="48.62296" lon="-1.44959">
        <ele>8.7</ele>
      </trkpt>
      <trkpt lat="48.62299" lon="-1.44953">
        <ele>8.8</ele>
      </trkpt>
      <trkpt lat="48.62301" lon="-1.44948">
        <ele>8.9</ele>
      </trkpt>
      <trkpt lat="48.62304" lon="-1.44942">
        <ele>8.8</ele>
      </trkpt>
      <trkpt lat="48.62307" lon="-1.44937">
        <ele>8.4</ele>
      </trkpt>
      <trkpt lat="48.62309" lon="-1.44931">
        <ele>7.9</ele>
      </trkpt>
      <trkpt lat="48.62312" lon="-1.44925">
        <ele>7.5</ele>
      </trkpt>
      <trkpt lat="48.62314" lon="-1.4492">
        <ele>7.1</ele>
      </trkpt>
      <trkpt lat="48.62317" lon="-1.44914">
        <ele>7.1</ele>
      </trkpt>
      <trkpt lat="48.62323" lon="-1.44904">
        <ele>7.5</ele>
      </trkpt>
      <trkpt lat="48.62329" lon="-1.44895">
        <ele>8.3</ele>
      </trkpt>
      <trkpt lat="48.62334" lon="-1.44885">
        <ele>8.7</ele>
      </trkpt>
      <trkpt lat="48.6234" lon="-1.44876">
        <ele>7.9</ele>
      </trkpt>
      <trkpt lat="48.62346" lon="-1.44866">
        <ele>7.6</ele>
      </trkpt>
      <trkpt lat="48.62352" lon="-1.44856">
        <ele>7.5</ele>
      </trkpt>
      <trkpt lat="48.62357" lon="-1.44847">
        <ele>7.4</ele>
      </trkpt>
      <trkpt lat="48.62363" lon="-1.44837">
        <ele>7.1</ele>
      </trkpt>
      <trkpt lat="48.62368" lon="-1.44831">
        <ele>7</ele>
      </trkpt>
      <trkpt lat="48.62372" lon="-1.44826">
        <ele>7.1</ele>
      </trkpt>
      <trkpt lat="48.62377" lon="-1.4482">
        <ele>7.3</ele>
      </trkpt>
      <trkpt lat="48.62382" lon="-1.44815">
        <ele>7.5</ele>
      </trkpt>
      <trkpt lat="48.62386" lon="-1.44809">
        <ele>7.8</ele>
      </trkpt>
      <trkpt lat="48.62391" lon="-1.44803">
        <ele>7.9</ele>
      </trkpt>
      <trkpt lat="48.62395" lon="-1.44798">
        <ele>7.6</ele>
      </trkpt>
      <trkpt lat="48.624" lon="-1.44792">
        <ele>7.5</ele>
      </trkpt>
      <trkpt lat="48.62404" lon="-1.44787">
        <ele>7.5</ele>
      </trkpt>
      <trkpt lat="48.62408" lon="-1.44782">
        <ele>7.6</ele>
      </trkpt>
      <trkpt lat="48.62412" lon="-1.44778">
        <ele>7.8</ele>
      </trkpt>
      <trkpt lat="48.62416" lon="-1.44773">
        <ele>8</ele>
      </trkpt>
      <trkpt lat="48.6242" lon="-1.44768">
        <ele>7.9</ele>
      </trkpt>
      <trkpt lat="48.62424" lon="-1.44763">
        <ele>7.9</ele>
      </trkpt>
      <trkpt lat="48.62428" lon="-1.44758">
        <ele>7.9</ele>
      </trkpt>
      <trkpt lat="48.62432" lon="-1.44754">
        <ele>7.9</ele>
      </trkpt>
      <trkpt lat="48.62435" lon="-1.44749">
        <ele>8</ele>
      </trkpt>
      <trkpt lat="48.62439" lon="-1.44744">
        <ele>8.2</ele>
      </trkpt>
      <trkpt lat="48.62443" lon="-1.44739">
        <ele>8.4</ele>
      </trkpt>
      <trkpt lat="48.62447" lon="-1.44734">
        <ele>8.5</ele>
      </trkpt>
      <trkpt lat="48.62451" lon="-1.44729">
        <ele>8.5</ele>
      </trkpt>
      <trkpt lat="48.62455" lon="-1.44725">
        <ele>8.5</ele>
      </trkpt>
      <trkpt lat="48.62459" lon="-1.4472">
        <ele>8.5</ele>
      </trkpt>
      <trkpt lat="48.62463" lon="-1.44715">
        <ele>8.3</ele>
      </trkpt>
      <trkpt lat="48.62467" lon="-1.44711">
        <ele>8.2</ele>
      </trkpt>
      <trkpt lat="48.62472" lon="-1.44708">
        <ele>8</ele>
      </trkpt>
      <trkpt lat="48.62476" lon="-1.44704">
        <ele>8</ele>
      </trkpt>
      <trkpt lat="48.6248" lon="-1.44701">
        <ele>7.9</ele>
      </trkpt>
      <trkpt lat="48.62484" lon="-1.44697">
        <ele>8</ele>
      </trkpt>
      <trkpt lat="48.62489" lon="-1.44693">
        <ele>8</ele>
      </trkpt>
      <trkpt lat="48.62493" lon="-1.4469">
        <ele>8</ele>
      </trkpt>
      <trkpt lat="48.62497" lon="-1.44686">
        <ele>8</ele>
      </trkpt>
      <trkpt lat="48.62501" lon="-1.44682">
        <ele>8</ele>
      </trkpt>
      <trkpt lat="48.62506" lon="-1.44679">
        <ele>7.9</ele>
      </trkpt>
      <trkpt lat="48.6251" lon="-1.44675">
        <ele>7.9</ele>
      </trkpt>
      <trkpt lat="48.62514" lon="-1.44672">
        <ele>7.9</ele>
      </trkpt>
      <trkpt lat="48.62518" lon="-1.44668">
        <ele>8</ele>
      </trkpt>
      <trkpt lat="48.62523" lon="-1.44664">
        <ele>8.1</ele>
      </trkpt>
      <trkpt lat="48.62527" lon="-1.44661">
        <ele>8.2</ele>
      </trkpt>
      <trkpt lat="48.62531" lon="-1.44657">
        <ele>8.3</ele>
      </trkpt>
      <trkpt lat="48.62535" lon="-1.44653">
        <ele>8.3</ele>
      </trkpt>
      <trkpt lat="48.6254" lon="-1.4465">
        <ele>8.4</ele>
      </trkpt>
      <trkpt lat="48.62544" lon="-1.44646">
        <ele>8.3</ele>
      </trkpt>
      <trkpt lat="48.62548" lon="-1.44643">
        <ele>8.2</ele>
      </trkpt>
      <trkpt lat="48.62552" lon="-1.44639">
        <ele>8.1</ele>
      </trkpt>
      <trkpt lat="48.62557" lon="-1.44635">
        <ele>8.2</ele>
      </trkpt>
      <trkpt lat="48.62561" lon="-1.44632">
        <ele>8.3</ele>
      </trkpt>
      <trkpt lat="48.62565" lon="-1.44628">
        <ele>8.4</ele>
      </trkpt>
      <trkpt lat="48.62569" lon="-1.44624">
        <ele>8.6</ele>
      </trkpt>
      <trkpt lat="48.62574" lon="-1.44621">
        <ele>8.7</ele>
      </trkpt>
      <trkpt lat="48.62578" lon="-1.44617">
        <ele>8.8</ele>
      </trkpt>
      <trkpt lat="48.62582" lon="-1.44614">
        <ele>8.9</ele>
      </trkpt>
      <trkpt lat="48.62586" lon="-1.4461">
        <ele>8.9</ele>
      </trkpt>
      <trkpt lat="48.62591" lon="-1.44606">
        <ele>8.9</ele>
      </trkpt>
      <trkpt lat="48.62595" lon="-1.44603">
        <ele>8.8</ele>
      </trkpt>
      <trkpt lat="48.62599" lon="-1.44599">
        <ele>8.6</ele>
      </trkpt>
      <trkpt lat="48.62604" lon="-1.44595">
        <ele>8.4</ele>
      </trkpt>
      <trkpt lat="48.62608" lon="-1.44592">
        <ele>8.2</ele>
      </trkpt>
      <trkpt lat="48.62613" lon="-1.44588">
        <ele>8</ele>
      </trkpt>
      <trkpt lat="48.62618" lon="-1.44584">
        <ele>8</ele>
      </trkpt>
      <trkpt lat="48.62622" lon="-1.4458">
        <ele>8</ele>
      </trkpt>
      <trkpt lat="48.62627" lon="-1.44577">
        <ele>8</ele>
      </trkpt>
      <trkpt lat="48.62632" lon="-1.44573">
        <ele>8</ele>
      </trkpt>
      <trkpt lat="48.62637" lon="-1.44569">
        <ele>8</ele>
      </trkpt>
      <trkpt lat="48.62641" lon="-1.44565">
        <ele>8</ele>
      </trkpt>
      <trkpt lat="48.62646" lon="-1.44562">
        <ele>7.9</ele>
      </trkpt>
      <trkpt lat="48.62651" lon="-1.44558">
        <ele>8</ele>
      </trkpt>
      <trkpt lat="48.62655" lon="-1.44554">
        <ele>8</ele>
      </trkpt>
      <trkpt lat="48.6266" lon="-1.4455">
        <ele>8</ele>
      </trkpt>
      <trkpt lat="48.62665" lon="-1.44547">
        <ele>8</ele>
      </trkpt>
      <trkpt lat="48.62669" lon="-1.44543">
        <ele>7.9</ele>
      </trkpt>
      <trkpt lat="48.62674" lon="-1.44539">
        <ele>7.7</ele>
      </trkpt>
      <trkpt lat="48.62678" lon="-1.44532">
        <ele>7.6</ele>
      </trkpt>
      <trkpt lat="48.62681" lon="-1.44525">
        <ele>7.6</ele>
      </trkpt>
      <trkpt lat="48.62685" lon="-1.44518">
        <ele>7.8</ele>
      </trkpt>
      <trkpt lat="48.62689" lon="-1.44511">
        <ele>8.2</ele>
      </trkpt>
      <trkpt lat="48.62692" lon="-1.44504">
        <ele>8.7</ele>
      </trkpt>
      <trkpt lat="48.62696" lon="-1.44497">
        <ele>8.8</ele>
      </trkpt>
      <trkpt lat="48.627" lon="-1.4449">
        <ele>8.4</ele>
      </trkpt>
      <trkpt lat="48.62704" lon="-1.44483">
        <ele>8.1</ele>
      </trkpt>
      <trkpt lat="48.62707" lon="-1.44476">
        <ele>8</ele>
      </trkpt>
      <trkpt lat="48.62711" lon="-1.44469">
        <ele>8</ele>
      </trkpt>
      <trkpt lat="48.62715" lon="-1.44462">
        <ele>8</ele>
      </trkpt>
      <trkpt lat="48.62718" lon="-1.44455">
        <ele>8</ele>
      </trkpt>
      <trkpt lat="48.62722" lon="-1.44448">
        <ele>8</ele>
      </trkpt>
      <trkpt lat="48.62726" lon="-1.44441">
        <ele>7.9</ele>
      </trkpt>
      <trkpt lat="48.62729" lon="-1.44434">
        <ele>7.8</ele>
      </trkpt>
      <trkpt lat="48.62733" lon="-1.44427">
        <ele>7.9</ele>
      </trkpt>
      <trkpt lat="48.62738" lon="-1.44417">
        <ele>8</ele>
      </trkpt>
      <trkpt lat="48.62743" lon="-1.44408">
        <ele>8</ele>
      </trkpt>
      <trkpt lat="48.62748" lon="-1.44398">
        <ele>8</ele>
      </trkpt>
      <trkpt lat="48.62753" lon="-1.44388">
        <ele>7.9</ele>
      </trkpt>
      <trkpt lat="48.62758" lon="-1.44379">
        <ele>7.8</ele>
      </trkpt>
      <trkpt lat="48.62763" lon="-1.44369">
        <ele>7.9</ele>
      </trkpt>
      <trkpt lat="48.62768" lon="-1.44359">
        <ele>8</ele>
      </trkpt>
      <trkpt lat="48.62773" lon="-1.4435">
        <ele>8</ele>
      </trkpt>
      <trkpt lat="48.62778" lon="-1.4434">
        <ele>8</ele>
      </trkpt>
      <trkpt lat="48.62783" lon="-1.4433">
        <ele>7.9</ele>
      </trkpt>
      <trkpt lat="48.62788" lon="-1.4432">
        <ele>8.1</ele>
      </trkpt>
      <trkpt lat="48.62793" lon="-1.44311">
        <ele>8.3</ele>
      </trkpt>
      <trkpt lat="48.62798" lon="-1.44301">
        <ele>8.4</ele>
      </trkpt>
      <trkpt lat="48.62803" lon="-1.44291">
        <ele>8.6</ele>
      </trkpt>
      <trkpt lat="48.62808" lon="-1.44282">
        <ele>8.7</ele>
      </trkpt>
      <trkpt lat="48.62813" lon="-1.44272">
        <ele>8.4</ele>
      </trkpt>
      <trkpt lat="48.62818" lon="-1.44262">
        <ele>8.1</ele>
      </trkpt>
      <trkpt lat="48.62822" lon="-1.44253">
        <ele>8</ele>
      </trkpt>
      <trkpt lat="48.62827" lon="-1.44243">
        <ele>8.1</ele>
      </trkpt>
      <trkpt lat="48.62832" lon="-1.44233">
        <ele>8</ele>
      </trkpt>
      <trkpt lat="48.62837" lon="-1.44224">
        <ele>7.9</ele>
      </trkpt>
      <trkpt lat="48.62842" lon="-1.44214">
        <ele>8</ele>
      </trkpt>
      <trkpt lat="48.62847" lon="-1.44204">
        <ele>8.1</ele>
      </trkpt>
      <trkpt lat="48.62852" lon="-1.44195">
        <ele>8.3</ele>
      </trkpt>
      <trkpt lat="48.62857" lon="-1.44185">
        <ele>8.1</ele>
      </trkpt>
      <trkpt lat="48.62862" lon="-1.44175">
        <ele>8</ele>
      </trkpt>
      <trkpt lat="48.62867" lon="-1.44165">
        <ele>7.8</ele>
      </trkpt>
      <trkpt lat="48.62872" lon="-1.44156">
        <ele>8</ele>
      </trkpt>
      <trkpt lat="48.62877" lon="-1.44146">
        <ele>8.2</ele>
      </trkpt>
      <trkpt lat="48.62882" lon="-1.44136">
        <ele>8.3</ele>
      </trkpt>
      <trkpt lat="48.62887" lon="-1.44127">
        <ele>8.1</ele>
      </trkpt>
      <trkpt lat="48.62892" lon="-1.44117">
        <ele>7.9</ele>
      </trkpt>
      <trkpt lat="48.62896" lon="-1.44111">
        <ele>7.8</ele>
      </trkpt>
      <trkpt lat="48.629" lon="-1.44104">
        <ele>7.8</ele>
      </trkpt>
      <trkpt lat="48.62904" lon="-1.44098">
        <ele>7.9</ele>
      </trkpt>
      <trkpt lat="48.62908" lon="-1.44092">
        <ele>8</ele>
      </trkpt>
      <trkpt lat="48.62912" lon="-1.44085">
        <ele>8.1</ele>
      </trkpt>
      <trkpt lat="48.62916" lon="-1.44079">
        <ele>8</ele>
      </trkpt>
      <trkpt lat="48.6292" lon="-1.44072">
        <ele>7.9</ele>
      </trkpt>
      <trkpt lat="48.62924" lon="-1.44066">
        <ele>7.8</ele>
      </trkpt>
      <trkpt lat="48.62927" lon="-1.4406">
        <ele>7.6</ele>
      </trkpt>
      <trkpt lat="48.62931" lon="-1.44053">
        <ele>7.6</ele>
      </trkpt>
      <trkpt lat="48.62935" lon="-1.44047">
        <ele>7.8</ele>
      </trkpt>
      <trkpt lat="48.62939" lon="-1.44041">
        <ele>8.2</ele>
      </trkpt>
      <trkpt lat="48.62943" lon="-1.44034">
        <ele>8.6</ele>
      </trkpt>
      <trkpt lat="48.62947" lon="-1.44028">
        <ele>8.8</ele>
      </trkpt>
      <trkpt lat="48.62951" lon="-1.44021">
        <ele>8.6</ele>
      </trkpt>
      <trkpt lat="48.62955" lon="-1.44015">
        <ele>8.4</ele>
      </trkpt>
      <trkpt lat="48.62958" lon="-1.44009">
        <ele>8.4</ele>
      </trkpt>
      <trkpt lat="48.62961" lon="-1.44004">
        <ele>8.3</ele>
      </trkpt>
      <trkpt lat="48.62963" lon="-1.43998">
        <ele>8.4</ele>
      </trkpt>
      <trkpt lat="48.62966" lon="-1.43993">
        <ele>8.5</ele>
      </trkpt>
      <trkpt lat="48.62969" lon="-1.43987">
        <ele>8.6</ele>
      </trkpt>
      <trkpt lat="48.62972" lon="-1.43982">
        <ele>8.7</ele>
      </trkpt>
      <trkpt lat="48.62974" lon="-1.43976">
        <ele>8.7</ele>
      </trkpt>
      <trkpt lat="48.62977" lon="-1.43971">
        <ele>8.7</ele>
      </trkpt>
      <trkpt lat="48.6298" lon="-1.43965">
        <ele>8.5</ele>
      </trkpt>
      <trkpt lat="48.62983" lon="-1.43959">
        <ele>8.3</ele>
      </trkpt>
      <trkpt lat="48.62985" lon="-1.43954">
        <ele>8.1</ele>
      </trkpt>
      <trkpt lat="48.62988" lon="-1.43948">
        <ele>7.9</ele>
      </trkpt>
      <trkpt lat="48.62991" lon="-1.43943">
        <ele>7.8</ele>
      </trkpt>
      <trkpt lat="48.62994" lon="-1.43937">
        <ele>7.9</ele>
      </trkpt>
      <trkpt lat="48.62996" lon="-1.43932">
        <ele>8.1</ele>
      </trkpt>
      <trkpt lat="48.62999" lon="-1.43926">
        <ele>8.4</ele>
      </trkpt>
      <trkpt lat="48.63002" lon="-1.43918">
        <ele>8.8</ele>
      </trkpt>
      <trkpt lat="48.63005" lon="-1.43911">
        <ele>8.7</ele>
      </trkpt>
      <trkpt lat="48.63008" lon="-1.43903">
        <ele>8.5</ele>
      </trkpt>
      <trkpt lat="48.6301" lon="-1.43895">
        <ele>8.3</ele>
      </trkpt>
      <trkpt lat="48.63013" lon="-1.43888">
        <ele>8.1</ele>
      </trkpt>
      <trkpt lat="48.63016" lon="-1.4388">
        <ele>8.2</ele>
      </trkpt>
      <trkpt lat="48.63019" lon="-1.43872">
        <ele>8.2</ele>
      </trkpt>
      <trkpt lat="48.63022" lon="-1.43865">
        <ele>8.3</ele>
      </trkpt>
      <trkpt lat="48.63025" lon="-1.43857">
        <ele>8.4</ele>
      </trkpt>
      <trkpt lat="48.63027" lon="-1.43849">
        <ele>8.4</ele>
      </trkpt>
      <trkpt lat="48.6303" lon="-1.43842">
        <ele>8.5</ele>
      </trkpt>
      <trkpt lat="48.63033" lon="-1.43834">
        <ele>8.6</ele>
      </trkpt>
      <trkpt lat="48.63036" lon="-1.43827">
        <ele>8.4</ele>
      </trkpt>
      <trkpt lat="48.63039" lon="-1.43819">
        <ele>8.2</ele>
      </trkpt>
      <trkpt lat="48.63042" lon="-1.43811">
        <ele>8</ele>
      </trkpt>
      <trkpt lat="48.63045" lon="-1.43804">
        <ele>7.9</ele>
      </trkpt>
      <trkpt lat="48.63047" lon="-1.43796">
        <ele>7.9</ele>
      </trkpt>
      <trkpt lat="48.6305" lon="-1.43788">
        <ele>8</ele>
      </trkpt>
      <trkpt lat="48.63053" lon="-1.43781">
        <ele>8.1</ele>
      </trkpt>
      <trkpt lat="48.63056" lon="-1.43773">
        <ele>8.2</ele>
      </trkpt>
      <trkpt lat="48.63059" lon="-1.43765">
        <ele>8.3</ele>
      </trkpt>
      <trkpt lat="48.63062" lon="-1.43758">
        <ele>8.4</ele>
      </trkpt>
      <trkpt lat="48.63064" lon="-1.4375">
        <ele>8.4</ele>
      </trkpt>
      <trkpt lat="48.63067" lon="-1.43742">
        <ele>8.3</ele>
      </trkpt>
      <trkpt lat="48.6307" lon="-1.43735">
        <ele>8.2</ele>
      </trkpt>
      <trkpt lat="48.63073" lon="-1.43727">
        <ele>8.3</ele>
      </trkpt>
      <trkpt lat="48.63076" lon="-1.43719">
        <ele>8.3</ele>
      </trkpt>
      <trkpt lat="48.63079" lon="-1.43712">
        <ele>8.2</ele>
      </trkpt>
      <trkpt lat="48.63082" lon="-1.43704">
        <ele>8.1</ele>
      </trkpt>
      <trkpt lat="48.63084" lon="-1.43696">
        <ele>8</ele>
      </trkpt>
      <trkpt lat="48.63087" lon="-1.43689">
        <ele>8</ele>
      </trkpt>
      <trkpt lat="48.6309" lon="-1.43681">
        <ele>8.1</ele>
      </trkpt>
      <trkpt lat="48.63093" lon="-1.43674">
        <ele>8.1</ele>
      </trkpt>
      <trkpt lat="48.63096" lon="-1.43666">
        <ele>8.1</ele>
      </trkpt>
      <trkpt lat="48.63099" lon="-1.43656">
        <ele>8.4</ele>
      </trkpt>
      <trkpt lat="48.63103" lon="-1.43646">
        <ele>8.6</ele>
      </trkpt>
      <trkpt lat="48.63106" lon="-1.43635">
        <ele>8.6</ele>
      </trkpt>
      <trkpt lat="48.63109" lon="-1.43625">
        <ele>8.2</ele>
      </trkpt>
      <trkpt lat="48.63113" lon="-1.43615">
        <ele>8</ele>
      </trkpt>
      <trkpt lat="48.63116" lon="-1.43605">
        <ele>8</ele>
      </trkpt>
      <trkpt lat="48.63121" lon="-1.43597">
        <ele>8</ele>
      </trkpt>
      <trkpt lat="48.63126" lon="-1.4359">
        <ele>7.8</ele>
      </trkpt>
      <trkpt lat="48.63131" lon="-1.43582">
        <ele>7.7</ele>
      </trkpt>
      <trkpt lat="48.63136" lon="-1.43574">
        <ele>7.8</ele>
      </trkpt>
      <trkpt lat="48.63141" lon="-1.43566">
        <ele>8.1</ele>
      </trkpt>
      <trkpt lat="48.63146" lon="-1.43559">
        <ele>8.3</ele>
      </trkpt>
      <trkpt lat="48.63151" lon="-1.43551">
        <ele>8.3</ele>
      </trkpt>
      <trkpt lat="48.63157" lon="-1.43543">
        <ele>8.2</ele>
      </trkpt>
      <trkpt lat="48.63162" lon="-1.43535">
        <ele>8.1</ele>
      </trkpt>
      <trkpt lat="48.63167" lon="-1.43528">
        <ele>8</ele>
      </trkpt>
      <trkpt lat="48.63172" lon="-1.4352">
        <ele>8.3</ele>
      </trkpt>
      <trkpt lat="48.63177" lon="-1.43512">
        <ele>8.6</ele>
      </trkpt>
      <trkpt lat="48.63182" lon="-1.43504">
        <ele>8.7</ele>
      </trkpt>
      <trkpt lat="48.63187" lon="-1.43497">
        <ele>8.6</ele>
      </trkpt>
      <trkpt lat="48.63192" lon="-1.43489">
        <ele>8.5</ele>
      </trkpt>
      <trkpt lat="48.63197" lon="-1.43481">
        <ele>8.5</ele>
      </trkpt>
      <trkpt lat="48.63202" lon="-1.43473">
        <ele>8.4</ele>
      </trkpt>
      <trkpt lat="48.63207" lon="-1.43466">
        <ele>8.5</ele>
      </trkpt>
      <trkpt lat="48.63212" lon="-1.43458">
        <ele>8.4</ele>
      </trkpt>
      <trkpt lat="48.63217" lon="-1.4345">
        <ele>8.3</ele>
      </trkpt>
      <trkpt lat="48.63222" lon="-1.43442">
        <ele>8.2</ele>
      </trkpt>
      <trkpt lat="48.63227" lon="-1.43435">
        <ele>8.4</ele>
      </trkpt>
      <trkpt lat="48.63232" lon="-1.43427">
        <ele>8.4</ele>
      </trkpt>
      <trkpt lat="48.63238" lon="-1.43419">
        <ele>8.3</ele>
      </trkpt>
      <trkpt lat="48.63243" lon="-1.43411">
        <ele>8</ele>
      </trkpt>
      <trkpt lat="48.63248" lon="-1.43404">
        <ele>7.7</ele>
      </trkpt>
      <trkpt lat="48.63253" lon="-1.43396">
        <ele>7.7</ele>
      </trkpt>
      <trkpt lat="48.63258" lon="-1.43388">
        <ele>7.8</ele>
      </trkpt>
      <trkpt lat="48.63263" lon="-1.4338">
        <ele>8</ele>
      </trkpt>
      <trkpt lat="48.63268" lon="-1.43373">
        <ele>8.2</ele>
      </trkpt>
      <trkpt lat="48.63273" lon="-1.43365">
        <ele>8.2</ele>
      </trkpt>
      <trkpt lat="48.63278" lon="-1.43357">
        <ele>8.1</ele>
      </trkpt>
      <trkpt lat="48.63283" lon="-1.43351">
        <ele>8.2</ele>
      </trkpt>
      <trkpt lat="48.63287" lon="-1.43344">
        <ele>8.3</ele>
      </trkpt>
      <trkpt lat="48.63292" lon="-1.43338">
        <ele>8.3</ele>
      </trkpt>
      <trkpt lat="48.63297" lon="-1.43332">
        <ele>8.3</ele>
      </trkpt>
      <trkpt lat="48.63301" lon="-1.43325">
        <ele>8.2</ele>
      </trkpt>
      <trkpt lat="48.63306" lon="-1.43319">
        <ele>8</ele>
      </trkpt>
      <trkpt lat="48.63311" lon="-1.43313">
        <ele>8</ele>
      </trkpt>
      <trkpt lat="48.63316" lon="-1.43307">
        <ele>8</ele>
      </trkpt>
      <trkpt lat="48.6332" lon="-1.433">
        <ele>8.3</ele>
      </trkpt>
      <trkpt lat="48.63325" lon="-1.43294">
        <ele>8.4</ele>
      </trkpt>
      <trkpt lat="48.6333" lon="-1.43288">
        <ele>8.3</ele>
      </trkpt>
      <trkpt lat="48.63334" lon="-1.43281">
        <ele>8</ele>
      </trkpt>
      <trkpt lat="48.63339" lon="-1.43275">
        <ele>8</ele>
      </trkpt>
      <trkpt lat="48.63344" lon="-1.43269">
        <ele>8</ele>
      </trkpt>
      <trkpt lat="48.63348" lon="-1.43262">
        <ele>8</ele>
      </trkpt>
      <trkpt lat="48.63353" lon="-1.43256">
        <ele>7.7</ele>
      </trkpt>
      <trkpt lat="48.63357" lon="-1.43249">
        <ele>7.5</ele>
      </trkpt>
      <trkpt lat="48.63362" lon="-1.43242">
        <ele>7.6</ele>
      </trkpt>
      <trkpt lat="48.63366" lon="-1.43234">
        <ele>7.9</ele>
      </trkpt>
      <trkpt lat="48.63371" lon="-1.43227">
        <ele>8.1</ele>
      </trkpt>
      <trkpt lat="48.63375" lon="-1.4322">
        <ele>8</ele>
      </trkpt>
      <trkpt lat="48.6338" lon="-1.43213">
        <ele>7.8</ele>
      </trkpt>
      <trkpt lat="48.63384" lon="-1.43206">
        <ele>7.4</ele>
      </trkpt>
      <trkpt lat="48.63389" lon="-1.43199">
        <ele>7</ele>
      </trkpt>
      <trkpt lat="48.63393" lon="-1.43191">
        <ele>7.2</ele>
      </trkpt>
      <trkpt lat="48.63397" lon="-1.43184">
        <ele>7.6</ele>
      </trkpt>
      <trkpt lat="48.63402" lon="-1.43177">
        <ele>8</ele>
      </trkpt>
      <trkpt lat="48.63406" lon="-1.4317">
        <ele>8.2</ele>
      </trkpt>
      <trkpt lat="48.63411" lon="-1.43163">
        <ele>8.2</ele>
      </trkpt>
      <trkpt lat="48.63415" lon="-1.43155">
        <ele>8.1</ele>
      </trkpt>
      <trkpt lat="48.6342" lon="-1.43148">
        <ele>8</ele>
      </trkpt>
      <trkpt lat="48.63424" lon="-1.43141">
        <ele>8</ele>
      </trkpt>
      <trkpt lat="48.63427" lon="-1.43135">
        <ele>8.1</ele>
      </trkpt>
      <trkpt lat="48.6343" lon="-1.43129">
        <ele>8.2</ele>
      </trkpt>
      <trkpt lat="48.63432" lon="-1.43123">
        <ele>8.3</ele>
      </trkpt>
      <trkpt lat="48.63435" lon="-1.43117">
        <ele>8.3</ele>
      </trkpt>
      <trkpt lat="48.63438" lon="-1.43111">
        <ele>8.2</ele>
      </trkpt>
      <trkpt lat="48.63441" lon="-1.43105">
        <ele>8.2</ele>
      </trkpt>
      <trkpt lat="48.63443" lon="-1.43099">
        <ele>8.1</ele>
      </trkpt>
      <trkpt lat="48.63446" lon="-1.43093">
        <ele>8</ele>
      </trkpt>
      <trkpt lat="48.63449" lon="-1.43085">
        <ele>8</ele>
      </trkpt>
      <trkpt lat="48.63452" lon="-1.43078">
        <ele>8.2</ele>
      </trkpt>
      <trkpt lat="48.63455" lon="-1.4307">
        <ele>8.3</ele>
      </trkpt>
      <trkpt lat="48.63458" lon="-1.43062">
        <ele>8.4</ele>
      </trkpt>
      <trkpt lat="48.63461" lon="-1.43054">
        <ele>8.4</ele>
      </trkpt>
      <trkpt lat="48.63464" lon="-1.43047">
        <ele>8.5</ele>
      </trkpt>
      <trkpt lat="48.63467" lon="-1.43039">
        <ele>8.4</ele>
      </trkpt>
      <trkpt lat="48.6347" lon="-1.43031">
        <ele>8.2</ele>
      </trkpt>
      <trkpt lat="48.63473" lon="-1.43022">
        <ele>8.2</ele>
      </trkpt>
      <trkpt lat="48.63475" lon="-1.43013">
        <ele>8.4</ele>
      </trkpt>
      <trkpt lat="48.63479" lon="-1.43005">
        <ele>8.6</ele>
      </trkpt>
      <trkpt lat="48.63482" lon="-1.42997">
        <ele>8.9</ele>
      </trkpt>
      <trkpt lat="48.63486" lon="-1.42989">
        <ele>9.3</ele>
      </trkpt>
      <trkpt lat="48.63489" lon="-1.42981">
        <ele>9.5</ele>
      </trkpt>
      <trkpt lat="48.63494" lon="-1.42973">
        <ele>9.1</ele>
      </trkpt>
      <trkpt lat="48.63498" lon="-1.42965">
        <ele>8.8</ele>
      </trkpt>
      <trkpt lat="48.63502" lon="-1.4296">
        <ele>8.8</ele>
      </trkpt>
      <trkpt lat="48.63506" lon="-1.42955">
        <ele>8.8</ele>
      </trkpt>
      <trkpt lat="48.63509" lon="-1.4295">
        <ele>8.7</ele>
      </trkpt>
      <trkpt lat="48.63513" lon="-1.42945">
        <ele>8.6</ele>
      </trkpt>
      <trkpt lat="48.63517" lon="-1.42939">
        <ele>8.4</ele>
      </trkpt>
      <trkpt lat="48.6352" lon="-1.42934">
        <ele>8.2</ele>
      </trkpt>
      <trkpt lat="48.63524" lon="-1.42928">
        <ele>8.1</ele>
      </trkpt>
      <trkpt lat="48.63527" lon="-1.42922">
        <ele>7.9</ele>
      </trkpt>
      <trkpt lat="48.63525" lon="-1.42919">
        <ele>8.2</ele>
      </trkpt>
      <trkpt lat="48.63527" lon="-1.42922">
        <ele>7.9</ele>
      </trkpt>
      <trkpt lat="48.63534" lon="-1.42916">
        <ele>8</ele>
      </trkpt>
      <trkpt lat="48.63541" lon="-1.42916">
        <ele>8</ele>
      </trkpt>
      <trkpt lat="48.63549" lon="-1.42916">
        <ele>8</ele>
      </trkpt>
      <trkpt lat="48.63556" lon="-1.42915">
        <ele>8</ele>
      </trkpt>
      <trkpt lat="48.63564" lon="-1.42915">
        <ele>7.7</ele>
      </trkpt>
      <trkpt lat="48.63571" lon="-1.42915">
        <ele>7.5</ele>
      </trkpt>
      <trkpt lat="48.63578" lon="-1.42915">
        <ele>7.2</ele>
      </trkpt>
      <trkpt lat="48.63586" lon="-1.42914">
        <ele>7.1</ele>
      </trkpt>
      <trkpt lat="48.63593" lon="-1.42914">
        <ele>7.1</ele>
      </trkpt>
      <trkpt lat="48.63601" lon="-1.42915">
        <ele>7</ele>
      </trkpt>
      <trkpt lat="48.63609" lon="-1.42916">
        <ele>7</ele>
      </trkpt>
      <trkpt lat="48.63618" lon="-1.42917">
        <ele>7</ele>
      </trkpt>
      <trkpt lat="48.63626" lon="-1.42918">
        <ele>7</ele>
      </trkpt>
      <trkpt lat="48.63634" lon="-1.42919">
        <ele>7</ele>
      </trkpt>
      <trkpt lat="48.63642" lon="-1.42919">
        <ele>7</ele>
      </trkpt>
      <trkpt lat="48.6365" lon="-1.4292">
        <ele>7</ele>
      </trkpt>
      <trkpt lat="48.63658" lon="-1.42921">
        <ele>7</ele>
      </trkpt>
      <trkpt lat="48.63666" lon="-1.42922">
        <ele>7</ele>
      </trkpt>
      <trkpt lat="48.63675" lon="-1.42923">
        <ele>7</ele>
      </trkpt>
      <trkpt lat="48.63683" lon="-1.42924">
        <ele>7</ele>
      </trkpt>
      <trkpt lat="48.63691" lon="-1.42925">
        <ele>7</ele>
      </trkpt>
      <trkpt lat="48.63699" lon="-1.42926">
        <ele>7</ele>
      </trkpt>
      <trkpt lat="48.63707" lon="-1.42927">
        <ele>7</ele>
      </trkpt>
      <trkpt lat="48.63715" lon="-1.42928">
        <ele>7</ele>
      </trkpt>
      <trkpt lat="48.63724" lon="-1.42929">
        <ele>7</ele>
      </trkpt>
      <trkpt lat="48.63732" lon="-1.42929">
        <ele>7.2</ele>
      </trkpt>
      <trkpt lat="48.6374" lon="-1.4293">
        <ele>7.3</ele>
      </trkpt>
      <trkpt lat="48.63748" lon="-1.42931">
        <ele>7.5</ele>
      </trkpt>
      <trkpt lat="48.63756" lon="-1.42932">
        <ele>7.7</ele>
      </trkpt>
      <trkpt lat="48.63764" lon="-1.42933">
        <ele>7.8</ele>
      </trkpt>
      <trkpt lat="48.63772" lon="-1.42934">
        <ele>7.9</ele>
      </trkpt>
      <trkpt lat="48.63781" lon="-1.42935">
        <ele>8</ele>
      </trkpt>
      <trkpt lat="48.63789" lon="-1.42936">
        <ele>8</ele>
      </trkpt>
      <trkpt lat="48.63797" lon="-1.42937">
        <ele>8</ele>
      </trkpt>
      <trkpt lat="48.63805" lon="-1.42938">
        <ele>8</ele>
      </trkpt>
      <trkpt lat="48.63813" lon="-1.42939">
        <ele>7.7</ele>
      </trkpt>
      <trkpt lat="48.63821" lon="-1.42939">
        <ele>7.4</ele>
      </trkpt>
      <trkpt lat="48.6383" lon="-1.4294">
        <ele>7.1</ele>
      </trkpt>
      <trkpt lat="48.63838" lon="-1.42941">
        <ele>7</ele>
      </trkpt>
      <trkpt lat="48.63846" lon="-1.42942">
        <ele>7</ele>
      </trkpt>
      <trkpt lat="48.63854" lon="-1.42943">
        <ele>7</ele>
      </trkpt>
      <trkpt lat="48.63859" lon="-1.42943">
        <ele>7</ele>
      </trkpt>
      <trkpt lat="48.63864" lon="-1.42944">
        <ele>7.1</ele>
      </trkpt>
      <trkpt lat="48.6387" lon="-1.42944">
        <ele>7.3</ele>
      </trkpt>
      <trkpt lat="48.63875" lon="-1.42945">
        <ele>7.5</ele>
      </trkpt>
      <trkpt lat="48.6388" lon="-1.42945">
        <ele>7.7</ele>
      </trkpt>
      <trkpt lat="48.63885" lon="-1.42945">
        <ele>7.9</ele>
      </trkpt>
      <trkpt lat="48.63891" lon="-1.42946">
        <ele>8</ele>
      </trkpt>
      <trkpt lat="48.63896" lon="-1.42946">
        <ele>8</ele>
      </trkpt>
      <trkpt lat="48.63901" lon="-1.42947">
        <ele>8</ele>
      </trkpt>
      <trkpt lat="48.63906" lon="-1.42947">
        <ele>8</ele>
      </trkpt>
      <trkpt lat="48.63911" lon="-1.42948">
        <ele>8</ele>
      </trkpt>
      <trkpt lat="48.63917" lon="-1.42948">
        <ele>8</ele>
      </trkpt>
      <trkpt lat="48.63922" lon="-1.42948">
        <ele>8</ele>
      </trkpt>
      <trkpt lat="48.63927" lon="-1.42949">
        <ele>8</ele>
      </trkpt>
      <trkpt lat="48.63932" lon="-1.42949">
        <ele>8</ele>
      </trkpt>
      <trkpt lat="48.63938" lon="-1.4295">
        <ele>8</ele>
      </trkpt>
      <trkpt lat="48.63943" lon="-1.4295">
        <ele>8</ele>
      </trkpt>
      <trkpt lat="48.63948" lon="-1.4295">
        <ele>8</ele>
      </trkpt>
      <trkpt lat="48.63953" lon="-1.42951">
        <ele>8</ele>
      </trkpt>
      <trkpt lat="48.63958" lon="-1.42951">
        <ele>8</ele>
      </trkpt>
      <trkpt lat="48.63964" lon="-1.42952">
        <ele>8</ele>
      </trkpt>
      <trkpt lat="48.63969" lon="-1.42952">
        <ele>8</ele>
      </trkpt>
      <trkpt lat="48.63974" lon="-1.42952">
        <ele>8</ele>
      </trkpt>
      <trkpt lat="48.63979" lon="-1.42953">
        <ele>7.9</ele>
      </trkpt>
      <trkpt lat="48.63985" lon="-1.42953">
        <ele>7.9</ele>
      </trkpt>
      <trkpt lat="48.6399" lon="-1.42954">
        <ele>7.8</ele>
      </trkpt>
      <trkpt lat="48.63995" lon="-1.42954">
        <ele>7.7</ele>
      </trkpt>
      <trkpt lat="48.64" lon="-1.42954">
        <ele>7.6</ele>
      </trkpt>
      <trkpt lat="48.64005" lon="-1.42955">
        <ele>7.6</ele>
      </trkpt>
      <trkpt lat="48.64011" lon="-1.42955">
        <ele>7.6</ele>
      </trkpt>
      <trkpt lat="48.64016" lon="-1.42956">
        <ele>7.6</ele>
      </trkpt>
      <trkpt lat="48.64021" lon="-1.42956">
        <ele>7.6</ele>
      </trkpt>
      <trkpt lat="48.64027" lon="-1.42956">
        <ele>7.6</ele>
      </trkpt>
      <trkpt lat="48.64034" lon="-1.42956">
        <ele>7.8</ele>
      </trkpt>
      <trkpt lat="48.6404" lon="-1.42956">
        <ele>8.1</ele>
      </trkpt>
      <trkpt lat="48.64046" lon="-1.42956">
        <ele>8.4</ele>
      </trkpt>
      <trkpt lat="48.64052" lon="-1.42956">
        <ele>8.6</ele>
      </trkpt>
      <trkpt lat="48.64059" lon="-1.42956">
        <ele>8.8</ele>
      </trkpt>
      <trkpt lat="48.64065" lon="-1.42956">
        <ele>8.9</ele>
      </trkpt>
      <trkpt lat="48.64071" lon="-1.42956">
        <ele>9.1</ele>
      </trkpt>
      <trkpt lat="48.64076" lon="-1.42956">
        <ele>9.2</ele>
      </trkpt>
      <trkpt lat="48.64082" lon="-1.42956">
        <ele>9.3</ele>
      </trkpt>
      <trkpt lat="48.64087" lon="-1.42956">
        <ele>9.4</ele>
      </trkpt>
      <trkpt lat="48.64093" lon="-1.42957">
        <ele>9.5</ele>
      </trkpt>
      <trkpt lat="48.64098" lon="-1.42957">
        <ele>9.5</ele>
      </trkpt>
      <trkpt lat="48.64103" lon="-1.42957">
        <ele>9.6</ele>
      </trkpt>
      <trkpt lat="48.64109" lon="-1.42957">
        <ele>9.7</ele>
      </trkpt>
      <trkpt lat="48.64114" lon="-1.42957">
        <ele>9.7</ele>
      </trkpt>
      <trkpt lat="48.6412" lon="-1.42948">
        <ele>10.8</ele>
      </trkpt>
      <trkpt lat="48.64121" lon="-1.42945">
        <ele>11.2</ele>
      </trkpt>
      <trkpt lat="48.6412" lon="-1.42936">
        <ele>11.5</ele>
      </trkpt>
      <trkpt lat="48.64119" lon="-1.42927">
        <ele>11.6</ele>
      </trkpt>
      <trkpt lat="48.64118" lon="-1.42918">
        <ele>11.7</ele>
      </trkpt>
      <trkpt lat="48.64117" lon="-1.4291">
        <ele>12</ele>
      </trkpt>
      <trkpt lat="48.64116" lon="-1.42901">
        <ele>12.3</ele>
      </trkpt>
      <trkpt lat="48.64115" lon="-1.42892">
        <ele>12.6</ele>
      </trkpt>
      <trkpt lat="48.64114" lon="-1.42883">
        <ele>12.6</ele>
      </trkpt>
      <trkpt lat="48.64113" lon="-1.42874">
        <ele>12.4</ele>
      </trkpt>
      <trkpt lat="48.64113" lon="-1.42864">
        <ele>12</ele>
      </trkpt>
      <trkpt lat="48.64113" lon="-1.42853">
        <ele>11.9</ele>
      </trkpt>
      <trkpt lat="48.64112" lon="-1.42843">
        <ele>12</ele>
      </trkpt>
      <trkpt lat="48.64112" lon="-1.42832">
        <ele>12</ele>
      </trkpt>
      <trkpt lat="48.64117" lon="-1.42823">
        <ele>12.1</ele>
      </trkpt>
      <trkpt lat="48.64121" lon="-1.42814">
        <ele>12.1</ele>
      </trkpt>
      <trkpt lat="48.64125" lon="-1.42807">
        <ele>12</ele>
      </trkpt>
      <trkpt lat="48.64128" lon="-1.428">
        <ele>12.1</ele>
      </trkpt>
      <trkpt lat="48.64136" lon="-1.42798">
        <ele>12</ele>
      </trkpt>
      <trkpt lat="48.64143" lon="-1.42796">
        <ele>11.9</ele>
      </trkpt>
      <trkpt lat="48.64147" lon="-1.42792">
        <ele>12.1</ele>
      </trkpt>
      <trkpt lat="48.64151" lon="-1.42787">
        <ele>12.2</ele>
      </trkpt>
      <trkpt lat="48.64154" lon="-1.42783">
        <ele>12.1</ele>
      </trkpt>
      <trkpt lat="48.64158" lon="-1.42778">
        <ele>11.9</ele>
      </trkpt>
      <trkpt lat="48.64162" lon="-1.42774">
        <ele>11.9</ele>
      </trkpt>
      <trkpt lat="48.64166" lon="-1.42769">
        <ele>12</ele>
      </trkpt>
      <trkpt lat="48.64169" lon="-1.42765">
        <ele>12.2</ele>
      </trkpt>
      <trkpt lat="48.64173" lon="-1.4276">
        <ele>12.3</ele>
      </trkpt>
      <trkpt lat="48.64179" lon="-1.42767">
        <ele>11.2</ele>
      </trkpt>
      <trkpt lat="48.64183" lon="-1.42767">
        <ele>10.9</ele>
      </trkpt>
      <trkpt lat="48.64189" lon="-1.4276">
        <ele>10.6</ele>
      </trkpt>
      <trkpt lat="48.64195" lon="-1.42752">
        <ele>10</ele>
      </trkpt>
      <trkpt lat="48.642" lon="-1.42749">
        <ele>10</ele>
      </trkpt>
      <trkpt lat="48.64204" lon="-1.42745">
        <ele>10.3</ele>
      </trkpt>
      <trkpt lat="48.6421" lon="-1.42745">
        <ele>10</ele>
      </trkpt>
      <trkpt lat="48.64215" lon="-1.42744">
        <ele>9.8</ele>
      </trkpt>
      <trkpt lat="48.64222" lon="-1.42745">
        <ele>9.4</ele>
      </trkpt>
      <trkpt lat="48.64229" lon="-1.42746">
        <ele>9.3</ele>
      </trkpt>
      <trkpt lat="48.64235" lon="-1.42746">
        <ele>9.1</ele>
      </trkpt>
      <trkpt lat="48.64242" lon="-1.42747">
        <ele>9.1</ele>
      </trkpt>
      <trkpt lat="48.64247" lon="-1.42746">
        <ele>9</ele>
      </trkpt>
      <trkpt lat="48.64251" lon="-1.42746">
        <ele>9</ele>
      </trkpt>
      <trkpt lat="48.64256" lon="-1.42745">
        <ele>8.8</ele>
      </trkpt>
      <trkpt lat="48.6426" lon="-1.42744">
        <ele>8.6</ele>
      </trkpt>
      <trkpt lat="48.64262" lon="-1.42743">
        <ele>8.6</ele>
      </trkpt>
      <trkpt lat="48.64264" lon="-1.42742">
        <ele>8.5</ele>
      </trkpt>
      <trkpt lat="48.64271" lon="-1.42739">
        <ele>8.3</ele>
      </trkpt>
      <trkpt lat="48.64277" lon="-1.42736">
        <ele>8</ele>
      </trkpt>
      <trkpt lat="48.64284" lon="-1.42733">
        <ele>8</ele>
      </trkpt>
      <trkpt lat="48.6429" lon="-1.4273">
        <ele>8</ele>
      </trkpt>
      <trkpt lat="48.64294" lon="-1.42726">
        <ele>8</ele>
      </trkpt>
      <trkpt lat="48.64297" lon="-1.42721">
        <ele>8.1</ele>
      </trkpt>
      <trkpt lat="48.64301" lon="-1.42717">
        <ele>8.6</ele>
      </trkpt>
      <trkpt lat="48.64304" lon="-1.42713">
        <ele>9.1</ele>
      </trkpt>
      <trkpt lat="48.64308" lon="-1.42708">
        <ele>9.4</ele>
      </trkpt>
      <trkpt lat="48.64311" lon="-1.42704">
        <ele>9.5</ele>
      </trkpt>
      <trkpt lat="48.64315" lon="-1.42699">
        <ele>9.6</ele>
      </trkpt>
      <trkpt lat="48.64318" lon="-1.42695">
        <ele>9.6</ele>
      </trkpt>
      <trkpt lat="48.64321" lon="-1.42687">
        <ele>9.5</ele>
      </trkpt>
      <trkpt lat="48.64324" lon="-1.4268">
        <ele>9.3</ele>
      </trkpt>
      <trkpt lat="48.64326" lon="-1.42672">
        <ele>9</ele>
      </trkpt>
      <trkpt lat="48.64329" lon="-1.42664">
        <ele>8.7</ele>
      </trkpt>
      <trkpt lat="48.64332" lon="-1.42656">
        <ele>8.6</ele>
      </trkpt>
      <trkpt lat="48.64335" lon="-1.42647">
        <ele>8.6</ele>
      </trkpt>
      <trkpt lat="48.64337" lon="-1.42639">
        <ele>8.6</ele>
      </trkpt>
      <trkpt lat="48.6434" lon="-1.4263">
        <ele>8.5</ele>
      </trkpt>
      <trkpt lat="48.64344" lon="-1.4262">
        <ele>8.2</ele>
      </trkpt>
      <trkpt lat="48.64349" lon="-1.4261">
        <ele>7.8</ele>
      </trkpt>
      <trkpt lat="48.64353" lon="-1.42599">
        <ele>7.5</ele>
      </trkpt>
      <trkpt lat="48.64357" lon="-1.42589">
        <ele>7.3</ele>
      </trkpt>
      <trkpt lat="48.64359" lon="-1.42598">
        <ele>6.8</ele>
      </trkpt>
      <trkpt lat="48.6436" lon="-1.42607">
        <ele>6.3</ele>
      </trkpt>
      <trkpt lat="48.64362" lon="-1.42616">
        <ele>6</ele>
      </trkpt>
      <trkpt lat="48.64363" lon="-1.42624">
        <ele>5.9</ele>
      </trkpt>
      <trkpt lat="48.64365" lon="-1.42633">
        <ele>5.9</ele>
      </trkpt>
      <trkpt lat="48.64366" lon="-1.42642">
        <ele>5.8</ele>
      </trkpt>
      <trkpt lat="48.64368" lon="-1.42651">
        <ele>5.8</ele>
      </trkpt>
      <trkpt lat="48.64369" lon="-1.4266">
        <ele>5.7</ele>
      </trkpt>
      <trkpt lat="48.64371" lon="-1.42669">
        <ele>5.7</ele>
      </trkpt>
      <trkpt lat="48.64372" lon="-1.42678">
        <ele>5.6</ele>
      </trkpt>
      <trkpt lat="48.64374" lon="-1.42687">
        <ele>5.5</ele>
      </trkpt>
      <trkpt lat="48.64375" lon="-1.42695">
        <ele>5.5</ele>
      </trkpt>
      <trkpt lat="48.64377" lon="-1.42704">
        <ele>5.3</ele>
      </trkpt>
      <trkpt lat="48.64378" lon="-1.42713">
        <ele>5.1</ele>
      </trkpt>
      <trkpt lat="48.6438" lon="-1.42722">
        <ele>5</ele>
      </trkpt>
      <trkpt lat="48.64381" lon="-1.42731">
        <ele>5</ele>
      </trkpt>
      <trkpt lat="48.64383" lon="-1.4274">
        <ele>5</ele>
      </trkpt>
      <trkpt lat="48.64384" lon="-1.42749">
        <ele>5</ele>
      </trkpt>
      <trkpt lat="48.64386" lon="-1.42757">
        <ele>5</ele>
      </trkpt>
      <trkpt lat="48.64387" lon="-1.42766">
        <ele>5</ele>
      </trkpt>
      <trkpt lat="48.64389" lon="-1.42775">
        <ele>5</ele>
      </trkpt>
      <trkpt lat="48.6439" lon="-1.42784">
        <ele>5</ele>
      </trkpt>
      <trkpt lat="48.64392" lon="-1.42793">
        <ele>5</ele>
      </trkpt>
      <trkpt lat="48.64393" lon="-1.42802">
        <ele>5</ele>
      </trkpt>
      <trkpt lat="48.64395" lon="-1.42811">
        <ele>5</ele>
      </trkpt>
      <trkpt lat="48.64396" lon="-1.42819">
        <ele>5</ele>
      </trkpt>
      <trkpt lat="48.64398" lon="-1.42828">
        <ele>5</ele>
      </trkpt>
      <trkpt lat="48.64399" lon="-1.42837">
        <ele>4.9</ele>
      </trkpt>
      <trkpt lat="48.64401" lon="-1.42846">
        <ele>4.7</ele>
      </trkpt>
      <trkpt lat="48.64403" lon="-1.42855">
        <ele>4.6</ele>
      </trkpt>
      <trkpt lat="48.64404" lon="-1.42864">
        <ele>4.5</ele>
      </trkpt>
      <trkpt lat="48.64406" lon="-1.42873">
        <ele>4.6</ele>
      </trkpt>
      <trkpt lat="48.64407" lon="-1.42881">
        <ele>4.7</ele>
      </trkpt>
      <trkpt lat="48.64409" lon="-1.4289">
        <ele>4.7</ele>
      </trkpt>
      <trkpt lat="48.6441" lon="-1.42899">
        <ele>4.8</ele>
      </trkpt>
      <trkpt lat="48.64412" lon="-1.42908">
        <ele>4.8</ele>
      </trkpt>
      <trkpt lat="48.64413" lon="-1.42917">
        <ele>4.9</ele>
      </trkpt>
      <trkpt lat="48.64415" lon="-1.42926">
        <ele>4.9</ele>
      </trkpt>
      <trkpt lat="48.64416" lon="-1.42935">
        <ele>5</ele>
      </trkpt>
      <trkpt lat="48.64418" lon="-1.42943">
        <ele>5</ele>
      </trkpt>
      <trkpt lat="48.64419" lon="-1.42952">
        <ele>5</ele>
      </trkpt>
      <trkpt lat="48.64421" lon="-1.42961">
        <ele>5</ele>
      </trkpt>
      <trkpt lat="48.64422" lon="-1.4297">
        <ele>5</ele>
      </trkpt>
      <trkpt lat="48.64424" lon="-1.42979">
        <ele>5</ele>
      </trkpt>
      <trkpt lat="48.64425" lon="-1.42988">
        <ele>5</ele>
      </trkpt>
      <trkpt lat="48.64427" lon="-1.42997">
        <ele>5</ele>
      </trkpt>
      <trkpt lat="48.64428" lon="-1.43005">
        <ele>4.9</ele>
      </trkpt>
      <trkpt lat="48.6443" lon="-1.43014">
        <ele>4.7</ele>
      </trkpt>
      <trkpt lat="48.64431" lon="-1.43023">
        <ele>4.6</ele>
      </trkpt>
      <trkpt lat="48.64433" lon="-1.43032">
        <ele>4.6</ele>
      </trkpt>
      <trkpt lat="48.64434" lon="-1.43041">
        <ele>4.8</ele>
      </trkpt>
      <trkpt lat="48.64436" lon="-1.4305">
        <ele>4.9</ele>
      </trkpt>
      <trkpt lat="48.64437" lon="-1.43059">
        <ele>5</ele>
      </trkpt>
      <trkpt lat="48.64439" lon="-1.43067">
        <ele>4.9</ele>
      </trkpt>
      <trkpt lat="48.6444" lon="-1.43076">
        <ele>4.9</ele>
      </trkpt>
      <trkpt lat="48.64442" lon="-1.43085">
        <ele>4.9</ele>
      </trkpt>
      <trkpt lat="48.64443" lon="-1.43094">
        <ele>5</ele>
      </trkpt>
      <trkpt lat="48.64445" lon="-1.43103">
        <ele>5</ele>
      </trkpt>
      <trkpt lat="48.64446" lon="-1.43112">
        <ele>5</ele>
      </trkpt>
      <trkpt lat="48.64448" lon="-1.43121">
        <ele>5</ele>
      </trkpt>
      <trkpt lat="48.6445" lon="-1.43129">
        <ele>5</ele>
      </trkpt>
      <trkpt lat="48.64451" lon="-1.43138">
        <ele>5</ele>
      </trkpt>
      <trkpt lat="48.64453" lon="-1.43147">
        <ele>5</ele>
      </trkpt>
      <trkpt lat="48.64454" lon="-1.43156">
        <ele>5</ele>
      </trkpt>
      <trkpt lat="48.64455" lon="-1.43165">
        <ele>5</ele>
      </trkpt>
      <trkpt lat="48.64456" lon="-1.43173">
        <ele>5</ele>
      </trkpt>
      <trkpt lat="48.64457" lon="-1.43182">
        <ele>5</ele>
      </trkpt>
      <trkpt lat="48.64458" lon="-1.4319">
        <ele>5</ele>
      </trkpt>
      <trkpt lat="48.64459" lon="-1.43199">
        <ele>4.9</ele>
      </trkpt>
      <trkpt lat="48.64459" lon="-1.43208">
        <ele>4.8</ele>
      </trkpt>
      <trkpt lat="48.6446" lon="-1.43216">
        <ele>4.7</ele>
      </trkpt>
      <trkpt lat="48.64461" lon="-1.43225">
        <ele>4.5</ele>
      </trkpt>
      <trkpt lat="48.64462" lon="-1.43233">
        <ele>4.4</ele>
      </trkpt>
      <trkpt lat="48.64463" lon="-1.43242">
        <ele>4.2</ele>
      </trkpt>
      <trkpt lat="48.64464" lon="-1.4325">
        <ele>4</ele>
      </trkpt>
      <trkpt lat="48.64465" lon="-1.43259">
        <ele>4</ele>
      </trkpt>
      <trkpt lat="48.64466" lon="-1.43268">
        <ele>4</ele>
      </trkpt>
      <trkpt lat="48.64467" lon="-1.43276">
        <ele>4</ele>
      </trkpt>
      <trkpt lat="48.64467" lon="-1.43285">
        <ele>4</ele>
      </trkpt>
      <trkpt lat="48.64468" lon="-1.43293">
        <ele>4</ele>
      </trkpt>
      <trkpt lat="48.64469" lon="-1.43302">
        <ele>4</ele>
      </trkpt>
      <trkpt lat="48.6447" lon="-1.4331">
        <ele>4</ele>
      </trkpt>
      <trkpt lat="48.64471" lon="-1.43319">
        <ele>4</ele>
      </trkpt>
      <trkpt lat="48.64472" lon="-1.43328">
        <ele>4</ele>
      </trkpt>
      <trkpt lat="48.64473" lon="-1.43336">
        <ele>4</ele>
      </trkpt>
      <trkpt lat="48.64474" lon="-1.43345">
        <ele>4</ele>
      </trkpt>
      <trkpt lat="48.64475" lon="-1.43353">
        <ele>4</ele>
      </trkpt>
      <trkpt lat="48.64475" lon="-1.43362">
        <ele>4</ele>
      </trkpt>
      <trkpt lat="48.64476" lon="-1.43371">
        <ele>4</ele>
      </trkpt>
      <trkpt lat="48.64477" lon="-1.43379">
        <ele>4</ele>
      </trkpt>
      <trkpt lat="48.64478" lon="-1.43388">
        <ele>4</ele>
      </trkpt>
      <trkpt lat="48.64479" lon="-1.43396">
        <ele>4</ele>
      </trkpt>
      <trkpt lat="48.6448" lon="-1.43405">
        <ele>4</ele>
      </trkpt>
      <trkpt lat="48.64481" lon="-1.43413">
        <ele>4</ele>
      </trkpt>
      <trkpt lat="48.64482" lon="-1.43422">
        <ele>4</ele>
      </trkpt>
      <trkpt lat="48.64483" lon="-1.43431">
        <ele>4</ele>
      </trkpt>
      <trkpt lat="48.64483" lon="-1.43439">
        <ele>4</ele>
      </trkpt>
      <trkpt lat="48.64484" lon="-1.43448">
        <ele>4.1</ele>
      </trkpt>
      <trkpt lat="48.64485" lon="-1.43456">
        <ele>4.2</ele>
      </trkpt>
      <trkpt lat="48.64486" lon="-1.43465">
        <ele>4.4</ele>
      </trkpt>
      <trkpt lat="48.64487" lon="-1.43473">
        <ele>4.4</ele>
      </trkpt>
      <trkpt lat="48.64488" lon="-1.43482">
        <ele>4.3</ele>
      </trkpt>
      <trkpt lat="48.64489" lon="-1.43491">
        <ele>4.1</ele>
      </trkpt>
      <trkpt lat="48.6449" lon="-1.43499">
        <ele>4</ele>
      </trkpt>
      <trkpt lat="48.64491" lon="-1.43508">
        <ele>4</ele>
      </trkpt>
      <trkpt lat="48.64491" lon="-1.43516">
        <ele>4</ele>
      </trkpt>
      <trkpt lat="48.64492" lon="-1.43525">
        <ele>4</ele>
      </trkpt>
      <trkpt lat="48.64493" lon="-1.43533">
        <ele>4</ele>
      </trkpt>
      <trkpt lat="48.64494" lon="-1.43542">
        <ele>4</ele>
      </trkpt>
      <trkpt lat="48.64495" lon="-1.43551">
        <ele>4</ele>
      </trkpt>
      <trkpt lat="48.64496" lon="-1.43559">
        <ele>4</ele>
      </trkpt>
      <trkpt lat="48.64497" lon="-1.43568">
        <ele>4.1</ele>
      </trkpt>
      <trkpt lat="48.64498" lon="-1.43576">
        <ele>4.1</ele>
      </trkpt>
      <trkpt lat="48.64499" lon="-1.43585">
        <ele>4.1</ele>
      </trkpt>
      <trkpt lat="48.64499" lon="-1.43594">
        <ele>4</ele>
      </trkpt>
      <trkpt lat="48.645" lon="-1.43602">
        <ele>4</ele>
      </trkpt>
      <trkpt lat="48.64501" lon="-1.43611">
        <ele>4</ele>
      </trkpt>
      <trkpt lat="48.64502" lon="-1.43619">
        <ele>4.3</ele>
      </trkpt>
      <trkpt lat="48.64503" lon="-1.43628">
        <ele>4.5</ele>
      </trkpt>
      <trkpt lat="48.64504" lon="-1.43636">
        <ele>4.8</ele>
      </trkpt>
      <trkpt lat="48.64505" lon="-1.43645">
        <ele>4.8</ele>
      </trkpt>
      <trkpt lat="48.64506" lon="-1.43654">
        <ele>4.8</ele>
      </trkpt>
      <trkpt lat="48.64507" lon="-1.43662">
        <ele>4.8</ele>
      </trkpt>
      <trkpt lat="48.64507" lon="-1.43671">
        <ele>4.8</ele>
      </trkpt>
      <trkpt lat="48.64508" lon="-1.43679">
        <ele>4.8</ele>
      </trkpt>
      <trkpt lat="48.64509" lon="-1.43688">
        <ele>4.9</ele>
      </trkpt>
      <trkpt lat="48.6451" lon="-1.43696">
        <ele>5</ele>
      </trkpt>
      <trkpt lat="48.64511" lon="-1.43705">
        <ele>5</ele>
      </trkpt>
      <trkpt lat="48.64513" lon="-1.43718">
        <ele>5</ele>
      </trkpt>
      <trkpt lat="48.64514" lon="-1.4373">
        <ele>5</ele>
      </trkpt>
      <trkpt lat="48.64516" lon="-1.43743">
        <ele>5</ele>
      </trkpt>
      <trkpt lat="48.64517" lon="-1.43755">
        <ele>5</ele>
      </trkpt>
      <trkpt lat="48.64519" lon="-1.43768">
        <ele>5</ele>
      </trkpt>
      <trkpt lat="48.64521" lon="-1.43781">
        <ele>5</ele>
      </trkpt>
      <trkpt lat="48.64522" lon="-1.43793">
        <ele>5</ele>
      </trkpt>
      <trkpt lat="48.64524" lon="-1.43806">
        <ele>5</ele>
      </trkpt>
      <trkpt lat="48.64525" lon="-1.43819">
        <ele>5</ele>
      </trkpt>
      <trkpt lat="48.64527" lon="-1.43831">
        <ele>5</ele>
      </trkpt>
      <trkpt lat="48.64529" lon="-1.43844">
        <ele>5</ele>
      </trkpt>
      <trkpt lat="48.6453" lon="-1.43856">
        <ele>5</ele>
      </trkpt>
      <trkpt lat="48.64532" lon="-1.43869">
        <ele>5</ele>
      </trkpt>
      <trkpt lat="48.64533" lon="-1.43882">
        <ele>5</ele>
      </trkpt>
      <trkpt lat="48.64535" lon="-1.43894">
        <ele>5</ele>
      </trkpt>
      <trkpt lat="48.64537" lon="-1.43907">
        <ele>5</ele>
      </trkpt>
      <trkpt lat="48.64538" lon="-1.43919">
        <ele>5</ele>
      </trkpt>
      <trkpt lat="48.6454" lon="-1.43932">
        <ele>5</ele>
      </trkpt>
      <trkpt lat="48.64541" lon="-1.43945">
        <ele>5</ele>
      </trkpt>
      <trkpt lat="48.64543" lon="-1.43957">
        <ele>4.5</ele>
      </trkpt>
      <trkpt lat="48.64545" lon="-1.4397">
        <ele>4.1</ele>
      </trkpt>
      <trkpt lat="48.64546" lon="-1.43982">
        <ele>4</ele>
      </trkpt>
      <trkpt lat="48.64548" lon="-1.43995">
        <ele>4</ele>
      </trkpt>
      <trkpt lat="48.64549" lon="-1.44008">
        <ele>4</ele>
      </trkpt>
      <trkpt lat="48.64551" lon="-1.4402">
        <ele>4</ele>
      </trkpt>
      <trkpt lat="48.64552" lon="-1.44033">
        <ele>4</ele>
      </trkpt>
      <trkpt lat="48.64554" lon="-1.44046">
        <ele>4</ele>
      </trkpt>
      <trkpt lat="48.64556" lon="-1.44058">
        <ele>4</ele>
      </trkpt>
      <trkpt lat="48.64557" lon="-1.44071">
        <ele>4</ele>
      </trkpt>
      <trkpt lat="48.64559" lon="-1.44083">
        <ele>4</ele>
      </trkpt>
      <trkpt lat="48.6456" lon="-1.44096">
        <ele>4</ele>
      </trkpt>
      <trkpt lat="48.64562" lon="-1.44109">
        <ele>4</ele>
      </trkpt>
      <trkpt lat="48.64564" lon="-1.44121">
        <ele>4</ele>
      </trkpt>
      <trkpt lat="48.64565" lon="-1.44134">
        <ele>4</ele>
      </trkpt>
      <trkpt lat="48.64567" lon="-1.44146">
        <ele>4</ele>
      </trkpt>
      <trkpt lat="48.64568" lon="-1.44159">
        <ele>4</ele>
      </trkpt>
      <trkpt lat="48.6457" lon="-1.44172">
        <ele>4.1</ele>
      </trkpt>
      <trkpt lat="48.64572" lon="-1.44184">
        <ele>4.3</ele>
      </trkpt>
      <trkpt lat="48.64573" lon="-1.44197">
        <ele>4.4</ele>
      </trkpt>
      <trkpt lat="48.64575" lon="-1.44209">
        <ele>4.3</ele>
      </trkpt>
      <trkpt lat="48.64576" lon="-1.44222">
        <ele>4.3</ele>
      </trkpt>
      <trkpt lat="48.64578" lon="-1.44235">
        <ele>4.2</ele>
      </trkpt>
      <trkpt lat="48.6458" lon="-1.44247">
        <ele>4.1</ele>
      </trkpt>
      <trkpt lat="48.64581" lon="-1.4426">
        <ele>4.1</ele>
      </trkpt>
      <trkpt lat="48.64583" lon="-1.44272">
        <ele>4</ele>
      </trkpt>
      <trkpt lat="48.64584" lon="-1.44285">
        <ele>4.3</ele>
      </trkpt>
      <trkpt lat="48.64586" lon="-1.44298">
        <ele>4.6</ele>
      </trkpt>
      <trkpt lat="48.64588" lon="-1.4431">
        <ele>4.9</ele>
      </trkpt>
      <trkpt lat="48.64589" lon="-1.44323">
        <ele>4.8</ele>
      </trkpt>
      <trkpt lat="48.64591" lon="-1.44336">
        <ele>4.7</ele>
      </trkpt>
      <trkpt lat="48.64592" lon="-1.44348">
        <ele>4.7</ele>
      </trkpt>
      <trkpt lat="48.64594" lon="-1.44361">
        <ele>4.6</ele>
      </trkpt>
      <trkpt lat="48.64596" lon="-1.44373">
        <ele>4.3</ele>
      </trkpt>
      <trkpt lat="48.64597" lon="-1.44386">
        <ele>4.1</ele>
      </trkpt>
      <trkpt lat="48.64599" lon="-1.44399">
        <ele>4</ele>
      </trkpt>
      <trkpt lat="48.646" lon="-1.44411">
        <ele>4</ele>
      </trkpt>
      <trkpt lat="48.64602" lon="-1.44424">
        <ele>4.1</ele>
      </trkpt>
      <trkpt lat="48.64603" lon="-1.44436">
        <ele>4.2</ele>
      </trkpt>
      <trkpt lat="48.64605" lon="-1.44449">
        <ele>4.3</ele>
      </trkpt>
      <trkpt lat="48.64607" lon="-1.44462">
        <ele>4.7</ele>
      </trkpt>
      <trkpt lat="48.64608" lon="-1.44474">
        <ele>5</ele>
      </trkpt>
      <trkpt lat="48.6461" lon="-1.44487">
        <ele>5</ele>
      </trkpt>
      <trkpt lat="48.64611" lon="-1.44499">
        <ele>5</ele>
      </trkpt>
      <trkpt lat="48.64613" lon="-1.44512">
        <ele>4.9</ele>
      </trkpt>
      <trkpt lat="48.64616" lon="-1.44517">
        <ele>4.8</ele>
      </trkpt>
      <trkpt lat="48.64619" lon="-1.44523">
        <ele>4.7</ele>
      </trkpt>
      <trkpt lat="48.64623" lon="-1.44528">
        <ele>4.6</ele>
      </trkpt>
      <trkpt lat="48.64626" lon="-1.44533">
        <ele>4.5</ele>
      </trkpt>
      <trkpt lat="48.64629" lon="-1.44539">
        <ele>4.4</ele>
      </trkpt>
      <trkpt lat="48.64632" lon="-1.44544">
        <ele>4.2</ele>
      </trkpt>
      <trkpt lat="48.64635" lon="-1.4455">
        <ele>4.1</ele>
      </trkpt>
      <trkpt lat="48.64639" lon="-1.44555">
        <ele>4</ele>
      </trkpt>
      <trkpt lat="48.64642" lon="-1.4456">
        <ele>4.2</ele>
      </trkpt>
      <trkpt lat="48.64645" lon="-1.44566">
        <ele>4.3</ele>
      </trkpt>
      <trkpt lat="48.64648" lon="-1.44571">
        <ele>4.4</ele>
      </trkpt>
      <trkpt lat="48.64651" lon="-1.44576">
        <ele>4.4</ele>
      </trkpt>
      <trkpt lat="48.64654" lon="-1.44582">
        <ele>4.4</ele>
      </trkpt>
      <trkpt lat="48.64658" lon="-1.44587">
        <ele>4.3</ele>
      </trkpt>
      <trkpt lat="48.64661" lon="-1.44592">
        <ele>4.2</ele>
      </trkpt>
      <trkpt lat="48.64664" lon="-1.44598">
        <ele>4.1</ele>
      </trkpt>
      <trkpt lat="48.64667" lon="-1.44603">
        <ele>4</ele>
      </trkpt>
      <trkpt lat="48.6467" lon="-1.44609">
        <ele>4</ele>
      </trkpt>
      <trkpt lat="48.64674" lon="-1.44614">
        <ele>4</ele>
      </trkpt>
      <trkpt lat="48.64677" lon="-1.44619">
        <ele>4</ele>
      </trkpt>
      <trkpt lat="48.6468" lon="-1.44625">
        <ele>4</ele>
      </trkpt>
      <trkpt lat="48.64683" lon="-1.4463">
        <ele>4</ele>
      </trkpt>
      <trkpt lat="48.64686" lon="-1.44635">
        <ele>4</ele>
      </trkpt>
      <trkpt lat="48.6469" lon="-1.44641">
        <ele>4</ele>
      </trkpt>
      <trkpt lat="48.64693" lon="-1.44646">
        <ele>4</ele>
      </trkpt>
      <trkpt lat="48.64696" lon="-1.44651">
        <ele>4</ele>
      </trkpt>
      <trkpt lat="48.64699" lon="-1.44657">
        <ele>4</ele>
      </trkpt>
      <trkpt lat="48.64702" lon="-1.44662">
        <ele>4</ele>
      </trkpt>
      <trkpt lat="48.64705" lon="-1.44667">
        <ele>4</ele>
      </trkpt>
      <trkpt lat="48.64709" lon="-1.44673">
        <ele>4</ele>
      </trkpt>
      <trkpt lat="48.64712" lon="-1.44678">
        <ele>4</ele>
      </trkpt>
      <trkpt lat="48.64715" lon="-1.44684">
        <ele>4</ele>
      </trkpt>
      <trkpt lat="48.64718" lon="-1.44689">
        <ele>4</ele>
      </trkpt>
      <trkpt lat="48.64721" lon="-1.44694">
        <ele>4</ele>
      </trkpt>
      <trkpt lat="48.64725" lon="-1.447">
        <ele>4</ele>
      </trkpt>
      <trkpt lat="48.64728" lon="-1.44705">
        <ele>4</ele>
      </trkpt>
      <trkpt lat="48.64731" lon="-1.4471">
        <ele>4</ele>
      </trkpt>
      <trkpt lat="48.64734" lon="-1.44716">
        <ele>4</ele>
      </trkpt>
      <trkpt lat="48.64737" lon="-1.44721">
        <ele>4</ele>
      </trkpt>
      <trkpt lat="48.64741" lon="-1.44726">
        <ele>4</ele>
      </trkpt>
      <trkpt lat="48.64744" lon="-1.44732">
        <ele>4</ele>
      </trkpt>
      <trkpt lat="48.64747" lon="-1.44737">
        <ele>4</ele>
      </trkpt>
      <trkpt lat="48.6475" lon="-1.44743">
        <ele>4</ele>
      </trkpt>
      <trkpt lat="48.64753" lon="-1.44748">
        <ele>4</ele>
      </trkpt>
      <trkpt lat="48.64756" lon="-1.44753">
        <ele>4</ele>
      </trkpt>
      <trkpt lat="48.6476" lon="-1.44759">
        <ele>4</ele>
      </trkpt>
      <trkpt lat="48.64763" lon="-1.44764">
        <ele>4</ele>
      </trkpt>
      <trkpt lat="48.64766" lon="-1.44769">
        <ele>4</ele>
      </trkpt>
      <trkpt lat="48.64769" lon="-1.44775">
        <ele>4</ele>
      </trkpt>
      <trkpt lat="48.64772" lon="-1.4478">
        <ele>4</ele>
      </trkpt>
      <trkpt lat="48.64776" lon="-1.44785">
        <ele>4</ele>
      </trkpt>
      <trkpt lat="48.64779" lon="-1.44791">
        <ele>4</ele>
      </trkpt>
      <trkpt lat="48.64782" lon="-1.44796">
        <ele>4</ele>
      </trkpt>
      <trkpt lat="48.64785" lon="-1.44801">
        <ele>4</ele>
      </trkpt>
      <trkpt lat="48.64788" lon="-1.44807">
        <ele>4</ele>
      </trkpt>
      <trkpt lat="48.64792" lon="-1.44812">
        <ele>4</ele>
      </trkpt>
      <trkpt lat="48.64795" lon="-1.44818">
        <ele>4</ele>
      </trkpt>
      <trkpt lat="48.64798" lon="-1.44823">
        <ele>4</ele>
      </trkpt>
      <trkpt lat="48.64801" lon="-1.44828">
        <ele>4</ele>
      </trkpt>
      <trkpt lat="48.64804" lon="-1.44834">
        <ele>4</ele>
      </trkpt>
      <trkpt lat="48.64807" lon="-1.44839">
        <ele>4</ele>
      </trkpt>
      <trkpt lat="48.64811" lon="-1.44844">
        <ele>4</ele>
      </trkpt>
      <trkpt lat="48.64814" lon="-1.4485">
        <ele>4</ele>
      </trkpt>
      <trkpt lat="48.64817" lon="-1.44855">
        <ele>4</ele>
      </trkpt>
      <trkpt lat="48.6482" lon="-1.4486">
        <ele>4</ele>
      </trkpt>
      <trkpt lat="48.64823" lon="-1.44866">
        <ele>4</ele>
      </trkpt>
      <trkpt lat="48.64827" lon="-1.44871">
        <ele>4</ele>
      </trkpt>
      <trkpt lat="48.6483" lon="-1.44876">
        <ele>4</ele>
      </trkpt>
      <trkpt lat="48.64833" lon="-1.44882">
        <ele>4</ele>
      </trkpt>
      <trkpt lat="48.64836" lon="-1.44887">
        <ele>4</ele>
      </trkpt>
      <trkpt lat="48.64839" lon="-1.44893">
        <ele>4</ele>
      </trkpt>
      <trkpt lat="48.64843" lon="-1.44898">
        <ele>4</ele>
      </trkpt>
      <trkpt lat="48.64846" lon="-1.44903">
        <ele>4</ele>
      </trkpt>
      <trkpt lat="48.64849" lon="-1.44909">
        <ele>4</ele>
      </trkpt>
      <trkpt lat="48.64852" lon="-1.44914">
        <ele>4</ele>
      </trkpt>
      <trkpt lat="48.64855" lon="-1.44919">
        <ele>4</ele>
      </trkpt>
      <trkpt lat="48.64858" lon="-1.44925">
        <ele>4</ele>
      </trkpt>
      <trkpt lat="48.64862" lon="-1.4493">
        <ele>4</ele>
      </trkpt>
      <trkpt lat="48.64865" lon="-1.44935">
        <ele>4</ele>
      </trkpt>
      <trkpt lat="48.64868" lon="-1.44941">
        <ele>4</ele>
      </trkpt>
      <trkpt lat="48.64871" lon="-1.44946">
        <ele>4</ele>
      </trkpt>
      <trkpt lat="48.64874" lon="-1.44952">
        <ele>4</ele>
      </trkpt>
      <trkpt lat="48.64878" lon="-1.44957">
        <ele>4</ele>
      </trkpt>
      <trkpt lat="48.64881" lon="-1.44962">
        <ele>4</ele>
      </trkpt>
      <trkpt lat="48.64884" lon="-1.44968">
        <ele>4</ele>
      </trkpt>
      <trkpt lat="48.64887" lon="-1.44973">
        <ele>4</ele>
      </trkpt>
      <trkpt lat="48.6489" lon="-1.44978">
        <ele>4</ele>
      </trkpt>
      <trkpt lat="48.64894" lon="-1.44984">
        <ele>4</ele>
      </trkpt>
      <trkpt lat="48.64897" lon="-1.44989">
        <ele>4</ele>
      </trkpt>
      <trkpt lat="48.649" lon="-1.44994">
        <ele>4</ele>
      </trkpt>
      <trkpt lat="48.64903" lon="-1.45">
        <ele>4</ele>
      </trkpt>
      <trkpt lat="48.64906" lon="-1.45005">
        <ele>3.9</ele>
      </trkpt>
      <trkpt lat="48.64909" lon="-1.4501">
        <ele>3.9</ele>
      </trkpt>
      <trkpt lat="48.64913" lon="-1.45016">
        <ele>3.9</ele>
      </trkpt>
      <trkpt lat="48.64916" lon="-1.45021">
        <ele>4</ele>
      </trkpt>
      <trkpt lat="48.64919" lon="-1.45027">
        <ele>4</ele>
      </trkpt>
      <trkpt lat="48.64922" lon="-1.45032">
        <ele>3.9</ele>
      </trkpt>
      <trkpt lat="48.64925" lon="-1.45037">
        <ele>3.8</ele>
      </trkpt>
      <trkpt lat="48.64929" lon="-1.45043">
        <ele>3.7</ele>
      </trkpt>
      <trkpt lat="48.64932" lon="-1.45048">
        <ele>3.7</ele>
      </trkpt>
      <trkpt lat="48.64935" lon="-1.45053">
        <ele>3.7</ele>
      </trkpt>
      <trkpt lat="48.64938" lon="-1.45059">
        <ele>3.8</ele>
      </trkpt>
      <trkpt lat="48.64941" lon="-1.45064">
        <ele>3.9</ele>
      </trkpt>
      <trkpt lat="48.64945" lon="-1.45069">
        <ele>4</ele>
      </trkpt>
      <trkpt lat="48.64948" lon="-1.45075">
        <ele>4</ele>
      </trkpt>
      <trkpt lat="48.64951" lon="-1.4508">
        <ele>4</ele>
      </trkpt>
      <trkpt lat="48.64954" lon="-1.45086">
        <ele>4</ele>
      </trkpt>
      <trkpt lat="48.64957" lon="-1.45091">
        <ele>4</ele>
      </trkpt>
      <trkpt lat="48.6496" lon="-1.45096">
        <ele>4</ele>
      </trkpt>
      <trkpt lat="48.64964" lon="-1.45102">
        <ele>4</ele>
      </trkpt>
      <trkpt lat="48.64967" lon="-1.45107">
        <ele>4</ele>
      </trkpt>
      <trkpt lat="48.6497" lon="-1.45112">
        <ele>4</ele>
      </trkpt>
      <trkpt lat="48.64973" lon="-1.45118">
        <ele>4</ele>
      </trkpt>
      <trkpt lat="48.64976" lon="-1.45123">
        <ele>4</ele>
      </trkpt>
      <trkpt lat="48.6498" lon="-1.45128">
        <ele>4</ele>
      </trkpt>
      <trkpt lat="48.64983" lon="-1.45134">
        <ele>4</ele>
      </trkpt>
      <trkpt lat="48.64986" lon="-1.45139">
        <ele>4</ele>
      </trkpt>
      <trkpt lat="48.64989" lon="-1.45144">
        <ele>3.9</ele>
      </trkpt>
      <trkpt lat="48.64992" lon="-1.4515">
        <ele>3.9</ele>
      </trkpt>
      <trkpt lat="48.64996" lon="-1.45155">
        <ele>3.9</ele>
      </trkpt>
      <trkpt lat="48.64999" lon="-1.45161">
        <ele>4</ele>
      </trkpt>
      <trkpt lat="48.65002" lon="-1.45166">
        <ele>4</ele>
      </trkpt>
      <trkpt lat="48.65005" lon="-1.45171">
        <ele>4</ele>
      </trkpt>
      <trkpt lat="48.65008" lon="-1.45177">
        <ele>4</ele>
      </trkpt>
      <trkpt lat="48.65011" lon="-1.45182">
        <ele>4</ele>
      </trkpt>
      <trkpt lat="48.65015" lon="-1.45187">
        <ele>4</ele>
      </trkpt>
      <trkpt lat="48.65018" lon="-1.45193">
        <ele>4</ele>
      </trkpt>
      <trkpt lat="48.65021" lon="-1.45198">
        <ele>4</ele>
      </trkpt>
      <trkpt lat="48.65025" lon="-1.45203">
        <ele>4</ele>
      </trkpt>
      <trkpt lat="48.65029" lon="-1.45208">
        <ele>4</ele>
      </trkpt>
      <trkpt lat="48.65033" lon="-1.45213">
        <ele>4</ele>
      </trkpt>
      <trkpt lat="48.65037" lon="-1.45217">
        <ele>4</ele>
      </trkpt>
      <trkpt lat="48.65041" lon="-1.45222">
        <ele>4</ele>
      </trkpt>
      <trkpt lat="48.65044" lon="-1.45227">
        <ele>4</ele>
      </trkpt>
      <trkpt lat="48.65048" lon="-1.45232">
        <ele>4</ele>
      </trkpt>
      <trkpt lat="48.65052" lon="-1.45237">
        <ele>4</ele>
      </trkpt>
      <trkpt lat="48.65056" lon="-1.45242">
        <ele>4</ele>
      </trkpt>
      <trkpt lat="48.6506" lon="-1.45246">
        <ele>4</ele>
      </trkpt>
      <trkpt lat="48.65064" lon="-1.45251">
        <ele>4</ele>
      </trkpt>
      <trkpt lat="48.65068" lon="-1.45256">
        <ele>4</ele>
      </trkpt>
      <trkpt lat="48.65072" lon="-1.45261">
        <ele>4</ele>
      </trkpt>
      <trkpt lat="48.65076" lon="-1.45266">
        <ele>4</ele>
      </trkpt>
      <trkpt lat="48.6508" lon="-1.4527">
        <ele>4</ele>
      </trkpt>
      <trkpt lat="48.65084" lon="-1.45275">
        <ele>4</ele>
      </trkpt>
      <trkpt lat="48.65087" lon="-1.4528">
        <ele>4</ele>
      </trkpt>
      <trkpt lat="48.65091" lon="-1.45285">
        <ele>4</ele>
      </trkpt>
      <trkpt lat="48.65095" lon="-1.4529">
        <ele>4</ele>
      </trkpt>
      <trkpt lat="48.65099" lon="-1.45295">
        <ele>4</ele>
      </trkpt>
      <trkpt lat="48.65103" lon="-1.45299">
        <ele>4</ele>
      </trkpt>
      <trkpt lat="48.65107" lon="-1.45304">
        <ele>4</ele>
      </trkpt>
      <trkpt lat="48.65111" lon="-1.45309">
        <ele>4</ele>
      </trkpt>
      <trkpt lat="48.65115" lon="-1.45314">
        <ele>4</ele>
      </trkpt>
      <trkpt lat="48.65119" lon="-1.45319">
        <ele>4</ele>
      </trkpt>
      <trkpt lat="48.65123" lon="-1.45324">
        <ele>4</ele>
      </trkpt>
      <trkpt lat="48.65127" lon="-1.45328">
        <ele>4</ele>
      </trkpt>
      <trkpt lat="48.6513" lon="-1.45333">
        <ele>4</ele>
      </trkpt>
      <trkpt lat="48.65134" lon="-1.45338">
        <ele>4</ele>
      </trkpt>
      <trkpt lat="48.65138" lon="-1.45343">
        <ele>4</ele>
      </trkpt>
      <trkpt lat="48.65142" lon="-1.45348">
        <ele>4</ele>
      </trkpt>
      <trkpt lat="48.65146" lon="-1.45353">
        <ele>4</ele>
      </trkpt>
      <trkpt lat="48.6515" lon="-1.45357">
        <ele>4</ele>
      </trkpt>
      <trkpt lat="48.65154" lon="-1.45362">
        <ele>4</ele>
      </trkpt>
      <trkpt lat="48.65158" lon="-1.45367">
        <ele>4</ele>
      </trkpt>
      <trkpt lat="48.65162" lon="-1.45372">
        <ele>4</ele>
      </trkpt>
      <trkpt lat="48.65166" lon="-1.45377">
        <ele>4</ele>
      </trkpt>
      <trkpt lat="48.65169" lon="-1.45382">
        <ele>4</ele>
      </trkpt>
      <trkpt lat="48.65173" lon="-1.45386">
        <ele>4</ele>
      </trkpt>
      <trkpt lat="48.65177" lon="-1.45391">
        <ele>4</ele>
      </trkpt>
      <trkpt lat="48.65181" lon="-1.45396">
        <ele>4</ele>
      </trkpt>
      <trkpt lat="48.65185" lon="-1.45401">
        <ele>4</ele>
      </trkpt>
      <trkpt lat="48.65189" lon="-1.45406">
        <ele>4</ele>
      </trkpt>
      <trkpt lat="48.65193" lon="-1.4541">
        <ele>4</ele>
      </trkpt>
      <trkpt lat="48.65197" lon="-1.45415">
        <ele>4</ele>
      </trkpt>
      <trkpt lat="48.65201" lon="-1.4542">
        <ele>4</ele>
      </trkpt>
      <trkpt lat="48.65205" lon="-1.45425">
        <ele>4</ele>
      </trkpt>
      <trkpt lat="48.65209" lon="-1.4543">
        <ele>4</ele>
      </trkpt>
      <trkpt lat="48.65212" lon="-1.45435">
        <ele>4</ele>
      </trkpt>
      <trkpt lat="48.65216" lon="-1.45439">
        <ele>4</ele>
      </trkpt>
      <trkpt lat="48.6522" lon="-1.45444">
        <ele>4</ele>
      </trkpt>
      <trkpt lat="48.65224" lon="-1.45449">
        <ele>4</ele>
      </trkpt>
      <trkpt lat="48.65228" lon="-1.45454">
        <ele>4</ele>
      </trkpt>
      <trkpt lat="48.65232" lon="-1.45459">
        <ele>4</ele>
      </trkpt>
      <trkpt lat="48.65236" lon="-1.45464">
        <ele>4</ele>
      </trkpt>
      <trkpt lat="48.6524" lon="-1.45468">
        <ele>4</ele>
      </trkpt>
      <trkpt lat="48.65244" lon="-1.45473">
        <ele>4</ele>
      </trkpt>
      <trkpt lat="48.65248" lon="-1.45478">
        <ele>4</ele>
      </trkpt>
      <trkpt lat="48.65252" lon="-1.45483">
        <ele>4</ele>
      </trkpt>
      <trkpt lat="48.65255" lon="-1.45488">
        <ele>4</ele>
      </trkpt>
      <trkpt lat="48.65259" lon="-1.45493">
        <ele>4</ele>
      </trkpt>
      <trkpt lat="48.65263" lon="-1.45497">
        <ele>4</ele>
      </trkpt>
      <trkpt lat="48.65267" lon="-1.45502">
        <ele>4</ele>
      </trkpt>
      <trkpt lat="48.65271" lon="-1.45507">
        <ele>4</ele>
      </trkpt>
      <trkpt lat="48.65275" lon="-1.45516">
        <ele>4</ele>
      </trkpt>
      <trkpt lat="48.65279" lon="-1.45524">
        <ele>4</ele>
      </trkpt>
      <trkpt lat="48.65283" lon="-1.45533">
        <ele>4</ele>
      </trkpt>
      <trkpt lat="48.65287" lon="-1.45541">
        <ele>4</ele>
      </trkpt>
      <trkpt lat="48.65291" lon="-1.4555">
        <ele>4</ele>
      </trkpt>
      <trkpt lat="48.65294" lon="-1.45559">
        <ele>4</ele>
      </trkpt>
      <trkpt lat="48.65298" lon="-1.45567">
        <ele>4</ele>
      </trkpt>
      <trkpt lat="48.65302" lon="-1.45576">
        <ele>4</ele>
      </trkpt>
      <trkpt lat="48.65306" lon="-1.45584">
        <ele>4</ele>
      </trkpt>
      <trkpt lat="48.6531" lon="-1.45593">
        <ele>3.9</ele>
      </trkpt>
      <trkpt lat="48.65314" lon="-1.45602">
        <ele>3.8</ele>
      </trkpt>
      <trkpt lat="48.65318" lon="-1.4561">
        <ele>3.6</ele>
      </trkpt>
      <trkpt lat="48.65322" lon="-1.45619">
        <ele>3.6</ele>
      </trkpt>
      <trkpt lat="48.65326" lon="-1.45627">
        <ele>3.7</ele>
      </trkpt>
      <trkpt lat="48.65329" lon="-1.45636">
        <ele>3.9</ele>
      </trkpt>
      <trkpt lat="48.65333" lon="-1.45645">
        <ele>3.8</ele>
      </trkpt>
      <trkpt lat="48.65337" lon="-1.45653">
        <ele>3.4</ele>
      </trkpt>
      <trkpt lat="48.65341" lon="-1.45662">
        <ele>3.1</ele>
      </trkpt>
      <trkpt lat="48.65345" lon="-1.4567">
        <ele>3</ele>
      </trkpt>
      <trkpt lat="48.65349" lon="-1.45679">
        <ele>3</ele>
      </trkpt>
      <trkpt lat="48.65353" lon="-1.45688">
        <ele>3</ele>
      </trkpt>
      <trkpt lat="48.65357" lon="-1.45696">
        <ele>3</ele>
      </trkpt>
      <trkpt lat="48.65361" lon="-1.45705">
        <ele>3</ele>
      </trkpt>
      <trkpt lat="48.65364" lon="-1.45713">
        <ele>3</ele>
      </trkpt>
      <trkpt lat="48.65368" lon="-1.45722">
        <ele>3</ele>
      </trkpt>
      <trkpt lat="48.65372" lon="-1.4573">
        <ele>3</ele>
      </trkpt>
      <trkpt lat="48.65376" lon="-1.45739">
        <ele>3</ele>
      </trkpt>
      <trkpt lat="48.6538" lon="-1.45748">
        <ele>3</ele>
      </trkpt>
      <trkpt lat="48.65384" lon="-1.45756">
        <ele>3</ele>
      </trkpt>
      <trkpt lat="48.65388" lon="-1.45765">
        <ele>3</ele>
      </trkpt>
      <trkpt lat="48.65392" lon="-1.45773">
        <ele>3</ele>
      </trkpt>
      <trkpt lat="48.65396" lon="-1.45782">
        <ele>3</ele>
      </trkpt>
      <trkpt lat="48.65399" lon="-1.45791">
        <ele>3</ele>
      </trkpt>
      <trkpt lat="48.65403" lon="-1.45799">
        <ele>3</ele>
      </trkpt>
      <trkpt lat="48.65407" lon="-1.45808">
        <ele>3</ele>
      </trkpt>
      <trkpt lat="48.65411" lon="-1.45816">
        <ele>3</ele>
      </trkpt>
      <trkpt lat="48.65415" lon="-1.45825">
        <ele>3</ele>
      </trkpt>
      <trkpt lat="48.65419" lon="-1.45834">
        <ele>3</ele>
      </trkpt>
      <trkpt lat="48.65423" lon="-1.45842">
        <ele>3</ele>
      </trkpt>
      <trkpt lat="48.65427" lon="-1.45851">
        <ele>3</ele>
      </trkpt>
      <trkpt lat="48.65431" lon="-1.45859">
        <ele>3</ele>
      </trkpt>
      <trkpt lat="48.65434" lon="-1.45868">
        <ele>3</ele>
      </trkpt>
      <trkpt lat="48.65438" lon="-1.45877">
        <ele>3</ele>
      </trkpt>
      <trkpt lat="48.65442" lon="-1.45885">
        <ele>3</ele>
      </trkpt>
      <trkpt lat="48.65446" lon="-1.45894">
        <ele>3</ele>
      </trkpt>
      <trkpt lat="48.6545" lon="-1.45902">
        <ele>3</ele>
      </trkpt>
      <trkpt lat="48.65454" lon="-1.45911">
        <ele>3</ele>
      </trkpt>
      <trkpt lat="48.65458" lon="-1.4592">
        <ele>3</ele>
      </trkpt>
      <trkpt lat="48.65462" lon="-1.45928">
        <ele>3</ele>
      </trkpt>
      <trkpt lat="48.65466" lon="-1.45937">
        <ele>3</ele>
      </trkpt>
      <trkpt lat="48.65469" lon="-1.45945">
        <ele>3</ele>
      </trkpt>
      <trkpt lat="48.65473" lon="-1.45954">
        <ele>3</ele>
      </trkpt>
      <trkpt lat="48.65477" lon="-1.45963">
        <ele>3</ele>
      </trkpt>
      <trkpt lat="48.65481" lon="-1.45971">
        <ele>3</ele>
      </trkpt>
      <trkpt lat="48.65485" lon="-1.4598">
        <ele>3</ele>
      </trkpt>
      <trkpt lat="48.65489" lon="-1.45988">
        <ele>3</ele>
      </trkpt>
      <trkpt lat="48.65493" lon="-1.45997">
        <ele>3</ele>
      </trkpt>
      <trkpt lat="48.65497" lon="-1.46005">
        <ele>3</ele>
      </trkpt>
      <trkpt lat="48.65501" lon="-1.46014">
        <ele>3</ele>
      </trkpt>
      <trkpt lat="48.65504" lon="-1.46023">
        <ele>3</ele>
      </trkpt>
      <trkpt lat="48.65508" lon="-1.46031">
        <ele>3</ele>
      </trkpt>
      <trkpt lat="48.65512" lon="-1.4604">
        <ele>3</ele>
      </trkpt>
      <trkpt lat="48.65516" lon="-1.46048">
        <ele>3</ele>
      </trkpt>
      <trkpt lat="48.6552" lon="-1.46057">
        <ele>3</ele>
      </trkpt>
      <trkpt lat="48.65521" lon="-1.46065">
        <ele>3</ele>
      </trkpt>
      <trkpt lat="48.65521" lon="-1.46074">
        <ele>3</ele>
      </trkpt>
      <trkpt lat="48.65522" lon="-1.46082">
        <ele>3</ele>
      </trkpt>
      <trkpt lat="48.65523" lon="-1.4609">
        <ele>3</ele>
      </trkpt>
      <trkpt lat="48.65524" lon="-1.46099">
        <ele>3</ele>
      </trkpt>
      <trkpt lat="48.65524" lon="-1.46107">
        <ele>3</ele>
      </trkpt>
      <trkpt lat="48.65525" lon="-1.46115">
        <ele>3</ele>
      </trkpt>
      <trkpt lat="48.65526" lon="-1.46124">
        <ele>3</ele>
      </trkpt>
      <trkpt lat="48.65526" lon="-1.46132">
        <ele>3</ele>
      </trkpt>
      <trkpt lat="48.65527" lon="-1.4614">
        <ele>3</ele>
      </trkpt>
      <trkpt lat="48.65528" lon="-1.46148">
        <ele>3</ele>
      </trkpt>
      <trkpt lat="48.65528" lon="-1.46157">
        <ele>3</ele>
      </trkpt>
      <trkpt lat="48.65529" lon="-1.46165">
        <ele>3</ele>
      </trkpt>
      <trkpt lat="48.6553" lon="-1.46173">
        <ele>3</ele>
      </trkpt>
      <trkpt lat="48.65531" lon="-1.46182">
        <ele>3</ele>
      </trkpt>
      <trkpt lat="48.65531" lon="-1.4619">
        <ele>3</ele>
      </trkpt>
      <trkpt lat="48.65532" lon="-1.46198">
        <ele>3</ele>
      </trkpt>
      <trkpt lat="48.65533" lon="-1.46207">
        <ele>3</ele>
      </trkpt>
      <trkpt lat="48.65533" lon="-1.46215">
        <ele>3</ele>
      </trkpt>
      <trkpt lat="48.65534" lon="-1.46223">
        <ele>3</ele>
      </trkpt>
      <trkpt lat="48.65535" lon="-1.46232">
        <ele>3</ele>
      </trkpt>
      <trkpt lat="48.65536" lon="-1.4624">
        <ele>3</ele>
      </trkpt>
      <trkpt lat="48.65536" lon="-1.46248">
        <ele>3</ele>
      </trkpt>
      <trkpt lat="48.65537" lon="-1.46257">
        <ele>3</ele>
      </trkpt>
      <trkpt lat="48.65538" lon="-1.46265">
        <ele>3</ele>
      </trkpt>
      <trkpt lat="48.65538" lon="-1.46273">
        <ele>3</ele>
      </trkpt>
      <trkpt lat="48.65539" lon="-1.46281">
        <ele>3.1</ele>
      </trkpt>
      <trkpt lat="48.6554" lon="-1.4629">
        <ele>3.2</ele>
      </trkpt>
      <trkpt lat="48.6554" lon="-1.46298">
        <ele>3.4</ele>
      </trkpt>
      <trkpt lat="48.65541" lon="-1.46306">
        <ele>3.5</ele>
      </trkpt>
      <trkpt lat="48.65542" lon="-1.46315">
        <ele>3.7</ele>
      </trkpt>
      <trkpt lat="48.65543" lon="-1.46323">
        <ele>3.8</ele>
      </trkpt>
      <trkpt lat="48.65543" lon="-1.46331">
        <ele>4</ele>
      </trkpt>
      <trkpt lat="48.65544" lon="-1.4634">
        <ele>4</ele>
      </trkpt>
      <trkpt lat="48.65545" lon="-1.46348">
        <ele>4</ele>
      </trkpt>
      <trkpt lat="48.65545" lon="-1.46356">
        <ele>4</ele>
      </trkpt>
      <trkpt lat="48.65546" lon="-1.46365">
        <ele>4</ele>
      </trkpt>
      <trkpt lat="48.65547" lon="-1.46373">
        <ele>4</ele>
      </trkpt>
      <trkpt lat="48.65547" lon="-1.46381">
        <ele>4</ele>
      </trkpt>
      <trkpt lat="48.65548" lon="-1.4639">
        <ele>4</ele>
      </trkpt>
      <trkpt lat="48.65549" lon="-1.46398">
        <ele>4</ele>
      </trkpt>
      <trkpt lat="48.6555" lon="-1.46406">
        <ele>4</ele>
      </trkpt>
      <trkpt lat="48.6555" lon="-1.46414">
        <ele>4</ele>
      </trkpt>
      <trkpt lat="48.65551" lon="-1.46423">
        <ele>4</ele>
      </trkpt>
      <trkpt lat="48.65552" lon="-1.46431">
        <ele>4</ele>
      </trkpt>
      <trkpt lat="48.65552" lon="-1.46439">
        <ele>4</ele>
      </trkpt>
      <trkpt lat="48.65553" lon="-1.46448">
        <ele>4</ele>
      </trkpt>
      <trkpt lat="48.65554" lon="-1.46456">
        <ele>4</ele>
      </trkpt>
      <trkpt lat="48.65555" lon="-1.46464">
        <ele>4</ele>
      </trkpt>
      <trkpt lat="48.65555" lon="-1.46473">
        <ele>4</ele>
      </trkpt>
      <trkpt lat="48.65556" lon="-1.46481">
        <ele>4</ele>
      </trkpt>
      <trkpt lat="48.65557" lon="-1.46489">
        <ele>4</ele>
      </trkpt>
      <trkpt lat="48.65557" lon="-1.46498">
        <ele>4</ele>
      </trkpt>
      <trkpt lat="48.65558" lon="-1.46506">
        <ele>4</ele>
      </trkpt>
      <trkpt lat="48.65559" lon="-1.46514">
        <ele>4</ele>
      </trkpt>
      <trkpt lat="48.65559" lon="-1.46523">
        <ele>4</ele>
      </trkpt>
      <trkpt lat="48.6556" lon="-1.46531">
        <ele>4</ele>
      </trkpt>
      <trkpt lat="48.65561" lon="-1.46539">
        <ele>4</ele>
      </trkpt>
      <trkpt lat="48.65562" lon="-1.46547">
        <ele>4</ele>
      </trkpt>
      <trkpt lat="48.65562" lon="-1.46556">
        <ele>4</ele>
      </trkpt>
      <trkpt lat="48.65563" lon="-1.46564">
        <ele>4</ele>
      </trkpt>
      <trkpt lat="48.65564" lon="-1.46572">
        <ele>4</ele>
      </trkpt>
      <trkpt lat="48.65564" lon="-1.46581">
        <ele>4</ele>
      </trkpt>
      <trkpt lat="48.65565" lon="-1.46589">
        <ele>4</ele>
      </trkpt>
      <trkpt lat="48.65566" lon="-1.46597">
        <ele>4</ele>
      </trkpt>
      <trkpt lat="48.65567" lon="-1.46606">
        <ele>4</ele>
      </trkpt>
      <trkpt lat="48.65568" lon="-1.46614">
        <ele>4</ele>
      </trkpt>
      <trkpt lat="48.65569" lon="-1.46622">
        <ele>4</ele>
      </trkpt>
      <trkpt lat="48.6557" lon="-1.46631">
        <ele>4</ele>
      </trkpt>
      <trkpt lat="48.65571" lon="-1.46639">
        <ele>4</ele>
      </trkpt>
      <trkpt lat="48.65572" lon="-1.46647">
        <ele>4</ele>
      </trkpt>
      <trkpt lat="48.65574" lon="-1.46656">
        <ele>4</ele>
      </trkpt>
      <trkpt lat="48.65575" lon="-1.46664">
        <ele>4</ele>
      </trkpt>
      <trkpt lat="48.65576" lon="-1.46672">
        <ele>4</ele>
      </trkpt>
      <trkpt lat="48.65577" lon="-1.4668">
        <ele>4</ele>
      </trkpt>
      <trkpt lat="48.65578" lon="-1.46689">
        <ele>4</ele>
      </trkpt>
      <trkpt lat="48.65579" lon="-1.46697">
        <ele>4</ele>
      </trkpt>
      <trkpt lat="48.6558" lon="-1.46705">
        <ele>4</ele>
      </trkpt>
      <trkpt lat="48.65581" lon="-1.46714">
        <ele>4</ele>
      </trkpt>
      <trkpt lat="48.65582" lon="-1.46722">
        <ele>4</ele>
      </trkpt>
      <trkpt lat="48.65583" lon="-1.4673">
        <ele>4</ele>
      </trkpt>
      <trkpt lat="48.65584" lon="-1.46739">
        <ele>4</ele>
      </trkpt>
      <trkpt lat="48.65585" lon="-1.46747">
        <ele>4</ele>
      </trkpt>
      <trkpt lat="48.65586" lon="-1.46755">
        <ele>4</ele>
      </trkpt>
      <trkpt lat="48.65587" lon="-1.46764">
        <ele>4</ele>
      </trkpt>
      <trkpt lat="48.65588" lon="-1.46772">
        <ele>4</ele>
      </trkpt>
      <trkpt lat="48.65589" lon="-1.4678">
        <ele>4</ele>
      </trkpt>
      <trkpt lat="48.65591" lon="-1.46789">
        <ele>4</ele>
      </trkpt>
      <trkpt lat="48.65592" lon="-1.46797">
        <ele>4</ele>
      </trkpt>
      <trkpt lat="48.65593" lon="-1.46805">
        <ele>4</ele>
      </trkpt>
      <trkpt lat="48.65594" lon="-1.46813">
        <ele>4</ele>
      </trkpt>
      <trkpt lat="48.65595" lon="-1.46822">
        <ele>4</ele>
      </trkpt>
      <trkpt lat="48.65596" lon="-1.4683">
        <ele>4</ele>
      </trkpt>
      <trkpt lat="48.65597" lon="-1.46838">
        <ele>4</ele>
      </trkpt>
      <trkpt lat="48.65598" lon="-1.46847">
        <ele>4</ele>
      </trkpt>
      <trkpt lat="48.65599" lon="-1.46855">
        <ele>4</ele>
      </trkpt>
      <trkpt lat="48.656" lon="-1.46863">
        <ele>4</ele>
      </trkpt>
      <trkpt lat="48.65601" lon="-1.46872">
        <ele>4</ele>
      </trkpt>
      <trkpt lat="48.65602" lon="-1.4688">
        <ele>4</ele>
      </trkpt>
      <trkpt lat="48.65603" lon="-1.46888">
        <ele>4</ele>
      </trkpt>
      <trkpt lat="48.65604" lon="-1.46897">
        <ele>4</ele>
      </trkpt>
      <trkpt lat="48.65605" lon="-1.46905">
        <ele>4</ele>
      </trkpt>
      <trkpt lat="48.65606" lon="-1.46913">
        <ele>4</ele>
      </trkpt>
      <trkpt lat="48.65608" lon="-1.46922">
        <ele>4</ele>
      </trkpt>
      <trkpt lat="48.65609" lon="-1.4693">
        <ele>4</ele>
      </trkpt>
      <trkpt lat="48.6561" lon="-1.46938">
        <ele>4</ele>
      </trkpt>
      <trkpt lat="48.65611" lon="-1.46946">
        <ele>4</ele>
      </trkpt>
      <trkpt lat="48.65612" lon="-1.46955">
        <ele>4</ele>
      </trkpt>
      <trkpt lat="48.65613" lon="-1.46963">
        <ele>4</ele>
      </trkpt>
      <trkpt lat="48.65614" lon="-1.46971">
        <ele>4</ele>
      </trkpt>
      <trkpt lat="48.65615" lon="-1.4698">
        <ele>4</ele>
      </trkpt>
      <trkpt lat="48.65616" lon="-1.46988">
        <ele>4</ele>
      </trkpt>
      <trkpt lat="48.65617" lon="-1.46996">
        <ele>4</ele>
      </trkpt>
      <trkpt lat="48.65618" lon="-1.47005">
        <ele>4</ele>
      </trkpt>
      <trkpt lat="48.65619" lon="-1.47013">
        <ele>4</ele>
      </trkpt>
      <trkpt lat="48.6562" lon="-1.47021">
        <ele>4</ele>
      </trkpt>
      <trkpt lat="48.65621" lon="-1.4703">
        <ele>4</ele>
      </trkpt>
      <trkpt lat="48.65622" lon="-1.47038">
        <ele>4</ele>
      </trkpt>
      <trkpt lat="48.65623" lon="-1.47046">
        <ele>4</ele>
      </trkpt>
      <trkpt lat="48.65625" lon="-1.47055">
        <ele>4</ele>
      </trkpt>
      <trkpt lat="48.65626" lon="-1.47063">
        <ele>4</ele>
      </trkpt>
      <trkpt lat="48.65627" lon="-1.47071">
        <ele>4</ele>
      </trkpt>
      <trkpt lat="48.65628" lon="-1.47079">
        <ele>4</ele>
      </trkpt>
      <trkpt lat="48.65629" lon="-1.47088">
        <ele>4</ele>
      </trkpt>
      <trkpt lat="48.6563" lon="-1.47096">
        <ele>4</ele>
      </trkpt>
      <trkpt lat="48.65631" lon="-1.47104">
        <ele>4</ele>
      </trkpt>
      <trkpt lat="48.65632" lon="-1.47113">
        <ele>4</ele>
      </trkpt>
      <trkpt lat="48.65633" lon="-1.47121">
        <ele>3.9</ele>
      </trkpt>
      <trkpt lat="48.65636" lon="-1.47127">
        <ele>3.9</ele>
      </trkpt>
      <trkpt lat="48.65639" lon="-1.47134">
        <ele>4</ele>
      </trkpt>
      <trkpt lat="48.65643" lon="-1.4714">
        <ele>4</ele>
      </trkpt>
      <trkpt lat="48.65646" lon="-1.47147">
        <ele>4</ele>
      </trkpt>
      <trkpt lat="48.65649" lon="-1.47153">
        <ele>4</ele>
      </trkpt>
      <trkpt lat="48.65652" lon="-1.4716">
        <ele>4</ele>
      </trkpt>
      <trkpt lat="48.65655" lon="-1.47166">
        <ele>4</ele>
      </trkpt>
      <trkpt lat="48.65659" lon="-1.47173">
        <ele>4</ele>
      </trkpt>
      <trkpt lat="48.65662" lon="-1.47179">
        <ele>4</ele>
      </trkpt>
      <trkpt lat="48.65665" lon="-1.47185">
        <ele>4</ele>
      </trkpt>
      <trkpt lat="48.65668" lon="-1.47192">
        <ele>3.9</ele>
      </trkpt>
      <trkpt lat="48.65671" lon="-1.47198">
        <ele>3.7</ele>
      </trkpt>
      <trkpt lat="48.65675" lon="-1.47205">
        <ele>3.6</ele>
      </trkpt>
      <trkpt lat="48.65678" lon="-1.47211">
        <ele>3.5</ele>
      </trkpt>
      <trkpt lat="48.65681" lon="-1.47218">
        <ele>3.5</ele>
      </trkpt>
      <trkpt lat="48.65684" lon="-1.47224">
        <ele>3.6</ele>
      </trkpt>
      <trkpt lat="48.65688" lon="-1.4723">
        <ele>3.5</ele>
      </trkpt>
      <trkpt lat="48.65691" lon="-1.47237">
        <ele>3.4</ele>
      </trkpt>
      <trkpt lat="48.65694" lon="-1.47243">
        <ele>3.2</ele>
      </trkpt>
      <trkpt lat="48.65697" lon="-1.4725">
        <ele>3</ele>
      </trkpt>
      <trkpt lat="48.657" lon="-1.47256">
        <ele>3</ele>
      </trkpt>
      <trkpt lat="48.65704" lon="-1.47263">
        <ele>3</ele>
      </trkpt>
      <trkpt lat="48.65707" lon="-1.47269">
        <ele>3</ele>
      </trkpt>
      <trkpt lat="48.6571" lon="-1.47276">
        <ele>3</ele>
      </trkpt>
      <trkpt lat="48.65713" lon="-1.47282">
        <ele>3</ele>
      </trkpt>
      <trkpt lat="48.65716" lon="-1.47288">
        <ele>3</ele>
      </trkpt>
      <trkpt lat="48.6572" lon="-1.47295">
        <ele>3</ele>
      </trkpt>
      <trkpt lat="48.65723" lon="-1.47301">
        <ele>3</ele>
      </trkpt>
      <trkpt lat="48.65726" lon="-1.47308">
        <ele>3</ele>
      </trkpt>
      <trkpt lat="48.65729" lon="-1.47314">
        <ele>3</ele>
      </trkpt>
      <trkpt lat="48.65732" lon="-1.47321">
        <ele>3</ele>
      </trkpt>
      <trkpt lat="48.65736" lon="-1.47327">
        <ele>3</ele>
      </trkpt>
      <trkpt lat="48.65739" lon="-1.47333">
        <ele>3</ele>
      </trkpt>
      <trkpt lat="48.65742" lon="-1.4734">
        <ele>3</ele>
      </trkpt>
      <trkpt lat="48.65745" lon="-1.47346">
        <ele>3</ele>
      </trkpt>
      <trkpt lat="48.65748" lon="-1.47353">
        <ele>3</ele>
      </trkpt>
      <trkpt lat="48.65752" lon="-1.47359">
        <ele>3</ele>
      </trkpt>
      <trkpt lat="48.65755" lon="-1.47366">
        <ele>3</ele>
      </trkpt>
      <trkpt lat="48.65758" lon="-1.47372">
        <ele>3</ele>
      </trkpt>
      <trkpt lat="48.65761" lon="-1.47379">
        <ele>3</ele>
      </trkpt>
      <trkpt lat="48.65764" lon="-1.47385">
        <ele>3</ele>
      </trkpt>
      <trkpt lat="48.65768" lon="-1.47391">
        <ele>3</ele>
      </trkpt>
      <trkpt lat="48.65771" lon="-1.47398">
        <ele>3</ele>
      </trkpt>
      <trkpt lat="48.65774" lon="-1.47404">
        <ele>3</ele>
      </trkpt>
      <trkpt lat="48.65777" lon="-1.47411">
        <ele>3</ele>
      </trkpt>
      <trkpt lat="48.6578" lon="-1.47417">
        <ele>3</ele>
      </trkpt>
      <trkpt lat="48.65784" lon="-1.47424">
        <ele>3</ele>
      </trkpt>
      <trkpt lat="48.65787" lon="-1.4743">
        <ele>3</ele>
      </trkpt>
      <trkpt lat="48.6579" lon="-1.47436">
        <ele>3</ele>
      </trkpt>
      <trkpt lat="48.65793" lon="-1.47443">
        <ele>3</ele>
      </trkpt>
      <trkpt lat="48.65796" lon="-1.47449">
        <ele>3</ele>
      </trkpt>
      <trkpt lat="48.658" lon="-1.47456">
        <ele>3</ele>
      </trkpt>
      <trkpt lat="48.65803" lon="-1.47462">
        <ele>3</ele>
      </trkpt>
      <trkpt lat="48.65806" lon="-1.47469">
        <ele>3</ele>
      </trkpt>
      <trkpt lat="48.65809" lon="-1.47475">
        <ele>2.9</ele>
      </trkpt>
      <trkpt lat="48.65812" lon="-1.47482">
        <ele>2.8</ele>
      </trkpt>
      <trkpt lat="48.65816" lon="-1.47488">
        <ele>2.6</ele>
      </trkpt>
      <trkpt lat="48.65819" lon="-1.47494">
        <ele>2.5</ele>
      </trkpt>
      <trkpt lat="48.65822" lon="-1.47501">
        <ele>2.4</ele>
      </trkpt>
      <trkpt lat="48.65825" lon="-1.47507">
        <ele>2.5</ele>
      </trkpt>
      <trkpt lat="48.65828" lon="-1.47514">
        <ele>2.6</ele>
      </trkpt>
      <trkpt lat="48.65832" lon="-1.4752">
        <ele>2.7</ele>
      </trkpt>
      <trkpt lat="48.65835" lon="-1.47527">
        <ele>3</ele>
      </trkpt>
      <trkpt lat="48.65838" lon="-1.47533">
        <ele>2.8</ele>
      </trkpt>
      <trkpt lat="48.65839" lon="-1.47542">
        <ele>2.6</ele>
      </trkpt>
      <trkpt lat="48.65839" lon="-1.47551">
        <ele>2.3</ele>
      </trkpt>
      <trkpt lat="48.6584" lon="-1.4756">
        <ele>2.2</ele>
      </trkpt>
      <trkpt lat="48.65841" lon="-1.4757">
        <ele>2.3</ele>
      </trkpt>
      <trkpt lat="48.65842" lon="-1.47579">
        <ele>2.3</ele>
      </trkpt>
      <trkpt lat="48.65842" lon="-1.47588">
        <ele>2.3</ele>
      </trkpt>
      <trkpt lat="48.65843" lon="-1.47597">
        <ele>2.2</ele>
      </trkpt>
      <trkpt lat="48.65844" lon="-1.47606">
        <ele>2.1</ele>
      </trkpt>
      <trkpt lat="48.65844" lon="-1.47615">
        <ele>2.1</ele>
      </trkpt>
      <trkpt lat="48.65845" lon="-1.47624">
        <ele>2.3</ele>
      </trkpt>
      <trkpt lat="48.65846" lon="-1.47633">
        <ele>2.4</ele>
      </trkpt>
      <trkpt lat="48.65846" lon="-1.47643">
        <ele>2.5</ele>
      </trkpt>
      <trkpt lat="48.65847" lon="-1.47652">
        <ele>2.3</ele>
      </trkpt>
      <trkpt lat="48.65848" lon="-1.47661">
        <ele>2.1</ele>
      </trkpt>
      <trkpt lat="48.65849" lon="-1.4767">
        <ele>2</ele>
      </trkpt>
      <trkpt lat="48.65849" lon="-1.47679">
        <ele>2</ele>
      </trkpt>
      <trkpt lat="48.6585" lon="-1.47688">
        <ele>2</ele>
      </trkpt>
      <trkpt lat="48.65851" lon="-1.47697">
        <ele>2</ele>
      </trkpt>
      <trkpt lat="48.65851" lon="-1.47706">
        <ele>2</ele>
      </trkpt>
      <trkpt lat="48.65852" lon="-1.47716">
        <ele>2</ele>
      </trkpt>
      <trkpt lat="48.65853" lon="-1.47725">
        <ele>2</ele>
      </trkpt>
      <trkpt lat="48.65854" lon="-1.47734">
        <ele>2</ele>
      </trkpt>
      <trkpt lat="48.65854" lon="-1.47743">
        <ele>2</ele>
      </trkpt>
      <trkpt lat="48.65855" lon="-1.47752">
        <ele>2</ele>
      </trkpt>
      <trkpt lat="48.65856" lon="-1.47761">
        <ele>2</ele>
      </trkpt>
      <trkpt lat="48.65856" lon="-1.4777">
        <ele>2</ele>
      </trkpt>
      <trkpt lat="48.65857" lon="-1.47779">
        <ele>2</ele>
      </trkpt>
      <trkpt lat="48.65858" lon="-1.47789">
        <ele>2.3</ele>
      </trkpt>
      <trkpt lat="48.65858" lon="-1.47798">
        <ele>2.6</ele>
      </trkpt>
      <trkpt lat="48.65859" lon="-1.47807">
        <ele>2.9</ele>
      </trkpt>
      <trkpt lat="48.6586" lon="-1.47816">
        <ele>3</ele>
      </trkpt>
      <trkpt lat="48.65861" lon="-1.47825">
        <ele>3</ele>
      </trkpt>
      <trkpt lat="48.65861" lon="-1.47834">
        <ele>3</ele>
      </trkpt>
      <trkpt lat="48.65862" lon="-1.47843">
        <ele>3</ele>
      </trkpt>
      <trkpt lat="48.65863" lon="-1.47852">
        <ele>3.1</ele>
      </trkpt>
      <trkpt lat="48.65863" lon="-1.47862">
        <ele>3.1</ele>
      </trkpt>
      <trkpt lat="48.65864" lon="-1.47871">
        <ele>3.1</ele>
      </trkpt>
      <trkpt lat="48.65865" lon="-1.4788">
        <ele>3.1</ele>
      </trkpt>
      <trkpt lat="48.65865" lon="-1.47889">
        <ele>3.2</ele>
      </trkpt>
      <trkpt lat="48.65866" lon="-1.47898">
        <ele>3.2</ele>
      </trkpt>
      <trkpt lat="48.65867" lon="-1.47907">
        <ele>3.2</ele>
      </trkpt>
      <trkpt lat="48.65868" lon="-1.47916">
        <ele>3.2</ele>
      </trkpt>
      <trkpt lat="48.65868" lon="-1.47925">
        <ele>3.3</ele>
      </trkpt>
      <trkpt lat="48.65869" lon="-1.47935">
        <ele>3.3</ele>
      </trkpt>
      <trkpt lat="48.6587" lon="-1.47944">
        <ele>3.3</ele>
      </trkpt>
      <trkpt lat="48.6587" lon="-1.47953">
        <ele>3.3</ele>
      </trkpt>
      <trkpt lat="48.65871" lon="-1.47962">
        <ele>3.4</ele>
      </trkpt>
      <trkpt lat="48.65872" lon="-1.47971">
        <ele>3.4</ele>
      </trkpt>
      <trkpt lat="48.65873" lon="-1.4798">
        <ele>3.6</ele>
      </trkpt>
      <trkpt lat="48.65873" lon="-1.47989">
        <ele>3.8</ele>
      </trkpt>
      <trkpt lat="48.65874" lon="-1.47998">
        <ele>4</ele>
      </trkpt>
      <trkpt lat="48.65875" lon="-1.48008">
        <ele>4</ele>
      </trkpt>
      <trkpt lat="48.65875" lon="-1.48017">
        <ele>4</ele>
      </trkpt>
      <trkpt lat="48.65876" lon="-1.48026">
        <ele>4</ele>
      </trkpt>
      <trkpt lat="48.65877" lon="-1.48035">
        <ele>4</ele>
      </trkpt>
      <trkpt lat="48.65877" lon="-1.48044">
        <ele>4</ele>
      </trkpt>
      <trkpt lat="48.65878" lon="-1.48053">
        <ele>4</ele>
      </trkpt>
      <trkpt lat="48.65879" lon="-1.48062">
        <ele>4</ele>
      </trkpt>
      <trkpt lat="48.6588" lon="-1.48071">
        <ele>4</ele>
      </trkpt>
      <trkpt lat="48.6588" lon="-1.48081">
        <ele>4</ele>
      </trkpt>
      <trkpt lat="48.65881" lon="-1.4809">
        <ele>4</ele>
      </trkpt>
      <trkpt lat="48.65882" lon="-1.48099">
        <ele>4</ele>
      </trkpt>
      <trkpt lat="48.65882" lon="-1.48108">
        <ele>4</ele>
      </trkpt>
      <trkpt lat="48.65883" lon="-1.48117">
        <ele>4</ele>
      </trkpt>
      <trkpt lat="48.65885" lon="-1.48125">
        <ele>4</ele>
      </trkpt>
      <trkpt lat="48.65887" lon="-1.48132">
        <ele>4</ele>
      </trkpt>
      <trkpt lat="48.65889" lon="-1.4814">
        <ele>4</ele>
      </trkpt>
      <trkpt lat="48.65892" lon="-1.48147">
        <ele>4</ele>
      </trkpt>
      <trkpt lat="48.65894" lon="-1.48155">
        <ele>4</ele>
      </trkpt>
      <trkpt lat="48.65896" lon="-1.48162">
        <ele>4</ele>
      </trkpt>
      <trkpt lat="48.65898" lon="-1.4817">
        <ele>4</ele>
      </trkpt>
      <trkpt lat="48.659" lon="-1.48177">
        <ele>4</ele>
      </trkpt>
      <trkpt lat="48.65902" lon="-1.48185">
        <ele>4</ele>
      </trkpt>
      <trkpt lat="48.65904" lon="-1.48192">
        <ele>4</ele>
      </trkpt>
      <trkpt lat="48.65906" lon="-1.482">
        <ele>4</ele>
      </trkpt>
      <trkpt lat="48.65909" lon="-1.48207">
        <ele>4</ele>
      </trkpt>
      <trkpt lat="48.65911" lon="-1.48215">
        <ele>4</ele>
      </trkpt>
      <trkpt lat="48.65913" lon="-1.48222">
        <ele>4</ele>
      </trkpt>
      <trkpt lat="48.65915" lon="-1.4823">
        <ele>4</ele>
      </trkpt>
      <trkpt lat="48.65917" lon="-1.48237">
        <ele>4</ele>
      </trkpt>
      <trkpt lat="48.65919" lon="-1.48245">
        <ele>4</ele>
      </trkpt>
      <trkpt lat="48.65921" lon="-1.48252">
        <ele>4</ele>
      </trkpt>
      <trkpt lat="48.65923" lon="-1.4826">
        <ele>4</ele>
      </trkpt>
      <trkpt lat="48.65926" lon="-1.48267">
        <ele>4</ele>
      </trkpt>
      <trkpt lat="48.65928" lon="-1.48275">
        <ele>4</ele>
      </trkpt>
      <trkpt lat="48.6593" lon="-1.48282">
        <ele>4</ele>
      </trkpt>
      <trkpt lat="48.65932" lon="-1.4829">
        <ele>4</ele>
      </trkpt>
      <trkpt lat="48.65934" lon="-1.48297">
        <ele>4</ele>
      </trkpt>
      <trkpt lat="48.65936" lon="-1.48305">
        <ele>4</ele>
      </trkpt>
      <trkpt lat="48.65938" lon="-1.48312">
        <ele>4</ele>
      </trkpt>
      <trkpt lat="48.6594" lon="-1.4832">
        <ele>4</ele>
      </trkpt>
      <trkpt lat="48.65943" lon="-1.48327">
        <ele>4</ele>
      </trkpt>
      <trkpt lat="48.65945" lon="-1.48335">
        <ele>4</ele>
      </trkpt>
      <trkpt lat="48.65947" lon="-1.48342">
        <ele>4</ele>
      </trkpt>
      <trkpt lat="48.65949" lon="-1.4835">
        <ele>4</ele>
      </trkpt>
      <trkpt lat="48.65951" lon="-1.48357">
        <ele>4</ele>
      </trkpt>
      <trkpt lat="48.65953" lon="-1.48365">
        <ele>4</ele>
      </trkpt>
      <trkpt lat="48.65955" lon="-1.48372">
        <ele>4</ele>
      </trkpt>
      <trkpt lat="48.65957" lon="-1.4838">
        <ele>4</ele>
      </trkpt>
      <trkpt lat="48.6596" lon="-1.48387">
        <ele>4</ele>
      </trkpt>
      <trkpt lat="48.65962" lon="-1.48395">
        <ele>4</ele>
      </trkpt>
      <trkpt lat="48.65964" lon="-1.48402">
        <ele>4</ele>
      </trkpt>
      <trkpt lat="48.65966" lon="-1.4841">
        <ele>4</ele>
      </trkpt>
      <trkpt lat="48.65968" lon="-1.48417">
        <ele>4</ele>
      </trkpt>
      <trkpt lat="48.6597" lon="-1.48425">
        <ele>4</ele>
      </trkpt>
      <trkpt lat="48.65972" lon="-1.48432">
        <ele>4</ele>
      </trkpt>
      <trkpt lat="48.65974" lon="-1.4844">
        <ele>4</ele>
      </trkpt>
      <trkpt lat="48.65977" lon="-1.48447">
        <ele>4</ele>
      </trkpt>
      <trkpt lat="48.65979" lon="-1.48455">
        <ele>4</ele>
      </trkpt>
      <trkpt lat="48.65981" lon="-1.48462">
        <ele>4</ele>
      </trkpt>
      <trkpt lat="48.65983" lon="-1.4847">
        <ele>4</ele>
      </trkpt>
      <trkpt lat="48.65985" lon="-1.48477">
        <ele>4</ele>
      </trkpt>
      <trkpt lat="48.65987" lon="-1.48485">
        <ele>4</ele>
      </trkpt>
      <trkpt lat="48.65989" lon="-1.48492">
        <ele>4</ele>
      </trkpt>
      <trkpt lat="48.65991" lon="-1.485">
        <ele>4</ele>
      </trkpt>
      <trkpt lat="48.65994" lon="-1.48507">
        <ele>4</ele>
      </trkpt>
      <trkpt lat="48.65996" lon="-1.48515">
        <ele>4</ele>
      </trkpt>
      <trkpt lat="48.65998" lon="-1.48522">
        <ele>4</ele>
      </trkpt>
      <trkpt lat="48.66" lon="-1.4853">
        <ele>4</ele>
      </trkpt>
      <trkpt lat="48.66002" lon="-1.48537">
        <ele>4</ele>
      </trkpt>
      <trkpt lat="48.66004" lon="-1.48545">
        <ele>4</ele>
      </trkpt>
      <trkpt lat="48.66006" lon="-1.48552">
        <ele>4</ele>
      </trkpt>
      <trkpt lat="48.66008" lon="-1.4856">
        <ele>4</ele>
      </trkpt>
      <trkpt lat="48.66011" lon="-1.48567">
        <ele>4</ele>
      </trkpt>
      <trkpt lat="48.66013" lon="-1.48575">
        <ele>4</ele>
      </trkpt>
      <trkpt lat="48.66015" lon="-1.48582">
        <ele>4</ele>
      </trkpt>
      <trkpt lat="48.66017" lon="-1.4859">
        <ele>4</ele>
      </trkpt>
      <trkpt lat="48.66019" lon="-1.48597">
        <ele>4</ele>
      </trkpt>
      <trkpt lat="48.66021" lon="-1.48606">
        <ele>4</ele>
      </trkpt>
      <trkpt lat="48.66023" lon="-1.48615">
        <ele>4</ele>
      </trkpt>
      <trkpt lat="48.66025" lon="-1.48624">
        <ele>4</ele>
      </trkpt>
      <trkpt lat="48.66027" lon="-1.48632">
        <ele>4</ele>
      </trkpt>
      <trkpt lat="48.66029" lon="-1.48641">
        <ele>4</ele>
      </trkpt>
      <trkpt lat="48.66031" lon="-1.4865">
        <ele>4</ele>
      </trkpt>
      <trkpt lat="48.66033" lon="-1.48659">
        <ele>4</ele>
      </trkpt>
      <trkpt lat="48.66035" lon="-1.48668">
        <ele>4</ele>
      </trkpt>
      <trkpt lat="48.66037" lon="-1.48677">
        <ele>4</ele>
      </trkpt>
      <trkpt lat="48.66039" lon="-1.48686">
        <ele>4</ele>
      </trkpt>
      <trkpt lat="48.66041" lon="-1.48695">
        <ele>4</ele>
      </trkpt>
      <trkpt lat="48.66042" lon="-1.48703">
        <ele>4</ele>
      </trkpt>
      <trkpt lat="48.66044" lon="-1.48712">
        <ele>4</ele>
      </trkpt>
      <trkpt lat="48.66046" lon="-1.48721">
        <ele>4</ele>
      </trkpt>
      <trkpt lat="48.66048" lon="-1.4873">
        <ele>4</ele>
      </trkpt>
      <trkpt lat="48.6605" lon="-1.48739">
        <ele>4</ele>
      </trkpt>
      <trkpt lat="48.66052" lon="-1.48748">
        <ele>4</ele>
      </trkpt>
      <trkpt lat="48.66054" lon="-1.48757">
        <ele>4</ele>
      </trkpt>
      <trkpt lat="48.66056" lon="-1.48765">
        <ele>4</ele>
      </trkpt>
      <trkpt lat="48.66058" lon="-1.48774">
        <ele>4</ele>
      </trkpt>
      <trkpt lat="48.6606" lon="-1.48783">
        <ele>4</ele>
      </trkpt>
      <trkpt lat="48.66062" lon="-1.48792">
        <ele>4</ele>
      </trkpt>
      <trkpt lat="48.66064" lon="-1.48801">
        <ele>4</ele>
      </trkpt>
      <trkpt lat="48.66066" lon="-1.4881">
        <ele>4</ele>
      </trkpt>
      <trkpt lat="48.66068" lon="-1.48819">
        <ele>4</ele>
      </trkpt>
      <trkpt lat="48.6607" lon="-1.48827">
        <ele>4</ele>
      </trkpt>
      <trkpt lat="48.66072" lon="-1.48836">
        <ele>4</ele>
      </trkpt>
      <trkpt lat="48.66074" lon="-1.48845">
        <ele>4</ele>
      </trkpt>
      <trkpt lat="48.66076" lon="-1.48854">
        <ele>4</ele>
      </trkpt>
      <trkpt lat="48.66078" lon="-1.48863">
        <ele>4</ele>
      </trkpt>
      <trkpt lat="48.6608" lon="-1.48872">
        <ele>4</ele>
      </trkpt>
      <trkpt lat="48.66082" lon="-1.48881">
        <ele>4</ele>
      </trkpt>
      <trkpt lat="48.66084" lon="-1.48889">
        <ele>4</ele>
      </trkpt>
      <trkpt lat="48.66085" lon="-1.48898">
        <ele>3.9</ele>
      </trkpt>
      <trkpt lat="48.66087" lon="-1.48907">
        <ele>3.9</ele>
      </trkpt>
      <trkpt lat="48.66089" lon="-1.48916">
        <ele>3.8</ele>
      </trkpt>
      <trkpt lat="48.66091" lon="-1.48925">
        <ele>3.7</ele>
      </trkpt>
      <trkpt lat="48.66093" lon="-1.48934">
        <ele>3.6</ele>
      </trkpt>
      <trkpt lat="48.66095" lon="-1.48943">
        <ele>3.6</ele>
      </trkpt>
      <trkpt lat="48.66097" lon="-1.48951">
        <ele>3.4</ele>
      </trkpt>
      <trkpt lat="48.66099" lon="-1.4896">
        <ele>3.2</ele>
      </trkpt>
      <trkpt lat="48.66101" lon="-1.48969">
        <ele>3</ele>
      </trkpt>
      <trkpt lat="48.66103" lon="-1.48978">
        <ele>3</ele>
      </trkpt>
      <trkpt lat="48.66105" lon="-1.48987">
        <ele>3</ele>
      </trkpt>
      <trkpt lat="48.66107" lon="-1.48996">
        <ele>3</ele>
      </trkpt>
      <trkpt lat="48.66109" lon="-1.49005">
        <ele>3</ele>
      </trkpt>
      <trkpt lat="48.66111" lon="-1.49013">
        <ele>3</ele>
      </trkpt>
      <trkpt lat="48.66113" lon="-1.49022">
        <ele>3</ele>
      </trkpt>
      <trkpt lat="48.66115" lon="-1.49031">
        <ele>3</ele>
      </trkpt>
      <trkpt lat="48.66117" lon="-1.4904">
        <ele>3</ele>
      </trkpt>
      <trkpt lat="48.66119" lon="-1.49049">
        <ele>3</ele>
      </trkpt>
      <trkpt lat="48.66121" lon="-1.49058">
        <ele>3</ele>
      </trkpt>
      <trkpt lat="48.66123" lon="-1.49067">
        <ele>3</ele>
      </trkpt>
      <trkpt lat="48.66125" lon="-1.49075">
        <ele>3</ele>
      </trkpt>
      <trkpt lat="48.66126" lon="-1.49084">
        <ele>3</ele>
      </trkpt>
      <trkpt lat="48.66128" lon="-1.49093">
        <ele>3</ele>
      </trkpt>
      <trkpt lat="48.6613" lon="-1.49102">
        <ele>3</ele>
      </trkpt>
      <trkpt lat="48.66132" lon="-1.49111">
        <ele>3</ele>
      </trkpt>
      <trkpt lat="48.66134" lon="-1.4912">
        <ele>3</ele>
      </trkpt>
      <trkpt lat="48.66136" lon="-1.49129">
        <ele>3</ele>
      </trkpt>
      <trkpt lat="48.66138" lon="-1.49137">
        <ele>3</ele>
      </trkpt>
      <trkpt lat="48.6614" lon="-1.49146">
        <ele>3</ele>
      </trkpt>
      <trkpt lat="48.66142" lon="-1.49155">
        <ele>3</ele>
      </trkpt>
      <trkpt lat="48.66144" lon="-1.49164">
        <ele>3</ele>
      </trkpt>
      <trkpt lat="48.66147" lon="-1.49172">
        <ele>3</ele>
      </trkpt>
      <trkpt lat="48.6615" lon="-1.4918">
        <ele>3</ele>
      </trkpt>
      <trkpt lat="48.66154" lon="-1.49188">
        <ele>3</ele>
      </trkpt>
      <trkpt lat="48.66157" lon="-1.49196">
        <ele>3</ele>
      </trkpt>
      <trkpt lat="48.6616" lon="-1.49204">
        <ele>3</ele>
      </trkpt>
      <trkpt lat="48.66163" lon="-1.49212">
        <ele>3</ele>
      </trkpt>
      <trkpt lat="48.66166" lon="-1.4922">
        <ele>3</ele>
      </trkpt>
      <trkpt lat="48.6617" lon="-1.49228">
        <ele>3</ele>
      </trkpt>
      <trkpt lat="48.66173" lon="-1.49236">
        <ele>3</ele>
      </trkpt>
      <trkpt lat="48.66176" lon="-1.49244">
        <ele>3</ele>
      </trkpt>
      <trkpt lat="48.66179" lon="-1.49252">
        <ele>3</ele>
      </trkpt>
      <trkpt lat="48.66182" lon="-1.4926">
        <ele>3</ele>
      </trkpt>
      <trkpt lat="48.66185" lon="-1.49268">
        <ele>3</ele>
      </trkpt>
      <trkpt lat="48.66189" lon="-1.49276">
        <ele>3</ele>
      </trkpt>
      <trkpt lat="48.66192" lon="-1.49285">
        <ele>3</ele>
      </trkpt>
      <trkpt lat="48.66195" lon="-1.49293">
        <ele>3</ele>
      </trkpt>
      <trkpt lat="48.66198" lon="-1.49301">
        <ele>3</ele>
      </trkpt>
      <trkpt lat="48.66201" lon="-1.49309">
        <ele>3</ele>
      </trkpt>
      <trkpt lat="48.66205" lon="-1.49317">
        <ele>3</ele>
      </trkpt>
      <trkpt lat="48.66208" lon="-1.49325">
        <ele>3</ele>
      </trkpt>
      <trkpt lat="48.66211" lon="-1.49333">
        <ele>3</ele>
      </trkpt>
      <trkpt lat="48.66214" lon="-1.49341">
        <ele>3</ele>
      </trkpt>
      <trkpt lat="48.66217" lon="-1.49349">
        <ele>3</ele>
      </trkpt>
      <trkpt lat="48.66221" lon="-1.49357">
        <ele>3</ele>
      </trkpt>
      <trkpt lat="48.66224" lon="-1.49365">
        <ele>2.9</ele>
      </trkpt>
      <trkpt lat="48.66227" lon="-1.49373">
        <ele>2.8</ele>
      </trkpt>
      <trkpt lat="48.6623" lon="-1.49381">
        <ele>2.7</ele>
      </trkpt>
      <trkpt lat="48.66233" lon="-1.49389">
        <ele>2.6</ele>
      </trkpt>
      <trkpt lat="48.66236" lon="-1.49397">
        <ele>2.3</ele>
      </trkpt>
      <trkpt lat="48.6624" lon="-1.49405">
        <ele>2.2</ele>
      </trkpt>
      <trkpt lat="48.66243" lon="-1.49413">
        <ele>2</ele>
      </trkpt>
      <trkpt lat="48.66246" lon="-1.49421">
        <ele>2</ele>
      </trkpt>
      <trkpt lat="48.66247" lon="-1.49432">
        <ele>2</ele>
      </trkpt>
      <trkpt lat="48.66249" lon="-1.49443">
        <ele>2</ele>
      </trkpt>
      <trkpt lat="48.6625" lon="-1.49453">
        <ele>2</ele>
      </trkpt>
      <trkpt lat="48.66251" lon="-1.49464">
        <ele>2</ele>
      </trkpt>
      <trkpt lat="48.66252" lon="-1.49475">
        <ele>2</ele>
      </trkpt>
      <trkpt lat="48.66253" lon="-1.49485">
        <ele>2</ele>
      </trkpt>
      <trkpt lat="48.66255" lon="-1.49496">
        <ele>2</ele>
      </trkpt>
      <trkpt lat="48.66256" lon="-1.49507">
        <ele>2</ele>
      </trkpt>
      <trkpt lat="48.66257" lon="-1.49518">
        <ele>2</ele>
      </trkpt>
      <trkpt lat="48.66258" lon="-1.49528">
        <ele>2</ele>
      </trkpt>
      <trkpt lat="48.6626" lon="-1.49539">
        <ele>2</ele>
      </trkpt>
      <trkpt lat="48.66261" lon="-1.4955">
        <ele>2</ele>
      </trkpt>
      <trkpt lat="48.66262" lon="-1.49561">
        <ele>2</ele>
      </trkpt>
      <trkpt lat="48.66263" lon="-1.49571">
        <ele>2</ele>
      </trkpt>
      <trkpt lat="48.66265" lon="-1.49582">
        <ele>2</ele>
      </trkpt>
      <trkpt lat="48.66266" lon="-1.49593">
        <ele>2</ele>
      </trkpt>
      <trkpt lat="48.66267" lon="-1.49604">
        <ele>2</ele>
      </trkpt>
      <trkpt lat="48.66268" lon="-1.49614">
        <ele>2</ele>
      </trkpt>
      <trkpt lat="48.6627" lon="-1.49625">
        <ele>2</ele>
      </trkpt>
      <trkpt lat="48.66271" lon="-1.49636">
        <ele>2</ele>
      </trkpt>
      <trkpt lat="48.66272" lon="-1.49646">
        <ele>2</ele>
      </trkpt>
      <trkpt lat="48.66273" lon="-1.49657">
        <ele>2</ele>
      </trkpt>
      <trkpt lat="48.66274" lon="-1.49668">
        <ele>2</ele>
      </trkpt>
      <trkpt lat="48.66276" lon="-1.49679">
        <ele>2</ele>
      </trkpt>
      <trkpt lat="48.66277" lon="-1.49689">
        <ele>2</ele>
      </trkpt>
      <trkpt lat="48.66278" lon="-1.497">
        <ele>2</ele>
      </trkpt>
      <trkpt lat="48.66279" lon="-1.49711">
        <ele>2</ele>
      </trkpt>
      <trkpt lat="48.66281" lon="-1.49722">
        <ele>2</ele>
      </trkpt>
      <trkpt lat="48.66282" lon="-1.49732">
        <ele>2</ele>
      </trkpt>
      <trkpt lat="48.66283" lon="-1.49743">
        <ele>2</ele>
      </trkpt>
      <trkpt lat="48.66284" lon="-1.49754">
        <ele>2</ele>
      </trkpt>
      <trkpt lat="48.66286" lon="-1.49765">
        <ele>2</ele>
      </trkpt>
      <trkpt lat="48.66287" lon="-1.49775">
        <ele>2</ele>
      </trkpt>
      <trkpt lat="48.66288" lon="-1.49786">
        <ele>2</ele>
      </trkpt>
      <trkpt lat="48.66289" lon="-1.49797">
        <ele>2</ele>
      </trkpt>
      <trkpt lat="48.6629" lon="-1.49807">
        <ele>2</ele>
      </trkpt>
      <trkpt lat="48.66292" lon="-1.49818">
        <ele>2</ele>
      </trkpt>
      <trkpt lat="48.66293" lon="-1.49829">
        <ele>2</ele>
      </trkpt>
      <trkpt lat="48.66294" lon="-1.4984">
        <ele>2</ele>
      </trkpt>
      <trkpt lat="48.66295" lon="-1.4985">
        <ele>2</ele>
      </trkpt>
      <trkpt lat="48.66297" lon="-1.49861">
        <ele>2</ele>
      </trkpt>
      <trkpt lat="48.66298" lon="-1.49872">
        <ele>2</ele>
      </trkpt>
      <trkpt lat="48.66299" lon="-1.49883">
        <ele>2</ele>
      </trkpt>
      <trkpt lat="48.663" lon="-1.49893">
        <ele>2</ele>
      </trkpt>
      <trkpt lat="48.66302" lon="-1.49904">
        <ele>2</ele>
      </trkpt>
      <trkpt lat="48.66303" lon="-1.49915">
        <ele>2</ele>
      </trkpt>
      <trkpt lat="48.66304" lon="-1.49926">
        <ele>2</ele>
      </trkpt>
      <trkpt lat="48.66305" lon="-1.49936">
        <ele>2</ele>
      </trkpt>
      <trkpt lat="48.66307" lon="-1.49947">
        <ele>2</ele>
      </trkpt>
      <trkpt lat="48.66308" lon="-1.49958">
        <ele>2</ele>
      </trkpt>
      <trkpt lat="48.66309" lon="-1.49969">
        <ele>2</ele>
      </trkpt>
      <trkpt lat="48.6631" lon="-1.49979">
        <ele>2</ele>
      </trkpt>
      <trkpt lat="48.66311" lon="-1.4999">
        <ele>2</ele>
      </trkpt>
      <trkpt lat="48.66313" lon="-1.50001">
        <ele>2</ele>
      </trkpt>
      <trkpt lat="48.66314" lon="-1.50011">
        <ele>2</ele>
      </trkpt>
      <trkpt lat="48.66315" lon="-1.50022">
        <ele>2</ele>
      </trkpt>
      <trkpt lat="48.66316" lon="-1.50033">
        <ele>2</ele>
      </trkpt>
      <trkpt lat="48.66318" lon="-1.50044">
        <ele>2</ele>
      </trkpt>
      <trkpt lat="48.66319" lon="-1.50054">
        <ele>2</ele>
      </trkpt>
      <trkpt lat="48.6632" lon="-1.50065">
        <ele>2</ele>
      </trkpt>
      <trkpt lat="48.66321" lon="-1.50076">
        <ele>2</ele>
      </trkpt>
      <trkpt lat="48.66323" lon="-1.50087">
        <ele>2</ele>
      </trkpt>
      <trkpt lat="48.66324" lon="-1.50097">
        <ele>2</ele>
      </trkpt>
      <trkpt lat="48.66325" lon="-1.50108">
        <ele>2</ele>
      </trkpt>
      <trkpt lat="48.66326" lon="-1.50119">
        <ele>2</ele>
      </trkpt>
      <trkpt lat="48.66327" lon="-1.50131">
        <ele>2</ele>
      </trkpt>
      <trkpt lat="48.66328" lon="-1.50142">
        <ele>2</ele>
      </trkpt>
      <trkpt lat="48.66329" lon="-1.50153">
        <ele>2</ele>
      </trkpt>
      <trkpt lat="48.6633" lon="-1.50164">
        <ele>2</ele>
      </trkpt>
      <trkpt lat="48.66331" lon="-1.50176">
        <ele>2</ele>
      </trkpt>
      <trkpt lat="48.66332" lon="-1.50187">
        <ele>2</ele>
      </trkpt>
      <trkpt lat="48.66334" lon="-1.50198">
        <ele>2</ele>
      </trkpt>
      <trkpt lat="48.66335" lon="-1.50209">
        <ele>2</ele>
      </trkpt>
      <trkpt lat="48.66336" lon="-1.50221">
        <ele>2</ele>
      </trkpt>
      <trkpt lat="48.66337" lon="-1.50232">
        <ele>2</ele>
      </trkpt>
      <trkpt lat="48.66338" lon="-1.50243">
        <ele>2.1</ele>
      </trkpt>
      <trkpt lat="48.66339" lon="-1.50254">
        <ele>2.2</ele>
      </trkpt>
      <trkpt lat="48.6634" lon="-1.50266">
        <ele>2.2</ele>
      </trkpt>
      <trkpt lat="48.66341" lon="-1.50277">
        <ele>2.3</ele>
      </trkpt>
      <trkpt lat="48.66342" lon="-1.50288">
        <ele>2.3</ele>
      </trkpt>
      <trkpt lat="48.66343" lon="-1.50299">
        <ele>2.4</ele>
      </trkpt>
      <trkpt lat="48.66344" lon="-1.50311">
        <ele>2.5</ele>
      </trkpt>
      <trkpt lat="48.66345" lon="-1.50322">
        <ele>2.8</ele>
      </trkpt>
      <trkpt lat="48.66346" lon="-1.50333">
        <ele>3</ele>
      </trkpt>
      <trkpt lat="48.66347" lon="-1.50344">
        <ele>3</ele>
      </trkpt>
      <trkpt lat="48.66348" lon="-1.50356">
        <ele>3</ele>
      </trkpt>
      <trkpt lat="48.66349" lon="-1.50367">
        <ele>3</ele>
      </trkpt>
      <trkpt lat="48.66351" lon="-1.50378">
        <ele>3</ele>
      </trkpt>
      <trkpt lat="48.66352" lon="-1.50389">
        <ele>3</ele>
      </trkpt>
      <trkpt lat="48.66353" lon="-1.50401">
        <ele>3</ele>
      </trkpt>
      <trkpt lat="48.66354" lon="-1.50412">
        <ele>3</ele>
      </trkpt>
      <trkpt lat="48.66355" lon="-1.50423">
        <ele>3</ele>
      </trkpt>
      <trkpt lat="48.66356" lon="-1.50434">
        <ele>3</ele>
      </trkpt>
      <trkpt lat="48.66357" lon="-1.50446">
        <ele>3</ele>
      </trkpt>
      <trkpt lat="48.66358" lon="-1.50457">
        <ele>3</ele>
      </trkpt>
      <trkpt lat="48.66359" lon="-1.50468">
        <ele>3</ele>
      </trkpt>
      <trkpt lat="48.66359" lon="-1.50477">
        <ele>3</ele>
      </trkpt>
      <trkpt lat="48.66358" lon="-1.50486">
        <ele>3</ele>
      </trkpt>
      <trkpt lat="48.66358" lon="-1.50495">
        <ele>3</ele>
      </trkpt>
      <trkpt lat="48.66358" lon="-1.50503">
        <ele>3</ele>
      </trkpt>
      <trkpt lat="48.66357" lon="-1.50512">
        <ele>3</ele>
      </trkpt>
      <trkpt lat="48.66357" lon="-1.50521">
        <ele>3</ele>
      </trkpt>
      <trkpt lat="48.66357" lon="-1.5053">
        <ele>3</ele>
      </trkpt>
      <trkpt lat="48.66356" lon="-1.50539">
        <ele>3</ele>
      </trkpt>
      <trkpt lat="48.66356" lon="-1.50548">
        <ele>3</ele>
      </trkpt>
      <trkpt lat="48.66355" lon="-1.50557">
        <ele>3</ele>
      </trkpt>
      <trkpt lat="48.66355" lon="-1.50566">
        <ele>3</ele>
      </trkpt>
      <trkpt lat="48.66355" lon="-1.50574">
        <ele>3</ele>
      </trkpt>
      <trkpt lat="48.66354" lon="-1.50583">
        <ele>3</ele>
      </trkpt>
      <trkpt lat="48.66354" lon="-1.50592">
        <ele>3</ele>
      </trkpt>
      <trkpt lat="48.66354" lon="-1.50601">
        <ele>3</ele>
      </trkpt>
      <trkpt lat="48.66353" lon="-1.5061">
        <ele>3</ele>
      </trkpt>
      <trkpt lat="48.66353" lon="-1.50619">
        <ele>3</ele>
      </trkpt>
      <trkpt lat="48.66353" lon="-1.50628">
        <ele>3</ele>
      </trkpt>
      <trkpt lat="48.66352" lon="-1.50636">
        <ele>3</ele>
      </trkpt>
      <trkpt lat="48.66352" lon="-1.50645">
        <ele>3</ele>
      </trkpt>
      <trkpt lat="48.66352" lon="-1.50654">
        <ele>3</ele>
      </trkpt>
      <trkpt lat="48.66351" lon="-1.50663">
        <ele>3</ele>
      </trkpt>
      <trkpt lat="48.66351" lon="-1.50672">
        <ele>3</ele>
      </trkpt>
      <trkpt lat="48.6635" lon="-1.50681">
        <ele>3</ele>
      </trkpt>
      <trkpt lat="48.6635" lon="-1.5069">
        <ele>3</ele>
      </trkpt>
      <trkpt lat="48.6635" lon="-1.50698">
        <ele>3</ele>
      </trkpt>
      <trkpt lat="48.66349" lon="-1.50707">
        <ele>3</ele>
      </trkpt>
      <trkpt lat="48.66349" lon="-1.50716">
        <ele>3</ele>
      </trkpt>
      <trkpt lat="48.66349" lon="-1.50725">
        <ele>3</ele>
      </trkpt>
      <trkpt lat="48.66348" lon="-1.50734">
        <ele>3</ele>
      </trkpt>
      <trkpt lat="48.66348" lon="-1.50743">
        <ele>3</ele>
      </trkpt>
      <trkpt lat="48.66348" lon="-1.50752">
        <ele>3</ele>
      </trkpt>
      <trkpt lat="48.66347" lon="-1.5076">
        <ele>3</ele>
      </trkpt>
      <trkpt lat="48.66347" lon="-1.50769">
        <ele>3</ele>
      </trkpt>
      <trkpt lat="48.66346" lon="-1.50778">
        <ele>3</ele>
      </trkpt>
      <trkpt lat="48.66346" lon="-1.50787">
        <ele>3</ele>
      </trkpt>
      <trkpt lat="48.66346" lon="-1.50796">
        <ele>3</ele>
      </trkpt>
      <trkpt lat="48.66345" lon="-1.50805">
        <ele>3</ele>
      </trkpt>
      <trkpt lat="48.66345" lon="-1.50814">
        <ele>3</ele>
      </trkpt>
      <trkpt lat="48.66345" lon="-1.50822">
        <ele>3</ele>
      </trkpt>
      <trkpt lat="48.66344" lon="-1.50831">
        <ele>3</ele>
      </trkpt>
      <trkpt lat="48.66344" lon="-1.5084">
        <ele>3</ele>
      </trkpt>
      <trkpt lat="48.66344" lon="-1.50849">
        <ele>3</ele>
      </trkpt>
      <trkpt lat="48.66343" lon="-1.50858">
        <ele>3</ele>
      </trkpt>
      <trkpt lat="48.66343" lon="-1.50867">
        <ele>3</ele>
      </trkpt>
      <trkpt lat="48.66343" lon="-1.50876">
        <ele>3</ele>
      </trkpt>
      <trkpt lat="48.66342" lon="-1.50884">
        <ele>3</ele>
      </trkpt>
      <trkpt lat="48.66342" lon="-1.50893">
        <ele>3</ele>
      </trkpt>
      <trkpt lat="48.66341" lon="-1.50902">
        <ele>3</ele>
      </trkpt>
      <trkpt lat="48.66341" lon="-1.50911">
        <ele>3</ele>
      </trkpt>
      <trkpt lat="48.66341" lon="-1.5092">
        <ele>3</ele>
      </trkpt>
      <trkpt lat="48.6634" lon="-1.50929">
        <ele>3</ele>
      </trkpt>
      <trkpt lat="48.6634" lon="-1.50938">
        <ele>3</ele>
      </trkpt>
      <trkpt lat="48.6634" lon="-1.50946">
        <ele>3</ele>
      </trkpt>
      <trkpt lat="48.66339" lon="-1.50955">
        <ele>3</ele>
      </trkpt>
      <trkpt lat="48.66339" lon="-1.50964">
        <ele>3</ele>
      </trkpt>
      <trkpt lat="48.66339" lon="-1.50973">
        <ele>3</ele>
      </trkpt>
      <trkpt lat="48.66338" lon="-1.50982">
        <ele>3</ele>
      </trkpt>
      <trkpt lat="48.66338" lon="-1.50991">
        <ele>3</ele>
      </trkpt>
      <trkpt lat="48.66337" lon="-1.51">
        <ele>3</ele>
      </trkpt>
      <trkpt lat="48.66337" lon="-1.51008">
        <ele>3</ele>
      </trkpt>
      <trkpt lat="48.66337" lon="-1.51017">
        <ele>3</ele>
      </trkpt>
      <trkpt lat="48.66336" lon="-1.51026">
        <ele>3</ele>
      </trkpt>
      <trkpt lat="48.66336" lon="-1.51035">
        <ele>2.8</ele>
      </trkpt>
      <trkpt lat="48.66334" lon="-1.51045">
        <ele>2.4</ele>
      </trkpt>
      <trkpt lat="48.66333" lon="-1.51055">
        <ele>2</ele>
      </trkpt>
      <trkpt lat="48.66331" lon="-1.51066">
        <ele>2</ele>
      </trkpt>
      <trkpt lat="48.66329" lon="-1.51076">
        <ele>2</ele>
      </trkpt>
      <trkpt lat="48.66327" lon="-1.51086">
        <ele>2</ele>
      </trkpt>
      <trkpt lat="48.66326" lon="-1.51096">
        <ele>2</ele>
      </trkpt>
      <trkpt lat="48.66324" lon="-1.51106">
        <ele>2</ele>
      </trkpt>
      <trkpt lat="48.66322" lon="-1.51117">
        <ele>2</ele>
      </trkpt>
      <trkpt lat="48.6632" lon="-1.51127">
        <ele>2</ele>
      </trkpt>
      <trkpt lat="48.66319" lon="-1.51137">
        <ele>2</ele>
      </trkpt>
      <trkpt lat="48.66317" lon="-1.51147">
        <ele>1.8</ele>
      </trkpt>
      <trkpt lat="48.66315" lon="-1.51157">
        <ele>1.6</ele>
      </trkpt>
      <trkpt lat="48.66313" lon="-1.51167">
        <ele>1.3</ele>
      </trkpt>
      <trkpt lat="48.66312" lon="-1.51178">
        <ele>1.2</ele>
      </trkpt>
      <trkpt lat="48.6631" lon="-1.51188">
        <ele>1.1</ele>
      </trkpt>
      <trkpt lat="48.66308" lon="-1.51198">
        <ele>1.1</ele>
      </trkpt>
      <trkpt lat="48.66306" lon="-1.51208">
        <ele>1</ele>
      </trkpt>
      <trkpt lat="48.66305" lon="-1.51218">
        <ele>1</ele>
      </trkpt>
      <trkpt lat="48.66303" lon="-1.51229">
        <ele>1</ele>
      </trkpt>
      <trkpt lat="48.66301" lon="-1.51239">
        <ele>1</ele>
      </trkpt>
      <trkpt lat="48.66299" lon="-1.51249">
        <ele>1</ele>
      </trkpt>
      <trkpt lat="48.66298" lon="-1.51259">
        <ele>1</ele>
      </trkpt>
      <trkpt lat="48.66296" lon="-1.51269">
        <ele>1</ele>
      </trkpt>
      <trkpt lat="48.66294" lon="-1.5128">
        <ele>1</ele>
      </trkpt>
      <trkpt lat="48.66292" lon="-1.5129">
        <ele>1</ele>
      </trkpt>
      <trkpt lat="48.66291" lon="-1.513">
        <ele>1</ele>
      </trkpt>
      <trkpt lat="48.66289" lon="-1.5131">
        <ele>1</ele>
      </trkpt>
      <trkpt lat="48.66287" lon="-1.5132">
        <ele>1</ele>
      </trkpt>
      <trkpt lat="48.66285" lon="-1.5133">
        <ele>1</ele>
      </trkpt>
      <trkpt lat="48.66284" lon="-1.51341">
        <ele>1</ele>
      </trkpt>
      <trkpt lat="48.66282" lon="-1.51351">
        <ele>1</ele>
      </trkpt>
      <trkpt lat="48.6628" lon="-1.51361">
        <ele>1</ele>
      </trkpt>
      <trkpt lat="48.66274" lon="-1.51367">
        <ele>1</ele>
      </trkpt>
      <trkpt lat="48.66267" lon="-1.51374">
        <ele>1</ele>
      </trkpt>
      <trkpt lat="48.66261" lon="-1.5138">
        <ele>1</ele>
      </trkpt>
      <trkpt lat="48.66255" lon="-1.51387">
        <ele>1</ele>
      </trkpt>
      <trkpt lat="48.66248" lon="-1.51393">
        <ele>1</ele>
      </trkpt>
      <trkpt lat="48.66242" lon="-1.514">
        <ele>1</ele>
      </trkpt>
      <trkpt lat="48.66235" lon="-1.51406">
        <ele>1</ele>
      </trkpt>
      <trkpt lat="48.66229" lon="-1.51413">
        <ele>1</ele>
      </trkpt>
      <trkpt lat="48.66223" lon="-1.51419">
        <ele>1</ele>
      </trkpt>
      <trkpt lat="48.66216" lon="-1.51425">
        <ele>1</ele>
      </trkpt>
      <trkpt lat="48.6621" lon="-1.51432">
        <ele>1</ele>
      </trkpt>
      <trkpt lat="48.66204" lon="-1.51438">
        <ele>1</ele>
      </trkpt>
      <trkpt lat="48.66197" lon="-1.51445">
        <ele>1</ele>
      </trkpt>
      <trkpt lat="48.66191" lon="-1.51451">
        <ele>1</ele>
      </trkpt>
      <trkpt lat="48.66184" lon="-1.51458">
        <ele>1</ele>
      </trkpt>
      <trkpt lat="48.66178" lon="-1.51464">
        <ele>1</ele>
      </trkpt>
      <trkpt lat="48.66171" lon="-1.51466">
        <ele>1</ele>
      </trkpt>
      <trkpt lat="48.66164" lon="-1.51468">
        <ele>1</ele>
      </trkpt>
      <trkpt lat="48.66157" lon="-1.5147">
        <ele>1</ele>
      </trkpt>
      <trkpt lat="48.6615" lon="-1.51473">
        <ele>1</ele>
      </trkpt>
      <trkpt lat="48.66142" lon="-1.51475">
        <ele>1</ele>
      </trkpt>
      <trkpt lat="48.66135" lon="-1.51477">
        <ele>1</ele>
      </trkpt>
      <trkpt lat="48.66128" lon="-1.51479">
        <ele>1</ele>
      </trkpt>
      <trkpt lat="48.66121" lon="-1.51481">
        <ele>1</ele>
      </trkpt>
      <trkpt lat="48.66114" lon="-1.51483">
        <ele>1</ele>
      </trkpt>
      <trkpt lat="48.66107" lon="-1.51485">
        <ele>1</ele>
      </trkpt>
      <trkpt lat="48.661" lon="-1.51487">
        <ele>1</ele>
      </trkpt>
      <trkpt lat="48.66093" lon="-1.5149">
        <ele>1</ele>
      </trkpt>
      <trkpt lat="48.66085" lon="-1.51492">
        <ele>1</ele>
      </trkpt>
      <trkpt lat="48.66078" lon="-1.51494">
        <ele>1</ele>
      </trkpt>
      <trkpt lat="48.66071" lon="-1.51496">
        <ele>1.1</ele>
      </trkpt>
      <trkpt lat="48.66064" lon="-1.51498">
        <ele>1.1</ele>
      </trkpt>
      <trkpt lat="48.66058" lon="-1.51505">
        <ele>1</ele>
      </trkpt>
      <trkpt lat="48.66053" lon="-1.51511">
        <ele>1.1</ele>
      </trkpt>
      <trkpt lat="48.66047" lon="-1.51518">
        <ele>1.1</ele>
      </trkpt>
      <trkpt lat="48.66042" lon="-1.51524">
        <ele>1.1</ele>
      </trkpt>
      <trkpt lat="48.66036" lon="-1.51531">
        <ele>1</ele>
      </trkpt>
      <trkpt lat="48.6603" lon="-1.51537">
        <ele>1</ele>
      </trkpt>
      <trkpt lat="48.66025" lon="-1.51544">
        <ele>1</ele>
      </trkpt>
      <trkpt lat="48.66019" lon="-1.5155">
        <ele>1</ele>
      </trkpt>
      <trkpt lat="48.66014" lon="-1.5156">
        <ele>1</ele>
      </trkpt>
      <trkpt lat="48.66009" lon="-1.51569">
        <ele>1</ele>
      </trkpt>
      <trkpt lat="48.66004" lon="-1.51579">
        <ele>1</ele>
      </trkpt>
      <trkpt lat="48.65999" lon="-1.51589">
        <ele>1</ele>
      </trkpt>
      <trkpt lat="48.65994" lon="-1.51598">
        <ele>1</ele>
      </trkpt>
      <trkpt lat="48.65989" lon="-1.51608">
        <ele>1</ele>
      </trkpt>
      <trkpt lat="48.65984" lon="-1.51617">
        <ele>1</ele>
      </trkpt>
      <trkpt lat="48.6598" lon="-1.51627">
        <ele>1</ele>
      </trkpt>
      <trkpt lat="48.65975" lon="-1.51637">
        <ele>1</ele>
      </trkpt>
      <trkpt lat="48.6597" lon="-1.51646">
        <ele>1</ele>
      </trkpt>
      <trkpt lat="48.65965" lon="-1.51656">
        <ele>1</ele>
      </trkpt>
      <trkpt lat="48.6596" lon="-1.51666">
        <ele>1</ele>
      </trkpt>
      <trkpt lat="48.65955" lon="-1.51675">
        <ele>1</ele>
      </trkpt>
      <trkpt lat="48.6595" lon="-1.51685">
        <ele>1</ele>
      </trkpt>
      <trkpt lat="48.65945" lon="-1.51694">
        <ele>1</ele>
      </trkpt>
      <trkpt lat="48.6594" lon="-1.51704">
        <ele>1</ele>
      </trkpt>
      <trkpt lat="48.65933" lon="-1.51699">
        <ele>1</ele>
      </trkpt>
      <trkpt lat="48.65926" lon="-1.51694">
        <ele>1</ele>
      </trkpt>
      <trkpt lat="48.65918" lon="-1.51689">
        <ele>1</ele>
      </trkpt>
      <trkpt lat="48.65911" lon="-1.51684">
        <ele>1</ele>
      </trkpt>
      <trkpt lat="48.65904" lon="-1.51678">
        <ele>1</ele>
      </trkpt>
      <trkpt lat="48.65897" lon="-1.51673">
        <ele>1</ele>
      </trkpt>
      <trkpt lat="48.65889" lon="-1.51668">
        <ele>1</ele>
      </trkpt>
      <trkpt lat="48.65882" lon="-1.51663">
        <ele>1</ele>
      </trkpt>
      <trkpt lat="48.65876" lon="-1.51659">
        <ele>1</ele>
      </trkpt>
      <trkpt lat="48.65871" lon="-1.51654">
        <ele>1</ele>
      </trkpt>
      <trkpt lat="48.65865" lon="-1.5165">
        <ele>1</ele>
      </trkpt>
      <trkpt lat="48.65859" lon="-1.51646">
        <ele>1</ele>
      </trkpt>
      <trkpt lat="48.65854" lon="-1.51642">
        <ele>1</ele>
      </trkpt>
      <trkpt lat="48.65848" lon="-1.51637">
        <ele>1</ele>
      </trkpt>
      <trkpt lat="48.65842" lon="-1.51633">
        <ele>1</ele>
      </trkpt>
      <trkpt lat="48.65837" lon="-1.51629">
        <ele>1</ele>
      </trkpt>
      <trkpt lat="48.65831" lon="-1.51625">
        <ele>1</ele>
      </trkpt>
      <trkpt lat="48.65825" lon="-1.5162">
        <ele>1</ele>
      </trkpt>
      <trkpt lat="48.65819" lon="-1.51616">
        <ele>1</ele>
      </trkpt>
      <trkpt lat="48.65814" lon="-1.51612">
        <ele>1</ele>
      </trkpt>
      <trkpt lat="48.65808" lon="-1.51607">
        <ele>1</ele>
      </trkpt>
      <trkpt lat="48.65802" lon="-1.51603">
        <ele>1</ele>
      </trkpt>
      <trkpt lat="48.65797" lon="-1.51599">
        <ele>1</ele>
      </trkpt>
      <trkpt lat="48.65791" lon="-1.51595">
        <ele>1</ele>
      </trkpt>
      <trkpt lat="48.65785" lon="-1.5159">
        <ele>1</ele>
      </trkpt>
      <trkpt lat="48.6578" lon="-1.51586">
        <ele>1</ele>
      </trkpt>
      <trkpt lat="48.65774" lon="-1.51582">
        <ele>1</ele>
      </trkpt>
      <trkpt lat="48.65768" lon="-1.51577">
        <ele>1</ele>
      </trkpt>
      <trkpt lat="48.65763" lon="-1.51573">
        <ele>1</ele>
      </trkpt>
      <trkpt lat="48.65757" lon="-1.51569">
        <ele>1</ele>
      </trkpt>
      <trkpt lat="48.65751" lon="-1.51565">
        <ele>1</ele>
      </trkpt>
      <trkpt lat="48.65746" lon="-1.5156">
        <ele>1</ele>
      </trkpt>
      <trkpt lat="48.6574" lon="-1.51556">
        <ele>1</ele>
      </trkpt>
      <trkpt lat="48.65734" lon="-1.51552">
        <ele>1</ele>
      </trkpt>
      <trkpt lat="48.65728" lon="-1.51547">
        <ele>1</ele>
      </trkpt>
      <trkpt lat="48.65723" lon="-1.51543">
        <ele>1</ele>
      </trkpt>
      <trkpt lat="48.65717" lon="-1.51539">
        <ele>1</ele>
      </trkpt>
      <trkpt lat="48.65711" lon="-1.51535">
        <ele>1</ele>
      </trkpt>
      <trkpt lat="48.65706" lon="-1.5153">
        <ele>1</ele>
      </trkpt>
      <trkpt lat="48.657" lon="-1.51526">
        <ele>1</ele>
      </trkpt>
      <trkpt lat="48.65696" lon="-1.51522">
        <ele>1</ele>
      </trkpt>
      <trkpt lat="48.65692" lon="-1.51518">
        <ele>1</ele>
      </trkpt>
      <trkpt lat="48.65688" lon="-1.51515">
        <ele>1</ele>
      </trkpt>
      <trkpt lat="48.65685" lon="-1.51511">
        <ele>1</ele>
      </trkpt>
      <trkpt lat="48.65681" lon="-1.51507">
        <ele>1</ele>
      </trkpt>
      <trkpt lat="48.65677" lon="-1.51503">
        <ele>1</ele>
      </trkpt>
      <trkpt lat="48.65673" lon="-1.515">
        <ele>1</ele>
      </trkpt>
      <trkpt lat="48.65669" lon="-1.51496">
        <ele>1</ele>
      </trkpt>
      <trkpt lat="48.65665" lon="-1.51492">
        <ele>1</ele>
      </trkpt>
      <trkpt lat="48.65661" lon="-1.51488">
        <ele>1</ele>
      </trkpt>
      <trkpt lat="48.65657" lon="-1.51484">
        <ele>1</ele>
      </trkpt>
      <trkpt lat="48.65654" lon="-1.51481">
        <ele>1</ele>
      </trkpt>
      <trkpt lat="48.6565" lon="-1.51477">
        <ele>1</ele>
      </trkpt>
      <trkpt lat="48.65646" lon="-1.51473">
        <ele>1</ele>
      </trkpt>
      <trkpt lat="48.65642" lon="-1.51469">
        <ele>1</ele>
      </trkpt>
      <trkpt lat="48.65638" lon="-1.51466">
        <ele>1</ele>
      </trkpt>
      <trkpt lat="48.65634" lon="-1.51462">
        <ele>1</ele>
      </trkpt>
      <trkpt lat="48.6563" lon="-1.51458">
        <ele>1</ele>
      </trkpt>
      <trkpt lat="48.65626" lon="-1.51454">
        <ele>1</ele>
      </trkpt>
      <trkpt lat="48.65623" lon="-1.5145">
        <ele>1</ele>
      </trkpt>
      <trkpt lat="48.65619" lon="-1.51447">
        <ele>1</ele>
      </trkpt>
      <trkpt lat="48.65615" lon="-1.51443">
        <ele>1</ele>
      </trkpt>
      <trkpt lat="48.65611" lon="-1.51439">
        <ele>1</ele>
      </trkpt>
      <trkpt lat="48.65607" lon="-1.51435">
        <ele>1</ele>
      </trkpt>
      <trkpt lat="48.65603" lon="-1.51432">
        <ele>1.1</ele>
      </trkpt>
      <trkpt lat="48.65599" lon="-1.51428">
        <ele>1.3</ele>
      </trkpt>
      <trkpt lat="48.65595" lon="-1.51424">
        <ele>1.4</ele>
      </trkpt>
      <trkpt lat="48.65592" lon="-1.5142">
        <ele>1.6</ele>
      </trkpt>
      <trkpt lat="48.65588" lon="-1.51416">
        <ele>1.8</ele>
      </trkpt>
      <trkpt lat="48.65584" lon="-1.51413">
        <ele>1.8</ele>
      </trkpt>
      <trkpt lat="48.6558" lon="-1.51409">
        <ele>1.8</ele>
      </trkpt>
      <trkpt lat="48.65576" lon="-1.51405">
        <ele>1.7</ele>
      </trkpt>
      <trkpt lat="48.65568" lon="-1.51402">
        <ele>1.8</ele>
      </trkpt>
      <trkpt lat="48.65559" lon="-1.51399">
        <ele>1.9</ele>
      </trkpt>
      <trkpt lat="48.65551" lon="-1.51395">
        <ele>2</ele>
      </trkpt>
      <trkpt lat="48.65542" lon="-1.51392">
        <ele>2</ele>
      </trkpt>
      <trkpt lat="48.65534" lon="-1.51389">
        <ele>2</ele>
      </trkpt>
      <trkpt lat="48.65525" lon="-1.51386">
        <ele>2</ele>
      </trkpt>
      <trkpt lat="48.65517" lon="-1.51383">
        <ele>2</ele>
      </trkpt>
      <trkpt lat="48.65508" lon="-1.5138">
        <ele>2</ele>
      </trkpt>
      <trkpt lat="48.655" lon="-1.51376">
        <ele>2</ele>
      </trkpt>
      <trkpt lat="48.65491" lon="-1.51373">
        <ele>2</ele>
      </trkpt>
      <trkpt lat="48.65483" lon="-1.5137">
        <ele>2</ele>
      </trkpt>
      <trkpt lat="48.65474" lon="-1.51367">
        <ele>2</ele>
      </trkpt>
      <trkpt lat="48.65466" lon="-1.51364">
        <ele>2</ele>
      </trkpt>
      <trkpt lat="48.65457" lon="-1.5136">
        <ele>2</ele>
      </trkpt>
      <trkpt lat="48.65449" lon="-1.51357">
        <ele>2</ele>
      </trkpt>
      <trkpt lat="48.6544" lon="-1.51354">
        <ele>2</ele>
      </trkpt>
      <trkpt lat="48.65435" lon="-1.51356">
        <ele>2</ele>
      </trkpt>
      <trkpt lat="48.65429" lon="-1.51357">
        <ele>2</ele>
      </trkpt>
      <trkpt lat="48.65424" lon="-1.51359">
        <ele>2</ele>
      </trkpt>
      <trkpt lat="48.65419" lon="-1.5136">
        <ele>2</ele>
      </trkpt>
      <trkpt lat="48.65413" lon="-1.51362">
        <ele>2</ele>
      </trkpt>
      <trkpt lat="48.65408" lon="-1.51364">
        <ele>2</ele>
      </trkpt>
      <trkpt lat="48.65403" lon="-1.51365">
        <ele>2</ele>
      </trkpt>
      <trkpt lat="48.65397" lon="-1.51367">
        <ele>2</ele>
      </trkpt>
      <trkpt lat="48.65392" lon="-1.51368">
        <ele>2</ele>
      </trkpt>
      <trkpt lat="48.65387" lon="-1.5137">
        <ele>2</ele>
      </trkpt>
      <trkpt lat="48.65381" lon="-1.51372">
        <ele>2</ele>
      </trkpt>
      <trkpt lat="48.65376" lon="-1.51373">
        <ele>2</ele>
      </trkpt>
      <trkpt lat="48.65371" lon="-1.51375">
        <ele>2</ele>
      </trkpt>
      <trkpt lat="48.65365" lon="-1.51376">
        <ele>2</ele>
      </trkpt>
      <trkpt lat="48.6536" lon="-1.51378">
        <ele>2</ele>
      </trkpt>
      <trkpt lat="48.65355" lon="-1.5138">
        <ele>2</ele>
      </trkpt>
      <trkpt lat="48.65349" lon="-1.51381">
        <ele>2</ele>
      </trkpt>
      <trkpt lat="48.65344" lon="-1.51383">
        <ele>2</ele>
      </trkpt>
      <trkpt lat="48.65339" lon="-1.51384">
        <ele>2</ele>
      </trkpt>
      <trkpt lat="48.65333" lon="-1.51386">
        <ele>2</ele>
      </trkpt>
      <trkpt lat="48.65328" lon="-1.51388">
        <ele>2</ele>
      </trkpt>
      <trkpt lat="48.65322" lon="-1.51389">
        <ele>2</ele>
      </trkpt>
      <trkpt lat="48.65317" lon="-1.51391">
        <ele>2</ele>
      </trkpt>
      <trkpt lat="48.65312" lon="-1.51392">
        <ele>2</ele>
      </trkpt>
      <trkpt lat="48.65306" lon="-1.51394">
        <ele>2</ele>
      </trkpt>
      <trkpt lat="48.65301" lon="-1.51395">
        <ele>2</ele>
      </trkpt>
      <trkpt lat="48.65296" lon="-1.51397">
        <ele>2</ele>
      </trkpt>
      <trkpt lat="48.6529" lon="-1.51399">
        <ele>2</ele>
      </trkpt>
      <trkpt lat="48.65285" lon="-1.514">
        <ele>2</ele>
      </trkpt>
      <trkpt lat="48.6528" lon="-1.51402">
        <ele>2</ele>
      </trkpt>
      <trkpt lat="48.65274" lon="-1.51403">
        <ele>2</ele>
      </trkpt>
      <trkpt lat="48.65269" lon="-1.51405">
        <ele>2</ele>
      </trkpt>
      <trkpt lat="48.65262" lon="-1.51408">
        <ele>2</ele>
      </trkpt>
      <trkpt lat="48.65256" lon="-1.51411">
        <ele>2</ele>
      </trkpt>
      <trkpt lat="48.65249" lon="-1.51415">
        <ele>2</ele>
      </trkpt>
      <trkpt lat="48.65242" lon="-1.51418">
        <ele>2</ele>
      </trkpt>
      <trkpt lat="48.65235" lon="-1.51421">
        <ele>2</ele>
      </trkpt>
      <trkpt lat="48.65229" lon="-1.51424">
        <ele>2</ele>
      </trkpt>
      <trkpt lat="48.65222" lon="-1.51428">
        <ele>2</ele>
      </trkpt>
      <trkpt lat="48.65215" lon="-1.51431">
        <ele>2</ele>
      </trkpt>
      <trkpt lat="48.65209" lon="-1.51434">
        <ele>2</ele>
      </trkpt>
      <trkpt lat="48.65202" lon="-1.51437">
        <ele>2</ele>
      </trkpt>
      <trkpt lat="48.65195" lon="-1.5144">
        <ele>2</ele>
      </trkpt>
      <trkpt lat="48.65188" lon="-1.51444">
        <ele>2</ele>
      </trkpt>
      <trkpt lat="48.65182" lon="-1.51447">
        <ele>2</ele>
      </trkpt>
      <trkpt lat="48.65175" lon="-1.5145">
        <ele>2</ele>
      </trkpt>
      <trkpt lat="48.65168" lon="-1.51453">
        <ele>2</ele>
      </trkpt>
      <trkpt lat="48.65162" lon="-1.51457">
        <ele>2</ele>
      </trkpt>
      <trkpt lat="48.65155" lon="-1.5146">
        <ele>2</ele>
      </trkpt>
      <trkpt lat="48.65148" lon="-1.51463">
        <ele>2</ele>
      </trkpt>
      <trkpt lat="48.65141" lon="-1.51466">
        <ele>2</ele>
      </trkpt>
      <trkpt lat="48.65135" lon="-1.51469">
        <ele>2</ele>
      </trkpt>
      <trkpt lat="48.65128" lon="-1.51473">
        <ele>2</ele>
      </trkpt>
      <trkpt lat="48.65121" lon="-1.51476">
        <ele>2</ele>
      </trkpt>
      <trkpt lat="48.65115" lon="-1.51479">
        <ele>2</ele>
      </trkpt>
      <trkpt lat="48.65108" lon="-1.51482">
        <ele>2</ele>
      </trkpt>
      <trkpt lat="48.65101" lon="-1.51486">
        <ele>2</ele>
      </trkpt>
      <trkpt lat="48.65094" lon="-1.51489">
        <ele>2</ele>
      </trkpt>
      <trkpt lat="48.65088" lon="-1.51492">
        <ele>2</ele>
      </trkpt>
      <trkpt lat="48.65081" lon="-1.51495">
        <ele>2</ele>
      </trkpt>
      <trkpt lat="48.65074" lon="-1.51498">
        <ele>2</ele>
      </trkpt>
      <trkpt lat="48.65067" lon="-1.51502">
        <ele>2</ele>
      </trkpt>
      <trkpt lat="48.65061" lon="-1.51505">
        <ele>2</ele>
      </trkpt>
      <trkpt lat="48.65054" lon="-1.51508">
        <ele>2</ele>
      </trkpt>
      <trkpt lat="48.65047" lon="-1.51507">
        <ele>2</ele>
      </trkpt>
      <trkpt lat="48.65041" lon="-1.51506">
        <ele>2</ele>
      </trkpt>
      <trkpt lat="48.65034" lon="-1.51505">
        <ele>2</ele>
      </trkpt>
      <trkpt lat="48.65027" lon="-1.51504">
        <ele>2</ele>
      </trkpt>
      <trkpt lat="48.6502" lon="-1.51503">
        <ele>2</ele>
      </trkpt>
      <trkpt lat="48.65014" lon="-1.51502">
        <ele>2</ele>
      </trkpt>
      <trkpt lat="48.65007" lon="-1.51501">
        <ele>2</ele>
      </trkpt>
      <trkpt lat="48.65" lon="-1.515">
        <ele>2</ele>
      </trkpt>
      <trkpt lat="48.64994" lon="-1.51498">
        <ele>2</ele>
      </trkpt>
      <trkpt lat="48.64987" lon="-1.51497">
        <ele>2</ele>
      </trkpt>
      <trkpt lat="48.6498" lon="-1.51496">
        <ele>2</ele>
      </trkpt>
      <trkpt lat="48.64973" lon="-1.51495">
        <ele>2</ele>
      </trkpt>
      <trkpt lat="48.64967" lon="-1.51494">
        <ele>2</ele>
      </trkpt>
      <trkpt lat="48.6496" lon="-1.51493">
        <ele>2</ele>
      </trkpt>
      <trkpt lat="48.64953" lon="-1.51492">
        <ele>2</ele>
      </trkpt>
      <trkpt lat="48.64947" lon="-1.51491">
        <ele>2</ele>
      </trkpt>
      <trkpt lat="48.6494" lon="-1.5149">
        <ele>2</ele>
      </trkpt>
      <trkpt lat="48.64933" lon="-1.51489">
        <ele>2</ele>
      </trkpt>
      <trkpt lat="48.64926" lon="-1.51488">
        <ele>2</ele>
      </trkpt>
      <trkpt lat="48.6492" lon="-1.51487">
        <ele>2</ele>
      </trkpt>
      <trkpt lat="48.64913" lon="-1.51486">
        <ele>2.1</ele>
      </trkpt>
      <trkpt lat="48.64906" lon="-1.51485">
        <ele>2.4</ele>
      </trkpt>
      <trkpt lat="48.649" lon="-1.51484">
        <ele>2.6</ele>
      </trkpt>
      <trkpt lat="48.64893" lon="-1.51483">
        <ele>2.9</ele>
      </trkpt>
      <trkpt lat="48.64886" lon="-1.51481">
        <ele>3</ele>
      </trkpt>
      <trkpt lat="48.64879" lon="-1.5148">
        <ele>3.1</ele>
      </trkpt>
      <trkpt lat="48.64873" lon="-1.51479">
        <ele>3.1</ele>
      </trkpt>
      <trkpt lat="48.64866" lon="-1.51478">
        <ele>3.2</ele>
      </trkpt>
      <trkpt lat="48.64859" lon="-1.51477">
        <ele>3.2</ele>
      </trkpt>
      <trkpt lat="48.64852" lon="-1.51476">
        <ele>3.4</ele>
      </trkpt>
      <trkpt lat="48.64846" lon="-1.51475">
        <ele>3.6</ele>
      </trkpt>
      <trkpt lat="48.64839" lon="-1.51474">
        <ele>3.8</ele>
      </trkpt>
      <trkpt lat="48.64833" lon="-1.51471">
        <ele>4</ele>
      </trkpt>
      <trkpt lat="48.64826" lon="-1.51469">
        <ele>3.9</ele>
      </trkpt>
      <trkpt lat="48.6482" lon="-1.51466">
        <ele>3.9</ele>
      </trkpt>
      <trkpt lat="48.64813" lon="-1.51463">
        <ele>3.9</ele>
      </trkpt>
      <trkpt lat="48.64807" lon="-1.51461">
        <ele>4</ele>
      </trkpt>
      <trkpt lat="48.64801" lon="-1.51458">
        <ele>4</ele>
      </trkpt>
      <trkpt lat="48.64794" lon="-1.51455">
        <ele>4</ele>
      </trkpt>
      <trkpt lat="48.64788" lon="-1.51453">
        <ele>4</ele>
      </trkpt>
      <trkpt lat="48.64781" lon="-1.5145">
        <ele>4</ele>
      </trkpt>
      <trkpt lat="48.64775" lon="-1.51447">
        <ele>4</ele>
      </trkpt>
      <trkpt lat="48.64769" lon="-1.51444">
        <ele>4</ele>
      </trkpt>
      <trkpt lat="48.64762" lon="-1.51442">
        <ele>4</ele>
      </trkpt>
      <trkpt lat="48.64756" lon="-1.51439">
        <ele>4</ele>
      </trkpt>
      <trkpt lat="48.64749" lon="-1.51436">
        <ele>4</ele>
      </trkpt>
      <trkpt lat="48.64743" lon="-1.51434">
        <ele>4</ele>
      </trkpt>
      <trkpt lat="48.64737" lon="-1.51431">
        <ele>4</ele>
      </trkpt>
      <trkpt lat="48.6473" lon="-1.51428">
        <ele>4</ele>
      </trkpt>
      <trkpt lat="48.64724" lon="-1.51426">
        <ele>4</ele>
      </trkpt>
      <trkpt lat="48.64717" lon="-1.51423">
        <ele>4.2</ele>
      </trkpt>
      <trkpt lat="48.64711" lon="-1.5142">
        <ele>4.4</ele>
      </trkpt>
      <trkpt lat="48.64705" lon="-1.51418">
        <ele>4.6</ele>
      </trkpt>
      <trkpt lat="48.64698" lon="-1.51415">
        <ele>4.9</ele>
      </trkpt>
      <trkpt lat="48.64692" lon="-1.51412">
        <ele>5</ele>
      </trkpt>
      <trkpt lat="48.64685" lon="-1.5141">
        <ele>5</ele>
      </trkpt>
      <trkpt lat="48.64679" lon="-1.51407">
        <ele>5</ele>
      </trkpt>
      <trkpt lat="48.64672" lon="-1.51404">
        <ele>5</ele>
      </trkpt>
      <trkpt lat="48.64666" lon="-1.51401">
        <ele>5</ele>
      </trkpt>
      <trkpt lat="48.6466" lon="-1.51399">
        <ele>5</ele>
      </trkpt>
      <trkpt lat="48.64653" lon="-1.51396">
        <ele>5</ele>
      </trkpt>
      <trkpt lat="48.64647" lon="-1.51393">
        <ele>5</ele>
      </trkpt>
      <trkpt lat="48.6464" lon="-1.51391">
        <ele>5</ele>
      </trkpt>
      <trkpt lat="48.64634" lon="-1.51388">
        <ele>5</ele>
      </trkpt>
      <trkpt lat="48.64629" lon="-1.51386">
        <ele>5</ele>
      </trkpt>
      <trkpt lat="48.64624" lon="-1.51384">
        <ele>5</ele>
      </trkpt>
      <trkpt lat="48.6462" lon="-1.51382">
        <ele>5</ele>
      </trkpt>
      <trkpt lat="48.64615" lon="-1.51381">
        <ele>5</ele>
      </trkpt>
      <trkpt lat="48.6461" lon="-1.51379">
        <ele>5</ele>
      </trkpt>
      <trkpt lat="48.64605" lon="-1.51377">
        <ele>5</ele>
      </trkpt>
      <trkpt lat="48.64601" lon="-1.51375">
        <ele>5</ele>
      </trkpt>
      <trkpt lat="48.64596" lon="-1.51373">
        <ele>5</ele>
      </trkpt>
      <trkpt lat="48.64591" lon="-1.51371">
        <ele>5</ele>
      </trkpt>
      <trkpt lat="48.64586" lon="-1.51369">
        <ele>5</ele>
      </trkpt>
      <trkpt lat="48.64581" lon="-1.51367">
        <ele>5</ele>
      </trkpt>
      <trkpt lat="48.64577" lon="-1.51366">
        <ele>5</ele>
      </trkpt>
      <trkpt lat="48.64572" lon="-1.51364">
        <ele>5</ele>
      </trkpt>
      <trkpt lat="48.64567" lon="-1.51362">
        <ele>5</ele>
      </trkpt>
      <trkpt lat="48.64562" lon="-1.5136">
        <ele>5</ele>
      </trkpt>
      <trkpt lat="48.64558" lon="-1.51358">
        <ele>5</ele>
      </trkpt>
      <trkpt lat="48.64553" lon="-1.51356">
        <ele>5</ele>
      </trkpt>
      <trkpt lat="48.64548" lon="-1.51354">
        <ele>5</ele>
      </trkpt>
      <trkpt lat="48.64543" lon="-1.51352">
        <ele>5</ele>
      </trkpt>
      <trkpt lat="48.64538" lon="-1.51351">
        <ele>5</ele>
      </trkpt>
      <trkpt lat="48.64534" lon="-1.51349">
        <ele>5</ele>
      </trkpt>
      <trkpt lat="48.64529" lon="-1.51347">
        <ele>5</ele>
      </trkpt>
      <trkpt lat="48.64524" lon="-1.51345">
        <ele>5</ele>
      </trkpt>
      <trkpt lat="48.64519" lon="-1.51343">
        <ele>5</ele>
      </trkpt>
      <trkpt lat="48.64515" lon="-1.51341">
        <ele>5</ele>
      </trkpt>
      <trkpt lat="48.6451" lon="-1.51339">
        <ele>5</ele>
      </trkpt>
      <trkpt lat="48.64505" lon="-1.51337">
        <ele>5</ele>
      </trkpt>
      <trkpt lat="48.645" lon="-1.51336">
        <ele>5</ele>
      </trkpt>
      <trkpt lat="48.64495" lon="-1.51334">
        <ele>5</ele>
      </trkpt>
      <trkpt lat="48.64491" lon="-1.51332">
        <ele>5</ele>
      </trkpt>
      <trkpt lat="48.64486" lon="-1.5133">
        <ele>4.9</ele>
      </trkpt>
      <trkpt lat="48.64481" lon="-1.51328">
        <ele>4.9</ele>
      </trkpt>
      <trkpt lat="48.64476" lon="-1.51326">
        <ele>4.8</ele>
      </trkpt>
      <trkpt lat="48.64471" lon="-1.51324">
        <ele>4.7</ele>
      </trkpt>
      <trkpt lat="48.64467" lon="-1.51322">
        <ele>4.7</ele>
      </trkpt>
      <trkpt lat="48.64462" lon="-1.51321">
        <ele>4.7</ele>
      </trkpt>
      <trkpt lat="48.64457" lon="-1.51319">
        <ele>4.8</ele>
      </trkpt>
      <trkpt lat="48.64452" lon="-1.51317">
        <ele>4.8</ele>
      </trkpt>
      <trkpt lat="48.64448" lon="-1.51315">
        <ele>4.9</ele>
      </trkpt>
      <trkpt lat="48.64443" lon="-1.51313">
        <ele>5</ele>
      </trkpt>
      <trkpt lat="48.64438" lon="-1.51311">
        <ele>5</ele>
      </trkpt>
      <trkpt lat="48.64433" lon="-1.51309">
        <ele>5</ele>
      </trkpt>
      <trkpt lat="48.64428" lon="-1.51307">
        <ele>5</ele>
      </trkpt>
      <trkpt lat="48.64424" lon="-1.51306">
        <ele>5</ele>
      </trkpt>
      <trkpt lat="48.64419" lon="-1.51304">
        <ele>5</ele>
      </trkpt>
      <trkpt lat="48.64414" lon="-1.51302">
        <ele>5</ele>
      </trkpt>
      <trkpt lat="48.64409" lon="-1.513">
        <ele>5</ele>
      </trkpt>
      <trkpt lat="48.64405" lon="-1.51298">
        <ele>5</ele>
      </trkpt>
      <trkpt lat="48.644" lon="-1.51296">
        <ele>5</ele>
      </trkpt>
      <trkpt lat="48.64395" lon="-1.51294">
        <ele>5</ele>
      </trkpt>
      <trkpt lat="48.6439" lon="-1.51292">
        <ele>5</ele>
      </trkpt>
      <trkpt lat="48.64385" lon="-1.51291">
        <ele>5</ele>
      </trkpt>
      <trkpt lat="48.64381" lon="-1.51289">
        <ele>5</ele>
      </trkpt>
      <trkpt lat="48.64376" lon="-1.51287">
        <ele>5</ele>
      </trkpt>
      <trkpt lat="48.64371" lon="-1.51285">
        <ele>5</ele>
      </trkpt>
      <trkpt lat="48.64366" lon="-1.51283">
        <ele>5</ele>
      </trkpt>
      <trkpt lat="48.64362" lon="-1.51281">
        <ele>5</ele>
      </trkpt>
      <trkpt lat="48.64357" lon="-1.51279">
        <ele>5</ele>
      </trkpt>
      <trkpt lat="48.64352" lon="-1.51277">
        <ele>5</ele>
      </trkpt>
      <trkpt lat="48.64347" lon="-1.51276">
        <ele>5</ele>
      </trkpt>
      <trkpt lat="48.64342" lon="-1.51274">
        <ele>5</ele>
      </trkpt>
      <trkpt lat="48.64338" lon="-1.51272">
        <ele>5</ele>
      </trkpt>
      <trkpt lat="48.64333" lon="-1.5127">
        <ele>5</ele>
      </trkpt>
      <trkpt lat="48.64328" lon="-1.51268">
        <ele>5</ele>
      </trkpt>
      <trkpt lat="48.64321" lon="-1.5127">
        <ele>5</ele>
      </trkpt>
      <trkpt lat="48.64315" lon="-1.51272">
        <ele>5</ele>
      </trkpt>
      <trkpt lat="48.64308" lon="-1.51275">
        <ele>5</ele>
      </trkpt>
      <trkpt lat="48.64301" lon="-1.51277">
        <ele>5</ele>
      </trkpt>
      <trkpt lat="48.64294" lon="-1.51279">
        <ele>5</ele>
      </trkpt>
      <trkpt lat="48.64288" lon="-1.51281">
        <ele>5</ele>
      </trkpt>
      <trkpt lat="48.64281" lon="-1.51283">
        <ele>5</ele>
      </trkpt>
      <trkpt lat="48.64274" lon="-1.51285">
        <ele>5</ele>
      </trkpt>
      <trkpt lat="48.64268" lon="-1.51287">
        <ele>5</ele>
      </trkpt>
      <trkpt lat="48.64261" lon="-1.5129">
        <ele>5</ele>
      </trkpt>
      <trkpt lat="48.64254" lon="-1.51292">
        <ele>5</ele>
      </trkpt>
      <trkpt lat="48.64247" lon="-1.51294">
        <ele>5</ele>
      </trkpt>
      <trkpt lat="48.64241" lon="-1.51296">
        <ele>4.9</ele>
      </trkpt>
      <trkpt lat="48.64234" lon="-1.51298">
        <ele>4.8</ele>
      </trkpt>
      <trkpt lat="48.64227" lon="-1.513">
        <ele>4.8</ele>
      </trkpt>
      <trkpt lat="48.64221" lon="-1.51303">
        <ele>4.8</ele>
      </trkpt>
      <trkpt lat="48.64214" lon="-1.51305">
        <ele>4.7</ele>
      </trkpt>
      <trkpt lat="48.64207" lon="-1.51307">
        <ele>4.4</ele>
      </trkpt>
      <trkpt lat="48.642" lon="-1.51309">
        <ele>4.2</ele>
      </trkpt>
      <trkpt lat="48.64194" lon="-1.51311">
        <ele>4</ele>
      </trkpt>
      <trkpt lat="48.64187" lon="-1.51313">
        <ele>4</ele>
      </trkpt>
      <trkpt lat="48.6418" lon="-1.51315">
        <ele>4</ele>
      </trkpt>
      <trkpt lat="48.64174" lon="-1.51318">
        <ele>4</ele>
      </trkpt>
      <trkpt lat="48.64167" lon="-1.5132">
        <ele>4</ele>
      </trkpt>
      <trkpt lat="48.6416" lon="-1.51322">
        <ele>4</ele>
      </trkpt>
      <trkpt lat="48.64153" lon="-1.51324">
        <ele>4</ele>
      </trkpt>
      <trkpt lat="48.64147" lon="-1.51326">
        <ele>4</ele>
      </trkpt>
      <trkpt lat="48.6414" lon="-1.51328">
        <ele>4</ele>
      </trkpt>
      <trkpt lat="48.64133" lon="-1.51331">
        <ele>4</ele>
      </trkpt>
      <trkpt lat="48.64126" lon="-1.51333">
        <ele>4</ele>
      </trkpt>
      <trkpt lat="48.6412" lon="-1.51335">
        <ele>4</ele>
      </trkpt>
      <trkpt lat="48.64113" lon="-1.51337">
        <ele>4</ele>
      </trkpt>
      <trkpt lat="48.64108" lon="-1.51338">
        <ele>4</ele>
      </trkpt>
      <trkpt lat="48.64103" lon="-1.51339">
        <ele>4</ele>
      </trkpt>
      <trkpt lat="48.64098" lon="-1.5134">
        <ele>4</ele>
      </trkpt>
      <trkpt lat="48.64093" lon="-1.51341">
        <ele>4</ele>
      </trkpt>
      <trkpt lat="48.64088" lon="-1.51342">
        <ele>4</ele>
      </trkpt>
      <trkpt lat="48.64083" lon="-1.51343">
        <ele>4</ele>
      </trkpt>
      <trkpt lat="48.64078" lon="-1.51344">
        <ele>4</ele>
      </trkpt>
      <trkpt lat="48.64073" lon="-1.51346">
        <ele>4</ele>
      </trkpt>
      <trkpt lat="48.64068" lon="-1.51347">
        <ele>4</ele>
      </trkpt>
      <trkpt lat="48.64063" lon="-1.51348">
        <ele>4</ele>
      </trkpt>
      <trkpt lat="48.64058" lon="-1.51349">
        <ele>4</ele>
      </trkpt>
      <trkpt lat="48.64053" lon="-1.5135">
        <ele>4</ele>
      </trkpt>
      <trkpt lat="48.64048" lon="-1.51351">
        <ele>4</ele>
      </trkpt>
      <trkpt lat="48.64043" lon="-1.51352">
        <ele>4</ele>
      </trkpt>
      <trkpt lat="48.64039" lon="-1.51353">
        <ele>4</ele>
      </trkpt>
      <trkpt lat="48.64034" lon="-1.51354">
        <ele>4</ele>
      </trkpt>
      <trkpt lat="48.64029" lon="-1.51355">
        <ele>4</ele>
      </trkpt>
      <trkpt lat="48.64024" lon="-1.51356">
        <ele>4</ele>
      </trkpt>
      <trkpt lat="48.64019" lon="-1.51357">
        <ele>4</ele>
      </trkpt>
      <trkpt lat="48.64014" lon="-1.51358">
        <ele>4</ele>
      </trkpt>
      <trkpt lat="48.64009" lon="-1.51359">
        <ele>4</ele>
      </trkpt>
      <trkpt lat="48.64004" lon="-1.5136">
        <ele>4</ele>
      </trkpt>
      <trkpt lat="48.63999" lon="-1.51361">
        <ele>4</ele>
      </trkpt>
      <trkpt lat="48.63994" lon="-1.51363">
        <ele>4</ele>
      </trkpt>
      <trkpt lat="48.63989" lon="-1.51364">
        <ele>4</ele>
      </trkpt>
      <trkpt lat="48.63984" lon="-1.51365">
        <ele>4</ele>
      </trkpt>
      <trkpt lat="48.63979" lon="-1.51366">
        <ele>4</ele>
      </trkpt>
      <trkpt lat="48.63974" lon="-1.51367">
        <ele>4</ele>
      </trkpt>
      <trkpt lat="48.63969" lon="-1.51368">
        <ele>4</ele>
      </trkpt>
      <trkpt lat="48.63964" lon="-1.51369">
        <ele>4</ele>
      </trkpt>
      <trkpt lat="48.63959" lon="-1.5137">
        <ele>4</ele>
      </trkpt>
      <trkpt lat="48.63954" lon="-1.51371">
        <ele>4</ele>
      </trkpt>
      <trkpt lat="48.63946" lon="-1.5137">
        <ele>4</ele>
      </trkpt>
      <trkpt lat="48.63938" lon="-1.5137">
        <ele>4</ele>
      </trkpt>
      <trkpt lat="48.6393" lon="-1.51369">
        <ele>4</ele>
      </trkpt>
      <trkpt lat="48.63922" lon="-1.51369">
        <ele>4</ele>
      </trkpt>
      <trkpt lat="48.63914" lon="-1.51368">
        <ele>4</ele>
      </trkpt>
      <trkpt lat="48.63906" lon="-1.51367">
        <ele>4</ele>
      </trkpt>
      <trkpt lat="48.63898" lon="-1.51367">
        <ele>4</ele>
      </trkpt>
      <trkpt lat="48.6389" lon="-1.51366">
        <ele>4</ele>
      </trkpt>
      <trkpt lat="48.63885" lon="-1.51364">
        <ele>4</ele>
      </trkpt>
      <trkpt lat="48.63879" lon="-1.51363">
        <ele>4</ele>
      </trkpt>
      <trkpt lat="48.63874" lon="-1.51361">
        <ele>4</ele>
      </trkpt>
      <trkpt lat="48.63868" lon="-1.51359">
        <ele>4</ele>
      </trkpt>
      <trkpt lat="48.63863" lon="-1.51357">
        <ele>4</ele>
      </trkpt>
      <trkpt lat="48.63857" lon="-1.51356">
        <ele>4</ele>
      </trkpt>
      <trkpt lat="48.63852" lon="-1.51354">
        <ele>4</ele>
      </trkpt>
      <trkpt lat="48.63846" lon="-1.51352">
        <ele>4</ele>
      </trkpt>
      <trkpt lat="48.63841" lon="-1.5135">
        <ele>4</ele>
      </trkpt>
      <trkpt lat="48.63835" lon="-1.51349">
        <ele>4</ele>
      </trkpt>
      <trkpt lat="48.6383" lon="-1.51347">
        <ele>4</ele>
      </trkpt>
      <trkpt lat="48.63824" lon="-1.51345">
        <ele>4</ele>
      </trkpt>
      <trkpt lat="48.63819" lon="-1.51343">
        <ele>4</ele>
      </trkpt>
      <trkpt lat="48.63813" lon="-1.51342">
        <ele>4</ele>
      </trkpt>
      <trkpt lat="48.63808" lon="-1.5134">
        <ele>4</ele>
      </trkpt>
      <trkpt lat="48.63802" lon="-1.51338">
        <ele>4</ele>
      </trkpt>
      <trkpt lat="48.63797" lon="-1.51338">
        <ele>4</ele>
      </trkpt>
      <trkpt lat="48.63792" lon="-1.51337">
        <ele>4</ele>
      </trkpt>
      <trkpt lat="48.63787" lon="-1.51337">
        <ele>4</ele>
      </trkpt>
      <trkpt lat="48.63782" lon="-1.51336">
        <ele>4</ele>
      </trkpt>
      <trkpt lat="48.63777" lon="-1.51336">
        <ele>4</ele>
      </trkpt>
      <trkpt lat="48.63772" lon="-1.51335">
        <ele>4</ele>
      </trkpt>
      <trkpt lat="48.63767" lon="-1.51335">
        <ele>4</ele>
      </trkpt>
      <trkpt lat="48.63763" lon="-1.51335">
        <ele>4</ele>
      </trkpt>
      <trkpt lat="48.63758" lon="-1.51334">
        <ele>4</ele>
      </trkpt>
      <trkpt lat="48.63753" lon="-1.51334">
        <ele>4</ele>
      </trkpt>
      <trkpt lat="48.63748" lon="-1.51333">
        <ele>4</ele>
      </trkpt>
      <trkpt lat="48.63743" lon="-1.51333">
        <ele>4</ele>
      </trkpt>
      <trkpt lat="48.63738" lon="-1.51332">
        <ele>4</ele>
      </trkpt>
      <trkpt lat="48.63733" lon="-1.51332">
        <ele>4</ele>
      </trkpt>
      <trkpt lat="48.63728" lon="-1.51331">
        <ele>4</ele>
      </trkpt>
      <trkpt lat="48.63723" lon="-1.51331">
        <ele>4</ele>
      </trkpt>
      <trkpt lat="48.63718" lon="-1.51332">
        <ele>4.2</ele>
      </trkpt>
      <trkpt lat="48.63712" lon="-1.51333">
        <ele>4.4</ele>
      </trkpt>
      <trkpt lat="48.63707" lon="-1.51334">
        <ele>4.6</ele>
      </trkpt>
      <trkpt lat="48.63702" lon="-1.51335">
        <ele>4.7</ele>
      </trkpt>
      <trkpt lat="48.63696" lon="-1.51335">
        <ele>4.9</ele>
      </trkpt>
      <trkpt lat="48.63691" lon="-1.51336">
        <ele>5</ele>
      </trkpt>
      <trkpt lat="48.63685" lon="-1.51337">
        <ele>5</ele>
      </trkpt>
      <trkpt lat="48.6368" lon="-1.51338">
        <ele>5</ele>
      </trkpt>
      <trkpt lat="48.63676" lon="-1.51334">
        <ele>5</ele>
      </trkpt>
      <trkpt lat="48.63672" lon="-1.51329">
        <ele>5</ele>
      </trkpt>
      <trkpt lat="48.63668" lon="-1.51325">
        <ele>5</ele>
      </trkpt>
      <trkpt lat="48.63665" lon="-1.51321">
        <ele>5.3</ele>
      </trkpt>
      <trkpt lat="48.63661" lon="-1.51316">
        <ele>5.9</ele>
      </trkpt>
      <trkpt lat="48.63657" lon="-1.51312">
        <ele>6.9</ele>
      </trkpt>
      <trkpt lat="48.63653" lon="-1.51307">
        <ele>8.2</ele>
      </trkpt>
      <trkpt lat="48.63649" lon="-1.51303">
        <ele>10.1</ele>
      </trkpt>
      <trkpt lat="48.6364" lon="-1.51305">
        <ele>11.8</ele>
      </trkpt>
      <trkpt lat="48.63632" lon="-1.51307">
        <ele>13.7</ele>
      </trkpt>
      <trkpt lat="48.63623" lon="-1.51309">
        <ele>15.4</ele>
      </trkpt>
      <trkpt lat="48.63615" lon="-1.51312">
        <ele>16.7</ele>
      </trkpt>
      <trkpt lat="48.63606" lon="-1.51314">
        <ele>15.2</ele>
      </trkpt>
      <trkpt lat="48.63597" lon="-1.51316">
        <ele>12.3</ele>
      </trkpt>
      <trkpt lat="48.63589" lon="-1.51318">
        <ele>9.8</ele>
      </trkpt>
      <trkpt lat="48.6358" lon="-1.5132">
        <ele>8.2</ele>
      </trkpt>
      <trkpt lat="48.63579" lon="-1.51322">
        <ele>7.6</ele>
      </trkpt>
      <trkpt lat="48.63574" lon="-1.5132">
        <ele>8</ele>
      </trkpt>
      <trkpt lat="48.63569" lon="-1.51317">
        <ele>8.3</ele>
      </trkpt>
      <trkpt lat="48.63564" lon="-1.51315">
        <ele>8.6</ele>
      </trkpt>
      <trkpt lat="48.63559" lon="-1.51312">
        <ele>8.8</ele>
      </trkpt>
      <trkpt lat="48.63553" lon="-1.5131">
        <ele>8.6</ele>
      </trkpt>
      <trkpt lat="48.63549" lon="-1.5131">
        <ele>7.9</ele>
      </trkpt>
      <trkpt lat="48.63545" lon="-1.51307">
        <ele>7.5</ele>
      </trkpt>
      <trkpt lat="48.63542" lon="-1.513">
        <ele>7.7</ele>
      </trkpt>
      <trkpt lat="48.63539" lon="-1.51293">
        <ele>7.5</ele>
      </trkpt>
      <trkpt lat="48.63536" lon="-1.51286">
        <ele>7</ele>
      </trkpt>
      <trkpt lat="48.63533" lon="-1.51279">
        <ele>6.2</ele>
      </trkpt>
      <trkpt lat="48.6353" lon="-1.51274">
        <ele>5.4</ele>
      </trkpt>
      <trkpt lat="48.63526" lon="-1.51269">
        <ele>5.5</ele>
      </trkpt>
      <trkpt lat="48.63523" lon="-1.51264">
        <ele>6.1</ele>
      </trkpt>
      <trkpt lat="48.63519" lon="-1.51259">
        <ele>6.4</ele>
      </trkpt>
      <trkpt lat="48.63516" lon="-1.51253">
        <ele>6.4</ele>
      </trkpt>
      <trkpt lat="48.63512" lon="-1.51248">
        <ele>6.4</ele>
      </trkpt>
      <trkpt lat="48.63509" lon="-1.51243">
        <ele>6.2</ele>
      </trkpt>
      <trkpt lat="48.63505" lon="-1.51238">
        <ele>5.8</ele>
      </trkpt>
      <trkpt lat="48.63502" lon="-1.51227">
        <ele>5.5</ele>
      </trkpt>
      <trkpt lat="48.63499" lon="-1.51216">
        <ele>5</ele>
      </trkpt>
      <trkpt lat="48.63496" lon="-1.51205">
        <ele>4.9</ele>
      </trkpt>
      <trkpt lat="48.63493" lon="-1.51194">
        <ele>4.8</ele>
      </trkpt>
      <trkpt lat="48.63492" lon="-1.51187">
        <ele>5.4</ele>
      </trkpt>
      <trkpt lat="48.63492" lon="-1.5118">
        <ele>6</ele>
      </trkpt>
      <trkpt lat="48.63491" lon="-1.51172">
        <ele>6.5</ele>
      </trkpt>
      <trkpt lat="48.6349" lon="-1.51165">
        <ele>6.9</ele>
      </trkpt>
      <trkpt lat="48.6349" lon="-1.51163">
        <ele>7</ele>
      </trkpt>
      <trkpt lat="48.63488" lon="-1.51157">
        <ele>6.8</ele>
      </trkpt>
      <trkpt lat="48.63486" lon="-1.5115">
        <ele>6.7</ele>
      </trkpt>
      <trkpt lat="48.63483" lon="-1.51144">
        <ele>6.7</ele>
      </trkpt>
      <trkpt lat="48.63481" lon="-1.51137">
        <ele>6.7</ele>
      </trkpt>
      <trkpt lat="48.63479" lon="-1.51132">
        <ele>6.6</ele>
      </trkpt>
      <trkpt lat="48.63484" lon="-1.51132">
        <ele>7</ele>
      </trkpt>
      <trkpt lat="48.63488" lon="-1.51132">
        <ele>7.4</ele>
      </trkpt>
      <trkpt lat="48.63493" lon="-1.51133">
        <ele>7.8</ele>
      </trkpt>
      <trkpt lat="48.63497" lon="-1.51134">
        <ele>8.1</ele>
      </trkpt>
      <trkpt lat="48.63499" lon="-1.51135">
        <ele>8.2</ele>
      </trkpt>
      <trkpt lat="48.63502" lon="-1.51134">
        <ele>10.1</ele>
      </trkpt>
      <trkpt lat="48.63506" lon="-1.51129">
        <ele>13.6</ele>
      </trkpt>
      <trkpt lat="48.63508" lon="-1.51122">
        <ele>15.1</ele>
      </trkpt>
      <trkpt lat="48.63507" lon="-1.51115">
        <ele>14.3</ele>
      </trkpt>
      <trkpt lat="48.63506" lon="-1.51108">
        <ele>13.5</ele>
      </trkpt>
      <trkpt lat="48.63505" lon="-1.51101">
        <ele>12.6</ele>
      </trkpt>
      <trkpt lat="48.63504" lon="-1.51093">
        <ele>11.8</ele>
      </trkpt>
      <trkpt lat="48.63504" lon="-1.51081">
        <ele>11.3</ele>
      </trkpt>
      <trkpt lat="48.63504" lon="-1.51078">
        <ele>11.1</ele>
      </trkpt>
      <trkpt lat="48.63506" lon="-1.51071">
        <ele>11.3</ele>
      </trkpt>
      <trkpt lat="48.63508" lon="-1.51064">
        <ele>11.4</ele>
      </trkpt>
      <trkpt lat="48.6351" lon="-1.51057">
        <ele>11.3</ele>
      </trkpt>
      <trkpt lat="48.63508" lon="-1.51055">
        <ele>10.7</ele>
      </trkpt>
      <trkpt lat="48.63506" lon="-1.51062">
        <ele>10.7</ele>
      </trkpt>
      <trkpt lat="48.63504" lon="-1.51068">
        <ele>10.6</ele>
      </trkpt>
      <trkpt lat="48.63502" lon="-1.51067">
        <ele>10</ele>
      </trkpt>
      <trkpt lat="48.635" lon="-1.51077">
        <ele>9.8</ele>
      </trkpt>
      <trkpt lat="48.635" lon="-1.51078">
        <ele>9.8</ele>
      </trkpt>
      <trkpt lat="48.63508" lon="-1.51081">
        <ele>12.7</ele>
      </trkpt>
      <trkpt lat="48.63508" lon="-1.51082">
        <ele>12.8</ele>
      </trkpt>
      <trkpt lat="48.63515" lon="-1.51085">
        <ele>15.6</ele>
      </trkpt>
      <trkpt lat="48.63522" lon="-1.51088">
        <ele>18.9</ele>
      </trkpt>
      <trkpt lat="48.63526" lon="-1.51095">
        <ele>21.8</ele>
      </trkpt>
      <trkpt lat="48.63529" lon="-1.51101">
        <ele>25.1</ele>
      </trkpt>
      <trkpt lat="48.63535" lon="-1.51106">
        <ele>29.1</ele>
      </trkpt>
      <trkpt lat="48.63541" lon="-1.51111">
        <ele>32.7</ele>
      </trkpt>
      <trkpt lat="48.63543" lon="-1.51106">
        <ele>32.8</ele>
      </trkpt>
      <trkpt lat="48.63545" lon="-1.51101">
        <ele>33</ele>
      </trkpt>
      <trkpt lat="48.6355" lon="-1.51092">
        <ele>34.3</ele>
      </trkpt>
      <trkpt lat="48.63555" lon="-1.51082">
        <ele>36.2</ele>
      </trkpt>
      <trkpt lat="48.63559" lon="-1.51073">
        <ele>37.1</ele>
      </trkpt>
      <trkpt lat="48.63564" lon="-1.51063">
        <ele>36.7</ele>
      </trkpt>
      <trkpt lat="48.63569" lon="-1.51071">
        <ele>40.5</ele>
      </trkpt>
      <trkpt lat="48.63573" lon="-1.51078">
        <ele>45.1</ele>
      </trkpt>
      <trkpt lat="48.63578" lon="-1.51073">
        <ele>45.4</ele>
      </trkpt>
      <trkpt lat="48.63582" lon="-1.5107">
        <ele>45.7</ele>
      </trkpt>
      <trkpt lat="48.63587" lon="-1.51068">
        <ele>46</ele>
      </trkpt>
      <trkpt lat="48.63591" lon="-1.51066">
        <ele>46</ele>
      </trkpt>
      <trkpt lat="48.63596" lon="-1.51064">
        <ele>45.8</ele>
      </trkpt>
      <trkpt lat="48.636" lon="-1.51062">
        <ele>45.7</ele>
      </trkpt>
      <trkpt lat="48.63603" lon="-1.51061">
        <ele>45.7</ele>
      </trkpt>
      <trkpt lat="48.63606" lon="-1.5106">
        <ele>45.7</ele>
      </trkpt>
      <trkpt lat="48.63608" lon="-1.5106">
        <ele>46.1</ele>
      </trkpt>
      <trkpt lat="48.63607" lon="-1.51063">
        <ele>47.7</ele>
      </trkpt>
      <trkpt lat="48.63606" lon="-1.51064">
        <ele>48.1</ele>
      </trkpt>
      <trkpt lat="48.63604" lon="-1.51066">
        <ele>48.8</ele>
      </trkpt>
      <trkpt lat="48.636" lon="-1.51066">
        <ele>47.9</ele>
      </trkpt>
      <trkpt lat="48.63593" lon="-1.5107">
        <ele>48.2</ele>
      </trkpt>
      <trkpt lat="48.63585" lon="-1.51073">
        <ele>48.2</ele>
      </trkpt>
      <trkpt lat="48.63581" lon="-1.51077">
        <ele>48.7</ele>
      </trkpt>
      <trkpt lat="48.63585" lon="-1.51073">
        <ele>48.2</ele>
      </trkpt>
      <trkpt lat="48.63593" lon="-1.5107">
        <ele>48.2</ele>
      </trkpt>
      <trkpt lat="48.636" lon="-1.51066">
        <ele>47.9</ele>
      </trkpt>
      <trkpt lat="48.63604" lon="-1.51066">
        <ele>48.8</ele>
      </trkpt>
      <trkpt lat="48.63606" lon="-1.51064">
        <ele>48.1</ele>
      </trkpt>
      <trkpt lat="48.63607" lon="-1.51063">
        <ele>47.7</ele>
      </trkpt>
      <trkpt lat="48.63608" lon="-1.5106">
        <ele>46.1</ele>
      </trkpt>
      <trkpt lat="48.63611" lon="-1.5106">
        <ele>46.7</ele>
      </trkpt>
      <trkpt lat="48.63611" lon="-1.51063">
        <ele>48.5</ele>
      </trkpt>
      <trkpt lat="48.63615" lon="-1.51065">
        <ele>48.9</ele>
      </trkpt>
      <trkpt lat="48.63621" lon="-1.51068">
        <ele>49</ele>
      </trkpt>
      <trkpt lat="48.63627" lon="-1.5107">
        <ele>48.8</ele>
      </trkpt>
      <trkpt lat="48.63633" lon="-1.51073">
        <ele>48.3</ele>
      </trkpt>
      <trkpt lat="48.63639" lon="-1.51075">
        <ele>47.7</ele>
      </trkpt>
      <trkpt lat="48.63644" lon="-1.51077">
        <ele>47</ele>
      </trkpt>
      <trkpt lat="48.63649" lon="-1.51078">
        <ele>46.2</ele>
      </trkpt>
      <trkpt lat="48.63655" lon="-1.51078">
        <ele>44.6</ele>
      </trkpt>
      <trkpt lat="48.63663" lon="-1.51078">
        <ele>42.4</ele>
      </trkpt>
      <trkpt lat="48.63664" lon="-1.51072">
        <ele>40.4</ele>
      </trkpt>
      <trkpt lat="48.63665" lon="-1.51067">
        <ele>38.7</ele>
      </trkpt>
      <trkpt lat="48.63665" lon="-1.51066">
        <ele>38.4</ele>
      </trkpt>
      <trkpt lat="48.63671" lon="-1.51069">
        <ele>34.4</ele>
      </trkpt>
      <trkpt lat="48.63671" lon="-1.51071">
        <ele>34.9</ele>
      </trkpt>
      <trkpt lat="48.6367" lon="-1.51081">
        <ele>38.6</ele>
      </trkpt>
      <trkpt lat="48.6367" lon="-1.51083">
        <ele>39.1</ele>
      </trkpt>
      <trkpt lat="48.63669" lon="-1.51084">
        <ele>40.2</ele>
      </trkpt>
      <trkpt lat="48.6367" lon="-1.51083">
        <ele>39.1</ele>
      </trkpt>
      <trkpt lat="48.6367" lon="-1.51081">
        <ele>38.6</ele>
      </trkpt>
      <trkpt lat="48.63671" lon="-1.51071">
        <ele>34.9</ele>
      </trkpt>
      <trkpt lat="48.63671" lon="-1.51069">
        <ele>34.4</ele>
      </trkpt>
      <trkpt lat="48.63674" lon="-1.51062">
        <ele>29.8</ele>
      </trkpt>
      <trkpt lat="48.63677" lon="-1.51053">
        <ele>25.2</ele>
      </trkpt>
      <trkpt lat="48.63679" lon="-1.5105">
        <ele>22.8</ele>
      </trkpt>
      <trkpt lat="48.63682" lon="-1.51049">
        <ele>19.9</ele>
      </trkpt>
      <trkpt lat="48.63683" lon="-1.51042">
        <ele>17.7</ele>
      </trkpt>
      <trkpt lat="48.6368" lon="-1.51039">
        <ele>19.7</ele>
      </trkpt>
      <trkpt lat="48.63676" lon="-1.51041">
        <ele>23.5</ele>
      </trkpt>
      <trkpt lat="48.63672" lon="-1.51037">
        <ele>25.6</ele>
      </trkpt>
      <trkpt lat="48.63669" lon="-1.51033">
        <ele>27.7</ele>
      </trkpt>
      <trkpt lat="48.63665" lon="-1.51028">
        <ele>28.2</ele>
      </trkpt>
      <trkpt lat="48.63661" lon="-1.51024">
        <ele>25.7</ele>
      </trkpt>
      <trkpt lat="48.63657" lon="-1.51013">
        <ele>19.5</ele>
      </trkpt>
      <trkpt lat="48.63652" lon="-1.51002">
        <ele>14.9</ele>
      </trkpt>
      <trkpt lat="48.63648" lon="-1.50991">
        <ele>15</ele>
      </trkpt>
      <trkpt lat="48.63643" lon="-1.5098">
        <ele>15.9</ele>
      </trkpt>
      <trkpt lat="48.63649" lon="-1.5097">
        <ele>11.6</ele>
      </trkpt>
      <trkpt lat="48.63649" lon="-1.5096">
        <ele>8.7</ele>
      </trkpt>
      <trkpt lat="48.63647" lon="-1.50957">
        <ele>8.4</ele>
      </trkpt>
      <trkpt lat="48.63642" lon="-1.50958">
        <ele>10</ele>
      </trkpt>
      <trkpt lat="48.63637" lon="-1.50968">
        <ele>15.2</ele>
      </trkpt>
      <trkpt lat="48.63634" lon="-1.50967">
        <ele>14.9</ele>
      </trkpt>
      <trkpt lat="48.63627" lon="-1.50965">
        <ele>14.2</ele>
      </trkpt>
      <trkpt lat="48.6362" lon="-1.50963">
        <ele>13.5</ele>
      </trkpt>
      <trkpt lat="48.63616" lon="-1.50963">
        <ele>13.5</ele>
      </trkpt>
      <trkpt lat="48.63611" lon="-1.50963">
        <ele>13.6</ele>
      </trkpt>
      <trkpt lat="48.63607" lon="-1.50963">
        <ele>13.4</ele>
      </trkpt>
      <trkpt lat="48.63602" lon="-1.50963">
        <ele>13.2</ele>
      </trkpt>
      <trkpt lat="48.63598" lon="-1.50962">
        <ele>13</ele>
      </trkpt>
      <trkpt lat="48.63593" lon="-1.50962">
        <ele>12.8</ele>
      </trkpt>
      <trkpt lat="48.63589" lon="-1.50962">
        <ele>12.7</ele>
      </trkpt>
      <trkpt lat="48.63584" lon="-1.50962">
        <ele>12.5</ele>
      </trkpt>
      <trkpt lat="48.63577" lon="-1.50964">
        <ele>12.2</ele>
      </trkpt>
      <trkpt lat="48.63569" lon="-1.50966">
        <ele>12</ele>
      </trkpt>
      <trkpt lat="48.63562" lon="-1.50968">
        <ele>12</ele>
      </trkpt>
      <trkpt lat="48.63554" lon="-1.5097">
        <ele>11.9</ele>
      </trkpt>
      <trkpt lat="48.6355" lon="-1.50974">
        <ele>11.3</ele>
      </trkpt>
      <trkpt lat="48.63546" lon="-1.50977">
        <ele>10.3</ele>
      </trkpt>
      <trkpt lat="48.63541" lon="-1.50981">
        <ele>9.5</ele>
      </trkpt>
      <trkpt lat="48.63537" lon="-1.50984">
        <ele>8.9</ele>
      </trkpt>
      <trkpt lat="48.63531" lon="-1.5099">
        <ele>8.6</ele>
      </trkpt>
      <trkpt lat="48.63524" lon="-1.50996">
        <ele>8.8</ele>
      </trkpt>
      <trkpt lat="48.63521" lon="-1.51003">
        <ele>9</ele>
      </trkpt>
      <trkpt lat="48.6352" lon="-1.51004">
        <ele>8.9</ele>
      </trkpt>
      <trkpt lat="48.63517" lon="-1.5101">
        <ele>8.5</ele>
      </trkpt>
      <trkpt lat="48.63514" lon="-1.51023">
        <ele>8.4</ele>
      </trkpt>
      <trkpt lat="48.6351" lon="-1.51035">
        <ele>9.1</ele>
      </trkpt>
      <trkpt lat="48.63509" lon="-1.51039">
        <ele>9.4</ele>
      </trkpt>
      <trkpt lat="48.63514" lon="-1.5104">
        <ele>10.1</ele>
      </trkpt>
      <trkpt lat="48.63513" lon="-1.51046">
        <ele>10.7</ele>
      </trkpt>
      <trkpt lat="48.6351" lon="-1.51057">
        <ele>11.3</ele>
      </trkpt>
      <trkpt lat="48.63508" lon="-1.51064">
        <ele>11.4</ele>
      </trkpt>
      <trkpt lat="48.63506" lon="-1.51071">
        <ele>11.3</ele>
      </trkpt>
      <trkpt lat="48.63504" lon="-1.51078">
        <ele>11.1</ele>
      </trkpt>
      <trkpt lat="48.63504" lon="-1.51081">
        <ele>11.3</ele>
      </trkpt>
      <trkpt lat="48.63504" lon="-1.51093">
        <ele>11.8</ele>
      </trkpt>
      <trkpt lat="48.63505" lon="-1.51101">
        <ele>12.6</ele>
      </trkpt>
      <trkpt lat="48.63506" lon="-1.51108">
        <ele>13.5</ele>
      </trkpt>
      <trkpt lat="48.63507" lon="-1.51115">
        <ele>14.3</ele>
      </trkpt>
      <trkpt lat="48.63508" lon="-1.51122">
        <ele>15.1</ele>
      </trkpt>
      <trkpt lat="48.63506" lon="-1.51129">
        <ele>13.6</ele>
      </trkpt>
      <trkpt lat="48.63502" lon="-1.51134">
        <ele>10.1</ele>
      </trkpt>
      <trkpt lat="48.63499" lon="-1.51135">
        <ele>8.2</ele>
      </trkpt>
      <trkpt lat="48.63497" lon="-1.51134">
        <ele>8.1</ele>
      </trkpt>
      <trkpt lat="48.63493" lon="-1.51133">
        <ele>7.8</ele>
      </trkpt>
      <trkpt lat="48.63488" lon="-1.51132">
        <ele>7.4</ele>
      </trkpt>
      <trkpt lat="48.63484" lon="-1.51132">
        <ele>7</ele>
      </trkpt>
      <trkpt lat="48.63479" lon="-1.51132">
        <ele>6.6</ele>
      </trkpt>
      <trkpt lat="48.63474" lon="-1.51127">
        <ele>6.1</ele>
      </trkpt>
      <trkpt lat="48.63468" lon="-1.51122">
        <ele>5.8</ele>
      </trkpt>
      <trkpt lat="48.63468" lon="-1.51121">
        <ele>5.8</ele>
      </trkpt>
      <trkpt lat="48.63474" lon="-1.51127">
        <ele>6.1</ele>
      </trkpt>
      <trkpt lat="48.63479" lon="-1.51132">
        <ele>6.6</ele>
      </trkpt>
      <trkpt lat="48.63484" lon="-1.51132">
        <ele>7</ele>
      </trkpt>
      <trkpt lat="48.63488" lon="-1.51132">
        <ele>7.4</ele>
      </trkpt>
      <trkpt lat="48.63493" lon="-1.51133">
        <ele>7.8</ele>
      </trkpt>
      <trkpt lat="48.63497" lon="-1.51134">
        <ele>8.1</ele>
      </trkpt>
      <trkpt lat="48.63499" lon="-1.51135">
        <ele>8.2</ele>
      </trkpt>
      <trkpt lat="48.63499" lon="-1.51133">
        <ele>8.3</ele>
      </trkpt>
      <trkpt lat="48.63498" lon="-1.51132">
        <ele>8.3</ele>
      </trkpt>
      <trkpt lat="48.63497" lon="-1.51131">
        <ele>8.3</ele>
      </trkpt>
      <trkpt lat="48.63498" lon="-1.51131">
        <ele>8.4</ele>
      </trkpt>
      <trkpt lat="48.63498" lon="-1.5113">
        <ele>8.4</ele>
      </trkpt>
      <trkpt lat="48.63498" lon="-1.5112">
        <ele>9.1</ele>
      </trkpt>
      <trkpt lat="48.63492" lon="-1.51122">
        <ele>8.3</ele>
      </trkpt>
      <trkpt lat="48.63492" lon="-1.51118">
        <ele>8.5</ele>
      </trkpt>
      <trkpt lat="48.63484" lon="-1.51115">
        <ele>7.5</ele>
      </trkpt>
      <trkpt lat="48.63475" lon="-1.51112">
        <ele>6.4</ele>
      </trkpt>
      <trkpt lat="48.63471" lon="-1.51109">
        <ele>5.9</ele>
      </trkpt>
      <trkpt lat="48.63467" lon="-1.51106">
        <ele>5.8</ele>
      </trkpt>
      <trkpt lat="48.63462" lon="-1.51102">
        <ele>5.8</ele>
      </trkpt>
      <trkpt lat="48.63458" lon="-1.51099">
        <ele>5.7</ele>
      </trkpt>
      <trkpt lat="48.6345" lon="-1.51097">
        <ele>5.6</ele>
      </trkpt>
      <trkpt lat="48.6345" lon="-1.51088">
        <ele>5.9</ele>
      </trkpt>
      <trkpt lat="48.63449" lon="-1.5108">
        <ele>6.2</ele>
      </trkpt>
      <trkpt lat="48.63449" lon="-1.51071">
        <ele>6.6</ele>
      </trkpt>
      <trkpt lat="48.63449" lon="-1.51063">
        <ele>7</ele>
      </trkpt>
      <trkpt lat="48.63448" lon="-1.51054">
        <ele>7.3</ele>
      </trkpt>
      <trkpt lat="48.63448" lon="-1.51046">
        <ele>7.8</ele>
      </trkpt>
      <trkpt lat="48.63447" lon="-1.51037">
        <ele>8.3</ele>
      </trkpt>
      <trkpt lat="48.63447" lon="-1.51029">
        <ele>8.9</ele>
      </trkpt>
      <trkpt lat="48.63447" lon="-1.5102">
        <ele>8.1</ele>
      </trkpt>
      <trkpt lat="48.63446" lon="-1.51011">
        <ele>7.2</ele>
      </trkpt>
      <trkpt lat="48.63446" lon="-1.51003">
        <ele>6.3</ele>
      </trkpt>
      <trkpt lat="48.63446" lon="-1.50994">
        <ele>6</ele>
      </trkpt>
      <trkpt lat="48.63445" lon="-1.50986">
        <ele>6</ele>
      </trkpt>
      <trkpt lat="48.63445" lon="-1.50977">
        <ele>6</ele>
      </trkpt>
      <trkpt lat="48.63444" lon="-1.50969">
        <ele>5.6</ele>
      </trkpt>
      <trkpt lat="48.63444" lon="-1.5096">
        <ele>4.7</ele>
      </trkpt>
      <trkpt lat="48.63447" lon="-1.5095">
        <ele>3.6</ele>
      </trkpt>
      <trkpt lat="48.63449" lon="-1.50941">
        <ele>3</ele>
      </trkpt>
      <trkpt lat="48.63452" lon="-1.50931">
        <ele>3</ele>
      </trkpt>
      <trkpt lat="48.63454" lon="-1.50922">
        <ele>3</ele>
      </trkpt>
      <trkpt lat="48.63457" lon="-1.50912">
        <ele>3</ele>
      </trkpt>
      <trkpt lat="48.63459" lon="-1.50902">
        <ele>3</ele>
      </trkpt>
      <trkpt lat="48.63462" lon="-1.50893">
        <ele>3</ele>
      </trkpt>
      <trkpt lat="48.63464" lon="-1.50883">
        <ele>3</ele>
      </trkpt>
      <trkpt lat="48.63467" lon="-1.50873">
        <ele>3</ele>
      </trkpt>
      <trkpt lat="48.63469" lon="-1.50864">
        <ele>3</ele>
      </trkpt>
      <trkpt lat="48.63472" lon="-1.50854">
        <ele>3</ele>
      </trkpt>
      <trkpt lat="48.63474" lon="-1.50845">
        <ele>3</ele>
      </trkpt>
      <trkpt lat="48.63477" lon="-1.50835">
        <ele>3</ele>
      </trkpt>
      <trkpt lat="48.63479" lon="-1.50825">
        <ele>3</ele>
      </trkpt>
      <trkpt lat="48.63482" lon="-1.50816">
        <ele>3</ele>
      </trkpt>
      <trkpt lat="48.63484" lon="-1.50806">
        <ele>3</ele>
      </trkpt>
      <trkpt lat="48.63487" lon="-1.508">
        <ele>3</ele>
      </trkpt>
      <trkpt lat="48.63489" lon="-1.50794">
        <ele>3</ele>
      </trkpt>
      <trkpt lat="48.63491" lon="-1.50788">
        <ele>3</ele>
      </trkpt>
      <trkpt lat="48.63494" lon="-1.50782">
        <ele>3</ele>
      </trkpt>
      <trkpt lat="48.63496" lon="-1.50777">
        <ele>3</ele>
      </trkpt>
      <trkpt lat="48.63499" lon="-1.50771">
        <ele>3</ele>
      </trkpt>
      <trkpt lat="48.63501" lon="-1.50765">
        <ele>3</ele>
      </trkpt>
      <trkpt lat="48.63504" lon="-1.50759">
        <ele>3</ele>
      </trkpt>
      <trkpt lat="48.63506" lon="-1.50753">
        <ele>3</ele>
      </trkpt>
      <trkpt lat="48.63509" lon="-1.50747">
        <ele>3</ele>
      </trkpt>
      <trkpt lat="48.63511" lon="-1.50741">
        <ele>3</ele>
      </trkpt>
      <trkpt lat="48.63514" lon="-1.50735">
        <ele>3</ele>
      </trkpt>
      <trkpt lat="48.63516" lon="-1.50729">
        <ele>3</ele>
      </trkpt>
      <trkpt lat="48.63519" lon="-1.50723">
        <ele>3</ele>
      </trkpt>
      <trkpt lat="48.63521" lon="-1.50717">
        <ele>3</ele>
      </trkpt>
      <trkpt lat="48.63524" lon="-1.50712">
        <ele>3</ele>
      </trkpt>
      <trkpt lat="48.63526" lon="-1.50706">
        <ele>3</ele>
      </trkpt>
      <trkpt lat="48.63528" lon="-1.507">
        <ele>3</ele>
      </trkpt>
      <trkpt lat="48.63531" lon="-1.50694">
        <ele>3</ele>
      </trkpt>
      <trkpt lat="48.63533" lon="-1.50688">
        <ele>3</ele>
      </trkpt>
      <trkpt lat="48.63536" lon="-1.50682">
        <ele>3</ele>
      </trkpt>
      <trkpt lat="48.63538" lon="-1.50676">
        <ele>3</ele>
      </trkpt>
      <trkpt lat="48.63541" lon="-1.5067">
        <ele>3</ele>
      </trkpt>
      <trkpt lat="48.63543" lon="-1.50664">
        <ele>3</ele>
      </trkpt>
      <trkpt lat="48.63546" lon="-1.50658">
        <ele>3</ele>
      </trkpt>
      <trkpt lat="48.63548" lon="-1.50652">
        <ele>3</ele>
      </trkpt>
      <trkpt lat="48.63551" lon="-1.50647">
        <ele>3</ele>
      </trkpt>
      <trkpt lat="48.63553" lon="-1.50641">
        <ele>3</ele>
      </trkpt>
      <trkpt lat="48.63556" lon="-1.50635">
        <ele>3</ele>
      </trkpt>
      <trkpt lat="48.63558" lon="-1.50629">
        <ele>3</ele>
      </trkpt>
      <trkpt lat="48.63561" lon="-1.50623">
        <ele>3</ele>
      </trkpt>
      <trkpt lat="48.63563" lon="-1.50617">
        <ele>3</ele>
      </trkpt>
      <trkpt lat="48.63565" lon="-1.50608">
        <ele>3</ele>
      </trkpt>
      <trkpt lat="48.63566" lon="-1.506">
        <ele>3</ele>
      </trkpt>
      <trkpt lat="48.63568" lon="-1.50591">
        <ele>3</ele>
      </trkpt>
      <trkpt lat="48.63569" lon="-1.50583">
        <ele>3</ele>
      </trkpt>
      <trkpt lat="48.63571" lon="-1.50574">
        <ele>3</ele>
      </trkpt>
      <trkpt lat="48.63573" lon="-1.50565">
        <ele>3</ele>
      </trkpt>
      <trkpt lat="48.63574" lon="-1.50557">
        <ele>3</ele>
      </trkpt>
      <trkpt lat="48.63576" lon="-1.50548">
        <ele>3</ele>
      </trkpt>
      <trkpt lat="48.63577" lon="-1.5054">
        <ele>3</ele>
      </trkpt>
      <trkpt lat="48.63579" lon="-1.50531">
        <ele>3</ele>
      </trkpt>
      <trkpt lat="48.63581" lon="-1.50523">
        <ele>3</ele>
      </trkpt>
      <trkpt lat="48.63582" lon="-1.50514">
        <ele>3</ele>
      </trkpt>
      <trkpt lat="48.63584" lon="-1.50505">
        <ele>3</ele>
      </trkpt>
      <trkpt lat="48.63585" lon="-1.50497">
        <ele>3</ele>
      </trkpt>
      <trkpt lat="48.63587" lon="-1.50488">
        <ele>3</ele>
      </trkpt>
      <trkpt lat="48.63589" lon="-1.5048">
        <ele>3</ele>
      </trkpt>
      <trkpt lat="48.6359" lon="-1.50471">
        <ele>3</ele>
      </trkpt>
      <trkpt lat="48.63592" lon="-1.50462">
        <ele>3</ele>
      </trkpt>
      <trkpt lat="48.63593" lon="-1.50454">
        <ele>3</ele>
      </trkpt>
      <trkpt lat="48.63595" lon="-1.50445">
        <ele>3</ele>
      </trkpt>
      <trkpt lat="48.63597" lon="-1.50437">
        <ele>3</ele>
      </trkpt>
      <trkpt lat="48.63598" lon="-1.50428">
        <ele>3</ele>
      </trkpt>
      <trkpt lat="48.636" lon="-1.50419">
        <ele>3</ele>
      </trkpt>
      <trkpt lat="48.63601" lon="-1.50411">
        <ele>3</ele>
      </trkpt>
      <trkpt lat="48.63603" lon="-1.50402">
        <ele>3</ele>
      </trkpt>
      <trkpt lat="48.63604" lon="-1.50394">
        <ele>3</ele>
      </trkpt>
      <trkpt lat="48.63606" lon="-1.50385">
        <ele>3</ele>
      </trkpt>
      <trkpt lat="48.63608" lon="-1.50376">
        <ele>3</ele>
      </trkpt>
      <trkpt lat="48.63609" lon="-1.50368">
        <ele>3</ele>
      </trkpt>
      <trkpt lat="48.63611" lon="-1.50359">
        <ele>3</ele>
      </trkpt>
      <trkpt lat="48.63612" lon="-1.50351">
        <ele>3</ele>
      </trkpt>
      <trkpt lat="48.63614" lon="-1.50342">
        <ele>3</ele>
      </trkpt>
      <trkpt lat="48.63618" lon="-1.50337">
        <ele>3</ele>
      </trkpt>
      <trkpt lat="48.63623" lon="-1.50332">
        <ele>3</ele>
      </trkpt>
      <trkpt lat="48.63627" lon="-1.50328">
        <ele>3</ele>
      </trkpt>
      <trkpt lat="48.63632" lon="-1.50323">
        <ele>3</ele>
      </trkpt>
      <trkpt lat="48.63636" lon="-1.50318">
        <ele>3</ele>
      </trkpt>
      <trkpt lat="48.63641" lon="-1.50313">
        <ele>3</ele>
      </trkpt>
      <trkpt lat="48.63645" lon="-1.50308">
        <ele>3</ele>
      </trkpt>
      <trkpt lat="48.6365" lon="-1.50304">
        <ele>3</ele>
      </trkpt>
      <trkpt lat="48.63654" lon="-1.50299">
        <ele>3</ele>
      </trkpt>
      <trkpt lat="48.63658" lon="-1.50294">
        <ele>3</ele>
      </trkpt>
      <trkpt lat="48.63663" lon="-1.50289">
        <ele>3</ele>
      </trkpt>
      <trkpt lat="48.63667" lon="-1.50284">
        <ele>3</ele>
      </trkpt>
      <trkpt lat="48.63672" lon="-1.50279">
        <ele>3</ele>
      </trkpt>
      <trkpt lat="48.63676" lon="-1.50275">
        <ele>3</ele>
      </trkpt>
      <trkpt lat="48.63681" lon="-1.5027">
        <ele>3</ele>
      </trkpt>
      <trkpt lat="48.63685" lon="-1.50265">
        <ele>3</ele>
      </trkpt>
      <trkpt lat="48.63689" lon="-1.5026">
        <ele>3</ele>
      </trkpt>
      <trkpt lat="48.63694" lon="-1.50255">
        <ele>3</ele>
      </trkpt>
      <trkpt lat="48.63698" lon="-1.50251">
        <ele>3</ele>
      </trkpt>
      <trkpt lat="48.63703" lon="-1.50246">
        <ele>3</ele>
      </trkpt>
      <trkpt lat="48.63707" lon="-1.50241">
        <ele>3</ele>
      </trkpt>
      <trkpt lat="48.63712" lon="-1.50236">
        <ele>3</ele>
      </trkpt>
      <trkpt lat="48.63716" lon="-1.50231">
        <ele>3</ele>
      </trkpt>
      <trkpt lat="48.63721" lon="-1.50227">
        <ele>3</ele>
      </trkpt>
      <trkpt lat="48.63725" lon="-1.50222">
        <ele>3</ele>
      </trkpt>
      <trkpt lat="48.63729" lon="-1.50217">
        <ele>3</ele>
      </trkpt>
      <trkpt lat="48.63734" lon="-1.50212">
        <ele>3</ele>
      </trkpt>
      <trkpt lat="48.63738" lon="-1.50207">
        <ele>3</ele>
      </trkpt>
      <trkpt lat="48.63743" lon="-1.50202">
        <ele>3</ele>
      </trkpt>
      <trkpt lat="48.63747" lon="-1.50198">
        <ele>3</ele>
      </trkpt>
      <trkpt lat="48.63752" lon="-1.50193">
        <ele>3</ele>
      </trkpt>
      <trkpt lat="48.63756" lon="-1.50188">
        <ele>3</ele>
      </trkpt>
      <trkpt lat="48.63762" lon="-1.50179">
        <ele>3</ele>
      </trkpt>
      <trkpt lat="48.63769" lon="-1.50171">
        <ele>3</ele>
      </trkpt>
      <trkpt lat="48.63775" lon="-1.50162">
        <ele>3</ele>
      </trkpt>
      <trkpt lat="48.63782" lon="-1.50154">
        <ele>3</ele>
      </trkpt>
      <trkpt lat="48.63788" lon="-1.50145">
        <ele>3</ele>
      </trkpt>
      <trkpt lat="48.63794" lon="-1.50136">
        <ele>3</ele>
      </trkpt>
      <trkpt lat="48.63801" lon="-1.50128">
        <ele>3</ele>
      </trkpt>
      <trkpt lat="48.63807" lon="-1.50119">
        <ele>3</ele>
      </trkpt>
      <trkpt lat="48.63813" lon="-1.5011">
        <ele>3</ele>
      </trkpt>
      <trkpt lat="48.6382" lon="-1.50102">
        <ele>3</ele>
      </trkpt>
      <trkpt lat="48.63826" lon="-1.50093">
        <ele>3</ele>
      </trkpt>
      <trkpt lat="48.63833" lon="-1.50085">
        <ele>3</ele>
      </trkpt>
      <trkpt lat="48.63839" lon="-1.50076">
        <ele>3</ele>
      </trkpt>
      <trkpt lat="48.63845" lon="-1.50067">
        <ele>3</ele>
      </trkpt>
      <trkpt lat="48.63852" lon="-1.50059">
        <ele>3</ele>
      </trkpt>
      <trkpt lat="48.63858" lon="-1.5005">
        <ele>3</ele>
      </trkpt>
      <trkpt lat="48.63863" lon="-1.5004">
        <ele>3</ele>
      </trkpt>
      <trkpt lat="48.63868" lon="-1.5003">
        <ele>3</ele>
      </trkpt>
      <trkpt lat="48.63873" lon="-1.50019">
        <ele>3</ele>
      </trkpt>
      <trkpt lat="48.63878" lon="-1.50009">
        <ele>3</ele>
      </trkpt>
      <trkpt lat="48.63883" lon="-1.49999">
        <ele>3</ele>
      </trkpt>
      <trkpt lat="48.63888" lon="-1.49989">
        <ele>3</ele>
      </trkpt>
      <trkpt lat="48.63893" lon="-1.49979">
        <ele>3</ele>
      </trkpt>
      <trkpt lat="48.63898" lon="-1.49969">
        <ele>3</ele>
      </trkpt>
      <trkpt lat="48.63902" lon="-1.49958">
        <ele>3</ele>
      </trkpt>
      <trkpt lat="48.63907" lon="-1.49948">
        <ele>3</ele>
      </trkpt>
      <trkpt lat="48.63912" lon="-1.49938">
        <ele>3</ele>
      </trkpt>
      <trkpt lat="48.63917" lon="-1.49928">
        <ele>3</ele>
      </trkpt>
      <trkpt lat="48.63922" lon="-1.49918">
        <ele>3</ele>
      </trkpt>
      <trkpt lat="48.63927" lon="-1.49907">
        <ele>3</ele>
      </trkpt>
      <trkpt lat="48.63932" lon="-1.49897">
        <ele>3</ele>
      </trkpt>
      <trkpt lat="48.63937" lon="-1.49887">
        <ele>3</ele>
      </trkpt>
      <trkpt lat="48.63939" lon="-1.49878">
        <ele>3</ele>
      </trkpt>
      <trkpt lat="48.63941" lon="-1.4987">
        <ele>3</ele>
      </trkpt>
      <trkpt lat="48.63942" lon="-1.49861">
        <ele>3</ele>
      </trkpt>
      <trkpt lat="48.63944" lon="-1.49853">
        <ele>3</ele>
      </trkpt>
      <trkpt lat="48.63946" lon="-1.49844">
        <ele>3</ele>
      </trkpt>
      <trkpt lat="48.63948" lon="-1.49836">
        <ele>3</ele>
      </trkpt>
      <trkpt lat="48.6395" lon="-1.49827">
        <ele>3</ele>
      </trkpt>
      <trkpt lat="48.63952" lon="-1.49819">
        <ele>3</ele>
      </trkpt>
      <trkpt lat="48.63953" lon="-1.4981">
        <ele>3</ele>
      </trkpt>
      <trkpt lat="48.63955" lon="-1.49801">
        <ele>3</ele>
      </trkpt>
      <trkpt lat="48.63957" lon="-1.49793">
        <ele>3</ele>
      </trkpt>
      <trkpt lat="48.63959" lon="-1.49784">
        <ele>3</ele>
      </trkpt>
      <trkpt lat="48.63961" lon="-1.49776">
        <ele>3.1</ele>
      </trkpt>
      <trkpt lat="48.63962" lon="-1.49767">
        <ele>3.4</ele>
      </trkpt>
      <trkpt lat="48.63964" lon="-1.49759">
        <ele>3.7</ele>
      </trkpt>
      <trkpt lat="48.63966" lon="-1.4975">
        <ele>4</ele>
      </trkpt>
      <trkpt lat="48.63966" lon="-1.49741">
        <ele>4.3</ele>
      </trkpt>
      <trkpt lat="48.63966" lon="-1.49732">
        <ele>4.5</ele>
      </trkpt>
      <trkpt lat="48.63965" lon="-1.49723">
        <ele>4.7</ele>
      </trkpt>
      <trkpt lat="48.63965" lon="-1.49714">
        <ele>4.5</ele>
      </trkpt>
      <trkpt lat="48.63965" lon="-1.49704">
        <ele>4.3</ele>
      </trkpt>
      <trkpt lat="48.63965" lon="-1.49695">
        <ele>4</ele>
      </trkpt>
      <trkpt lat="48.63965" lon="-1.49686">
        <ele>4</ele>
      </trkpt>
      <trkpt lat="48.63965" lon="-1.49677">
        <ele>4</ele>
      </trkpt>
      <trkpt lat="48.63964" lon="-1.49668">
        <ele>4</ele>
      </trkpt>
      <trkpt lat="48.63964" lon="-1.49659">
        <ele>4.1</ele>
      </trkpt>
      <trkpt lat="48.63964" lon="-1.4965">
        <ele>4.2</ele>
      </trkpt>
      <trkpt lat="48.63964" lon="-1.49641">
        <ele>4.3</ele>
      </trkpt>
      <trkpt lat="48.63964" lon="-1.49631">
        <ele>4.3</ele>
      </trkpt>
      <trkpt lat="48.63963" lon="-1.49622">
        <ele>4.3</ele>
      </trkpt>
      <trkpt lat="48.63963" lon="-1.49613">
        <ele>4.3</ele>
      </trkpt>
      <trkpt lat="48.63963" lon="-1.49604">
        <ele>4.4</ele>
      </trkpt>
      <trkpt lat="48.63963" lon="-1.49595">
        <ele>4.5</ele>
      </trkpt>
      <trkpt lat="48.63963" lon="-1.49586">
        <ele>4.7</ele>
      </trkpt>
      <trkpt lat="48.63962" lon="-1.49577">
        <ele>4.9</ele>
      </trkpt>
      <trkpt lat="48.63962" lon="-1.49568">
        <ele>5.1</ele>
      </trkpt>
      <trkpt lat="48.63962" lon="-1.49558">
        <ele>5.3</ele>
      </trkpt>
      <trkpt lat="48.63962" lon="-1.49549">
        <ele>5.5</ele>
      </trkpt>
      <trkpt lat="48.63962" lon="-1.4954">
        <ele>5.7</ele>
      </trkpt>
      <trkpt lat="48.63962" lon="-1.49531">
        <ele>5.9</ele>
      </trkpt>
      <trkpt lat="48.63961" lon="-1.49522">
        <ele>6</ele>
      </trkpt>
      <trkpt lat="48.63961" lon="-1.49513">
        <ele>6</ele>
      </trkpt>
      <trkpt lat="48.63961" lon="-1.49504">
        <ele>6</ele>
      </trkpt>
      <trkpt lat="48.63961" lon="-1.49495">
        <ele>6</ele>
      </trkpt>
      <trkpt lat="48.63961" lon="-1.49485">
        <ele>6</ele>
      </trkpt>
      <trkpt lat="48.6396" lon="-1.49476">
        <ele>6</ele>
      </trkpt>
      <trkpt lat="48.6396" lon="-1.49467">
        <ele>5.8</ele>
      </trkpt>
      <trkpt lat="48.6396" lon="-1.49458">
        <ele>5.5</ele>
      </trkpt>
      <trkpt lat="48.63961" lon="-1.49447">
        <ele>5.1</ele>
      </trkpt>
      <trkpt lat="48.63961" lon="-1.49437">
        <ele>5.3</ele>
      </trkpt>
      <trkpt lat="48.63962" lon="-1.49426">
        <ele>5.7</ele>
      </trkpt>
      <trkpt lat="48.63963" lon="-1.49416">
        <ele>6</ele>
      </trkpt>
      <trkpt lat="48.63964" lon="-1.49405">
        <ele>6</ele>
      </trkpt>
      <trkpt lat="48.63964" lon="-1.49394">
        <ele>6</ele>
      </trkpt>
      <trkpt lat="48.63965" lon="-1.49384">
        <ele>6</ele>
      </trkpt>
      <trkpt lat="48.63966" lon="-1.49373">
        <ele>6</ele>
      </trkpt>
      <trkpt lat="48.63967" lon="-1.49363">
        <ele>6</ele>
      </trkpt>
      <trkpt lat="48.63967" lon="-1.49352">
        <ele>6</ele>
      </trkpt>
      <trkpt lat="48.63968" lon="-1.49341">
        <ele>6</ele>
      </trkpt>
      <trkpt lat="48.63969" lon="-1.49331">
        <ele>6</ele>
      </trkpt>
      <trkpt lat="48.63969" lon="-1.4932">
        <ele>6</ele>
      </trkpt>
      <trkpt lat="48.6397" lon="-1.4931">
        <ele>6</ele>
      </trkpt>
      <trkpt lat="48.63971" lon="-1.49299">
        <ele>6</ele>
      </trkpt>
      <trkpt lat="48.63972" lon="-1.49288">
        <ele>6</ele>
      </trkpt>
      <trkpt lat="48.63972" lon="-1.49278">
        <ele>6</ele>
      </trkpt>
      <trkpt lat="48.63973" lon="-1.49267">
        <ele>6</ele>
      </trkpt>
      <trkpt lat="48.63974" lon="-1.49256">
        <ele>6</ele>
      </trkpt>
      <trkpt lat="48.63974" lon="-1.49246">
        <ele>6</ele>
      </trkpt>
      <trkpt lat="48.63975" lon="-1.49235">
        <ele>6</ele>
      </trkpt>
      <trkpt lat="48.63976" lon="-1.49225">
        <ele>6</ele>
      </trkpt>
      <trkpt lat="48.63977" lon="-1.49214">
        <ele>6</ele>
      </trkpt>
      <trkpt lat="48.63977" lon="-1.49203">
        <ele>5.9</ele>
      </trkpt>
      <trkpt lat="48.63978" lon="-1.49193">
        <ele>5.8</ele>
      </trkpt>
      <trkpt lat="48.63979" lon="-1.49182">
        <ele>5.8</ele>
      </trkpt>
      <trkpt lat="48.63979" lon="-1.49172">
        <ele>5.7</ele>
      </trkpt>
      <trkpt lat="48.6398" lon="-1.49161">
        <ele>5.8</ele>
      </trkpt>
      <trkpt lat="48.63981" lon="-1.4915">
        <ele>5.9</ele>
      </trkpt>
      <trkpt lat="48.63982" lon="-1.4914">
        <ele>6</ele>
      </trkpt>
      <trkpt lat="48.63982" lon="-1.49129">
        <ele>5.8</ele>
      </trkpt>
      <trkpt lat="48.63983" lon="-1.49119">
        <ele>5.6</ele>
      </trkpt>
      <trkpt lat="48.63984" lon="-1.49108">
        <ele>5.5</ele>
      </trkpt>
      <trkpt lat="48.63984" lon="-1.49097">
        <ele>5.9</ele>
      </trkpt>
      <trkpt lat="48.63985" lon="-1.49087">
        <ele>6.3</ele>
      </trkpt>
      <trkpt lat="48.63986" lon="-1.49076">
        <ele>6.5</ele>
      </trkpt>
      <trkpt lat="48.63987" lon="-1.49066">
        <ele>6.5</ele>
      </trkpt>
      <trkpt lat="48.63987" lon="-1.49055">
        <ele>6.5</ele>
      </trkpt>
      <trkpt lat="48.63988" lon="-1.49044">
        <ele>6.6</ele>
      </trkpt>
      <trkpt lat="48.63989" lon="-1.49034">
        <ele>6.6</ele>
      </trkpt>
      <trkpt lat="48.6399" lon="-1.49023">
        <ele>6.7</ele>
      </trkpt>
      <trkpt lat="48.6399" lon="-1.49012">
        <ele>6.8</ele>
      </trkpt>
      <trkpt lat="48.63991" lon="-1.49002">
        <ele>7</ele>
      </trkpt>
      <trkpt lat="48.63992" lon="-1.48991">
        <ele>6.8</ele>
      </trkpt>
      <trkpt lat="48.63992" lon="-1.48981">
        <ele>6.5</ele>
      </trkpt>
      <trkpt lat="48.63993" lon="-1.4897">
        <ele>6.3</ele>
      </trkpt>
      <trkpt lat="48.63994" lon="-1.48959">
        <ele>6.6</ele>
      </trkpt>
      <trkpt lat="48.63995" lon="-1.48949">
        <ele>6.9</ele>
      </trkpt>
      <trkpt lat="48.63995" lon="-1.48938">
        <ele>7</ele>
      </trkpt>
      <trkpt lat="48.63996" lon="-1.48928">
        <ele>7</ele>
      </trkpt>
      <trkpt lat="48.63997" lon="-1.48917">
        <ele>7</ele>
      </trkpt>
      <trkpt lat="48.63997" lon="-1.48906">
        <ele>7</ele>
      </trkpt>
      <trkpt lat="48.63998" lon="-1.48896">
        <ele>7</ele>
      </trkpt>
      <trkpt lat="48.63999" lon="-1.48885">
        <ele>7</ele>
      </trkpt>
      <trkpt lat="48.64" lon="-1.48875">
        <ele>7</ele>
      </trkpt>
      <trkpt lat="48.64" lon="-1.48864">
        <ele>7</ele>
      </trkpt>
      <trkpt lat="48.64001" lon="-1.48853">
        <ele>7</ele>
      </trkpt>
      <trkpt lat="48.64002" lon="-1.48843">
        <ele>7</ele>
      </trkpt>
      <trkpt lat="48.64002" lon="-1.48832">
        <ele>7</ele>
      </trkpt>
      <trkpt lat="48.64003" lon="-1.48821">
        <ele>7</ele>
      </trkpt>
      <trkpt lat="48.64004" lon="-1.48811">
        <ele>7</ele>
      </trkpt>
      <trkpt lat="48.64005" lon="-1.488">
        <ele>7</ele>
      </trkpt>
      <trkpt lat="48.64005" lon="-1.4879">
        <ele>7</ele>
      </trkpt>
      <trkpt lat="48.64006" lon="-1.48779">
        <ele>7</ele>
      </trkpt>
      <trkpt lat="48.64006" lon="-1.48768">
        <ele>7</ele>
      </trkpt>
      <trkpt lat="48.64006" lon="-1.48757">
        <ele>7</ele>
      </trkpt>
      <trkpt lat="48.64006" lon="-1.48746">
        <ele>7</ele>
      </trkpt>
      <trkpt lat="48.64006" lon="-1.48735">
        <ele>7</ele>
      </trkpt>
      <trkpt lat="48.64006" lon="-1.48724">
        <ele>7</ele>
      </trkpt>
      <trkpt lat="48.64006" lon="-1.48713">
        <ele>7</ele>
      </trkpt>
      <trkpt lat="48.64006" lon="-1.48702">
        <ele>7</ele>
      </trkpt>
      <trkpt lat="48.64006" lon="-1.48691">
        <ele>7</ele>
      </trkpt>
      <trkpt lat="48.64006" lon="-1.4868">
        <ele>7</ele>
      </trkpt>
      <trkpt lat="48.64006" lon="-1.48669">
        <ele>7</ele>
      </trkpt>
      <trkpt lat="48.64006" lon="-1.48658">
        <ele>7</ele>
      </trkpt>
      <trkpt lat="48.64006" lon="-1.48647">
        <ele>7</ele>
      </trkpt>
      <trkpt lat="48.64006" lon="-1.48636">
        <ele>7</ele>
      </trkpt>
      <trkpt lat="48.64006" lon="-1.48625">
        <ele>7</ele>
      </trkpt>
      <trkpt lat="48.64006" lon="-1.48614">
        <ele>7</ele>
      </trkpt>
      <trkpt lat="48.64006" lon="-1.48603">
        <ele>7</ele>
      </trkpt>
      <trkpt lat="48.64006" lon="-1.48592">
        <ele>7</ele>
      </trkpt>
      <trkpt lat="48.64006" lon="-1.48581">
        <ele>7</ele>
      </trkpt>
      <trkpt lat="48.64006" lon="-1.4857">
        <ele>7</ele>
      </trkpt>
      <trkpt lat="48.64006" lon="-1.48559">
        <ele>7</ele>
      </trkpt>
      <trkpt lat="48.64006" lon="-1.48548">
        <ele>7</ele>
      </trkpt>
      <trkpt lat="48.64006" lon="-1.48537">
        <ele>7</ele>
      </trkpt>
      <trkpt lat="48.64006" lon="-1.48526">
        <ele>7</ele>
      </trkpt>
      <trkpt lat="48.64006" lon="-1.48515">
        <ele>7</ele>
      </trkpt>
      <trkpt lat="48.64006" lon="-1.48504">
        <ele>7</ele>
      </trkpt>
      <trkpt lat="48.64006" lon="-1.48493">
        <ele>7</ele>
      </trkpt>
      <trkpt lat="48.64006" lon="-1.48482">
        <ele>7</ele>
      </trkpt>
      <trkpt lat="48.64006" lon="-1.48471">
        <ele>7</ele>
      </trkpt>
      <trkpt lat="48.64006" lon="-1.4846">
        <ele>7</ele>
      </trkpt>
      <trkpt lat="48.64006" lon="-1.48449">
        <ele>7</ele>
      </trkpt>
      <trkpt lat="48.64006" lon="-1.48438">
        <ele>7</ele>
      </trkpt>
      <trkpt lat="48.64006" lon="-1.48427">
        <ele>7</ele>
      </trkpt>
      <trkpt lat="48.64006" lon="-1.48416">
        <ele>7</ele>
      </trkpt>
      <trkpt lat="48.64006" lon="-1.48405">
        <ele>7</ele>
      </trkpt>
      <trkpt lat="48.64006" lon="-1.48394">
        <ele>7</ele>
      </trkpt>
      <trkpt lat="48.64006" lon="-1.48383">
        <ele>7</ele>
      </trkpt>
      <trkpt lat="48.64006" lon="-1.48372">
        <ele>7</ele>
      </trkpt>
      <trkpt lat="48.64006" lon="-1.48361">
        <ele>7</ele>
      </trkpt>
      <trkpt lat="48.64006" lon="-1.4835">
        <ele>7</ele>
      </trkpt>
      <trkpt lat="48.64006" lon="-1.48339">
        <ele>7</ele>
      </trkpt>
      <trkpt lat="48.64006" lon="-1.48328">
        <ele>7</ele>
      </trkpt>
      <trkpt lat="48.64006" lon="-1.48317">
        <ele>7</ele>
      </trkpt>
      <trkpt lat="48.64006" lon="-1.48306">
        <ele>7</ele>
      </trkpt>
      <trkpt lat="48.64006" lon="-1.48295">
        <ele>7</ele>
      </trkpt>
      <trkpt lat="48.64006" lon="-1.48284">
        <ele>7</ele>
      </trkpt>
      <trkpt lat="48.64006" lon="-1.48273">
        <ele>7</ele>
      </trkpt>
      <trkpt lat="48.64006" lon="-1.48262">
        <ele>7</ele>
      </trkpt>
      <trkpt lat="48.64006" lon="-1.48251">
        <ele>7</ele>
      </trkpt>
      <trkpt lat="48.64006" lon="-1.4824">
        <ele>7</ele>
      </trkpt>
      <trkpt lat="48.64006" lon="-1.48229">
        <ele>7</ele>
      </trkpt>
      <trkpt lat="48.64006" lon="-1.48218">
        <ele>7</ele>
      </trkpt>
      <trkpt lat="48.64006" lon="-1.48207">
        <ele>7</ele>
      </trkpt>
      <trkpt lat="48.64006" lon="-1.48196">
        <ele>7</ele>
      </trkpt>
      <trkpt lat="48.64006" lon="-1.48185">
        <ele>7</ele>
      </trkpt>
      <trkpt lat="48.64006" lon="-1.48174">
        <ele>7</ele>
      </trkpt>
      <trkpt lat="48.64006" lon="-1.48163">
        <ele>7</ele>
      </trkpt>
      <trkpt lat="48.64006" lon="-1.48152">
        <ele>7</ele>
      </trkpt>
      <trkpt lat="48.64006" lon="-1.48141">
        <ele>7</ele>
      </trkpt>
      <trkpt lat="48.64006" lon="-1.4813">
        <ele>7</ele>
      </trkpt>
      <trkpt lat="48.64006" lon="-1.48119">
        <ele>7</ele>
      </trkpt>
      <trkpt lat="48.64006" lon="-1.48108">
        <ele>7</ele>
      </trkpt>
      <trkpt lat="48.64006" lon="-1.48097">
        <ele>7</ele>
      </trkpt>
      <trkpt lat="48.64006" lon="-1.48086">
        <ele>7</ele>
      </trkpt>
      <trkpt lat="48.64006" lon="-1.48075">
        <ele>7</ele>
      </trkpt>
      <trkpt lat="48.64006" lon="-1.48062">
        <ele>7</ele>
      </trkpt>
      <trkpt lat="48.64006" lon="-1.4805">
        <ele>7</ele>
      </trkpt>
      <trkpt lat="48.64005" lon="-1.48037">
        <ele>7</ele>
      </trkpt>
      <trkpt lat="48.64005" lon="-1.48025">
        <ele>7</ele>
      </trkpt>
      <trkpt lat="48.64005" lon="-1.48012">
        <ele>7</ele>
      </trkpt>
      <trkpt lat="48.64005" lon="-1.47999">
        <ele>7</ele>
      </trkpt>
      <trkpt lat="48.64005" lon="-1.47987">
        <ele>7</ele>
      </trkpt>
      <trkpt lat="48.64005" lon="-1.47974">
        <ele>7</ele>
      </trkpt>
      <trkpt lat="48.64004" lon="-1.47962">
        <ele>7</ele>
      </trkpt>
      <trkpt lat="48.64004" lon="-1.47949">
        <ele>7</ele>
      </trkpt>
      <trkpt lat="48.64004" lon="-1.47936">
        <ele>7</ele>
      </trkpt>
      <trkpt lat="48.64004" lon="-1.47924">
        <ele>7</ele>
      </trkpt>
      <trkpt lat="48.64004" lon="-1.47911">
        <ele>7</ele>
      </trkpt>
      <trkpt lat="48.64003" lon="-1.47899">
        <ele>7</ele>
      </trkpt>
      <trkpt lat="48.64003" lon="-1.47886">
        <ele>7</ele>
      </trkpt>
      <trkpt lat="48.64003" lon="-1.47873">
        <ele>7</ele>
      </trkpt>
      <trkpt lat="48.64003" lon="-1.47861">
        <ele>7</ele>
      </trkpt>
      <trkpt lat="48.64003" lon="-1.47848">
        <ele>7</ele>
      </trkpt>
      <trkpt lat="48.64002" lon="-1.47835">
        <ele>7</ele>
      </trkpt>
      <trkpt lat="48.64002" lon="-1.47823">
        <ele>7</ele>
      </trkpt>
      <trkpt lat="48.64002" lon="-1.4781">
        <ele>7</ele>
      </trkpt>
      <trkpt lat="48.64002" lon="-1.47798">
        <ele>7</ele>
      </trkpt>
      <trkpt lat="48.64002" lon="-1.47785">
        <ele>7</ele>
      </trkpt>
      <trkpt lat="48.64002" lon="-1.47772">
        <ele>7</ele>
      </trkpt>
      <trkpt lat="48.64001" lon="-1.4776">
        <ele>7</ele>
      </trkpt>
      <trkpt lat="48.64001" lon="-1.47747">
        <ele>7</ele>
      </trkpt>
      <trkpt lat="48.64001" lon="-1.47735">
        <ele>7</ele>
      </trkpt>
      <trkpt lat="48.64001" lon="-1.47722">
        <ele>7</ele>
      </trkpt>
      <trkpt lat="48.64001" lon="-1.47709">
        <ele>7</ele>
      </trkpt>
      <trkpt lat="48.64" lon="-1.47697">
        <ele>7</ele>
      </trkpt>
      <trkpt lat="48.64" lon="-1.47684">
        <ele>7</ele>
      </trkpt>
      <trkpt lat="48.64" lon="-1.47672">
        <ele>7</ele>
      </trkpt>
      <trkpt lat="48.64" lon="-1.47659">
        <ele>7</ele>
      </trkpt>
      <trkpt lat="48.64" lon="-1.47646">
        <ele>7</ele>
      </trkpt>
      <trkpt lat="48.63999" lon="-1.47634">
        <ele>7</ele>
      </trkpt>
      <trkpt lat="48.63999" lon="-1.47621">
        <ele>7</ele>
      </trkpt>
      <trkpt lat="48.63999" lon="-1.47609">
        <ele>7</ele>
      </trkpt>
      <trkpt lat="48.63999" lon="-1.47596">
        <ele>7</ele>
      </trkpt>
      <trkpt lat="48.63999" lon="-1.47583">
        <ele>7</ele>
      </trkpt>
      <trkpt lat="48.63999" lon="-1.47571">
        <ele>7</ele>
      </trkpt>
      <trkpt lat="48.63998" lon="-1.47558">
        <ele>7</ele>
      </trkpt>
      <trkpt lat="48.63998" lon="-1.47545">
        <ele>7</ele>
      </trkpt>
      <trkpt lat="48.63998" lon="-1.47533">
        <ele>7</ele>
      </trkpt>
      <trkpt lat="48.63998" lon="-1.4752">
        <ele>7</ele>
      </trkpt>
      <trkpt lat="48.63998" lon="-1.47508">
        <ele>7</ele>
      </trkpt>
      <trkpt lat="48.63997" lon="-1.47495">
        <ele>7</ele>
      </trkpt>
      <trkpt lat="48.63997" lon="-1.47482">
        <ele>7</ele>
      </trkpt>
      <trkpt lat="48.63997" lon="-1.4747">
        <ele>6.9</ele>
      </trkpt>
      <trkpt lat="48.63997" lon="-1.47457">
        <ele>6.5</ele>
      </trkpt>
      <trkpt lat="48.63997" lon="-1.47445">
        <ele>6</ele>
      </trkpt>
      <trkpt lat="48.63996" lon="-1.47432">
        <ele>6</ele>
      </trkpt>
      <trkpt lat="48.63996" lon="-1.47419">
        <ele>6</ele>
      </trkpt>
      <trkpt lat="48.63996" lon="-1.47407">
        <ele>6</ele>
      </trkpt>
      <trkpt lat="48.63996" lon="-1.47394">
        <ele>6</ele>
      </trkpt>
      <trkpt lat="48.63996" lon="-1.47382">
        <ele>6</ele>
      </trkpt>
      <trkpt lat="48.63996" lon="-1.47369">
        <ele>6</ele>
      </trkpt>
      <trkpt lat="48.63995" lon="-1.47356">
        <ele>6</ele>
      </trkpt>
      <trkpt lat="48.63995" lon="-1.47344">
        <ele>6</ele>
      </trkpt>
      <trkpt lat="48.63995" lon="-1.47331">
        <ele>6</ele>
      </trkpt>
      <trkpt lat="48.63995" lon="-1.47318">
        <ele>6.1</ele>
      </trkpt>
      <trkpt lat="48.63995" lon="-1.47306">
        <ele>6.2</ele>
      </trkpt>
      <trkpt lat="48.63994" lon="-1.47293">
        <ele>6.2</ele>
      </trkpt>
      <trkpt lat="48.63994" lon="-1.47281">
        <ele>6.2</ele>
      </trkpt>
      <trkpt lat="48.63994" lon="-1.47268">
        <ele>6.2</ele>
      </trkpt>
      <trkpt lat="48.63993" lon="-1.47261">
        <ele>6.3</ele>
      </trkpt>
      <trkpt lat="48.63992" lon="-1.47255">
        <ele>6.3</ele>
      </trkpt>
      <trkpt lat="48.63991" lon="-1.47248">
        <ele>6.3</ele>
      </trkpt>
      <trkpt lat="48.6399" lon="-1.47241">
        <ele>6.4</ele>
      </trkpt>
      <trkpt lat="48.63989" lon="-1.47235">
        <ele>6.4</ele>
      </trkpt>
      <trkpt lat="48.63988" lon="-1.47228">
        <ele>6.4</ele>
      </trkpt>
      <trkpt lat="48.63987" lon="-1.47221">
        <ele>6.5</ele>
      </trkpt>
      <trkpt lat="48.63986" lon="-1.47214">
        <ele>6.5</ele>
      </trkpt>
      <trkpt lat="48.63984" lon="-1.47208">
        <ele>6.6</ele>
      </trkpt>
      <trkpt lat="48.63983" lon="-1.47201">
        <ele>6.6</ele>
      </trkpt>
      <trkpt lat="48.63982" lon="-1.47194">
        <ele>6.6</ele>
      </trkpt>
      <trkpt lat="48.63981" lon="-1.47188">
        <ele>6.7</ele>
      </trkpt>
      <trkpt lat="48.6398" lon="-1.47181">
        <ele>6.7</ele>
      </trkpt>
      <trkpt lat="48.63979" lon="-1.47174">
        <ele>6.8</ele>
      </trkpt>
      <trkpt lat="48.63978" lon="-1.47168">
        <ele>6.8</ele>
      </trkpt>
      <trkpt lat="48.63977" lon="-1.47161">
        <ele>6.8</ele>
      </trkpt>
      <trkpt lat="48.63976" lon="-1.47154">
        <ele>6.9</ele>
      </trkpt>
      <trkpt lat="48.63975" lon="-1.47147">
        <ele>6.9</ele>
      </trkpt>
      <trkpt lat="48.63974" lon="-1.47141">
        <ele>6.9</ele>
      </trkpt>
      <trkpt lat="48.63973" lon="-1.47134">
        <ele>7</ele>
      </trkpt>
      <trkpt lat="48.63972" lon="-1.47127">
        <ele>7</ele>
      </trkpt>
      <trkpt lat="48.63971" lon="-1.47121">
        <ele>7</ele>
      </trkpt>
      <trkpt lat="48.6397" lon="-1.47114">
        <ele>7</ele>
      </trkpt>
      <trkpt lat="48.63969" lon="-1.47107">
        <ele>7</ele>
      </trkpt>
      <trkpt lat="48.63967" lon="-1.471">
        <ele>7</ele>
      </trkpt>
      <trkpt lat="48.63966" lon="-1.47094">
        <ele>7</ele>
      </trkpt>
      <trkpt lat="48.63965" lon="-1.47087">
        <ele>7</ele>
      </trkpt>
      <trkpt lat="48.63964" lon="-1.4708">
        <ele>7</ele>
      </trkpt>
      <trkpt lat="48.63963" lon="-1.47074">
        <ele>7</ele>
      </trkpt>
      <trkpt lat="48.63962" lon="-1.47067">
        <ele>7</ele>
      </trkpt>
      <trkpt lat="48.63961" lon="-1.4706">
        <ele>7</ele>
      </trkpt>
      <trkpt lat="48.6396" lon="-1.47054">
        <ele>7</ele>
      </trkpt>
      <trkpt lat="48.63959" lon="-1.47047">
        <ele>7</ele>
      </trkpt>
      <trkpt lat="48.63958" lon="-1.4704">
        <ele>7</ele>
      </trkpt>
      <trkpt lat="48.63957" lon="-1.47033">
        <ele>7</ele>
      </trkpt>
      <trkpt lat="48.63956" lon="-1.47027">
        <ele>7</ele>
      </trkpt>
      <trkpt lat="48.63955" lon="-1.4702">
        <ele>7</ele>
      </trkpt>
      <trkpt lat="48.63954" lon="-1.47013">
        <ele>7</ele>
      </trkpt>
      <trkpt lat="48.63953" lon="-1.47007">
        <ele>7</ele>
      </trkpt>
      <trkpt lat="48.63952" lon="-1.47">
        <ele>7</ele>
      </trkpt>
      <trkpt lat="48.6395" lon="-1.46993">
        <ele>7</ele>
      </trkpt>
      <trkpt lat="48.63949" lon="-1.46987">
        <ele>7</ele>
      </trkpt>
      <trkpt lat="48.63948" lon="-1.4698">
        <ele>7</ele>
      </trkpt>
      <trkpt lat="48.63947" lon="-1.46973">
        <ele>7</ele>
      </trkpt>
      <trkpt lat="48.63946" lon="-1.46966">
        <ele>7</ele>
      </trkpt>
      <trkpt lat="48.63945" lon="-1.4696">
        <ele>7</ele>
      </trkpt>
      <trkpt lat="48.63944" lon="-1.46953">
        <ele>7</ele>
      </trkpt>
      <trkpt lat="48.63943" lon="-1.46946">
        <ele>7</ele>
      </trkpt>
      <trkpt lat="48.63942" lon="-1.4694">
        <ele>7</ele>
      </trkpt>
      <trkpt lat="48.63941" lon="-1.46933">
        <ele>7</ele>
      </trkpt>
      <trkpt lat="48.6394" lon="-1.46926">
        <ele>7</ele>
      </trkpt>
      <trkpt lat="48.63939" lon="-1.46919">
        <ele>7</ele>
      </trkpt>
      <trkpt lat="48.63938" lon="-1.46913">
        <ele>7</ele>
      </trkpt>
      <trkpt lat="48.63937" lon="-1.46906">
        <ele>7</ele>
      </trkpt>
      <trkpt lat="48.63936" lon="-1.46899">
        <ele>7</ele>
      </trkpt>
      <trkpt lat="48.63935" lon="-1.46893">
        <ele>7</ele>
      </trkpt>
      <trkpt lat="48.63933" lon="-1.46886">
        <ele>7</ele>
      </trkpt>
      <trkpt lat="48.63932" lon="-1.46879">
        <ele>7</ele>
      </trkpt>
      <trkpt lat="48.63931" lon="-1.46873">
        <ele>7</ele>
      </trkpt>
      <trkpt lat="48.6393" lon="-1.46866">
        <ele>7</ele>
      </trkpt>
      <trkpt lat="48.63929" lon="-1.46859">
        <ele>7</ele>
      </trkpt>
      <trkpt lat="48.63928" lon="-1.46852">
        <ele>7</ele>
      </trkpt>
      <trkpt lat="48.63927" lon="-1.46846">
        <ele>7</ele>
      </trkpt>
      <trkpt lat="48.63926" lon="-1.46839">
        <ele>7</ele>
      </trkpt>
      <trkpt lat="48.63924" lon="-1.4683">
        <ele>7</ele>
      </trkpt>
      <trkpt lat="48.63922" lon="-1.46822">
        <ele>7</ele>
      </trkpt>
      <trkpt lat="48.63921" lon="-1.46813">
        <ele>7</ele>
      </trkpt>
      <trkpt lat="48.63919" lon="-1.46805">
        <ele>7</ele>
      </trkpt>
      <trkpt lat="48.63917" lon="-1.46796">
        <ele>7</ele>
      </trkpt>
      <trkpt lat="48.63915" lon="-1.46788">
        <ele>7</ele>
      </trkpt>
      <trkpt lat="48.63914" lon="-1.46779">
        <ele>7</ele>
      </trkpt>
      <trkpt lat="48.63912" lon="-1.46771">
        <ele>7</ele>
      </trkpt>
      <trkpt lat="48.6391" lon="-1.46762">
        <ele>7</ele>
      </trkpt>
      <trkpt lat="48.63908" lon="-1.46753">
        <ele>7</ele>
      </trkpt>
      <trkpt lat="48.63906" lon="-1.46745">
        <ele>7</ele>
      </trkpt>
      <trkpt lat="48.63905" lon="-1.46736">
        <ele>7</ele>
      </trkpt>
      <trkpt lat="48.63903" lon="-1.46728">
        <ele>7</ele>
      </trkpt>
      <trkpt lat="48.63901" lon="-1.46719">
        <ele>7</ele>
      </trkpt>
      <trkpt lat="48.63899" lon="-1.46711">
        <ele>7</ele>
      </trkpt>
      <trkpt lat="48.63898" lon="-1.46702">
        <ele>7</ele>
      </trkpt>
      <trkpt lat="48.63896" lon="-1.46693">
        <ele>7</ele>
      </trkpt>
      <trkpt lat="48.63894" lon="-1.46685">
        <ele>7</ele>
      </trkpt>
      <trkpt lat="48.63892" lon="-1.46676">
        <ele>7</ele>
      </trkpt>
      <trkpt lat="48.6389" lon="-1.46668">
        <ele>7</ele>
      </trkpt>
      <trkpt lat="48.63889" lon="-1.46659">
        <ele>7</ele>
      </trkpt>
      <trkpt lat="48.63887" lon="-1.46651">
        <ele>7</ele>
      </trkpt>
      <trkpt lat="48.63885" lon="-1.46642">
        <ele>7</ele>
      </trkpt>
      <trkpt lat="48.63883" lon="-1.46634">
        <ele>7</ele>
      </trkpt>
      <trkpt lat="48.63882" lon="-1.46625">
        <ele>7</ele>
      </trkpt>
      <trkpt lat="48.6388" lon="-1.46616">
        <ele>7</ele>
      </trkpt>
      <trkpt lat="48.63878" lon="-1.46608">
        <ele>7</ele>
      </trkpt>
      <trkpt lat="48.63876" lon="-1.46599">
        <ele>7</ele>
      </trkpt>
      <trkpt lat="48.63874" lon="-1.46591">
        <ele>7</ele>
      </trkpt>
      <trkpt lat="48.63873" lon="-1.46582">
        <ele>7</ele>
      </trkpt>
      <trkpt lat="48.63871" lon="-1.46574">
        <ele>7</ele>
      </trkpt>
      <trkpt lat="48.63869" lon="-1.46565">
        <ele>7</ele>
      </trkpt>
      <trkpt lat="48.63867" lon="-1.46559">
        <ele>7</ele>
      </trkpt>
      <trkpt lat="48.63864" lon="-1.46553">
        <ele>7</ele>
      </trkpt>
      <trkpt lat="48.63862" lon="-1.46547">
        <ele>7</ele>
      </trkpt>
      <trkpt lat="48.6386" lon="-1.4654">
        <ele>7</ele>
      </trkpt>
      <trkpt lat="48.63858" lon="-1.46534">
        <ele>7</ele>
      </trkpt>
      <trkpt lat="48.63855" lon="-1.46528">
        <ele>7</ele>
      </trkpt>
      <trkpt lat="48.63853" lon="-1.46522">
        <ele>7</ele>
      </trkpt>
      <trkpt lat="48.63851" lon="-1.46516">
        <ele>7</ele>
      </trkpt>
      <trkpt lat="48.63848" lon="-1.4651">
        <ele>7</ele>
      </trkpt>
      <trkpt lat="48.63846" lon="-1.46503">
        <ele>7</ele>
      </trkpt>
      <trkpt lat="48.63844" lon="-1.46497">
        <ele>7</ele>
      </trkpt>
      <trkpt lat="48.63841" lon="-1.46491">
        <ele>7</ele>
      </trkpt>
      <trkpt lat="48.63839" lon="-1.46485">
        <ele>7</ele>
      </trkpt>
      <trkpt lat="48.63837" lon="-1.46479">
        <ele>7</ele>
      </trkpt>
      <trkpt lat="48.63835" lon="-1.46472">
        <ele>7</ele>
      </trkpt>
      <trkpt lat="48.63832" lon="-1.46466">
        <ele>7</ele>
      </trkpt>
      <trkpt lat="48.6383" lon="-1.4646">
        <ele>6.9</ele>
      </trkpt>
      <trkpt lat="48.63828" lon="-1.46454">
        <ele>6.9</ele>
      </trkpt>
      <trkpt lat="48.63825" lon="-1.46448">
        <ele>6.7</ele>
      </trkpt>
      <trkpt lat="48.63823" lon="-1.46442">
        <ele>6.6</ele>
      </trkpt>
      <trkpt lat="48.63821" lon="-1.46435">
        <ele>6.5</ele>
      </trkpt>
      <trkpt lat="48.63819" lon="-1.46429">
        <ele>6.5</ele>
      </trkpt>
      <trkpt lat="48.63816" lon="-1.46423">
        <ele>6.6</ele>
      </trkpt>
      <trkpt lat="48.63814" lon="-1.46417">
        <ele>6.7</ele>
      </trkpt>
      <trkpt lat="48.63812" lon="-1.46411">
        <ele>6.8</ele>
      </trkpt>
      <trkpt lat="48.63809" lon="-1.46405">
        <ele>6.9</ele>
      </trkpt>
      <trkpt lat="48.63807" lon="-1.46398">
        <ele>6.9</ele>
      </trkpt>
      <trkpt lat="48.63805" lon="-1.46392">
        <ele>7</ele>
      </trkpt>
      <trkpt lat="48.63802" lon="-1.46386">
        <ele>7</ele>
      </trkpt>
      <trkpt lat="48.638" lon="-1.4638">
        <ele>7</ele>
      </trkpt>
      <trkpt lat="48.63798" lon="-1.46374">
        <ele>7</ele>
      </trkpt>
      <trkpt lat="48.63796" lon="-1.46368">
        <ele>7</ele>
      </trkpt>
      <trkpt lat="48.63793" lon="-1.46361">
        <ele>7</ele>
      </trkpt>
      <trkpt lat="48.63791" lon="-1.46355">
        <ele>7</ele>
      </trkpt>
      <trkpt lat="48.63789" lon="-1.46349">
        <ele>7</ele>
      </trkpt>
      <trkpt lat="48.63786" lon="-1.46343">
        <ele>7</ele>
      </trkpt>
      <trkpt lat="48.63784" lon="-1.46337">
        <ele>7</ele>
      </trkpt>
      <trkpt lat="48.63782" lon="-1.46331">
        <ele>7</ele>
      </trkpt>
      <trkpt lat="48.63779" lon="-1.46324">
        <ele>7</ele>
      </trkpt>
      <trkpt lat="48.63777" lon="-1.46318">
        <ele>7</ele>
      </trkpt>
      <trkpt lat="48.63775" lon="-1.46312">
        <ele>7</ele>
      </trkpt>
      <trkpt lat="48.63773" lon="-1.46306">
        <ele>7</ele>
      </trkpt>
      <trkpt lat="48.6377" lon="-1.463">
        <ele>7</ele>
      </trkpt>
      <trkpt lat="48.63768" lon="-1.46293">
        <ele>7</ele>
      </trkpt>
      <trkpt lat="48.63766" lon="-1.46287">
        <ele>7</ele>
      </trkpt>
      <trkpt lat="48.63763" lon="-1.46281">
        <ele>7</ele>
      </trkpt>
      <trkpt lat="48.63761" lon="-1.46275">
        <ele>7</ele>
      </trkpt>
      <trkpt lat="48.63759" lon="-1.46269">
        <ele>7</ele>
      </trkpt>
      <trkpt lat="48.63757" lon="-1.46263">
        <ele>7</ele>
      </trkpt>
      <trkpt lat="48.63754" lon="-1.46256">
        <ele>7</ele>
      </trkpt>
      <trkpt lat="48.63752" lon="-1.4625">
        <ele>7</ele>
      </trkpt>
      <trkpt lat="48.6375" lon="-1.46244">
        <ele>7</ele>
      </trkpt>
      <trkpt lat="48.63747" lon="-1.46238">
        <ele>7</ele>
      </trkpt>
      <trkpt lat="48.63745" lon="-1.46232">
        <ele>7</ele>
      </trkpt>
      <trkpt lat="48.63743" lon="-1.46226">
        <ele>7</ele>
      </trkpt>
      <trkpt lat="48.6374" lon="-1.46219">
        <ele>7</ele>
      </trkpt>
      <trkpt lat="48.63738" lon="-1.46213">
        <ele>7</ele>
      </trkpt>
      <trkpt lat="48.63736" lon="-1.46207">
        <ele>7</ele>
      </trkpt>
      <trkpt lat="48.63734" lon="-1.46201">
        <ele>7</ele>
      </trkpt>
      <trkpt lat="48.63731" lon="-1.46195">
        <ele>7</ele>
      </trkpt>
      <trkpt lat="48.63729" lon="-1.46189">
        <ele>7</ele>
      </trkpt>
      <trkpt lat="48.63727" lon="-1.46182">
        <ele>7</ele>
      </trkpt>
      <trkpt lat="48.63724" lon="-1.46176">
        <ele>7</ele>
      </trkpt>
      <trkpt lat="48.63722" lon="-1.4617">
        <ele>7</ele>
      </trkpt>
      <trkpt lat="48.6372" lon="-1.46158">
        <ele>7</ele>
      </trkpt>
      <trkpt lat="48.63717" lon="-1.46145">
        <ele>7</ele>
      </trkpt>
      <trkpt lat="48.63715" lon="-1.46133">
        <ele>7</ele>
      </trkpt>
      <trkpt lat="48.63712" lon="-1.46121">
        <ele>7</ele>
      </trkpt>
      <trkpt lat="48.6371" lon="-1.46108">
        <ele>7</ele>
      </trkpt>
      <trkpt lat="48.63707" lon="-1.46096">
        <ele>7</ele>
      </trkpt>
      <trkpt lat="48.63705" lon="-1.46084">
        <ele>7</ele>
      </trkpt>
      <trkpt lat="48.63702" lon="-1.46071">
        <ele>7</ele>
      </trkpt>
      <trkpt lat="48.637" lon="-1.46059">
        <ele>7</ele>
      </trkpt>
      <trkpt lat="48.63697" lon="-1.46047">
        <ele>7</ele>
      </trkpt>
      <trkpt lat="48.63695" lon="-1.46034">
        <ele>7</ele>
      </trkpt>
      <trkpt lat="48.63692" lon="-1.46022">
        <ele>7</ele>
      </trkpt>
      <trkpt lat="48.6369" lon="-1.4601">
        <ele>7</ele>
      </trkpt>
      <trkpt lat="48.63687" lon="-1.45997">
        <ele>7</ele>
      </trkpt>
      <trkpt lat="48.63685" lon="-1.45985">
        <ele>7</ele>
      </trkpt>
      <trkpt lat="48.63683" lon="-1.45973">
        <ele>7</ele>
      </trkpt>
      <trkpt lat="48.6368" lon="-1.4596">
        <ele>7</ele>
      </trkpt>
      <trkpt lat="48.63678" lon="-1.45948">
        <ele>7</ele>
      </trkpt>
      <trkpt lat="48.63675" lon="-1.45936">
        <ele>7</ele>
      </trkpt>
      <trkpt lat="48.63673" lon="-1.45923">
        <ele>7</ele>
      </trkpt>
      <trkpt lat="48.6367" lon="-1.45911">
        <ele>7</ele>
      </trkpt>
      <trkpt lat="48.63668" lon="-1.45898">
        <ele>7</ele>
      </trkpt>
      <trkpt lat="48.63665" lon="-1.45886">
        <ele>7</ele>
      </trkpt>
      <trkpt lat="48.63663" lon="-1.45874">
        <ele>7</ele>
      </trkpt>
      <trkpt lat="48.6366" lon="-1.45861">
        <ele>7</ele>
      </trkpt>
      <trkpt lat="48.63658" lon="-1.45849">
        <ele>7</ele>
      </trkpt>
      <trkpt lat="48.63655" lon="-1.45837">
        <ele>7</ele>
      </trkpt>
      <trkpt lat="48.63653" lon="-1.45824">
        <ele>7</ele>
      </trkpt>
      <trkpt lat="48.6365" lon="-1.45812">
        <ele>7</ele>
      </trkpt>
      <trkpt lat="48.63648" lon="-1.458">
        <ele>7</ele>
      </trkpt>
      <trkpt lat="48.63646" lon="-1.45787">
        <ele>7</ele>
      </trkpt>
      <trkpt lat="48.63643" lon="-1.45775">
        <ele>7</ele>
      </trkpt>
      <trkpt lat="48.63638" lon="-1.45768">
        <ele>7</ele>
      </trkpt>
      <trkpt lat="48.63633" lon="-1.45761">
        <ele>7</ele>
      </trkpt>
      <trkpt lat="48.63628" lon="-1.45754">
        <ele>7</ele>
      </trkpt>
      <trkpt lat="48.63623" lon="-1.45747">
        <ele>7</ele>
      </trkpt>
      <trkpt lat="48.63618" lon="-1.4574">
        <ele>7</ele>
      </trkpt>
      <trkpt lat="48.63613" lon="-1.45733">
        <ele>7</ele>
      </trkpt>
      <trkpt lat="48.63608" lon="-1.45726">
        <ele>7</ele>
      </trkpt>
      <trkpt lat="48.63603" lon="-1.45719">
        <ele>7</ele>
      </trkpt>
      <trkpt lat="48.63598" lon="-1.45712">
        <ele>7</ele>
      </trkpt>
      <trkpt lat="48.63593" lon="-1.45705">
        <ele>7</ele>
      </trkpt>
      <trkpt lat="48.63588" lon="-1.45698">
        <ele>7</ele>
      </trkpt>
      <trkpt lat="48.63583" lon="-1.45691">
        <ele>7</ele>
      </trkpt>
      <trkpt lat="48.63578" lon="-1.45684">
        <ele>7</ele>
      </trkpt>
      <trkpt lat="48.63573" lon="-1.45677">
        <ele>7</ele>
      </trkpt>
      <trkpt lat="48.63569" lon="-1.45671">
        <ele>7</ele>
      </trkpt>
      <trkpt lat="48.63564" lon="-1.45664">
        <ele>7</ele>
      </trkpt>
      <trkpt lat="48.63559" lon="-1.45657">
        <ele>7</ele>
      </trkpt>
      <trkpt lat="48.63554" lon="-1.4565">
        <ele>7</ele>
      </trkpt>
      <trkpt lat="48.63549" lon="-1.45643">
        <ele>7</ele>
      </trkpt>
      <trkpt lat="48.63544" lon="-1.45636">
        <ele>7</ele>
      </trkpt>
      <trkpt lat="48.63539" lon="-1.45629">
        <ele>7</ele>
      </trkpt>
      <trkpt lat="48.63534" lon="-1.45622">
        <ele>7</ele>
      </trkpt>
      <trkpt lat="48.63529" lon="-1.45615">
        <ele>7</ele>
      </trkpt>
      <trkpt lat="48.63524" lon="-1.45608">
        <ele>7</ele>
      </trkpt>
      <trkpt lat="48.63519" lon="-1.45601">
        <ele>7</ele>
      </trkpt>
      <trkpt lat="48.63514" lon="-1.45594">
        <ele>7</ele>
      </trkpt>
      <trkpt lat="48.63509" lon="-1.45587">
        <ele>7</ele>
      </trkpt>
      <trkpt lat="48.63504" lon="-1.4558">
        <ele>7</ele>
      </trkpt>
      <trkpt lat="48.63499" lon="-1.45573">
        <ele>7</ele>
      </trkpt>
      <trkpt lat="48.63494" lon="-1.45566">
        <ele>7</ele>
      </trkpt>
      <trkpt lat="48.63489" lon="-1.45559">
        <ele>7</ele>
      </trkpt>
      <trkpt lat="48.63484" lon="-1.45552">
        <ele>7</ele>
      </trkpt>
      <trkpt lat="48.63478" lon="-1.45544">
        <ele>7</ele>
      </trkpt>
      <trkpt lat="48.63471" lon="-1.45536">
        <ele>7</ele>
      </trkpt>
      <trkpt lat="48.63465" lon="-1.45528">
        <ele>7</ele>
      </trkpt>
      <trkpt lat="48.63459" lon="-1.4552">
        <ele>7</ele>
      </trkpt>
      <trkpt lat="48.63452" lon="-1.45512">
        <ele>7</ele>
      </trkpt>
      <trkpt lat="48.63446" lon="-1.45504">
        <ele>7</ele>
      </trkpt>
      <trkpt lat="48.63439" lon="-1.45496">
        <ele>7</ele>
      </trkpt>
      <trkpt lat="48.63433" lon="-1.45488">
        <ele>7</ele>
      </trkpt>
      <trkpt lat="48.63427" lon="-1.45479">
        <ele>7</ele>
      </trkpt>
      <trkpt lat="48.6342" lon="-1.45471">
        <ele>7</ele>
      </trkpt>
      <trkpt lat="48.63414" lon="-1.45463">
        <ele>7</ele>
      </trkpt>
      <trkpt lat="48.63408" lon="-1.45455">
        <ele>7</ele>
      </trkpt>
      <trkpt lat="48.63401" lon="-1.45447">
        <ele>7</ele>
      </trkpt>
      <trkpt lat="48.63395" lon="-1.45439">
        <ele>6.8</ele>
      </trkpt>
      <trkpt lat="48.63388" lon="-1.45431">
        <ele>6.5</ele>
      </trkpt>
      <trkpt lat="48.63382" lon="-1.45423">
        <ele>6.2</ele>
      </trkpt>
      <trkpt lat="48.63376" lon="-1.45415">
        <ele>6.1</ele>
      </trkpt>
      <trkpt lat="48.63369" lon="-1.45407">
        <ele>6.4</ele>
      </trkpt>
      <trkpt lat="48.63363" lon="-1.45399">
        <ele>6.6</ele>
      </trkpt>
      <trkpt lat="48.63357" lon="-1.45391">
        <ele>6.8</ele>
      </trkpt>
      <trkpt lat="48.6335" lon="-1.45383">
        <ele>6.7</ele>
      </trkpt>
      <trkpt lat="48.63344" lon="-1.45375">
        <ele>6.7</ele>
      </trkpt>
      <trkpt lat="48.63337" lon="-1.45367">
        <ele>6.8</ele>
      </trkpt>
      <trkpt lat="48.63331" lon="-1.45359">
        <ele>6.9</ele>
      </trkpt>
      <trkpt lat="48.63325" lon="-1.4535">
        <ele>6.7</ele>
      </trkpt>
      <trkpt lat="48.63318" lon="-1.45342">
        <ele>6.5</ele>
      </trkpt>
      <trkpt lat="48.63312" lon="-1.45334">
        <ele>6.2</ele>
      </trkpt>
      <trkpt lat="48.63306" lon="-1.45326">
        <ele>6</ele>
      </trkpt>
      <trkpt lat="48.63299" lon="-1.45318">
        <ele>6.1</ele>
      </trkpt>
      <trkpt lat="48.63293" lon="-1.4531">
        <ele>6.1</ele>
      </trkpt>
      <trkpt lat="48.63286" lon="-1.45302">
        <ele>6</ele>
      </trkpt>
      <trkpt lat="48.6328" lon="-1.45294">
        <ele>6</ele>
      </trkpt>
      <trkpt lat="48.63274" lon="-1.45285">
        <ele>6.2</ele>
      </trkpt>
      <trkpt lat="48.63269" lon="-1.45276">
        <ele>6.7</ele>
      </trkpt>
      <trkpt lat="48.63263" lon="-1.45267">
        <ele>6.8</ele>
      </trkpt>
      <trkpt lat="48.63257" lon="-1.45258">
        <ele>6.6</ele>
      </trkpt>
      <trkpt lat="48.63252" lon="-1.45248">
        <ele>6.1</ele>
      </trkpt>
      <trkpt lat="48.63246" lon="-1.45239">
        <ele>6.5</ele>
      </trkpt>
      <trkpt lat="48.6324" lon="-1.4523">
        <ele>6.7</ele>
      </trkpt>
      <trkpt lat="48.63235" lon="-1.45221">
        <ele>6.5</ele>
      </trkpt>
      <trkpt lat="48.63229" lon="-1.45212">
        <ele>6.5</ele>
      </trkpt>
      <trkpt lat="48.63223" lon="-1.45203">
        <ele>6.7</ele>
      </trkpt>
      <trkpt lat="48.63217" lon="-1.45194">
        <ele>7</ele>
      </trkpt>
      <trkpt lat="48.63212" lon="-1.45185">
        <ele>7</ele>
      </trkpt>
      <trkpt lat="48.63206" lon="-1.45175">
        <ele>7</ele>
      </trkpt>
      <trkpt lat="48.632" lon="-1.45166">
        <ele>7</ele>
      </trkpt>
      <trkpt lat="48.63195" lon="-1.45157">
        <ele>7</ele>
      </trkpt>
      <trkpt lat="48.63189" lon="-1.45148">
        <ele>7</ele>
      </trkpt>
      <trkpt lat="48.63183" lon="-1.45139">
        <ele>7</ele>
      </trkpt>
      <trkpt lat="48.63178" lon="-1.4513">
        <ele>7</ele>
      </trkpt>
      <trkpt lat="48.63172" lon="-1.45121">
        <ele>7</ele>
      </trkpt>
      <trkpt lat="48.63166" lon="-1.45112">
        <ele>7</ele>
      </trkpt>
      <trkpt lat="48.63161" lon="-1.45102">
        <ele>7</ele>
      </trkpt>
      <trkpt lat="48.63155" lon="-1.45093">
        <ele>7</ele>
      </trkpt>
      <trkpt lat="48.63149" lon="-1.45084">
        <ele>7</ele>
      </trkpt>
      <trkpt lat="48.63144" lon="-1.45075">
        <ele>7</ele>
      </trkpt>
      <trkpt lat="48.63138" lon="-1.45066">
        <ele>7</ele>
      </trkpt>
      <trkpt lat="48.63132" lon="-1.45057">
        <ele>7</ele>
      </trkpt>
      <trkpt lat="48.63126" lon="-1.45048">
        <ele>7</ele>
      </trkpt>
      <trkpt lat="48.63121" lon="-1.45039">
        <ele>7</ele>
      </trkpt>
      <trkpt lat="48.63115" lon="-1.45029">
        <ele>7</ele>
      </trkpt>
      <trkpt lat="48.63109" lon="-1.4502">
        <ele>7.3</ele>
      </trkpt>
      <trkpt lat="48.63104" lon="-1.45011">
        <ele>7.7</ele>
      </trkpt>
      <trkpt lat="48.63098" lon="-1.45002">
        <ele>8</ele>
      </trkpt>
      <trkpt lat="48.63092" lon="-1.45">
        <ele>8</ele>
      </trkpt>
      <trkpt lat="48.63087" lon="-1.44998">
        <ele>7.9</ele>
      </trkpt>
      <trkpt lat="48.63081" lon="-1.44996">
        <ele>7.8</ele>
      </trkpt>
      <trkpt lat="48.63075" lon="-1.44994">
        <ele>7.5</ele>
      </trkpt>
      <trkpt lat="48.6307" lon="-1.44991">
        <ele>7.4</ele>
      </trkpt>
      <trkpt lat="48.63064" lon="-1.44989">
        <ele>7.2</ele>
      </trkpt>
      <trkpt lat="48.63058" lon="-1.44987">
        <ele>7.1</ele>
      </trkpt>
      <trkpt lat="48.63053" lon="-1.44985">
        <ele>7</ele>
      </trkpt>
      <trkpt lat="48.63047" lon="-1.44983">
        <ele>7</ele>
      </trkpt>
      <trkpt lat="48.63041" lon="-1.44981">
        <ele>7</ele>
      </trkpt>
      <trkpt lat="48.63036" lon="-1.44979">
        <ele>7</ele>
      </trkpt>
      <trkpt lat="48.6303" lon="-1.44977">
        <ele>7</ele>
      </trkpt>
      <trkpt lat="48.63025" lon="-1.44974">
        <ele>7</ele>
      </trkpt>
      <trkpt lat="48.63019" lon="-1.44972">
        <ele>7</ele>
      </trkpt>
      <trkpt lat="48.63013" lon="-1.4497">
        <ele>7</ele>
      </trkpt>
      <trkpt lat="48.63008" lon="-1.44968">
        <ele>7</ele>
      </trkpt>
      <trkpt lat="48.63002" lon="-1.44966">
        <ele>7</ele>
      </trkpt>
      <trkpt lat="48.62996" lon="-1.44964">
        <ele>7</ele>
      </trkpt>
      <trkpt lat="48.62991" lon="-1.44962">
        <ele>7</ele>
      </trkpt>
      <trkpt lat="48.62985" lon="-1.4496">
        <ele>7</ele>
      </trkpt>
      <trkpt lat="48.62979" lon="-1.44957">
        <ele>7</ele>
      </trkpt>
      <trkpt lat="48.62974" lon="-1.44955">
        <ele>7</ele>
      </trkpt>
      <trkpt lat="48.62968" lon="-1.44953">
        <ele>7</ele>
      </trkpt>
      <trkpt lat="48.62962" lon="-1.44951">
        <ele>7</ele>
      </trkpt>
      <trkpt lat="48.62957" lon="-1.44949">
        <ele>7</ele>
      </trkpt>
      <trkpt lat="48.62951" lon="-1.44947">
        <ele>7</ele>
      </trkpt>
      <trkpt lat="48.62945" lon="-1.44945">
        <ele>7</ele>
      </trkpt>
      <trkpt lat="48.6294" lon="-1.44943">
        <ele>7</ele>
      </trkpt>
      <trkpt lat="48.62934" lon="-1.4494">
        <ele>7</ele>
      </trkpt>
      <trkpt lat="48.62928" lon="-1.44938">
        <ele>7</ele>
      </trkpt>
      <trkpt lat="48.62923" lon="-1.44936">
        <ele>7</ele>
      </trkpt>
      <trkpt lat="48.62917" lon="-1.44934">
        <ele>7</ele>
      </trkpt>
      <trkpt lat="48.62911" lon="-1.44935">
        <ele>7</ele>
      </trkpt>
      <trkpt lat="48.62906" lon="-1.44936">
        <ele>7</ele>
      </trkpt>
      <trkpt lat="48.629" lon="-1.44937">
        <ele>7</ele>
      </trkpt>
      <trkpt lat="48.62894" lon="-1.44938">
        <ele>7</ele>
      </trkpt>
      <trkpt lat="48.62889" lon="-1.44939">
        <ele>7</ele>
      </trkpt>
      <trkpt lat="48.62883" lon="-1.4494">
        <ele>7</ele>
      </trkpt>
      <trkpt lat="48.62877" lon="-1.44941">
        <ele>7</ele>
      </trkpt>
      <trkpt lat="48.62872" lon="-1.44943">
        <ele>7</ele>
      </trkpt>
      <trkpt lat="48.62866" lon="-1.44944">
        <ele>7</ele>
      </trkpt>
      <trkpt lat="48.6286" lon="-1.44945">
        <ele>7</ele>
      </trkpt>
      <trkpt lat="48.62854" lon="-1.44946">
        <ele>7</ele>
      </trkpt>
      <trkpt lat="48.62849" lon="-1.44947">
        <ele>7</ele>
      </trkpt>
      <trkpt lat="48.62843" lon="-1.44948">
        <ele>7</ele>
      </trkpt>
      <trkpt lat="48.62837" lon="-1.44949">
        <ele>7</ele>
      </trkpt>
      <trkpt lat="48.62832" lon="-1.4495">
        <ele>7</ele>
      </trkpt>
      <trkpt lat="48.62826" lon="-1.44951">
        <ele>7</ele>
      </trkpt>
      <trkpt lat="48.6282" lon="-1.44952">
        <ele>7</ele>
      </trkpt>
      <trkpt lat="48.62815" lon="-1.44953">
        <ele>7</ele>
      </trkpt>
      <trkpt lat="48.62809" lon="-1.44954">
        <ele>7</ele>
      </trkpt>
      <trkpt lat="48.62803" lon="-1.44955">
        <ele>7</ele>
      </trkpt>
      <trkpt lat="48.62798" lon="-1.44956">
        <ele>7</ele>
      </trkpt>
      <trkpt lat="48.62792" lon="-1.44957">
        <ele>7</ele>
      </trkpt>
      <trkpt lat="48.62786" lon="-1.44958">
        <ele>7</ele>
      </trkpt>
      <trkpt lat="48.62781" lon="-1.4496">
        <ele>7</ele>
      </trkpt>
      <trkpt lat="48.62775" lon="-1.44961">
        <ele>7.1</ele>
      </trkpt>
      <trkpt lat="48.62769" lon="-1.44962">
        <ele>7.2</ele>
      </trkpt>
      <trkpt lat="48.62763" lon="-1.44963">
        <ele>7.3</ele>
      </trkpt>
      <trkpt lat="48.62758" lon="-1.44964">
        <ele>7.5</ele>
      </trkpt>
      <trkpt lat="48.62752" lon="-1.44965">
        <ele>7.7</ele>
      </trkpt>
      <trkpt lat="48.62746" lon="-1.44966">
        <ele>7.8</ele>
      </trkpt>
      <trkpt lat="48.62741" lon="-1.44967">
        <ele>7.9</ele>
      </trkpt>
      <trkpt lat="48.62735" lon="-1.44968">
        <ele>7.9</ele>
      </trkpt>
      <trkpt lat="48.62728" lon="-1.44968">
        <ele>8</ele>
      </trkpt>
      <trkpt lat="48.62721" lon="-1.44968">
        <ele>8</ele>
      </trkpt>
      <trkpt lat="48.62714" lon="-1.44968">
        <ele>8</ele>
      </trkpt>
      <trkpt lat="48.62707" lon="-1.44968">
        <ele>8</ele>
      </trkpt>
      <trkpt lat="48.627" lon="-1.44968">
        <ele>8</ele>
      </trkpt>
      <trkpt lat="48.62693" lon="-1.44968">
        <ele>8</ele>
      </trkpt>
      <trkpt lat="48.62686" lon="-1.44968">
        <ele>8</ele>
      </trkpt>
      <trkpt lat="48.62679" lon="-1.44968">
        <ele>8</ele>
      </trkpt>
      <trkpt lat="48.62671" lon="-1.44968">
        <ele>8</ele>
      </trkpt>
      <trkpt lat="48.62664" lon="-1.44968">
        <ele>7.9</ele>
      </trkpt>
      <trkpt lat="48.62657" lon="-1.44968">
        <ele>7.7</ele>
      </trkpt>
      <trkpt lat="48.6265" lon="-1.44968">
        <ele>7.4</ele>
      </trkpt>
      <trkpt lat="48.62643" lon="-1.44968">
        <ele>7.2</ele>
      </trkpt>
      <trkpt lat="48.62636" lon="-1.44968">
        <ele>7</ele>
      </trkpt>
      <trkpt lat="48.62629" lon="-1.44968">
        <ele>7</ele>
      </trkpt>
      <trkpt lat="48.62622" lon="-1.44968">
        <ele>7</ele>
      </trkpt>
      <trkpt lat="48.62617" lon="-1.44971">
        <ele>7</ele>
      </trkpt>
      <trkpt lat="48.62613" lon="-1.44973">
        <ele>7</ele>
      </trkpt>
      <trkpt lat="48.62608" lon="-1.44976">
        <ele>7</ele>
      </trkpt>
      <trkpt lat="48.62604" lon="-1.44979">
        <ele>7</ele>
      </trkpt>
      <trkpt lat="48.62599" lon="-1.44981">
        <ele>7</ele>
      </trkpt>
      <trkpt lat="48.62594" lon="-1.44984">
        <ele>7</ele>
      </trkpt>
      <trkpt lat="48.6259" lon="-1.44987">
        <ele>7</ele>
      </trkpt>
      <trkpt lat="48.62585" lon="-1.4499">
        <ele>7</ele>
      </trkpt>
      <trkpt lat="48.6258" lon="-1.44992">
        <ele>7</ele>
      </trkpt>
      <trkpt lat="48.62576" lon="-1.44995">
        <ele>7</ele>
      </trkpt>
      <trkpt lat="48.62571" lon="-1.44998">
        <ele>7</ele>
      </trkpt>
      <trkpt lat="48.62567" lon="-1.45">
        <ele>7</ele>
      </trkpt>
      <trkpt lat="48.62562" lon="-1.45003">
        <ele>7</ele>
      </trkpt>
      <trkpt lat="48.62557" lon="-1.45006">
        <ele>7</ele>
      </trkpt>
      <trkpt lat="48.62553" lon="-1.45008">
        <ele>7</ele>
      </trkpt>
      <trkpt lat="48.62548" lon="-1.45011">
        <ele>7</ele>
      </trkpt>
      <trkpt lat="48.62543" lon="-1.45014">
        <ele>7</ele>
      </trkpt>
      <trkpt lat="48.62539" lon="-1.45016">
        <ele>7</ele>
      </trkpt>
      <trkpt lat="48.62534" lon="-1.45019">
        <ele>7</ele>
      </trkpt>
      <trkpt lat="48.6253" lon="-1.45022">
        <ele>7</ele>
      </trkpt>
      <trkpt lat="48.62525" lon="-1.45024">
        <ele>7</ele>
      </trkpt>
      <trkpt lat="48.6252" lon="-1.45027">
        <ele>7</ele>
      </trkpt>
      <trkpt lat="48.62516" lon="-1.4503">
        <ele>7</ele>
      </trkpt>
      <trkpt lat="48.62511" lon="-1.45033">
        <ele>7</ele>
      </trkpt>
      <trkpt lat="48.62506" lon="-1.45035">
        <ele>7</ele>
      </trkpt>
      <trkpt lat="48.62502" lon="-1.45038">
        <ele>7</ele>
      </trkpt>
      <trkpt lat="48.62497" lon="-1.45041">
        <ele>7</ele>
      </trkpt>
      <trkpt lat="48.62493" lon="-1.45043">
        <ele>7</ele>
      </trkpt>
      <trkpt lat="48.62488" lon="-1.45046">
        <ele>7</ele>
      </trkpt>
      <trkpt lat="48.62483" lon="-1.45049">
        <ele>7</ele>
      </trkpt>
      <trkpt lat="48.62479" lon="-1.45051">
        <ele>7</ele>
      </trkpt>
      <trkpt lat="48.62474" lon="-1.45054">
        <ele>7</ele>
      </trkpt>
      <trkpt lat="48.62467" lon="-1.45059">
        <ele>7</ele>
      </trkpt>
      <trkpt lat="48.6246" lon="-1.45065">
        <ele>7</ele>
      </trkpt>
      <trkpt lat="48.62453" lon="-1.4507">
        <ele>7</ele>
      </trkpt>
      <trkpt lat="48.62446" lon="-1.45076">
        <ele>7</ele>
      </trkpt>
      <trkpt lat="48.62439" lon="-1.45081">
        <ele>7</ele>
      </trkpt>
      <trkpt lat="48.62432" lon="-1.45086">
        <ele>7</ele>
      </trkpt>
      <trkpt lat="48.62425" lon="-1.45092">
        <ele>7</ele>
      </trkpt>
      <trkpt lat="48.62418" lon="-1.45097">
        <ele>7</ele>
      </trkpt>
      <trkpt lat="48.6241" lon="-1.45102">
        <ele>7</ele>
      </trkpt>
      <trkpt lat="48.62403" lon="-1.45108">
        <ele>7</ele>
      </trkpt>
      <trkpt lat="48.62396" lon="-1.45113">
        <ele>7</ele>
      </trkpt>
      <trkpt lat="48.62389" lon="-1.45119">
        <ele>7</ele>
      </trkpt>
      <trkpt lat="48.62382" lon="-1.45124">
        <ele>7</ele>
      </trkpt>
      <trkpt lat="48.62375" lon="-1.45129">
        <ele>7</ele>
      </trkpt>
      <trkpt lat="48.62368" lon="-1.45135">
        <ele>7</ele>
      </trkpt>
      <trkpt lat="48.62361" lon="-1.4514">
        <ele>7</ele>
      </trkpt>
    </trkseg>
  </trk>
</gpx>