<?xml version="1.0" encoding="UTF-8" standalone="no" ?>
<gpx xmlns="http://www.topografix.com/GPX/1/1" xmlns:xsi="http://www.w3.org/2001/XMLSchema-instance" xsi:schemaLocation="http://www.topografix.com/GPX/1/1 http://www.topografix.com/GPX/1/1/gpx.xsd" version="1.1" creator="VisuGPX - https://www.visugpx.com">
  <metadata>
    <name>Boucle Filstroff-Neunkirchen-Niederaltdorf-Guerstling</name>
    <desc><![CDATA[Belle balade aux abords de la Nied, entre collines et vallées dont une partie en Allemagne par le circuit des druides(huttes et thermes celtiques)]]></desc>
  </metadata>
  <trk>
    <name><![CDATA[2018-03-25 08:42:55]]></name>
    <desc><![CDATA[File with points/tracks from Locus Map/3.30.2]]></desc>
    <trkseg>
      <trkpt lat="49.32386" lon="6.54349">
        <ele>192.814</ele>
        <time>2018-03-25T06:42:57Z</time>
      </trkpt>
      <trkpt lat="49.32386" lon="6.5435">
        <ele>192.844</ele>
        <time>2018-03-25T06:43:08Z</time>
      </trkpt>
      <trkpt lat="49.32386" lon="6.54353">
        <ele>192.818</ele>
        <time>2018-03-25T06:43:18Z</time>
      </trkpt>
      <trkpt lat="49.32386" lon="6.54351">
        <ele>192.854</ele>
        <time>2018-03-25T06:49:14Z</time>
      </trkpt>
      <trkpt lat="49.32389" lon="6.54347">
        <ele>193</ele>
        <time>2018-03-25T06:49:24Z</time>
      </trkpt>
      <trkpt lat="49.32388" lon="6.54345">
        <ele>192.949</ele>
        <time>2018-03-25T06:53:30Z</time>
      </trkpt>
      <trkpt lat="49.32386" lon="6.5434">
        <ele>192.859</ele>
        <time>2018-03-25T06:53:40Z</time>
      </trkpt>
      <trkpt lat="49.32388" lon="6.5434">
        <ele>192.96</ele>
        <time>2018-03-25T06:57:34Z</time>
      </trkpt>
      <trkpt lat="49.32395" lon="6.54343">
        <ele>193.227</ele>
        <time>2018-03-25T06:57:44Z</time>
      </trkpt>
      <trkpt lat="49.32394" lon="6.54345">
        <ele>193.184</ele>
        <time>2018-03-25T07:00:37Z</time>
      </trkpt>
      <trkpt lat="49.3239" lon="6.5435">
        <ele>193.022</ele>
        <time>2018-03-25T07:00:47Z</time>
      </trkpt>
      <trkpt lat="49.32389" lon="6.54349">
        <ele>192.984</ele>
        <time>2018-03-25T07:01:12Z</time>
      </trkpt>
      <trkpt lat="49.32388" lon="6.54348">
        <ele>192.946</ele>
        <time>2018-03-25T07:01:22Z</time>
      </trkpt>
      <trkpt lat="49.32388" lon="6.5435">
        <ele>192.966</ele>
        <time>2018-03-25T07:01:32Z</time>
      </trkpt>
      <trkpt lat="49.32388" lon="6.54346">
        <ele>192.974</ele>
        <time>2018-03-25T07:09:58Z</time>
      </trkpt>
      <trkpt lat="49.32389" lon="6.54336">
        <ele>193.004</ele>
        <time>2018-03-25T07:10:08Z</time>
      </trkpt>
      <trkpt lat="49.32388" lon="6.54334">
        <ele>192.982</ele>
        <time>2018-03-25T07:12:39Z</time>
      </trkpt>
      <trkpt lat="49.32384" lon="6.54325">
        <ele>192.884</ele>
        <time>2018-03-25T07:12:49Z</time>
      </trkpt>
      <trkpt lat="49.32385" lon="6.54308">
        <ele>192.988</ele>
        <time>2018-03-25T07:12:59Z</time>
      </trkpt>
      <trkpt lat="49.32389" lon="6.54292">
        <ele>193.471</ele>
        <time>2018-03-25T07:13:09Z</time>
      </trkpt>
      <trkpt lat="49.32387" lon="6.54277">
        <ele>193.956</ele>
        <time>2018-03-25T07:13:19Z</time>
      </trkpt>
      <trkpt lat="49.3238" lon="6.54265">
        <ele>194.118</ele>
        <time>2018-03-25T07:13:29Z</time>
      </trkpt>
      <trkpt lat="49.32372" lon="6.54254">
        <ele>194.266</ele>
        <time>2018-03-25T07:13:39Z</time>
      </trkpt>
      <trkpt lat="49.32364" lon="6.54239">
        <ele>194.493</ele>
        <time>2018-03-25T07:13:49Z</time>
      </trkpt>
      <trkpt lat="49.32357" lon="6.54225">
        <ele>194.741</ele>
        <time>2018-03-25T07:13:59Z</time>
      </trkpt>
      <trkpt lat="49.3235" lon="6.54212">
        <ele>194.943</ele>
        <time>2018-03-25T07:14:09Z</time>
      </trkpt>
      <trkpt lat="49.32343" lon="6.54197">
        <ele>195.256</ele>
        <time>2018-03-25T07:14:19Z</time>
      </trkpt>
      <trkpt lat="49.32341" lon="6.5418">
        <ele>195.792</ele>
        <time>2018-03-25T07:14:29Z</time>
      </trkpt>
      <trkpt lat="49.32341" lon="6.54163">
        <ele>196.482</ele>
        <time>2018-03-25T07:14:39Z</time>
      </trkpt>
      <trkpt lat="49.32343" lon="6.5415">
        <ele>197.317</ele>
        <time>2018-03-25T07:14:49Z</time>
      </trkpt>
      <trkpt lat="49.32347" lon="6.54134">
        <ele>198.381</ele>
        <time>2018-03-25T07:14:59Z</time>
      </trkpt>
      <trkpt lat="49.32353" lon="6.54121">
        <ele>199.259</ele>
        <time>2018-03-25T07:15:09Z</time>
      </trkpt>
      <trkpt lat="49.32356" lon="6.54112">
        <ele>199.95</ele>
        <time>2018-03-25T07:15:19Z</time>
      </trkpt>
      <trkpt lat="49.32364" lon="6.54104">
        <ele>200.884</ele>
        <time>2018-03-25T07:15:29Z</time>
      </trkpt>
      <trkpt lat="49.32376" lon="6.54103">
        <ele>201.285</ele>
        <time>2018-03-25T07:15:39Z</time>
      </trkpt>
      <trkpt lat="49.32387" lon="6.54098">
        <ele>201.927</ele>
        <time>2018-03-25T07:15:49Z</time>
      </trkpt>
      <trkpt lat="49.32396" lon="6.54089">
        <ele>201.908</ele>
        <time>2018-03-25T07:15:59Z</time>
      </trkpt>
      <trkpt lat="49.32404" lon="6.54075">
        <ele>202.151</ele>
        <time>2018-03-25T07:16:09Z</time>
      </trkpt>
      <trkpt lat="49.32409" lon="6.54061">
        <ele>202.994</ele>
        <time>2018-03-25T07:16:19Z</time>
      </trkpt>
      <trkpt lat="49.32415" lon="6.54046">
        <ele>204.163</ele>
        <time>2018-03-25T07:16:29Z</time>
      </trkpt>
      <trkpt lat="49.32421" lon="6.54032">
        <ele>205.564</ele>
        <time>2018-03-25T07:16:39Z</time>
      </trkpt>
      <trkpt lat="49.32425" lon="6.54019">
        <ele>206.831</ele>
        <time>2018-03-25T07:16:49Z</time>
      </trkpt>
      <trkpt lat="49.32427" lon="6.54003">
        <ele>208.383</ele>
        <time>2018-03-25T07:16:59Z</time>
      </trkpt>
      <trkpt lat="49.32426" lon="6.53986">
        <ele>210.245</ele>
        <time>2018-03-25T07:17:09Z</time>
      </trkpt>
      <trkpt lat="49.32424" lon="6.5397">
        <ele>211.731</ele>
        <time>2018-03-25T07:17:19Z</time>
      </trkpt>
      <trkpt lat="49.32422" lon="6.53954">
        <ele>212.725</ele>
        <time>2018-03-25T07:17:29Z</time>
      </trkpt>
      <trkpt lat="49.3242" lon="6.5394">
        <ele>213.422</ele>
        <time>2018-03-25T07:17:39Z</time>
      </trkpt>
      <trkpt lat="49.32417" lon="6.53925">
        <ele>213.717</ele>
        <time>2018-03-25T07:17:49Z</time>
      </trkpt>
      <trkpt lat="49.32415" lon="6.53909">
        <ele>214.537</ele>
        <time>2018-03-25T07:17:59Z</time>
      </trkpt>
      <trkpt lat="49.32416" lon="6.53894">
        <ele>215.624</ele>
        <time>2018-03-25T07:18:09Z</time>
      </trkpt>
      <trkpt lat="49.32416" lon="6.53877">
        <ele>216.811</ele>
        <time>2018-03-25T07:18:19Z</time>
      </trkpt>
      <trkpt lat="49.32418" lon="6.53861">
        <ele>218.038</ele>
        <time>2018-03-25T07:18:29Z</time>
      </trkpt>
      <trkpt lat="49.32422" lon="6.53847">
        <ele>219.197</ele>
        <time>2018-03-25T07:18:39Z</time>
      </trkpt>
      <trkpt lat="49.32426" lon="6.53835">
        <ele>220.194</ele>
        <time>2018-03-25T07:18:49Z</time>
      </trkpt>
      <trkpt lat="49.32433" lon="6.53821">
        <ele>221.487</ele>
        <time>2018-03-25T07:18:59Z</time>
      </trkpt>
      <trkpt lat="49.3244" lon="6.53808">
        <ele>222.632</ele>
        <time>2018-03-25T07:19:09Z</time>
      </trkpt>
      <trkpt lat="49.32446" lon="6.53795">
        <ele>223.063</ele>
        <time>2018-03-25T07:19:19Z</time>
      </trkpt>
      <trkpt lat="49.32455" lon="6.5378">
        <ele>223.366</ele>
        <time>2018-03-25T07:19:29Z</time>
      </trkpt>
      <trkpt lat="49.32462" lon="6.53765">
        <ele>223.614</ele>
        <time>2018-03-25T07:19:39Z</time>
      </trkpt>
      <trkpt lat="49.32463" lon="6.53747">
        <ele>223.661</ele>
        <time>2018-03-25T07:19:49Z</time>
      </trkpt>
      <trkpt lat="49.32468" lon="6.53731">
        <ele>223.837</ele>
        <time>2018-03-25T07:19:59Z</time>
      </trkpt>
      <trkpt lat="49.32473" lon="6.53715">
        <ele>224.533</ele>
        <time>2018-03-25T07:20:09Z</time>
      </trkpt>
      <trkpt lat="49.32478" lon="6.537">
        <ele>226.045</ele>
        <time>2018-03-25T07:20:19Z</time>
      </trkpt>
      <trkpt lat="49.32485" lon="6.53684">
        <ele>227.828</ele>
        <time>2018-03-25T07:20:29Z</time>
      </trkpt>
      <trkpt lat="49.3249" lon="6.53665">
        <ele>230.037</ele>
        <time>2018-03-25T07:20:39Z</time>
      </trkpt>
      <trkpt lat="49.32495" lon="6.53647">
        <ele>232.263</ele>
        <time>2018-03-25T07:20:49Z</time>
      </trkpt>
      <trkpt lat="49.32502" lon="6.5363">
        <ele>234.563</ele>
        <time>2018-03-25T07:20:59Z</time>
      </trkpt>
      <trkpt lat="49.32505" lon="6.53612">
        <ele>235.742</ele>
        <time>2018-03-25T07:21:09Z</time>
      </trkpt>
      <trkpt lat="49.32509" lon="6.53592">
        <ele>236.574</ele>
        <time>2018-03-25T07:21:19Z</time>
      </trkpt>
      <trkpt lat="49.32515" lon="6.53578">
        <ele>237.628</ele>
        <time>2018-03-25T07:21:29Z</time>
      </trkpt>
      <trkpt lat="49.32521" lon="6.53563">
        <ele>238.744</ele>
        <time>2018-03-25T07:21:39Z</time>
      </trkpt>
      <trkpt lat="49.3253" lon="6.53549">
        <ele>240.309</ele>
        <time>2018-03-25T07:21:49Z</time>
      </trkpt>
      <trkpt lat="49.32538" lon="6.53538">
        <ele>241.007</ele>
        <time>2018-03-25T07:21:59Z</time>
      </trkpt>
      <trkpt lat="49.32543" lon="6.53523">
        <ele>241.816</ele>
        <time>2018-03-25T07:22:09Z</time>
      </trkpt>
      <trkpt lat="49.32545" lon="6.535">
        <ele>243.257</ele>
        <time>2018-03-25T07:22:19Z</time>
      </trkpt>
      <trkpt lat="49.32544" lon="6.53476">
        <ele>245.222</ele>
        <time>2018-03-25T07:22:29Z</time>
      </trkpt>
      <trkpt lat="49.32548" lon="6.53456">
        <ele>246.312</ele>
        <time>2018-03-25T07:22:39Z</time>
      </trkpt>
      <trkpt lat="49.32554" lon="6.53439">
        <ele>247.147</ele>
        <time>2018-03-25T07:22:49Z</time>
      </trkpt>
      <trkpt lat="49.32556" lon="6.5342">
        <ele>247.9</ele>
        <time>2018-03-25T07:22:59Z</time>
      </trkpt>
      <trkpt lat="49.32563" lon="6.53403">
        <ele>248.628</ele>
        <time>2018-03-25T07:23:09Z</time>
      </trkpt>
      <trkpt lat="49.32569" lon="6.53386">
        <ele>249.097</ele>
        <time>2018-03-25T07:23:19Z</time>
      </trkpt>
      <trkpt lat="49.32576" lon="6.53369">
        <ele>249.72</ele>
        <time>2018-03-25T07:23:29Z</time>
      </trkpt>
      <trkpt lat="49.32587" lon="6.53354">
        <ele>250.365</ele>
        <time>2018-03-25T07:23:39Z</time>
      </trkpt>
      <trkpt lat="49.32593" lon="6.53337">
        <ele>250.92</ele>
        <time>2018-03-25T07:23:49Z</time>
      </trkpt>
      <trkpt lat="49.326" lon="6.53321">
        <ele>251.268</ele>
        <time>2018-03-25T07:23:59Z</time>
      </trkpt>
      <trkpt lat="49.32607" lon="6.53304">
        <ele>251.814</ele>
        <time>2018-03-25T07:24:09Z</time>
      </trkpt>
      <trkpt lat="49.32614" lon="6.53288">
        <ele>251.494</ele>
        <time>2018-03-25T07:24:19Z</time>
      </trkpt>
      <trkpt lat="49.32623" lon="6.53274">
        <ele>251.31</ele>
        <time>2018-03-25T07:24:29Z</time>
      </trkpt>
      <trkpt lat="49.32635" lon="6.53261">
        <ele>251.22</ele>
        <time>2018-03-25T07:24:39Z</time>
      </trkpt>
      <trkpt lat="49.32644" lon="6.53246">
        <ele>251.04</ele>
        <time>2018-03-25T07:24:49Z</time>
      </trkpt>
      <trkpt lat="49.32655" lon="6.53234">
        <ele>250.993</ele>
        <time>2018-03-25T07:24:59Z</time>
      </trkpt>
      <trkpt lat="49.32666" lon="6.53222">
        <ele>250.976</ele>
        <time>2018-03-25T07:25:09Z</time>
      </trkpt>
      <trkpt lat="49.32675" lon="6.5321">
        <ele>251.286</ele>
        <time>2018-03-25T07:25:19Z</time>
      </trkpt>
      <trkpt lat="49.32681" lon="6.53194">
        <ele>251.496</ele>
        <time>2018-03-25T07:25:29Z</time>
      </trkpt>
      <trkpt lat="49.32687" lon="6.5318">
        <ele>251.212</ele>
        <time>2018-03-25T07:25:39Z</time>
      </trkpt>
      <trkpt lat="49.32692" lon="6.53166">
        <ele>250.897</ele>
        <time>2018-03-25T07:25:49Z</time>
      </trkpt>
      <trkpt lat="49.32697" lon="6.53147">
        <ele>250.365</ele>
        <time>2018-03-25T07:25:59Z</time>
      </trkpt>
      <trkpt lat="49.32702" lon="6.53128">
        <ele>250.169</ele>
        <time>2018-03-25T07:26:09Z</time>
      </trkpt>
      <trkpt lat="49.32707" lon="6.53111">
        <ele>250</ele>
        <time>2018-03-25T07:26:19Z</time>
      </trkpt>
      <trkpt lat="49.32711" lon="6.53091">
        <ele>250</ele>
        <time>2018-03-25T07:26:29Z</time>
      </trkpt>
      <trkpt lat="49.32713" lon="6.53073">
        <ele>250</ele>
        <time>2018-03-25T07:26:39Z</time>
      </trkpt>
      <trkpt lat="49.32714" lon="6.53052">
        <ele>249.872</ele>
        <time>2018-03-25T07:26:49Z</time>
      </trkpt>
      <trkpt lat="49.32712" lon="6.53029">
        <ele>249.048</ele>
        <time>2018-03-25T07:26:59Z</time>
      </trkpt>
      <trkpt lat="49.3271" lon="6.53007">
        <ele>247.561</ele>
        <time>2018-03-25T07:27:09Z</time>
      </trkpt>
      <trkpt lat="49.3271" lon="6.52986">
        <ele>246.098</ele>
        <time>2018-03-25T07:27:19Z</time>
      </trkpt>
      <trkpt lat="49.32709" lon="6.52964">
        <ele>244.814</ele>
        <time>2018-03-25T07:27:29Z</time>
      </trkpt>
      <trkpt lat="49.32709" lon="6.52949">
        <ele>244.213</ele>
        <time>2018-03-25T07:27:39Z</time>
      </trkpt>
      <trkpt lat="49.32713" lon="6.52933">
        <ele>243.798</ele>
        <time>2018-03-25T07:27:49Z</time>
      </trkpt>
      <trkpt lat="49.32715" lon="6.5291">
        <ele>242.268</ele>
        <time>2018-03-25T07:27:59Z</time>
      </trkpt>
      <trkpt lat="49.3272" lon="6.5289">
        <ele>240.875</ele>
        <time>2018-03-25T07:28:09Z</time>
      </trkpt>
      <trkpt lat="49.32722" lon="6.52869">
        <ele>238.887</ele>
        <time>2018-03-25T07:28:19Z</time>
      </trkpt>
      <trkpt lat="49.32729" lon="6.52849">
        <ele>238.334</ele>
        <time>2018-03-25T07:28:29Z</time>
      </trkpt>
      <trkpt lat="49.32736" lon="6.52832">
        <ele>237.961</ele>
        <time>2018-03-25T07:28:39Z</time>
      </trkpt>
      <trkpt lat="49.32742" lon="6.52812">
        <ele>237.898</ele>
        <time>2018-03-25T07:28:49Z</time>
      </trkpt>
      <trkpt lat="49.3275" lon="6.52795">
        <ele>237.616</ele>
        <time>2018-03-25T07:28:59Z</time>
      </trkpt>
      <trkpt lat="49.32758" lon="6.52777">
        <ele>237.277</ele>
        <time>2018-03-25T07:29:09Z</time>
      </trkpt>
      <trkpt lat="49.32767" lon="6.52758">
        <ele>237.623</ele>
        <time>2018-03-25T07:29:19Z</time>
      </trkpt>
      <trkpt lat="49.32773" lon="6.52737">
        <ele>237.913</ele>
        <time>2018-03-25T07:29:29Z</time>
      </trkpt>
      <trkpt lat="49.32774" lon="6.52715">
        <ele>238.336</ele>
        <time>2018-03-25T07:29:39Z</time>
      </trkpt>
      <trkpt lat="49.3278" lon="6.52699">
        <ele>238.911</ele>
        <time>2018-03-25T07:29:49Z</time>
      </trkpt>
      <trkpt lat="49.32784" lon="6.52679">
        <ele>240.179</ele>
        <time>2018-03-25T07:29:59Z</time>
      </trkpt>
      <trkpt lat="49.32784" lon="6.5266">
        <ele>241.258</ele>
        <time>2018-03-25T07:30:09Z</time>
      </trkpt>
      <trkpt lat="49.32784" lon="6.52636">
        <ele>242.164</ele>
        <time>2018-03-25T07:30:19Z</time>
      </trkpt>
      <trkpt lat="49.32788" lon="6.52617">
        <ele>243.309</ele>
        <time>2018-03-25T07:30:29Z</time>
      </trkpt>
      <trkpt lat="49.32793" lon="6.526">
        <ele>244.227</ele>
        <time>2018-03-25T07:30:39Z</time>
      </trkpt>
      <trkpt lat="49.328" lon="6.52585">
        <ele>245.094</ele>
        <time>2018-03-25T07:30:49Z</time>
      </trkpt>
      <trkpt lat="49.32809" lon="6.52568">
        <ele>245.29</ele>
        <time>2018-03-25T07:30:59Z</time>
      </trkpt>
      <trkpt lat="49.32823" lon="6.52557">
        <ele>244.674</ele>
        <time>2018-03-25T07:31:09Z</time>
      </trkpt>
      <trkpt lat="49.32834" lon="6.52548">
        <ele>244.237</ele>
        <time>2018-03-25T07:31:19Z</time>
      </trkpt>
      <trkpt lat="49.32844" lon="6.52538">
        <ele>244.112</ele>
        <time>2018-03-25T07:31:29Z</time>
      </trkpt>
      <trkpt lat="49.32853" lon="6.52527">
        <ele>244.326</ele>
        <time>2018-03-25T07:31:39Z</time>
      </trkpt>
      <trkpt lat="49.32861" lon="6.52517">
        <ele>244.806</ele>
        <time>2018-03-25T07:31:49Z</time>
      </trkpt>
      <trkpt lat="49.32872" lon="6.5251">
        <ele>245.53</ele>
        <time>2018-03-25T07:31:59Z</time>
      </trkpt>
      <trkpt lat="49.3288" lon="6.52507">
        <ele>245.997</ele>
        <time>2018-03-25T07:32:09Z</time>
      </trkpt>
      <trkpt lat="49.32892" lon="6.52507">
        <ele>246.602</ele>
        <time>2018-03-25T07:32:19Z</time>
      </trkpt>
      <trkpt lat="49.32903" lon="6.52514">
        <ele>247.012</ele>
        <time>2018-03-25T07:32:29Z</time>
      </trkpt>
      <trkpt lat="49.32915" lon="6.52522">
        <ele>247.358</ele>
        <time>2018-03-25T07:32:39Z</time>
      </trkpt>
      <trkpt lat="49.32926" lon="6.5253">
        <ele>247.938</ele>
        <time>2018-03-25T07:32:49Z</time>
      </trkpt>
      <trkpt lat="49.32942" lon="6.52537">
        <ele>249.071</ele>
        <time>2018-03-25T07:32:59Z</time>
      </trkpt>
      <trkpt lat="49.32955" lon="6.52542">
        <ele>248.976</ele>
        <time>2018-03-25T07:33:09Z</time>
      </trkpt>
      <trkpt lat="49.32967" lon="6.52549">
        <ele>248.494</ele>
        <time>2018-03-25T07:33:19Z</time>
      </trkpt>
      <trkpt lat="49.32977" lon="6.52555">
        <ele>248.23</ele>
        <time>2018-03-25T07:33:29Z</time>
      </trkpt>
      <trkpt lat="49.32988" lon="6.52562">
        <ele>248.34</ele>
        <time>2018-03-25T07:33:39Z</time>
      </trkpt>
      <trkpt lat="49.32995" lon="6.52567">
        <ele>248.419</ele>
        <time>2018-03-25T07:33:49Z</time>
      </trkpt>
      <trkpt lat="49.33013" lon="6.52574">
        <ele>248.336</ele>
        <time>2018-03-25T07:33:59Z</time>
      </trkpt>
      <trkpt lat="49.33032" lon="6.52576">
        <ele>248.257</ele>
        <time>2018-03-25T07:34:09Z</time>
      </trkpt>
      <trkpt lat="49.33047" lon="6.52579">
        <ele>248.17</ele>
        <time>2018-03-25T07:34:19Z</time>
      </trkpt>
      <trkpt lat="49.33057" lon="6.52578">
        <ele>248.226</ele>
        <time>2018-03-25T07:34:29Z</time>
      </trkpt>
      <trkpt lat="49.33071" lon="6.5257">
        <ele>249.036</ele>
        <time>2018-03-25T07:34:39Z</time>
      </trkpt>
      <trkpt lat="49.33082" lon="6.52554">
        <ele>250</ele>
        <time>2018-03-25T07:34:49Z</time>
      </trkpt>
      <trkpt lat="49.33088" lon="6.52538">
        <ele>250.696</ele>
        <time>2018-03-25T07:34:59Z</time>
      </trkpt>
      <trkpt lat="49.33092" lon="6.52528">
        <ele>251.009</ele>
        <time>2018-03-25T07:35:09Z</time>
      </trkpt>
      <trkpt lat="49.33097" lon="6.52503">
        <ele>251.944</ele>
        <time>2018-03-25T07:35:19Z</time>
      </trkpt>
      <trkpt lat="49.33101" lon="6.52483">
        <ele>251.75</ele>
        <time>2018-03-25T07:35:29Z</time>
      </trkpt>
      <trkpt lat="49.33106" lon="6.52465">
        <ele>251.417</ele>
        <time>2018-03-25T07:35:39Z</time>
      </trkpt>
      <trkpt lat="49.3311" lon="6.52446">
        <ele>251.096</ele>
        <time>2018-03-25T07:35:49Z</time>
      </trkpt>
      <trkpt lat="49.33118" lon="6.52425">
        <ele>251.057</ele>
        <time>2018-03-25T07:35:59Z</time>
      </trkpt>
      <trkpt lat="49.3313" lon="6.52406">
        <ele>249.723</ele>
        <time>2018-03-25T07:36:09Z</time>
      </trkpt>
      <trkpt lat="49.33138" lon="6.52387">
        <ele>248.098</ele>
        <time>2018-03-25T07:36:19Z</time>
      </trkpt>
      <trkpt lat="49.3315" lon="6.52371">
        <ele>247.593</ele>
        <time>2018-03-25T07:36:29Z</time>
      </trkpt>
      <trkpt lat="49.33158" lon="6.52357">
        <ele>247.394</ele>
        <time>2018-03-25T07:36:39Z</time>
      </trkpt>
      <trkpt lat="49.33167" lon="6.52341">
        <ele>247.69</ele>
        <time>2018-03-25T07:36:49Z</time>
      </trkpt>
      <trkpt lat="49.33178" lon="6.52329">
        <ele>247.839</ele>
        <time>2018-03-25T07:36:59Z</time>
      </trkpt>
      <trkpt lat="49.3319" lon="6.52316">
        <ele>247.864</ele>
        <time>2018-03-25T07:37:09Z</time>
      </trkpt>
      <trkpt lat="49.33197" lon="6.52305">
        <ele>247.924</ele>
        <time>2018-03-25T07:37:19Z</time>
      </trkpt>
      <trkpt lat="49.332" lon="6.52285">
        <ele>249.807</ele>
        <time>2018-03-25T07:37:29Z</time>
      </trkpt>
      <trkpt lat="49.33206" lon="6.52271">
        <ele>249.745</ele>
        <time>2018-03-25T07:37:39Z</time>
      </trkpt>
      <trkpt lat="49.33214" lon="6.52254">
        <ele>248.494</ele>
        <time>2018-03-25T07:37:49Z</time>
      </trkpt>
      <trkpt lat="49.33219" lon="6.52235">
        <ele>247.566</ele>
        <time>2018-03-25T07:37:59Z</time>
      </trkpt>
      <trkpt lat="49.3322" lon="6.52214">
        <ele>246.985</ele>
        <time>2018-03-25T07:38:09Z</time>
      </trkpt>
      <trkpt lat="49.33223" lon="6.52194">
        <ele>245.973</ele>
        <time>2018-03-25T07:38:19Z</time>
      </trkpt>
      <trkpt lat="49.33225" lon="6.52171">
        <ele>245.97</ele>
        <time>2018-03-25T07:38:29Z</time>
      </trkpt>
      <trkpt lat="49.33226" lon="6.5215">
        <ele>246.832</ele>
        <time>2018-03-25T07:38:39Z</time>
      </trkpt>
      <trkpt lat="49.33224" lon="6.5213">
        <ele>247.541</ele>
        <time>2018-03-25T07:38:49Z</time>
      </trkpt>
      <trkpt lat="49.33223" lon="6.52111">
        <ele>248.095</ele>
        <time>2018-03-25T07:38:59Z</time>
      </trkpt>
      <trkpt lat="49.33223" lon="6.52096">
        <ele>248.632</ele>
        <time>2018-03-25T07:39:09Z</time>
      </trkpt>
      <trkpt lat="49.3322" lon="6.52079">
        <ele>249.228</ele>
        <time>2018-03-25T07:39:19Z</time>
      </trkpt>
      <trkpt lat="49.33218" lon="6.52059">
        <ele>249.901</ele>
        <time>2018-03-25T07:39:29Z</time>
      </trkpt>
      <trkpt lat="49.33216" lon="6.5204">
        <ele>249.554</ele>
        <time>2018-03-25T07:39:39Z</time>
      </trkpt>
      <trkpt lat="49.33219" lon="6.52018">
        <ele>248.795</ele>
        <time>2018-03-25T07:39:49Z</time>
      </trkpt>
      <trkpt lat="49.33224" lon="6.52">
        <ele>247.982</ele>
        <time>2018-03-25T07:39:59Z</time>
      </trkpt>
      <trkpt lat="49.33229" lon="6.5198">
        <ele>247.294</ele>
        <time>2018-03-25T07:40:09Z</time>
      </trkpt>
      <trkpt lat="49.33232" lon="6.5196">
        <ele>247</ele>
        <time>2018-03-25T07:40:19Z</time>
      </trkpt>
      <trkpt lat="49.33238" lon="6.51942">
        <ele>247.033</ele>
        <time>2018-03-25T07:40:29Z</time>
      </trkpt>
      <trkpt lat="49.33242" lon="6.51925">
        <ele>247.205</ele>
        <time>2018-03-25T07:40:39Z</time>
      </trkpt>
      <trkpt lat="49.33245" lon="6.51906">
        <ele>247.56</ele>
        <time>2018-03-25T07:40:49Z</time>
      </trkpt>
      <trkpt lat="49.3326" lon="6.51893">
        <ele>248.212</ele>
        <time>2018-03-25T07:40:59Z</time>
      </trkpt>
      <trkpt lat="49.3327" lon="6.51873">
        <ele>249.292</ele>
        <time>2018-03-25T07:41:09Z</time>
      </trkpt>
      <trkpt lat="49.33274" lon="6.51853">
        <ele>249.868</ele>
        <time>2018-03-25T07:41:19Z</time>
      </trkpt>
      <trkpt lat="49.33279" lon="6.51833">
        <ele>250.04</ele>
        <time>2018-03-25T07:41:29Z</time>
      </trkpt>
      <trkpt lat="49.33283" lon="6.51816">
        <ele>250.202</ele>
        <time>2018-03-25T07:41:39Z</time>
      </trkpt>
      <trkpt lat="49.33288" lon="6.51799">
        <ele>250.382</ele>
        <time>2018-03-25T07:41:49Z</time>
      </trkpt>
      <trkpt lat="49.33296" lon="6.51782">
        <ele>250.652</ele>
        <time>2018-03-25T07:41:59Z</time>
      </trkpt>
      <trkpt lat="49.33301" lon="6.51764">
        <ele>250.49</ele>
        <time>2018-03-25T07:42:09Z</time>
      </trkpt>
      <trkpt lat="49.33313" lon="6.51748">
        <ele>250.955</ele>
        <time>2018-03-25T07:42:19Z</time>
      </trkpt>
      <trkpt lat="49.33318" lon="6.51728">
        <ele>252.888</ele>
        <time>2018-03-25T07:42:29Z</time>
      </trkpt>
      <trkpt lat="49.33316" lon="6.51714">
        <ele>253.531</ele>
        <time>2018-03-25T07:42:39Z</time>
      </trkpt>
      <trkpt lat="49.33313" lon="6.51711">
        <ele>253.359</ele>
        <time>2018-03-25T07:42:49Z</time>
      </trkpt>
      <trkpt lat="49.33306" lon="6.51706">
        <ele>252.695</ele>
        <time>2018-03-25T07:42:59Z</time>
      </trkpt>
      <trkpt lat="49.33308" lon="6.51705">
        <ele>252.898</ele>
        <time>2018-03-25T07:43:24Z</time>
      </trkpt>
      <trkpt lat="49.33319" lon="6.5171">
        <ele>254.14</ele>
        <time>2018-03-25T07:43:34Z</time>
      </trkpt>
      <trkpt lat="49.33332" lon="6.51719">
        <ele>255.127</ele>
        <time>2018-03-25T07:43:44Z</time>
      </trkpt>
      <trkpt lat="49.33345" lon="6.51729">
        <ele>256.178</ele>
        <time>2018-03-25T07:43:54Z</time>
      </trkpt>
      <trkpt lat="49.3335" lon="6.51741">
        <ele>256.012</ele>
        <time>2018-03-25T07:44:04Z</time>
      </trkpt>
      <trkpt lat="49.33352" lon="6.51755">
        <ele>255.314</ele>
        <time>2018-03-25T07:44:14Z</time>
      </trkpt>
      <trkpt lat="49.33353" lon="6.51774">
        <ele>254.276</ele>
        <time>2018-03-25T07:44:24Z</time>
      </trkpt>
      <trkpt lat="49.33358" lon="6.51794">
        <ele>254.61</ele>
        <time>2018-03-25T07:44:34Z</time>
      </trkpt>
      <trkpt lat="49.33363" lon="6.51806">
        <ele>255.337</ele>
        <time>2018-03-25T07:44:44Z</time>
      </trkpt>
      <trkpt lat="49.33369" lon="6.51822">
        <ele>256.852</ele>
        <time>2018-03-25T07:44:54Z</time>
      </trkpt>
      <trkpt lat="49.33374" lon="6.5184">
        <ele>257.975</ele>
        <time>2018-03-25T07:45:04Z</time>
      </trkpt>
      <trkpt lat="49.33381" lon="6.51855">
        <ele>259.076</ele>
        <time>2018-03-25T07:45:14Z</time>
      </trkpt>
      <trkpt lat="49.33384" lon="6.5187">
        <ele>259.7</ele>
        <time>2018-03-25T07:45:24Z</time>
      </trkpt>
      <trkpt lat="49.33389" lon="6.51888">
        <ele>260.941</ele>
        <time>2018-03-25T07:45:34Z</time>
      </trkpt>
      <trkpt lat="49.33391" lon="6.51906">
        <ele>261.852</ele>
        <time>2018-03-25T07:45:44Z</time>
      </trkpt>
      <trkpt lat="49.33394" lon="6.51923">
        <ele>262.951</ele>
        <time>2018-03-25T07:45:54Z</time>
      </trkpt>
      <trkpt lat="49.33401" lon="6.5194">
        <ele>264.168</ele>
        <time>2018-03-25T07:46:04Z</time>
      </trkpt>
      <trkpt lat="49.33407" lon="6.51958">
        <ele>264.967</ele>
        <time>2018-03-25T07:46:14Z</time>
      </trkpt>
      <trkpt lat="49.33416" lon="6.51969">
        <ele>265.928</ele>
        <time>2018-03-25T07:46:24Z</time>
      </trkpt>
      <trkpt lat="49.3342" lon="6.51986">
        <ele>265.628</ele>
        <time>2018-03-25T07:46:34Z</time>
      </trkpt>
      <trkpt lat="49.33426" lon="6.51997">
        <ele>265.462</ele>
        <time>2018-03-25T07:46:44Z</time>
      </trkpt>
      <trkpt lat="49.33434" lon="6.52011">
        <ele>265.003</ele>
        <time>2018-03-25T07:46:54Z</time>
      </trkpt>
      <trkpt lat="49.33446" lon="6.52025">
        <ele>264.247</ele>
        <time>2018-03-25T07:47:04Z</time>
      </trkpt>
      <trkpt lat="49.33455" lon="6.5204">
        <ele>264.003</ele>
        <time>2018-03-25T07:47:14Z</time>
      </trkpt>
      <trkpt lat="49.33465" lon="6.52052">
        <ele>263.281</ele>
        <time>2018-03-25T07:47:24Z</time>
      </trkpt>
      <trkpt lat="49.33472" lon="6.52066">
        <ele>263</ele>
        <time>2018-03-25T07:47:34Z</time>
      </trkpt>
      <trkpt lat="49.33481" lon="6.52068">
        <ele>262.761</ele>
        <time>2018-03-25T07:47:44Z</time>
      </trkpt>
      <trkpt lat="49.33493" lon="6.52067">
        <ele>262.569</ele>
        <time>2018-03-25T07:47:54Z</time>
      </trkpt>
      <trkpt lat="49.33505" lon="6.52063">
        <ele>261.279</ele>
        <time>2018-03-25T07:48:04Z</time>
      </trkpt>
      <trkpt lat="49.33514" lon="6.52052">
        <ele>259.903</ele>
        <time>2018-03-25T07:48:14Z</time>
      </trkpt>
      <trkpt lat="49.33522" lon="6.52034">
        <ele>259.117</ele>
        <time>2018-03-25T07:48:24Z</time>
      </trkpt>
      <trkpt lat="49.33528" lon="6.52015">
        <ele>258.973</ele>
        <time>2018-03-25T07:48:34Z</time>
      </trkpt>
      <trkpt lat="49.33533" lon="6.51998">
        <ele>257.701</ele>
        <time>2018-03-25T07:48:44Z</time>
      </trkpt>
      <trkpt lat="49.33536" lon="6.51979">
        <ele>257.485</ele>
        <time>2018-03-25T07:48:54Z</time>
      </trkpt>
      <trkpt lat="49.33538" lon="6.51961">
        <ele>258.288</ele>
        <time>2018-03-25T07:49:04Z</time>
      </trkpt>
      <trkpt lat="49.33543" lon="6.51946">
        <ele>258.251</ele>
        <time>2018-03-25T07:49:14Z</time>
      </trkpt>
      <trkpt lat="49.33547" lon="6.51928">
        <ele>258.748</ele>
        <time>2018-03-25T07:49:24Z</time>
      </trkpt>
      <trkpt lat="49.33552" lon="6.51911">
        <ele>258.782</ele>
        <time>2018-03-25T07:49:34Z</time>
      </trkpt>
      <trkpt lat="49.33557" lon="6.51892">
        <ele>258.429</ele>
        <time>2018-03-25T07:49:44Z</time>
      </trkpt>
      <trkpt lat="49.33562" lon="6.51872">
        <ele>258.356</ele>
        <time>2018-03-25T07:49:54Z</time>
      </trkpt>
      <trkpt lat="49.33566" lon="6.51852">
        <ele>257.95</ele>
        <time>2018-03-25T07:50:04Z</time>
      </trkpt>
      <trkpt lat="49.3357" lon="6.51833">
        <ele>256.836</ele>
        <time>2018-03-25T07:50:14Z</time>
      </trkpt>
      <trkpt lat="49.33574" lon="6.51816">
        <ele>255.396</ele>
        <time>2018-03-25T07:50:24Z</time>
      </trkpt>
      <trkpt lat="49.33576" lon="6.51801">
        <ele>254.454</ele>
        <time>2018-03-25T07:50:34Z</time>
      </trkpt>
      <trkpt lat="49.33583" lon="6.5179">
        <ele>251.467</ele>
        <time>2018-03-25T07:50:44Z</time>
      </trkpt>
      <trkpt lat="49.33596" lon="6.51779">
        <ele>251.019</ele>
        <time>2018-03-25T07:50:54Z</time>
      </trkpt>
      <trkpt lat="49.33598" lon="6.51779">
        <ele>251.016</ele>
        <time>2018-03-25T07:51:04Z</time>
      </trkpt>
      <trkpt lat="49.336" lon="6.51778">
        <ele>251.006</ele>
        <time>2018-03-25T07:51:27Z</time>
      </trkpt>
      <trkpt lat="49.33609" lon="6.51773">
        <ele>251.163</ele>
        <time>2018-03-25T07:51:37Z</time>
      </trkpt>
      <trkpt lat="49.3361" lon="6.51773">
        <ele>251.184</ele>
        <time>2018-03-25T07:51:47Z</time>
      </trkpt>
      <trkpt lat="49.33609" lon="6.51771">
        <ele>251.231</ele>
        <time>2018-03-25T07:52:13Z</time>
      </trkpt>
      <trkpt lat="49.33606" lon="6.51765">
        <ele>251.365</ele>
        <time>2018-03-25T07:52:23Z</time>
      </trkpt>
      <trkpt lat="49.33616" lon="6.51768">
        <ele>251.711</ele>
        <time>2018-03-25T07:52:33Z</time>
      </trkpt>
      <trkpt lat="49.3362" lon="6.51771">
        <ele>251.916</ele>
        <time>2018-03-25T07:52:43Z</time>
      </trkpt>
      <trkpt lat="49.33611" lon="6.51771">
        <ele>251.258</ele>
        <time>2018-03-25T07:52:53Z</time>
      </trkpt>
      <trkpt lat="49.33601" lon="6.5177">
        <ele>251.177</ele>
        <time>2018-03-25T07:53:03Z</time>
      </trkpt>
      <trkpt lat="49.33594" lon="6.5177">
        <ele>251.111</ele>
        <time>2018-03-25T07:53:13Z</time>
      </trkpt>
      <trkpt lat="49.33592" lon="6.51769">
        <ele>251.093</ele>
        <time>2018-03-25T07:53:23Z</time>
      </trkpt>
      <trkpt lat="49.33599" lon="6.51766">
        <ele>251.228</ele>
        <time>2018-03-25T07:53:33Z</time>
      </trkpt>
      <trkpt lat="49.33603" lon="6.51765">
        <ele>251.311</ele>
        <time>2018-03-25T07:53:43Z</time>
      </trkpt>
      <trkpt lat="49.33605" lon="6.51766">
        <ele>251.348</ele>
        <time>2018-03-25T07:53:53Z</time>
      </trkpt>
      <trkpt lat="49.33604" lon="6.51768">
        <ele>251.266</ele>
        <time>2018-03-25T07:54:03Z</time>
      </trkpt>
      <trkpt lat="49.33606" lon="6.51767">
        <ele>251.306</ele>
        <time>2018-03-25T07:54:13Z</time>
      </trkpt>
      <trkpt lat="49.33611" lon="6.5177">
        <ele>251.294</ele>
        <time>2018-03-25T07:54:23Z</time>
      </trkpt>
      <trkpt lat="49.3362" lon="6.51771">
        <ele>251.848</ele>
        <time>2018-03-25T07:54:33Z</time>
      </trkpt>
      <trkpt lat="49.3363" lon="6.51773">
        <ele>252.557</ele>
        <time>2018-03-25T07:54:43Z</time>
      </trkpt>
      <trkpt lat="49.33647" lon="6.51775">
        <ele>253.998</ele>
        <time>2018-03-25T07:54:53Z</time>
      </trkpt>
      <trkpt lat="49.3366" lon="6.51776">
        <ele>255.34</ele>
        <time>2018-03-25T07:55:03Z</time>
      </trkpt>
      <trkpt lat="49.33668" lon="6.5178">
        <ele>256.17</ele>
        <time>2018-03-25T07:55:13Z</time>
      </trkpt>
      <trkpt lat="49.33676" lon="6.51786">
        <ele>256.992</ele>
        <time>2018-03-25T07:55:23Z</time>
      </trkpt>
      <trkpt lat="49.33686" lon="6.51794">
        <ele>257.745</ele>
        <time>2018-03-25T07:55:33Z</time>
      </trkpt>
      <trkpt lat="49.33695" lon="6.51803">
        <ele>258.228</ele>
        <time>2018-03-25T07:55:43Z</time>
      </trkpt>
      <trkpt lat="49.33705" lon="6.51813">
        <ele>258.611</ele>
        <time>2018-03-25T07:55:53Z</time>
      </trkpt>
      <trkpt lat="49.33716" lon="6.51825">
        <ele>258.892</ele>
        <time>2018-03-25T07:56:03Z</time>
      </trkpt>
      <trkpt lat="49.33722" lon="6.51837">
        <ele>258.647</ele>
        <time>2018-03-25T07:56:13Z</time>
      </trkpt>
      <trkpt lat="49.33729" lon="6.51852">
        <ele>258.122</ele>
        <time>2018-03-25T07:56:23Z</time>
      </trkpt>
      <trkpt lat="49.33738" lon="6.51868">
        <ele>257.984</ele>
        <time>2018-03-25T07:56:33Z</time>
      </trkpt>
      <trkpt lat="49.33745" lon="6.51884">
        <ele>258.481</ele>
        <time>2018-03-25T07:56:43Z</time>
      </trkpt>
      <trkpt lat="49.33752" lon="6.51898">
        <ele>258.802</ele>
        <time>2018-03-25T07:56:53Z</time>
      </trkpt>
      <trkpt lat="49.33758" lon="6.51914">
        <ele>258.647</ele>
        <time>2018-03-25T07:57:03Z</time>
      </trkpt>
      <trkpt lat="49.33764" lon="6.51928">
        <ele>258.795</ele>
        <time>2018-03-25T07:57:13Z</time>
      </trkpt>
      <trkpt lat="49.33772" lon="6.51942">
        <ele>258.858</ele>
        <time>2018-03-25T07:57:23Z</time>
      </trkpt>
      <trkpt lat="49.33781" lon="6.51956">
        <ele>258.723</ele>
        <time>2018-03-25T07:57:33Z</time>
      </trkpt>
      <trkpt lat="49.33788" lon="6.51971">
        <ele>258.771</ele>
        <time>2018-03-25T07:57:43Z</time>
      </trkpt>
      <trkpt lat="49.33797" lon="6.51986">
        <ele>259.017</ele>
        <time>2018-03-25T07:57:53Z</time>
      </trkpt>
      <trkpt lat="49.33805" lon="6.52002">
        <ele>258.98</ele>
        <time>2018-03-25T07:58:03Z</time>
      </trkpt>
      <trkpt lat="49.33814" lon="6.52015">
        <ele>259.923</ele>
        <time>2018-03-25T07:58:13Z</time>
      </trkpt>
      <trkpt lat="49.3382" lon="6.52028">
        <ele>260.549</ele>
        <time>2018-03-25T07:58:23Z</time>
      </trkpt>
      <trkpt lat="49.33826" lon="6.52042">
        <ele>261.316</ele>
        <time>2018-03-25T07:58:33Z</time>
      </trkpt>
      <trkpt lat="49.33833" lon="6.52057">
        <ele>261.924</ele>
        <time>2018-03-25T07:58:43Z</time>
      </trkpt>
      <trkpt lat="49.33839" lon="6.52071">
        <ele>262.067</ele>
        <time>2018-03-25T07:58:53Z</time>
      </trkpt>
      <trkpt lat="49.33846" lon="6.52085">
        <ele>262.308</ele>
        <time>2018-03-25T07:59:03Z</time>
      </trkpt>
      <trkpt lat="49.33853" lon="6.52097">
        <ele>262.603</ele>
        <time>2018-03-25T07:59:13Z</time>
      </trkpt>
      <trkpt lat="49.3386" lon="6.52109">
        <ele>262.916</ele>
        <time>2018-03-25T07:59:23Z</time>
      </trkpt>
      <trkpt lat="49.33867" lon="6.5212">
        <ele>263.309</ele>
        <time>2018-03-25T07:59:33Z</time>
      </trkpt>
      <trkpt lat="49.33874" lon="6.52132">
        <ele>263.626</ele>
        <time>2018-03-25T07:59:43Z</time>
      </trkpt>
      <trkpt lat="49.33884" lon="6.52145">
        <ele>264.097</ele>
        <time>2018-03-25T07:59:53Z</time>
      </trkpt>
      <trkpt lat="49.3389" lon="6.52157">
        <ele>263.788</ele>
        <time>2018-03-25T08:00:03Z</time>
      </trkpt>
      <trkpt lat="49.33896" lon="6.52166">
        <ele>263.791</ele>
        <time>2018-03-25T08:00:13Z</time>
      </trkpt>
      <trkpt lat="49.33904" lon="6.52175">
        <ele>264.171</ele>
        <time>2018-03-25T08:00:23Z</time>
      </trkpt>
      <trkpt lat="49.33912" lon="6.52184">
        <ele>264.368</ele>
        <time>2018-03-25T08:00:33Z</time>
      </trkpt>
      <trkpt lat="49.33921" lon="6.52188">
        <ele>264.685</ele>
        <time>2018-03-25T08:00:43Z</time>
      </trkpt>
      <trkpt lat="49.33931" lon="6.52189">
        <ele>265.092</ele>
        <time>2018-03-25T08:00:53Z</time>
      </trkpt>
      <trkpt lat="49.33938" lon="6.52189">
        <ele>265.486</ele>
        <time>2018-03-25T08:01:03Z</time>
      </trkpt>
      <trkpt lat="49.33945" lon="6.52184">
        <ele>265.61</ele>
        <time>2018-03-25T08:01:13Z</time>
      </trkpt>
      <trkpt lat="49.33953" lon="6.52185">
        <ele>264.49</ele>
        <time>2018-03-25T08:01:23Z</time>
      </trkpt>
      <trkpt lat="49.3396" lon="6.52182">
        <ele>263.32</ele>
        <time>2018-03-25T08:01:33Z</time>
      </trkpt>
      <trkpt lat="49.33963" lon="6.5218">
        <ele>262.706</ele>
        <time>2018-03-25T08:01:43Z</time>
      </trkpt>
      <trkpt lat="49.33973" lon="6.52174">
        <ele>260.696</ele>
        <time>2018-03-25T08:01:53Z</time>
      </trkpt>
      <trkpt lat="49.33984" lon="6.52171">
        <ele>259.725</ele>
        <time>2018-03-25T08:02:03Z</time>
      </trkpt>
      <trkpt lat="49.33995" lon="6.52169">
        <ele>258.667</ele>
        <time>2018-03-25T08:02:13Z</time>
      </trkpt>
      <trkpt lat="49.34005" lon="6.52166">
        <ele>257.918</ele>
        <time>2018-03-25T08:02:23Z</time>
      </trkpt>
      <trkpt lat="49.34012" lon="6.52164">
        <ele>257.573</ele>
        <time>2018-03-25T08:02:33Z</time>
      </trkpt>
      <trkpt lat="49.34021" lon="6.52159">
        <ele>256.824</ele>
        <time>2018-03-25T08:02:43Z</time>
      </trkpt>
      <trkpt lat="49.3403" lon="6.52152">
        <ele>255.969</ele>
        <time>2018-03-25T08:02:53Z</time>
      </trkpt>
      <trkpt lat="49.34042" lon="6.52149">
        <ele>255.745</ele>
        <time>2018-03-25T08:03:03Z</time>
      </trkpt>
      <trkpt lat="49.34052" lon="6.52146">
        <ele>255.622</ele>
        <time>2018-03-25T08:03:13Z</time>
      </trkpt>
      <trkpt lat="49.34062" lon="6.52146">
        <ele>255.714</ele>
        <time>2018-03-25T08:03:23Z</time>
      </trkpt>
      <trkpt lat="49.34072" lon="6.52144">
        <ele>255.584</ele>
        <time>2018-03-25T08:03:33Z</time>
      </trkpt>
      <trkpt lat="49.34081" lon="6.52143">
        <ele>255.401</ele>
        <time>2018-03-25T08:03:43Z</time>
      </trkpt>
      <trkpt lat="49.3409" lon="6.52142">
        <ele>254.757</ele>
        <time>2018-03-25T08:03:53Z</time>
      </trkpt>
      <trkpt lat="49.34096" lon="6.52137">
        <ele>253.983</ele>
        <time>2018-03-25T08:04:03Z</time>
      </trkpt>
      <trkpt lat="49.34104" lon="6.52135">
        <ele>253.289</ele>
        <time>2018-03-25T08:04:13Z</time>
      </trkpt>
      <trkpt lat="49.3411" lon="6.52133">
        <ele>252.84</ele>
        <time>2018-03-25T08:04:23Z</time>
      </trkpt>
      <trkpt lat="49.34118" lon="6.5213">
        <ele>251.875</ele>
        <time>2018-03-25T08:04:33Z</time>
      </trkpt>
      <trkpt lat="49.34128" lon="6.52126">
        <ele>250.715</ele>
        <time>2018-03-25T08:04:43Z</time>
      </trkpt>
      <trkpt lat="49.34139" lon="6.52121">
        <ele>249.629</ele>
        <time>2018-03-25T08:04:53Z</time>
      </trkpt>
      <trkpt lat="49.3415" lon="6.52118">
        <ele>248.615</ele>
        <time>2018-03-25T08:05:03Z</time>
      </trkpt>
      <trkpt lat="49.3416" lon="6.52117">
        <ele>247.704</ele>
        <time>2018-03-25T08:05:13Z</time>
      </trkpt>
      <trkpt lat="49.34169" lon="6.52115">
        <ele>246.909</ele>
        <time>2018-03-25T08:05:23Z</time>
      </trkpt>
      <trkpt lat="49.3418" lon="6.52114">
        <ele>246.527</ele>
        <time>2018-03-25T08:05:33Z</time>
      </trkpt>
      <trkpt lat="49.3419" lon="6.52117">
        <ele>246.16</ele>
        <time>2018-03-25T08:05:43Z</time>
      </trkpt>
      <trkpt lat="49.34198" lon="6.52115">
        <ele>246.121</ele>
        <time>2018-03-25T08:05:53Z</time>
      </trkpt>
      <trkpt lat="49.34205" lon="6.52113">
        <ele>246.36</ele>
        <time>2018-03-25T08:06:03Z</time>
      </trkpt>
      <trkpt lat="49.34212" lon="6.52112">
        <ele>246.596</ele>
        <time>2018-03-25T08:06:13Z</time>
      </trkpt>
      <trkpt lat="49.34222" lon="6.52111">
        <ele>246.96</ele>
        <time>2018-03-25T08:06:23Z</time>
      </trkpt>
      <trkpt lat="49.34233" lon="6.52106">
        <ele>246.523</ele>
        <time>2018-03-25T08:06:33Z</time>
      </trkpt>
      <trkpt lat="49.34243" lon="6.52103">
        <ele>246.17</ele>
        <time>2018-03-25T08:06:43Z</time>
      </trkpt>
      <trkpt lat="49.34253" lon="6.52099">
        <ele>245.949</ele>
        <time>2018-03-25T08:06:53Z</time>
      </trkpt>
      <trkpt lat="49.34264" lon="6.52097">
        <ele>245.742</ele>
        <time>2018-03-25T08:07:03Z</time>
      </trkpt>
      <trkpt lat="49.34274" lon="6.52095">
        <ele>245.492</ele>
        <time>2018-03-25T08:07:13Z</time>
      </trkpt>
      <trkpt lat="49.34284" lon="6.52093">
        <ele>245.184</ele>
        <time>2018-03-25T08:07:23Z</time>
      </trkpt>
      <trkpt lat="49.34292" lon="6.52092">
        <ele>244.955</ele>
        <time>2018-03-25T08:07:33Z</time>
      </trkpt>
      <trkpt lat="49.34297" lon="6.52092">
        <ele>244.812</ele>
        <time>2018-03-25T08:07:43Z</time>
      </trkpt>
      <trkpt lat="49.34303" lon="6.52092">
        <ele>244.648</ele>
        <time>2018-03-25T08:07:53Z</time>
      </trkpt>
      <trkpt lat="49.34309" lon="6.52089">
        <ele>244.477</ele>
        <time>2018-03-25T08:08:03Z</time>
      </trkpt>
      <trkpt lat="49.34314" lon="6.52085">
        <ele>244.402</ele>
        <time>2018-03-25T08:08:13Z</time>
      </trkpt>
      <trkpt lat="49.34318" lon="6.52084">
        <ele>244.464</ele>
        <time>2018-03-25T08:08:35Z</time>
      </trkpt>
      <trkpt lat="49.34332" lon="6.52079">
        <ele>244.66</ele>
        <time>2018-03-25T08:08:45Z</time>
      </trkpt>
      <trkpt lat="49.34344" lon="6.52076">
        <ele>244.056</ele>
        <time>2018-03-25T08:08:55Z</time>
      </trkpt>
      <trkpt lat="49.34354" lon="6.52073">
        <ele>243.519</ele>
        <time>2018-03-25T08:09:05Z</time>
      </trkpt>
      <trkpt lat="49.34364" lon="6.52075">
        <ele>243.458</ele>
        <time>2018-03-25T08:09:15Z</time>
      </trkpt>
      <trkpt lat="49.34372" lon="6.5208">
        <ele>243.87</ele>
        <time>2018-03-25T08:09:25Z</time>
      </trkpt>
      <trkpt lat="49.34382" lon="6.52076">
        <ele>243.874</ele>
        <time>2018-03-25T08:09:35Z</time>
      </trkpt>
      <trkpt lat="49.3439" lon="6.52075">
        <ele>244.016</ele>
        <time>2018-03-25T08:09:45Z</time>
      </trkpt>
      <trkpt lat="49.34395" lon="6.52072">
        <ele>244.096</ele>
        <time>2018-03-25T08:09:55Z</time>
      </trkpt>
      <trkpt lat="49.34404" lon="6.52066">
        <ele>244.341</ele>
        <time>2018-03-25T08:10:05Z</time>
      </trkpt>
      <trkpt lat="49.34416" lon="6.52062">
        <ele>244.769</ele>
        <time>2018-03-25T08:10:15Z</time>
      </trkpt>
      <trkpt lat="49.34427" lon="6.52059">
        <ele>244.497</ele>
        <time>2018-03-25T08:10:25Z</time>
      </trkpt>
      <trkpt lat="49.34436" lon="6.52057">
        <ele>244.27</ele>
        <time>2018-03-25T08:10:35Z</time>
      </trkpt>
      <trkpt lat="49.34444" lon="6.52056">
        <ele>243.989</ele>
        <time>2018-03-25T08:10:45Z</time>
      </trkpt>
      <trkpt lat="49.34452" lon="6.52056">
        <ele>243.426</ele>
        <time>2018-03-25T08:10:55Z</time>
      </trkpt>
      <trkpt lat="49.34464" lon="6.52053">
        <ele>242.643</ele>
        <time>2018-03-25T08:11:05Z</time>
      </trkpt>
      <trkpt lat="49.34481" lon="6.52047">
        <ele>242.118</ele>
        <time>2018-03-25T08:11:15Z</time>
      </trkpt>
      <trkpt lat="49.34496" lon="6.52042">
        <ele>242.032</ele>
        <time>2018-03-25T08:11:25Z</time>
      </trkpt>
      <trkpt lat="49.3451" lon="6.52039">
        <ele>242.055</ele>
        <time>2018-03-25T08:11:35Z</time>
      </trkpt>
      <trkpt lat="49.34523" lon="6.52034">
        <ele>242.378</ele>
        <time>2018-03-25T08:11:45Z</time>
      </trkpt>
      <trkpt lat="49.34531" lon="6.52029">
        <ele>242.785</ele>
        <time>2018-03-25T08:11:55Z</time>
      </trkpt>
      <trkpt lat="49.3454" lon="6.52027">
        <ele>242.667</ele>
        <time>2018-03-25T08:12:05Z</time>
      </trkpt>
      <trkpt lat="49.34543" lon="6.52027">
        <ele>242.518</ele>
        <time>2018-03-25T08:12:15Z</time>
      </trkpt>
      <trkpt lat="49.34545" lon="6.52027">
        <ele>242.438</ele>
        <time>2018-03-25T08:12:41Z</time>
      </trkpt>
      <trkpt lat="49.34556" lon="6.52027">
        <ele>241.995</ele>
        <time>2018-03-25T08:12:51Z</time>
      </trkpt>
      <trkpt lat="49.34567" lon="6.52026">
        <ele>241.367</ele>
        <time>2018-03-25T08:13:01Z</time>
      </trkpt>
      <trkpt lat="49.34578" lon="6.52021">
        <ele>241.132</ele>
        <time>2018-03-25T08:13:11Z</time>
      </trkpt>
      <trkpt lat="49.34585" lon="6.52018">
        <ele>240.886</ele>
        <time>2018-03-25T08:13:21Z</time>
      </trkpt>
      <trkpt lat="49.34599" lon="6.52016">
        <ele>240.202</ele>
        <time>2018-03-25T08:13:31Z</time>
      </trkpt>
      <trkpt lat="49.34613" lon="6.52012">
        <ele>239.45</ele>
        <time>2018-03-25T08:13:41Z</time>
      </trkpt>
      <trkpt lat="49.34626" lon="6.5201">
        <ele>238.493</ele>
        <time>2018-03-25T08:13:51Z</time>
      </trkpt>
      <trkpt lat="49.34632" lon="6.52007">
        <ele>238.106</ele>
        <time>2018-03-25T08:14:01Z</time>
      </trkpt>
      <trkpt lat="49.34638" lon="6.52003">
        <ele>237.871</ele>
        <time>2018-03-25T08:14:11Z</time>
      </trkpt>
      <trkpt lat="49.34648" lon="6.51998">
        <ele>237.21</ele>
        <time>2018-03-25T08:14:21Z</time>
      </trkpt>
      <trkpt lat="49.3466" lon="6.51997">
        <ele>236.028</ele>
        <time>2018-03-25T08:14:31Z</time>
      </trkpt>
      <trkpt lat="49.34672" lon="6.51997">
        <ele>235.035</ele>
        <time>2018-03-25T08:14:41Z</time>
      </trkpt>
      <trkpt lat="49.34684" lon="6.51997">
        <ele>234.547</ele>
        <time>2018-03-25T08:14:51Z</time>
      </trkpt>
      <trkpt lat="49.34694" lon="6.51996">
        <ele>234.185</ele>
        <time>2018-03-25T08:15:01Z</time>
      </trkpt>
      <trkpt lat="49.34704" lon="6.51994">
        <ele>233.724</ele>
        <time>2018-03-25T08:15:11Z</time>
      </trkpt>
      <trkpt lat="49.34713" lon="6.51993">
        <ele>233.254</ele>
        <time>2018-03-25T08:15:21Z</time>
      </trkpt>
      <trkpt lat="49.34724" lon="6.51991">
        <ele>232.699</ele>
        <time>2018-03-25T08:15:31Z</time>
      </trkpt>
      <trkpt lat="49.34739" lon="6.51995">
        <ele>232.926</ele>
        <time>2018-03-25T08:15:41Z</time>
      </trkpt>
      <trkpt lat="49.34751" lon="6.52008">
        <ele>233.317</ele>
        <time>2018-03-25T08:15:51Z</time>
      </trkpt>
      <trkpt lat="49.34756" lon="6.52025">
        <ele>233.931</ele>
        <time>2018-03-25T08:16:01Z</time>
      </trkpt>
      <trkpt lat="49.34758" lon="6.52042">
        <ele>234</ele>
        <time>2018-03-25T08:16:11Z</time>
      </trkpt>
      <trkpt lat="49.34761" lon="6.52061">
        <ele>234</ele>
        <time>2018-03-25T08:16:21Z</time>
      </trkpt>
      <trkpt lat="49.34764" lon="6.5208">
        <ele>234</ele>
        <time>2018-03-25T08:16:31Z</time>
      </trkpt>
      <trkpt lat="49.34766" lon="6.52099">
        <ele>234</ele>
        <time>2018-03-25T08:16:41Z</time>
      </trkpt>
      <trkpt lat="49.3477" lon="6.52119">
        <ele>234</ele>
        <time>2018-03-25T08:16:51Z</time>
      </trkpt>
      <trkpt lat="49.34775" lon="6.52139">
        <ele>234</ele>
        <time>2018-03-25T08:17:01Z</time>
      </trkpt>
      <trkpt lat="49.34779" lon="6.52159">
        <ele>234.044</ele>
        <time>2018-03-25T08:17:11Z</time>
      </trkpt>
      <trkpt lat="49.34784" lon="6.52178">
        <ele>233.794</ele>
        <time>2018-03-25T08:17:21Z</time>
      </trkpt>
      <trkpt lat="49.34788" lon="6.52197">
        <ele>233.254</ele>
        <time>2018-03-25T08:17:31Z</time>
      </trkpt>
      <trkpt lat="49.34792" lon="6.52216">
        <ele>232.729</ele>
        <time>2018-03-25T08:17:41Z</time>
      </trkpt>
      <trkpt lat="49.34796" lon="6.52237">
        <ele>231.951</ele>
        <time>2018-03-25T08:17:51Z</time>
      </trkpt>
      <trkpt lat="49.348" lon="6.52256">
        <ele>231.622</ele>
        <time>2018-03-25T08:18:01Z</time>
      </trkpt>
      <trkpt lat="49.34805" lon="6.52275">
        <ele>231.931</ele>
        <time>2018-03-25T08:18:11Z</time>
      </trkpt>
      <trkpt lat="49.34809" lon="6.52297">
        <ele>232.139</ele>
        <time>2018-03-25T08:18:21Z</time>
      </trkpt>
      <trkpt lat="49.34813" lon="6.52317">
        <ele>232.25</ele>
        <time>2018-03-25T08:18:31Z</time>
      </trkpt>
      <trkpt lat="49.34815" lon="6.52335">
        <ele>232.354</ele>
        <time>2018-03-25T08:18:41Z</time>
      </trkpt>
      <trkpt lat="49.34819" lon="6.52355">
        <ele>232.473</ele>
        <time>2018-03-25T08:18:51Z</time>
      </trkpt>
      <trkpt lat="49.34823" lon="6.52376">
        <ele>232.61</ele>
        <time>2018-03-25T08:19:01Z</time>
      </trkpt>
      <trkpt lat="49.34825" lon="6.52395">
        <ele>232.7</ele>
        <time>2018-03-25T08:19:11Z</time>
      </trkpt>
      <trkpt lat="49.34827" lon="6.52415">
        <ele>232.783</ele>
        <time>2018-03-25T08:19:21Z</time>
      </trkpt>
      <trkpt lat="49.34831" lon="6.52434">
        <ele>232.905</ele>
        <time>2018-03-25T08:19:31Z</time>
      </trkpt>
      <trkpt lat="49.34835" lon="6.52453">
        <ele>233.074</ele>
        <time>2018-03-25T08:19:41Z</time>
      </trkpt>
      <trkpt lat="49.34841" lon="6.52473">
        <ele>233.233</ele>
        <time>2018-03-25T08:19:51Z</time>
      </trkpt>
      <trkpt lat="49.34843" lon="6.52494">
        <ele>232.85</ele>
        <time>2018-03-25T08:20:01Z</time>
      </trkpt>
      <trkpt lat="49.34847" lon="6.52514">
        <ele>232.473</ele>
        <time>2018-03-25T08:20:11Z</time>
      </trkpt>
      <trkpt lat="49.34849" lon="6.52532">
        <ele>232.157</ele>
        <time>2018-03-25T08:20:21Z</time>
      </trkpt>
      <trkpt lat="49.34853" lon="6.52551">
        <ele>232.416</ele>
        <time>2018-03-25T08:20:31Z</time>
      </trkpt>
      <trkpt lat="49.34856" lon="6.52569">
        <ele>232.603</ele>
        <time>2018-03-25T08:20:41Z</time>
      </trkpt>
      <trkpt lat="49.34857" lon="6.52587">
        <ele>232.724</ele>
        <time>2018-03-25T08:20:51Z</time>
      </trkpt>
      <trkpt lat="49.3486" lon="6.52607">
        <ele>232.984</ele>
        <time>2018-03-25T08:21:01Z</time>
      </trkpt>
      <trkpt lat="49.34863" lon="6.52626">
        <ele>233.075</ele>
        <time>2018-03-25T08:21:11Z</time>
      </trkpt>
      <trkpt lat="49.34867" lon="6.52645">
        <ele>233.212</ele>
        <time>2018-03-25T08:21:21Z</time>
      </trkpt>
      <trkpt lat="49.3487" lon="6.52667">
        <ele>233.314</ele>
        <time>2018-03-25T08:21:31Z</time>
      </trkpt>
      <trkpt lat="49.34873" lon="6.52688">
        <ele>232.991</ele>
        <time>2018-03-25T08:21:41Z</time>
      </trkpt>
      <trkpt lat="49.34877" lon="6.52708">
        <ele>232.851</ele>
        <time>2018-03-25T08:21:51Z</time>
      </trkpt>
      <trkpt lat="49.3488" lon="6.52729">
        <ele>232.447</ele>
        <time>2018-03-25T08:22:01Z</time>
      </trkpt>
      <trkpt lat="49.34883" lon="6.52749">
        <ele>231.817</ele>
        <time>2018-03-25T08:22:11Z</time>
      </trkpt>
      <trkpt lat="49.34885" lon="6.52768">
        <ele>232.314</ele>
        <time>2018-03-25T08:22:21Z</time>
      </trkpt>
      <trkpt lat="49.34888" lon="6.52785">
        <ele>232.85</ele>
        <time>2018-03-25T08:22:31Z</time>
      </trkpt>
      <trkpt lat="49.3489" lon="6.52803">
        <ele>233.026</ele>
        <time>2018-03-25T08:22:41Z</time>
      </trkpt>
      <trkpt lat="49.34892" lon="6.52823">
        <ele>233.116</ele>
        <time>2018-03-25T08:22:51Z</time>
      </trkpt>
      <trkpt lat="49.34894" lon="6.52844">
        <ele>233.276</ele>
        <time>2018-03-25T08:23:01Z</time>
      </trkpt>
      <trkpt lat="49.34895" lon="6.52866">
        <ele>233.576</ele>
        <time>2018-03-25T08:23:11Z</time>
      </trkpt>
      <trkpt lat="49.34896" lon="6.52885">
        <ele>234.368</ele>
        <time>2018-03-25T08:23:21Z</time>
      </trkpt>
      <trkpt lat="49.34895" lon="6.52906">
        <ele>234.469</ele>
        <time>2018-03-25T08:23:31Z</time>
      </trkpt>
      <trkpt lat="49.34895" lon="6.52927">
        <ele>234.433</ele>
        <time>2018-03-25T08:23:41Z</time>
      </trkpt>
      <trkpt lat="49.34894" lon="6.52947">
        <ele>234.357</ele>
        <time>2018-03-25T08:23:51Z</time>
      </trkpt>
      <trkpt lat="49.34893" lon="6.52966">
        <ele>234.193</ele>
        <time>2018-03-25T08:24:01Z</time>
      </trkpt>
      <trkpt lat="49.34894" lon="6.52985">
        <ele>234.271</ele>
        <time>2018-03-25T08:24:11Z</time>
      </trkpt>
      <trkpt lat="49.34897" lon="6.53003">
        <ele>234.555</ele>
        <time>2018-03-25T08:24:21Z</time>
      </trkpt>
      <trkpt lat="49.349" lon="6.53017">
        <ele>234.786</ele>
        <time>2018-03-25T08:24:31Z</time>
      </trkpt>
      <trkpt lat="49.349" lon="6.53021">
        <ele>234.8</ele>
        <time>2018-03-25T08:24:41Z</time>
      </trkpt>
      <trkpt lat="49.34898" lon="6.53028">
        <ele>234.707</ele>
        <time>2018-03-25T08:24:51Z</time>
      </trkpt>
      <trkpt lat="49.34899" lon="6.53032">
        <ele>234.837</ele>
        <time>2018-03-25T08:25:01Z</time>
      </trkpt>
      <trkpt lat="49.34898" lon="6.53039">
        <ele>235.074</ele>
        <time>2018-03-25T08:25:11Z</time>
      </trkpt>
      <trkpt lat="49.34896" lon="6.53051">
        <ele>235.391</ele>
        <time>2018-03-25T08:25:21Z</time>
      </trkpt>
      <trkpt lat="49.34894" lon="6.53065">
        <ele>235.354</ele>
        <time>2018-03-25T08:25:31Z</time>
      </trkpt>
      <trkpt lat="49.34892" lon="6.53081">
        <ele>235.224</ele>
        <time>2018-03-25T08:25:41Z</time>
      </trkpt>
      <trkpt lat="49.34891" lon="6.53094">
        <ele>234.764</ele>
        <time>2018-03-25T08:25:51Z</time>
      </trkpt>
      <trkpt lat="49.34887" lon="6.53101">
        <ele>234.062</ele>
        <time>2018-03-25T08:26:01Z</time>
      </trkpt>
      <trkpt lat="49.34884" lon="6.53111">
        <ele>233.363</ele>
        <time>2018-03-25T08:26:11Z</time>
      </trkpt>
      <trkpt lat="49.3488" lon="6.53125">
        <ele>232.691</ele>
        <time>2018-03-25T08:26:21Z</time>
      </trkpt>
      <trkpt lat="49.34874" lon="6.53138">
        <ele>231.842</ele>
        <time>2018-03-25T08:26:31Z</time>
      </trkpt>
      <trkpt lat="49.3487" lon="6.53152">
        <ele>231.649</ele>
        <time>2018-03-25T08:26:41Z</time>
      </trkpt>
      <trkpt lat="49.34868" lon="6.53165">
        <ele>231.66</ele>
        <time>2018-03-25T08:26:51Z</time>
      </trkpt>
      <trkpt lat="49.34867" lon="6.53179">
        <ele>232.38</ele>
        <time>2018-03-25T08:27:01Z</time>
      </trkpt>
      <trkpt lat="49.34867" lon="6.53195">
        <ele>233.396</ele>
        <time>2018-03-25T08:27:11Z</time>
      </trkpt>
      <trkpt lat="49.34867" lon="6.53207">
        <ele>233.55</ele>
        <time>2018-03-25T08:27:21Z</time>
      </trkpt>
      <trkpt lat="49.34868" lon="6.53216">
        <ele>233.677</ele>
        <time>2018-03-25T08:27:31Z</time>
      </trkpt>
      <trkpt lat="49.34867" lon="6.53228">
        <ele>233.901</ele>
        <time>2018-03-25T08:27:41Z</time>
      </trkpt>
      <trkpt lat="49.34869" lon="6.53244">
        <ele>234.831</ele>
        <time>2018-03-25T08:27:51Z</time>
      </trkpt>
      <trkpt lat="49.34872" lon="6.53257">
        <ele>235.539</ele>
        <time>2018-03-25T08:28:01Z</time>
      </trkpt>
      <trkpt lat="49.34871" lon="6.5327">
        <ele>235.424</ele>
        <time>2018-03-25T08:28:11Z</time>
      </trkpt>
      <trkpt lat="49.34869" lon="6.53282">
        <ele>235.37</ele>
        <time>2018-03-25T08:28:21Z</time>
      </trkpt>
      <trkpt lat="49.34868" lon="6.53285">
        <ele>235.337</ele>
        <time>2018-03-25T08:28:31Z</time>
      </trkpt>
      <trkpt lat="49.34867" lon="6.53287">
        <ele>235.282</ele>
        <time>2018-03-25T08:29:02Z</time>
      </trkpt>
      <trkpt lat="49.34866" lon="6.53287">
        <ele>235.233</ele>
        <time>2018-03-25T08:29:12Z</time>
      </trkpt>
      <trkpt lat="49.34866" lon="6.53289">
        <ele>235.382</ele>
        <time>2018-03-25T08:30:31Z</time>
      </trkpt>
      <trkpt lat="49.34865" lon="6.53304">
        <ele>236.21</ele>
        <time>2018-03-25T08:30:41Z</time>
      </trkpt>
      <trkpt lat="49.34865" lon="6.53321">
        <ele>237.3</ele>
        <time>2018-03-25T08:30:51Z</time>
      </trkpt>
      <trkpt lat="49.34863" lon="6.53335">
        <ele>238.188</ele>
        <time>2018-03-25T08:31:01Z</time>
      </trkpt>
      <trkpt lat="49.34862" lon="6.5335">
        <ele>239.214</ele>
        <time>2018-03-25T08:31:11Z</time>
      </trkpt>
      <trkpt lat="49.34861" lon="6.53364">
        <ele>240.214</ele>
        <time>2018-03-25T08:31:21Z</time>
      </trkpt>
      <trkpt lat="49.3486" lon="6.53381">
        <ele>241.278</ele>
        <time>2018-03-25T08:31:31Z</time>
      </trkpt>
      <trkpt lat="49.3486" lon="6.53396">
        <ele>241.283</ele>
        <time>2018-03-25T08:31:41Z</time>
      </trkpt>
      <trkpt lat="49.34861" lon="6.5341">
        <ele>240.451</ele>
        <time>2018-03-25T08:31:51Z</time>
      </trkpt>
      <trkpt lat="49.34862" lon="6.53423">
        <ele>239.822</ele>
        <time>2018-03-25T08:32:01Z</time>
      </trkpt>
      <trkpt lat="49.34862" lon="6.53436">
        <ele>239.342</ele>
        <time>2018-03-25T08:32:11Z</time>
      </trkpt>
      <trkpt lat="49.34861" lon="6.53451">
        <ele>239.251</ele>
        <time>2018-03-25T08:32:21Z</time>
      </trkpt>
      <trkpt lat="49.34862" lon="6.53466">
        <ele>239.814</ele>
        <time>2018-03-25T08:32:31Z</time>
      </trkpt>
      <trkpt lat="49.34863" lon="6.53482">
        <ele>240.424</ele>
        <time>2018-03-25T08:32:41Z</time>
      </trkpt>
      <trkpt lat="49.34863" lon="6.535">
        <ele>241.082</ele>
        <time>2018-03-25T08:32:51Z</time>
      </trkpt>
      <trkpt lat="49.34863" lon="6.53518">
        <ele>241.723</ele>
        <time>2018-03-25T08:33:01Z</time>
      </trkpt>
      <trkpt lat="49.34864" lon="6.53534">
        <ele>242.118</ele>
        <time>2018-03-25T08:33:11Z</time>
      </trkpt>
      <trkpt lat="49.34866" lon="6.5355">
        <ele>242.172</ele>
        <time>2018-03-25T08:33:21Z</time>
      </trkpt>
      <trkpt lat="49.34865" lon="6.53566">
        <ele>242.151</ele>
        <time>2018-03-25T08:33:31Z</time>
      </trkpt>
      <trkpt lat="49.34863" lon="6.5358">
        <ele>242.068</ele>
        <time>2018-03-25T08:33:41Z</time>
      </trkpt>
      <trkpt lat="49.34863" lon="6.53594">
        <ele>242.831</ele>
        <time>2018-03-25T08:33:51Z</time>
      </trkpt>
      <trkpt lat="49.34864" lon="6.53612">
        <ele>244</ele>
        <time>2018-03-25T08:34:01Z</time>
      </trkpt>
      <trkpt lat="49.34864" lon="6.53627">
        <ele>244</ele>
        <time>2018-03-25T08:34:11Z</time>
      </trkpt>
      <trkpt lat="49.34864" lon="6.53642">
        <ele>244.119</ele>
        <time>2018-03-25T08:34:21Z</time>
      </trkpt>
      <trkpt lat="49.34863" lon="6.53658">
        <ele>244.688</ele>
        <time>2018-03-25T08:34:31Z</time>
      </trkpt>
      <trkpt lat="49.34861" lon="6.53673">
        <ele>245</ele>
        <time>2018-03-25T08:34:41Z</time>
      </trkpt>
      <trkpt lat="49.3486" lon="6.53688">
        <ele>244.698</ele>
        <time>2018-03-25T08:34:51Z</time>
      </trkpt>
      <trkpt lat="49.34856" lon="6.53703">
        <ele>243.372</ele>
        <time>2018-03-25T08:35:01Z</time>
      </trkpt>
      <trkpt lat="49.34852" lon="6.53718">
        <ele>241.644</ele>
        <time>2018-03-25T08:35:11Z</time>
      </trkpt>
      <trkpt lat="49.34849" lon="6.53732">
        <ele>240.18</ele>
        <time>2018-03-25T08:35:21Z</time>
      </trkpt>
      <trkpt lat="49.34844" lon="6.53749">
        <ele>238.625</ele>
        <time>2018-03-25T08:35:31Z</time>
      </trkpt>
      <trkpt lat="49.3484" lon="6.53764">
        <ele>237.887</ele>
        <time>2018-03-25T08:35:41Z</time>
      </trkpt>
      <trkpt lat="49.34837" lon="6.53778">
        <ele>237.418</ele>
        <time>2018-03-25T08:35:51Z</time>
      </trkpt>
      <trkpt lat="49.34836" lon="6.5379">
        <ele>237.685</ele>
        <time>2018-03-25T08:36:01Z</time>
      </trkpt>
      <trkpt lat="49.34832" lon="6.53802">
        <ele>237.746</ele>
        <time>2018-03-25T08:36:11Z</time>
      </trkpt>
      <trkpt lat="49.3483" lon="6.53819">
        <ele>237.67</ele>
        <time>2018-03-25T08:36:21Z</time>
      </trkpt>
      <trkpt lat="49.34827" lon="6.53833">
        <ele>237.522</ele>
        <time>2018-03-25T08:36:31Z</time>
      </trkpt>
      <trkpt lat="49.34824" lon="6.53848">
        <ele>237.35</ele>
        <time>2018-03-25T08:36:41Z</time>
      </trkpt>
      <trkpt lat="49.34822" lon="6.53858">
        <ele>237.17</ele>
        <time>2018-03-25T08:36:51Z</time>
      </trkpt>
      <trkpt lat="49.3482" lon="6.53868">
        <ele>236.749</ele>
        <time>2018-03-25T08:37:01Z</time>
      </trkpt>
      <trkpt lat="49.34819" lon="6.53874">
        <ele>236.536</ele>
        <time>2018-03-25T08:37:11Z</time>
      </trkpt>
      <trkpt lat="49.34816" lon="6.53879">
        <ele>236.097</ele>
        <time>2018-03-25T08:37:21Z</time>
      </trkpt>
      <trkpt lat="49.34812" lon="6.53894">
        <ele>235.499</ele>
        <time>2018-03-25T08:37:31Z</time>
      </trkpt>
      <trkpt lat="49.34811" lon="6.53909">
        <ele>235.522</ele>
        <time>2018-03-25T08:37:41Z</time>
      </trkpt>
      <trkpt lat="49.34809" lon="6.53919">
        <ele>235.523</ele>
        <time>2018-03-25T08:37:51Z</time>
      </trkpt>
      <trkpt lat="49.34808" lon="6.53934">
        <ele>236.522</ele>
        <time>2018-03-25T08:38:01Z</time>
      </trkpt>
      <trkpt lat="49.34807" lon="6.53943">
        <ele>237.1</ele>
        <time>2018-03-25T08:38:11Z</time>
      </trkpt>
      <trkpt lat="49.34806" lon="6.53945">
        <ele>237.157</ele>
        <time>2018-03-25T08:38:21Z</time>
      </trkpt>
      <trkpt lat="49.34805" lon="6.53949">
        <ele>237.944</ele>
        <time>2018-03-25T08:38:45Z</time>
      </trkpt>
      <trkpt lat="49.34801" lon="6.53963">
        <ele>240.132</ele>
        <time>2018-03-25T08:38:55Z</time>
      </trkpt>
      <trkpt lat="49.348" lon="6.53975">
        <ele>242.166</ele>
        <time>2018-03-25T08:39:05Z</time>
      </trkpt>
      <trkpt lat="49.34799" lon="6.53987">
        <ele>243.579</ele>
        <time>2018-03-25T08:39:15Z</time>
      </trkpt>
      <trkpt lat="49.34796" lon="6.54">
        <ele>244.632</ele>
        <time>2018-03-25T08:39:25Z</time>
      </trkpt>
      <trkpt lat="49.34793" lon="6.54012">
        <ele>244.519</ele>
        <time>2018-03-25T08:39:35Z</time>
      </trkpt>
      <trkpt lat="49.34791" lon="6.54025">
        <ele>244.737</ele>
        <time>2018-03-25T08:39:45Z</time>
      </trkpt>
      <trkpt lat="49.34789" lon="6.5404">
        <ele>244.603</ele>
        <time>2018-03-25T08:39:55Z</time>
      </trkpt>
      <trkpt lat="49.34785" lon="6.54056">
        <ele>243.819</ele>
        <time>2018-03-25T08:40:05Z</time>
      </trkpt>
      <trkpt lat="49.34782" lon="6.5407">
        <ele>242.938</ele>
        <time>2018-03-25T08:40:15Z</time>
      </trkpt>
      <trkpt lat="49.34779" lon="6.54083">
        <ele>242.207</ele>
        <time>2018-03-25T08:40:25Z</time>
      </trkpt>
      <trkpt lat="49.34779" lon="6.54094">
        <ele>242.926</ele>
        <time>2018-03-25T08:40:35Z</time>
      </trkpt>
      <trkpt lat="49.34776" lon="6.54106">
        <ele>243.264</ele>
        <time>2018-03-25T08:40:45Z</time>
      </trkpt>
      <trkpt lat="49.34772" lon="6.54119">
        <ele>243.042</ele>
        <time>2018-03-25T08:40:55Z</time>
      </trkpt>
      <trkpt lat="49.3477" lon="6.54133">
        <ele>243.573</ele>
        <time>2018-03-25T08:41:05Z</time>
      </trkpt>
      <trkpt lat="49.34768" lon="6.54146">
        <ele>243.885</ele>
        <time>2018-03-25T08:41:15Z</time>
      </trkpt>
      <trkpt lat="49.34765" lon="6.54158">
        <ele>244.021</ele>
        <time>2018-03-25T08:41:25Z</time>
      </trkpt>
      <trkpt lat="49.34762" lon="6.54169">
        <ele>244.344</ele>
        <time>2018-03-25T08:41:35Z</time>
      </trkpt>
      <trkpt lat="49.3476" lon="6.54182">
        <ele>244.669</ele>
        <time>2018-03-25T08:41:45Z</time>
      </trkpt>
      <trkpt lat="49.34757" lon="6.54197">
        <ele>245.081</ele>
        <time>2018-03-25T08:41:55Z</time>
      </trkpt>
      <trkpt lat="49.34753" lon="6.5421">
        <ele>245.45</ele>
        <time>2018-03-25T08:42:05Z</time>
      </trkpt>
      <trkpt lat="49.34749" lon="6.54225">
        <ele>246.073</ele>
        <time>2018-03-25T08:42:15Z</time>
      </trkpt>
      <trkpt lat="49.34744" lon="6.54242">
        <ele>246.602</ele>
        <time>2018-03-25T08:42:25Z</time>
      </trkpt>
      <trkpt lat="49.34741" lon="6.54256">
        <ele>246.799</ele>
        <time>2018-03-25T08:42:35Z</time>
      </trkpt>
      <trkpt lat="49.34736" lon="6.5427">
        <ele>246.409</ele>
        <time>2018-03-25T08:42:45Z</time>
      </trkpt>
      <trkpt lat="49.3473" lon="6.54285">
        <ele>245.328</ele>
        <time>2018-03-25T08:42:55Z</time>
      </trkpt>
      <trkpt lat="49.34725" lon="6.54302">
        <ele>244.428</ele>
        <time>2018-03-25T08:43:05Z</time>
      </trkpt>
      <trkpt lat="49.34721" lon="6.54321">
        <ele>243.628</ele>
        <time>2018-03-25T08:43:15Z</time>
      </trkpt>
      <trkpt lat="49.34718" lon="6.54335">
        <ele>243.088</ele>
        <time>2018-03-25T08:43:25Z</time>
      </trkpt>
      <trkpt lat="49.34715" lon="6.54354">
        <ele>242.526</ele>
        <time>2018-03-25T08:43:35Z</time>
      </trkpt>
      <trkpt lat="49.34713" lon="6.54375">
        <ele>241.825</ele>
        <time>2018-03-25T08:43:45Z</time>
      </trkpt>
      <trkpt lat="49.3471" lon="6.54392">
        <ele>241.014</ele>
        <time>2018-03-25T08:43:55Z</time>
      </trkpt>
      <trkpt lat="49.3471" lon="6.54405">
        <ele>241.532</ele>
        <time>2018-03-25T08:44:05Z</time>
      </trkpt>
      <trkpt lat="49.34704" lon="6.54418">
        <ele>240.473</ele>
        <time>2018-03-25T08:44:15Z</time>
      </trkpt>
      <trkpt lat="49.34693" lon="6.54428">
        <ele>238.204</ele>
        <time>2018-03-25T08:44:25Z</time>
      </trkpt>
      <trkpt lat="49.34682" lon="6.54436">
        <ele>236.758</ele>
        <time>2018-03-25T08:44:35Z</time>
      </trkpt>
      <trkpt lat="49.34671" lon="6.54446">
        <ele>235.747</ele>
        <time>2018-03-25T08:44:45Z</time>
      </trkpt>
      <trkpt lat="49.3466" lon="6.54457">
        <ele>234.386</ele>
        <time>2018-03-25T08:44:55Z</time>
      </trkpt>
      <trkpt lat="49.34648" lon="6.5447">
        <ele>232.628</ele>
        <time>2018-03-25T08:45:05Z</time>
      </trkpt>
      <trkpt lat="49.34637" lon="6.54481">
        <ele>230.511</ele>
        <time>2018-03-25T08:45:15Z</time>
      </trkpt>
      <trkpt lat="49.34625" lon="6.54492">
        <ele>228.318</ele>
        <time>2018-03-25T08:45:25Z</time>
      </trkpt>
      <trkpt lat="49.34616" lon="6.54504">
        <ele>226.82</ele>
        <time>2018-03-25T08:45:35Z</time>
      </trkpt>
      <trkpt lat="49.34608" lon="6.54518">
        <ele>225.572</ele>
        <time>2018-03-25T08:45:45Z</time>
      </trkpt>
      <trkpt lat="49.34599" lon="6.5453">
        <ele>224.736</ele>
        <time>2018-03-25T08:45:55Z</time>
      </trkpt>
      <trkpt lat="49.34595" lon="6.54541">
        <ele>224.711</ele>
        <time>2018-03-25T08:46:05Z</time>
      </trkpt>
      <trkpt lat="49.346" lon="6.54559">
        <ele>225.881</ele>
        <time>2018-03-25T08:46:15Z</time>
      </trkpt>
      <trkpt lat="49.34602" lon="6.54577">
        <ele>226.502</ele>
        <time>2018-03-25T08:46:25Z</time>
      </trkpt>
      <trkpt lat="49.34604" lon="6.54594">
        <ele>227.007</ele>
        <time>2018-03-25T08:46:35Z</time>
      </trkpt>
      <trkpt lat="49.34606" lon="6.54613">
        <ele>227.628</ele>
        <time>2018-03-25T08:46:45Z</time>
      </trkpt>
      <trkpt lat="49.34608" lon="6.54631">
        <ele>227.857</ele>
        <time>2018-03-25T08:46:55Z</time>
      </trkpt>
      <trkpt lat="49.34611" lon="6.5465">
        <ele>227.609</ele>
        <time>2018-03-25T08:47:05Z</time>
      </trkpt>
      <trkpt lat="49.34615" lon="6.54667">
        <ele>227.266</ele>
        <time>2018-03-25T08:47:15Z</time>
      </trkpt>
      <trkpt lat="49.34618" lon="6.54684">
        <ele>227.51</ele>
        <time>2018-03-25T08:47:25Z</time>
      </trkpt>
      <trkpt lat="49.34621" lon="6.54703">
        <ele>227.683</ele>
        <time>2018-03-25T08:47:35Z</time>
      </trkpt>
      <trkpt lat="49.34624" lon="6.54722">
        <ele>227.914</ele>
        <time>2018-03-25T08:47:45Z</time>
      </trkpt>
      <trkpt lat="49.34626" lon="6.54741">
        <ele>228.44</ele>
        <time>2018-03-25T08:47:55Z</time>
      </trkpt>
      <trkpt lat="49.34628" lon="6.54759">
        <ele>228.926</ele>
        <time>2018-03-25T08:48:05Z</time>
      </trkpt>
      <trkpt lat="49.3463" lon="6.54778">
        <ele>229.329</ele>
        <time>2018-03-25T08:48:15Z</time>
      </trkpt>
      <trkpt lat="49.34632" lon="6.54797">
        <ele>230.214</ele>
        <time>2018-03-25T08:48:25Z</time>
      </trkpt>
      <trkpt lat="49.34634" lon="6.54815">
        <ele>230.648</ele>
        <time>2018-03-25T08:48:35Z</time>
      </trkpt>
      <trkpt lat="49.34637" lon="6.54834">
        <ele>230.864</ele>
        <time>2018-03-25T08:48:45Z</time>
      </trkpt>
      <trkpt lat="49.34641" lon="6.54853">
        <ele>231.254</ele>
        <time>2018-03-25T08:48:55Z</time>
      </trkpt>
      <trkpt lat="49.34644" lon="6.54872">
        <ele>231.641</ele>
        <time>2018-03-25T08:49:05Z</time>
      </trkpt>
      <trkpt lat="49.34647" lon="6.54889">
        <ele>231.839</ele>
        <time>2018-03-25T08:49:15Z</time>
      </trkpt>
      <trkpt lat="49.3465" lon="6.54907">
        <ele>231.908</ele>
        <time>2018-03-25T08:49:25Z</time>
      </trkpt>
      <trkpt lat="49.34652" lon="6.54925">
        <ele>231.633</ele>
        <time>2018-03-25T08:49:35Z</time>
      </trkpt>
      <trkpt lat="49.34654" lon="6.54943">
        <ele>231.136</ele>
        <time>2018-03-25T08:49:45Z</time>
      </trkpt>
      <trkpt lat="49.34657" lon="6.54962">
        <ele>230.694</ele>
        <time>2018-03-25T08:49:55Z</time>
      </trkpt>
      <trkpt lat="49.34662" lon="6.54981">
        <ele>230.635</ele>
        <time>2018-03-25T08:50:05Z</time>
      </trkpt>
      <trkpt lat="49.34667" lon="6.55">
        <ele>231.048</ele>
        <time>2018-03-25T08:50:15Z</time>
      </trkpt>
      <trkpt lat="49.34671" lon="6.5502">
        <ele>232.33</ele>
        <time>2018-03-25T08:50:25Z</time>
      </trkpt>
      <trkpt lat="49.34675" lon="6.55039">
        <ele>233.243</ele>
        <time>2018-03-25T08:50:35Z</time>
      </trkpt>
      <trkpt lat="49.3468" lon="6.55059">
        <ele>233.961</ele>
        <time>2018-03-25T08:50:45Z</time>
      </trkpt>
      <trkpt lat="49.34684" lon="6.55076">
        <ele>234.717</ele>
        <time>2018-03-25T08:50:55Z</time>
      </trkpt>
      <trkpt lat="49.34687" lon="6.55093">
        <ele>234.826</ele>
        <time>2018-03-25T08:51:05Z</time>
      </trkpt>
      <trkpt lat="49.34693" lon="6.55109">
        <ele>234.895</ele>
        <time>2018-03-25T08:51:15Z</time>
      </trkpt>
      <trkpt lat="49.347" lon="6.55125">
        <ele>234.604</ele>
        <time>2018-03-25T08:51:25Z</time>
      </trkpt>
      <trkpt lat="49.34707" lon="6.55142">
        <ele>234.248</ele>
        <time>2018-03-25T08:51:35Z</time>
      </trkpt>
      <trkpt lat="49.34714" lon="6.55158">
        <ele>234.392</ele>
        <time>2018-03-25T08:51:45Z</time>
      </trkpt>
      <trkpt lat="49.34721" lon="6.55175">
        <ele>234.568</ele>
        <time>2018-03-25T08:51:55Z</time>
      </trkpt>
      <trkpt lat="49.34729" lon="6.55191">
        <ele>234.879</ele>
        <time>2018-03-25T08:52:05Z</time>
      </trkpt>
      <trkpt lat="49.34736" lon="6.55205">
        <ele>234.678</ele>
        <time>2018-03-25T08:52:15Z</time>
      </trkpt>
      <trkpt lat="49.34741" lon="6.55221">
        <ele>233.769</ele>
        <time>2018-03-25T08:52:25Z</time>
      </trkpt>
      <trkpt lat="49.3475" lon="6.55237">
        <ele>233.454</ele>
        <time>2018-03-25T08:52:35Z</time>
      </trkpt>
      <trkpt lat="49.34758" lon="6.55252">
        <ele>233.779</ele>
        <time>2018-03-25T08:52:45Z</time>
      </trkpt>
      <trkpt lat="49.34764" lon="6.55267">
        <ele>233.913</ele>
        <time>2018-03-25T08:52:55Z</time>
      </trkpt>
      <trkpt lat="49.34772" lon="6.55282">
        <ele>233.51</ele>
        <time>2018-03-25T08:53:05Z</time>
      </trkpt>
      <trkpt lat="49.34778" lon="6.55296">
        <ele>232.713</ele>
        <time>2018-03-25T08:53:15Z</time>
      </trkpt>
      <trkpt lat="49.34785" lon="6.55309">
        <ele>232.008</ele>
        <time>2018-03-25T08:53:25Z</time>
      </trkpt>
      <trkpt lat="49.34792" lon="6.55322">
        <ele>231.357</ele>
        <time>2018-03-25T08:53:35Z</time>
      </trkpt>
      <trkpt lat="49.348" lon="6.55333">
        <ele>230.828</ele>
        <time>2018-03-25T08:53:45Z</time>
      </trkpt>
      <trkpt lat="49.34811" lon="6.55344">
        <ele>230.668</ele>
        <time>2018-03-25T08:53:55Z</time>
      </trkpt>
      <trkpt lat="49.34822" lon="6.55354">
        <ele>229.969</ele>
        <time>2018-03-25T08:54:05Z</time>
      </trkpt>
      <trkpt lat="49.34832" lon="6.55363">
        <ele>228.909</ele>
        <time>2018-03-25T08:54:15Z</time>
      </trkpt>
      <trkpt lat="49.34841" lon="6.55371">
        <ele>227.946</ele>
        <time>2018-03-25T08:54:25Z</time>
      </trkpt>
      <trkpt lat="49.34849" lon="6.55378">
        <ele>226.903</ele>
        <time>2018-03-25T08:54:35Z</time>
      </trkpt>
      <trkpt lat="49.34861" lon="6.55386">
        <ele>225.347</ele>
        <time>2018-03-25T08:54:45Z</time>
      </trkpt>
      <trkpt lat="49.34872" lon="6.55396">
        <ele>223.668</ele>
        <time>2018-03-25T08:54:55Z</time>
      </trkpt>
      <trkpt lat="49.34882" lon="6.55407">
        <ele>222.185</ele>
        <time>2018-03-25T08:55:05Z</time>
      </trkpt>
      <trkpt lat="49.34892" lon="6.55418">
        <ele>220.806</ele>
        <time>2018-03-25T08:55:15Z</time>
      </trkpt>
      <trkpt lat="49.349" lon="6.55431">
        <ele>219.962</ele>
        <time>2018-03-25T08:55:25Z</time>
      </trkpt>
      <trkpt lat="49.34908" lon="6.55444">
        <ele>219.713</ele>
        <time>2018-03-25T08:55:35Z</time>
      </trkpt>
      <trkpt lat="49.34919" lon="6.55458">
        <ele>219.61</ele>
        <time>2018-03-25T08:55:45Z</time>
      </trkpt>
      <trkpt lat="49.34927" lon="6.55473">
        <ele>219.323</ele>
        <time>2018-03-25T08:55:55Z</time>
      </trkpt>
      <trkpt lat="49.34935" lon="6.55488">
        <ele>218.322</ele>
        <time>2018-03-25T08:56:05Z</time>
      </trkpt>
      <trkpt lat="49.34945" lon="6.55503">
        <ele>217.633</ele>
        <time>2018-03-25T08:56:15Z</time>
      </trkpt>
      <trkpt lat="49.34954" lon="6.55516">
        <ele>216.304</ele>
        <time>2018-03-25T08:56:25Z</time>
      </trkpt>
      <trkpt lat="49.34962" lon="6.55529">
        <ele>214.913</ele>
        <time>2018-03-25T08:56:35Z</time>
      </trkpt>
      <trkpt lat="49.34972" lon="6.5554">
        <ele>214.147</ele>
        <time>2018-03-25T08:56:45Z</time>
      </trkpt>
      <trkpt lat="49.34984" lon="6.55548">
        <ele>213.145</ele>
        <time>2018-03-25T08:56:55Z</time>
      </trkpt>
      <trkpt lat="49.34997" lon="6.55554">
        <ele>212.184</ele>
        <time>2018-03-25T08:57:05Z</time>
      </trkpt>
      <trkpt lat="49.35013" lon="6.55559">
        <ele>212.684</ele>
        <time>2018-03-25T08:57:15Z</time>
      </trkpt>
      <trkpt lat="49.35028" lon="6.55561">
        <ele>213.38</ele>
        <time>2018-03-25T08:57:25Z</time>
      </trkpt>
      <trkpt lat="49.35044" lon="6.55561">
        <ele>212.384</ele>
        <time>2018-03-25T08:57:35Z</time>
      </trkpt>
      <trkpt lat="49.35058" lon="6.5556">
        <ele>211.497</ele>
        <time>2018-03-25T08:57:45Z</time>
      </trkpt>
      <trkpt lat="49.35071" lon="6.55558">
        <ele>210.726</ele>
        <time>2018-03-25T08:57:55Z</time>
      </trkpt>
      <trkpt lat="49.35082" lon="6.55555">
        <ele>210.125</ele>
        <time>2018-03-25T08:58:05Z</time>
      </trkpt>
      <trkpt lat="49.35095" lon="6.5555">
        <ele>209.784</ele>
        <time>2018-03-25T08:58:15Z</time>
      </trkpt>
      <trkpt lat="49.3511" lon="6.55546">
        <ele>209.395</ele>
        <time>2018-03-25T08:58:25Z</time>
      </trkpt>
      <trkpt lat="49.35121" lon="6.55542">
        <ele>209.33</ele>
        <time>2018-03-25T08:58:35Z</time>
      </trkpt>
      <trkpt lat="49.35131" lon="6.55538">
        <ele>209.176</ele>
        <time>2018-03-25T08:58:45Z</time>
      </trkpt>
      <trkpt lat="49.35142" lon="6.55538">
        <ele>208.895</ele>
        <time>2018-03-25T08:58:55Z</time>
      </trkpt>
      <trkpt lat="49.35146" lon="6.5554">
        <ele>208.758</ele>
        <time>2018-03-25T08:59:05Z</time>
      </trkpt>
      <trkpt lat="49.35158" lon="6.55542">
        <ele>208.323</ele>
        <time>2018-03-25T08:59:15Z</time>
      </trkpt>
      <trkpt lat="49.35171" lon="6.55542">
        <ele>208</ele>
        <time>2018-03-25T08:59:25Z</time>
      </trkpt>
      <trkpt lat="49.35183" lon="6.55537">
        <ele>208</ele>
        <time>2018-03-25T08:59:35Z</time>
      </trkpt>
      <trkpt lat="49.35195" lon="6.55531">
        <ele>208.002</ele>
        <time>2018-03-25T08:59:45Z</time>
      </trkpt>
      <trkpt lat="49.35207" lon="6.55524">
        <ele>207.868</ele>
        <time>2018-03-25T08:59:55Z</time>
      </trkpt>
      <trkpt lat="49.35219" lon="6.55518">
        <ele>207.63</ele>
        <time>2018-03-25T09:00:05Z</time>
      </trkpt>
      <trkpt lat="49.35231" lon="6.5551">
        <ele>208.104</ele>
        <time>2018-03-25T09:00:15Z</time>
      </trkpt>
      <trkpt lat="49.35242" lon="6.55503">
        <ele>208.606</ele>
        <time>2018-03-25T09:00:25Z</time>
      </trkpt>
      <trkpt lat="49.35255" lon="6.55496">
        <ele>209.162</ele>
        <time>2018-03-25T09:00:35Z</time>
      </trkpt>
      <trkpt lat="49.35267" lon="6.55491">
        <ele>209.871</ele>
        <time>2018-03-25T09:00:45Z</time>
      </trkpt>
      <trkpt lat="49.35279" lon="6.5549">
        <ele>210.728</ele>
        <time>2018-03-25T09:00:55Z</time>
      </trkpt>
      <trkpt lat="49.35289" lon="6.55485">
        <ele>211.254</ele>
        <time>2018-03-25T09:01:05Z</time>
      </trkpt>
      <trkpt lat="49.35299" lon="6.5548">
        <ele>211.765</ele>
        <time>2018-03-25T09:01:15Z</time>
      </trkpt>
      <trkpt lat="49.35302" lon="6.55478">
        <ele>211.938</ele>
        <time>2018-03-25T09:01:25Z</time>
      </trkpt>
      <trkpt lat="49.35303" lon="6.55475">
        <ele>211.894</ele>
        <time>2018-03-25T09:06:32Z</time>
      </trkpt>
      <trkpt lat="49.35309" lon="6.55464">
        <ele>211.979</ele>
        <time>2018-03-25T09:06:42Z</time>
      </trkpt>
      <trkpt lat="49.35318" lon="6.5546">
        <ele>212.642</ele>
        <time>2018-03-25T09:06:52Z</time>
      </trkpt>
      <trkpt lat="49.35319" lon="6.55461">
        <ele>212.733</ele>
        <time>2018-03-25T09:07:02Z</time>
      </trkpt>
      <trkpt lat="49.35324" lon="6.55461">
        <ele>213.221</ele>
        <time>2018-03-25T09:07:12Z</time>
      </trkpt>
      <trkpt lat="49.35334" lon="6.55463">
        <ele>214.029</ele>
        <time>2018-03-25T09:07:22Z</time>
      </trkpt>
      <trkpt lat="49.35342" lon="6.55465">
        <ele>214.925</ele>
        <time>2018-03-25T09:07:32Z</time>
      </trkpt>
      <trkpt lat="49.35352" lon="6.55465">
        <ele>215.962</ele>
        <time>2018-03-25T09:07:42Z</time>
      </trkpt>
      <trkpt lat="49.35362" lon="6.55467">
        <ele>217.032</ele>
        <time>2018-03-25T09:07:52Z</time>
      </trkpt>
      <trkpt lat="49.35373" lon="6.55466">
        <ele>217.328</ele>
        <time>2018-03-25T09:08:02Z</time>
      </trkpt>
      <trkpt lat="49.35382" lon="6.55472">
        <ele>217.757</ele>
        <time>2018-03-25T09:08:12Z</time>
      </trkpt>
      <trkpt lat="49.35392" lon="6.55477">
        <ele>218.018</ele>
        <time>2018-03-25T09:08:22Z</time>
      </trkpt>
      <trkpt lat="49.35398" lon="6.55487">
        <ele>218.168</ele>
        <time>2018-03-25T09:08:32Z</time>
      </trkpt>
      <trkpt lat="49.35407" lon="6.55493">
        <ele>218.486</ele>
        <time>2018-03-25T09:08:42Z</time>
      </trkpt>
      <trkpt lat="49.35414" lon="6.55501">
        <ele>218.908</ele>
        <time>2018-03-25T09:08:52Z</time>
      </trkpt>
      <trkpt lat="49.35423" lon="6.55509">
        <ele>219.069</ele>
        <time>2018-03-25T09:09:02Z</time>
      </trkpt>
      <trkpt lat="49.35434" lon="6.55513">
        <ele>219.302</ele>
        <time>2018-03-25T09:09:12Z</time>
      </trkpt>
      <trkpt lat="49.35444" lon="6.55524">
        <ele>219.836</ele>
        <time>2018-03-25T09:09:22Z</time>
      </trkpt>
      <trkpt lat="49.35455" lon="6.55533">
        <ele>220.429</ele>
        <time>2018-03-25T09:09:32Z</time>
      </trkpt>
      <trkpt lat="49.35464" lon="6.55542">
        <ele>221.089</ele>
        <time>2018-03-25T09:09:42Z</time>
      </trkpt>
      <trkpt lat="49.35472" lon="6.5555">
        <ele>221.783</ele>
        <time>2018-03-25T09:09:52Z</time>
      </trkpt>
      <trkpt lat="49.35479" lon="6.5556">
        <ele>222.251</ele>
        <time>2018-03-25T09:10:02Z</time>
      </trkpt>
      <trkpt lat="49.35491" lon="6.55571">
        <ele>222.687</ele>
        <time>2018-03-25T09:10:12Z</time>
      </trkpt>
      <trkpt lat="49.35501" lon="6.55583">
        <ele>223</ele>
        <time>2018-03-25T09:10:22Z</time>
      </trkpt>
      <trkpt lat="49.35513" lon="6.55593">
        <ele>223</ele>
        <time>2018-03-25T09:10:32Z</time>
      </trkpt>
      <trkpt lat="49.35526" lon="6.55601">
        <ele>223</ele>
        <time>2018-03-25T09:10:42Z</time>
      </trkpt>
      <trkpt lat="49.35535" lon="6.55613">
        <ele>222.703</ele>
        <time>2018-03-25T09:10:52Z</time>
      </trkpt>
      <trkpt lat="49.35544" lon="6.55619">
        <ele>222.306</ele>
        <time>2018-03-25T09:11:02Z</time>
      </trkpt>
      <trkpt lat="49.35578" lon="6.55627">
        <ele>221.335</ele>
        <time>2018-03-25T09:11:12Z</time>
      </trkpt>
      <trkpt lat="49.3557" lon="6.55642">
        <ele>222</ele>
        <time>2018-03-25T09:11:22Z</time>
      </trkpt>
      <trkpt lat="49.35577" lon="6.55656">
        <ele>222</ele>
        <time>2018-03-25T09:11:32Z</time>
      </trkpt>
      <trkpt lat="49.35581" lon="6.55672">
        <ele>222.184</ele>
        <time>2018-03-25T09:11:42Z</time>
      </trkpt>
      <trkpt lat="49.35589" lon="6.55687">
        <ele>222.961</ele>
        <time>2018-03-25T09:11:52Z</time>
      </trkpt>
      <trkpt lat="49.35597" lon="6.55704">
        <ele>223.829</ele>
        <time>2018-03-25T09:12:02Z</time>
      </trkpt>
      <trkpt lat="49.35602" lon="6.55721">
        <ele>224.621</ele>
        <time>2018-03-25T09:12:12Z</time>
      </trkpt>
      <trkpt lat="49.35605" lon="6.55739">
        <ele>224.762</ele>
        <time>2018-03-25T09:12:22Z</time>
      </trkpt>
      <trkpt lat="49.35608" lon="6.55757">
        <ele>224.909</ele>
        <time>2018-03-25T09:12:32Z</time>
      </trkpt>
      <trkpt lat="49.35609" lon="6.55779">
        <ele>225.037</ele>
        <time>2018-03-25T09:12:42Z</time>
      </trkpt>
      <trkpt lat="49.35609" lon="6.55798">
        <ele>225.69</ele>
        <time>2018-03-25T09:12:52Z</time>
      </trkpt>
      <trkpt lat="49.3561" lon="6.5582">
        <ele>225.981</ele>
        <time>2018-03-25T09:13:02Z</time>
      </trkpt>
      <trkpt lat="49.35611" lon="6.55841">
        <ele>226.266</ele>
        <time>2018-03-25T09:13:12Z</time>
      </trkpt>
      <trkpt lat="49.35614" lon="6.55861">
        <ele>226.982</ele>
        <time>2018-03-25T09:13:22Z</time>
      </trkpt>
      <trkpt lat="49.35618" lon="6.55879">
        <ele>227</ele>
        <time>2018-03-25T09:13:32Z</time>
      </trkpt>
      <trkpt lat="49.35625" lon="6.55896">
        <ele>226.74</ele>
        <time>2018-03-25T09:13:42Z</time>
      </trkpt>
      <trkpt lat="49.35631" lon="6.55912">
        <ele>226.182</ele>
        <time>2018-03-25T09:13:52Z</time>
      </trkpt>
      <trkpt lat="49.35636" lon="6.55927">
        <ele>226.33</ele>
        <time>2018-03-25T09:14:02Z</time>
      </trkpt>
      <trkpt lat="49.3564" lon="6.55943">
        <ele>227.006</ele>
        <time>2018-03-25T09:14:12Z</time>
      </trkpt>
      <trkpt lat="49.35643" lon="6.5596">
        <ele>227.155</ele>
        <time>2018-03-25T09:14:22Z</time>
      </trkpt>
      <trkpt lat="49.3565" lon="6.55975">
        <ele>227.475</ele>
        <time>2018-03-25T09:14:32Z</time>
      </trkpt>
      <trkpt lat="49.35657" lon="6.5599">
        <ele>228.31</ele>
        <time>2018-03-25T09:14:42Z</time>
      </trkpt>
      <trkpt lat="49.35665" lon="6.56004">
        <ele>228.94</ele>
        <time>2018-03-25T09:14:52Z</time>
      </trkpt>
      <trkpt lat="49.35668" lon="6.56009">
        <ele>229.055</ele>
        <time>2018-03-25T09:15:02Z</time>
      </trkpt>
      <trkpt lat="49.35672" lon="6.56019">
        <ele>229.203</ele>
        <time>2018-03-25T09:15:12Z</time>
      </trkpt>
      <trkpt lat="49.35675" lon="6.5603">
        <ele>229.314</ele>
        <time>2018-03-25T09:15:22Z</time>
      </trkpt>
      <trkpt lat="49.35678" lon="6.56037">
        <ele>229.412</ele>
        <time>2018-03-25T09:15:32Z</time>
      </trkpt>
      <trkpt lat="49.35678" lon="6.56038">
        <ele>229.415</ele>
        <time>2018-03-25T09:15:42Z</time>
      </trkpt>
      <trkpt lat="49.35683" lon="6.5605">
        <ele>229.574</ele>
        <time>2018-03-25T09:15:52Z</time>
      </trkpt>
      <trkpt lat="49.35687" lon="6.56062">
        <ele>229.578</ele>
        <time>2018-03-25T09:16:02Z</time>
      </trkpt>
      <trkpt lat="49.35693" lon="6.56074">
        <ele>229.341</ele>
        <time>2018-03-25T09:16:12Z</time>
      </trkpt>
      <trkpt lat="49.35699" lon="6.56088">
        <ele>229.289</ele>
        <time>2018-03-25T09:16:22Z</time>
      </trkpt>
      <trkpt lat="49.35703" lon="6.56106">
        <ele>229.864</ele>
        <time>2018-03-25T09:16:32Z</time>
      </trkpt>
      <trkpt lat="49.35706" lon="6.56123">
        <ele>230.439</ele>
        <time>2018-03-25T09:16:42Z</time>
      </trkpt>
      <trkpt lat="49.3571" lon="6.5614">
        <ele>231.054</ele>
        <time>2018-03-25T09:16:52Z</time>
      </trkpt>
      <trkpt lat="49.35715" lon="6.56158">
        <ele>231.688</ele>
        <time>2018-03-25T09:17:02Z</time>
      </trkpt>
      <trkpt lat="49.35711" lon="6.56169">
        <ele>232.047</ele>
        <time>2018-03-25T09:17:12Z</time>
      </trkpt>
      <trkpt lat="49.35704" lon="6.56175">
        <ele>232.101</ele>
        <time>2018-03-25T09:17:22Z</time>
      </trkpt>
      <trkpt lat="49.35696" lon="6.56184">
        <ele>232.023</ele>
        <time>2018-03-25T09:17:32Z</time>
      </trkpt>
      <trkpt lat="49.35686" lon="6.56194">
        <ele>232.569</ele>
        <time>2018-03-25T09:17:42Z</time>
      </trkpt>
      <trkpt lat="49.35678" lon="6.56205">
        <ele>233.17</ele>
        <time>2018-03-25T09:17:52Z</time>
      </trkpt>
      <trkpt lat="49.3567" lon="6.56216">
        <ele>233.774</ele>
        <time>2018-03-25T09:18:02Z</time>
      </trkpt>
      <trkpt lat="49.3566" lon="6.56224">
        <ele>234.466</ele>
        <time>2018-03-25T09:18:12Z</time>
      </trkpt>
      <trkpt lat="49.35651" lon="6.56233">
        <ele>235.135</ele>
        <time>2018-03-25T09:18:22Z</time>
      </trkpt>
      <trkpt lat="49.35644" lon="6.56241">
        <ele>235.668</ele>
        <time>2018-03-25T09:18:32Z</time>
      </trkpt>
      <trkpt lat="49.35635" lon="6.56251">
        <ele>236.28</ele>
        <time>2018-03-25T09:18:42Z</time>
      </trkpt>
      <trkpt lat="49.35625" lon="6.56263">
        <ele>237.029</ele>
        <time>2018-03-25T09:18:52Z</time>
      </trkpt>
      <trkpt lat="49.35616" lon="6.56274">
        <ele>237.662</ele>
        <time>2018-03-25T09:19:02Z</time>
      </trkpt>
      <trkpt lat="49.35611" lon="6.56292">
        <ele>238.56</ele>
        <time>2018-03-25T09:19:12Z</time>
      </trkpt>
      <trkpt lat="49.35607" lon="6.56309">
        <ele>239.551</ele>
        <time>2018-03-25T09:19:22Z</time>
      </trkpt>
      <trkpt lat="49.35604" lon="6.56321">
        <ele>240.171</ele>
        <time>2018-03-25T09:19:32Z</time>
      </trkpt>
      <trkpt lat="49.356" lon="6.56334">
        <ele>240.866</ele>
        <time>2018-03-25T09:19:42Z</time>
      </trkpt>
      <trkpt lat="49.35594" lon="6.56347">
        <ele>242.586</ele>
        <time>2018-03-25T09:19:52Z</time>
      </trkpt>
      <trkpt lat="49.35588" lon="6.56362">
        <ele>245.248</ele>
        <time>2018-03-25T09:20:02Z</time>
      </trkpt>
      <trkpt lat="49.35584" lon="6.56375">
        <ele>247.337</ele>
        <time>2018-03-25T09:20:12Z</time>
      </trkpt>
      <trkpt lat="49.35582" lon="6.5639">
        <ele>249.35</ele>
        <time>2018-03-25T09:20:22Z</time>
      </trkpt>
      <trkpt lat="49.35583" lon="6.56397">
        <ele>249.961</ele>
        <time>2018-03-25T09:20:32Z</time>
      </trkpt>
      <trkpt lat="49.3558" lon="6.56401">
        <ele>250.743</ele>
        <time>2018-03-25T09:20:57Z</time>
      </trkpt>
      <trkpt lat="49.35574" lon="6.56411">
        <ele>252.954</ele>
        <time>2018-03-25T09:21:07Z</time>
      </trkpt>
      <trkpt lat="49.35573" lon="6.56416">
        <ele>253.767</ele>
        <time>2018-03-25T09:23:08Z</time>
      </trkpt>
      <trkpt lat="49.35575" lon="6.56429">
        <ele>254.995</ele>
        <time>2018-03-25T09:23:18Z</time>
      </trkpt>
      <trkpt lat="49.35578" lon="6.56427">
        <ele>254.275</ele>
        <time>2018-03-25T09:23:28Z</time>
      </trkpt>
      <trkpt lat="49.35579" lon="6.56425">
        <ele>253.881</ele>
        <time>2018-03-25T09:23:38Z</time>
      </trkpt>
      <trkpt lat="49.35576" lon="6.56425">
        <ele>254.317</ele>
        <time>2018-03-25T09:24:48Z</time>
      </trkpt>
      <trkpt lat="49.3557" lon="6.56425">
        <ele>255.296</ele>
        <time>2018-03-25T09:24:58Z</time>
      </trkpt>
      <trkpt lat="49.35572" lon="6.56427">
        <ele>255.221</ele>
        <time>2018-03-25T09:25:48Z</time>
      </trkpt>
      <trkpt lat="49.35579" lon="6.56432">
        <ele>254.774</ele>
        <time>2018-03-25T09:25:58Z</time>
      </trkpt>
      <trkpt lat="49.35587" lon="6.56438">
        <ele>254.058</ele>
        <time>2018-03-25T09:26:08Z</time>
      </trkpt>
      <trkpt lat="49.35591" lon="6.56448">
        <ele>253.959</ele>
        <time>2018-03-25T09:26:18Z</time>
      </trkpt>
      <trkpt lat="49.35596" lon="6.56462">
        <ele>253.97</ele>
        <time>2018-03-25T09:26:28Z</time>
      </trkpt>
      <trkpt lat="49.356" lon="6.56475">
        <ele>254.545</ele>
        <time>2018-03-25T09:26:38Z</time>
      </trkpt>
      <trkpt lat="49.356" lon="6.56485">
        <ele>255.273</ele>
        <time>2018-03-25T09:26:48Z</time>
      </trkpt>
      <trkpt lat="49.35602" lon="6.56486">
        <ele>254.778</ele>
        <time>2018-03-25T09:26:58Z</time>
      </trkpt>
      <trkpt lat="49.35612" lon="6.56486">
        <ele>252.176</ele>
        <time>2018-03-25T09:27:08Z</time>
      </trkpt>
      <trkpt lat="49.3562" lon="6.56486">
        <ele>250.363</ele>
        <time>2018-03-25T09:27:18Z</time>
      </trkpt>
      <trkpt lat="49.35624" lon="6.56482">
        <ele>249.099</ele>
        <time>2018-03-25T09:27:28Z</time>
      </trkpt>
      <trkpt lat="49.35625" lon="6.56483">
        <ele>248.883</ele>
        <time>2018-03-25T09:27:45Z</time>
      </trkpt>
      <trkpt lat="49.35621" lon="6.56481">
        <ele>249.692</ele>
        <time>2018-03-25T09:27:55Z</time>
      </trkpt>
      <trkpt lat="49.35605" lon="6.56485">
        <ele>253.845</ele>
        <time>2018-03-25T09:28:05Z</time>
      </trkpt>
      <trkpt lat="49.35606" lon="6.56496">
        <ele>254.751</ele>
        <time>2018-03-25T09:28:15Z</time>
      </trkpt>
      <trkpt lat="49.3561" lon="6.56507">
        <ele>254.768</ele>
        <time>2018-03-25T09:28:25Z</time>
      </trkpt>
      <trkpt lat="49.35616" lon="6.56518">
        <ele>254.204</ele>
        <time>2018-03-25T09:28:35Z</time>
      </trkpt>
      <trkpt lat="49.35619" lon="6.56528">
        <ele>253.981</ele>
        <time>2018-03-25T09:28:45Z</time>
      </trkpt>
      <trkpt lat="49.35623" lon="6.56539">
        <ele>253.557</ele>
        <time>2018-03-25T09:28:55Z</time>
      </trkpt>
      <trkpt lat="49.35633" lon="6.56545">
        <ele>251.691</ele>
        <time>2018-03-25T09:29:05Z</time>
      </trkpt>
      <trkpt lat="49.35638" lon="6.56553">
        <ele>250.989</ele>
        <time>2018-03-25T09:29:15Z</time>
      </trkpt>
      <trkpt lat="49.35641" lon="6.56559">
        <ele>250.733</ele>
        <time>2018-03-25T09:29:25Z</time>
      </trkpt>
      <trkpt lat="49.35641" lon="6.56561">
        <ele>250.926</ele>
        <time>2018-03-25T09:30:30Z</time>
      </trkpt>
      <trkpt lat="49.35643" lon="6.56561">
        <ele>250.613</ele>
        <time>2018-03-25T09:30:40Z</time>
      </trkpt>
      <trkpt lat="49.35643" lon="6.56566">
        <ele>250.869</ele>
        <time>2018-03-25T09:30:50Z</time>
      </trkpt>
      <trkpt lat="49.35647" lon="6.56576">
        <ele>250.874</ele>
        <time>2018-03-25T09:31:00Z</time>
      </trkpt>
      <trkpt lat="49.35653" lon="6.56592">
        <ele>250.117</ele>
        <time>2018-03-25T09:31:10Z</time>
      </trkpt>
      <trkpt lat="49.35661" lon="6.5661">
        <ele>249.948</ele>
        <time>2018-03-25T09:31:20Z</time>
      </trkpt>
      <trkpt lat="49.35664" lon="6.56619">
        <ele>250.243</ele>
        <time>2018-03-25T09:31:30Z</time>
      </trkpt>
      <trkpt lat="49.35657" lon="6.56627">
        <ele>252.289</ele>
        <time>2018-03-25T09:31:40Z</time>
      </trkpt>
      <trkpt lat="49.35649" lon="6.56638">
        <ele>254.427</ele>
        <time>2018-03-25T09:31:50Z</time>
      </trkpt>
      <trkpt lat="49.35639" lon="6.56646">
        <ele>256.575</ele>
        <time>2018-03-25T09:32:00Z</time>
      </trkpt>
      <trkpt lat="49.35632" lon="6.56654">
        <ele>257.841</ele>
        <time>2018-03-25T09:32:10Z</time>
      </trkpt>
      <trkpt lat="49.35626" lon="6.56657">
        <ele>258.565</ele>
        <time>2018-03-25T09:32:20Z</time>
      </trkpt>
      <trkpt lat="49.35611" lon="6.56663">
        <ele>260.03</ele>
        <time>2018-03-25T09:32:30Z</time>
      </trkpt>
      <trkpt lat="49.35605" lon="6.5667">
        <ele>260.851</ele>
        <time>2018-03-25T09:32:40Z</time>
      </trkpt>
      <trkpt lat="49.35593" lon="6.56674">
        <ele>262.565</ele>
        <time>2018-03-25T09:32:50Z</time>
      </trkpt>
      <trkpt lat="49.35583" lon="6.5668">
        <ele>264.046</ele>
        <time>2018-03-25T09:33:00Z</time>
      </trkpt>
      <trkpt lat="49.3557" lon="6.56691">
        <ele>264.974</ele>
        <time>2018-03-25T09:33:10Z</time>
      </trkpt>
      <trkpt lat="49.35556" lon="6.567">
        <ele>266.165</ele>
        <time>2018-03-25T09:33:20Z</time>
      </trkpt>
      <trkpt lat="49.35545" lon="6.56708">
        <ele>266.685</ele>
        <time>2018-03-25T09:33:30Z</time>
      </trkpt>
      <trkpt lat="49.35535" lon="6.56715">
        <ele>266.926</ele>
        <time>2018-03-25T09:33:40Z</time>
      </trkpt>
      <trkpt lat="49.35522" lon="6.56726">
        <ele>267</ele>
        <time>2018-03-25T09:33:50Z</time>
      </trkpt>
      <trkpt lat="49.3551" lon="6.56735">
        <ele>267</ele>
        <time>2018-03-25T09:34:00Z</time>
      </trkpt>
      <trkpt lat="49.35502" lon="6.56742">
        <ele>267</ele>
        <time>2018-03-25T09:34:10Z</time>
      </trkpt>
      <trkpt lat="49.35487" lon="6.56753">
        <ele>267.009</ele>
        <time>2018-03-25T09:34:20Z</time>
      </trkpt>
      <trkpt lat="49.35475" lon="6.56761">
        <ele>266.672</ele>
        <time>2018-03-25T09:34:30Z</time>
      </trkpt>
      <trkpt lat="49.35466" lon="6.56769">
        <ele>265.828</ele>
        <time>2018-03-25T09:34:40Z</time>
      </trkpt>
      <trkpt lat="49.3546" lon="6.56773">
        <ele>265.263</ele>
        <time>2018-03-25T09:34:50Z</time>
      </trkpt>
      <trkpt lat="49.35445" lon="6.56783">
        <ele>264.052</ele>
        <time>2018-03-25T09:35:00Z</time>
      </trkpt>
      <trkpt lat="49.35432" lon="6.56794">
        <ele>263.133</ele>
        <time>2018-03-25T09:35:10Z</time>
      </trkpt>
      <trkpt lat="49.3542" lon="6.56803">
        <ele>262.233</ele>
        <time>2018-03-25T09:35:20Z</time>
      </trkpt>
      <trkpt lat="49.35406" lon="6.56812">
        <ele>261.627</ele>
        <time>2018-03-25T09:35:30Z</time>
      </trkpt>
      <trkpt lat="49.35394" lon="6.56819">
        <ele>261.191</ele>
        <time>2018-03-25T09:35:40Z</time>
      </trkpt>
      <trkpt lat="49.35379" lon="6.56832">
        <ele>260.655</ele>
        <time>2018-03-25T09:35:50Z</time>
      </trkpt>
      <trkpt lat="49.3537" lon="6.56839">
        <ele>260.443</ele>
        <time>2018-03-25T09:36:00Z</time>
      </trkpt>
      <trkpt lat="49.35361" lon="6.56845">
        <ele>260.421</ele>
        <time>2018-03-25T09:36:10Z</time>
      </trkpt>
      <trkpt lat="49.35351" lon="6.56851">
        <ele>261.14</ele>
        <time>2018-03-25T09:36:20Z</time>
      </trkpt>
      <trkpt lat="49.35341" lon="6.56859">
        <ele>261.699</ele>
        <time>2018-03-25T09:36:30Z</time>
      </trkpt>
      <trkpt lat="49.35333" lon="6.56865">
        <ele>261.767</ele>
        <time>2018-03-25T09:36:40Z</time>
      </trkpt>
      <trkpt lat="49.35321" lon="6.56877">
        <ele>261.565</ele>
        <time>2018-03-25T09:36:50Z</time>
      </trkpt>
      <trkpt lat="49.35309" lon="6.56883">
        <ele>261.977</ele>
        <time>2018-03-25T09:37:00Z</time>
      </trkpt>
      <trkpt lat="49.35298" lon="6.56888">
        <ele>262.025</ele>
        <time>2018-03-25T09:37:10Z</time>
      </trkpt>
      <trkpt lat="49.3529" lon="6.56895">
        <ele>261.901</ele>
        <time>2018-03-25T09:37:20Z</time>
      </trkpt>
      <trkpt lat="49.35282" lon="6.56897">
        <ele>261.959</ele>
        <time>2018-03-25T09:37:30Z</time>
      </trkpt>
      <trkpt lat="49.35269" lon="6.56905">
        <ele>262</ele>
        <time>2018-03-25T09:37:40Z</time>
      </trkpt>
      <trkpt lat="49.35258" lon="6.56917">
        <ele>262</ele>
        <time>2018-03-25T09:37:50Z</time>
      </trkpt>
      <trkpt lat="49.35249" lon="6.56937">
        <ele>262.699</ele>
        <time>2018-03-25T09:38:00Z</time>
      </trkpt>
      <trkpt lat="49.3525" lon="6.56956">
        <ele>262.986</ele>
        <time>2018-03-25T09:38:10Z</time>
      </trkpt>
      <trkpt lat="49.3525" lon="6.56976">
        <ele>263</ele>
        <time>2018-03-25T09:38:20Z</time>
      </trkpt>
      <trkpt lat="49.35255" lon="6.5699">
        <ele>263</ele>
        <time>2018-03-25T09:38:30Z</time>
      </trkpt>
      <trkpt lat="49.35265" lon="6.57005">
        <ele>263</ele>
        <time>2018-03-25T09:38:40Z</time>
      </trkpt>
      <trkpt lat="49.35272" lon="6.57021">
        <ele>263</ele>
        <time>2018-03-25T09:38:50Z</time>
      </trkpt>
      <trkpt lat="49.35277" lon="6.57036">
        <ele>263.008</ele>
        <time>2018-03-25T09:39:00Z</time>
      </trkpt>
      <trkpt lat="49.35278" lon="6.57052">
        <ele>263.017</ele>
        <time>2018-03-25T09:39:10Z</time>
      </trkpt>
      <trkpt lat="49.35284" lon="6.57068">
        <ele>264.034</ele>
        <time>2018-03-25T09:39:20Z</time>
      </trkpt>
      <trkpt lat="49.35288" lon="6.57085">
        <ele>265.048</ele>
        <time>2018-03-25T09:39:30Z</time>
      </trkpt>
      <trkpt lat="49.35287" lon="6.57106">
        <ele>265.547</ele>
        <time>2018-03-25T09:39:40Z</time>
      </trkpt>
      <trkpt lat="49.35294" lon="6.57121">
        <ele>265.423</ele>
        <time>2018-03-25T09:39:50Z</time>
      </trkpt>
      <trkpt lat="49.35302" lon="6.57138">
        <ele>265.128</ele>
        <time>2018-03-25T09:40:00Z</time>
      </trkpt>
      <trkpt lat="49.353" lon="6.57155">
        <ele>264.627</ele>
        <time>2018-03-25T09:40:10Z</time>
      </trkpt>
      <trkpt lat="49.35293" lon="6.57171">
        <ele>264.381</ele>
        <time>2018-03-25T09:40:20Z</time>
      </trkpt>
      <trkpt lat="49.3529" lon="6.57176">
        <ele>264.367</ele>
        <time>2018-03-25T09:40:30Z</time>
      </trkpt>
      <trkpt lat="49.35289" lon="6.57178">
        <ele>264.336</ele>
        <time>2018-03-25T09:40:40Z</time>
      </trkpt>
      <trkpt lat="49.3529" lon="6.57181">
        <ele>264.29</ele>
        <time>2018-03-25T09:41:13Z</time>
      </trkpt>
      <trkpt lat="49.35285" lon="6.5719">
        <ele>264.119</ele>
        <time>2018-03-25T09:41:23Z</time>
      </trkpt>
      <trkpt lat="49.3528" lon="6.57202">
        <ele>263.449</ele>
        <time>2018-03-25T09:41:33Z</time>
      </trkpt>
      <trkpt lat="49.35272" lon="6.5722">
        <ele>261.709</ele>
        <time>2018-03-25T09:41:43Z</time>
      </trkpt>
      <trkpt lat="49.35264" lon="6.57241">
        <ele>259.714</ele>
        <time>2018-03-25T09:41:53Z</time>
      </trkpt>
      <trkpt lat="49.35261" lon="6.57259">
        <ele>258.221</ele>
        <time>2018-03-25T09:42:03Z</time>
      </trkpt>
      <trkpt lat="49.35264" lon="6.57279">
        <ele>256.933</ele>
        <time>2018-03-25T09:42:13Z</time>
      </trkpt>
      <trkpt lat="49.3526" lon="6.57296">
        <ele>256.098</ele>
        <time>2018-03-25T09:42:23Z</time>
      </trkpt>
      <trkpt lat="49.3526" lon="6.57318">
        <ele>255.918</ele>
        <time>2018-03-25T09:42:33Z</time>
      </trkpt>
      <trkpt lat="49.3526" lon="6.57333">
        <ele>256.294</ele>
        <time>2018-03-25T09:42:43Z</time>
      </trkpt>
      <trkpt lat="49.35263" lon="6.57348">
        <ele>256.621</ele>
        <time>2018-03-25T09:42:53Z</time>
      </trkpt>
      <trkpt lat="49.35264" lon="6.57362">
        <ele>257.042</ele>
        <time>2018-03-25T09:43:03Z</time>
      </trkpt>
      <trkpt lat="49.35269" lon="6.5738">
        <ele>257.774</ele>
        <time>2018-03-25T09:43:13Z</time>
      </trkpt>
      <trkpt lat="49.35272" lon="6.57397">
        <ele>258.222</ele>
        <time>2018-03-25T09:43:23Z</time>
      </trkpt>
      <trkpt lat="49.35272" lon="6.57416">
        <ele>258.226</ele>
        <time>2018-03-25T09:43:33Z</time>
      </trkpt>
      <trkpt lat="49.35274" lon="6.57432">
        <ele>257.656</ele>
        <time>2018-03-25T09:43:43Z</time>
      </trkpt>
      <trkpt lat="49.35276" lon="6.57449">
        <ele>256.64</ele>
        <time>2018-03-25T09:43:53Z</time>
      </trkpt>
      <trkpt lat="49.35274" lon="6.57467">
        <ele>254.904</ele>
        <time>2018-03-25T09:44:03Z</time>
      </trkpt>
      <trkpt lat="49.35275" lon="6.57482">
        <ele>253.446</ele>
        <time>2018-03-25T09:44:13Z</time>
      </trkpt>
      <trkpt lat="49.35281" lon="6.57488">
        <ele>252.54</ele>
        <time>2018-03-25T09:44:23Z</time>
      </trkpt>
      <trkpt lat="49.35283" lon="6.57489">
        <ele>252.305</ele>
        <time>2018-03-25T09:44:58Z</time>
      </trkpt>
      <trkpt lat="49.35282" lon="6.57493">
        <ele>252.141</ele>
        <time>2018-03-25T09:45:08Z</time>
      </trkpt>
      <trkpt lat="49.35281" lon="6.57493">
        <ele>252.21</ele>
        <time>2018-03-25T09:45:19Z</time>
      </trkpt>
      <trkpt lat="49.35274" lon="6.57495">
        <ele>252.568</ele>
        <time>2018-03-25T09:45:29Z</time>
      </trkpt>
      <trkpt lat="49.35264" lon="6.57496">
        <ele>252.851</ele>
        <time>2018-03-25T09:45:39Z</time>
      </trkpt>
      <trkpt lat="49.35255" lon="6.57496">
        <ele>253.212</ele>
        <time>2018-03-25T09:45:49Z</time>
      </trkpt>
      <trkpt lat="49.35245" lon="6.57493">
        <ele>253.658</ele>
        <time>2018-03-25T09:45:59Z</time>
      </trkpt>
      <trkpt lat="49.35232" lon="6.57493">
        <ele>253.419</ele>
        <time>2018-03-25T09:46:09Z</time>
      </trkpt>
      <trkpt lat="49.35221" lon="6.57492">
        <ele>253.247</ele>
        <time>2018-03-25T09:46:19Z</time>
      </trkpt>
      <trkpt lat="49.35209" lon="6.5749">
        <ele>252.668</ele>
        <time>2018-03-25T09:46:29Z</time>
      </trkpt>
      <trkpt lat="49.35195" lon="6.57488">
        <ele>251.72</ele>
        <time>2018-03-25T09:46:39Z</time>
      </trkpt>
      <trkpt lat="49.35183" lon="6.57491">
        <ele>252.497</ele>
        <time>2018-03-25T09:46:49Z</time>
      </trkpt>
      <trkpt lat="49.35172" lon="6.57496">
        <ele>253.843</ele>
        <time>2018-03-25T09:46:59Z</time>
      </trkpt>
      <trkpt lat="49.35162" lon="6.57499">
        <ele>254.234</ele>
        <time>2018-03-25T09:47:09Z</time>
      </trkpt>
      <trkpt lat="49.35153" lon="6.57503">
        <ele>253.498</ele>
        <time>2018-03-25T09:47:19Z</time>
      </trkpt>
      <trkpt lat="49.35143" lon="6.57505">
        <ele>252.577</ele>
        <time>2018-03-25T09:47:29Z</time>
      </trkpt>
      <trkpt lat="49.3513" lon="6.57505">
        <ele>251.849</ele>
        <time>2018-03-25T09:47:39Z</time>
      </trkpt>
      <trkpt lat="49.35118" lon="6.57507">
        <ele>251.882</ele>
        <time>2018-03-25T09:47:49Z</time>
      </trkpt>
      <trkpt lat="49.35107" lon="6.5751">
        <ele>252.93</ele>
        <time>2018-03-25T09:47:59Z</time>
      </trkpt>
      <trkpt lat="49.35096" lon="6.57515">
        <ele>254.852</ele>
        <time>2018-03-25T09:48:09Z</time>
      </trkpt>
      <trkpt lat="49.35085" lon="6.57518">
        <ele>256.193</ele>
        <time>2018-03-25T09:48:19Z</time>
      </trkpt>
      <trkpt lat="49.35073" lon="6.5752">
        <ele>258.882</ele>
        <time>2018-03-25T09:48:29Z</time>
      </trkpt>
      <trkpt lat="49.35062" lon="6.57521">
        <ele>261.345</ele>
        <time>2018-03-25T09:48:39Z</time>
      </trkpt>
      <trkpt lat="49.35053" lon="6.57522">
        <ele>263.626</ele>
        <time>2018-03-25T09:48:49Z</time>
      </trkpt>
      <trkpt lat="49.3504" lon="6.57529">
        <ele>267.466</ele>
        <time>2018-03-25T09:48:59Z</time>
      </trkpt>
      <trkpt lat="49.35025" lon="6.57535">
        <ele>270.269</ele>
        <time>2018-03-25T09:49:09Z</time>
      </trkpt>
      <trkpt lat="49.35015" lon="6.57536">
        <ele>271.138</ele>
        <time>2018-03-25T09:49:19Z</time>
      </trkpt>
      <trkpt lat="49.35013" lon="6.57537">
        <ele>271.251</ele>
        <time>2018-03-25T09:49:29Z</time>
      </trkpt>
      <trkpt lat="49.3501" lon="6.57538">
        <ele>271.472</ele>
        <time>2018-03-25T09:49:39Z</time>
      </trkpt>
      <trkpt lat="49.35" lon="6.5754">
        <ele>272.084</ele>
        <time>2018-03-25T09:49:49Z</time>
      </trkpt>
      <trkpt lat="49.34988" lon="6.57545">
        <ele>271.753</ele>
        <time>2018-03-25T09:49:59Z</time>
      </trkpt>
      <trkpt lat="49.34976" lon="6.57548">
        <ele>271.551</ele>
        <time>2018-03-25T09:50:09Z</time>
      </trkpt>
      <trkpt lat="49.34968" lon="6.57545">
        <ele>271.63</ele>
        <time>2018-03-25T09:50:19Z</time>
      </trkpt>
      <trkpt lat="49.34957" lon="6.57553">
        <ele>271.083</ele>
        <time>2018-03-25T09:50:29Z</time>
      </trkpt>
      <trkpt lat="49.34949" lon="6.57552">
        <ele>271.042</ele>
        <time>2018-03-25T09:50:39Z</time>
      </trkpt>
      <trkpt lat="49.34938" lon="6.57552">
        <ele>271.246</ele>
        <time>2018-03-25T09:50:49Z</time>
      </trkpt>
      <trkpt lat="49.34924" lon="6.57559">
        <ele>271.481</ele>
        <time>2018-03-25T09:50:59Z</time>
      </trkpt>
      <trkpt lat="49.34913" lon="6.5756">
        <ele>272.054</ele>
        <time>2018-03-25T09:51:09Z</time>
      </trkpt>
      <trkpt lat="49.34899" lon="6.5756">
        <ele>273.664</ele>
        <time>2018-03-25T09:51:19Z</time>
      </trkpt>
      <trkpt lat="49.34885" lon="6.57561">
        <ele>274.634</ele>
        <time>2018-03-25T09:51:29Z</time>
      </trkpt>
      <trkpt lat="49.34874" lon="6.57563">
        <ele>274.608</ele>
        <time>2018-03-25T09:51:39Z</time>
      </trkpt>
      <trkpt lat="49.34863" lon="6.57567">
        <ele>274.572</ele>
        <time>2018-03-25T09:51:49Z</time>
      </trkpt>
      <trkpt lat="49.34852" lon="6.5757">
        <ele>273.093</ele>
        <time>2018-03-25T09:51:59Z</time>
      </trkpt>
      <trkpt lat="49.34838" lon="6.57575">
        <ele>270.642</ele>
        <time>2018-03-25T09:52:09Z</time>
      </trkpt>
      <trkpt lat="49.34827" lon="6.57575">
        <ele>268.812</ele>
        <time>2018-03-25T09:52:19Z</time>
      </trkpt>
      <trkpt lat="49.34816" lon="6.57574">
        <ele>267.214</ele>
        <time>2018-03-25T09:52:29Z</time>
      </trkpt>
      <trkpt lat="49.34806" lon="6.57575">
        <ele>265.658</ele>
        <time>2018-03-25T09:52:39Z</time>
      </trkpt>
      <trkpt lat="49.34794" lon="6.57575">
        <ele>264.352</ele>
        <time>2018-03-25T09:52:49Z</time>
      </trkpt>
      <trkpt lat="49.34785" lon="6.57577">
        <ele>263.304</ele>
        <time>2018-03-25T09:52:59Z</time>
      </trkpt>
      <trkpt lat="49.34771" lon="6.57584">
        <ele>260.959</ele>
        <time>2018-03-25T09:53:09Z</time>
      </trkpt>
      <trkpt lat="49.3476" lon="6.57584">
        <ele>259.364</ele>
        <time>2018-03-25T09:53:19Z</time>
      </trkpt>
      <trkpt lat="49.3475" lon="6.57581">
        <ele>258.249</ele>
        <time>2018-03-25T09:53:29Z</time>
      </trkpt>
      <trkpt lat="49.34735" lon="6.57579">
        <ele>256.06</ele>
        <time>2018-03-25T09:53:39Z</time>
      </trkpt>
      <trkpt lat="49.34721" lon="6.57583">
        <ele>253.716</ele>
        <time>2018-03-25T09:53:49Z</time>
      </trkpt>
      <trkpt lat="49.34711" lon="6.57581">
        <ele>251.572</ele>
        <time>2018-03-25T09:53:59Z</time>
      </trkpt>
      <trkpt lat="49.347" lon="6.57578">
        <ele>249.542</ele>
        <time>2018-03-25T09:54:09Z</time>
      </trkpt>
      <trkpt lat="49.34686" lon="6.57579">
        <ele>247.639</ele>
        <time>2018-03-25T09:54:19Z</time>
      </trkpt>
      <trkpt lat="49.34673" lon="6.5758">
        <ele>246.696</ele>
        <time>2018-03-25T09:54:29Z</time>
      </trkpt>
      <trkpt lat="49.34658" lon="6.57579">
        <ele>245.98</ele>
        <time>2018-03-25T09:54:39Z</time>
      </trkpt>
      <trkpt lat="49.34645" lon="6.57577">
        <ele>245.472</ele>
        <time>2018-03-25T09:54:49Z</time>
      </trkpt>
      <trkpt lat="49.34634" lon="6.57577">
        <ele>245.33</ele>
        <time>2018-03-25T09:54:59Z</time>
      </trkpt>
      <trkpt lat="49.34623" lon="6.57578">
        <ele>245.546</ele>
        <time>2018-03-25T09:55:09Z</time>
      </trkpt>
      <trkpt lat="49.34611" lon="6.5758">
        <ele>245.856</ele>
        <time>2018-03-25T09:55:19Z</time>
      </trkpt>
      <trkpt lat="49.34605" lon="6.57582">
        <ele>245.728</ele>
        <time>2018-03-25T09:55:29Z</time>
      </trkpt>
      <trkpt lat="49.34603" lon="6.57582">
        <ele>245.679</ele>
        <time>2018-03-25T09:55:58Z</time>
      </trkpt>
      <trkpt lat="49.34594" lon="6.57584">
        <ele>245.364</ele>
        <time>2018-03-25T09:56:08Z</time>
      </trkpt>
      <trkpt lat="49.34585" lon="6.57588">
        <ele>244.875</ele>
        <time>2018-03-25T09:56:18Z</time>
      </trkpt>
      <trkpt lat="49.34578" lon="6.57592">
        <ele>244.681</ele>
        <time>2018-03-25T09:56:28Z</time>
      </trkpt>
      <trkpt lat="49.34569" lon="6.57599">
        <ele>244.436</ele>
        <time>2018-03-25T09:56:38Z</time>
      </trkpt>
      <trkpt lat="49.34569" lon="6.57602">
        <ele>244.328</ele>
        <time>2018-03-25T09:56:48Z</time>
      </trkpt>
      <trkpt lat="49.34568" lon="6.57602">
        <ele>244.328</ele>
        <time>2018-03-25T09:57:09Z</time>
      </trkpt>
      <trkpt lat="49.34562" lon="6.57603">
        <ele>244.303</ele>
        <time>2018-03-25T09:57:19Z</time>
      </trkpt>
      <trkpt lat="49.34553" lon="6.57608">
        <ele>244.016</ele>
        <time>2018-03-25T09:57:29Z</time>
      </trkpt>
      <trkpt lat="49.34543" lon="6.57616">
        <ele>243.099</ele>
        <time>2018-03-25T09:57:39Z</time>
      </trkpt>
      <trkpt lat="49.34532" lon="6.57624">
        <ele>242.506</ele>
        <time>2018-03-25T09:57:49Z</time>
      </trkpt>
      <trkpt lat="49.34521" lon="6.57633">
        <ele>241.662</ele>
        <time>2018-03-25T09:57:59Z</time>
      </trkpt>
      <trkpt lat="49.34512" lon="6.57638">
        <ele>240.889</ele>
        <time>2018-03-25T09:58:09Z</time>
      </trkpt>
      <trkpt lat="49.345" lon="6.57651">
        <ele>239.553</ele>
        <time>2018-03-25T09:58:19Z</time>
      </trkpt>
      <trkpt lat="49.34486" lon="6.57665">
        <ele>237.505</ele>
        <time>2018-03-25T09:58:29Z</time>
      </trkpt>
      <trkpt lat="49.34475" lon="6.57674">
        <ele>235.953</ele>
        <time>2018-03-25T09:58:39Z</time>
      </trkpt>
      <trkpt lat="49.34466" lon="6.57685">
        <ele>235.27</ele>
        <time>2018-03-25T09:58:49Z</time>
      </trkpt>
      <trkpt lat="49.34459" lon="6.57696">
        <ele>234.822</ele>
        <time>2018-03-25T09:58:59Z</time>
      </trkpt>
      <trkpt lat="49.34455" lon="6.57702">
        <ele>234.454</ele>
        <time>2018-03-25T09:59:09Z</time>
      </trkpt>
      <trkpt lat="49.34453" lon="6.57704">
        <ele>234.37</ele>
        <time>2018-03-25T10:00:06Z</time>
      </trkpt>
      <trkpt lat="49.34445" lon="6.57708">
        <ele>234.45</ele>
        <time>2018-03-25T10:00:16Z</time>
      </trkpt>
      <trkpt lat="49.34446" lon="6.57709">
        <ele>234.371</ele>
        <time>2018-03-25T10:01:48Z</time>
      </trkpt>
      <trkpt lat="49.34449" lon="6.57714">
        <ele>233.988</ele>
        <time>2018-03-25T10:01:58Z</time>
      </trkpt>
      <trkpt lat="49.3445" lon="6.57717">
        <ele>233.721</ele>
        <time>2018-03-25T10:02:17Z</time>
      </trkpt>
      <trkpt lat="49.34454" lon="6.57724">
        <ele>232.798</ele>
        <time>2018-03-25T10:02:27Z</time>
      </trkpt>
      <trkpt lat="49.34453" lon="6.57721">
        <ele>233.212</ele>
        <time>2018-03-25T10:03:00Z</time>
      </trkpt>
      <trkpt lat="49.3445" lon="6.57711">
        <ele>234.041</ele>
        <time>2018-03-25T10:03:10Z</time>
      </trkpt>
      <trkpt lat="49.34448" lon="6.5771">
        <ele>234.216</ele>
        <time>2018-03-25T10:07:17Z</time>
      </trkpt>
      <trkpt lat="49.34446" lon="6.57713">
        <ele>234.195</ele>
        <time>2018-03-25T10:07:27Z</time>
      </trkpt>
      <trkpt lat="49.34447" lon="6.57714">
        <ele>234.127</ele>
        <time>2018-03-25T10:07:37Z</time>
      </trkpt>
      <trkpt lat="49.34448" lon="6.57714">
        <ele>234.042</ele>
        <time>2018-03-25T10:08:22Z</time>
      </trkpt>
      <trkpt lat="49.34449" lon="6.57716">
        <ele>233.886</ele>
        <time>2018-03-25T10:14:43Z</time>
      </trkpt>
      <trkpt lat="49.34451" lon="6.57722">
        <ele>233.351</ele>
        <time>2018-03-25T10:14:53Z</time>
      </trkpt>
      <trkpt lat="49.34453" lon="6.57725">
        <ele>232.665</ele>
        <time>2018-03-25T10:15:03Z</time>
      </trkpt>
      <trkpt lat="49.34452" lon="6.57721">
        <ele>233.274</ele>
        <time>2018-03-25T10:15:28Z</time>
      </trkpt>
      <trkpt lat="49.34448" lon="6.57709">
        <ele>234.261</ele>
        <time>2018-03-25T10:15:38Z</time>
      </trkpt>
      <trkpt lat="49.34445" lon="6.5771">
        <ele>234.388</ele>
        <time>2018-03-25T10:16:56Z</time>
      </trkpt>
      <trkpt lat="49.3444" lon="6.57714">
        <ele>234.406</ele>
        <time>2018-03-25T10:17:06Z</time>
      </trkpt>
      <trkpt lat="49.34439" lon="6.57715">
        <ele>234.427</ele>
        <time>2018-03-25T10:20:18Z</time>
      </trkpt>
      <trkpt lat="49.34436" lon="6.57715">
        <ele>234.495</ele>
        <time>2018-03-25T10:20:29Z</time>
      </trkpt>
      <trkpt lat="49.34367" lon="6.57697">
        <ele>231.238</ele>
        <time>2018-03-25T10:20:56Z</time>
      </trkpt>
      <trkpt lat="49.34378" lon="6.57711">
        <ele>231.986</ele>
        <time>2018-03-25T10:21:06Z</time>
      </trkpt>
      <trkpt lat="49.34379" lon="6.57722">
        <ele>232.261</ele>
        <time>2018-03-25T10:21:16Z</time>
      </trkpt>
      <trkpt lat="49.34381" lon="6.5771">
        <ele>232.107</ele>
        <time>2018-03-25T10:21:26Z</time>
      </trkpt>
      <trkpt lat="49.3438" lon="6.57704">
        <ele>231.933</ele>
        <time>2018-03-25T10:21:36Z</time>
      </trkpt>
      <trkpt lat="49.34415" lon="6.57703">
        <ele>234.819</ele>
        <time>2018-03-25T10:21:46Z</time>
      </trkpt>
      <trkpt lat="49.34442" lon="6.5771">
        <ele>234.493</ele>
        <time>2018-03-25T10:21:56Z</time>
      </trkpt>
      <trkpt lat="49.34443" lon="6.57711">
        <ele>234.462</ele>
        <time>2018-03-25T10:22:06Z</time>
      </trkpt>
      <trkpt lat="49.34442" lon="6.57712">
        <ele>234.415</ele>
        <time>2018-03-25T10:25:19Z</time>
      </trkpt>
      <trkpt lat="49.34443" lon="6.57713">
        <ele>234.364</ele>
        <time>2018-03-25T10:25:29Z</time>
      </trkpt>
      <trkpt lat="49.34442" lon="6.57712">
        <ele>234.421</ele>
        <time>2018-03-25T10:31:42Z</time>
      </trkpt>
      <trkpt lat="49.34443" lon="6.57713">
        <ele>234.363</ele>
        <time>2018-03-25T10:31:58Z</time>
      </trkpt>
      <trkpt lat="49.34444" lon="6.57713">
        <ele>234.329</ele>
        <time>2018-03-25T10:34:44Z</time>
      </trkpt>
      <trkpt lat="49.34447" lon="6.57712">
        <ele>234.243</ele>
        <time>2018-03-25T10:34:54Z</time>
      </trkpt>
      <trkpt lat="49.34446" lon="6.5771">
        <ele>234.366</ele>
        <time>2018-03-25T10:36:14Z</time>
      </trkpt>
      <trkpt lat="49.34437" lon="6.57712">
        <ele>234.525</ele>
        <time>2018-03-25T10:36:24Z</time>
      </trkpt>
      <trkpt lat="49.34425" lon="6.5772">
        <ele>234.717</ele>
        <time>2018-03-25T10:36:34Z</time>
      </trkpt>
      <trkpt lat="49.34416" lon="6.57728">
        <ele>234.575</ele>
        <time>2018-03-25T10:36:44Z</time>
      </trkpt>
      <trkpt lat="49.34407" lon="6.57736">
        <ele>233.837</ele>
        <time>2018-03-25T10:36:54Z</time>
      </trkpt>
      <trkpt lat="49.34396" lon="6.57746">
        <ele>233.716</ele>
        <time>2018-03-25T10:37:04Z</time>
      </trkpt>
      <trkpt lat="49.34385" lon="6.57759">
        <ele>233.314</ele>
        <time>2018-03-25T10:37:14Z</time>
      </trkpt>
      <trkpt lat="49.34377" lon="6.57767">
        <ele>232.622</ele>
        <time>2018-03-25T10:37:24Z</time>
      </trkpt>
      <trkpt lat="49.34368" lon="6.5778">
        <ele>232.122</ele>
        <time>2018-03-25T10:37:34Z</time>
      </trkpt>
      <trkpt lat="49.34357" lon="6.57792">
        <ele>231.292</ele>
        <time>2018-03-25T10:37:44Z</time>
      </trkpt>
      <trkpt lat="49.34348" lon="6.57802">
        <ele>230.59</ele>
        <time>2018-03-25T10:37:54Z</time>
      </trkpt>
      <trkpt lat="49.34333" lon="6.57816">
        <ele>229.983</ele>
        <time>2018-03-25T10:38:04Z</time>
      </trkpt>
      <trkpt lat="49.34323" lon="6.57827">
        <ele>229.321</ele>
        <time>2018-03-25T10:38:14Z</time>
      </trkpt>
      <trkpt lat="49.34315" lon="6.57838">
        <ele>228.282</ele>
        <time>2018-03-25T10:38:24Z</time>
      </trkpt>
      <trkpt lat="49.34309" lon="6.57851">
        <ele>226.873</ele>
        <time>2018-03-25T10:38:34Z</time>
      </trkpt>
      <trkpt lat="49.34302" lon="6.57868">
        <ele>225.467</ele>
        <time>2018-03-25T10:38:44Z</time>
      </trkpt>
      <trkpt lat="49.3429" lon="6.57883">
        <ele>225.113</ele>
        <time>2018-03-25T10:38:54Z</time>
      </trkpt>
      <trkpt lat="49.34279" lon="6.57898">
        <ele>225.219</ele>
        <time>2018-03-25T10:39:04Z</time>
      </trkpt>
      <trkpt lat="49.34273" lon="6.57911">
        <ele>224.379</ele>
        <time>2018-03-25T10:39:14Z</time>
      </trkpt>
      <trkpt lat="49.34269" lon="6.57928">
        <ele>223.293</ele>
        <time>2018-03-25T10:39:24Z</time>
      </trkpt>
      <trkpt lat="49.34263" lon="6.57944">
        <ele>222.556</ele>
        <time>2018-03-25T10:39:34Z</time>
      </trkpt>
      <trkpt lat="49.34256" lon="6.5796">
        <ele>221.115</ele>
        <time>2018-03-25T10:39:44Z</time>
      </trkpt>
      <trkpt lat="49.3425" lon="6.57975">
        <ele>219.786</ele>
        <time>2018-03-25T10:39:54Z</time>
      </trkpt>
      <trkpt lat="49.34246" lon="6.57991">
        <ele>218.769</ele>
        <time>2018-03-25T10:40:04Z</time>
      </trkpt>
      <trkpt lat="49.34244" lon="6.58005">
        <ele>217.918</ele>
        <time>2018-03-25T10:40:14Z</time>
      </trkpt>
      <trkpt lat="49.34242" lon="6.5802">
        <ele>217.049</ele>
        <time>2018-03-25T10:40:24Z</time>
      </trkpt>
      <trkpt lat="49.3424" lon="6.58035">
        <ele>216.368</ele>
        <time>2018-03-25T10:40:34Z</time>
      </trkpt>
      <trkpt lat="49.34237" lon="6.58061">
        <ele>215.265</ele>
        <time>2018-03-25T10:40:44Z</time>
      </trkpt>
      <trkpt lat="49.34237" lon="6.58072">
        <ele>214.872</ele>
        <time>2018-03-25T10:40:54Z</time>
      </trkpt>
      <trkpt lat="49.34237" lon="6.58082">
        <ele>214.509</ele>
        <time>2018-03-25T10:41:04Z</time>
      </trkpt>
      <trkpt lat="49.34234" lon="6.58097">
        <ele>214.077</ele>
        <time>2018-03-25T10:41:14Z</time>
      </trkpt>
      <trkpt lat="49.3423" lon="6.58114">
        <ele>213.557</ele>
        <time>2018-03-25T10:41:24Z</time>
      </trkpt>
      <trkpt lat="49.34228" lon="6.58128">
        <ele>212.716</ele>
        <time>2018-03-25T10:41:34Z</time>
      </trkpt>
      <trkpt lat="49.34225" lon="6.58152">
        <ele>211.027</ele>
        <time>2018-03-25T10:41:44Z</time>
      </trkpt>
      <trkpt lat="49.3422" lon="6.58169">
        <ele>209.858</ele>
        <time>2018-03-25T10:41:54Z</time>
      </trkpt>
      <trkpt lat="49.34214" lon="6.58182">
        <ele>209.163</ele>
        <time>2018-03-25T10:42:04Z</time>
      </trkpt>
      <trkpt lat="49.34207" lon="6.58193">
        <ele>208.497</ele>
        <time>2018-03-25T10:42:14Z</time>
      </trkpt>
      <trkpt lat="49.34198" lon="6.5821">
        <ele>207.984</ele>
        <time>2018-03-25T10:42:24Z</time>
      </trkpt>
      <trkpt lat="49.34191" lon="6.58228">
        <ele>207.829</ele>
        <time>2018-03-25T10:42:34Z</time>
      </trkpt>
      <trkpt lat="49.34184" lon="6.58248">
        <ele>207.442</ele>
        <time>2018-03-25T10:42:44Z</time>
      </trkpt>
      <trkpt lat="49.34183" lon="6.58264">
        <ele>207.216</ele>
        <time>2018-03-25T10:42:54Z</time>
      </trkpt>
      <trkpt lat="49.3418" lon="6.58283">
        <ele>206.911</ele>
        <time>2018-03-25T10:43:04Z</time>
      </trkpt>
      <trkpt lat="49.34172" lon="6.58299">
        <ele>206.849</ele>
        <time>2018-03-25T10:43:14Z</time>
      </trkpt>
      <trkpt lat="49.3417" lon="6.58307">
        <ele>206.834</ele>
        <time>2018-03-25T10:43:24Z</time>
      </trkpt>
      <trkpt lat="49.34169" lon="6.58323">
        <ele>206.216</ele>
        <time>2018-03-25T10:43:34Z</time>
      </trkpt>
      <trkpt lat="49.34171" lon="6.58341">
        <ele>205.352</ele>
        <time>2018-03-25T10:43:44Z</time>
      </trkpt>
      <trkpt lat="49.34173" lon="6.58358">
        <ele>204.457</ele>
        <time>2018-03-25T10:43:54Z</time>
      </trkpt>
      <trkpt lat="49.34176" lon="6.58377">
        <ele>203.031</ele>
        <time>2018-03-25T10:44:04Z</time>
      </trkpt>
      <trkpt lat="49.34177" lon="6.584">
        <ele>201.661</ele>
        <time>2018-03-25T10:44:14Z</time>
      </trkpt>
      <trkpt lat="49.34178" lon="6.5842">
        <ele>200.696</ele>
        <time>2018-03-25T10:44:24Z</time>
      </trkpt>
      <trkpt lat="49.34178" lon="6.58435">
        <ele>200.145</ele>
        <time>2018-03-25T10:44:34Z</time>
      </trkpt>
      <trkpt lat="49.34178" lon="6.58456">
        <ele>199.566</ele>
        <time>2018-03-25T10:44:44Z</time>
      </trkpt>
      <trkpt lat="49.34179" lon="6.58477">
        <ele>199.083</ele>
        <time>2018-03-25T10:44:54Z</time>
      </trkpt>
      <trkpt lat="49.34181" lon="6.58497">
        <ele>199.004</ele>
        <time>2018-03-25T10:45:04Z</time>
      </trkpt>
      <trkpt lat="49.34181" lon="6.58518">
        <ele>198.32</ele>
        <time>2018-03-25T10:45:14Z</time>
      </trkpt>
      <trkpt lat="49.34181" lon="6.58538">
        <ele>197.786</ele>
        <time>2018-03-25T10:45:24Z</time>
      </trkpt>
      <trkpt lat="49.3418" lon="6.58557">
        <ele>197.516</ele>
        <time>2018-03-25T10:45:34Z</time>
      </trkpt>
      <trkpt lat="49.34179" lon="6.58575">
        <ele>197.556</ele>
        <time>2018-03-25T10:45:44Z</time>
      </trkpt>
      <trkpt lat="49.34179" lon="6.58595">
        <ele>197.741</ele>
        <time>2018-03-25T10:45:54Z</time>
      </trkpt>
      <trkpt lat="49.3418" lon="6.58616">
        <ele>197.817</ele>
        <time>2018-03-25T10:46:04Z</time>
      </trkpt>
      <trkpt lat="49.34178" lon="6.58633">
        <ele>197.208</ele>
        <time>2018-03-25T10:46:14Z</time>
      </trkpt>
      <trkpt lat="49.34176" lon="6.58651">
        <ele>196.714</ele>
        <time>2018-03-25T10:46:24Z</time>
      </trkpt>
      <trkpt lat="49.34174" lon="6.58673">
        <ele>196.193</ele>
        <time>2018-03-25T10:46:34Z</time>
      </trkpt>
      <trkpt lat="49.34172" lon="6.58693">
        <ele>196.009</ele>
        <time>2018-03-25T10:46:44Z</time>
      </trkpt>
      <trkpt lat="49.34169" lon="6.58706">
        <ele>195.966</ele>
        <time>2018-03-25T10:46:54Z</time>
      </trkpt>
      <trkpt lat="49.34168" lon="6.58719">
        <ele>195.951</ele>
        <time>2018-03-25T10:47:04Z</time>
      </trkpt>
      <trkpt lat="49.34165" lon="6.58744">
        <ele>196.087</ele>
        <time>2018-03-25T10:47:14Z</time>
      </trkpt>
      <trkpt lat="49.34163" lon="6.58762">
        <ele>196.278</ele>
        <time>2018-03-25T10:47:24Z</time>
      </trkpt>
      <trkpt lat="49.34164" lon="6.58767">
        <ele>196.228</ele>
        <time>2018-03-25T10:47:34Z</time>
      </trkpt>
      <trkpt lat="49.34161" lon="6.58788">
        <ele>196.36</ele>
        <time>2018-03-25T10:47:44Z</time>
      </trkpt>
      <trkpt lat="49.34159" lon="6.58809">
        <ele>196.258</ele>
        <time>2018-03-25T10:47:54Z</time>
      </trkpt>
      <trkpt lat="49.34156" lon="6.58829">
        <ele>196.062</ele>
        <time>2018-03-25T10:48:04Z</time>
      </trkpt>
      <trkpt lat="49.34155" lon="6.58847">
        <ele>195.504</ele>
        <time>2018-03-25T10:48:14Z</time>
      </trkpt>
      <trkpt lat="49.34155" lon="6.58869">
        <ele>194.886</ele>
        <time>2018-03-25T10:48:24Z</time>
      </trkpt>
      <trkpt lat="49.34155" lon="6.58889">
        <ele>194.587</ele>
        <time>2018-03-25T10:48:34Z</time>
      </trkpt>
      <trkpt lat="49.34156" lon="6.58906">
        <ele>194.62</ele>
        <time>2018-03-25T10:48:44Z</time>
      </trkpt>
      <trkpt lat="49.34157" lon="6.58926">
        <ele>194.648</ele>
        <time>2018-03-25T10:48:54Z</time>
      </trkpt>
      <trkpt lat="49.34156" lon="6.58944">
        <ele>194.616</ele>
        <time>2018-03-25T10:49:04Z</time>
      </trkpt>
      <trkpt lat="49.34158" lon="6.5896">
        <ele>194.146</ele>
        <time>2018-03-25T10:49:14Z</time>
      </trkpt>
      <trkpt lat="49.34159" lon="6.58974">
        <ele>193.69</ele>
        <time>2018-03-25T10:49:24Z</time>
      </trkpt>
      <trkpt lat="49.34162" lon="6.58988">
        <ele>193.35</ele>
        <time>2018-03-25T10:49:34Z</time>
      </trkpt>
      <trkpt lat="49.34166" lon="6.59006">
        <ele>193</ele>
        <time>2018-03-25T10:49:44Z</time>
      </trkpt>
      <trkpt lat="49.34172" lon="6.59025">
        <ele>193</ele>
        <time>2018-03-25T10:49:54Z</time>
      </trkpt>
      <trkpt lat="49.34178" lon="6.59037">
        <ele>193</ele>
        <time>2018-03-25T10:50:04Z</time>
      </trkpt>
      <trkpt lat="49.34186" lon="6.59053">
        <ele>193</ele>
        <time>2018-03-25T10:50:14Z</time>
      </trkpt>
      <trkpt lat="49.3419" lon="6.59076">
        <ele>192.257</ele>
        <time>2018-03-25T10:50:24Z</time>
      </trkpt>
      <trkpt lat="49.34192" lon="6.59095">
        <ele>192</ele>
        <time>2018-03-25T10:50:34Z</time>
      </trkpt>
      <trkpt lat="49.34194" lon="6.5911">
        <ele>192</ele>
        <time>2018-03-25T10:50:44Z</time>
      </trkpt>
      <trkpt lat="49.34195" lon="6.59127">
        <ele>191.44</ele>
        <time>2018-03-25T10:50:54Z</time>
      </trkpt>
      <trkpt lat="49.34194" lon="6.59143">
        <ele>190.857</ele>
        <time>2018-03-25T10:51:04Z</time>
      </trkpt>
      <trkpt lat="49.34191" lon="6.59162">
        <ele>190.296</ele>
        <time>2018-03-25T10:51:14Z</time>
      </trkpt>
      <trkpt lat="49.3419" lon="6.59174">
        <ele>190.146</ele>
        <time>2018-03-25T10:51:24Z</time>
      </trkpt>
      <trkpt lat="49.34192" lon="6.59178">
        <ele>190.081</ele>
        <time>2018-03-25T10:51:34Z</time>
      </trkpt>
      <trkpt lat="49.34193" lon="6.5918">
        <ele>190.045</ele>
        <time>2018-03-25T10:51:48Z</time>
      </trkpt>
      <trkpt lat="49.34197" lon="6.5919">
        <ele>189.915</ele>
        <time>2018-03-25T10:51:58Z</time>
      </trkpt>
      <trkpt lat="49.342" lon="6.5919">
        <ele>189.807</ele>
        <time>2018-03-25T10:52:37Z</time>
      </trkpt>
      <trkpt lat="49.34207" lon="6.5919">
        <ele>189.552</ele>
        <time>2018-03-25T10:52:47Z</time>
      </trkpt>
      <trkpt lat="49.34208" lon="6.59189">
        <ele>189.53</ele>
        <time>2018-03-25T10:53:09Z</time>
      </trkpt>
      <trkpt lat="49.34209" lon="6.59184">
        <ele>189.469</ele>
        <time>2018-03-25T10:53:19Z</time>
      </trkpt>
      <trkpt lat="49.34211" lon="6.59185">
        <ele>189.408</ele>
        <time>2018-03-25T10:53:29Z</time>
      </trkpt>
      <trkpt lat="49.34208" lon="6.5919">
        <ele>189.519</ele>
        <time>2018-03-25T10:53:39Z</time>
      </trkpt>
      <trkpt lat="49.34205" lon="6.59192">
        <ele>189.616</ele>
        <time>2018-03-25T10:53:49Z</time>
      </trkpt>
      <trkpt lat="49.34203" lon="6.59189">
        <ele>189.685</ele>
        <time>2018-03-25T10:54:22Z</time>
      </trkpt>
      <trkpt lat="49.34199" lon="6.59182">
        <ele>189.854</ele>
        <time>2018-03-25T10:54:32Z</time>
      </trkpt>
      <trkpt lat="49.34201" lon="6.5918">
        <ele>189.778</ele>
        <time>2018-03-25T10:54:42Z</time>
      </trkpt>
      <trkpt lat="49.34206" lon="6.5917">
        <ele>189.573</ele>
        <time>2018-03-25T10:54:52Z</time>
      </trkpt>
      <trkpt lat="49.34208" lon="6.59172">
        <ele>189.512</ele>
        <time>2018-03-25T10:55:21Z</time>
      </trkpt>
      <trkpt lat="49.34214" lon="6.59186">
        <ele>189.303</ele>
        <time>2018-03-25T10:55:31Z</time>
      </trkpt>
      <trkpt lat="49.34215" lon="6.59189">
        <ele>189.274</ele>
        <time>2018-03-25T10:55:41Z</time>
      </trkpt>
      <trkpt lat="49.34214" lon="6.59193">
        <ele>189.289</ele>
        <time>2018-03-25T10:56:05Z</time>
      </trkpt>
      <trkpt lat="49.34214" lon="6.59202">
        <ele>189.224</ele>
        <time>2018-03-25T10:56:15Z</time>
      </trkpt>
      <trkpt lat="49.34219" lon="6.59201">
        <ele>189.088</ele>
        <time>2018-03-25T10:56:25Z</time>
      </trkpt>
      <trkpt lat="49.34217" lon="6.592">
        <ele>189.148</ele>
        <time>2018-03-25T10:56:54Z</time>
      </trkpt>
      <trkpt lat="49.34207" lon="6.59197">
        <ele>189.496</ele>
        <time>2018-03-25T10:57:04Z</time>
      </trkpt>
      <trkpt lat="49.34206" lon="6.59195">
        <ele>189.563</ele>
        <time>2018-03-25T10:57:29Z</time>
      </trkpt>
      <trkpt lat="49.34203" lon="6.59192">
        <ele>189.692</ele>
        <time>2018-03-25T10:57:39Z</time>
      </trkpt>
      <trkpt lat="49.34202" lon="6.59192">
        <ele>189.742</ele>
        <time>2018-03-25T10:57:49Z</time>
      </trkpt>
      <trkpt lat="49.34199" lon="6.59192">
        <ele>189.836</ele>
        <time>2018-03-25T10:59:33Z</time>
      </trkpt>
      <trkpt lat="49.3419" lon="6.59194">
        <ele>190.178</ele>
        <time>2018-03-25T10:59:43Z</time>
      </trkpt>
      <trkpt lat="49.34186" lon="6.59198">
        <ele>190.176</ele>
        <time>2018-03-25T10:59:53Z</time>
      </trkpt>
      <trkpt lat="49.34183" lon="6.59209">
        <ele>189.899</ele>
        <time>2018-03-25T11:00:03Z</time>
      </trkpt>
      <trkpt lat="49.3418" lon="6.59216">
        <ele>189.762</ele>
        <time>2018-03-25T11:00:13Z</time>
      </trkpt>
      <trkpt lat="49.34179" lon="6.5922">
        <ele>189.647</ele>
        <time>2018-03-25T11:00:23Z</time>
      </trkpt>
      <trkpt lat="49.34178" lon="6.59222">
        <ele>189.607</ele>
        <time>2018-03-25T11:00:48Z</time>
      </trkpt>
      <trkpt lat="49.34134" lon="6.59233">
        <ele>190.605</ele>
        <time>2018-03-25T11:01:55Z</time>
      </trkpt>
      <trkpt lat="49.34155" lon="6.59233">
        <ele>190.028</ele>
        <time>2018-03-25T11:02:12Z</time>
      </trkpt>
      <trkpt lat="49.34152" lon="6.59242">
        <ele>189.802</ele>
        <time>2018-03-25T11:02:22Z</time>
      </trkpt>
      <trkpt lat="49.34152" lon="6.59246">
        <ele>189.676</ele>
        <time>2018-03-25T11:02:32Z</time>
      </trkpt>
      <trkpt lat="49.34151" lon="6.59248">
        <ele>189.625</ele>
        <time>2018-03-25T11:02:42Z</time>
      </trkpt>
      <trkpt lat="49.34099" lon="6.59289">
        <ele>188.449</ele>
        <time>2018-03-25T11:04:18Z</time>
      </trkpt>
      <trkpt lat="49.34104" lon="6.59293">
        <ele>188.837</ele>
        <time>2018-03-25T11:04:28Z</time>
      </trkpt>
      <trkpt lat="49.34091" lon="6.59271">
        <ele>187.988</ele>
        <time>2018-03-25T11:04:46Z</time>
      </trkpt>
      <trkpt lat="49.34095" lon="6.59263">
        <ele>188.535</ele>
        <time>2018-03-25T11:04:56Z</time>
      </trkpt>
      <trkpt lat="49.34147" lon="6.59252">
        <ele>189.702</ele>
        <time>2018-03-25T11:05:49Z</time>
      </trkpt>
      <trkpt lat="49.34148" lon="6.59235">
        <ele>190.198</ele>
        <time>2018-03-25T11:05:59Z</time>
      </trkpt>
      <trkpt lat="49.34148" lon="6.59234">
        <ele>190.248</ele>
        <time>2018-03-25T11:06:13Z</time>
      </trkpt>
      <trkpt lat="49.34151" lon="6.59232">
        <ele>190.201</ele>
        <time>2018-03-25T11:06:36Z</time>
      </trkpt>
      <trkpt lat="49.3418" lon="6.59229">
        <ele>189.28</ele>
        <time>2018-03-25T11:06:46Z</time>
      </trkpt>
      <trkpt lat="49.34178" lon="6.59245">
        <ele>188.772</ele>
        <time>2018-03-25T11:06:56Z</time>
      </trkpt>
      <trkpt lat="49.34178" lon="6.59257">
        <ele>188.347</ele>
        <time>2018-03-25T11:07:06Z</time>
      </trkpt>
      <trkpt lat="49.34179" lon="6.59271">
        <ele>187.814</ele>
        <time>2018-03-25T11:07:16Z</time>
      </trkpt>
      <trkpt lat="49.34181" lon="6.59278">
        <ele>187.487</ele>
        <time>2018-03-25T11:07:26Z</time>
      </trkpt>
      <trkpt lat="49.34183" lon="6.59292">
        <ele>186.904</ele>
        <time>2018-03-25T11:07:36Z</time>
      </trkpt>
      <trkpt lat="49.34185" lon="6.59308">
        <ele>186.4</ele>
        <time>2018-03-25T11:07:46Z</time>
      </trkpt>
      <trkpt lat="49.34186" lon="6.59324">
        <ele>186.759</ele>
        <time>2018-03-25T11:07:56Z</time>
      </trkpt>
      <trkpt lat="49.34187" lon="6.59328">
        <ele>186.863</ele>
        <time>2018-03-25T11:08:06Z</time>
      </trkpt>
      <trkpt lat="49.3419" lon="6.59341">
        <ele>187.524</ele>
        <time>2018-03-25T11:08:16Z</time>
      </trkpt>
      <trkpt lat="49.34193" lon="6.59352">
        <ele>188.314</ele>
        <time>2018-03-25T11:08:26Z</time>
      </trkpt>
      <trkpt lat="49.34196" lon="6.59368">
        <ele>189.652</ele>
        <time>2018-03-25T11:08:36Z</time>
      </trkpt>
      <trkpt lat="49.34194" lon="6.59383">
        <ele>191.295</ele>
        <time>2018-03-25T11:08:46Z</time>
      </trkpt>
      <trkpt lat="49.34193" lon="6.59389">
        <ele>191.89</ele>
        <time>2018-03-25T11:08:56Z</time>
      </trkpt>
      <trkpt lat="49.34192" lon="6.59392">
        <ele>192.048</ele>
        <time>2018-03-25T11:09:23Z</time>
      </trkpt>
      <trkpt lat="49.34185" lon="6.59404">
        <ele>192.422</ele>
        <time>2018-03-25T11:09:33Z</time>
      </trkpt>
      <trkpt lat="49.34179" lon="6.59412">
        <ele>192.494</ele>
        <time>2018-03-25T11:09:43Z</time>
      </trkpt>
      <trkpt lat="49.3417" lon="6.59418">
        <ele>192.342</ele>
        <time>2018-03-25T11:09:53Z</time>
      </trkpt>
      <trkpt lat="49.3416" lon="6.59424">
        <ele>192.012</ele>
        <time>2018-03-25T11:10:03Z</time>
      </trkpt>
      <trkpt lat="49.34146" lon="6.59428">
        <ele>191.285</ele>
        <time>2018-03-25T11:10:13Z</time>
      </trkpt>
      <trkpt lat="49.34134" lon="6.59431">
        <ele>190.763</ele>
        <time>2018-03-25T11:10:23Z</time>
      </trkpt>
      <trkpt lat="49.34123" lon="6.59434">
        <ele>190.462</ele>
        <time>2018-03-25T11:10:33Z</time>
      </trkpt>
      <trkpt lat="49.3411" lon="6.5944">
        <ele>190.509</ele>
        <time>2018-03-25T11:10:43Z</time>
      </trkpt>
      <trkpt lat="49.34101" lon="6.59451">
        <ele>190.94</ele>
        <time>2018-03-25T11:10:53Z</time>
      </trkpt>
      <trkpt lat="49.34093" lon="6.5946">
        <ele>191.372</ele>
        <time>2018-03-25T11:11:03Z</time>
      </trkpt>
      <trkpt lat="49.34083" lon="6.5947">
        <ele>191.651</ele>
        <time>2018-03-25T11:11:13Z</time>
      </trkpt>
      <trkpt lat="49.34069" lon="6.59482">
        <ele>191.476</ele>
        <time>2018-03-25T11:11:23Z</time>
      </trkpt>
      <trkpt lat="49.34058" lon="6.59492">
        <ele>191.411</ele>
        <time>2018-03-25T11:11:33Z</time>
      </trkpt>
      <trkpt lat="49.34047" lon="6.59502">
        <ele>191.198</ele>
        <time>2018-03-25T11:11:43Z</time>
      </trkpt>
      <trkpt lat="49.34039" lon="6.59514">
        <ele>191.493</ele>
        <time>2018-03-25T11:11:53Z</time>
      </trkpt>
      <trkpt lat="49.34031" lon="6.59529">
        <ele>192.406</ele>
        <time>2018-03-25T11:12:03Z</time>
      </trkpt>
      <trkpt lat="49.34022" lon="6.5954">
        <ele>193.177</ele>
        <time>2018-03-25T11:12:13Z</time>
      </trkpt>
      <trkpt lat="49.34013" lon="6.59545">
        <ele>193.654</ele>
        <time>2018-03-25T11:12:23Z</time>
      </trkpt>
      <trkpt lat="49.34006" lon="6.59549">
        <ele>194.104</ele>
        <time>2018-03-25T11:12:33Z</time>
      </trkpt>
      <trkpt lat="49.34004" lon="6.5955">
        <ele>194.254</ele>
        <time>2018-03-25T11:12:46Z</time>
      </trkpt>
      <trkpt lat="49.33999" lon="6.59552">
        <ele>194.542</ele>
        <time>2018-03-25T11:12:56Z</time>
      </trkpt>
      <trkpt lat="49.33987" lon="6.5956">
        <ele>195.174</ele>
        <time>2018-03-25T11:13:06Z</time>
      </trkpt>
      <trkpt lat="49.33975" lon="6.59568">
        <ele>195.073</ele>
        <time>2018-03-25T11:13:16Z</time>
      </trkpt>
      <trkpt lat="49.33966" lon="6.59576">
        <ele>194.581</ele>
        <time>2018-03-25T11:13:26Z</time>
      </trkpt>
      <trkpt lat="49.33961" lon="6.59586">
        <ele>194.199</ele>
        <time>2018-03-25T11:13:36Z</time>
      </trkpt>
      <trkpt lat="49.33962" lon="6.59595">
        <ele>194.264</ele>
        <time>2018-03-25T11:13:46Z</time>
      </trkpt>
      <trkpt lat="49.33968" lon="6.59607">
        <ele>194.725</ele>
        <time>2018-03-25T11:13:56Z</time>
      </trkpt>
      <trkpt lat="49.33975" lon="6.5963">
        <ele>195.268</ele>
        <time>2018-03-25T11:14:06Z</time>
      </trkpt>
      <trkpt lat="49.33975" lon="6.5965">
        <ele>195.66</ele>
        <time>2018-03-25T11:14:16Z</time>
      </trkpt>
      <trkpt lat="49.33974" lon="6.5967">
        <ele>196.243</ele>
        <time>2018-03-25T11:14:26Z</time>
      </trkpt>
      <trkpt lat="49.33973" lon="6.59689">
        <ele>196.093</ele>
        <time>2018-03-25T11:14:36Z</time>
      </trkpt>
      <trkpt lat="49.33972" lon="6.59709">
        <ele>195.954</ele>
        <time>2018-03-25T11:14:46Z</time>
      </trkpt>
      <trkpt lat="49.33971" lon="6.59726">
        <ele>195.957</ele>
        <time>2018-03-25T11:14:56Z</time>
      </trkpt>
      <trkpt lat="49.3397" lon="6.59744">
        <ele>196.54</ele>
        <time>2018-03-25T11:15:06Z</time>
      </trkpt>
      <trkpt lat="49.33969" lon="6.59763">
        <ele>197.075</ele>
        <time>2018-03-25T11:15:16Z</time>
      </trkpt>
      <trkpt lat="49.33971" lon="6.5978">
        <ele>197.719</ele>
        <time>2018-03-25T11:15:26Z</time>
      </trkpt>
      <trkpt lat="49.33975" lon="6.59792">
        <ele>197.937</ele>
        <time>2018-03-25T11:15:36Z</time>
      </trkpt>
      <trkpt lat="49.33978" lon="6.59812">
        <ele>197.986</ele>
        <time>2018-03-25T11:15:46Z</time>
      </trkpt>
      <trkpt lat="49.33977" lon="6.59832">
        <ele>197.896</ele>
        <time>2018-03-25T11:15:56Z</time>
      </trkpt>
      <trkpt lat="49.33979" lon="6.59853">
        <ele>198.797</ele>
        <time>2018-03-25T11:16:06Z</time>
      </trkpt>
      <trkpt lat="49.3398" lon="6.59867">
        <ele>199.198</ele>
        <time>2018-03-25T11:16:16Z</time>
      </trkpt>
      <trkpt lat="49.33981" lon="6.59872">
        <ele>199.414</ele>
        <time>2018-03-25T11:16:40Z</time>
      </trkpt>
      <trkpt lat="49.33982" lon="6.59884">
        <ele>199.751</ele>
        <time>2018-03-25T11:16:50Z</time>
      </trkpt>
      <trkpt lat="49.33979" lon="6.59896">
        <ele>198.879</ele>
        <time>2018-03-25T11:17:00Z</time>
      </trkpt>
      <trkpt lat="49.33977" lon="6.59899">
        <ele>198.331</ele>
        <time>2018-03-25T11:17:10Z</time>
      </trkpt>
      <trkpt lat="49.33976" lon="6.59901">
        <ele>198.031</ele>
        <time>2018-03-25T11:17:26Z</time>
      </trkpt>
      <trkpt lat="49.33973" lon="6.59904">
        <ele>197.156</ele>
        <time>2018-03-25T11:17:36Z</time>
      </trkpt>
      <trkpt lat="49.33973" lon="6.59905">
        <ele>196.922</ele>
        <time>2018-03-25T11:21:37Z</time>
      </trkpt>
      <trkpt lat="49.33974" lon="6.59906">
        <ele>197.139</ele>
        <time>2018-03-25T11:27:25Z</time>
      </trkpt>
      <trkpt lat="49.33973" lon="6.59916">
        <ele>196.249</ele>
        <time>2018-03-25T11:27:35Z</time>
      </trkpt>
      <trkpt lat="49.33968" lon="6.5993">
        <ele>195.433</ele>
        <time>2018-03-25T11:27:45Z</time>
      </trkpt>
      <trkpt lat="49.33965" lon="6.59947">
        <ele>194.937</ele>
        <time>2018-03-25T11:27:55Z</time>
      </trkpt>
      <trkpt lat="49.33965" lon="6.59967">
        <ele>194.663</ele>
        <time>2018-03-25T11:28:05Z</time>
      </trkpt>
      <trkpt lat="49.33964" lon="6.59985">
        <ele>194.673</ele>
        <time>2018-03-25T11:28:15Z</time>
      </trkpt>
      <trkpt lat="49.33964" lon="6.60003">
        <ele>195.162</ele>
        <time>2018-03-25T11:28:25Z</time>
      </trkpt>
      <trkpt lat="49.33963" lon="6.60023">
        <ele>196.97</ele>
        <time>2018-03-25T11:28:35Z</time>
      </trkpt>
      <trkpt lat="49.33965" lon="6.60042">
        <ele>198.338</ele>
        <time>2018-03-25T11:28:45Z</time>
      </trkpt>
      <trkpt lat="49.33965" lon="6.60063">
        <ele>198.766</ele>
        <time>2018-03-25T11:28:55Z</time>
      </trkpt>
      <trkpt lat="49.33966" lon="6.60086">
        <ele>198.545</ele>
        <time>2018-03-25T11:29:05Z</time>
      </trkpt>
      <trkpt lat="49.33967" lon="6.60109">
        <ele>198.602</ele>
        <time>2018-03-25T11:29:15Z</time>
      </trkpt>
      <trkpt lat="49.33966" lon="6.6013">
        <ele>198.029</ele>
        <time>2018-03-25T11:29:25Z</time>
      </trkpt>
      <trkpt lat="49.33963" lon="6.60148">
        <ele>198.196</ele>
        <time>2018-03-25T11:29:35Z</time>
      </trkpt>
      <trkpt lat="49.33958" lon="6.60164">
        <ele>198.849</ele>
        <time>2018-03-25T11:29:45Z</time>
      </trkpt>
      <trkpt lat="49.33954" lon="6.60181">
        <ele>199.698</ele>
        <time>2018-03-25T11:29:55Z</time>
      </trkpt>
      <trkpt lat="49.3395" lon="6.602">
        <ele>200.508</ele>
        <time>2018-03-25T11:30:05Z</time>
      </trkpt>
      <trkpt lat="49.33945" lon="6.60218">
        <ele>200.009</ele>
        <time>2018-03-25T11:30:15Z</time>
      </trkpt>
      <trkpt lat="49.33936" lon="6.60234">
        <ele>198.784</ele>
        <time>2018-03-25T11:30:25Z</time>
      </trkpt>
      <trkpt lat="49.33925" lon="6.60248">
        <ele>197.258</ele>
        <time>2018-03-25T11:30:35Z</time>
      </trkpt>
      <trkpt lat="49.33915" lon="6.6026">
        <ele>196.271</ele>
        <time>2018-03-25T11:30:45Z</time>
      </trkpt>
      <trkpt lat="49.33904" lon="6.60269">
        <ele>196.217</ele>
        <time>2018-03-25T11:30:55Z</time>
      </trkpt>
      <trkpt lat="49.33881" lon="6.60308">
        <ele>197.656</ele>
        <time>2018-03-25T11:31:07Z</time>
      </trkpt>
      <trkpt lat="49.33873" lon="6.60312">
        <ele>197.427</ele>
        <time>2018-03-25T11:31:17Z</time>
      </trkpt>
      <trkpt lat="49.33862" lon="6.60318">
        <ele>196.938</ele>
        <time>2018-03-25T11:31:27Z</time>
      </trkpt>
      <trkpt lat="49.33851" lon="6.60327">
        <ele>196.957</ele>
        <time>2018-03-25T11:31:37Z</time>
      </trkpt>
      <trkpt lat="49.3384" lon="6.60336">
        <ele>196.837</ele>
        <time>2018-03-25T11:31:47Z</time>
      </trkpt>
      <trkpt lat="49.33831" lon="6.60345">
        <ele>198.108</ele>
        <time>2018-03-25T11:31:57Z</time>
      </trkpt>
      <trkpt lat="49.33819" lon="6.60355">
        <ele>199.176</ele>
        <time>2018-03-25T11:32:07Z</time>
      </trkpt>
      <trkpt lat="49.33807" lon="6.60365">
        <ele>199.701</ele>
        <time>2018-03-25T11:32:17Z</time>
      </trkpt>
      <trkpt lat="49.33793" lon="6.60375">
        <ele>200.648</ele>
        <time>2018-03-25T11:32:27Z</time>
      </trkpt>
      <trkpt lat="49.33782" lon="6.60386">
        <ele>200.461</ele>
        <time>2018-03-25T11:32:37Z</time>
      </trkpt>
      <trkpt lat="49.33772" lon="6.60398">
        <ele>200.513</ele>
        <time>2018-03-25T11:32:47Z</time>
      </trkpt>
      <trkpt lat="49.33764" lon="6.60412">
        <ele>200.97</ele>
        <time>2018-03-25T11:32:57Z</time>
      </trkpt>
      <trkpt lat="49.33757" lon="6.60426">
        <ele>201.68</ele>
        <time>2018-03-25T11:33:07Z</time>
      </trkpt>
      <trkpt lat="49.33743" lon="6.60441">
        <ele>201.021</ele>
        <time>2018-03-25T11:33:17Z</time>
      </trkpt>
      <trkpt lat="49.33732" lon="6.60455">
        <ele>201.359</ele>
        <time>2018-03-25T11:33:27Z</time>
      </trkpt>
      <trkpt lat="49.33725" lon="6.60468">
        <ele>202.685</ele>
        <time>2018-03-25T11:33:37Z</time>
      </trkpt>
      <trkpt lat="49.33715" lon="6.60479">
        <ele>202.821</ele>
        <time>2018-03-25T11:33:47Z</time>
      </trkpt>
      <trkpt lat="49.33708" lon="6.60493">
        <ele>203.568</ele>
        <time>2018-03-25T11:33:57Z</time>
      </trkpt>
      <trkpt lat="49.33699" lon="6.60506">
        <ele>204.36</ele>
        <time>2018-03-25T11:34:07Z</time>
      </trkpt>
      <trkpt lat="49.33689" lon="6.6052">
        <ele>205.118</ele>
        <time>2018-03-25T11:34:17Z</time>
      </trkpt>
      <trkpt lat="49.3368" lon="6.60532">
        <ele>205.267</ele>
        <time>2018-03-25T11:34:27Z</time>
      </trkpt>
      <trkpt lat="49.3367" lon="6.60543">
        <ele>204.665</ele>
        <time>2018-03-25T11:34:37Z</time>
      </trkpt>
      <trkpt lat="49.33666" lon="6.60548">
        <ele>204.38</ele>
        <time>2018-03-25T11:34:47Z</time>
      </trkpt>
      <trkpt lat="49.33666" lon="6.60551">
        <ele>204.636</ele>
        <time>2018-03-25T11:34:57Z</time>
      </trkpt>
      <trkpt lat="49.33666" lon="6.60563">
        <ele>205.991</ele>
        <time>2018-03-25T11:35:07Z</time>
      </trkpt>
      <trkpt lat="49.33669" lon="6.60575">
        <ele>207.994</ele>
        <time>2018-03-25T11:35:17Z</time>
      </trkpt>
      <trkpt lat="49.33672" lon="6.60589">
        <ele>210.403</ele>
        <time>2018-03-25T11:35:27Z</time>
      </trkpt>
      <trkpt lat="49.33674" lon="6.60604">
        <ele>212.364</ele>
        <time>2018-03-25T11:35:37Z</time>
      </trkpt>
      <trkpt lat="49.33674" lon="6.60617">
        <ele>214.083</ele>
        <time>2018-03-25T11:35:47Z</time>
      </trkpt>
      <trkpt lat="49.33676" lon="6.6063">
        <ele>215.977</ele>
        <time>2018-03-25T11:35:57Z</time>
      </trkpt>
      <trkpt lat="49.3368" lon="6.60643">
        <ele>218.028</ele>
        <time>2018-03-25T11:36:07Z</time>
      </trkpt>
      <trkpt lat="49.33685" lon="6.60657">
        <ele>220.105</ele>
        <time>2018-03-25T11:36:17Z</time>
      </trkpt>
      <trkpt lat="49.3369" lon="6.60671">
        <ele>221.978</ele>
        <time>2018-03-25T11:36:27Z</time>
      </trkpt>
      <trkpt lat="49.33693" lon="6.60682">
        <ele>223</ele>
        <time>2018-03-25T11:36:37Z</time>
      </trkpt>
      <trkpt lat="49.33694" lon="6.60696">
        <ele>224.015</ele>
        <time>2018-03-25T11:36:47Z</time>
      </trkpt>
      <trkpt lat="49.33693" lon="6.6071">
        <ele>224.489</ele>
        <time>2018-03-25T11:36:57Z</time>
      </trkpt>
      <trkpt lat="49.33692" lon="6.60718">
        <ele>224.71</ele>
        <time>2018-03-25T11:37:07Z</time>
      </trkpt>
      <trkpt lat="49.33684" lon="6.60713">
        <ele>224.191</ele>
        <time>2018-03-25T11:37:17Z</time>
      </trkpt>
      <trkpt lat="49.33676" lon="6.60706">
        <ele>223.341</ele>
        <time>2018-03-25T11:37:27Z</time>
      </trkpt>
      <trkpt lat="49.33667" lon="6.60701">
        <ele>222.47</ele>
        <time>2018-03-25T11:37:37Z</time>
      </trkpt>
      <trkpt lat="49.3366" lon="6.60696">
        <ele>221.868</ele>
        <time>2018-03-25T11:37:47Z</time>
      </trkpt>
      <trkpt lat="49.33656" lon="6.60693">
        <ele>221.508</ele>
        <time>2018-03-25T11:37:57Z</time>
      </trkpt>
      <trkpt lat="49.33654" lon="6.60694">
        <ele>221.555</ele>
        <time>2018-03-25T11:38:25Z</time>
      </trkpt>
      <trkpt lat="49.33654" lon="6.60704">
        <ele>222.225</ele>
        <time>2018-03-25T11:38:35Z</time>
      </trkpt>
      <trkpt lat="49.33652" lon="6.60705">
        <ele>222.236</ele>
        <time>2018-03-25T11:38:45Z</time>
      </trkpt>
      <trkpt lat="49.33646" lon="6.607">
        <ele>221.688</ele>
        <time>2018-03-25T11:38:55Z</time>
      </trkpt>
      <trkpt lat="49.33639" lon="6.60697">
        <ele>221.192</ele>
        <time>2018-03-25T11:39:05Z</time>
      </trkpt>
      <trkpt lat="49.33638" lon="6.60697">
        <ele>221.138</ele>
        <time>2018-03-25T11:39:15Z</time>
      </trkpt>
      <trkpt lat="49.33637" lon="6.60698">
        <ele>221.145</ele>
        <time>2018-03-25T11:39:25Z</time>
      </trkpt>
      <trkpt lat="49.33633" lon="6.60695">
        <ele>220.86</ele>
        <time>2018-03-25T11:39:35Z</time>
      </trkpt>
      <trkpt lat="49.33634" lon="6.60691">
        <ele>220.558</ele>
        <time>2018-03-25T11:40:04Z</time>
      </trkpt>
      <trkpt lat="49.33637" lon="6.60683">
        <ele>220.054</ele>
        <time>2018-03-25T11:40:14Z</time>
      </trkpt>
      <trkpt lat="49.33635" lon="6.6068">
        <ele>219.728</ele>
        <time>2018-03-25T11:40:24Z</time>
      </trkpt>
      <trkpt lat="49.3363" lon="6.60673">
        <ele>218.586</ele>
        <time>2018-03-25T11:40:34Z</time>
      </trkpt>
      <trkpt lat="49.3362" lon="6.60668">
        <ele>217.129</ele>
        <time>2018-03-25T11:40:44Z</time>
      </trkpt>
      <trkpt lat="49.33615" lon="6.60663">
        <ele>215.965</ele>
        <time>2018-03-25T11:40:54Z</time>
      </trkpt>
      <trkpt lat="49.33615" lon="6.60665">
        <ele>216.221</ele>
        <time>2018-03-25T11:41:21Z</time>
      </trkpt>
      <trkpt lat="49.3362" lon="6.60673">
        <ele>217.799</ele>
        <time>2018-03-25T11:41:31Z</time>
      </trkpt>
      <trkpt lat="49.33625" lon="6.60678">
        <ele>218.702</ele>
        <time>2018-03-25T11:41:41Z</time>
      </trkpt>
      <trkpt lat="49.33626" lon="6.60679">
        <ele>218.897</ele>
        <time>2018-03-25T11:42:28Z</time>
      </trkpt>
      <trkpt lat="49.33628" lon="6.6068">
        <ele>219.103</ele>
        <time>2018-03-25T11:42:38Z</time>
      </trkpt>
      <trkpt lat="49.33628" lon="6.6068">
        <ele>219.19</ele>
        <time>2018-03-25T11:43:11Z</time>
      </trkpt>
      <trkpt lat="49.33633" lon="6.60682">
        <ele>219.664</ele>
        <time>2018-03-25T11:43:21Z</time>
      </trkpt>
      <trkpt lat="49.33636" lon="6.60684">
        <ele>220.061</ele>
        <time>2018-03-25T11:43:31Z</time>
      </trkpt>
      <trkpt lat="49.33641" lon="6.60691">
        <ele>220.774</ele>
        <time>2018-03-25T11:43:41Z</time>
      </trkpt>
      <trkpt lat="49.33649" lon="6.60697">
        <ele>221.555</ele>
        <time>2018-03-25T11:43:51Z</time>
      </trkpt>
      <trkpt lat="49.33657" lon="6.60699">
        <ele>222.016</ele>
        <time>2018-03-25T11:44:01Z</time>
      </trkpt>
      <trkpt lat="49.33664" lon="6.60702">
        <ele>222.466</ele>
        <time>2018-03-25T11:44:11Z</time>
      </trkpt>
      <trkpt lat="49.33671" lon="6.60709">
        <ele>223.23</ele>
        <time>2018-03-25T11:44:21Z</time>
      </trkpt>
      <trkpt lat="49.33678" lon="6.60717">
        <ele>224.106</ele>
        <time>2018-03-25T11:44:31Z</time>
      </trkpt>
      <trkpt lat="49.33687" lon="6.60728">
        <ele>224.989</ele>
        <time>2018-03-25T11:44:41Z</time>
      </trkpt>
      <trkpt lat="49.33694" lon="6.60735">
        <ele>225.447</ele>
        <time>2018-03-25T11:44:51Z</time>
      </trkpt>
      <trkpt lat="49.33701" lon="6.60743">
        <ele>225.755</ele>
        <time>2018-03-25T11:45:01Z</time>
      </trkpt>
      <trkpt lat="49.33704" lon="6.60757">
        <ele>226.692</ele>
        <time>2018-03-25T11:45:11Z</time>
      </trkpt>
      <trkpt lat="49.33705" lon="6.6077">
        <ele>227.863</ele>
        <time>2018-03-25T11:45:21Z</time>
      </trkpt>
      <trkpt lat="49.33704" lon="6.60782">
        <ele>229.023</ele>
        <time>2018-03-25T11:45:31Z</time>
      </trkpt>
      <trkpt lat="49.33702" lon="6.60793">
        <ele>230.007</ele>
        <time>2018-03-25T11:45:41Z</time>
      </trkpt>
      <trkpt lat="49.33699" lon="6.60805">
        <ele>231.448</ele>
        <time>2018-03-25T11:45:51Z</time>
      </trkpt>
      <trkpt lat="49.33695" lon="6.60818">
        <ele>232.322</ele>
        <time>2018-03-25T11:46:01Z</time>
      </trkpt>
      <trkpt lat="49.33693" lon="6.60831">
        <ele>233.029</ele>
        <time>2018-03-25T11:46:11Z</time>
      </trkpt>
      <trkpt lat="49.33689" lon="6.60843">
        <ele>234.23</ele>
        <time>2018-03-25T11:46:21Z</time>
      </trkpt>
      <trkpt lat="49.33685" lon="6.60856">
        <ele>235.591</ele>
        <time>2018-03-25T11:46:31Z</time>
      </trkpt>
      <trkpt lat="49.33681" lon="6.60869">
        <ele>236.991</ele>
        <time>2018-03-25T11:46:41Z</time>
      </trkpt>
      <trkpt lat="49.33678" lon="6.60884">
        <ele>238.438</ele>
        <time>2018-03-25T11:46:51Z</time>
      </trkpt>
      <trkpt lat="49.33673" lon="6.609">
        <ele>240.516</ele>
        <time>2018-03-25T11:47:01Z</time>
      </trkpt>
      <trkpt lat="49.33669" lon="6.60915">
        <ele>242.568</ele>
        <time>2018-03-25T11:47:11Z</time>
      </trkpt>
      <trkpt lat="49.33665" lon="6.60928">
        <ele>244.31</ele>
        <time>2018-03-25T11:47:21Z</time>
      </trkpt>
      <trkpt lat="49.33661" lon="6.60942">
        <ele>245.936</ele>
        <time>2018-03-25T11:47:31Z</time>
      </trkpt>
      <trkpt lat="49.33657" lon="6.60955">
        <ele>246.831</ele>
        <time>2018-03-25T11:47:41Z</time>
      </trkpt>
      <trkpt lat="49.33654" lon="6.60968">
        <ele>247.732</ele>
        <time>2018-03-25T11:47:51Z</time>
      </trkpt>
      <trkpt lat="49.33651" lon="6.60982">
        <ele>248.502</ele>
        <time>2018-03-25T11:48:01Z</time>
      </trkpt>
      <trkpt lat="49.33648" lon="6.60994">
        <ele>249.16</ele>
        <time>2018-03-25T11:48:11Z</time>
      </trkpt>
      <trkpt lat="49.33644" lon="6.61007">
        <ele>250.209</ele>
        <time>2018-03-25T11:48:21Z</time>
      </trkpt>
      <trkpt lat="49.3364" lon="6.6102">
        <ele>251.361</ele>
        <time>2018-03-25T11:48:31Z</time>
      </trkpt>
      <trkpt lat="49.33635" lon="6.61033">
        <ele>253.176</ele>
        <time>2018-03-25T11:48:41Z</time>
      </trkpt>
      <trkpt lat="49.33631" lon="6.61046">
        <ele>255.433</ele>
        <time>2018-03-25T11:48:51Z</time>
      </trkpt>
      <trkpt lat="49.33627" lon="6.61059">
        <ele>257.728</ele>
        <time>2018-03-25T11:49:01Z</time>
      </trkpt>
      <trkpt lat="49.33622" lon="6.61072">
        <ele>260.098</ele>
        <time>2018-03-25T11:49:11Z</time>
      </trkpt>
      <trkpt lat="49.33619" lon="6.61086">
        <ele>261.937</ele>
        <time>2018-03-25T11:49:21Z</time>
      </trkpt>
      <trkpt lat="49.33615" lon="6.61102">
        <ele>263.215</ele>
        <time>2018-03-25T11:49:31Z</time>
      </trkpt>
      <trkpt lat="49.33611" lon="6.61117">
        <ele>264.418</ele>
        <time>2018-03-25T11:49:41Z</time>
      </trkpt>
      <trkpt lat="49.33609" lon="6.61131">
        <ele>265.567</ele>
        <time>2018-03-25T11:49:51Z</time>
      </trkpt>
      <trkpt lat="49.33605" lon="6.61146">
        <ele>267.274</ele>
        <time>2018-03-25T11:50:01Z</time>
      </trkpt>
      <trkpt lat="49.33601" lon="6.61162">
        <ele>269.57</ele>
        <time>2018-03-25T11:50:11Z</time>
      </trkpt>
      <trkpt lat="49.33597" lon="6.61176">
        <ele>271.257</ele>
        <time>2018-03-25T11:50:21Z</time>
      </trkpt>
      <trkpt lat="49.33592" lon="6.61191">
        <ele>272.802</ele>
        <time>2018-03-25T11:50:31Z</time>
      </trkpt>
      <trkpt lat="49.33587" lon="6.61204">
        <ele>274.314</ele>
        <time>2018-03-25T11:50:41Z</time>
      </trkpt>
      <trkpt lat="49.33581" lon="6.61217">
        <ele>275.715</ele>
        <time>2018-03-25T11:50:51Z</time>
      </trkpt>
      <trkpt lat="49.33579" lon="6.61222">
        <ele>276.115</ele>
        <time>2018-03-25T11:51:01Z</time>
      </trkpt>
      <trkpt lat="49.33578" lon="6.61224">
        <ele>276.231</ele>
        <time>2018-03-25T11:54:24Z</time>
      </trkpt>
      <trkpt lat="49.33574" lon="6.61225">
        <ele>276.418</ele>
        <time>2018-03-25T11:54:34Z</time>
      </trkpt>
      <trkpt lat="49.33569" lon="6.61221">
        <ele>276.471</ele>
        <time>2018-03-25T11:54:44Z</time>
      </trkpt>
      <trkpt lat="49.33559" lon="6.61216">
        <ele>276.608</ele>
        <time>2018-03-25T11:54:54Z</time>
      </trkpt>
      <trkpt lat="49.33547" lon="6.61211">
        <ele>276.081</ele>
        <time>2018-03-25T11:55:04Z</time>
      </trkpt>
      <trkpt lat="49.33535" lon="6.61204">
        <ele>275.363</ele>
        <time>2018-03-25T11:55:14Z</time>
      </trkpt>
      <trkpt lat="49.33523" lon="6.61198">
        <ele>274.671</ele>
        <time>2018-03-25T11:55:24Z</time>
      </trkpt>
      <trkpt lat="49.33511" lon="6.61193">
        <ele>273.695</ele>
        <time>2018-03-25T11:55:34Z</time>
      </trkpt>
      <trkpt lat="49.33498" lon="6.61188">
        <ele>272.442</ele>
        <time>2018-03-25T11:55:44Z</time>
      </trkpt>
      <trkpt lat="49.33485" lon="6.61184">
        <ele>271.697</ele>
        <time>2018-03-25T11:55:54Z</time>
      </trkpt>
      <trkpt lat="49.33472" lon="6.61181">
        <ele>271.049</ele>
        <time>2018-03-25T11:56:04Z</time>
      </trkpt>
      <trkpt lat="49.33459" lon="6.61179">
        <ele>270.665</ele>
        <time>2018-03-25T11:56:14Z</time>
      </trkpt>
      <trkpt lat="49.33445" lon="6.61177">
        <ele>270.394</ele>
        <time>2018-03-25T11:56:24Z</time>
      </trkpt>
      <trkpt lat="49.33432" lon="6.61175">
        <ele>271.07</ele>
        <time>2018-03-25T11:56:34Z</time>
      </trkpt>
      <trkpt lat="49.33419" lon="6.61173">
        <ele>271.832</ele>
        <time>2018-03-25T11:56:44Z</time>
      </trkpt>
      <trkpt lat="49.33405" lon="6.61174">
        <ele>272.118</ele>
        <time>2018-03-25T11:56:54Z</time>
      </trkpt>
      <trkpt lat="49.33392" lon="6.61174">
        <ele>272.246</ele>
        <time>2018-03-25T11:57:04Z</time>
      </trkpt>
      <trkpt lat="49.33378" lon="6.61174">
        <ele>272.726</ele>
        <time>2018-03-25T11:57:14Z</time>
      </trkpt>
      <trkpt lat="49.33364" lon="6.61173">
        <ele>273.337</ele>
        <time>2018-03-25T11:57:24Z</time>
      </trkpt>
      <trkpt lat="49.33351" lon="6.61172">
        <ele>273.042</ele>
        <time>2018-03-25T11:57:34Z</time>
      </trkpt>
      <trkpt lat="49.33337" lon="6.61171">
        <ele>272.48</ele>
        <time>2018-03-25T11:57:44Z</time>
      </trkpt>
      <trkpt lat="49.33324" lon="6.6117">
        <ele>271.597</ele>
        <time>2018-03-25T11:57:54Z</time>
      </trkpt>
      <trkpt lat="49.33311" lon="6.61169">
        <ele>270.546</ele>
        <time>2018-03-25T11:58:04Z</time>
      </trkpt>
      <trkpt lat="49.33298" lon="6.61167">
        <ele>269.761</ele>
        <time>2018-03-25T11:58:14Z</time>
      </trkpt>
      <trkpt lat="49.33285" lon="6.61166">
        <ele>269.194</ele>
        <time>2018-03-25T11:58:24Z</time>
      </trkpt>
      <trkpt lat="49.33272" lon="6.61163">
        <ele>268.017</ele>
        <time>2018-03-25T11:58:34Z</time>
      </trkpt>
      <trkpt lat="49.3326" lon="6.61162">
        <ele>266.269</ele>
        <time>2018-03-25T11:58:44Z</time>
      </trkpt>
      <trkpt lat="49.33247" lon="6.61159">
        <ele>265.048</ele>
        <time>2018-03-25T11:58:54Z</time>
      </trkpt>
      <trkpt lat="49.33233" lon="6.61158">
        <ele>265.227</ele>
        <time>2018-03-25T11:59:04Z</time>
      </trkpt>
      <trkpt lat="49.33219" lon="6.61156">
        <ele>265.452</ele>
        <time>2018-03-25T11:59:14Z</time>
      </trkpt>
      <trkpt lat="49.33206" lon="6.61154">
        <ele>265.997</ele>
        <time>2018-03-25T11:59:24Z</time>
      </trkpt>
      <trkpt lat="49.33194" lon="6.61152">
        <ele>266.427</ele>
        <time>2018-03-25T11:59:34Z</time>
      </trkpt>
      <trkpt lat="49.3318" lon="6.61152">
        <ele>266.416</ele>
        <time>2018-03-25T11:59:44Z</time>
      </trkpt>
      <trkpt lat="49.33166" lon="6.61152">
        <ele>266.314</ele>
        <time>2018-03-25T11:59:54Z</time>
      </trkpt>
      <trkpt lat="49.33153" lon="6.6115">
        <ele>265.373</ele>
        <time>2018-03-25T12:00:04Z</time>
      </trkpt>
      <trkpt lat="49.33142" lon="6.61149">
        <ele>264.565</ele>
        <time>2018-03-25T12:00:14Z</time>
      </trkpt>
      <trkpt lat="49.33129" lon="6.61148">
        <ele>263.508</ele>
        <time>2018-03-25T12:00:24Z</time>
      </trkpt>
      <trkpt lat="49.33115" lon="6.61147">
        <ele>262.241</ele>
        <time>2018-03-25T12:00:34Z</time>
      </trkpt>
      <trkpt lat="49.33104" lon="6.61145">
        <ele>260.934</ele>
        <time>2018-03-25T12:00:44Z</time>
      </trkpt>
      <trkpt lat="49.33091" lon="6.61144">
        <ele>259.463</ele>
        <time>2018-03-25T12:00:54Z</time>
      </trkpt>
      <trkpt lat="49.33077" lon="6.61143">
        <ele>259.007</ele>
        <time>2018-03-25T12:01:04Z</time>
      </trkpt>
      <trkpt lat="49.33063" lon="6.6114">
        <ele>259.597</ele>
        <time>2018-03-25T12:01:14Z</time>
      </trkpt>
      <trkpt lat="49.3305" lon="6.61136">
        <ele>259.973</ele>
        <time>2018-03-25T12:01:24Z</time>
      </trkpt>
      <trkpt lat="49.33039" lon="6.61131">
        <ele>259.893</ele>
        <time>2018-03-25T12:01:34Z</time>
      </trkpt>
      <trkpt lat="49.33026" lon="6.61125">
        <ele>259.701</ele>
        <time>2018-03-25T12:01:44Z</time>
      </trkpt>
      <trkpt lat="49.33013" lon="6.61118">
        <ele>260.782</ele>
        <time>2018-03-25T12:01:54Z</time>
      </trkpt>
      <trkpt lat="49.33001" lon="6.61111">
        <ele>261.937</ele>
        <time>2018-03-25T12:02:04Z</time>
      </trkpt>
      <trkpt lat="49.32989" lon="6.61104">
        <ele>261.655</ele>
        <time>2018-03-25T12:02:14Z</time>
      </trkpt>
      <trkpt lat="49.32978" lon="6.61097">
        <ele>261.507</ele>
        <time>2018-03-25T12:02:24Z</time>
      </trkpt>
      <trkpt lat="49.32966" lon="6.61086">
        <ele>261.553</ele>
        <time>2018-03-25T12:02:34Z</time>
      </trkpt>
      <trkpt lat="49.32955" lon="6.61074">
        <ele>262.205</ele>
        <time>2018-03-25T12:02:44Z</time>
      </trkpt>
      <trkpt lat="49.32947" lon="6.61062">
        <ele>262.338</ele>
        <time>2018-03-25T12:02:54Z</time>
      </trkpt>
      <trkpt lat="49.32938" lon="6.6105">
        <ele>261.717</ele>
        <time>2018-03-25T12:03:04Z</time>
      </trkpt>
      <trkpt lat="49.32928" lon="6.61036">
        <ele>260.912</ele>
        <time>2018-03-25T12:03:14Z</time>
      </trkpt>
      <trkpt lat="49.3292" lon="6.61024">
        <ele>260.19</ele>
        <time>2018-03-25T12:03:24Z</time>
      </trkpt>
      <trkpt lat="49.32908" lon="6.61011">
        <ele>258.494</ele>
        <time>2018-03-25T12:03:34Z</time>
      </trkpt>
      <trkpt lat="49.32898" lon="6.60997">
        <ele>257.309</ele>
        <time>2018-03-25T12:03:44Z</time>
      </trkpt>
      <trkpt lat="49.32889" lon="6.60986">
        <ele>256.454</ele>
        <time>2018-03-25T12:03:54Z</time>
      </trkpt>
      <trkpt lat="49.32878" lon="6.60975">
        <ele>255.28</ele>
        <time>2018-03-25T12:04:04Z</time>
      </trkpt>
      <trkpt lat="49.32867" lon="6.60966">
        <ele>254.79</ele>
        <time>2018-03-25T12:04:14Z</time>
      </trkpt>
      <trkpt lat="49.32855" lon="6.60957">
        <ele>254.534</ele>
        <time>2018-03-25T12:04:24Z</time>
      </trkpt>
      <trkpt lat="49.32842" lon="6.60947">
        <ele>254.162</ele>
        <time>2018-03-25T12:04:34Z</time>
      </trkpt>
      <trkpt lat="49.32828" lon="6.6094">
        <ele>253.495</ele>
        <time>2018-03-25T12:04:44Z</time>
      </trkpt>
      <trkpt lat="49.32818" lon="6.60934">
        <ele>252.649</ele>
        <time>2018-03-25T12:04:54Z</time>
      </trkpt>
      <trkpt lat="49.32808" lon="6.60928">
        <ele>251.872</ele>
        <time>2018-03-25T12:05:04Z</time>
      </trkpt>
      <trkpt lat="49.32796" lon="6.60922">
        <ele>251.094</ele>
        <time>2018-03-25T12:05:14Z</time>
      </trkpt>
      <trkpt lat="49.32783" lon="6.60914">
        <ele>249.85</ele>
        <time>2018-03-25T12:05:24Z</time>
      </trkpt>
      <trkpt lat="49.32768" lon="6.60904">
        <ele>249.115</ele>
        <time>2018-03-25T12:05:34Z</time>
      </trkpt>
      <trkpt lat="49.32754" lon="6.60894">
        <ele>249.09</ele>
        <time>2018-03-25T12:05:44Z</time>
      </trkpt>
      <trkpt lat="49.32739" lon="6.60886">
        <ele>248.611</ele>
        <time>2018-03-25T12:05:54Z</time>
      </trkpt>
      <trkpt lat="49.32728" lon="6.60877">
        <ele>247.667</ele>
        <time>2018-03-25T12:06:04Z</time>
      </trkpt>
      <trkpt lat="49.32717" lon="6.60869">
        <ele>247.058</ele>
        <time>2018-03-25T12:06:14Z</time>
      </trkpt>
      <trkpt lat="49.32706" lon="6.6086">
        <ele>246.496</ele>
        <time>2018-03-25T12:06:24Z</time>
      </trkpt>
      <trkpt lat="49.32694" lon="6.60854">
        <ele>246.208</ele>
        <time>2018-03-25T12:06:34Z</time>
      </trkpt>
      <trkpt lat="49.32681" lon="6.60847">
        <ele>245.902</ele>
        <time>2018-03-25T12:06:44Z</time>
      </trkpt>
      <trkpt lat="49.32668" lon="6.60839">
        <ele>245.532</ele>
        <time>2018-03-25T12:06:54Z</time>
      </trkpt>
      <trkpt lat="49.32658" lon="6.60828">
        <ele>243.622</ele>
        <time>2018-03-25T12:07:04Z</time>
      </trkpt>
      <trkpt lat="49.32654" lon="6.60815">
        <ele>241.704</ele>
        <time>2018-03-25T12:07:14Z</time>
      </trkpt>
      <trkpt lat="49.32651" lon="6.60798">
        <ele>239.906</ele>
        <time>2018-03-25T12:07:24Z</time>
      </trkpt>
      <trkpt lat="49.32649" lon="6.6078">
        <ele>238.513</ele>
        <time>2018-03-25T12:07:34Z</time>
      </trkpt>
      <trkpt lat="49.32646" lon="6.60762">
        <ele>236.822</ele>
        <time>2018-03-25T12:07:44Z</time>
      </trkpt>
      <trkpt lat="49.32644" lon="6.60741">
        <ele>235.14</ele>
        <time>2018-03-25T12:07:54Z</time>
      </trkpt>
      <trkpt lat="49.32642" lon="6.60722">
        <ele>233.75</ele>
        <time>2018-03-25T12:08:04Z</time>
      </trkpt>
      <trkpt lat="49.32637" lon="6.60703">
        <ele>231.863</ele>
        <time>2018-03-25T12:08:14Z</time>
      </trkpt>
      <trkpt lat="49.32632" lon="6.60686">
        <ele>229.736</ele>
        <time>2018-03-25T12:08:24Z</time>
      </trkpt>
      <trkpt lat="49.32626" lon="6.60672">
        <ele>228.003</ele>
        <time>2018-03-25T12:08:34Z</time>
      </trkpt>
      <trkpt lat="49.32621" lon="6.60657">
        <ele>226.731</ele>
        <time>2018-03-25T12:08:44Z</time>
      </trkpt>
      <trkpt lat="49.32614" lon="6.60642">
        <ele>225.314</ele>
        <time>2018-03-25T12:08:54Z</time>
      </trkpt>
      <trkpt lat="49.32605" lon="6.60625">
        <ele>223.291</ele>
        <time>2018-03-25T12:09:04Z</time>
      </trkpt>
      <trkpt lat="49.32594" lon="6.6061">
        <ele>221.88</ele>
        <time>2018-03-25T12:09:14Z</time>
      </trkpt>
      <trkpt lat="49.32586" lon="6.606">
        <ele>220.757</ele>
        <time>2018-03-25T12:09:24Z</time>
      </trkpt>
      <trkpt lat="49.32576" lon="6.60588">
        <ele>219.876</ele>
        <time>2018-03-25T12:09:34Z</time>
      </trkpt>
      <trkpt lat="49.32562" lon="6.6058">
        <ele>220.207</ele>
        <time>2018-03-25T12:09:44Z</time>
      </trkpt>
      <trkpt lat="49.32549" lon="6.60576">
        <ele>220.239</ele>
        <time>2018-03-25T12:09:54Z</time>
      </trkpt>
      <trkpt lat="49.32538" lon="6.60573">
        <ele>220.107</ele>
        <time>2018-03-25T12:10:04Z</time>
      </trkpt>
      <trkpt lat="49.32526" lon="6.60569">
        <ele>220.032</ele>
        <time>2018-03-25T12:10:14Z</time>
      </trkpt>
      <trkpt lat="49.32516" lon="6.60562">
        <ele>219.899</ele>
        <time>2018-03-25T12:10:24Z</time>
      </trkpt>
      <trkpt lat="49.32507" lon="6.60556">
        <ele>219.756</ele>
        <time>2018-03-25T12:10:34Z</time>
      </trkpt>
      <trkpt lat="49.32497" lon="6.60549">
        <ele>219.119</ele>
        <time>2018-03-25T12:10:44Z</time>
      </trkpt>
      <trkpt lat="49.32492" lon="6.60546">
        <ele>218.533</ele>
        <time>2018-03-25T12:10:54Z</time>
      </trkpt>
      <trkpt lat="49.3248" lon="6.60541">
        <ele>217.718</ele>
        <time>2018-03-25T12:11:04Z</time>
      </trkpt>
      <trkpt lat="49.32466" lon="6.60537">
        <ele>217.256</ele>
        <time>2018-03-25T12:11:14Z</time>
      </trkpt>
      <trkpt lat="49.32452" lon="6.60536">
        <ele>217.079</ele>
        <time>2018-03-25T12:11:24Z</time>
      </trkpt>
      <trkpt lat="49.3244" lon="6.60536">
        <ele>216.603</ele>
        <time>2018-03-25T12:11:34Z</time>
      </trkpt>
      <trkpt lat="49.32429" lon="6.60538">
        <ele>215.774</ele>
        <time>2018-03-25T12:11:44Z</time>
      </trkpt>
      <trkpt lat="49.32417" lon="6.6054">
        <ele>214.912</ele>
        <time>2018-03-25T12:11:54Z</time>
      </trkpt>
      <trkpt lat="49.32404" lon="6.60544">
        <ele>213.25</ele>
        <time>2018-03-25T12:12:04Z</time>
      </trkpt>
      <trkpt lat="49.32393" lon="6.60548">
        <ele>212.041</ele>
        <time>2018-03-25T12:12:14Z</time>
      </trkpt>
      <trkpt lat="49.32381" lon="6.60552">
        <ele>210.984</ele>
        <time>2018-03-25T12:12:24Z</time>
      </trkpt>
      <trkpt lat="49.3237" lon="6.60549">
        <ele>209.814</ele>
        <time>2018-03-25T12:12:34Z</time>
      </trkpt>
      <trkpt lat="49.32359" lon="6.60546">
        <ele>209</ele>
        <time>2018-03-25T12:12:44Z</time>
      </trkpt>
      <trkpt lat="49.32349" lon="6.60535">
        <ele>209</ele>
        <time>2018-03-25T12:12:54Z</time>
      </trkpt>
      <trkpt lat="49.32343" lon="6.60521">
        <ele>208.842</ele>
        <time>2018-03-25T12:13:04Z</time>
      </trkpt>
      <trkpt lat="49.32338" lon="6.60504">
        <ele>208.285</ele>
        <time>2018-03-25T12:13:14Z</time>
      </trkpt>
      <trkpt lat="49.32333" lon="6.60487">
        <ele>208.459</ele>
        <time>2018-03-25T12:13:24Z</time>
      </trkpt>
      <trkpt lat="49.32331" lon="6.60469">
        <ele>208.829</ele>
        <time>2018-03-25T12:13:34Z</time>
      </trkpt>
      <trkpt lat="49.3233" lon="6.6045">
        <ele>208.871</ele>
        <time>2018-03-25T12:13:44Z</time>
      </trkpt>
      <trkpt lat="49.3233" lon="6.6043">
        <ele>208.894</ele>
        <time>2018-03-25T12:13:54Z</time>
      </trkpt>
      <trkpt lat="49.32331" lon="6.60414">
        <ele>208.828</ele>
        <time>2018-03-25T12:14:04Z</time>
      </trkpt>
      <trkpt lat="49.32334" lon="6.60397">
        <ele>208.281</ele>
        <time>2018-03-25T12:14:14Z</time>
      </trkpt>
      <trkpt lat="49.32338" lon="6.60381">
        <ele>207.955</ele>
        <time>2018-03-25T12:14:24Z</time>
      </trkpt>
      <trkpt lat="49.32338" lon="6.60361">
        <ele>207.799</ele>
        <time>2018-03-25T12:14:34Z</time>
      </trkpt>
      <trkpt lat="49.32336" lon="6.60337">
        <ele>207.036</ele>
        <time>2018-03-25T12:14:44Z</time>
      </trkpt>
      <trkpt lat="49.32332" lon="6.60319">
        <ele>206.521</ele>
        <time>2018-03-25T12:14:54Z</time>
      </trkpt>
      <trkpt lat="49.3233" lon="6.60301">
        <ele>205.931</ele>
        <time>2018-03-25T12:15:04Z</time>
      </trkpt>
      <trkpt lat="49.32326" lon="6.60281">
        <ele>205.156</ele>
        <time>2018-03-25T12:15:14Z</time>
      </trkpt>
      <trkpt lat="49.3232" lon="6.60263">
        <ele>204.757</ele>
        <time>2018-03-25T12:15:24Z</time>
      </trkpt>
      <trkpt lat="49.32313" lon="6.60247">
        <ele>204.34</ele>
        <time>2018-03-25T12:15:34Z</time>
      </trkpt>
      <trkpt lat="49.32309" lon="6.6023">
        <ele>204.747</ele>
        <time>2018-03-25T12:15:44Z</time>
      </trkpt>
      <trkpt lat="49.32313" lon="6.60218">
        <ele>205.402</ele>
        <time>2018-03-25T12:15:54Z</time>
      </trkpt>
      <trkpt lat="49.32319" lon="6.60208">
        <ele>206.726</ele>
        <time>2018-03-25T12:16:04Z</time>
      </trkpt>
      <trkpt lat="49.32318" lon="6.60197">
        <ele>208.046</ele>
        <time>2018-03-25T12:16:14Z</time>
      </trkpt>
      <trkpt lat="49.32318" lon="6.60189">
        <ele>209.257</ele>
        <time>2018-03-25T12:16:24Z</time>
      </trkpt>
      <trkpt lat="49.32321" lon="6.60174">
        <ele>211.984</ele>
        <time>2018-03-25T12:16:34Z</time>
      </trkpt>
      <trkpt lat="49.32321" lon="6.60166">
        <ele>213.286</ele>
        <time>2018-03-25T12:16:44Z</time>
      </trkpt>
      <trkpt lat="49.3232" lon="6.60159">
        <ele>214.064</ele>
        <time>2018-03-25T12:16:54Z</time>
      </trkpt>
      <trkpt lat="49.32322" lon="6.60148">
        <ele>215.586</ele>
        <time>2018-03-25T12:17:04Z</time>
      </trkpt>
      <trkpt lat="49.32328" lon="6.60138">
        <ele>217.505</ele>
        <time>2018-03-25T12:17:14Z</time>
      </trkpt>
      <trkpt lat="49.32331" lon="6.60132">
        <ele>218.009</ele>
        <time>2018-03-25T12:17:24Z</time>
      </trkpt>
      <trkpt lat="49.3233" lon="6.60128">
        <ele>218.086</ele>
        <time>2018-03-25T12:19:28Z</time>
      </trkpt>
      <trkpt lat="49.32328" lon="6.60121">
        <ele>218.183</ele>
        <time>2018-03-25T12:19:38Z</time>
      </trkpt>
      <trkpt lat="49.32327" lon="6.6012">
        <ele>218.13</ele>
        <time>2018-03-25T12:21:08Z</time>
      </trkpt>
      <trkpt lat="49.3232" lon="6.6011">
        <ele>218.158</ele>
        <time>2018-03-25T12:21:18Z</time>
      </trkpt>
      <trkpt lat="49.32313" lon="6.60099">
        <ele>219.163</ele>
        <time>2018-03-25T12:21:28Z</time>
      </trkpt>
      <trkpt lat="49.32309" lon="6.60091">
        <ele>220.073</ele>
        <time>2018-03-25T12:21:38Z</time>
      </trkpt>
      <trkpt lat="49.32309" lon="6.60084">
        <ele>221.101</ele>
        <time>2018-03-25T12:21:48Z</time>
      </trkpt>
      <trkpt lat="49.32312" lon="6.60082">
        <ele>221.37</ele>
        <time>2018-03-25T12:21:58Z</time>
      </trkpt>
      <trkpt lat="49.32319" lon="6.60077">
        <ele>222.173</ele>
        <time>2018-03-25T12:22:08Z</time>
      </trkpt>
      <trkpt lat="49.32328" lon="6.60066">
        <ele>223.28</ele>
        <time>2018-03-25T12:22:18Z</time>
      </trkpt>
      <trkpt lat="49.32338" lon="6.6006">
        <ele>224.103</ele>
        <time>2018-03-25T12:22:28Z</time>
      </trkpt>
      <trkpt lat="49.32349" lon="6.60055">
        <ele>225.736</ele>
        <time>2018-03-25T12:22:38Z</time>
      </trkpt>
      <trkpt lat="49.32357" lon="6.60052">
        <ele>227.013</ele>
        <time>2018-03-25T12:22:48Z</time>
      </trkpt>
      <trkpt lat="49.32367" lon="6.6005">
        <ele>227.762</ele>
        <time>2018-03-25T12:22:58Z</time>
      </trkpt>
      <trkpt lat="49.32377" lon="6.60046">
        <ele>228.581</ele>
        <time>2018-03-25T12:23:08Z</time>
      </trkpt>
      <trkpt lat="49.32387" lon="6.60043">
        <ele>229.616</ele>
        <time>2018-03-25T12:23:18Z</time>
      </trkpt>
      <trkpt lat="49.32398" lon="6.6004">
        <ele>230.883</ele>
        <time>2018-03-25T12:23:28Z</time>
      </trkpt>
      <trkpt lat="49.32409" lon="6.60034">
        <ele>232.129</ele>
        <time>2018-03-25T12:23:38Z</time>
      </trkpt>
      <trkpt lat="49.32417" lon="6.60025">
        <ele>233.268</ele>
        <time>2018-03-25T12:23:48Z</time>
      </trkpt>
      <trkpt lat="49.32426" lon="6.6002">
        <ele>234.028</ele>
        <time>2018-03-25T12:23:58Z</time>
      </trkpt>
      <trkpt lat="49.32436" lon="6.60014">
        <ele>235.246</ele>
        <time>2018-03-25T12:24:08Z</time>
      </trkpt>
      <trkpt lat="49.32447" lon="6.60006">
        <ele>236.913</ele>
        <time>2018-03-25T12:24:18Z</time>
      </trkpt>
      <trkpt lat="49.32456" lon="6.59997">
        <ele>238.115</ele>
        <time>2018-03-25T12:24:28Z</time>
      </trkpt>
      <trkpt lat="49.32463" lon="6.59986">
        <ele>239.61</ele>
        <time>2018-03-25T12:24:38Z</time>
      </trkpt>
      <trkpt lat="49.32471" lon="6.59975">
        <ele>241.452</ele>
        <time>2018-03-25T12:24:48Z</time>
      </trkpt>
      <trkpt lat="49.32475" lon="6.59961">
        <ele>243.447</ele>
        <time>2018-03-25T12:24:58Z</time>
      </trkpt>
      <trkpt lat="49.32478" lon="6.59946">
        <ele>245.602</ele>
        <time>2018-03-25T12:25:08Z</time>
      </trkpt>
      <trkpt lat="49.32477" lon="6.5993">
        <ele>247.03</ele>
        <time>2018-03-25T12:25:18Z</time>
      </trkpt>
      <trkpt lat="49.32471" lon="6.59912">
        <ele>248.343</ele>
        <time>2018-03-25T12:25:28Z</time>
      </trkpt>
      <trkpt lat="49.32462" lon="6.59902">
        <ele>249.042</ele>
        <time>2018-03-25T12:25:38Z</time>
      </trkpt>
      <trkpt lat="49.32453" lon="6.59896">
        <ele>249.488</ele>
        <time>2018-03-25T12:25:48Z</time>
      </trkpt>
      <trkpt lat="49.32443" lon="6.59887">
        <ele>250.116</ele>
        <time>2018-03-25T12:25:58Z</time>
      </trkpt>
      <trkpt lat="49.32434" lon="6.59877">
        <ele>250.99</ele>
        <time>2018-03-25T12:26:08Z</time>
      </trkpt>
      <trkpt lat="49.32427" lon="6.59868">
        <ele>251.895</ele>
        <time>2018-03-25T12:26:18Z</time>
      </trkpt>
      <trkpt lat="49.3242" lon="6.59859">
        <ele>252.934</ele>
        <time>2018-03-25T12:26:28Z</time>
      </trkpt>
      <trkpt lat="49.32413" lon="6.59846">
        <ele>253.942</ele>
        <time>2018-03-25T12:26:38Z</time>
      </trkpt>
      <trkpt lat="49.32407" lon="6.59833">
        <ele>254.668</ele>
        <time>2018-03-25T12:26:48Z</time>
      </trkpt>
      <trkpt lat="49.32401" lon="6.59823">
        <ele>255.018</ele>
        <time>2018-03-25T12:26:58Z</time>
      </trkpt>
      <trkpt lat="49.32393" lon="6.59813">
        <ele>255.512</ele>
        <time>2018-03-25T12:27:08Z</time>
      </trkpt>
      <trkpt lat="49.32385" lon="6.59801">
        <ele>256.476</ele>
        <time>2018-03-25T12:27:18Z</time>
      </trkpt>
      <trkpt lat="49.32376" lon="6.59792">
        <ele>257.816</ele>
        <time>2018-03-25T12:27:28Z</time>
      </trkpt>
      <trkpt lat="49.32368" lon="6.59783">
        <ele>259.559</ele>
        <time>2018-03-25T12:27:38Z</time>
      </trkpt>
      <trkpt lat="49.32358" lon="6.59773">
        <ele>261.844</ele>
        <time>2018-03-25T12:27:48Z</time>
      </trkpt>
      <trkpt lat="49.32348" lon="6.59764">
        <ele>263.592</ele>
        <time>2018-03-25T12:27:58Z</time>
      </trkpt>
      <trkpt lat="49.32338" lon="6.59757">
        <ele>264.753</ele>
        <time>2018-03-25T12:28:08Z</time>
      </trkpt>
      <trkpt lat="49.32328" lon="6.59749">
        <ele>265.673</ele>
        <time>2018-03-25T12:28:18Z</time>
      </trkpt>
      <trkpt lat="49.32321" lon="6.59741">
        <ele>266.854</ele>
        <time>2018-03-25T12:28:28Z</time>
      </trkpt>
      <trkpt lat="49.32313" lon="6.59733">
        <ele>267.924</ele>
        <time>2018-03-25T12:28:38Z</time>
      </trkpt>
      <trkpt lat="49.32305" lon="6.59724">
        <ele>268.94</ele>
        <time>2018-03-25T12:28:48Z</time>
      </trkpt>
      <trkpt lat="49.32297" lon="6.59714">
        <ele>269.682</ele>
        <time>2018-03-25T12:28:58Z</time>
      </trkpt>
      <trkpt lat="49.32288" lon="6.59704">
        <ele>270.729</ele>
        <time>2018-03-25T12:29:08Z</time>
      </trkpt>
      <trkpt lat="49.32279" lon="6.59693">
        <ele>272.078</ele>
        <time>2018-03-25T12:29:18Z</time>
      </trkpt>
      <trkpt lat="49.3227" lon="6.59679">
        <ele>272.81</ele>
        <time>2018-03-25T12:29:28Z</time>
      </trkpt>
      <trkpt lat="49.3226" lon="6.59665">
        <ele>273.487</ele>
        <time>2018-03-25T12:29:38Z</time>
      </trkpt>
      <trkpt lat="49.32253" lon="6.59656">
        <ele>274.233</ele>
        <time>2018-03-25T12:29:48Z</time>
      </trkpt>
      <trkpt lat="49.32247" lon="6.59644">
        <ele>275.531</ele>
        <time>2018-03-25T12:29:58Z</time>
      </trkpt>
      <trkpt lat="49.32242" lon="6.59632">
        <ele>276.773</ele>
        <time>2018-03-25T12:30:08Z</time>
      </trkpt>
      <trkpt lat="49.32239" lon="6.59616">
        <ele>278.087</ele>
        <time>2018-03-25T12:30:18Z</time>
      </trkpt>
      <trkpt lat="49.32235" lon="6.59599">
        <ele>279.606</ele>
        <time>2018-03-25T12:30:28Z</time>
      </trkpt>
      <trkpt lat="49.32233" lon="6.59592">
        <ele>280.235</ele>
        <time>2018-03-25T12:30:38Z</time>
      </trkpt>
      <trkpt lat="49.3223" lon="6.59579">
        <ele>281.551</ele>
        <time>2018-03-25T12:30:48Z</time>
      </trkpt>
      <trkpt lat="49.32226" lon="6.59565">
        <ele>283.475</ele>
        <time>2018-03-25T12:30:58Z</time>
      </trkpt>
      <trkpt lat="49.32223" lon="6.59549">
        <ele>285.611</ele>
        <time>2018-03-25T12:31:08Z</time>
      </trkpt>
      <trkpt lat="49.32217" lon="6.59534">
        <ele>287.384</ele>
        <time>2018-03-25T12:31:18Z</time>
      </trkpt>
      <trkpt lat="49.32213" lon="6.59517">
        <ele>288.399</ele>
        <time>2018-03-25T12:31:28Z</time>
      </trkpt>
      <trkpt lat="49.32208" lon="6.59501">
        <ele>288.975</ele>
        <time>2018-03-25T12:31:38Z</time>
      </trkpt>
      <trkpt lat="49.32205" lon="6.59482">
        <ele>289.423</ele>
        <time>2018-03-25T12:31:48Z</time>
      </trkpt>
      <trkpt lat="49.322" lon="6.59464">
        <ele>289.5</ele>
        <time>2018-03-25T12:31:58Z</time>
      </trkpt>
      <trkpt lat="49.32196" lon="6.59449">
        <ele>289.119</ele>
        <time>2018-03-25T12:32:08Z</time>
      </trkpt>
      <trkpt lat="49.32192" lon="6.59433">
        <ele>289.533</ele>
        <time>2018-03-25T12:32:18Z</time>
      </trkpt>
      <trkpt lat="49.32187" lon="6.59419">
        <ele>290.402</ele>
        <time>2018-03-25T12:32:28Z</time>
      </trkpt>
      <trkpt lat="49.32182" lon="6.59403">
        <ele>291.158</ele>
        <time>2018-03-25T12:32:38Z</time>
      </trkpt>
      <trkpt lat="49.32178" lon="6.59389">
        <ele>291.576</ele>
        <time>2018-03-25T12:32:48Z</time>
      </trkpt>
      <trkpt lat="49.32175" lon="6.59376">
        <ele>291.707</ele>
        <time>2018-03-25T12:32:58Z</time>
      </trkpt>
      <trkpt lat="49.32171" lon="6.59364">
        <ele>291.83</ele>
        <time>2018-03-25T12:33:08Z</time>
      </trkpt>
      <trkpt lat="49.32166" lon="6.5935">
        <ele>292.01</ele>
        <time>2018-03-25T12:33:18Z</time>
      </trkpt>
      <trkpt lat="49.32162" lon="6.59334">
        <ele>292.179</ele>
        <time>2018-03-25T12:33:28Z</time>
      </trkpt>
      <trkpt lat="49.32157" lon="6.59316">
        <ele>292.976</ele>
        <time>2018-03-25T12:33:38Z</time>
      </trkpt>
      <trkpt lat="49.32152" lon="6.59297">
        <ele>293.694</ele>
        <time>2018-03-25T12:33:48Z</time>
      </trkpt>
      <trkpt lat="49.32146" lon="6.5928">
        <ele>294.408</ele>
        <time>2018-03-25T12:33:58Z</time>
      </trkpt>
      <trkpt lat="49.32139" lon="6.59265">
        <ele>295.005</ele>
        <time>2018-03-25T12:34:08Z</time>
      </trkpt>
      <trkpt lat="49.32131" lon="6.59251">
        <ele>295.543</ele>
        <time>2018-03-25T12:34:18Z</time>
      </trkpt>
      <trkpt lat="49.32123" lon="6.59236">
        <ele>296.437</ele>
        <time>2018-03-25T12:34:28Z</time>
      </trkpt>
      <trkpt lat="49.32115" lon="6.59223">
        <ele>297.613</ele>
        <time>2018-03-25T12:34:38Z</time>
      </trkpt>
      <trkpt lat="49.32105" lon="6.59209">
        <ele>298.102</ele>
        <time>2018-03-25T12:34:48Z</time>
      </trkpt>
      <trkpt lat="49.32096" lon="6.59195">
        <ele>298.534</ele>
        <time>2018-03-25T12:34:58Z</time>
      </trkpt>
      <trkpt lat="49.32087" lon="6.59181">
        <ele>298.453</ele>
        <time>2018-03-25T12:35:08Z</time>
      </trkpt>
      <trkpt lat="49.32079" lon="6.59168">
        <ele>298.028</ele>
        <time>2018-03-25T12:35:18Z</time>
      </trkpt>
      <trkpt lat="49.32072" lon="6.59156">
        <ele>297.772</ele>
        <time>2018-03-25T12:35:28Z</time>
      </trkpt>
      <trkpt lat="49.32062" lon="6.59144">
        <ele>297.806</ele>
        <time>2018-03-25T12:35:38Z</time>
      </trkpt>
      <trkpt lat="49.32054" lon="6.5913">
        <ele>298.07</ele>
        <time>2018-03-25T12:35:48Z</time>
      </trkpt>
      <trkpt lat="49.32049" lon="6.5912">
        <ele>298.417</ele>
        <time>2018-03-25T12:35:58Z</time>
      </trkpt>
      <trkpt lat="49.32048" lon="6.59119">
        <ele>298.452</ele>
        <time>2018-03-25T12:40:07Z</time>
      </trkpt>
      <trkpt lat="49.32055" lon="6.5911">
        <ele>298.058</ele>
        <time>2018-03-25T12:40:17Z</time>
      </trkpt>
      <trkpt lat="49.3206" lon="6.59105">
        <ele>298.085</ele>
        <time>2018-03-25T12:40:27Z</time>
      </trkpt>
      <trkpt lat="49.32068" lon="6.59095">
        <ele>298.118</ele>
        <time>2018-03-25T12:40:37Z</time>
      </trkpt>
      <trkpt lat="49.32079" lon="6.59084">
        <ele>298.157</ele>
        <time>2018-03-25T12:40:47Z</time>
      </trkpt>
      <trkpt lat="49.32088" lon="6.59071">
        <ele>298.254</ele>
        <time>2018-03-25T12:40:57Z</time>
      </trkpt>
      <trkpt lat="49.32098" lon="6.5906">
        <ele>298.301</ele>
        <time>2018-03-25T12:41:07Z</time>
      </trkpt>
      <trkpt lat="49.32109" lon="6.59047">
        <ele>298.662</ele>
        <time>2018-03-25T12:41:17Z</time>
      </trkpt>
      <trkpt lat="49.32111" lon="6.59048">
        <ele>298.574</ele>
        <time>2018-03-25T12:41:28Z</time>
      </trkpt>
      <trkpt lat="49.32126" lon="6.59022">
        <ele>300.875</ele>
        <time>2018-03-25T12:41:38Z</time>
      </trkpt>
      <trkpt lat="49.32137" lon="6.59011">
        <ele>301.588</ele>
        <time>2018-03-25T12:41:48Z</time>
      </trkpt>
      <trkpt lat="49.32146" lon="6.58998">
        <ele>302.367</ele>
        <time>2018-03-25T12:41:58Z</time>
      </trkpt>
      <trkpt lat="49.32155" lon="6.58986">
        <ele>303.314</ele>
        <time>2018-03-25T12:42:08Z</time>
      </trkpt>
      <trkpt lat="49.32164" lon="6.58975">
        <ele>303.893</ele>
        <time>2018-03-25T12:42:18Z</time>
      </trkpt>
      <trkpt lat="49.32172" lon="6.58964">
        <ele>304.499</ele>
        <time>2018-03-25T12:42:28Z</time>
      </trkpt>
      <trkpt lat="49.32182" lon="6.58954">
        <ele>305.208</ele>
        <time>2018-03-25T12:42:38Z</time>
      </trkpt>
      <trkpt lat="49.32191" lon="6.58942">
        <ele>305.882</ele>
        <time>2018-03-25T12:42:48Z</time>
      </trkpt>
      <trkpt lat="49.32201" lon="6.5893">
        <ele>305.535</ele>
        <time>2018-03-25T12:42:58Z</time>
      </trkpt>
      <trkpt lat="49.3221" lon="6.58918">
        <ele>304.902</ele>
        <time>2018-03-25T12:43:08Z</time>
      </trkpt>
      <trkpt lat="49.32215" lon="6.58911">
        <ele>304.32</ele>
        <time>2018-03-25T12:43:18Z</time>
      </trkpt>
      <trkpt lat="49.3222" lon="6.589">
        <ele>303.52</ele>
        <time>2018-03-25T12:43:28Z</time>
      </trkpt>
      <trkpt lat="49.32228" lon="6.58886">
        <ele>302.354</ele>
        <time>2018-03-25T12:43:38Z</time>
      </trkpt>
      <trkpt lat="49.32236" lon="6.58871">
        <ele>301.523</ele>
        <time>2018-03-25T12:43:48Z</time>
      </trkpt>
      <trkpt lat="49.32243" lon="6.58858">
        <ele>300.644</ele>
        <time>2018-03-25T12:43:58Z</time>
      </trkpt>
      <trkpt lat="49.3225" lon="6.58843">
        <ele>299.321</ele>
        <time>2018-03-25T12:44:08Z</time>
      </trkpt>
      <trkpt lat="49.32258" lon="6.58828">
        <ele>298.318</ele>
        <time>2018-03-25T12:44:18Z</time>
      </trkpt>
      <trkpt lat="49.32263" lon="6.58814">
        <ele>297.36</ele>
        <time>2018-03-25T12:44:28Z</time>
      </trkpt>
      <trkpt lat="49.32269" lon="6.58801">
        <ele>295.961</ele>
        <time>2018-03-25T12:44:38Z</time>
      </trkpt>
      <trkpt lat="49.32278" lon="6.5879">
        <ele>293.858</ele>
        <time>2018-03-25T12:44:48Z</time>
      </trkpt>
      <trkpt lat="49.32288" lon="6.5878">
        <ele>293.131</ele>
        <time>2018-03-25T12:44:58Z</time>
      </trkpt>
      <trkpt lat="49.32297" lon="6.58769">
        <ele>292.458</ele>
        <time>2018-03-25T12:45:08Z</time>
      </trkpt>
      <trkpt lat="49.32304" lon="6.58756">
        <ele>291.459</ele>
        <time>2018-03-25T12:45:18Z</time>
      </trkpt>
      <trkpt lat="49.32312" lon="6.58744">
        <ele>290.757</ele>
        <time>2018-03-25T12:45:28Z</time>
      </trkpt>
      <trkpt lat="49.32321" lon="6.58733">
        <ele>290.455</ele>
        <time>2018-03-25T12:45:38Z</time>
      </trkpt>
      <trkpt lat="49.32328" lon="6.58722">
        <ele>290.206</ele>
        <time>2018-03-25T12:45:48Z</time>
      </trkpt>
      <trkpt lat="49.32336" lon="6.5871">
        <ele>289.766</ele>
        <time>2018-03-25T12:45:58Z</time>
      </trkpt>
      <trkpt lat="49.32344" lon="6.58697">
        <ele>288.848</ele>
        <time>2018-03-25T12:46:08Z</time>
      </trkpt>
      <trkpt lat="49.32353" lon="6.58686">
        <ele>287.74</ele>
        <time>2018-03-25T12:46:18Z</time>
      </trkpt>
      <trkpt lat="49.3236" lon="6.58675">
        <ele>287.057</ele>
        <time>2018-03-25T12:46:28Z</time>
      </trkpt>
      <trkpt lat="49.3237" lon="6.58664">
        <ele>285.358</ele>
        <time>2018-03-25T12:46:38Z</time>
      </trkpt>
      <trkpt lat="49.32379" lon="6.58654">
        <ele>283.331</ele>
        <time>2018-03-25T12:46:48Z</time>
      </trkpt>
      <trkpt lat="49.32387" lon="6.58643">
        <ele>281.546</ele>
        <time>2018-03-25T12:46:58Z</time>
      </trkpt>
      <trkpt lat="49.32396" lon="6.58631">
        <ele>280.301</ele>
        <time>2018-03-25T12:47:08Z</time>
      </trkpt>
      <trkpt lat="49.32406" lon="6.58621">
        <ele>279.555</ele>
        <time>2018-03-25T12:47:18Z</time>
      </trkpt>
      <trkpt lat="49.32416" lon="6.5861">
        <ele>279.084</ele>
        <time>2018-03-25T12:47:28Z</time>
      </trkpt>
      <trkpt lat="49.32424" lon="6.58597">
        <ele>278.103</ele>
        <time>2018-03-25T12:47:38Z</time>
      </trkpt>
      <trkpt lat="49.32431" lon="6.58584">
        <ele>276.997</ele>
        <time>2018-03-25T12:47:48Z</time>
      </trkpt>
      <trkpt lat="49.32436" lon="6.58569">
        <ele>276.454</ele>
        <time>2018-03-25T12:47:58Z</time>
      </trkpt>
      <trkpt lat="49.32441" lon="6.5855">
        <ele>276.225</ele>
        <time>2018-03-25T12:48:08Z</time>
      </trkpt>
      <trkpt lat="49.32444" lon="6.58539">
        <ele>276.012</ele>
        <time>2018-03-25T12:48:18Z</time>
      </trkpt>
      <trkpt lat="49.32445" lon="6.58537">
        <ele>275.934</ele>
        <time>2018-03-25T12:48:32Z</time>
      </trkpt>
      <trkpt lat="49.32449" lon="6.58526">
        <ele>275.261</ele>
        <time>2018-03-25T12:48:42Z</time>
      </trkpt>
      <trkpt lat="49.32454" lon="6.58513">
        <ele>273.805</ele>
        <time>2018-03-25T12:48:52Z</time>
      </trkpt>
      <trkpt lat="49.32459" lon="6.58499">
        <ele>272.361</ele>
        <time>2018-03-25T12:49:02Z</time>
      </trkpt>
      <trkpt lat="49.32463" lon="6.58483">
        <ele>270.415</ele>
        <time>2018-03-25T12:49:12Z</time>
      </trkpt>
      <trkpt lat="49.32465" lon="6.58464">
        <ele>268.447</ele>
        <time>2018-03-25T12:49:22Z</time>
      </trkpt>
      <trkpt lat="49.32466" lon="6.58444">
        <ele>267.11</ele>
        <time>2018-03-25T12:49:32Z</time>
      </trkpt>
      <trkpt lat="49.32466" lon="6.58428">
        <ele>265.864</ele>
        <time>2018-03-25T12:49:42Z</time>
      </trkpt>
      <trkpt lat="49.32466" lon="6.58414">
        <ele>265.027</ele>
        <time>2018-03-25T12:49:52Z</time>
      </trkpt>
      <trkpt lat="49.32466" lon="6.58398">
        <ele>264.954</ele>
        <time>2018-03-25T12:50:02Z</time>
      </trkpt>
      <trkpt lat="49.32465" lon="6.58382">
        <ele>264.515</ele>
        <time>2018-03-25T12:50:12Z</time>
      </trkpt>
      <trkpt lat="49.32464" lon="6.58364">
        <ele>263.428</ele>
        <time>2018-03-25T12:50:22Z</time>
      </trkpt>
      <trkpt lat="49.32464" lon="6.58347">
        <ele>261.71</ele>
        <time>2018-03-25T12:50:32Z</time>
      </trkpt>
      <trkpt lat="49.32463" lon="6.58328">
        <ele>259.618</ele>
        <time>2018-03-25T12:50:42Z</time>
      </trkpt>
      <trkpt lat="49.32462" lon="6.58311">
        <ele>257.299</ele>
        <time>2018-03-25T12:50:52Z</time>
      </trkpt>
      <trkpt lat="49.32461" lon="6.58296">
        <ele>254.915</ele>
        <time>2018-03-25T12:51:02Z</time>
      </trkpt>
      <trkpt lat="49.32462" lon="6.5828">
        <ele>252.072</ele>
        <time>2018-03-25T12:51:12Z</time>
      </trkpt>
      <trkpt lat="49.32462" lon="6.58261">
        <ele>248.698</ele>
        <time>2018-03-25T12:51:22Z</time>
      </trkpt>
      <trkpt lat="49.32464" lon="6.58245">
        <ele>245.715</ele>
        <time>2018-03-25T12:51:32Z</time>
      </trkpt>
      <trkpt lat="49.32469" lon="6.5823">
        <ele>243.27</ele>
        <time>2018-03-25T12:51:42Z</time>
      </trkpt>
      <trkpt lat="49.32474" lon="6.58216">
        <ele>241.237</ele>
        <time>2018-03-25T12:51:52Z</time>
      </trkpt>
      <trkpt lat="49.32479" lon="6.58207">
        <ele>239.972</ele>
        <time>2018-03-25T12:52:02Z</time>
      </trkpt>
      <trkpt lat="49.32484" lon="6.58198">
        <ele>238.865</ele>
        <time>2018-03-25T12:52:12Z</time>
      </trkpt>
      <trkpt lat="49.32493" lon="6.58188">
        <ele>237.848</ele>
        <time>2018-03-25T12:52:22Z</time>
      </trkpt>
      <trkpt lat="49.32504" lon="6.58183">
        <ele>236.715</ele>
        <time>2018-03-25T12:52:32Z</time>
      </trkpt>
      <trkpt lat="49.32516" lon="6.58179">
        <ele>235.189</ele>
        <time>2018-03-25T12:52:42Z</time>
      </trkpt>
      <trkpt lat="49.32527" lon="6.58178">
        <ele>233.929</ele>
        <time>2018-03-25T12:52:52Z</time>
      </trkpt>
      <trkpt lat="49.32539" lon="6.58177">
        <ele>232.029</ele>
        <time>2018-03-25T12:53:02Z</time>
      </trkpt>
      <trkpt lat="49.32551" lon="6.58174">
        <ele>229.913</ele>
        <time>2018-03-25T12:53:12Z</time>
      </trkpt>
      <trkpt lat="49.32566" lon="6.58168">
        <ele>227.955</ele>
        <time>2018-03-25T12:53:22Z</time>
      </trkpt>
      <trkpt lat="49.32576" lon="6.58158">
        <ele>226.76</ele>
        <time>2018-03-25T12:53:32Z</time>
      </trkpt>
      <trkpt lat="49.32586" lon="6.58148">
        <ele>225.831</ele>
        <time>2018-03-25T12:53:42Z</time>
      </trkpt>
      <trkpt lat="49.32596" lon="6.58139">
        <ele>224.679</ele>
        <time>2018-03-25T12:53:52Z</time>
      </trkpt>
      <trkpt lat="49.32606" lon="6.58132">
        <ele>223.261</ele>
        <time>2018-03-25T12:54:02Z</time>
      </trkpt>
      <trkpt lat="49.32617" lon="6.58127">
        <ele>222.288</ele>
        <time>2018-03-25T12:54:12Z</time>
      </trkpt>
      <trkpt lat="49.32625" lon="6.5812">
        <ele>221.456</ele>
        <time>2018-03-25T12:54:22Z</time>
      </trkpt>
      <trkpt lat="49.32636" lon="6.58118">
        <ele>220.686</ele>
        <time>2018-03-25T12:54:32Z</time>
      </trkpt>
      <trkpt lat="49.32643" lon="6.58121">
        <ele>220.596</ele>
        <time>2018-03-25T12:54:42Z</time>
      </trkpt>
      <trkpt lat="49.32653" lon="6.5812">
        <ele>220.128</ele>
        <time>2018-03-25T12:54:52Z</time>
      </trkpt>
      <trkpt lat="49.32661" lon="6.58112">
        <ele>219.268</ele>
        <time>2018-03-25T12:55:02Z</time>
      </trkpt>
      <trkpt lat="49.32672" lon="6.58105">
        <ele>217.756</ele>
        <time>2018-03-25T12:55:12Z</time>
      </trkpt>
      <trkpt lat="49.32684" lon="6.58095">
        <ele>215.039</ele>
        <time>2018-03-25T12:55:22Z</time>
      </trkpt>
      <trkpt lat="49.3269" lon="6.58088">
        <ele>213.271</ele>
        <time>2018-03-25T12:55:32Z</time>
      </trkpt>
      <trkpt lat="49.32697" lon="6.5808">
        <ele>211.612</ele>
        <time>2018-03-25T12:55:42Z</time>
      </trkpt>
      <trkpt lat="49.32706" lon="6.5807">
        <ele>210.237</ele>
        <time>2018-03-25T12:55:52Z</time>
      </trkpt>
      <trkpt lat="49.32714" lon="6.58058">
        <ele>208.775</ele>
        <time>2018-03-25T12:56:02Z</time>
      </trkpt>
      <trkpt lat="49.32724" lon="6.58048">
        <ele>207.735</ele>
        <time>2018-03-25T12:56:12Z</time>
      </trkpt>
      <trkpt lat="49.32734" lon="6.58039">
        <ele>207.404</ele>
        <time>2018-03-25T12:56:22Z</time>
      </trkpt>
      <trkpt lat="49.32741" lon="6.58025">
        <ele>206.881</ele>
        <time>2018-03-25T12:56:32Z</time>
      </trkpt>
      <trkpt lat="49.32748" lon="6.58013">
        <ele>206.009</ele>
        <time>2018-03-25T12:56:42Z</time>
      </trkpt>
      <trkpt lat="49.32756" lon="6.58002">
        <ele>204.942</ele>
        <time>2018-03-25T12:56:52Z</time>
      </trkpt>
      <trkpt lat="49.32765" lon="6.5799">
        <ele>203.933</ele>
        <time>2018-03-25T12:57:02Z</time>
      </trkpt>
      <trkpt lat="49.3277" lon="6.57976">
        <ele>202.792</ele>
        <time>2018-03-25T12:57:12Z</time>
      </trkpt>
      <trkpt lat="49.32774" lon="6.5796">
        <ele>201.794</ele>
        <time>2018-03-25T12:57:22Z</time>
      </trkpt>
      <trkpt lat="49.32778" lon="6.57945">
        <ele>201.045</ele>
        <time>2018-03-25T12:57:32Z</time>
      </trkpt>
      <trkpt lat="49.3278" lon="6.57933">
        <ele>200.857</ele>
        <time>2018-03-25T12:57:42Z</time>
      </trkpt>
      <trkpt lat="49.32783" lon="6.5792">
        <ele>200.776</ele>
        <time>2018-03-25T12:57:52Z</time>
      </trkpt>
      <trkpt lat="49.32787" lon="6.57904">
        <ele>200.947</ele>
        <time>2018-03-25T12:58:02Z</time>
      </trkpt>
      <trkpt lat="49.32793" lon="6.57886">
        <ele>201.062</ele>
        <time>2018-03-25T12:58:12Z</time>
      </trkpt>
      <trkpt lat="49.32796" lon="6.57867">
        <ele>201.523</ele>
        <time>2018-03-25T12:58:22Z</time>
      </trkpt>
      <trkpt lat="49.32799" lon="6.57853">
        <ele>201.775</ele>
        <time>2018-03-25T12:58:32Z</time>
      </trkpt>
      <trkpt lat="49.32809" lon="6.57838">
        <ele>201.391</ele>
        <time>2018-03-25T12:58:42Z</time>
      </trkpt>
      <trkpt lat="49.32827" lon="6.57822">
        <ele>198.869</ele>
        <time>2018-03-25T12:58:52Z</time>
      </trkpt>
      <trkpt lat="49.3284" lon="6.57816">
        <ele>197.083</ele>
        <time>2018-03-25T12:59:02Z</time>
      </trkpt>
      <trkpt lat="49.32848" lon="6.57813">
        <ele>195.902</ele>
        <time>2018-03-25T12:59:12Z</time>
      </trkpt>
      <trkpt lat="49.32859" lon="6.57808">
        <ele>194.275</ele>
        <time>2018-03-25T12:59:22Z</time>
      </trkpt>
      <trkpt lat="49.32871" lon="6.57805">
        <ele>193.244</ele>
        <time>2018-03-25T12:59:32Z</time>
      </trkpt>
      <trkpt lat="49.32883" lon="6.578">
        <ele>192.354</ele>
        <time>2018-03-25T12:59:42Z</time>
      </trkpt>
      <trkpt lat="49.32895" lon="6.57793">
        <ele>192</ele>
        <time>2018-03-25T12:59:52Z</time>
      </trkpt>
      <trkpt lat="49.32907" lon="6.57786">
        <ele>192</ele>
        <time>2018-03-25T13:00:02Z</time>
      </trkpt>
      <trkpt lat="49.32918" lon="6.57777">
        <ele>191.968</ele>
        <time>2018-03-25T13:00:12Z</time>
      </trkpt>
      <trkpt lat="49.32928" lon="6.57763">
        <ele>191.475</ele>
        <time>2018-03-25T13:00:22Z</time>
      </trkpt>
      <trkpt lat="49.32935" lon="6.5775">
        <ele>191</ele>
        <time>2018-03-25T13:00:32Z</time>
      </trkpt>
      <trkpt lat="49.32948" lon="6.57738">
        <ele>190.943</ele>
        <time>2018-03-25T13:00:42Z</time>
      </trkpt>
      <trkpt lat="49.32957" lon="6.57722">
        <ele>190.565</ele>
        <time>2018-03-25T13:00:52Z</time>
      </trkpt>
      <trkpt lat="49.32963" lon="6.57706">
        <ele>190.142</ele>
        <time>2018-03-25T13:01:02Z</time>
      </trkpt>
      <trkpt lat="49.32967" lon="6.57688">
        <ele>190</ele>
        <time>2018-03-25T13:01:12Z</time>
      </trkpt>
      <trkpt lat="49.32969" lon="6.5767">
        <ele>190</ele>
        <time>2018-03-25T13:01:22Z</time>
      </trkpt>
      <trkpt lat="49.32968" lon="6.57651">
        <ele>189.422</ele>
        <time>2018-03-25T13:01:32Z</time>
      </trkpt>
      <trkpt lat="49.3297" lon="6.57631">
        <ele>188.432</ele>
        <time>2018-03-25T13:01:42Z</time>
      </trkpt>
      <trkpt lat="49.3297" lon="6.57612">
        <ele>187.064</ele>
        <time>2018-03-25T13:01:52Z</time>
      </trkpt>
      <trkpt lat="49.3297" lon="6.57595">
        <ele>186.944</ele>
        <time>2018-03-25T13:02:02Z</time>
      </trkpt>
      <trkpt lat="49.32964" lon="6.57576">
        <ele>186.77</ele>
        <time>2018-03-25T13:02:12Z</time>
      </trkpt>
      <trkpt lat="49.32959" lon="6.5756">
        <ele>186.916</ele>
        <time>2018-03-25T13:02:22Z</time>
      </trkpt>
      <trkpt lat="49.32953" lon="6.57541">
        <ele>187</ele>
        <time>2018-03-25T13:02:32Z</time>
      </trkpt>
      <trkpt lat="49.32949" lon="6.57527">
        <ele>186.964</ele>
        <time>2018-03-25T13:02:42Z</time>
      </trkpt>
      <trkpt lat="49.32944" lon="6.57511">
        <ele>186.346</ele>
        <time>2018-03-25T13:02:52Z</time>
      </trkpt>
      <trkpt lat="49.32936" lon="6.57492">
        <ele>186.065</ele>
        <time>2018-03-25T13:03:02Z</time>
      </trkpt>
      <trkpt lat="49.32933" lon="6.57475">
        <ele>186.842</ele>
        <time>2018-03-25T13:03:12Z</time>
      </trkpt>
      <trkpt lat="49.32926" lon="6.5746">
        <ele>187.873</ele>
        <time>2018-03-25T13:03:22Z</time>
      </trkpt>
      <trkpt lat="49.3292" lon="6.57444">
        <ele>189.075</ele>
        <time>2018-03-25T13:03:32Z</time>
      </trkpt>
      <trkpt lat="49.32914" lon="6.57427">
        <ele>190.153</ele>
        <time>2018-03-25T13:03:42Z</time>
      </trkpt>
      <trkpt lat="49.32906" lon="6.57411">
        <ele>191.15</ele>
        <time>2018-03-25T13:03:52Z</time>
      </trkpt>
      <trkpt lat="49.32897" lon="6.57397">
        <ele>191.931</ele>
        <time>2018-03-25T13:04:02Z</time>
      </trkpt>
      <trkpt lat="49.32888" lon="6.57382">
        <ele>192.482</ele>
        <time>2018-03-25T13:04:12Z</time>
      </trkpt>
      <trkpt lat="49.32878" lon="6.57369">
        <ele>193.029</ele>
        <time>2018-03-25T13:04:22Z</time>
      </trkpt>
      <trkpt lat="49.32869" lon="6.57357">
        <ele>193.606</ele>
        <time>2018-03-25T13:04:32Z</time>
      </trkpt>
      <trkpt lat="49.32864" lon="6.57344">
        <ele>194.385</ele>
        <time>2018-03-25T13:04:42Z</time>
      </trkpt>
      <trkpt lat="49.32861" lon="6.5733">
        <ele>195.262</ele>
        <time>2018-03-25T13:04:52Z</time>
      </trkpt>
      <trkpt lat="49.32859" lon="6.57312">
        <ele>196.442</ele>
        <time>2018-03-25T13:05:02Z</time>
      </trkpt>
      <trkpt lat="49.32859" lon="6.57297">
        <ele>197.866</ele>
        <time>2018-03-25T13:05:12Z</time>
      </trkpt>
      <trkpt lat="49.32861" lon="6.57281">
        <ele>199.652</ele>
        <time>2018-03-25T13:05:22Z</time>
      </trkpt>
      <trkpt lat="49.32869" lon="6.57272">
        <ele>200.95</ele>
        <time>2018-03-25T13:05:32Z</time>
      </trkpt>
      <trkpt lat="49.32878" lon="6.57263">
        <ele>201.971</ele>
        <time>2018-03-25T13:05:42Z</time>
      </trkpt>
      <trkpt lat="49.32887" lon="6.57253">
        <ele>202.817</ele>
        <time>2018-03-25T13:05:52Z</time>
      </trkpt>
      <trkpt lat="49.32896" lon="6.57243">
        <ele>203.782</ele>
        <time>2018-03-25T13:06:02Z</time>
      </trkpt>
      <trkpt lat="49.32904" lon="6.57233">
        <ele>204.693</ele>
        <time>2018-03-25T13:06:12Z</time>
      </trkpt>
      <trkpt lat="49.3291" lon="6.57222">
        <ele>205.517</ele>
        <time>2018-03-25T13:06:22Z</time>
      </trkpt>
      <trkpt lat="49.32915" lon="6.57211">
        <ele>206.273</ele>
        <time>2018-03-25T13:06:32Z</time>
      </trkpt>
      <trkpt lat="49.3292" lon="6.57199">
        <ele>207.076</ele>
        <time>2018-03-25T13:06:42Z</time>
      </trkpt>
      <trkpt lat="49.32924" lon="6.57186">
        <ele>207.928</ele>
        <time>2018-03-25T13:06:52Z</time>
      </trkpt>
      <trkpt lat="49.32928" lon="6.57172">
        <ele>209.004</ele>
        <time>2018-03-25T13:07:02Z</time>
      </trkpt>
      <trkpt lat="49.32931" lon="6.57153">
        <ele>210.77</ele>
        <time>2018-03-25T13:07:12Z</time>
      </trkpt>
      <trkpt lat="49.32933" lon="6.57136">
        <ele>212.362</ele>
        <time>2018-03-25T13:07:22Z</time>
      </trkpt>
      <trkpt lat="49.32935" lon="6.57118">
        <ele>213.608</ele>
        <time>2018-03-25T13:07:32Z</time>
      </trkpt>
      <trkpt lat="49.32937" lon="6.57101">
        <ele>214.564</ele>
        <time>2018-03-25T13:07:42Z</time>
      </trkpt>
      <trkpt lat="49.3294" lon="6.57083">
        <ele>215.542</ele>
        <time>2018-03-25T13:07:52Z</time>
      </trkpt>
      <trkpt lat="49.32944" lon="6.57064">
        <ele>215.898</ele>
        <time>2018-03-25T13:08:02Z</time>
      </trkpt>
      <trkpt lat="49.32947" lon="6.57045">
        <ele>216.166</ele>
        <time>2018-03-25T13:08:12Z</time>
      </trkpt>
      <trkpt lat="49.32953" lon="6.57027">
        <ele>216.308</ele>
        <time>2018-03-25T13:08:22Z</time>
      </trkpt>
      <trkpt lat="49.32961" lon="6.57013">
        <ele>216.6</ele>
        <time>2018-03-25T13:08:32Z</time>
      </trkpt>
      <trkpt lat="49.32969" lon="6.56999">
        <ele>216.888</ele>
        <time>2018-03-25T13:08:42Z</time>
      </trkpt>
      <trkpt lat="49.32976" lon="6.56986">
        <ele>217.747</ele>
        <time>2018-03-25T13:08:52Z</time>
      </trkpt>
      <trkpt lat="49.32983" lon="6.56973">
        <ele>218.705</ele>
        <time>2018-03-25T13:09:02Z</time>
      </trkpt>
      <trkpt lat="49.32989" lon="6.56958">
        <ele>220.225</ele>
        <time>2018-03-25T13:09:12Z</time>
      </trkpt>
      <trkpt lat="49.32995" lon="6.56943">
        <ele>221.758</ele>
        <time>2018-03-25T13:09:22Z</time>
      </trkpt>
      <trkpt lat="49.33002" lon="6.56929">
        <ele>223.309</ele>
        <time>2018-03-25T13:09:32Z</time>
      </trkpt>
      <trkpt lat="49.33008" lon="6.56914">
        <ele>224.671</ele>
        <time>2018-03-25T13:09:42Z</time>
      </trkpt>
      <trkpt lat="49.33014" lon="6.56895">
        <ele>225.388</ele>
        <time>2018-03-25T13:09:52Z</time>
      </trkpt>
      <trkpt lat="49.33018" lon="6.5688">
        <ele>225.972</ele>
        <time>2018-03-25T13:10:02Z</time>
      </trkpt>
      <trkpt lat="49.33019" lon="6.56865">
        <ele>226.562</ele>
        <time>2018-03-25T13:10:12Z</time>
      </trkpt>
      <trkpt lat="49.33018" lon="6.56861">
        <ele>226.672</ele>
        <time>2018-03-25T13:10:22Z</time>
      </trkpt>
      <trkpt lat="49.33019" lon="6.56859">
        <ele>226.847</ele>
        <time>2018-03-25T13:10:35Z</time>
      </trkpt>
      <trkpt lat="49.33022" lon="6.56851">
        <ele>227.598</ele>
        <time>2018-03-25T13:10:45Z</time>
      </trkpt>
      <trkpt lat="49.33027" lon="6.56837">
        <ele>228.731</ele>
        <time>2018-03-25T13:10:55Z</time>
      </trkpt>
      <trkpt lat="49.33031" lon="6.56822">
        <ele>229.194</ele>
        <time>2018-03-25T13:11:05Z</time>
      </trkpt>
      <trkpt lat="49.33036" lon="6.56804">
        <ele>229.493</ele>
        <time>2018-03-25T13:11:15Z</time>
      </trkpt>
      <trkpt lat="49.33045" lon="6.56789">
        <ele>229.381</ele>
        <time>2018-03-25T13:11:25Z</time>
      </trkpt>
      <trkpt lat="49.33054" lon="6.56778">
        <ele>229.098</ele>
        <time>2018-03-25T13:11:35Z</time>
      </trkpt>
      <trkpt lat="49.33062" lon="6.5677">
        <ele>229</ele>
        <time>2018-03-25T13:11:45Z</time>
      </trkpt>
      <trkpt lat="49.33074" lon="6.56766">
        <ele>229</ele>
        <time>2018-03-25T13:11:55Z</time>
      </trkpt>
      <trkpt lat="49.33085" lon="6.56763">
        <ele>229.053</ele>
        <time>2018-03-25T13:12:05Z</time>
      </trkpt>
      <trkpt lat="49.33096" lon="6.56759">
        <ele>229.456</ele>
        <time>2018-03-25T13:12:15Z</time>
      </trkpt>
      <trkpt lat="49.33108" lon="6.56753">
        <ele>229.895</ele>
        <time>2018-03-25T13:12:25Z</time>
      </trkpt>
      <trkpt lat="49.33119" lon="6.56745">
        <ele>230.348</ele>
        <time>2018-03-25T13:12:35Z</time>
      </trkpt>
      <trkpt lat="49.33123" lon="6.5674">
        <ele>230.514</ele>
        <time>2018-03-25T13:12:45Z</time>
      </trkpt>
      <trkpt lat="49.33127" lon="6.56736">
        <ele>230.618</ele>
        <time>2018-03-25T13:12:55Z</time>
      </trkpt>
      <trkpt lat="49.33133" lon="6.56728">
        <ele>230.798</ele>
        <time>2018-03-25T13:13:05Z</time>
      </trkpt>
      <trkpt lat="49.33138" lon="6.56722">
        <ele>230.943</ele>
        <time>2018-03-25T13:13:15Z</time>
      </trkpt>
      <trkpt lat="49.33143" lon="6.56716">
        <ele>231.412</ele>
        <time>2018-03-25T13:13:25Z</time>
      </trkpt>
      <trkpt lat="49.33144" lon="6.56714">
        <ele>231.563</ele>
        <time>2018-03-25T13:13:35Z</time>
      </trkpt>
      <trkpt lat="49.33149" lon="6.5671">
        <ele>232.038</ele>
        <time>2018-03-25T13:13:45Z</time>
      </trkpt>
      <trkpt lat="49.33154" lon="6.56703">
        <ele>232.654</ele>
        <time>2018-03-25T13:13:55Z</time>
      </trkpt>
      <trkpt lat="49.33161" lon="6.56695">
        <ele>233.41</ele>
        <time>2018-03-25T13:14:05Z</time>
      </trkpt>
      <trkpt lat="49.33169" lon="6.56686">
        <ele>233.792</ele>
        <time>2018-03-25T13:14:15Z</time>
      </trkpt>
      <trkpt lat="49.33176" lon="6.56677">
        <ele>233.923</ele>
        <time>2018-03-25T13:14:25Z</time>
      </trkpt>
      <trkpt lat="49.33183" lon="6.5667">
        <ele>234.192</ele>
        <time>2018-03-25T13:14:35Z</time>
      </trkpt>
      <trkpt lat="49.33189" lon="6.56663">
        <ele>234.63</ele>
        <time>2018-03-25T13:14:45Z</time>
      </trkpt>
      <trkpt lat="49.33192" lon="6.56659">
        <ele>234.802</ele>
        <time>2018-03-25T13:14:55Z</time>
      </trkpt>
      <trkpt lat="49.33193" lon="6.56657">
        <ele>234.91</ele>
        <time>2018-03-25T13:15:05Z</time>
      </trkpt>
      <trkpt lat="49.33201" lon="6.56647">
        <ele>235.218</ele>
        <time>2018-03-25T13:15:15Z</time>
      </trkpt>
      <trkpt lat="49.33207" lon="6.56636">
        <ele>235.438</ele>
        <time>2018-03-25T13:15:25Z</time>
      </trkpt>
      <trkpt lat="49.33215" lon="6.56625">
        <ele>235.74</ele>
        <time>2018-03-25T13:15:35Z</time>
      </trkpt>
      <trkpt lat="49.33223" lon="6.56615">
        <ele>236.017</ele>
        <time>2018-03-25T13:15:45Z</time>
      </trkpt>
      <trkpt lat="49.33231" lon="6.56607">
        <ele>236.252</ele>
        <time>2018-03-25T13:15:55Z</time>
      </trkpt>
      <trkpt lat="49.3324" lon="6.56599">
        <ele>236.354</ele>
        <time>2018-03-25T13:16:05Z</time>
      </trkpt>
      <trkpt lat="49.33249" lon="6.56591">
        <ele>236.254</ele>
        <time>2018-03-25T13:16:15Z</time>
      </trkpt>
      <trkpt lat="49.33257" lon="6.56583">
        <ele>236.245</ele>
        <time>2018-03-25T13:16:25Z</time>
      </trkpt>
      <trkpt lat="49.33265" lon="6.56575">
        <ele>236.38</ele>
        <time>2018-03-25T13:16:35Z</time>
      </trkpt>
      <trkpt lat="49.33274" lon="6.56565">
        <ele>236.307</ele>
        <time>2018-03-25T13:16:45Z</time>
      </trkpt>
      <trkpt lat="49.33282" lon="6.56555">
        <ele>236.326</ele>
        <time>2018-03-25T13:16:55Z</time>
      </trkpt>
      <trkpt lat="49.33289" lon="6.56546">
        <ele>236.83</ele>
        <time>2018-03-25T13:17:05Z</time>
      </trkpt>
      <trkpt lat="49.33297" lon="6.56533">
        <ele>237.377</ele>
        <time>2018-03-25T13:17:15Z</time>
      </trkpt>
      <trkpt lat="49.33305" lon="6.5652">
        <ele>237.974</ele>
        <time>2018-03-25T13:17:25Z</time>
      </trkpt>
      <trkpt lat="49.33314" lon="6.56511">
        <ele>238.615</ele>
        <time>2018-03-25T13:17:35Z</time>
      </trkpt>
      <trkpt lat="49.33324" lon="6.56504">
        <ele>239.321</ele>
        <time>2018-03-25T13:17:45Z</time>
      </trkpt>
      <trkpt lat="49.33334" lon="6.56495">
        <ele>240.037</ele>
        <time>2018-03-25T13:17:55Z</time>
      </trkpt>
      <trkpt lat="49.33343" lon="6.56488">
        <ele>240.89</ele>
        <time>2018-03-25T13:18:05Z</time>
      </trkpt>
      <trkpt lat="49.33353" lon="6.56481">
        <ele>241.626</ele>
        <time>2018-03-25T13:18:15Z</time>
      </trkpt>
      <trkpt lat="49.33364" lon="6.56475">
        <ele>242.101</ele>
        <time>2018-03-25T13:18:25Z</time>
      </trkpt>
      <trkpt lat="49.33377" lon="6.56469">
        <ele>241.884</ele>
        <time>2018-03-25T13:18:35Z</time>
      </trkpt>
      <trkpt lat="49.33388" lon="6.56463">
        <ele>241.668</ele>
        <time>2018-03-25T13:18:45Z</time>
      </trkpt>
      <trkpt lat="49.334" lon="6.56459">
        <ele>241.117</ele>
        <time>2018-03-25T13:18:55Z</time>
      </trkpt>
      <trkpt lat="49.33408" lon="6.56454">
        <ele>240.642</ele>
        <time>2018-03-25T13:19:05Z</time>
      </trkpt>
      <trkpt lat="49.33415" lon="6.56451">
        <ele>240.307</ele>
        <time>2018-03-25T13:19:15Z</time>
      </trkpt>
      <trkpt lat="49.33424" lon="6.56447">
        <ele>240.578</ele>
        <time>2018-03-25T13:19:25Z</time>
      </trkpt>
      <trkpt lat="49.33434" lon="6.56444">
        <ele>241.277</ele>
        <time>2018-03-25T13:19:35Z</time>
      </trkpt>
      <trkpt lat="49.33447" lon="6.56439">
        <ele>242.155</ele>
        <time>2018-03-25T13:19:45Z</time>
      </trkpt>
      <trkpt lat="49.33457" lon="6.56434">
        <ele>242.933</ele>
        <time>2018-03-25T13:19:55Z</time>
      </trkpt>
      <trkpt lat="49.33468" lon="6.56427">
        <ele>243.674</ele>
        <time>2018-03-25T13:20:05Z</time>
      </trkpt>
      <trkpt lat="49.33478" lon="6.56417">
        <ele>244.212</ele>
        <time>2018-03-25T13:20:15Z</time>
      </trkpt>
      <trkpt lat="49.33488" lon="6.56409">
        <ele>244.26</ele>
        <time>2018-03-25T13:20:25Z</time>
      </trkpt>
      <trkpt lat="49.33497" lon="6.56401">
        <ele>244.353</ele>
        <time>2018-03-25T13:20:35Z</time>
      </trkpt>
      <trkpt lat="49.33507" lon="6.56394">
        <ele>244.389</ele>
        <time>2018-03-25T13:20:45Z</time>
      </trkpt>
      <trkpt lat="49.33515" lon="6.56386">
        <ele>244.387</ele>
        <time>2018-03-25T13:20:55Z</time>
      </trkpt>
      <trkpt lat="49.33526" lon="6.56377">
        <ele>244.082</ele>
        <time>2018-03-25T13:21:05Z</time>
      </trkpt>
      <trkpt lat="49.33535" lon="6.56368">
        <ele>243.525</ele>
        <time>2018-03-25T13:21:15Z</time>
      </trkpt>
      <trkpt lat="49.33544" lon="6.5636">
        <ele>242.92</ele>
        <time>2018-03-25T13:21:25Z</time>
      </trkpt>
      <trkpt lat="49.33555" lon="6.56351">
        <ele>242.286</ele>
        <time>2018-03-25T13:21:35Z</time>
      </trkpt>
      <trkpt lat="49.33566" lon="6.56342">
        <ele>241.89</ele>
        <time>2018-03-25T13:21:45Z</time>
      </trkpt>
      <trkpt lat="49.33578" lon="6.56333">
        <ele>241.808</ele>
        <time>2018-03-25T13:21:55Z</time>
      </trkpt>
      <trkpt lat="49.33589" lon="6.56324">
        <ele>241.939</ele>
        <time>2018-03-25T13:22:05Z</time>
      </trkpt>
      <trkpt lat="49.33599" lon="6.56315">
        <ele>241.631</ele>
        <time>2018-03-25T13:22:15Z</time>
      </trkpt>
      <trkpt lat="49.33611" lon="6.56306">
        <ele>241.027</ele>
        <time>2018-03-25T13:22:25Z</time>
      </trkpt>
      <trkpt lat="49.33622" lon="6.56295">
        <ele>240.594</ele>
        <time>2018-03-25T13:22:35Z</time>
      </trkpt>
      <trkpt lat="49.33632" lon="6.56287">
        <ele>240.234</ele>
        <time>2018-03-25T13:22:45Z</time>
      </trkpt>
      <trkpt lat="49.33642" lon="6.56278">
        <ele>240</ele>
        <time>2018-03-25T13:22:55Z</time>
      </trkpt>
      <trkpt lat="49.33652" lon="6.5627">
        <ele>240</ele>
        <time>2018-03-25T13:23:05Z</time>
      </trkpt>
      <trkpt lat="49.33663" lon="6.56262">
        <ele>240</ele>
        <time>2018-03-25T13:23:15Z</time>
      </trkpt>
      <trkpt lat="49.33674" lon="6.56253">
        <ele>240.477</ele>
        <time>2018-03-25T13:23:25Z</time>
      </trkpt>
      <trkpt lat="49.33684" lon="6.56243">
        <ele>241.08</ele>
        <time>2018-03-25T13:23:35Z</time>
      </trkpt>
      <trkpt lat="49.33693" lon="6.56232">
        <ele>241.267</ele>
        <time>2018-03-25T13:23:45Z</time>
      </trkpt>
      <trkpt lat="49.33702" lon="6.56223">
        <ele>241.526</ele>
        <time>2018-03-25T13:23:55Z</time>
      </trkpt>
      <trkpt lat="49.33712" lon="6.56214">
        <ele>241.968</ele>
        <time>2018-03-25T13:24:05Z</time>
      </trkpt>
      <trkpt lat="49.33723" lon="6.56204">
        <ele>242.356</ele>
        <time>2018-03-25T13:24:15Z</time>
      </trkpt>
      <trkpt lat="49.33733" lon="6.56194">
        <ele>242.372</ele>
        <time>2018-03-25T13:24:25Z</time>
      </trkpt>
      <trkpt lat="49.33742" lon="6.56185">
        <ele>242.372</ele>
        <time>2018-03-25T13:24:35Z</time>
      </trkpt>
      <trkpt lat="49.33752" lon="6.56175">
        <ele>242.318</ele>
        <time>2018-03-25T13:24:45Z</time>
      </trkpt>
      <trkpt lat="49.33762" lon="6.56164">
        <ele>242.428</ele>
        <time>2018-03-25T13:24:55Z</time>
      </trkpt>
      <trkpt lat="49.33772" lon="6.56153">
        <ele>242.803</ele>
        <time>2018-03-25T13:25:05Z</time>
      </trkpt>
      <trkpt lat="49.33783" lon="6.56144">
        <ele>243</ele>
        <time>2018-03-25T13:25:15Z</time>
      </trkpt>
      <trkpt lat="49.33794" lon="6.56137">
        <ele>243</ele>
        <time>2018-03-25T13:25:25Z</time>
      </trkpt>
      <trkpt lat="49.33804" lon="6.5613">
        <ele>243</ele>
        <time>2018-03-25T13:25:35Z</time>
      </trkpt>
      <trkpt lat="49.33815" lon="6.56123">
        <ele>243.184</ele>
        <time>2018-03-25T13:25:45Z</time>
      </trkpt>
      <trkpt lat="49.33824" lon="6.56113">
        <ele>243.631</ele>
        <time>2018-03-25T13:25:55Z</time>
      </trkpt>
      <trkpt lat="49.33832" lon="6.56104">
        <ele>243.966</ele>
        <time>2018-03-25T13:26:05Z</time>
      </trkpt>
      <trkpt lat="49.3384" lon="6.56097">
        <ele>244.236</ele>
        <time>2018-03-25T13:26:15Z</time>
      </trkpt>
      <trkpt lat="49.33848" lon="6.56089">
        <ele>244.524</ele>
        <time>2018-03-25T13:26:25Z</time>
      </trkpt>
      <trkpt lat="49.33858" lon="6.5608">
        <ele>244.874</ele>
        <time>2018-03-25T13:26:35Z</time>
      </trkpt>
      <trkpt lat="49.33868" lon="6.56071">
        <ele>245</ele>
        <time>2018-03-25T13:26:45Z</time>
      </trkpt>
      <trkpt lat="49.33875" lon="6.56064">
        <ele>245</ele>
        <time>2018-03-25T13:26:55Z</time>
      </trkpt>
      <trkpt lat="49.3388" lon="6.56056">
        <ele>245</ele>
        <time>2018-03-25T13:27:05Z</time>
      </trkpt>
      <trkpt lat="49.33888" lon="6.56045">
        <ele>245</ele>
        <time>2018-03-25T13:27:15Z</time>
      </trkpt>
      <trkpt lat="49.33898" lon="6.56031">
        <ele>245</ele>
        <time>2018-03-25T13:27:25Z</time>
      </trkpt>
      <trkpt lat="49.33907" lon="6.56019">
        <ele>245.316</ele>
        <time>2018-03-25T13:27:35Z</time>
      </trkpt>
      <trkpt lat="49.33916" lon="6.56009">
        <ele>245.694</ele>
        <time>2018-03-25T13:27:45Z</time>
      </trkpt>
      <trkpt lat="49.33925" lon="6.55999">
        <ele>246.275</ele>
        <time>2018-03-25T13:27:55Z</time>
      </trkpt>
      <trkpt lat="49.33933" lon="6.55989">
        <ele>246.405</ele>
        <time>2018-03-25T13:28:05Z</time>
      </trkpt>
      <trkpt lat="49.33941" lon="6.55976">
        <ele>246.757</ele>
        <time>2018-03-25T13:28:15Z</time>
      </trkpt>
      <trkpt lat="49.33947" lon="6.55965">
        <ele>247.081</ele>
        <time>2018-03-25T13:28:25Z</time>
      </trkpt>
      <trkpt lat="49.33954" lon="6.55955">
        <ele>247.355</ele>
        <time>2018-03-25T13:28:35Z</time>
      </trkpt>
      <trkpt lat="49.33963" lon="6.55945">
        <ele>247.668</ele>
        <time>2018-03-25T13:28:45Z</time>
      </trkpt>
      <trkpt lat="49.33973" lon="6.55935">
        <ele>247.665</ele>
        <time>2018-03-25T13:28:55Z</time>
      </trkpt>
      <trkpt lat="49.33982" lon="6.55923">
        <ele>247.861</ele>
        <time>2018-03-25T13:29:05Z</time>
      </trkpt>
      <trkpt lat="49.3399" lon="6.55912">
        <ele>248.108</ele>
        <time>2018-03-25T13:29:15Z</time>
      </trkpt>
      <trkpt lat="49.33997" lon="6.55901">
        <ele>248.224</ele>
        <time>2018-03-25T13:29:25Z</time>
      </trkpt>
      <trkpt lat="49.34004" lon="6.55892">
        <ele>248.476</ele>
        <time>2018-03-25T13:29:35Z</time>
      </trkpt>
      <trkpt lat="49.34005" lon="6.5589">
        <ele>248.585</ele>
        <time>2018-03-25T13:29:45Z</time>
      </trkpt>
      <trkpt lat="49.34008" lon="6.55886">
        <ele>248.896</ele>
        <time>2018-03-25T13:29:55Z</time>
      </trkpt>
      <trkpt lat="49.34008" lon="6.55884">
        <ele>248.886</ele>
        <time>2018-03-25T13:32:35Z</time>
      </trkpt>
      <trkpt lat="49.34008" lon="6.5588">
        <ele>248.832</ele>
        <time>2018-03-25T13:32:45Z</time>
      </trkpt>
      <trkpt lat="49.34009" lon="6.55873">
        <ele>248.961</ele>
        <time>2018-03-25T13:32:55Z</time>
      </trkpt>
      <trkpt lat="49.34011" lon="6.5586">
        <ele>249.15</ele>
        <time>2018-03-25T13:33:05Z</time>
      </trkpt>
      <trkpt lat="49.34014" lon="6.55845">
        <ele>249.756</ele>
        <time>2018-03-25T13:33:15Z</time>
      </trkpt>
      <trkpt lat="49.34016" lon="6.55829">
        <ele>250.215</ele>
        <time>2018-03-25T13:33:25Z</time>
      </trkpt>
      <trkpt lat="49.34016" lon="6.55815">
        <ele>250.44</ele>
        <time>2018-03-25T13:33:35Z</time>
      </trkpt>
      <trkpt lat="49.34017" lon="6.55799">
        <ele>250.594</ele>
        <time>2018-03-25T13:33:45Z</time>
      </trkpt>
      <trkpt lat="49.34015" lon="6.55779">
        <ele>250.533</ele>
        <time>2018-03-25T13:33:55Z</time>
      </trkpt>
      <trkpt lat="49.34012" lon="6.5576">
        <ele>250.425</ele>
        <time>2018-03-25T13:34:05Z</time>
      </trkpt>
      <trkpt lat="49.34009" lon="6.55743">
        <ele>250.32</ele>
        <time>2018-03-25T13:34:15Z</time>
      </trkpt>
      <trkpt lat="49.34008" lon="6.55725">
        <ele>250.277</ele>
        <time>2018-03-25T13:34:25Z</time>
      </trkpt>
      <trkpt lat="49.34005" lon="6.5571">
        <ele>250.963</ele>
        <time>2018-03-25T13:34:35Z</time>
      </trkpt>
      <trkpt lat="49.34004" lon="6.55693">
        <ele>252.045</ele>
        <time>2018-03-25T13:34:45Z</time>
      </trkpt>
      <trkpt lat="49.34002" lon="6.55675">
        <ele>252.693</ele>
        <time>2018-03-25T13:34:55Z</time>
      </trkpt>
      <trkpt lat="49.33999" lon="6.55659">
        <ele>253.218</ele>
        <time>2018-03-25T13:35:05Z</time>
      </trkpt>
      <trkpt lat="49.33996" lon="6.55642">
        <ele>253.607</ele>
        <time>2018-03-25T13:35:15Z</time>
      </trkpt>
      <trkpt lat="49.33993" lon="6.55625">
        <ele>253.474</ele>
        <time>2018-03-25T13:35:25Z</time>
      </trkpt>
      <trkpt lat="49.3399" lon="6.55608">
        <ele>253.182</ele>
        <time>2018-03-25T13:35:35Z</time>
      </trkpt>
      <trkpt lat="49.33988" lon="6.55592">
        <ele>252.462</ele>
        <time>2018-03-25T13:35:45Z</time>
      </trkpt>
      <trkpt lat="49.33987" lon="6.55577">
        <ele>251.943</ele>
        <time>2018-03-25T13:35:55Z</time>
      </trkpt>
      <trkpt lat="49.33985" lon="6.55557">
        <ele>251.486</ele>
        <time>2018-03-25T13:36:05Z</time>
      </trkpt>
      <trkpt lat="49.33984" lon="6.55534">
        <ele>250.666</ele>
        <time>2018-03-25T13:36:15Z</time>
      </trkpt>
      <trkpt lat="49.33984" lon="6.55513">
        <ele>250.726</ele>
        <time>2018-03-25T13:36:25Z</time>
      </trkpt>
      <trkpt lat="49.33983" lon="6.55492">
        <ele>251.113</ele>
        <time>2018-03-25T13:36:35Z</time>
      </trkpt>
      <trkpt lat="49.33982" lon="6.55472">
        <ele>251.356</ele>
        <time>2018-03-25T13:36:45Z</time>
      </trkpt>
      <trkpt lat="49.33981" lon="6.55455">
        <ele>251.936</ele>
        <time>2018-03-25T13:36:55Z</time>
      </trkpt>
      <trkpt lat="49.33979" lon="6.55437">
        <ele>252.505</ele>
        <time>2018-03-25T13:37:05Z</time>
      </trkpt>
      <trkpt lat="49.33977" lon="6.55417">
        <ele>253.16</ele>
        <time>2018-03-25T13:37:15Z</time>
      </trkpt>
      <trkpt lat="49.33974" lon="6.55397">
        <ele>252.444</ele>
        <time>2018-03-25T13:37:25Z</time>
      </trkpt>
      <trkpt lat="49.33971" lon="6.55379">
        <ele>251.805</ele>
        <time>2018-03-25T13:37:35Z</time>
      </trkpt>
      <trkpt lat="49.33968" lon="6.5536">
        <ele>251.396</ele>
        <time>2018-03-25T13:37:45Z</time>
      </trkpt>
      <trkpt lat="49.33964" lon="6.55342">
        <ele>250.998</ele>
        <time>2018-03-25T13:37:55Z</time>
      </trkpt>
      <trkpt lat="49.3396" lon="6.55325">
        <ele>250.898</ele>
        <time>2018-03-25T13:38:05Z</time>
      </trkpt>
      <trkpt lat="49.33955" lon="6.55308">
        <ele>251.284</ele>
        <time>2018-03-25T13:38:15Z</time>
      </trkpt>
      <trkpt lat="49.3395" lon="6.55289">
        <ele>251.329</ele>
        <time>2018-03-25T13:38:25Z</time>
      </trkpt>
      <trkpt lat="49.33946" lon="6.55269">
        <ele>251.391</ele>
        <time>2018-03-25T13:38:35Z</time>
      </trkpt>
      <trkpt lat="49.33943" lon="6.55249">
        <ele>251.866</ele>
        <time>2018-03-25T13:38:45Z</time>
      </trkpt>
      <trkpt lat="49.33941" lon="6.55232">
        <ele>252.254</ele>
        <time>2018-03-25T13:38:55Z</time>
      </trkpt>
      <trkpt lat="49.33939" lon="6.55217">
        <ele>252.738</ele>
        <time>2018-03-25T13:39:05Z</time>
      </trkpt>
      <trkpt lat="49.33932" lon="6.55198">
        <ele>253.375</ele>
        <time>2018-03-25T13:39:15Z</time>
      </trkpt>
      <trkpt lat="49.33923" lon="6.55177">
        <ele>253.175</ele>
        <time>2018-03-25T13:39:25Z</time>
      </trkpt>
      <trkpt lat="49.33915" lon="6.55161">
        <ele>252.88</ele>
        <time>2018-03-25T13:39:35Z</time>
      </trkpt>
      <trkpt lat="49.33908" lon="6.55145">
        <ele>252.617</ele>
        <time>2018-03-25T13:39:45Z</time>
      </trkpt>
      <trkpt lat="49.33902" lon="6.5513">
        <ele>252.468</ele>
        <time>2018-03-25T13:39:55Z</time>
      </trkpt>
      <trkpt lat="49.33896" lon="6.55114">
        <ele>252.263</ele>
        <time>2018-03-25T13:40:05Z</time>
      </trkpt>
      <trkpt lat="49.3389" lon="6.55103">
        <ele>252.311</ele>
        <time>2018-03-25T13:40:15Z</time>
      </trkpt>
      <trkpt lat="49.33883" lon="6.55089">
        <ele>252.588</ele>
        <time>2018-03-25T13:40:25Z</time>
      </trkpt>
      <trkpt lat="49.33875" lon="6.55072">
        <ele>252.493</ele>
        <time>2018-03-25T13:40:35Z</time>
      </trkpt>
      <trkpt lat="49.33867" lon="6.55056">
        <ele>252.201</ele>
        <time>2018-03-25T13:40:45Z</time>
      </trkpt>
      <trkpt lat="49.33859" lon="6.55041">
        <ele>252</ele>
        <time>2018-03-25T13:40:55Z</time>
      </trkpt>
      <trkpt lat="49.33851" lon="6.55025">
        <ele>252.074</ele>
        <time>2018-03-25T13:41:05Z</time>
      </trkpt>
      <trkpt lat="49.33844" lon="6.55009">
        <ele>252.259</ele>
        <time>2018-03-25T13:41:15Z</time>
      </trkpt>
      <trkpt lat="49.33837" lon="6.54992">
        <ele>252.114</ele>
        <time>2018-03-25T13:41:25Z</time>
      </trkpt>
      <trkpt lat="49.3383" lon="6.54977">
        <ele>251.869</ele>
        <time>2018-03-25T13:41:35Z</time>
      </trkpt>
      <trkpt lat="49.33822" lon="6.54962">
        <ele>251.592</ele>
        <time>2018-03-25T13:41:45Z</time>
      </trkpt>
      <trkpt lat="49.33814" lon="6.54945">
        <ele>251.304</ele>
        <time>2018-03-25T13:41:55Z</time>
      </trkpt>
      <trkpt lat="49.33806" lon="6.5493">
        <ele>251.023</ele>
        <time>2018-03-25T13:42:05Z</time>
      </trkpt>
      <trkpt lat="49.33798" lon="6.54915">
        <ele>250.714</ele>
        <time>2018-03-25T13:42:15Z</time>
      </trkpt>
      <trkpt lat="49.3379" lon="6.54902">
        <ele>250.44</ele>
        <time>2018-03-25T13:42:25Z</time>
      </trkpt>
      <trkpt lat="49.33782" lon="6.54886">
        <ele>250.127</ele>
        <time>2018-03-25T13:42:35Z</time>
      </trkpt>
      <trkpt lat="49.33774" lon="6.54871">
        <ele>250</ele>
        <time>2018-03-25T13:42:45Z</time>
      </trkpt>
      <trkpt lat="49.33767" lon="6.54855">
        <ele>249.784</ele>
        <time>2018-03-25T13:42:55Z</time>
      </trkpt>
      <trkpt lat="49.3376" lon="6.54839">
        <ele>249.208</ele>
        <time>2018-03-25T13:43:05Z</time>
      </trkpt>
      <trkpt lat="49.33752" lon="6.5482">
        <ele>248.483</ele>
        <time>2018-03-25T13:43:15Z</time>
      </trkpt>
      <trkpt lat="49.33745" lon="6.548">
        <ele>247.653</ele>
        <time>2018-03-25T13:43:25Z</time>
      </trkpt>
      <trkpt lat="49.33739" lon="6.5478">
        <ele>247.052</ele>
        <time>2018-03-25T13:43:35Z</time>
      </trkpt>
      <trkpt lat="49.33732" lon="6.54762">
        <ele>247</ele>
        <time>2018-03-25T13:43:45Z</time>
      </trkpt>
      <trkpt lat="49.33727" lon="6.54743">
        <ele>246.741</ele>
        <time>2018-03-25T13:43:55Z</time>
      </trkpt>
      <trkpt lat="49.33722" lon="6.54725">
        <ele>246.091</ele>
        <time>2018-03-25T13:44:05Z</time>
      </trkpt>
      <trkpt lat="49.33718" lon="6.54708">
        <ele>244.774</ele>
        <time>2018-03-25T13:44:15Z</time>
      </trkpt>
      <trkpt lat="49.33713" lon="6.5469">
        <ele>243.635</ele>
        <time>2018-03-25T13:44:25Z</time>
      </trkpt>
      <trkpt lat="49.33706" lon="6.54672">
        <ele>242.976</ele>
        <time>2018-03-25T13:44:35Z</time>
      </trkpt>
      <trkpt lat="49.33701" lon="6.54654">
        <ele>242.359</ele>
        <time>2018-03-25T13:44:45Z</time>
      </trkpt>
      <trkpt lat="49.33695" lon="6.54635">
        <ele>241.905</ele>
        <time>2018-03-25T13:44:55Z</time>
      </trkpt>
      <trkpt lat="49.33691" lon="6.54618">
        <ele>241.313</ele>
        <time>2018-03-25T13:45:05Z</time>
      </trkpt>
      <trkpt lat="49.33686" lon="6.54601">
        <ele>241.297</ele>
        <time>2018-03-25T13:45:15Z</time>
      </trkpt>
      <trkpt lat="49.33682" lon="6.5459">
        <ele>241.437</ele>
        <time>2018-03-25T13:45:25Z</time>
      </trkpt>
      <trkpt lat="49.33679" lon="6.54577">
        <ele>241.328</ele>
        <time>2018-03-25T13:45:35Z</time>
      </trkpt>
      <trkpt lat="49.33675" lon="6.54559">
        <ele>240.838</ele>
        <time>2018-03-25T13:45:45Z</time>
      </trkpt>
      <trkpt lat="49.33671" lon="6.54544">
        <ele>240.367</ele>
        <time>2018-03-25T13:45:55Z</time>
      </trkpt>
      <trkpt lat="49.33665" lon="6.54528">
        <ele>240.068</ele>
        <time>2018-03-25T13:46:05Z</time>
      </trkpt>
      <trkpt lat="49.33661" lon="6.5451">
        <ele>239.546</ele>
        <time>2018-03-25T13:46:15Z</time>
      </trkpt>
      <trkpt lat="49.33656" lon="6.54492">
        <ele>239.11</ele>
        <time>2018-03-25T13:46:25Z</time>
      </trkpt>
      <trkpt lat="49.33649" lon="6.54474">
        <ele>238.686</ele>
        <time>2018-03-25T13:46:35Z</time>
      </trkpt>
      <trkpt lat="49.33644" lon="6.54452">
        <ele>238.106</ele>
        <time>2018-03-25T13:46:45Z</time>
      </trkpt>
      <trkpt lat="49.33636" lon="6.54433">
        <ele>237.202</ele>
        <time>2018-03-25T13:46:55Z</time>
      </trkpt>
      <trkpt lat="49.33629" lon="6.54417">
        <ele>236.37</ele>
        <time>2018-03-25T13:47:05Z</time>
      </trkpt>
      <trkpt lat="49.33619" lon="6.54404">
        <ele>236.921</ele>
        <time>2018-03-25T13:47:15Z</time>
      </trkpt>
      <trkpt lat="49.3361" lon="6.54398">
        <ele>237.81</ele>
        <time>2018-03-25T13:47:25Z</time>
      </trkpt>
      <trkpt lat="49.33606" lon="6.54396">
        <ele>238.229</ele>
        <time>2018-03-25T13:47:35Z</time>
      </trkpt>
      <trkpt lat="49.33599" lon="6.54392">
        <ele>239.147</ele>
        <time>2018-03-25T13:47:45Z</time>
      </trkpt>
      <trkpt lat="49.33598" lon="6.54391">
        <ele>239.293</ele>
        <time>2018-03-25T13:47:55Z</time>
      </trkpt>
      <trkpt lat="49.33597" lon="6.54391">
        <ele>239.44</ele>
        <time>2018-03-25T13:48:26Z</time>
      </trkpt>
      <trkpt lat="49.33589" lon="6.54392">
        <ele>240.217</ele>
        <time>2018-03-25T13:48:36Z</time>
      </trkpt>
      <trkpt lat="49.3358" lon="6.54393">
        <ele>240.788</ele>
        <time>2018-03-25T13:48:46Z</time>
      </trkpt>
      <trkpt lat="49.3357" lon="6.54397">
        <ele>240.928</ele>
        <time>2018-03-25T13:48:56Z</time>
      </trkpt>
      <trkpt lat="49.3356" lon="6.54396">
        <ele>241.353</ele>
        <time>2018-03-25T13:49:06Z</time>
      </trkpt>
      <trkpt lat="49.3355" lon="6.54399">
        <ele>241.101</ele>
        <time>2018-03-25T13:49:16Z</time>
      </trkpt>
      <trkpt lat="49.33538" lon="6.54397">
        <ele>240.784</ele>
        <time>2018-03-25T13:49:26Z</time>
      </trkpt>
      <trkpt lat="49.33526" lon="6.54399">
        <ele>240.137</ele>
        <time>2018-03-25T13:49:36Z</time>
      </trkpt>
      <trkpt lat="49.33514" lon="6.544">
        <ele>239.244</ele>
        <time>2018-03-25T13:49:46Z</time>
      </trkpt>
      <trkpt lat="49.33503" lon="6.544">
        <ele>238.416</ele>
        <time>2018-03-25T13:49:56Z</time>
      </trkpt>
      <trkpt lat="49.33489" lon="6.54404">
        <ele>236.342</ele>
        <time>2018-03-25T13:50:06Z</time>
      </trkpt>
      <trkpt lat="49.33475" lon="6.54412">
        <ele>233.664</ele>
        <time>2018-03-25T13:50:16Z</time>
      </trkpt>
      <trkpt lat="49.33462" lon="6.54417">
        <ele>231.885</ele>
        <time>2018-03-25T13:50:26Z</time>
      </trkpt>
      <trkpt lat="49.3345" lon="6.54418">
        <ele>230.643</ele>
        <time>2018-03-25T13:50:36Z</time>
      </trkpt>
      <trkpt lat="49.33438" lon="6.54419">
        <ele>229.522</ele>
        <time>2018-03-25T13:50:46Z</time>
      </trkpt>
      <trkpt lat="49.33425" lon="6.54419">
        <ele>228.579</ele>
        <time>2018-03-25T13:50:56Z</time>
      </trkpt>
      <trkpt lat="49.33413" lon="6.54414">
        <ele>228.056</ele>
        <time>2018-03-25T13:51:06Z</time>
      </trkpt>
      <trkpt lat="49.33402" lon="6.54412">
        <ele>227.714</ele>
        <time>2018-03-25T13:51:16Z</time>
      </trkpt>
      <trkpt lat="49.3339" lon="6.54408">
        <ele>227.402</ele>
        <time>2018-03-25T13:51:26Z</time>
      </trkpt>
      <trkpt lat="49.33377" lon="6.54403">
        <ele>227.071</ele>
        <time>2018-03-25T13:51:36Z</time>
      </trkpt>
      <trkpt lat="49.33366" lon="6.54401">
        <ele>226.726</ele>
        <time>2018-03-25T13:51:46Z</time>
      </trkpt>
      <trkpt lat="49.33353" lon="6.54401">
        <ele>225.861</ele>
        <time>2018-03-25T13:51:56Z</time>
      </trkpt>
      <trkpt lat="49.33342" lon="6.54394">
        <ele>225.265</ele>
        <time>2018-03-25T13:52:06Z</time>
      </trkpt>
      <trkpt lat="49.3333" lon="6.54386">
        <ele>224.871</ele>
        <time>2018-03-25T13:52:16Z</time>
      </trkpt>
      <trkpt lat="49.33322" lon="6.54376">
        <ele>224.605</ele>
        <time>2018-03-25T13:52:26Z</time>
      </trkpt>
      <trkpt lat="49.33306" lon="6.54362">
        <ele>223.993</ele>
        <time>2018-03-25T13:52:36Z</time>
      </trkpt>
      <trkpt lat="49.33292" lon="6.54352">
        <ele>223.969</ele>
        <time>2018-03-25T13:52:46Z</time>
      </trkpt>
      <trkpt lat="49.33281" lon="6.54349">
        <ele>223.95</ele>
        <time>2018-03-25T13:52:56Z</time>
      </trkpt>
      <trkpt lat="49.33277" lon="6.54346">
        <ele>223.954</ele>
        <time>2018-03-25T13:53:06Z</time>
      </trkpt>
      <trkpt lat="49.3327" lon="6.54341">
        <ele>223.819</ele>
        <time>2018-03-25T13:53:16Z</time>
      </trkpt>
      <trkpt lat="49.33268" lon="6.5434">
        <ele>223.748</ele>
        <time>2018-03-25T13:53:26Z</time>
      </trkpt>
      <trkpt lat="49.33267" lon="6.5434">
        <ele>223.616</ele>
        <time>2018-03-25T13:53:37Z</time>
      </trkpt>
      <trkpt lat="49.33265" lon="6.54342">
        <ele>223.34</ele>
        <time>2018-03-25T13:53:47Z</time>
      </trkpt>
      <trkpt lat="49.33262" lon="6.54339">
        <ele>223.356</ele>
        <time>2018-03-25T13:53:57Z</time>
      </trkpt>
      <trkpt lat="49.33261" lon="6.54337">
        <ele>223.436</ele>
        <time>2018-03-25T13:54:09Z</time>
      </trkpt>
      <trkpt lat="49.33259" lon="6.54333">
        <ele>223.642</ele>
        <time>2018-03-25T13:54:19Z</time>
      </trkpt>
      <trkpt lat="49.33258" lon="6.54331">
        <ele>223.642</ele>
        <time>2018-03-25T13:54:49Z</time>
      </trkpt>
      <trkpt lat="49.33251" lon="6.54326">
        <ele>223.35</ele>
        <time>2018-03-25T13:54:59Z</time>
      </trkpt>
      <trkpt lat="49.33242" lon="6.54318">
        <ele>221.67</ele>
        <time>2018-03-25T13:55:09Z</time>
      </trkpt>
      <trkpt lat="49.33231" lon="6.5431">
        <ele>219.212</ele>
        <time>2018-03-25T13:55:19Z</time>
      </trkpt>
      <trkpt lat="49.3322" lon="6.54301">
        <ele>216.782</ele>
        <time>2018-03-25T13:55:29Z</time>
      </trkpt>
      <trkpt lat="49.33208" lon="6.54294">
        <ele>215.496</ele>
        <time>2018-03-25T13:55:39Z</time>
      </trkpt>
      <trkpt lat="49.33196" lon="6.54286">
        <ele>214.2</ele>
        <time>2018-03-25T13:55:49Z</time>
      </trkpt>
      <trkpt lat="49.33184" lon="6.54278">
        <ele>212.818</ele>
        <time>2018-03-25T13:55:59Z</time>
      </trkpt>
      <trkpt lat="49.33171" lon="6.54269">
        <ele>211.744</ele>
        <time>2018-03-25T13:56:09Z</time>
      </trkpt>
      <trkpt lat="49.33158" lon="6.54261">
        <ele>210.867</ele>
        <time>2018-03-25T13:56:19Z</time>
      </trkpt>
      <trkpt lat="49.33144" lon="6.54252">
        <ele>210.226</ele>
        <time>2018-03-25T13:56:29Z</time>
      </trkpt>
      <trkpt lat="49.33131" lon="6.54243">
        <ele>209.692</ele>
        <time>2018-03-25T13:56:39Z</time>
      </trkpt>
      <trkpt lat="49.3312" lon="6.54231">
        <ele>209.314</ele>
        <time>2018-03-25T13:56:49Z</time>
      </trkpt>
      <trkpt lat="49.33111" lon="6.5422">
        <ele>209.038</ele>
        <time>2018-03-25T13:56:59Z</time>
      </trkpt>
      <trkpt lat="49.331" lon="6.5421">
        <ele>207.745</ele>
        <time>2018-03-25T13:57:09Z</time>
      </trkpt>
      <trkpt lat="49.33091" lon="6.54199">
        <ele>206.372</ele>
        <time>2018-03-25T13:57:19Z</time>
      </trkpt>
      <trkpt lat="49.33079" lon="6.54183">
        <ele>205.635</ele>
        <time>2018-03-25T13:57:29Z</time>
      </trkpt>
      <trkpt lat="49.33068" lon="6.54169">
        <ele>205.136</ele>
        <time>2018-03-25T13:57:39Z</time>
      </trkpt>
      <trkpt lat="49.33058" lon="6.54155">
        <ele>205.023</ele>
        <time>2018-03-25T13:57:49Z</time>
      </trkpt>
      <trkpt lat="49.33048" lon="6.54143">
        <ele>205.938</ele>
        <time>2018-03-25T13:57:59Z</time>
      </trkpt>
      <trkpt lat="49.33038" lon="6.54131">
        <ele>206.777</ele>
        <time>2018-03-25T13:58:09Z</time>
      </trkpt>
      <trkpt lat="49.33026" lon="6.5412">
        <ele>206.898</ele>
        <time>2018-03-25T13:58:19Z</time>
      </trkpt>
      <trkpt lat="49.3301" lon="6.54111">
        <ele>206.723</ele>
        <time>2018-03-25T13:58:29Z</time>
      </trkpt>
      <trkpt lat="49.32998" lon="6.54107">
        <ele>205.866</ele>
        <time>2018-03-25T13:58:39Z</time>
      </trkpt>
      <trkpt lat="49.32986" lon="6.5411">
        <ele>204.477</ele>
        <time>2018-03-25T13:58:49Z</time>
      </trkpt>
      <trkpt lat="49.32975" lon="6.54114">
        <ele>203.389</ele>
        <time>2018-03-25T13:58:59Z</time>
      </trkpt>
      <trkpt lat="49.32967" lon="6.54121">
        <ele>203.551</ele>
        <time>2018-03-25T13:59:09Z</time>
      </trkpt>
      <trkpt lat="49.32958" lon="6.54128">
        <ele>204.124</ele>
        <time>2018-03-25T13:59:19Z</time>
      </trkpt>
      <trkpt lat="49.32947" lon="6.54133">
        <ele>204.685</ele>
        <time>2018-03-25T13:59:29Z</time>
      </trkpt>
      <trkpt lat="49.32937" lon="6.54138">
        <ele>205.812</ele>
        <time>2018-03-25T13:59:39Z</time>
      </trkpt>
      <trkpt lat="49.32921" lon="6.54141">
        <ele>207.579</ele>
        <time>2018-03-25T13:59:49Z</time>
      </trkpt>
      <trkpt lat="49.32912" lon="6.54148">
        <ele>208.627</ele>
        <time>2018-03-25T13:59:59Z</time>
      </trkpt>
      <trkpt lat="49.32901" lon="6.54156">
        <ele>209.415</ele>
        <time>2018-03-25T14:00:09Z</time>
      </trkpt>
      <trkpt lat="49.32893" lon="6.54161">
        <ele>209.815</ele>
        <time>2018-03-25T14:00:19Z</time>
      </trkpt>
      <trkpt lat="49.32883" lon="6.54171">
        <ele>210.168</ele>
        <time>2018-03-25T14:00:29Z</time>
      </trkpt>
      <trkpt lat="49.32871" lon="6.54177">
        <ele>210.4</ele>
        <time>2018-03-25T14:00:39Z</time>
      </trkpt>
      <trkpt lat="49.3286" lon="6.54184">
        <ele>210.295</ele>
        <time>2018-03-25T14:00:49Z</time>
      </trkpt>
      <trkpt lat="49.3284" lon="6.54187">
        <ele>208.971</ele>
        <time>2018-03-25T14:00:59Z</time>
      </trkpt>
      <trkpt lat="49.32824" lon="6.54191">
        <ele>207.648</ele>
        <time>2018-03-25T14:01:09Z</time>
      </trkpt>
      <trkpt lat="49.32813" lon="6.54197">
        <ele>206.317</ele>
        <time>2018-03-25T14:01:19Z</time>
      </trkpt>
      <trkpt lat="49.328" lon="6.54205">
        <ele>204.685</ele>
        <time>2018-03-25T14:01:29Z</time>
      </trkpt>
      <trkpt lat="49.32789" lon="6.5421">
        <ele>203.71</ele>
        <time>2018-03-25T14:01:39Z</time>
      </trkpt>
      <trkpt lat="49.32776" lon="6.54215">
        <ele>202.73</ele>
        <time>2018-03-25T14:01:49Z</time>
      </trkpt>
      <trkpt lat="49.32765" lon="6.54223">
        <ele>201.521</ele>
        <time>2018-03-25T14:01:59Z</time>
      </trkpt>
      <trkpt lat="49.32756" lon="6.5423">
        <ele>200.883</ele>
        <time>2018-03-25T14:02:09Z</time>
      </trkpt>
      <trkpt lat="49.32747" lon="6.54237">
        <ele>200.263</ele>
        <time>2018-03-25T14:02:19Z</time>
      </trkpt>
      <trkpt lat="49.32736" lon="6.54243">
        <ele>199.23</ele>
        <time>2018-03-25T14:02:29Z</time>
      </trkpt>
      <trkpt lat="49.32723" lon="6.54249">
        <ele>198.063</ele>
        <time>2018-03-25T14:02:39Z</time>
      </trkpt>
      <trkpt lat="49.32713" lon="6.54254">
        <ele>197.618</ele>
        <time>2018-03-25T14:02:49Z</time>
      </trkpt>
      <trkpt lat="49.32705" lon="6.5426">
        <ele>197.468</ele>
        <time>2018-03-25T14:02:59Z</time>
      </trkpt>
      <trkpt lat="49.32699" lon="6.54263">
        <ele>197.48</ele>
        <time>2018-03-25T14:03:09Z</time>
      </trkpt>
      <trkpt lat="49.32693" lon="6.54266">
        <ele>197.524</ele>
        <time>2018-03-25T14:03:19Z</time>
      </trkpt>
      <trkpt lat="49.32682" lon="6.54264">
        <ele>197.268</ele>
        <time>2018-03-25T14:03:29Z</time>
      </trkpt>
      <trkpt lat="49.32669" lon="6.54259">
        <ele>197.021</ele>
        <time>2018-03-25T14:03:39Z</time>
      </trkpt>
      <trkpt lat="49.32656" lon="6.54257">
        <ele>197.189</ele>
        <time>2018-03-25T14:03:49Z</time>
      </trkpt>
      <trkpt lat="49.32644" lon="6.54257">
        <ele>197.389</ele>
        <time>2018-03-25T14:03:59Z</time>
      </trkpt>
      <trkpt lat="49.3263" lon="6.5426">
        <ele>197.41</ele>
        <time>2018-03-25T14:04:09Z</time>
      </trkpt>
      <trkpt lat="49.32619" lon="6.54265">
        <ele>197.33</ele>
        <time>2018-03-25T14:04:19Z</time>
      </trkpt>
      <trkpt lat="49.32609" lon="6.5427">
        <ele>197.204</ele>
        <time>2018-03-25T14:04:29Z</time>
      </trkpt>
      <trkpt lat="49.32599" lon="6.5428">
        <ele>196.386</ele>
        <time>2018-03-25T14:04:39Z</time>
      </trkpt>
      <trkpt lat="49.32588" lon="6.54296">
        <ele>194.845</ele>
        <time>2018-03-25T14:04:49Z</time>
      </trkpt>
      <trkpt lat="49.32579" lon="6.54311">
        <ele>193.892</ele>
        <time>2018-03-25T14:04:59Z</time>
      </trkpt>
      <trkpt lat="49.32572" lon="6.54325">
        <ele>193.143</ele>
        <time>2018-03-25T14:05:09Z</time>
      </trkpt>
      <trkpt lat="49.32562" lon="6.54341">
        <ele>191.92</ele>
        <time>2018-03-25T14:05:19Z</time>
      </trkpt>
      <trkpt lat="49.32557" lon="6.54355">
        <ele>191.216</ele>
        <time>2018-03-25T14:05:29Z</time>
      </trkpt>
      <trkpt lat="49.32549" lon="6.54371">
        <ele>191.479</ele>
        <time>2018-03-25T14:05:39Z</time>
      </trkpt>
      <trkpt lat="49.32544" lon="6.5439">
        <ele>191.861</ele>
        <time>2018-03-25T14:05:49Z</time>
      </trkpt>
      <trkpt lat="49.32537" lon="6.54401">
        <ele>192.336</ele>
        <time>2018-03-25T14:05:59Z</time>
      </trkpt>
      <trkpt lat="49.32529" lon="6.54413">
        <ele>192.926</ele>
        <time>2018-03-25T14:06:09Z</time>
      </trkpt>
      <trkpt lat="49.32517" lon="6.54415">
        <ele>193.406</ele>
        <time>2018-03-25T14:06:19Z</time>
      </trkpt>
      <trkpt lat="49.32503" lon="6.54415">
        <ele>193.881</ele>
        <time>2018-03-25T14:06:29Z</time>
      </trkpt>
      <trkpt lat="49.32492" lon="6.54414">
        <ele>193.719</ele>
        <time>2018-03-25T14:06:39Z</time>
      </trkpt>
      <trkpt lat="49.32481" lon="6.54413">
        <ele>193.323</ele>
        <time>2018-03-25T14:06:49Z</time>
      </trkpt>
      <trkpt lat="49.32471" lon="6.54408">
        <ele>193</ele>
        <time>2018-03-25T14:06:59Z</time>
      </trkpt>
      <trkpt lat="49.3246" lon="6.54402">
        <ele>193</ele>
        <time>2018-03-25T14:07:09Z</time>
      </trkpt>
      <trkpt lat="49.32447" lon="6.544">
        <ele>193</ele>
        <time>2018-03-25T14:07:19Z</time>
      </trkpt>
      <trkpt lat="49.32437" lon="6.54398">
        <ele>193.177</ele>
        <time>2018-03-25T14:07:29Z</time>
      </trkpt>
      <trkpt lat="49.32429" lon="6.54391">
        <ele>193.497</ele>
        <time>2018-03-25T14:07:39Z</time>
      </trkpt>
      <trkpt lat="49.32421" lon="6.54379">
        <ele>193.904</ele>
        <time>2018-03-25T14:07:49Z</time>
      </trkpt>
      <trkpt lat="49.32413" lon="6.54369">
        <ele>193.825</ele>
        <time>2018-03-25T14:07:59Z</time>
      </trkpt>
      <trkpt lat="49.32412" lon="6.54368">
        <ele>193.788</ele>
        <time>2018-03-25T14:08:09Z</time>
      </trkpt>
      <trkpt lat="49.32412" lon="6.54368">
        <ele>193.785</ele>
        <time>2018-03-25T14:08:26Z</time>
      </trkpt>
    </trkseg>
  </trk>
</gpx>