<?xml version="1.0" encoding="UTF-8" standalone="no" ?>
<gpx xmlns="http://www.topografix.com/GPX/1/1" xmlns:xsi="http://www.w3.org/2001/XMLSchema-instance" xsi:schemaLocation="http://www.topografix.com/GPX/1/1 http://www.topografix.com/GPX/1/1/gpx.xsd" version="1.1" creator="VisuGPX - https://www.visugpx.com">
  <metadata>
    <name>Cergy - rando des coteaux de l'Hautil</name>
    <desc><![CDATA[[b]Départ et arrivée[/b] : gare de Cergy Saint-Christophe (Val d'Oise)
[b]Pour en savoir plus[/b] :
 "[url]https://portail-de-randos.fr/autres/IledeFrance/id_sentiers/Cergy_Hautil.htm[/url]"

On est en ville nouvelle et à la campagne. 

Cette ville est vraiment bien située sur la boucle de l'Oise et fournit des vues extraordinaires. Champs, villages et sous bois alternent pour notre grand plaisir. 

Nous avons même droit à une ferme pédagogique.

Bonne randonnée

Jean]]></desc>
  </metadata>
  <trk>
    <name><![CDATA[ACTIVE LOG: 13 JUIL 2015 09:52
       ]]></name>
    <trkseg>
      <trkpt lat="49.04913" lon="2.03386">
        <ele>95.79</ele>
        <time>2015-07-13T07:52:32Z
       </time>
      </trkpt>
      <trkpt lat="49.04936" lon="2.03416">
        <ele>99.15</ele>
        <time>2015-07-13T07:53:39Z
       </time>
      </trkpt>
      <trkpt lat="49.04926" lon="2.03416">
        <ele>102.04</ele>
        <time>2015-07-13T07:53:54Z
       </time>
      </trkpt>
      <trkpt lat="49.04925" lon="2.03416">
        <ele>102.04</ele>
        <time>2015-07-13T07:53:55Z
       </time>
      </trkpt>
      <trkpt lat="49.04911" lon="2.03419">
        <ele>104.44</ele>
        <time>2015-07-13T07:54:05Z
       </time>
      </trkpt>
      <trkpt lat="49.04895" lon="2.03419">
        <ele>103.96</ele>
        <time>2015-07-13T07:54:18Z
       </time>
      </trkpt>
      <trkpt lat="49.04889" lon="2.03419">
        <ele>103.96</ele>
        <time>2015-07-13T07:54:22Z
       </time>
      </trkpt>
      <trkpt lat="49.04877" lon="2.03417">
        <ele>102.04</ele>
        <time>2015-07-13T07:54:33Z
       </time>
      </trkpt>
      <trkpt lat="49.04872" lon="2.03413">
        <ele>100.6</ele>
        <time>2015-07-13T07:54:40Z
       </time>
      </trkpt>
      <trkpt lat="49.04858" lon="2.03412">
        <ele>98.19</ele>
        <time>2015-07-13T07:54:52Z
       </time>
      </trkpt>
      <trkpt lat="49.04846" lon="2.03406">
        <ele>96.27</ele>
        <time>2015-07-13T07:55:04Z
       </time>
      </trkpt>
      <trkpt lat="49.04832" lon="2.03411">
        <ele>94.83</ele>
        <time>2015-07-13T07:55:13Z
       </time>
      </trkpt>
      <trkpt lat="49.04827" lon="2.03409">
        <ele>95.79</ele>
        <time>2015-07-13T07:55:16Z
       </time>
      </trkpt>
      <trkpt lat="49.04821" lon="2.03405">
        <ele>96.75</ele>
        <time>2015-07-13T07:55:19Z
       </time>
      </trkpt>
      <trkpt lat="49.04812" lon="2.03407">
        <ele>99.63</ele>
        <time>2015-07-13T07:55:25Z
       </time>
      </trkpt>
      <trkpt lat="49.04796" lon="2.03401">
        <ele>103.48</ele>
        <time>2015-07-13T07:55:35Z
       </time>
      </trkpt>
      <trkpt lat="49.04788" lon="2.03394">
        <ele>105.4</ele>
        <time>2015-07-13T07:55:43Z
       </time>
      </trkpt>
      <trkpt lat="49.04773" lon="2.03386">
        <ele>105.4</ele>
        <time>2015-07-13T07:55:55Z
       </time>
      </trkpt>
      <trkpt lat="49.04764" lon="2.03389">
        <ele>104.44</ele>
        <time>2015-07-13T07:56:06Z
       </time>
      </trkpt>
      <trkpt lat="49.04755" lon="2.03388">
        <ele>103.48</ele>
        <time>2015-07-13T07:56:13Z
       </time>
      </trkpt>
      <trkpt lat="49.04752" lon="2.03386">
        <ele>103</ele>
        <time>2015-07-13T07:56:15Z
       </time>
      </trkpt>
      <trkpt lat="49.04749" lon="2.03385">
        <ele>102.52</ele>
        <time>2015-07-13T07:56:17Z
       </time>
      </trkpt>
      <trkpt lat="49.04734" lon="2.03382">
        <ele>104.92</ele>
        <time>2015-07-13T07:56:28Z
       </time>
      </trkpt>
      <trkpt lat="49.04722" lon="2.03383">
        <ele>105.4</ele>
        <time>2015-07-13T07:56:39Z
       </time>
      </trkpt>
      <trkpt lat="49.04718" lon="2.0338">
        <ele>106.36</ele>
        <time>2015-07-13T07:56:42Z
       </time>
      </trkpt>
      <trkpt lat="49.04713" lon="2.03377">
        <ele>107.81</ele>
        <time>2015-07-13T07:56:45Z
       </time>
      </trkpt>
      <trkpt lat="49.04704" lon="2.03376">
        <ele>109.73</ele>
        <time>2015-07-13T07:56:50Z
       </time>
      </trkpt>
      <trkpt lat="49.04697" lon="2.03374">
        <ele>111.17</ele>
        <time>2015-07-13T07:56:56Z
       </time>
      </trkpt>
      <trkpt lat="49.04693" lon="2.03369">
        <ele>112.13</ele>
        <time>2015-07-13T07:57:01Z
       </time>
      </trkpt>
      <trkpt lat="49.04685" lon="2.03365">
        <ele>114.05</ele>
        <time>2015-07-13T07:57:08Z
       </time>
      </trkpt>
      <trkpt lat="49.04674" lon="2.03361">
        <ele>116.46</ele>
        <time>2015-07-13T07:57:20Z
       </time>
      </trkpt>
      <trkpt lat="49.04656" lon="2.0336">
        <ele>119.34</ele>
        <time>2015-07-13T07:57:43Z
       </time>
      </trkpt>
      <trkpt lat="49.04655" lon="2.0336">
        <ele>119.34</ele>
        <time>2015-07-13T07:57:44Z
       </time>
      </trkpt>
      <trkpt lat="49.04638" lon="2.0336">
        <ele>120.3</ele>
        <time>2015-07-13T07:57:58Z
       </time>
      </trkpt>
      <trkpt lat="49.04633" lon="2.03363">
        <ele>121.74</ele>
        <time>2015-07-13T07:58:10Z
       </time>
      </trkpt>
      <trkpt lat="49.04626" lon="2.03361">
        <ele>121.26</ele>
        <time>2015-07-13T07:58:23Z
       </time>
      </trkpt>
      <trkpt lat="49.04613" lon="2.03361">
        <ele>119.34</ele>
        <time>2015-07-13T07:58:51Z
       </time>
      </trkpt>
      <trkpt lat="49.04604" lon="2.03362">
        <ele>116.94</ele>
        <time>2015-07-13T07:59:09Z
       </time>
      </trkpt>
      <trkpt lat="49.04586" lon="2.03366">
        <ele>116.46</ele>
        <time>2015-07-13T07:59:23Z
       </time>
      </trkpt>
      <trkpt lat="49.04579" lon="2.03376">
        <ele>115.01</ele>
        <time>2015-07-13T07:59:30Z
       </time>
      </trkpt>
      <trkpt lat="49.04571" lon="2.03387">
        <ele>111.17</ele>
        <time>2015-07-13T07:59:43Z
       </time>
      </trkpt>
      <trkpt lat="49.04563" lon="2.03399">
        <ele>106.84</ele>
        <time>2015-07-13T07:59:54Z
       </time>
      </trkpt>
      <trkpt lat="49.04557" lon="2.03417">
        <ele>101.08</ele>
        <time>2015-07-13T08:00:03Z
       </time>
      </trkpt>
      <trkpt lat="49.04546" lon="2.03415">
        <ele>100.11</ele>
        <time>2015-07-13T08:00:15Z
       </time>
      </trkpt>
      <trkpt lat="49.04535" lon="2.03431">
        <ele>102.04</ele>
        <time>2015-07-13T08:00:55Z
       </time>
      </trkpt>
      <trkpt lat="49.04532" lon="2.03435">
        <ele>102.52</ele>
        <time>2015-07-13T08:01:06Z
       </time>
      </trkpt>
      <trkpt lat="49.04524" lon="2.03442">
        <ele>103</ele>
        <time>2015-07-13T08:01:18Z
       </time>
      </trkpt>
      <trkpt lat="49.04509" lon="2.03459">
        <ele>103.96</ele>
        <time>2015-07-13T08:01:34Z
       </time>
      </trkpt>
      <trkpt lat="49.04491" lon="2.0348">
        <ele>103.96</ele>
        <time>2015-07-13T08:01:50Z
       </time>
      </trkpt>
      <trkpt lat="49.04472" lon="2.03499">
        <ele>103.96</ele>
        <time>2015-07-13T08:02:05Z
       </time>
      </trkpt>
      <trkpt lat="49.04454" lon="2.0352">
        <ele>102.04</ele>
        <time>2015-07-13T08:02:22Z
       </time>
      </trkpt>
      <trkpt lat="49.04438" lon="2.03538">
        <ele>101.08</ele>
        <time>2015-07-13T08:02:37Z
       </time>
      </trkpt>
      <trkpt lat="49.04437" lon="2.03539">
        <ele>101.08</ele>
        <time>2015-07-13T08:02:41Z
       </time>
      </trkpt>
      <trkpt lat="49.04421" lon="2.0356">
        <ele>98.67</ele>
        <time>2015-07-13T08:02:58Z
       </time>
      </trkpt>
      <trkpt lat="49.04402" lon="2.0358">
        <ele>97.71</ele>
        <time>2015-07-13T08:03:15Z
       </time>
      </trkpt>
      <trkpt lat="49.0439" lon="2.03594">
        <ele>98.19</ele>
        <time>2015-07-13T08:03:27Z
       </time>
      </trkpt>
      <trkpt lat="49.04386" lon="2.03599">
        <ele>98.67</ele>
        <time>2015-07-13T08:03:31Z
       </time>
      </trkpt>
      <trkpt lat="49.04382" lon="2.03604">
        <ele>99.15</ele>
        <time>2015-07-13T08:03:36Z
       </time>
      </trkpt>
      <trkpt lat="49.04367" lon="2.03621">
        <ele>99.63</ele>
        <time>2015-07-13T08:03:51Z
       </time>
      </trkpt>
      <trkpt lat="49.04352" lon="2.03638">
        <ele>98.19</ele>
        <time>2015-07-13T08:04:06Z
       </time>
      </trkpt>
      <trkpt lat="49.04331" lon="2.03662">
        <ele>96.75</ele>
        <time>2015-07-13T08:04:25Z
       </time>
      </trkpt>
      <trkpt lat="49.04329" lon="2.03664">
        <ele>96.75</ele>
        <time>2015-07-13T08:04:27Z
       </time>
      </trkpt>
      <trkpt lat="49.04328" lon="2.03666">
        <ele>97.23</ele>
        <time>2015-07-13T08:04:29Z
       </time>
      </trkpt>
      <trkpt lat="49.04323" lon="2.03671">
        <ele>97.23</ele>
        <time>2015-07-13T08:04:34Z
       </time>
      </trkpt>
      <trkpt lat="49.04305" lon="2.0369">
        <ele>94.83</ele>
        <time>2015-07-13T08:04:50Z
       </time>
      </trkpt>
      <trkpt lat="49.04291" lon="2.03708">
        <ele>94.35</ele>
        <time>2015-07-13T08:05:04Z
       </time>
      </trkpt>
      <trkpt lat="49.04275" lon="2.03729">
        <ele>93.39</ele>
        <time>2015-07-13T08:05:20Z
       </time>
      </trkpt>
      <trkpt lat="49.04258" lon="2.03745">
        <ele>92.9</ele>
        <time>2015-07-13T08:05:36Z
       </time>
      </trkpt>
      <trkpt lat="49.04257" lon="2.03747">
        <ele>93.39</ele>
        <time>2015-07-13T08:05:50Z
       </time>
      </trkpt>
      <trkpt lat="49.04251" lon="2.03754">
        <ele>93.87</ele>
        <time>2015-07-13T08:05:56Z
       </time>
      </trkpt>
      <trkpt lat="49.04234" lon="2.03772">
        <ele>92.9</ele>
        <time>2015-07-13T08:06:14Z
       </time>
      </trkpt>
      <trkpt lat="49.04227" lon="2.03779">
        <ele>91.94</ele>
        <time>2015-07-13T08:06:29Z
       </time>
      </trkpt>
      <trkpt lat="49.04221" lon="2.03785">
        <ele>91.94</ele>
        <time>2015-07-13T08:06:40Z
       </time>
      </trkpt>
      <trkpt lat="49.04216" lon="2.0379">
        <ele>90.5</ele>
        <time>2015-07-13T08:08:12Z
       </time>
      </trkpt>
      <trkpt lat="49.04211" lon="2.03797">
        <ele>88.1</ele>
        <time>2015-07-13T08:08:23Z
       </time>
      </trkpt>
      <trkpt lat="49.0421" lon="2.03798">
        <ele>88.1</ele>
        <time>2015-07-13T08:08:25Z
       </time>
      </trkpt>
      <trkpt lat="49.042" lon="2.03808">
        <ele>87.62</ele>
        <time>2015-07-13T08:08:41Z
       </time>
      </trkpt>
      <trkpt lat="49.04194" lon="2.03815">
        <ele>84.25</ele>
        <time>2015-07-13T08:08:56Z
       </time>
      </trkpt>
      <trkpt lat="49.04189" lon="2.0382">
        <ele>81.85</ele>
        <time>2015-07-13T08:09:08Z
       </time>
      </trkpt>
      <trkpt lat="49.04186" lon="2.03824">
        <ele>79.45</ele>
        <time>2015-07-13T08:09:19Z
       </time>
      </trkpt>
      <trkpt lat="49.04182" lon="2.03829">
        <ele>76.08</ele>
        <time>2015-07-13T08:09:32Z
       </time>
      </trkpt>
      <trkpt lat="49.0418" lon="2.03831">
        <ele>75.6</ele>
        <time>2015-07-13T08:10:08Z
       </time>
      </trkpt>
      <trkpt lat="49.04172" lon="2.0384">
        <ele>73.2</ele>
        <time>2015-07-13T08:10:20Z
       </time>
      </trkpt>
      <trkpt lat="49.04165" lon="2.03849">
        <ele>70.79</ele>
        <time>2015-07-13T08:10:34Z
       </time>
      </trkpt>
      <trkpt lat="49.04162" lon="2.03852">
        <ele>70.79</ele>
        <time>2015-07-13T08:10:45Z
       </time>
      </trkpt>
      <trkpt lat="49.04162" lon="2.03853">
        <ele>70.79</ele>
        <time>2015-07-13T08:11:06Z
       </time>
      </trkpt>
      <trkpt lat="49.04154" lon="2.0384">
        <ele>69.35</ele>
        <time>2015-07-13T08:11:17Z
       </time>
      </trkpt>
      <trkpt lat="49.04153" lon="2.03836">
        <ele>68.87</ele>
        <time>2015-07-13T08:11:20Z
       </time>
      </trkpt>
      <trkpt lat="49.04144" lon="2.03822">
        <ele>68.87</ele>
        <time>2015-07-13T08:11:33Z
       </time>
      </trkpt>
      <trkpt lat="49.04135" lon="2.0381">
        <ele>70.31</ele>
        <time>2015-07-13T08:11:44Z
       </time>
      </trkpt>
      <trkpt lat="49.04131" lon="2.03801">
        <ele>72.24</ele>
        <time>2015-07-13T08:11:51Z
       </time>
      </trkpt>
      <trkpt lat="49.04119" lon="2.03787">
        <ele>73.2</ele>
        <time>2015-07-13T08:12:02Z
       </time>
      </trkpt>
      <trkpt lat="49.04113" lon="2.03773">
        <ele>73.68</ele>
        <time>2015-07-13T08:12:11Z
       </time>
      </trkpt>
      <trkpt lat="49.04113" lon="2.03772">
        <ele>73.68</ele>
        <time>2015-07-13T08:12:12Z
       </time>
      </trkpt>
      <trkpt lat="49.04106" lon="2.0376">
        <ele>74.64</ele>
        <time>2015-07-13T08:12:21Z
       </time>
      </trkpt>
      <trkpt lat="49.04097" lon="2.03748">
        <ele>77.04</ele>
        <time>2015-07-13T08:12:30Z
       </time>
      </trkpt>
      <trkpt lat="49.04082" lon="2.03728">
        <ele>80.89</ele>
        <time>2015-07-13T08:12:42Z
       </time>
      </trkpt>
      <trkpt lat="49.04081" lon="2.03723">
        <ele>81.85</ele>
        <time>2015-07-13T08:12:44Z
       </time>
      </trkpt>
      <trkpt lat="49.04078" lon="2.0372">
        <ele>82.81</ele>
        <time>2015-07-13T08:12:46Z
       </time>
      </trkpt>
      <trkpt lat="49.04073" lon="2.03711">
        <ele>85.21</ele>
        <time>2015-07-13T08:12:51Z
       </time>
      </trkpt>
      <trkpt lat="49.04069" lon="2.03704">
        <ele>87.14</ele>
        <time>2015-07-13T08:12:56Z
       </time>
      </trkpt>
      <trkpt lat="49.04057" lon="2.03697">
        <ele>90.02</ele>
        <time>2015-07-13T08:13:05Z
       </time>
      </trkpt>
      <trkpt lat="49.04048" lon="2.03689">
        <ele>90.02</ele>
        <time>2015-07-13T08:13:13Z
       </time>
      </trkpt>
      <trkpt lat="49.04046" lon="2.03686">
        <ele>89.54</ele>
        <time>2015-07-13T08:13:24Z
       </time>
      </trkpt>
      <trkpt lat="49.04039" lon="2.03679">
        <ele>89.54</ele>
        <time>2015-07-13T08:13:31Z
       </time>
      </trkpt>
      <trkpt lat="49.04031" lon="2.03665">
        <ele>90.98</ele>
        <time>2015-07-13T08:13:40Z
       </time>
      </trkpt>
      <trkpt lat="49.04021" lon="2.03645">
        <ele>89.54</ele>
        <time>2015-07-13T08:13:51Z
       </time>
      </trkpt>
      <trkpt lat="49.04014" lon="2.03636">
        <ele>88.58</ele>
        <time>2015-07-13T08:13:57Z
       </time>
      </trkpt>
      <trkpt lat="49.04001" lon="2.03623">
        <ele>87.62</ele>
        <time>2015-07-13T08:14:07Z
       </time>
      </trkpt>
      <trkpt lat="49.0399" lon="2.0361">
        <ele>88.58</ele>
        <time>2015-07-13T08:14:16Z
       </time>
      </trkpt>
      <trkpt lat="49.03985" lon="2.03605">
        <ele>88.58</ele>
        <time>2015-07-13T08:14:20Z
       </time>
      </trkpt>
      <trkpt lat="49.03975" lon="2.03599">
        <ele>90.5</ele>
        <time>2015-07-13T08:14:27Z
       </time>
      </trkpt>
      <trkpt lat="49.0396" lon="2.03579">
        <ele>90.98</ele>
        <time>2015-07-13T08:14:39Z
       </time>
      </trkpt>
      <trkpt lat="49.03951" lon="2.0357">
        <ele>89.54</ele>
        <time>2015-07-13T08:14:48Z
       </time>
      </trkpt>
      <trkpt lat="49.03944" lon="2.0357">
        <ele>89.54</ele>
        <time>2015-07-13T08:15:36Z
       </time>
      </trkpt>
      <trkpt lat="49.03933" lon="2.03564">
        <ele>91.46</ele>
        <time>2015-07-13T08:15:45Z
       </time>
      </trkpt>
      <trkpt lat="49.03932" lon="2.03563">
        <ele>91.94</ele>
        <time>2015-07-13T08:15:46Z
       </time>
      </trkpt>
      <trkpt lat="49.03914" lon="2.03551">
        <ele>94.35</ele>
        <time>2015-07-13T08:15:59Z
       </time>
      </trkpt>
      <trkpt lat="49.03904" lon="2.03539">
        <ele>94.35</ele>
        <time>2015-07-13T08:16:07Z
       </time>
      </trkpt>
      <trkpt lat="49.03889" lon="2.0352">
        <ele>94.83</ele>
        <time>2015-07-13T08:16:21Z
       </time>
      </trkpt>
      <trkpt lat="49.03886" lon="2.03517">
        <ele>94.83</ele>
        <time>2015-07-13T08:16:23Z
       </time>
      </trkpt>
      <trkpt lat="49.03871" lon="2.03503">
        <ele>93.87</ele>
        <time>2015-07-13T08:16:34Z
       </time>
      </trkpt>
      <trkpt lat="49.03869" lon="2.03501">
        <ele>94.35</ele>
        <time>2015-07-13T08:16:36Z
       </time>
      </trkpt>
      <trkpt lat="49.03861" lon="2.03496">
        <ele>95.79</ele>
        <time>2015-07-13T08:16:42Z
       </time>
      </trkpt>
      <trkpt lat="49.0385" lon="2.03484">
        <ele>96.75</ele>
        <time>2015-07-13T08:16:51Z
       </time>
      </trkpt>
      <trkpt lat="49.03847" lon="2.03481">
        <ele>97.23</ele>
        <time>2015-07-13T08:16:54Z
       </time>
      </trkpt>
      <trkpt lat="49.03843" lon="2.03475">
        <ele>95.31</ele>
        <time>2015-07-13T08:16:58Z
       </time>
      </trkpt>
      <trkpt lat="49.03836" lon="2.03462">
        <ele>90.02</ele>
        <time>2015-07-13T08:17:06Z
       </time>
      </trkpt>
      <trkpt lat="49.03827" lon="2.03448">
        <ele>87.62</ele>
        <time>2015-07-13T08:17:15Z
       </time>
      </trkpt>
      <trkpt lat="49.03815" lon="2.03436">
        <ele>87.14</ele>
        <time>2015-07-13T08:17:24Z
       </time>
      </trkpt>
      <trkpt lat="49.03811" lon="2.03431">
        <ele>87.62</ele>
        <time>2015-07-13T08:17:28Z
       </time>
      </trkpt>
      <trkpt lat="49.03804" lon="2.03426">
        <ele>87.62</ele>
        <time>2015-07-13T08:17:32Z
       </time>
      </trkpt>
      <trkpt lat="49.03787" lon="2.03414">
        <ele>90.02</ele>
        <time>2015-07-13T08:17:44Z
       </time>
      </trkpt>
      <trkpt lat="49.03783" lon="2.03411">
        <ele>90.02</ele>
        <time>2015-07-13T08:17:47Z
       </time>
      </trkpt>
      <trkpt lat="49.03776" lon="2.03404">
        <ele>90.02</ele>
        <time>2015-07-13T08:17:52Z
       </time>
      </trkpt>
      <trkpt lat="49.03761" lon="2.0339">
        <ele>93.39</ele>
        <time>2015-07-13T08:18:04Z
       </time>
      </trkpt>
      <trkpt lat="49.03756" lon="2.03383">
        <ele>94.35</ele>
        <time>2015-07-13T08:18:08Z
       </time>
      </trkpt>
      <trkpt lat="49.03744" lon="2.03371">
        <ele>98.19</ele>
        <time>2015-07-13T08:18:18Z
       </time>
      </trkpt>
      <trkpt lat="49.03733" lon="2.03354">
        <ele>101.08</ele>
        <time>2015-07-13T08:18:29Z
       </time>
      </trkpt>
      <trkpt lat="49.03717" lon="2.0334">
        <ele>103.48</ele>
        <time>2015-07-13T08:18:40Z
       </time>
      </trkpt>
      <trkpt lat="49.03702" lon="2.03325">
        <ele>107.81</ele>
        <time>2015-07-13T08:18:53Z
       </time>
      </trkpt>
      <trkpt lat="49.037" lon="2.03323">
        <ele>108.77</ele>
        <time>2015-07-13T08:18:55Z
       </time>
      </trkpt>
      <trkpt lat="49.03689" lon="2.03302">
        <ele>113.57</ele>
        <time>2015-07-13T08:19:08Z
       </time>
      </trkpt>
      <trkpt lat="49.03681" lon="2.03282">
        <ele>118.86</ele>
        <time>2015-07-13T08:19:21Z
       </time>
      </trkpt>
      <trkpt lat="49.03672" lon="2.03259">
        <ele>126.55</ele>
        <time>2015-07-13T08:19:35Z
       </time>
      </trkpt>
      <trkpt lat="49.03664" lon="2.03236">
        <ele>131.36</ele>
        <time>2015-07-13T08:19:47Z
       </time>
      </trkpt>
      <trkpt lat="49.0366" lon="2.03222">
        <ele>134.24</ele>
        <time>2015-07-13T08:19:55Z
       </time>
      </trkpt>
      <trkpt lat="49.03654" lon="2.03194">
        <ele>136.16</ele>
        <time>2015-07-13T08:20:09Z
       </time>
      </trkpt>
      <trkpt lat="49.03648" lon="2.03162">
        <ele>140.01</ele>
        <time>2015-07-13T08:20:26Z
       </time>
      </trkpt>
      <trkpt lat="49.03642" lon="2.03139">
        <ele>140.49</ele>
        <time>2015-07-13T08:20:36Z
       </time>
      </trkpt>
      <trkpt lat="49.0364" lon="2.03138">
        <ele>140.97</ele>
        <time>2015-07-13T08:20:38Z
       </time>
      </trkpt>
      <trkpt lat="49.03636" lon="2.03117">
        <ele>138.09</ele>
        <time>2015-07-13T08:20:47Z
       </time>
      </trkpt>
      <trkpt lat="49.03627" lon="2.03091">
        <ele>135.68</ele>
        <time>2015-07-13T08:20:59Z
       </time>
      </trkpt>
      <trkpt lat="49.03625" lon="2.03081">
        <ele>135.68</ele>
        <time>2015-07-13T08:21:03Z
       </time>
      </trkpt>
      <trkpt lat="49.03623" lon="2.0307">
        <ele>135.2</ele>
        <time>2015-07-13T08:21:07Z
       </time>
      </trkpt>
      <trkpt lat="49.03612" lon="2.03055">
        <ele>133.76</ele>
        <time>2015-07-13T08:21:15Z
       </time>
      </trkpt>
      <trkpt lat="49.03607" lon="2.03048">
        <ele>133.28</ele>
        <time>2015-07-13T08:21:20Z
       </time>
      </trkpt>
      <trkpt lat="49.03605" lon="2.03043">
        <ele>133.28</ele>
        <time>2015-07-13T08:21:23Z
       </time>
      </trkpt>
      <trkpt lat="49.03618" lon="2.02986">
        <ele>114.05</ele>
        <time>2015-07-13T08:21:31Z
       </time>
      </trkpt>
      <trkpt lat="49.03617" lon="2.02959">
        <ele>100.11</ele>
        <time>2015-07-13T08:21:38Z
       </time>
      </trkpt>
      <trkpt lat="49.03601" lon="2.02947">
        <ele>89.06</ele>
        <time>2015-07-13T08:21:48Z
       </time>
      </trkpt>
      <trkpt lat="49.03586" lon="2.02946">
        <ele>86.18</ele>
        <time>2015-07-13T08:22:01Z
       </time>
      </trkpt>
      <trkpt lat="49.03585" lon="2.02945">
        <ele>86.18</ele>
        <time>2015-07-13T08:22:02Z
       </time>
      </trkpt>
      <trkpt lat="49.03571" lon="2.02945">
        <ele>84.73</ele>
        <time>2015-07-13T08:22:13Z
       </time>
      </trkpt>
      <trkpt lat="49.03559" lon="2.02945">
        <ele>83.29</ele>
        <time>2015-07-13T08:22:25Z
       </time>
      </trkpt>
      <trkpt lat="49.03544" lon="2.02948">
        <ele>80.41</ele>
        <time>2015-07-13T08:22:37Z
       </time>
      </trkpt>
      <trkpt lat="49.0353" lon="2.02961">
        <ele>77.04</ele>
        <time>2015-07-13T08:22:47Z
       </time>
      </trkpt>
      <trkpt lat="49.03519" lon="2.0297">
        <ele>74.64</ele>
        <time>2015-07-13T08:22:51Z
       </time>
      </trkpt>
      <trkpt lat="49.03499" lon="2.02996">
        <ele>71.27</ele>
        <time>2015-07-13T08:23:02Z
       </time>
      </trkpt>
      <trkpt lat="49.03498" lon="2.02999">
        <ele>71.27</ele>
        <time>2015-07-13T08:23:05Z
       </time>
      </trkpt>
      <trkpt lat="49.03499" lon="2.03006">
        <ele>70.79</ele>
        <time>2015-07-13T08:23:09Z
       </time>
      </trkpt>
      <trkpt lat="49.03502" lon="2.03017">
        <ele>69.83</ele>
        <time>2015-07-13T08:23:31Z
       </time>
      </trkpt>
      <trkpt lat="49.03504" lon="2.03031">
        <ele>67.43</ele>
        <time>2015-07-13T08:23:45Z
       </time>
      </trkpt>
      <trkpt lat="49.03504" lon="2.03032">
        <ele>66.95</ele>
        <time>2015-07-13T08:23:46Z
       </time>
      </trkpt>
      <trkpt lat="49.03501" lon="2.0305">
        <ele>66.95</ele>
        <time>2015-07-13T08:23:58Z
       </time>
      </trkpt>
      <trkpt lat="49.03503" lon="2.03053">
        <ele>67.91</ele>
        <time>2015-07-13T08:24:20Z
       </time>
      </trkpt>
      <trkpt lat="49.03496" lon="2.03074">
        <ele>65.51</ele>
        <time>2015-07-13T08:24:37Z
       </time>
      </trkpt>
      <trkpt lat="49.03493" lon="2.03081">
        <ele>64.55</ele>
        <time>2015-07-13T08:24:41Z
       </time>
      </trkpt>
      <trkpt lat="49.03488" lon="2.03097">
        <ele>63.1</ele>
        <time>2015-07-13T08:24:49Z
       </time>
      </trkpt>
      <trkpt lat="49.03483" lon="2.03103">
        <ele>62.14</ele>
        <time>2015-07-13T08:24:53Z
       </time>
      </trkpt>
      <trkpt lat="49.03471" lon="2.03131">
        <ele>58.3</ele>
        <time>2015-07-13T08:25:09Z
       </time>
      </trkpt>
      <trkpt lat="49.0347" lon="2.03137">
        <ele>56.86</ele>
        <time>2015-07-13T08:25:28Z
       </time>
      </trkpt>
      <trkpt lat="49.03471" lon="2.03134">
        <ele>57.34</ele>
        <time>2015-07-13T08:25:48Z
       </time>
      </trkpt>
      <trkpt lat="49.03471" lon="2.03133">
        <ele>56.86</ele>
        <time>2015-07-13T08:25:56Z
       </time>
      </trkpt>
      <trkpt lat="49.03461" lon="2.03134">
        <ele>56.37</ele>
        <time>2015-07-13T08:26:04Z
       </time>
      </trkpt>
      <trkpt lat="49.03451" lon="2.03133">
        <ele>58.3</ele>
        <time>2015-07-13T08:26:16Z
       </time>
      </trkpt>
      <trkpt lat="49.03437" lon="2.03133">
        <ele>58.78</ele>
        <time>2015-07-13T08:26:30Z
       </time>
      </trkpt>
      <trkpt lat="49.03423" lon="2.03136">
        <ele>58.3</ele>
        <time>2015-07-13T08:26:42Z
       </time>
      </trkpt>
      <trkpt lat="49.03422" lon="2.03137">
        <ele>58.3</ele>
        <time>2015-07-13T08:26:43Z
       </time>
      </trkpt>
      <trkpt lat="49.03406" lon="2.03147">
        <ele>56.86</ele>
        <time>2015-07-13T08:26:56Z
       </time>
      </trkpt>
      <trkpt lat="49.03391" lon="2.03155">
        <ele>58.3</ele>
        <time>2015-07-13T08:27:09Z
       </time>
      </trkpt>
      <trkpt lat="49.0338" lon="2.03155">
        <ele>58.78</ele>
        <time>2015-07-13T08:27:24Z
       </time>
      </trkpt>
      <trkpt lat="49.03371" lon="2.03158">
        <ele>57.82</ele>
        <time>2015-07-13T08:27:36Z
       </time>
      </trkpt>
      <trkpt lat="49.03367" lon="2.03165">
        <ele>56.86</ele>
        <time>2015-07-13T08:27:51Z
       </time>
      </trkpt>
      <trkpt lat="49.03368" lon="2.03165">
        <ele>57.34</ele>
        <time>2015-07-13T08:27:53Z
       </time>
      </trkpt>
      <trkpt lat="49.03367" lon="2.03156">
        <ele>58.3</ele>
        <time>2015-07-13T08:28:02Z
       </time>
      </trkpt>
      <trkpt lat="49.03368" lon="2.0315">
        <ele>59.26</ele>
        <time>2015-07-13T08:28:15Z
       </time>
      </trkpt>
      <trkpt lat="49.03372" lon="2.03149">
        <ele>60.22</ele>
        <time>2015-07-13T08:28:26Z
       </time>
      </trkpt>
      <trkpt lat="49.03373" lon="2.03135">
        <ele>61.18</ele>
        <time>2015-07-13T08:29:28Z
       </time>
      </trkpt>
      <trkpt lat="49.03379" lon="2.03115">
        <ele>59.26</ele>
        <time>2015-07-13T08:29:38Z
       </time>
      </trkpt>
      <trkpt lat="49.03379" lon="2.03113">
        <ele>59.26</ele>
        <time>2015-07-13T08:29:39Z
       </time>
      </trkpt>
      <trkpt lat="49.0338" lon="2.0311">
        <ele>59.26</ele>
        <time>2015-07-13T08:29:41Z
       </time>
      </trkpt>
      <trkpt lat="49.03381" lon="2.03101">
        <ele>58.78</ele>
        <time>2015-07-13T08:29:47Z
       </time>
      </trkpt>
      <trkpt lat="49.03382" lon="2.03086">
        <ele>59.26</ele>
        <time>2015-07-13T08:29:58Z
       </time>
      </trkpt>
      <trkpt lat="49.03385" lon="2.03076">
        <ele>59.74</ele>
        <time>2015-07-13T08:30:05Z
       </time>
      </trkpt>
      <trkpt lat="49.03387" lon="2.03064">
        <ele>59.74</ele>
        <time>2015-07-13T08:30:21Z
       </time>
      </trkpt>
      <trkpt lat="49.03386" lon="2.03049">
        <ele>58.78</ele>
        <time>2015-07-13T08:30:44Z
       </time>
      </trkpt>
      <trkpt lat="49.03386" lon="2.03044">
        <ele>58.78</ele>
        <time>2015-07-13T08:30:48Z
       </time>
      </trkpt>
      <trkpt lat="49.03395" lon="2.03019">
        <ele>57.82</ele>
        <time>2015-07-13T08:31:00Z
       </time>
      </trkpt>
      <trkpt lat="49.03398" lon="2.03008">
        <ele>56.86</ele>
        <time>2015-07-13T08:31:09Z
       </time>
      </trkpt>
      <trkpt lat="49.03402" lon="2.02992">
        <ele>56.86</ele>
        <time>2015-07-13T08:31:21Z
       </time>
      </trkpt>
      <trkpt lat="49.03402" lon="2.02988">
        <ele>57.82</ele>
        <time>2015-07-13T08:31:37Z
       </time>
      </trkpt>
      <trkpt lat="49.03399" lon="2.02995">
        <ele>60.22</ele>
        <time>2015-07-13T08:31:46Z
       </time>
      </trkpt>
      <trkpt lat="49.03396" lon="2.03002">
        <ele>65.51</ele>
        <time>2015-07-13T08:31:56Z
       </time>
      </trkpt>
      <trkpt lat="49.03388" lon="2.03003">
        <ele>71.76</ele>
        <time>2015-07-13T08:32:11Z
       </time>
      </trkpt>
      <trkpt lat="49.03376" lon="2.02993">
        <ele>77.52</ele>
        <time>2015-07-13T08:32:24Z
       </time>
      </trkpt>
      <trkpt lat="49.03369" lon="2.02989">
        <ele>81.37</ele>
        <time>2015-07-13T08:32:32Z
       </time>
      </trkpt>
      <trkpt lat="49.03364" lon="2.02985">
        <ele>83.29</ele>
        <time>2015-07-13T08:32:38Z
       </time>
      </trkpt>
      <trkpt lat="49.0335" lon="2.02983">
        <ele>86.66</ele>
        <time>2015-07-13T08:32:53Z
       </time>
      </trkpt>
      <trkpt lat="49.03346" lon="2.02978">
        <ele>89.06</ele>
        <time>2015-07-13T08:33:00Z
       </time>
      </trkpt>
      <trkpt lat="49.03337" lon="2.02968">
        <ele>92.42</ele>
        <time>2015-07-13T08:33:12Z
       </time>
      </trkpt>
      <trkpt lat="49.03337" lon="2.02967">
        <ele>92.42</ele>
        <time>2015-07-13T08:33:13Z
       </time>
      </trkpt>
      <trkpt lat="49.03336" lon="2.02958">
        <ele>94.83</ele>
        <time>2015-07-13T08:33:20Z
       </time>
      </trkpt>
      <trkpt lat="49.03323" lon="2.02944">
        <ele>100.6</ele>
        <time>2015-07-13T08:33:34Z
       </time>
      </trkpt>
      <trkpt lat="49.03314" lon="2.02937">
        <ele>103.48</ele>
        <time>2015-07-13T08:33:45Z
       </time>
      </trkpt>
      <trkpt lat="49.03299" lon="2.02933">
        <ele>106.36</ele>
        <time>2015-07-13T08:34:01Z
       </time>
      </trkpt>
      <trkpt lat="49.03288" lon="2.02931">
        <ele>107.81</ele>
        <time>2015-07-13T08:34:10Z
       </time>
      </trkpt>
      <trkpt lat="49.03277" lon="2.02926">
        <ele>111.65</ele>
        <time>2015-07-13T08:34:21Z
       </time>
      </trkpt>
      <trkpt lat="49.03262" lon="2.02914">
        <ele>114.05</ele>
        <time>2015-07-13T08:34:36Z
       </time>
      </trkpt>
      <trkpt lat="49.0325" lon="2.02909">
        <ele>116.94</ele>
        <time>2015-07-13T08:34:48Z
       </time>
      </trkpt>
      <trkpt lat="49.03239" lon="2.02907">
        <ele>119.82</ele>
        <time>2015-07-13T08:34:56Z
       </time>
      </trkpt>
      <trkpt lat="49.03226" lon="2.02896">
        <ele>121.74</ele>
        <time>2015-07-13T08:35:08Z
       </time>
      </trkpt>
      <trkpt lat="49.03226" lon="2.02895">
        <ele>121.74</ele>
        <time>2015-07-13T08:35:09Z
       </time>
      </trkpt>
      <trkpt lat="49.03222" lon="2.02888">
        <ele>122.22</ele>
        <time>2015-07-13T08:35:14Z
       </time>
      </trkpt>
      <trkpt lat="49.03218" lon="2.02881">
        <ele>122.71</ele>
        <time>2015-07-13T08:35:19Z
       </time>
      </trkpt>
      <trkpt lat="49.0321" lon="2.02866">
        <ele>121.26</ele>
        <time>2015-07-13T08:35:29Z
       </time>
      </trkpt>
      <trkpt lat="49.03189" lon="2.02856">
        <ele>122.22</ele>
        <time>2015-07-13T08:35:49Z
       </time>
      </trkpt>
      <trkpt lat="49.03187" lon="2.02857">
        <ele>121.74</ele>
        <time>2015-07-13T08:35:51Z
       </time>
      </trkpt>
      <trkpt lat="49.03182" lon="2.02857">
        <ele>121.26</ele>
        <time>2015-07-13T08:35:54Z
       </time>
      </trkpt>
      <trkpt lat="49.03162" lon="2.0286">
        <ele>118.86</ele>
        <time>2015-07-13T08:36:06Z
       </time>
      </trkpt>
      <trkpt lat="49.03156" lon="2.02863">
        <ele>117.9</ele>
        <time>2015-07-13T08:36:10Z
       </time>
      </trkpt>
      <trkpt lat="49.03133" lon="2.02868">
        <ele>113.09</ele>
        <time>2015-07-13T08:36:26Z
       </time>
      </trkpt>
      <trkpt lat="49.03129" lon="2.02868">
        <ele>111.65</ele>
        <time>2015-07-13T08:36:29Z
       </time>
      </trkpt>
      <trkpt lat="49.03107" lon="2.02864">
        <ele>108.77</ele>
        <time>2015-07-13T08:36:45Z
       </time>
      </trkpt>
      <trkpt lat="49.0309" lon="2.0286">
        <ele>105.4</ele>
        <time>2015-07-13T08:36:59Z
       </time>
      </trkpt>
      <trkpt lat="49.03073" lon="2.02876">
        <ele>102.52</ele>
        <time>2015-07-13T08:37:13Z
       </time>
      </trkpt>
      <trkpt lat="49.03071" lon="2.02879">
        <ele>102.04</ele>
        <time>2015-07-13T08:37:31Z
       </time>
      </trkpt>
      <trkpt lat="49.03069" lon="2.02881">
        <ele>102.04</ele>
        <time>2015-07-13T08:37:39Z
       </time>
      </trkpt>
      <trkpt lat="49.03062" lon="2.02887">
        <ele>101.08</ele>
        <time>2015-07-13T08:37:45Z
       </time>
      </trkpt>
      <trkpt lat="49.03057" lon="2.02887">
        <ele>101.56</ele>
        <time>2015-07-13T08:37:49Z
       </time>
      </trkpt>
      <trkpt lat="49.03036" lon="2.02887">
        <ele>103.48</ele>
        <time>2015-07-13T08:38:05Z
       </time>
      </trkpt>
      <trkpt lat="49.03029" lon="2.0289">
        <ele>103.48</ele>
        <time>2015-07-13T08:38:12Z
       </time>
      </trkpt>
      <trkpt lat="49.03009" lon="2.02897">
        <ele>104.92</ele>
        <time>2015-07-13T08:38:28Z
       </time>
      </trkpt>
      <trkpt lat="49.02995" lon="2.029">
        <ele>104.92</ele>
        <time>2015-07-13T08:38:39Z
       </time>
      </trkpt>
      <trkpt lat="49.02991" lon="2.029">
        <ele>102.04</ele>
        <time>2015-07-13T08:39:01Z
       </time>
      </trkpt>
    </trkseg>
  </trk>
  <trk>
    <name><![CDATA[ACTIVE LOG: 13 JUIL 2015 10:39
       ]]></name>
    <trkseg>
      <trkpt lat="49.02991" lon="2.029">
        <ele>102.04</ele>
        <time>2015-07-13T08:39:08Z
       </time>
      </trkpt>
      <trkpt lat="49.0299" lon="2.02901">
        <ele>101.56</ele>
        <time>2015-07-13T08:40:08Z
       </time>
      </trkpt>
      <trkpt lat="49.02986" lon="2.02908">
        <ele>98.19</ele>
        <time>2015-07-13T08:42:30Z
       </time>
      </trkpt>
      <trkpt lat="49.02985" lon="2.02908">
        <ele>97.71</ele>
        <time>2015-07-13T08:42:31Z
       </time>
      </trkpt>
      <trkpt lat="49.02978" lon="2.02909">
        <ele>95.31</ele>
        <time>2015-07-13T08:42:37Z
       </time>
      </trkpt>
      <trkpt lat="49.02976" lon="2.0291">
        <ele>95.31</ele>
        <time>2015-07-13T08:42:39Z
       </time>
      </trkpt>
      <trkpt lat="49.02975" lon="2.0291">
        <ele>94.83</ele>
        <time>2015-07-13T08:42:40Z
       </time>
      </trkpt>
      <trkpt lat="49.02974" lon="2.0291">
        <ele>94.83</ele>
        <time>2015-07-13T08:42:41Z
       </time>
      </trkpt>
      <trkpt lat="49.02968" lon="2.02911">
        <ele>95.31</ele>
        <time>2015-07-13T08:42:46Z
       </time>
      </trkpt>
      <trkpt lat="49.02961" lon="2.02912">
        <ele>97.23</ele>
        <time>2015-07-13T08:42:55Z
       </time>
      </trkpt>
      <trkpt lat="49.0295" lon="2.02914">
        <ele>100.6</ele>
        <time>2015-07-13T08:43:05Z
       </time>
      </trkpt>
      <trkpt lat="49.02942" lon="2.02916">
        <ele>105.4</ele>
        <time>2015-07-13T08:43:15Z
       </time>
      </trkpt>
      <trkpt lat="49.02931" lon="2.02921">
        <ele>111.17</ele>
        <time>2015-07-13T08:43:26Z
       </time>
      </trkpt>
      <trkpt lat="49.02926" lon="2.02924">
        <ele>112.61</ele>
        <time>2015-07-13T08:43:30Z
       </time>
      </trkpt>
      <trkpt lat="49.02925" lon="2.02925">
        <ele>113.09</ele>
        <time>2015-07-13T08:43:31Z
       </time>
      </trkpt>
      <trkpt lat="49.02923" lon="2.02926">
        <ele>113.09</ele>
        <time>2015-07-13T08:43:32Z
       </time>
      </trkpt>
      <trkpt lat="49.02921" lon="2.02927">
        <ele>113.57</ele>
        <time>2015-07-13T08:43:33Z
       </time>
      </trkpt>
      <trkpt lat="49.0292" lon="2.02928">
        <ele>113.57</ele>
        <time>2015-07-13T08:43:34Z
       </time>
      </trkpt>
      <trkpt lat="49.02918" lon="2.02929">
        <ele>113.57</ele>
        <time>2015-07-13T08:43:35Z
       </time>
      </trkpt>
      <trkpt lat="49.02917" lon="2.0293">
        <ele>114.05</ele>
        <time>2015-07-13T08:43:36Z
       </time>
      </trkpt>
      <trkpt lat="49.02915" lon="2.0293">
        <ele>114.05</ele>
        <time>2015-07-13T08:43:37Z
       </time>
      </trkpt>
      <trkpt lat="49.02914" lon="2.02931">
        <ele>114.53</ele>
        <time>2015-07-13T08:43:38Z
       </time>
      </trkpt>
      <trkpt lat="49.02913" lon="2.02932">
        <ele>114.53</ele>
        <time>2015-07-13T08:43:39Z
       </time>
      </trkpt>
      <trkpt lat="49.02911" lon="2.02933">
        <ele>115.01</ele>
        <time>2015-07-13T08:43:40Z
       </time>
      </trkpt>
      <trkpt lat="49.0291" lon="2.02934">
        <ele>115.01</ele>
        <time>2015-07-13T08:43:41Z
       </time>
      </trkpt>
      <trkpt lat="49.02909" lon="2.02935">
        <ele>115.01</ele>
        <time>2015-07-13T08:43:42Z
       </time>
      </trkpt>
      <trkpt lat="49.02908" lon="2.02936">
        <ele>115.01</ele>
        <time>2015-07-13T08:43:43Z
       </time>
      </trkpt>
      <trkpt lat="49.02906" lon="2.02937">
        <ele>115.01</ele>
        <time>2015-07-13T08:43:44Z
       </time>
      </trkpt>
      <trkpt lat="49.02905" lon="2.02938">
        <ele>114.53</ele>
        <time>2015-07-13T08:43:45Z
       </time>
      </trkpt>
      <trkpt lat="49.02904" lon="2.02939">
        <ele>114.05</ele>
        <time>2015-07-13T08:43:46Z
       </time>
      </trkpt>
      <trkpt lat="49.02903" lon="2.0294">
        <ele>114.05</ele>
        <time>2015-07-13T08:43:47Z
       </time>
      </trkpt>
      <trkpt lat="49.02886" lon="2.02954">
        <ele>112.13</ele>
        <time>2015-07-13T08:44:01Z
       </time>
      </trkpt>
      <trkpt lat="49.02885" lon="2.02954">
        <ele>112.13</ele>
        <time>2015-07-13T08:44:02Z
       </time>
      </trkpt>
      <trkpt lat="49.02883" lon="2.02955">
        <ele>112.61</ele>
        <time>2015-07-13T08:44:03Z
       </time>
      </trkpt>
      <trkpt lat="49.02882" lon="2.02956">
        <ele>113.09</ele>
        <time>2015-07-13T08:44:04Z
       </time>
      </trkpt>
      <trkpt lat="49.02881" lon="2.02957">
        <ele>113.09</ele>
        <time>2015-07-13T08:44:05Z
       </time>
      </trkpt>
      <trkpt lat="49.0288" lon="2.02957">
        <ele>113.57</ele>
        <time>2015-07-13T08:44:06Z
       </time>
      </trkpt>
      <trkpt lat="49.02879" lon="2.02958">
        <ele>113.57</ele>
        <time>2015-07-13T08:44:07Z
       </time>
      </trkpt>
      <trkpt lat="49.02861" lon="2.02969">
        <ele>115.01</ele>
        <time>2015-07-13T08:44:22Z
       </time>
      </trkpt>
      <trkpt lat="49.02854" lon="2.02972">
        <ele>115.98</ele>
        <time>2015-07-13T08:44:28Z
       </time>
      </trkpt>
      <trkpt lat="49.0283" lon="2.02988">
        <ele>116.46</ele>
        <time>2015-07-13T08:44:45Z
       </time>
      </trkpt>
      <trkpt lat="49.02827" lon="2.02989">
        <ele>116.46</ele>
        <time>2015-07-13T08:44:47Z
       </time>
      </trkpt>
      <trkpt lat="49.02813" lon="2.02995">
        <ele>117.9</ele>
        <time>2015-07-13T08:44:57Z
       </time>
      </trkpt>
      <trkpt lat="49.02812" lon="2.02995">
        <ele>118.38</ele>
        <time>2015-07-13T08:44:58Z
       </time>
      </trkpt>
      <trkpt lat="49.02811" lon="2.02996">
        <ele>118.38</ele>
        <time>2015-07-13T08:44:59Z
       </time>
      </trkpt>
      <trkpt lat="49.02792" lon="2.03007">
        <ele>120.3</ele>
        <time>2015-07-13T08:45:14Z
       </time>
      </trkpt>
      <trkpt lat="49.02773" lon="2.03013">
        <ele>121.26</ele>
        <time>2015-07-13T08:45:27Z
       </time>
      </trkpt>
      <trkpt lat="49.02749" lon="2.03018">
        <ele>122.22</ele>
        <time>2015-07-13T08:45:43Z
       </time>
      </trkpt>
      <trkpt lat="49.02746" lon="2.0302">
        <ele>122.71</ele>
        <time>2015-07-13T08:45:46Z
       </time>
      </trkpt>
      <trkpt lat="49.02744" lon="2.03021">
        <ele>123.19</ele>
        <time>2015-07-13T08:45:47Z
       </time>
      </trkpt>
      <trkpt lat="49.02743" lon="2.03022">
        <ele>123.19</ele>
        <time>2015-07-13T08:45:48Z
       </time>
      </trkpt>
      <trkpt lat="49.02742" lon="2.03022">
        <ele>123.67</ele>
        <time>2015-07-13T08:45:49Z
       </time>
      </trkpt>
      <trkpt lat="49.02741" lon="2.03023">
        <ele>123.67</ele>
        <time>2015-07-13T08:45:50Z
       </time>
      </trkpt>
      <trkpt lat="49.02732" lon="2.03029">
        <ele>124.15</ele>
        <time>2015-07-13T08:45:57Z
       </time>
      </trkpt>
      <trkpt lat="49.0273" lon="2.0303">
        <ele>124.15</ele>
        <time>2015-07-13T08:45:58Z
       </time>
      </trkpt>
      <trkpt lat="49.02729" lon="2.0303">
        <ele>124.15</ele>
        <time>2015-07-13T08:45:59Z
       </time>
      </trkpt>
      <trkpt lat="49.02728" lon="2.03031">
        <ele>124.63</ele>
        <time>2015-07-13T08:46:00Z
       </time>
      </trkpt>
      <trkpt lat="49.02727" lon="2.03032">
        <ele>124.63</ele>
        <time>2015-07-13T08:46:01Z
       </time>
      </trkpt>
      <trkpt lat="49.02726" lon="2.03033">
        <ele>125.11</ele>
        <time>2015-07-13T08:46:02Z
       </time>
      </trkpt>
      <trkpt lat="49.02724" lon="2.03034">
        <ele>125.11</ele>
        <time>2015-07-13T08:46:03Z
       </time>
      </trkpt>
      <trkpt lat="49.02723" lon="2.03034">
        <ele>125.59</ele>
        <time>2015-07-13T08:46:04Z
       </time>
      </trkpt>
      <trkpt lat="49.02721" lon="2.03035">
        <ele>126.07</ele>
        <time>2015-07-13T08:46:05Z
       </time>
      </trkpt>
      <trkpt lat="49.0272" lon="2.03036">
        <ele>126.07</ele>
        <time>2015-07-13T08:46:06Z
       </time>
      </trkpt>
      <trkpt lat="49.02719" lon="2.03037">
        <ele>126.55</ele>
        <time>2015-07-13T08:46:07Z
       </time>
      </trkpt>
      <trkpt lat="49.02718" lon="2.03038">
        <ele>126.55</ele>
        <time>2015-07-13T08:46:08Z
       </time>
      </trkpt>
      <trkpt lat="49.02717" lon="2.03038">
        <ele>126.07</ele>
        <time>2015-07-13T08:46:09Z
       </time>
      </trkpt>
      <trkpt lat="49.02715" lon="2.03039">
        <ele>126.07</ele>
        <time>2015-07-13T08:46:10Z
       </time>
      </trkpt>
      <trkpt lat="49.02714" lon="2.0304">
        <ele>125.59</ele>
        <time>2015-07-13T08:46:11Z
       </time>
      </trkpt>
      <trkpt lat="49.02713" lon="2.03041">
        <ele>125.11</ele>
        <time>2015-07-13T08:46:12Z
       </time>
      </trkpt>
      <trkpt lat="49.02711" lon="2.03043">
        <ele>124.63</ele>
        <time>2015-07-13T08:46:13Z
       </time>
      </trkpt>
      <trkpt lat="49.0271" lon="2.03044">
        <ele>124.63</ele>
        <time>2015-07-13T08:46:14Z
       </time>
      </trkpt>
      <trkpt lat="49.02686" lon="2.03065">
        <ele>123.67</ele>
        <time>2015-07-13T08:46:32Z
       </time>
      </trkpt>
      <trkpt lat="49.02685" lon="2.03066">
        <ele>123.67</ele>
        <time>2015-07-13T08:46:33Z
       </time>
      </trkpt>
      <trkpt lat="49.02684" lon="2.03067">
        <ele>123.67</ele>
        <time>2015-07-13T08:46:34Z
       </time>
      </trkpt>
      <trkpt lat="49.02683" lon="2.03068">
        <ele>124.15</ele>
        <time>2015-07-13T08:46:35Z
       </time>
      </trkpt>
      <trkpt lat="49.02673" lon="2.03076">
        <ele>124.15</ele>
        <time>2015-07-13T08:46:42Z
       </time>
      </trkpt>
      <trkpt lat="49.02671" lon="2.03077">
        <ele>123.67</ele>
        <time>2015-07-13T08:46:43Z
       </time>
      </trkpt>
      <trkpt lat="49.0267" lon="2.03078">
        <ele>123.67</ele>
        <time>2015-07-13T08:46:44Z
       </time>
      </trkpt>
      <trkpt lat="49.02668" lon="2.03078">
        <ele>123.19</ele>
        <time>2015-07-13T08:46:45Z
       </time>
      </trkpt>
      <trkpt lat="49.02666" lon="2.03079">
        <ele>123.19</ele>
        <time>2015-07-13T08:46:46Z
       </time>
      </trkpt>
      <trkpt lat="49.02657" lon="2.03084">
        <ele>122.22</ele>
        <time>2015-07-13T08:46:53Z
       </time>
      </trkpt>
      <trkpt lat="49.02652" lon="2.03084">
        <ele>121.26</ele>
        <time>2015-07-13T08:46:55Z
       </time>
      </trkpt>
      <trkpt lat="49.02651" lon="2.03084">
        <ele>121.26</ele>
        <time>2015-07-13T08:46:56Z
       </time>
      </trkpt>
      <trkpt lat="49.0265" lon="2.03084">
        <ele>121.26</ele>
        <time>2015-07-13T08:46:57Z
       </time>
      </trkpt>
      <trkpt lat="49.02648" lon="2.03084">
        <ele>121.26</ele>
        <time>2015-07-13T08:46:58Z
       </time>
      </trkpt>
      <trkpt lat="49.02638" lon="2.03084">
        <ele>122.22</ele>
        <time>2015-07-13T08:47:07Z
       </time>
      </trkpt>
      <trkpt lat="49.02636" lon="2.03083">
        <ele>122.22</ele>
        <time>2015-07-13T08:47:08Z
       </time>
      </trkpt>
      <trkpt lat="49.0263" lon="2.0308">
        <ele>122.71</ele>
        <time>2015-07-13T08:47:20Z
       </time>
      </trkpt>
      <trkpt lat="49.02609" lon="2.03075">
        <ele>127.03</ele>
        <time>2015-07-13T08:47:30Z
       </time>
      </trkpt>
      <trkpt lat="49.02605" lon="2.03079">
        <ele>128.95</ele>
        <time>2015-07-13T08:47:35Z
       </time>
      </trkpt>
      <trkpt lat="49.0259" lon="2.0309">
        <ele>132.8</ele>
        <time>2015-07-13T08:47:49Z
       </time>
      </trkpt>
      <trkpt lat="49.02577" lon="2.03098">
        <ele>132.8</ele>
        <time>2015-07-13T08:47:59Z
       </time>
      </trkpt>
      <trkpt lat="49.02576" lon="2.03098">
        <ele>132.8</ele>
        <time>2015-07-13T08:48:00Z
       </time>
      </trkpt>
      <trkpt lat="49.02574" lon="2.03099">
        <ele>132.8</ele>
        <time>2015-07-13T08:48:01Z
       </time>
      </trkpt>
      <trkpt lat="49.02543" lon="2.031">
        <ele>129.43</ele>
        <time>2015-07-13T08:48:20Z
       </time>
      </trkpt>
      <trkpt lat="49.02517" lon="2.03095">
        <ele>126.07</ele>
        <time>2015-07-13T08:48:37Z
       </time>
      </trkpt>
      <trkpt lat="49.02498" lon="2.031">
        <ele>126.07</ele>
        <time>2015-07-13T08:48:52Z
       </time>
      </trkpt>
      <trkpt lat="49.02475" lon="2.03113">
        <ele>120.78</ele>
        <time>2015-07-13T08:49:07Z
       </time>
      </trkpt>
      <trkpt lat="49.02452" lon="2.03128">
        <ele>117.9</ele>
        <time>2015-07-13T08:49:23Z
       </time>
      </trkpt>
      <trkpt lat="49.02431" lon="2.0314">
        <ele>115.01</ele>
        <time>2015-07-13T08:49:37Z
       </time>
      </trkpt>
      <trkpt lat="49.02411" lon="2.03153">
        <ele>115.5</ele>
        <time>2015-07-13T08:49:53Z
       </time>
      </trkpt>
      <trkpt lat="49.02395" lon="2.03162">
        <ele>115.01</ele>
        <time>2015-07-13T08:50:06Z
       </time>
      </trkpt>
      <trkpt lat="49.02394" lon="2.03163">
        <ele>115.01</ele>
        <time>2015-07-13T08:50:07Z
       </time>
      </trkpt>
      <trkpt lat="49.02385" lon="2.03168">
        <ele>115.98</ele>
        <time>2015-07-13T08:50:14Z
       </time>
      </trkpt>
      <trkpt lat="49.02372" lon="2.03176">
        <ele>116.46</ele>
        <time>2015-07-13T08:50:15Z
       </time>
      </trkpt>
      <trkpt lat="49.02372" lon="2.03178">
        <ele>116.46</ele>
        <time>2015-07-13T08:50:16Z
       </time>
      </trkpt>
      <trkpt lat="49.02373" lon="2.03221">
        <ele>118.38</ele>
        <time>2015-07-13T08:50:31Z
       </time>
      </trkpt>
      <trkpt lat="49.02377" lon="2.03234">
        <ele>115.98</ele>
        <time>2015-07-13T08:50:39Z
       </time>
      </trkpt>
      <trkpt lat="49.02382" lon="2.03256">
        <ele>111.17</ele>
        <time>2015-07-13T08:50:51Z
       </time>
      </trkpt>
      <trkpt lat="49.02382" lon="2.03258">
        <ele>111.17</ele>
        <time>2015-07-13T08:50:52Z
       </time>
      </trkpt>
      <trkpt lat="49.02383" lon="2.0326">
        <ele>111.17</ele>
        <time>2015-07-13T08:50:53Z
       </time>
      </trkpt>
      <trkpt lat="49.02383" lon="2.03261">
        <ele>111.17</ele>
        <time>2015-07-13T08:50:54Z
       </time>
      </trkpt>
      <trkpt lat="49.02383" lon="2.03263">
        <ele>111.17</ele>
        <time>2015-07-13T08:50:55Z
       </time>
      </trkpt>
      <trkpt lat="49.02384" lon="2.03265">
        <ele>110.69</ele>
        <time>2015-07-13T08:50:56Z
       </time>
      </trkpt>
      <trkpt lat="49.02384" lon="2.03267">
        <ele>110.69</ele>
        <time>2015-07-13T08:50:57Z
       </time>
      </trkpt>
      <trkpt lat="49.02387" lon="2.03278">
        <ele>109.25</ele>
        <time>2015-07-13T08:51:08Z
       </time>
      </trkpt>
      <trkpt lat="49.02387" lon="2.03279">
        <ele>108.29</ele>
        <time>2015-07-13T08:51:34Z
       </time>
      </trkpt>
      <trkpt lat="49.02387" lon="2.03279">
        <ele>105.88</ele>
        <time>2015-07-13T08:54:15Z
       </time>
      </trkpt>
      <trkpt lat="49.02381" lon="2.03281">
        <ele>100.11</ele>
        <time>2015-07-13T08:55:07Z
       </time>
      </trkpt>
      <trkpt lat="49.0238" lon="2.03282">
        <ele>100.11</ele>
        <time>2015-07-13T08:55:09Z
       </time>
      </trkpt>
      <trkpt lat="49.0238" lon="2.03282">
        <ele>100.11</ele>
        <time>2015-07-13T08:55:10Z
       </time>
      </trkpt>
      <trkpt lat="49.02387" lon="2.03279">
        <ele>99.15</ele>
        <time>2015-07-13T08:55:23Z
       </time>
      </trkpt>
      <trkpt lat="49.02387" lon="2.03279">
        <ele>99.63</ele>
        <time>2015-07-13T08:55:24Z
       </time>
      </trkpt>
      <trkpt lat="49.02384" lon="2.03264">
        <ele>99.15</ele>
        <time>2015-07-13T08:55:29Z
       </time>
      </trkpt>
      <trkpt lat="49.0234" lon="2.03279">
        <ele>98.19</ele>
        <time>2015-07-13T08:55:45Z
       </time>
      </trkpt>
      <trkpt lat="49.02339" lon="2.0328">
        <ele>98.19</ele>
        <time>2015-07-13T08:55:46Z
       </time>
      </trkpt>
      <trkpt lat="49.02339" lon="2.0328">
        <ele>98.19</ele>
        <time>2015-07-13T08:55:48Z
       </time>
      </trkpt>
      <trkpt lat="49.02353" lon="2.03275">
        <ele>98.19</ele>
        <time>2015-07-13T08:56:03Z
       </time>
      </trkpt>
      <trkpt lat="49.02378" lon="2.03286">
        <ele>99.15</ele>
        <time>2015-07-13T08:56:17Z
       </time>
      </trkpt>
      <trkpt lat="49.02386" lon="2.03276">
        <ele>99.15</ele>
        <time>2015-07-13T08:56:19Z
       </time>
      </trkpt>
      <trkpt lat="49.02387" lon="2.03279">
        <ele>99.15</ele>
        <time>2015-07-13T08:56:20Z
       </time>
      </trkpt>
      <trkpt lat="49.02381" lon="2.03282">
        <ele>99.63</ele>
        <time>2015-07-13T08:56:24Z
       </time>
      </trkpt>
      <trkpt lat="49.02381" lon="2.03281">
        <ele>99.63</ele>
        <time>2015-07-13T08:56:25Z
       </time>
      </trkpt>
      <trkpt lat="49.02387" lon="2.03279">
        <ele>97.71</ele>
        <time>2015-07-13T08:56:33Z
       </time>
      </trkpt>
      <trkpt lat="49.02386" lon="2.03279">
        <ele>97.71</ele>
        <time>2015-07-13T08:56:34Z
       </time>
      </trkpt>
      <trkpt lat="49.02385" lon="2.03279">
        <ele>97.71</ele>
        <time>2015-07-13T08:56:36Z
       </time>
      </trkpt>
      <trkpt lat="49.02381" lon="2.03282">
        <ele>97.71</ele>
        <time>2015-07-13T08:56:39Z
       </time>
      </trkpt>
      <trkpt lat="49.0238" lon="2.03282">
        <ele>97.71</ele>
        <time>2015-07-13T08:56:40Z
       </time>
      </trkpt>
      <trkpt lat="49.02361" lon="2.03278">
        <ele>96.75</ele>
        <time>2015-07-13T08:56:56Z
       </time>
      </trkpt>
      <trkpt lat="49.02341" lon="2.03278">
        <ele>98.67</ele>
        <time>2015-07-13T08:57:11Z
       </time>
      </trkpt>
      <trkpt lat="49.02332" lon="2.03283">
        <ele>98.67</ele>
        <time>2015-07-13T08:57:18Z
       </time>
      </trkpt>
      <trkpt lat="49.02309" lon="2.03281">
        <ele>99.15</ele>
        <time>2015-07-13T08:57:23Z
       </time>
      </trkpt>
      <trkpt lat="49.02308" lon="2.03282">
        <ele>99.15</ele>
        <time>2015-07-13T08:57:24Z
       </time>
      </trkpt>
      <trkpt lat="49.02305" lon="2.03301">
        <ele>103.96</ele>
        <time>2015-07-13T08:57:38Z
       </time>
      </trkpt>
      <trkpt lat="49.02305" lon="2.03303">
        <ele>104.44</ele>
        <time>2015-07-13T08:57:39Z
       </time>
      </trkpt>
      <trkpt lat="49.02305" lon="2.03305">
        <ele>104.92</ele>
        <time>2015-07-13T08:57:40Z
       </time>
      </trkpt>
      <trkpt lat="49.02302" lon="2.03322">
        <ele>107.81</ele>
        <time>2015-07-13T08:57:49Z
       </time>
      </trkpt>
      <trkpt lat="49.02302" lon="2.03324">
        <ele>107.81</ele>
        <time>2015-07-13T08:57:50Z
       </time>
      </trkpt>
      <trkpt lat="49.023" lon="2.03335">
        <ele>110.69</ele>
        <time>2015-07-13T08:57:58Z
       </time>
      </trkpt>
      <trkpt lat="49.023" lon="2.03338">
        <ele>111.17</ele>
        <time>2015-07-13T08:58:00Z
       </time>
      </trkpt>
      <trkpt lat="49.02299" lon="2.03339">
        <ele>111.17</ele>
        <time>2015-07-13T08:58:01Z
       </time>
      </trkpt>
      <trkpt lat="49.02299" lon="2.03341">
        <ele>111.65</ele>
        <time>2015-07-13T08:58:02Z
       </time>
      </trkpt>
      <trkpt lat="49.02298" lon="2.03346">
        <ele>112.13</ele>
        <time>2015-07-13T08:58:05Z
       </time>
      </trkpt>
      <trkpt lat="49.02298" lon="2.03349">
        <ele>112.13</ele>
        <time>2015-07-13T08:58:06Z
       </time>
      </trkpt>
      <trkpt lat="49.02293" lon="2.03365">
        <ele>111.17</ele>
        <time>2015-07-13T08:58:14Z
       </time>
      </trkpt>
      <trkpt lat="49.02288" lon="2.03372">
        <ele>112.13</ele>
        <time>2015-07-13T08:58:18Z
       </time>
      </trkpt>
      <trkpt lat="49.02287" lon="2.03373">
        <ele>112.61</ele>
        <time>2015-07-13T08:58:19Z
       </time>
      </trkpt>
      <trkpt lat="49.02283" lon="2.03377">
        <ele>115.01</ele>
        <time>2015-07-13T08:58:24Z
       </time>
      </trkpt>
      <trkpt lat="49.02281" lon="2.03379">
        <ele>115.01</ele>
        <time>2015-07-13T08:58:25Z
       </time>
      </trkpt>
      <trkpt lat="49.0228" lon="2.0338">
        <ele>115.5</ele>
        <time>2015-07-13T08:58:26Z
       </time>
      </trkpt>
      <trkpt lat="49.02279" lon="2.03381">
        <ele>115.5</ele>
        <time>2015-07-13T08:58:27Z
       </time>
      </trkpt>
      <trkpt lat="49.02277" lon="2.03382">
        <ele>115.5</ele>
        <time>2015-07-13T08:58:28Z
       </time>
      </trkpt>
      <trkpt lat="49.02276" lon="2.03384">
        <ele>115.5</ele>
        <time>2015-07-13T08:58:29Z
       </time>
      </trkpt>
      <trkpt lat="49.02275" lon="2.03385">
        <ele>115.98</ele>
        <time>2015-07-13T08:58:30Z
       </time>
      </trkpt>
      <trkpt lat="49.02264" lon="2.03395">
        <ele>117.42</ele>
        <time>2015-07-13T08:58:41Z
       </time>
      </trkpt>
      <trkpt lat="49.02254" lon="2.03405">
        <ele>116.46</ele>
        <time>2015-07-13T08:58:50Z
       </time>
      </trkpt>
      <trkpt lat="49.02253" lon="2.03406">
        <ele>116.46</ele>
        <time>2015-07-13T08:58:51Z
       </time>
      </trkpt>
      <trkpt lat="49.02251" lon="2.03408">
        <ele>116.46</ele>
        <time>2015-07-13T08:58:52Z
       </time>
      </trkpt>
      <trkpt lat="49.02244" lon="2.03415">
        <ele>117.42</ele>
        <time>2015-07-13T08:59:01Z
       </time>
      </trkpt>
      <trkpt lat="49.02242" lon="2.03417">
        <ele>117.42</ele>
        <time>2015-07-13T08:59:03Z
       </time>
      </trkpt>
      <trkpt lat="49.0224" lon="2.03418">
        <ele>117.42</ele>
        <time>2015-07-13T08:59:04Z
       </time>
      </trkpt>
      <trkpt lat="49.02239" lon="2.03419">
        <ele>117.9</ele>
        <time>2015-07-13T08:59:05Z
       </time>
      </trkpt>
      <trkpt lat="49.02232" lon="2.03426">
        <ele>117.9</ele>
        <time>2015-07-13T08:59:11Z
       </time>
      </trkpt>
      <trkpt lat="49.02231" lon="2.03427">
        <ele>118.38</ele>
        <time>2015-07-13T08:59:12Z
       </time>
      </trkpt>
      <trkpt lat="49.0223" lon="2.03428">
        <ele>118.38</ele>
        <time>2015-07-13T08:59:13Z
       </time>
      </trkpt>
      <trkpt lat="49.02221" lon="2.03439">
        <ele>119.82</ele>
        <time>2015-07-13T08:59:21Z
       </time>
      </trkpt>
      <trkpt lat="49.02219" lon="2.03442">
        <ele>119.82</ele>
        <time>2015-07-13T08:59:22Z
       </time>
      </trkpt>
      <trkpt lat="49.02216" lon="2.03453">
        <ele>120.78</ele>
        <time>2015-07-13T08:59:29Z
       </time>
      </trkpt>
      <trkpt lat="49.02212" lon="2.03466">
        <ele>120.3</ele>
        <time>2015-07-13T08:59:40Z
       </time>
      </trkpt>
      <trkpt lat="49.0221" lon="2.03472">
        <ele>119.82</ele>
        <time>2015-07-13T08:59:43Z
       </time>
      </trkpt>
      <trkpt lat="49.0221" lon="2.03475">
        <ele>119.82</ele>
        <time>2015-07-13T08:59:45Z
       </time>
      </trkpt>
      <trkpt lat="49.02209" lon="2.03479">
        <ele>121.26</ele>
        <time>2015-07-13T08:59:53Z
       </time>
      </trkpt>
      <trkpt lat="49.02209" lon="2.03479">
        <ele>122.22</ele>
        <time>2015-07-13T08:59:55Z
       </time>
      </trkpt>
      <trkpt lat="49.02201" lon="2.03505">
        <ele>126.55</ele>
        <time>2015-07-13T09:00:04Z
       </time>
      </trkpt>
      <trkpt lat="49.022" lon="2.03508">
        <ele>127.99</ele>
        <time>2015-07-13T09:00:06Z
       </time>
      </trkpt>
      <trkpt lat="49.02191" lon="2.03523">
        <ele>130.88</ele>
        <time>2015-07-13T09:00:17Z
       </time>
      </trkpt>
      <trkpt lat="49.02183" lon="2.03534">
        <ele>133.76</ele>
        <time>2015-07-13T09:00:29Z
       </time>
      </trkpt>
      <trkpt lat="49.02181" lon="2.03536">
        <ele>134.72</ele>
        <time>2015-07-13T09:00:31Z
       </time>
      </trkpt>
      <trkpt lat="49.02178" lon="2.0354">
        <ele>135.68</ele>
        <time>2015-07-13T09:00:35Z
       </time>
      </trkpt>
      <trkpt lat="49.02176" lon="2.03541">
        <ele>135.2</ele>
        <time>2015-07-13T09:00:36Z
       </time>
      </trkpt>
      <trkpt lat="49.02175" lon="2.03543">
        <ele>134.24</ele>
        <time>2015-07-13T09:00:37Z
       </time>
      </trkpt>
      <trkpt lat="49.02174" lon="2.03544">
        <ele>134.24</ele>
        <time>2015-07-13T09:00:38Z
       </time>
      </trkpt>
      <trkpt lat="49.02173" lon="2.03546">
        <ele>133.76</ele>
        <time>2015-07-13T09:00:39Z
       </time>
      </trkpt>
      <trkpt lat="49.02157" lon="2.03563">
        <ele>130.88</ele>
        <time>2015-07-13T09:00:52Z
       </time>
      </trkpt>
      <trkpt lat="49.02146" lon="2.03576">
        <ele>129.43</ele>
        <time>2015-07-13T09:01:01Z
       </time>
      </trkpt>
      <trkpt lat="49.02144" lon="2.03577">
        <ele>129.43</ele>
        <time>2015-07-13T09:01:02Z
       </time>
      </trkpt>
      <trkpt lat="49.02143" lon="2.03578">
        <ele>129.43</ele>
        <time>2015-07-13T09:01:03Z
       </time>
      </trkpt>
      <trkpt lat="49.02142" lon="2.0358">
        <ele>129.43</ele>
        <time>2015-07-13T09:01:04Z
       </time>
      </trkpt>
      <trkpt lat="49.02141" lon="2.03581">
        <ele>128.95</ele>
        <time>2015-07-13T09:01:05Z
       </time>
      </trkpt>
      <trkpt lat="49.0214" lon="2.03582">
        <ele>128.95</ele>
        <time>2015-07-13T09:01:06Z
       </time>
      </trkpt>
      <trkpt lat="49.02139" lon="2.03583">
        <ele>128.95</ele>
        <time>2015-07-13T09:01:07Z
       </time>
      </trkpt>
      <trkpt lat="49.02126" lon="2.03597">
        <ele>122.71</ele>
        <time>2015-07-13T09:01:15Z
       </time>
      </trkpt>
      <trkpt lat="49.02125" lon="2.03599">
        <ele>122.22</ele>
        <time>2015-07-13T09:01:16Z
       </time>
      </trkpt>
      <trkpt lat="49.02102" lon="2.0362">
        <ele>111.65</ele>
        <time>2015-07-13T09:01:32Z
       </time>
      </trkpt>
      <trkpt lat="49.02086" lon="2.03637">
        <ele>109.73</ele>
        <time>2015-07-13T09:01:46Z
       </time>
      </trkpt>
      <trkpt lat="49.02085" lon="2.03639">
        <ele>109.73</ele>
        <time>2015-07-13T09:01:47Z
       </time>
      </trkpt>
      <trkpt lat="49.02084" lon="2.0364">
        <ele>109.73</ele>
        <time>2015-07-13T09:01:48Z
       </time>
      </trkpt>
      <trkpt lat="49.02083" lon="2.03642">
        <ele>110.21</ele>
        <time>2015-07-13T09:01:49Z
       </time>
      </trkpt>
      <trkpt lat="49.02079" lon="2.03648">
        <ele>111.17</ele>
        <time>2015-07-13T09:01:54Z
       </time>
      </trkpt>
      <trkpt lat="49.02078" lon="2.0365">
        <ele>111.17</ele>
        <time>2015-07-13T09:01:55Z
       </time>
      </trkpt>
      <trkpt lat="49.02076" lon="2.03652">
        <ele>111.65</ele>
        <time>2015-07-13T09:01:57Z
       </time>
      </trkpt>
      <trkpt lat="49.02075" lon="2.03654">
        <ele>111.65</ele>
        <time>2015-07-13T09:01:58Z
       </time>
      </trkpt>
      <trkpt lat="49.02074" lon="2.03656">
        <ele>111.65</ele>
        <time>2015-07-13T09:01:59Z
       </time>
      </trkpt>
      <trkpt lat="49.02073" lon="2.03657">
        <ele>112.13</ele>
        <time>2015-07-13T09:02:00Z
       </time>
      </trkpt>
      <trkpt lat="49.02072" lon="2.03659">
        <ele>112.13</ele>
        <time>2015-07-13T09:02:01Z
       </time>
      </trkpt>
      <trkpt lat="49.02071" lon="2.03661">
        <ele>112.61</ele>
        <time>2015-07-13T09:02:02Z
       </time>
      </trkpt>
      <trkpt lat="49.0207" lon="2.03662">
        <ele>112.61</ele>
        <time>2015-07-13T09:02:03Z
       </time>
      </trkpt>
      <trkpt lat="49.02069" lon="2.03664">
        <ele>113.09</ele>
        <time>2015-07-13T09:02:04Z
       </time>
      </trkpt>
      <trkpt lat="49.02067" lon="2.03666">
        <ele>113.09</ele>
        <time>2015-07-13T09:02:05Z
       </time>
      </trkpt>
      <trkpt lat="49.02066" lon="2.03668">
        <ele>113.09</ele>
        <time>2015-07-13T09:02:06Z
       </time>
      </trkpt>
      <trkpt lat="49.02065" lon="2.0367">
        <ele>113.09</ele>
        <time>2015-07-13T09:02:07Z
       </time>
      </trkpt>
      <trkpt lat="49.02065" lon="2.03671">
        <ele>113.09</ele>
        <time>2015-07-13T09:02:08Z
       </time>
      </trkpt>
      <trkpt lat="49.02064" lon="2.03673">
        <ele>113.09</ele>
        <time>2015-07-13T09:02:09Z
       </time>
      </trkpt>
      <trkpt lat="49.02063" lon="2.03675">
        <ele>113.09</ele>
        <time>2015-07-13T09:02:10Z
       </time>
      </trkpt>
      <trkpt lat="49.0206" lon="2.03683">
        <ele>113.57</ele>
        <time>2015-07-13T09:02:14Z
       </time>
      </trkpt>
      <trkpt lat="49.0206" lon="2.03685">
        <ele>113.57</ele>
        <time>2015-07-13T09:02:15Z
       </time>
      </trkpt>
      <trkpt lat="49.02055" lon="2.03698">
        <ele>115.01</ele>
        <time>2015-07-13T09:02:23Z
       </time>
      </trkpt>
      <trkpt lat="49.02055" lon="2.037">
        <ele>114.53</ele>
        <time>2015-07-13T09:02:24Z
       </time>
      </trkpt>
      <trkpt lat="49.02054" lon="2.03701">
        <ele>115.01</ele>
        <time>2015-07-13T09:02:25Z
       </time>
      </trkpt>
      <trkpt lat="49.02054" lon="2.03703">
        <ele>115.01</ele>
        <time>2015-07-13T09:02:26Z
       </time>
      </trkpt>
      <trkpt lat="49.02053" lon="2.03705">
        <ele>115.5</ele>
        <time>2015-07-13T09:02:27Z
       </time>
      </trkpt>
      <trkpt lat="49.02052" lon="2.03707">
        <ele>115.98</ele>
        <time>2015-07-13T09:02:28Z
       </time>
      </trkpt>
      <trkpt lat="49.02052" lon="2.03709">
        <ele>115.98</ele>
        <time>2015-07-13T09:02:29Z
       </time>
      </trkpt>
      <trkpt lat="49.02051" lon="2.0371">
        <ele>115.5</ele>
        <time>2015-07-13T09:02:30Z
       </time>
      </trkpt>
      <trkpt lat="49.02046" lon="2.0372">
        <ele>114.05</ele>
        <time>2015-07-13T09:02:36Z
       </time>
      </trkpt>
      <trkpt lat="49.02045" lon="2.03725">
        <ele>113.57</ele>
        <time>2015-07-13T09:02:39Z
       </time>
      </trkpt>
      <trkpt lat="49.02044" lon="2.03726">
        <ele>113.09</ele>
        <time>2015-07-13T09:02:40Z
       </time>
      </trkpt>
      <trkpt lat="49.02043" lon="2.03729">
        <ele>112.61</ele>
        <time>2015-07-13T09:02:42Z
       </time>
      </trkpt>
      <trkpt lat="49.02042" lon="2.03732">
        <ele>111.65</ele>
        <time>2015-07-13T09:02:44Z
       </time>
      </trkpt>
      <trkpt lat="49.02041" lon="2.03733">
        <ele>111.17</ele>
        <time>2015-07-13T09:02:45Z
       </time>
      </trkpt>
      <trkpt lat="49.02036" lon="2.03742">
        <ele>110.69</ele>
        <time>2015-07-13T09:02:56Z
       </time>
      </trkpt>
      <trkpt lat="49.02025" lon="2.03758">
        <ele>111.65</ele>
        <time>2015-07-13T09:03:01Z
       </time>
      </trkpt>
      <trkpt lat="49.0203" lon="2.0375">
        <ele>111.65</ele>
        <time>2015-07-13T09:03:03Z
       </time>
      </trkpt>
      <trkpt lat="49.02025" lon="2.03758">
        <ele>111.65</ele>
        <time>2015-07-13T09:03:04Z
       </time>
      </trkpt>
      <trkpt lat="49.02024" lon="2.03761">
        <ele>112.13</ele>
        <time>2015-07-13T09:03:07Z
       </time>
      </trkpt>
      <trkpt lat="49.02024" lon="2.03763">
        <ele>112.13</ele>
        <time>2015-07-13T09:03:08Z
       </time>
      </trkpt>
      <trkpt lat="49.02024" lon="2.03764">
        <ele>112.13</ele>
        <time>2015-07-13T09:03:09Z
       </time>
      </trkpt>
      <trkpt lat="49.02024" lon="2.03766">
        <ele>112.13</ele>
        <time>2015-07-13T09:03:10Z
       </time>
      </trkpt>
      <trkpt lat="49.02023" lon="2.03768">
        <ele>112.13</ele>
        <time>2015-07-13T09:03:11Z
       </time>
      </trkpt>
      <trkpt lat="49.02023" lon="2.0377">
        <ele>112.61</ele>
        <time>2015-07-13T09:03:12Z
       </time>
      </trkpt>
      <trkpt lat="49.02023" lon="2.03772">
        <ele>112.61</ele>
        <time>2015-07-13T09:03:13Z
       </time>
      </trkpt>
      <trkpt lat="49.02023" lon="2.03774">
        <ele>112.13</ele>
        <time>2015-07-13T09:03:14Z
       </time>
      </trkpt>
      <trkpt lat="49.02023" lon="2.0378">
        <ele>112.13</ele>
        <time>2015-07-13T09:03:15Z
       </time>
      </trkpt>
      <trkpt lat="49.02023" lon="2.03783">
        <ele>112.13</ele>
        <time>2015-07-13T09:03:16Z
       </time>
      </trkpt>
      <trkpt lat="49.02025" lon="2.03797">
        <ele>111.17</ele>
        <time>2015-07-13T09:03:25Z
       </time>
      </trkpt>
      <trkpt lat="49.02026" lon="2.0381">
        <ele>112.61</ele>
        <time>2015-07-13T09:03:33Z
       </time>
      </trkpt>
      <trkpt lat="49.02027" lon="2.03815">
        <ele>113.09</ele>
        <time>2015-07-13T09:03:36Z
       </time>
      </trkpt>
      <trkpt lat="49.02027" lon="2.03823">
        <ele>112.61</ele>
        <time>2015-07-13T09:03:45Z
       </time>
      </trkpt>
      <trkpt lat="49.02028" lon="2.03849">
        <ele>104.92</ele>
        <time>2015-07-13T09:07:19Z
       </time>
      </trkpt>
      <trkpt lat="49.02028" lon="2.03851">
        <ele>104.44</ele>
        <time>2015-07-13T09:07:20Z
       </time>
      </trkpt>
      <trkpt lat="49.02026" lon="2.03867">
        <ele>103.96</ele>
        <time>2015-07-13T09:07:29Z
       </time>
      </trkpt>
      <trkpt lat="49.02025" lon="2.03875">
        <ele>103</ele>
        <time>2015-07-13T09:07:34Z
       </time>
      </trkpt>
      <trkpt lat="49.02024" lon="2.03884">
        <ele>97.23</ele>
        <time>2015-07-13T09:07:48Z
       </time>
      </trkpt>
      <trkpt lat="49.02022" lon="2.03893">
        <ele>95.79</ele>
        <time>2015-07-13T09:07:54Z
       </time>
      </trkpt>
      <trkpt lat="49.02022" lon="2.03895">
        <ele>95.79</ele>
        <time>2015-07-13T09:07:55Z
       </time>
      </trkpt>
      <trkpt lat="49.0202" lon="2.03905">
        <ele>94.35</ele>
        <time>2015-07-13T09:08:01Z
       </time>
      </trkpt>
      <trkpt lat="49.02018" lon="2.03925">
        <ele>92.9</ele>
        <time>2015-07-13T09:08:14Z
       </time>
      </trkpt>
      <trkpt lat="49.02018" lon="2.03934">
        <ele>92.9</ele>
        <time>2015-07-13T09:08:17Z
       </time>
      </trkpt>
      <trkpt lat="49.02018" lon="2.0394">
        <ele>92.9</ele>
        <time>2015-07-13T09:08:21Z
       </time>
      </trkpt>
      <trkpt lat="49.02018" lon="2.03942">
        <ele>92.9</ele>
        <time>2015-07-13T09:08:22Z
       </time>
      </trkpt>
      <trkpt lat="49.02018" lon="2.03946">
        <ele>93.39</ele>
        <time>2015-07-13T09:08:24Z
       </time>
      </trkpt>
      <trkpt lat="49.02018" lon="2.03947">
        <ele>93.39</ele>
        <time>2015-07-13T09:08:25Z
       </time>
      </trkpt>
      <trkpt lat="49.02018" lon="2.03949">
        <ele>93.39</ele>
        <time>2015-07-13T09:08:26Z
       </time>
      </trkpt>
      <trkpt lat="49.02018" lon="2.03951">
        <ele>93.39</ele>
        <time>2015-07-13T09:08:27Z
       </time>
      </trkpt>
      <trkpt lat="49.02018" lon="2.03953">
        <ele>91.46</ele>
        <time>2015-07-13T09:08:28Z
       </time>
      </trkpt>
      <trkpt lat="49.02018" lon="2.03957">
        <ele>89.54</ele>
        <time>2015-07-13T09:08:31Z
       </time>
      </trkpt>
      <trkpt lat="49.02018" lon="2.03958">
        <ele>89.06</ele>
        <time>2015-07-13T09:08:32Z
       </time>
      </trkpt>
      <trkpt lat="49.02018" lon="2.03965">
        <ele>89.06</ele>
        <time>2015-07-13T09:08:34Z
       </time>
      </trkpt>
      <trkpt lat="49.02016" lon="2.03976">
        <ele>89.54</ele>
        <time>2015-07-13T09:08:41Z
       </time>
      </trkpt>
      <trkpt lat="49.02016" lon="2.03979">
        <ele>89.54</ele>
        <time>2015-07-13T09:08:42Z
       </time>
      </trkpt>
      <trkpt lat="49.02015" lon="2.0398">
        <ele>89.54</ele>
        <time>2015-07-13T09:08:43Z
       </time>
      </trkpt>
      <trkpt lat="49.02015" lon="2.03982">
        <ele>89.54</ele>
        <time>2015-07-13T09:08:44Z
       </time>
      </trkpt>
      <trkpt lat="49.02014" lon="2.03989">
        <ele>90.02</ele>
        <time>2015-07-13T09:08:48Z
       </time>
      </trkpt>
      <trkpt lat="49.01996" lon="2.03994">
        <ele>90.5</ele>
        <time>2015-07-13T09:08:51Z
       </time>
      </trkpt>
      <trkpt lat="49.01994" lon="2.03994">
        <ele>90.5</ele>
        <time>2015-07-13T09:08:52Z
       </time>
      </trkpt>
      <trkpt lat="49.01988" lon="2.03994">
        <ele>87.14</ele>
        <time>2015-07-13T09:09:01Z
       </time>
      </trkpt>
      <trkpt lat="49.01981" lon="2.03996">
        <ele>84.73</ele>
        <time>2015-07-13T09:09:12Z
       </time>
      </trkpt>
      <trkpt lat="49.01983" lon="2.03995">
        <ele>80.89</ele>
        <time>2015-07-13T09:09:19Z
       </time>
      </trkpt>
      <trkpt lat="49.01976" lon="2.03998">
        <ele>84.25</ele>
        <time>2015-07-13T09:09:29Z
       </time>
      </trkpt>
      <trkpt lat="49.01974" lon="2.03999">
        <ele>86.18</ele>
        <time>2015-07-13T09:09:31Z
       </time>
      </trkpt>
      <trkpt lat="49.01962" lon="2.04008">
        <ele>95.31</ele>
        <time>2015-07-13T09:09:41Z
       </time>
      </trkpt>
      <trkpt lat="49.01958" lon="2.04016">
        <ele>98.67</ele>
        <time>2015-07-13T09:09:47Z
       </time>
      </trkpt>
      <trkpt lat="49.01957" lon="2.04017">
        <ele>99.15</ele>
        <time>2015-07-13T09:09:48Z
       </time>
      </trkpt>
      <trkpt lat="49.01956" lon="2.04019">
        <ele>99.63</ele>
        <time>2015-07-13T09:09:49Z
       </time>
      </trkpt>
      <trkpt lat="49.0195" lon="2.04032">
        <ele>101.56</ele>
        <time>2015-07-13T09:10:00Z
       </time>
      </trkpt>
      <trkpt lat="49.01948" lon="2.04036">
        <ele>102.04</ele>
        <time>2015-07-13T09:10:03Z
       </time>
      </trkpt>
      <trkpt lat="49.01947" lon="2.04053">
        <ele>102.52</ele>
        <time>2015-07-13T09:10:14Z
       </time>
      </trkpt>
      <trkpt lat="49.01939" lon="2.04053">
        <ele>97.71</ele>
        <time>2015-07-13T09:10:31Z
       </time>
      </trkpt>
      <trkpt lat="49.01925" lon="2.0407">
        <ele>96.75</ele>
        <time>2015-07-13T09:10:33Z
       </time>
      </trkpt>
      <trkpt lat="49.01925" lon="2.04072">
        <ele>96.75</ele>
        <time>2015-07-13T09:10:34Z
       </time>
      </trkpt>
      <trkpt lat="49.01936" lon="2.0406">
        <ele>95.31</ele>
        <time>2015-07-13T09:10:36Z
       </time>
      </trkpt>
      <trkpt lat="49.01935" lon="2.04061">
        <ele>94.83</ele>
        <time>2015-07-13T09:10:37Z
       </time>
      </trkpt>
      <trkpt lat="49.01926" lon="2.04076">
        <ele>94.83</ele>
        <time>2015-07-13T09:10:38Z
       </time>
      </trkpt>
      <trkpt lat="49.0193" lon="2.04071">
        <ele>93.39</ele>
        <time>2015-07-13T09:10:48Z
       </time>
      </trkpt>
      <trkpt lat="49.0194" lon="2.04096">
        <ele>91.94</ele>
        <time>2015-07-13T09:10:59Z
       </time>
      </trkpt>
      <trkpt lat="49.01928" lon="2.04086">
        <ele>91.94</ele>
        <time>2015-07-13T09:11:00Z
       </time>
      </trkpt>
      <trkpt lat="49.01928" lon="2.04086">
        <ele>90.02</ele>
        <time>2015-07-13T09:11:03Z
       </time>
      </trkpt>
      <trkpt lat="49.01928" lon="2.04086">
        <ele>89.54</ele>
        <time>2015-07-13T09:11:04Z
       </time>
      </trkpt>
      <trkpt lat="49.01928" lon="2.04086">
        <ele>89.06</ele>
        <time>2015-07-13T09:11:05Z
       </time>
      </trkpt>
      <trkpt lat="49.01928" lon="2.04086">
        <ele>88.58</ele>
        <time>2015-07-13T09:11:09Z
       </time>
      </trkpt>
      <trkpt lat="49.01928" lon="2.04086">
        <ele>88.1</ele>
        <time>2015-07-13T09:11:10Z
       </time>
      </trkpt>
      <trkpt lat="49.01927" lon="2.04087">
        <ele>88.1</ele>
        <time>2015-07-13T09:11:11Z
       </time>
      </trkpt>
      <trkpt lat="49.01927" lon="2.04088">
        <ele>88.1</ele>
        <time>2015-07-13T09:11:12Z
       </time>
      </trkpt>
      <trkpt lat="49.01926" lon="2.0409">
        <ele>87.62</ele>
        <time>2015-07-13T09:11:13Z
       </time>
      </trkpt>
      <trkpt lat="49.01925" lon="2.0409">
        <ele>87.62</ele>
        <time>2015-07-13T09:11:14Z
       </time>
      </trkpt>
      <trkpt lat="49.01925" lon="2.04091">
        <ele>87.62</ele>
        <time>2015-07-13T09:11:15Z
       </time>
      </trkpt>
      <trkpt lat="49.01924" lon="2.04092">
        <ele>86.66</ele>
        <time>2015-07-13T09:11:16Z
       </time>
      </trkpt>
      <trkpt lat="49.01918" lon="2.04102">
        <ele>81.85</ele>
        <time>2015-07-13T09:11:27Z
       </time>
      </trkpt>
      <trkpt lat="49.01914" lon="2.04107">
        <ele>81.85</ele>
        <time>2015-07-13T09:11:32Z
       </time>
      </trkpt>
      <trkpt lat="49.01916" lon="2.04135">
        <ele>82.81</ele>
        <time>2015-07-13T09:11:45Z
       </time>
      </trkpt>
      <trkpt lat="49.01915" lon="2.04136">
        <ele>83.29</ele>
        <time>2015-07-13T09:11:46Z
       </time>
      </trkpt>
      <trkpt lat="49.01914" lon="2.04137">
        <ele>83.29</ele>
        <time>2015-07-13T09:11:47Z
       </time>
      </trkpt>
      <trkpt lat="49.01911" lon="2.04142">
        <ele>83.77</ele>
        <time>2015-07-13T09:11:52Z
       </time>
      </trkpt>
      <trkpt lat="49.01903" lon="2.0415">
        <ele>81.37</ele>
        <time>2015-07-13T09:11:59Z
       </time>
      </trkpt>
      <trkpt lat="49.01902" lon="2.04152">
        <ele>80.41</ele>
        <time>2015-07-13T09:12:00Z
       </time>
      </trkpt>
      <trkpt lat="49.01901" lon="2.04153">
        <ele>79.45</ele>
        <time>2015-07-13T09:12:01Z
       </time>
      </trkpt>
      <trkpt lat="49.019" lon="2.04154">
        <ele>78.48</ele>
        <time>2015-07-13T09:12:02Z
       </time>
      </trkpt>
      <trkpt lat="49.01899" lon="2.04156">
        <ele>78</ele>
        <time>2015-07-13T09:12:03Z
       </time>
      </trkpt>
      <trkpt lat="49.01898" lon="2.04157">
        <ele>78</ele>
        <time>2015-07-13T09:12:04Z
       </time>
      </trkpt>
      <trkpt lat="49.01896" lon="2.04159">
        <ele>78</ele>
        <time>2015-07-13T09:12:07Z
       </time>
      </trkpt>
      <trkpt lat="49.0189" lon="2.04166">
        <ele>78.48</ele>
        <time>2015-07-13T09:12:14Z
       </time>
      </trkpt>
      <trkpt lat="49.01887" lon="2.0417">
        <ele>78.97</ele>
        <time>2015-07-13T09:12:17Z
       </time>
      </trkpt>
      <trkpt lat="49.01877" lon="2.04181">
        <ele>82.81</ele>
        <time>2015-07-13T09:12:28Z
       </time>
      </trkpt>
      <trkpt lat="49.01872" lon="2.04187">
        <ele>85.21</ele>
        <time>2015-07-13T09:12:36Z
       </time>
      </trkpt>
      <trkpt lat="49.01863" lon="2.04197">
        <ele>87.14</ele>
        <time>2015-07-13T09:12:47Z
       </time>
      </trkpt>
      <trkpt lat="49.01852" lon="2.0421">
        <ele>86.66</ele>
        <time>2015-07-13T09:12:57Z
       </time>
      </trkpt>
      <trkpt lat="49.01851" lon="2.04211">
        <ele>85.21</ele>
        <time>2015-07-13T09:13:10Z
       </time>
      </trkpt>
      <trkpt lat="49.01836" lon="2.04225">
        <ele>86.18</ele>
        <time>2015-07-13T09:13:21Z
       </time>
      </trkpt>
      <trkpt lat="49.01831" lon="2.04229">
        <ele>89.06</ele>
        <time>2015-07-13T09:13:32Z
       </time>
      </trkpt>
      <trkpt lat="49.0182" lon="2.0424">
        <ele>91.94</ele>
        <time>2015-07-13T09:13:42Z
       </time>
      </trkpt>
      <trkpt lat="49.0181" lon="2.0425">
        <ele>95.79</ele>
        <time>2015-07-13T09:13:52Z
       </time>
      </trkpt>
      <trkpt lat="49.01798" lon="2.04261">
        <ele>100.6</ele>
        <time>2015-07-13T09:14:01Z
       </time>
      </trkpt>
      <trkpt lat="49.01788" lon="2.04271">
        <ele>104.92</ele>
        <time>2015-07-13T09:14:11Z
       </time>
      </trkpt>
      <trkpt lat="49.01778" lon="2.0428">
        <ele>112.13</ele>
        <time>2015-07-13T09:14:21Z
       </time>
      </trkpt>
      <trkpt lat="49.01767" lon="2.04291">
        <ele>115.98</ele>
        <time>2015-07-13T09:14:29Z
       </time>
      </trkpt>
      <trkpt lat="49.01755" lon="2.04305">
        <ele>119.82</ele>
        <time>2015-07-13T09:14:39Z
       </time>
      </trkpt>
      <trkpt lat="49.01745" lon="2.04316">
        <ele>124.15</ele>
        <time>2015-07-13T09:14:48Z
       </time>
      </trkpt>
      <trkpt lat="49.01736" lon="2.04327">
        <ele>129.43</ele>
        <time>2015-07-13T09:15:01Z
       </time>
      </trkpt>
      <trkpt lat="49.01723" lon="2.04342">
        <ele>131.36</ele>
        <time>2015-07-13T09:15:12Z
       </time>
      </trkpt>
      <trkpt lat="49.01722" lon="2.04344">
        <ele>130.88</ele>
        <time>2015-07-13T09:15:13Z
       </time>
      </trkpt>
      <trkpt lat="49.01721" lon="2.04345">
        <ele>129.43</ele>
        <time>2015-07-13T09:15:14Z
       </time>
      </trkpt>
      <trkpt lat="49.01707" lon="2.04363">
        <ele>123.67</ele>
        <time>2015-07-13T09:15:24Z
       </time>
      </trkpt>
      <trkpt lat="49.01694" lon="2.0438">
        <ele>117.42</ele>
        <time>2015-07-13T09:15:34Z
       </time>
      </trkpt>
      <trkpt lat="49.01679" lon="2.04401">
        <ele>114.53</ele>
        <time>2015-07-13T09:15:47Z
       </time>
      </trkpt>
      <trkpt lat="49.01675" lon="2.04406">
        <ele>115.5</ele>
        <time>2015-07-13T09:15:51Z
       </time>
      </trkpt>
      <trkpt lat="49.01691" lon="2.04437">
        <ele>115.5</ele>
        <time>2015-07-13T09:15:52Z
       </time>
      </trkpt>
      <trkpt lat="49.01684" lon="2.04444">
        <ele>114.05</ele>
        <time>2015-07-13T09:15:57Z
       </time>
      </trkpt>
      <trkpt lat="49.01675" lon="2.04455">
        <ele>114.53</ele>
        <time>2015-07-13T09:16:05Z
       </time>
      </trkpt>
      <trkpt lat="49.01648" lon="2.04442">
        <ele>115.5</ele>
        <time>2015-07-13T09:16:14Z
       </time>
      </trkpt>
      <trkpt lat="49.0164" lon="2.04455">
        <ele>115.01</ele>
        <time>2015-07-13T09:16:22Z
       </time>
      </trkpt>
      <trkpt lat="49.01632" lon="2.04469">
        <ele>113.57</ele>
        <time>2015-07-13T09:16:30Z
       </time>
      </trkpt>
      <trkpt lat="49.01631" lon="2.0447">
        <ele>114.05</ele>
        <time>2015-07-13T09:16:31Z
       </time>
      </trkpt>
      <trkpt lat="49.0163" lon="2.04472">
        <ele>114.05</ele>
        <time>2015-07-13T09:16:32Z
       </time>
      </trkpt>
      <trkpt lat="49.0163" lon="2.04472">
        <ele>114.05</ele>
        <time>2015-07-13T09:16:33Z
       </time>
      </trkpt>
      <trkpt lat="49.0163" lon="2.04472">
        <ele>113.57</ele>
        <time>2015-07-13T09:16:34Z
       </time>
      </trkpt>
      <trkpt lat="49.01627" lon="2.04477">
        <ele>113.09</ele>
        <time>2015-07-13T09:16:35Z
       </time>
      </trkpt>
      <trkpt lat="49.01625" lon="2.0448">
        <ele>112.61</ele>
        <time>2015-07-13T09:16:37Z
       </time>
      </trkpt>
      <trkpt lat="49.01624" lon="2.04481">
        <ele>112.61</ele>
        <time>2015-07-13T09:16:38Z
       </time>
      </trkpt>
      <trkpt lat="49.01623" lon="2.04483">
        <ele>112.13</ele>
        <time>2015-07-13T09:16:39Z
       </time>
      </trkpt>
      <trkpt lat="49.01622" lon="2.04484">
        <ele>112.13</ele>
        <time>2015-07-13T09:16:40Z
       </time>
      </trkpt>
      <trkpt lat="49.01621" lon="2.04486">
        <ele>112.13</ele>
        <time>2015-07-13T09:16:41Z
       </time>
      </trkpt>
      <trkpt lat="49.0162" lon="2.04487">
        <ele>112.13</ele>
        <time>2015-07-13T09:16:42Z
       </time>
      </trkpt>
      <trkpt lat="49.0162" lon="2.04488">
        <ele>112.61</ele>
        <time>2015-07-13T09:16:43Z
       </time>
      </trkpt>
      <trkpt lat="49.01619" lon="2.04489">
        <ele>112.61</ele>
        <time>2015-07-13T09:16:44Z
       </time>
      </trkpt>
      <trkpt lat="49.01618" lon="2.04491">
        <ele>112.61</ele>
        <time>2015-07-13T09:16:45Z
       </time>
      </trkpt>
      <trkpt lat="49.01617" lon="2.04492">
        <ele>112.61</ele>
        <time>2015-07-13T09:16:46Z
       </time>
      </trkpt>
      <trkpt lat="49.01615" lon="2.04494">
        <ele>112.61</ele>
        <time>2015-07-13T09:16:47Z
       </time>
      </trkpt>
      <trkpt lat="49.01608" lon="2.04506">
        <ele>112.61</ele>
        <time>2015-07-13T09:16:54Z
       </time>
      </trkpt>
      <trkpt lat="49.01607" lon="2.04507">
        <ele>112.61</ele>
        <time>2015-07-13T09:16:55Z
       </time>
      </trkpt>
      <trkpt lat="49.01606" lon="2.04509">
        <ele>112.61</ele>
        <time>2015-07-13T09:16:56Z
       </time>
      </trkpt>
      <trkpt lat="49.01597" lon="2.04523">
        <ele>111.17</ele>
        <time>2015-07-13T09:17:05Z
       </time>
      </trkpt>
      <trkpt lat="49.01592" lon="2.0453">
        <ele>110.69</ele>
        <time>2015-07-13T09:17:10Z
       </time>
      </trkpt>
      <trkpt lat="49.01587" lon="2.04538">
        <ele>109.73</ele>
        <time>2015-07-13T09:17:14Z
       </time>
      </trkpt>
      <trkpt lat="49.01582" lon="2.04544">
        <ele>107.81</ele>
        <time>2015-07-13T09:17:19Z
       </time>
      </trkpt>
      <trkpt lat="49.01581" lon="2.04545">
        <ele>107.32</ele>
        <time>2015-07-13T09:17:20Z
       </time>
      </trkpt>
      <trkpt lat="49.01581" lon="2.04546">
        <ele>106.84</ele>
        <time>2015-07-13T09:17:40Z
       </time>
      </trkpt>
      <trkpt lat="49.01589" lon="2.04558">
        <ele>105.4</ele>
        <time>2015-07-13T09:17:56Z
       </time>
      </trkpt>
      <trkpt lat="49.01587" lon="2.04558">
        <ele>103.96</ele>
        <time>2015-07-13T09:18:00Z
       </time>
      </trkpt>
      <trkpt lat="49.01583" lon="2.04559">
        <ele>103.48</ele>
        <time>2015-07-13T09:18:01Z
       </time>
      </trkpt>
      <trkpt lat="49.01579" lon="2.04562">
        <ele>103.48</ele>
        <time>2015-07-13T09:18:02Z
       </time>
      </trkpt>
      <trkpt lat="49.01577" lon="2.04563">
        <ele>103</ele>
        <time>2015-07-13T09:18:03Z
       </time>
      </trkpt>
      <trkpt lat="49.01576" lon="2.04564">
        <ele>102.52</ele>
        <time>2015-07-13T09:18:04Z
       </time>
      </trkpt>
      <trkpt lat="49.01561" lon="2.04577">
        <ele>99.63</ele>
        <time>2015-07-13T09:18:11Z
       </time>
      </trkpt>
      <trkpt lat="49.01561" lon="2.04577">
        <ele>99.63</ele>
        <time>2015-07-13T09:18:12Z
       </time>
      </trkpt>
      <trkpt lat="49.01553" lon="2.04604">
        <ele>99.15</ele>
        <time>2015-07-13T09:18:21Z
       </time>
      </trkpt>
      <trkpt lat="49.01547" lon="2.04598">
        <ele>98.67</ele>
        <time>2015-07-13T09:18:34Z
       </time>
      </trkpt>
      <trkpt lat="49.0155" lon="2.04616">
        <ele>99.15</ele>
        <time>2015-07-13T09:18:36Z
       </time>
      </trkpt>
      <trkpt lat="49.0155" lon="2.04616">
        <ele>99.63</ele>
        <time>2015-07-13T09:18:38Z
       </time>
      </trkpt>
      <trkpt lat="49.0155" lon="2.04616">
        <ele>102.52</ele>
        <time>2015-07-13T09:18:46Z
       </time>
      </trkpt>
      <trkpt lat="49.0155" lon="2.04616">
        <ele>104.92</ele>
        <time>2015-07-13T09:18:55Z
       </time>
      </trkpt>
      <trkpt lat="49.01526" lon="2.04637">
        <ele>105.4</ele>
        <time>2015-07-13T09:18:56Z
       </time>
      </trkpt>
      <trkpt lat="49.01522" lon="2.04646">
        <ele>107.32</ele>
        <time>2015-07-13T09:19:00Z
       </time>
      </trkpt>
      <trkpt lat="49.01521" lon="2.04648">
        <ele>107.81</ele>
        <time>2015-07-13T09:19:01Z
       </time>
      </trkpt>
      <trkpt lat="49.01514" lon="2.04664">
        <ele>111.17</ele>
        <time>2015-07-13T09:19:12Z
       </time>
      </trkpt>
      <trkpt lat="49.01509" lon="2.04676">
        <ele>114.53</ele>
        <time>2015-07-13T09:19:20Z
       </time>
      </trkpt>
      <trkpt lat="49.01504" lon="2.04687">
        <ele>116.94</ele>
        <time>2015-07-13T09:19:28Z
       </time>
      </trkpt>
      <trkpt lat="49.01503" lon="2.04689">
        <ele>116.94</ele>
        <time>2015-07-13T09:19:29Z
       </time>
      </trkpt>
      <trkpt lat="49.01496" lon="2.04705">
        <ele>117.9</ele>
        <time>2015-07-13T09:19:36Z
       </time>
      </trkpt>
      <trkpt lat="49.01494" lon="2.04709">
        <ele>118.38</ele>
        <time>2015-07-13T09:19:37Z
       </time>
      </trkpt>
      <trkpt lat="49.01493" lon="2.04712">
        <ele>118.86</ele>
        <time>2015-07-13T09:19:38Z
       </time>
      </trkpt>
      <trkpt lat="49.01487" lon="2.04734">
        <ele>119.34</ele>
        <time>2015-07-13T09:19:48Z
       </time>
      </trkpt>
      <trkpt lat="49.01481" lon="2.0475">
        <ele>122.71</ele>
        <time>2015-07-13T09:19:58Z
       </time>
      </trkpt>
      <trkpt lat="49.01477" lon="2.04763">
        <ele>125.59</ele>
        <time>2015-07-13T09:20:06Z
       </time>
      </trkpt>
      <trkpt lat="49.01469" lon="2.04787">
        <ele>123.19</ele>
        <time>2015-07-13T09:20:18Z
       </time>
      </trkpt>
      <trkpt lat="49.01461" lon="2.04814">
        <ele>118.38</ele>
        <time>2015-07-13T09:20:30Z
       </time>
      </trkpt>
      <trkpt lat="49.01459" lon="2.0482">
        <ele>117.42</ele>
        <time>2015-07-13T09:20:33Z
       </time>
      </trkpt>
      <trkpt lat="49.01458" lon="2.04822">
        <ele>117.42</ele>
        <time>2015-07-13T09:20:34Z
       </time>
      </trkpt>
      <trkpt lat="49.01454" lon="2.04835">
        <ele>115.5</ele>
        <time>2015-07-13T09:20:42Z
       </time>
      </trkpt>
      <trkpt lat="49.01452" lon="2.04838">
        <ele>115.5</ele>
        <time>2015-07-13T09:20:44Z
       </time>
      </trkpt>
      <trkpt lat="49.01449" lon="2.04842">
        <ele>113.57</ele>
        <time>2015-07-13T09:20:47Z
       </time>
      </trkpt>
      <trkpt lat="49.01448" lon="2.04844">
        <ele>113.57</ele>
        <time>2015-07-13T09:20:48Z
       </time>
      </trkpt>
      <trkpt lat="49.01447" lon="2.04847">
        <ele>113.09</ele>
        <time>2015-07-13T09:20:49Z
       </time>
      </trkpt>
      <trkpt lat="49.01439" lon="2.04859">
        <ele>109.25</ele>
        <time>2015-07-13T09:20:55Z
       </time>
      </trkpt>
      <trkpt lat="49.01429" lon="2.04875">
        <ele>104.44</ele>
        <time>2015-07-13T09:21:05Z
       </time>
      </trkpt>
      <trkpt lat="49.01422" lon="2.04887">
        <ele>102.52</ele>
        <time>2015-07-13T09:21:11Z
       </time>
      </trkpt>
      <trkpt lat="49.01421" lon="2.04888">
        <ele>102.52</ele>
        <time>2015-07-13T09:21:12Z
       </time>
      </trkpt>
      <trkpt lat="49.01417" lon="2.04894">
        <ele>102.04</ele>
        <time>2015-07-13T09:21:15Z
       </time>
      </trkpt>
      <trkpt lat="49.01416" lon="2.04896">
        <ele>101.56</ele>
        <time>2015-07-13T09:21:16Z
       </time>
      </trkpt>
      <trkpt lat="49.01415" lon="2.04899">
        <ele>101.56</ele>
        <time>2015-07-13T09:21:17Z
       </time>
      </trkpt>
      <trkpt lat="49.014" lon="2.04921">
        <ele>96.27</ele>
        <time>2015-07-13T09:21:29Z
       </time>
      </trkpt>
      <trkpt lat="49.01398" lon="2.04924">
        <ele>95.31</ele>
        <time>2015-07-13T09:21:31Z
       </time>
      </trkpt>
      <trkpt lat="49.01396" lon="2.04926">
        <ele>95.31</ele>
        <time>2015-07-13T09:21:32Z
       </time>
      </trkpt>
      <trkpt lat="49.01395" lon="2.04928">
        <ele>94.83</ele>
        <time>2015-07-13T09:21:33Z
       </time>
      </trkpt>
      <trkpt lat="49.01386" lon="2.04942">
        <ele>90.98</ele>
        <time>2015-07-13T09:21:41Z
       </time>
      </trkpt>
      <trkpt lat="49.01385" lon="2.04944">
        <ele>90.98</ele>
        <time>2015-07-13T09:21:42Z
       </time>
      </trkpt>
      <trkpt lat="49.01367" lon="2.04969">
        <ele>87.14</ele>
        <time>2015-07-13T09:21:57Z
       </time>
      </trkpt>
      <trkpt lat="49.01361" lon="2.04979">
        <ele>88.1</ele>
        <time>2015-07-13T09:22:06Z
       </time>
      </trkpt>
      <trkpt lat="49.01357" lon="2.04985">
        <ele>89.54</ele>
        <time>2015-07-13T09:22:09Z
       </time>
      </trkpt>
      <trkpt lat="49.0135" lon="2.04994">
        <ele>92.42</ele>
        <time>2015-07-13T09:22:17Z
       </time>
      </trkpt>
      <trkpt lat="49.01342" lon="2.05007">
        <ele>96.75</ele>
        <time>2015-07-13T09:22:26Z
       </time>
      </trkpt>
      <trkpt lat="49.01335" lon="2.05018">
        <ele>100.11</ele>
        <time>2015-07-13T09:22:34Z
       </time>
      </trkpt>
      <trkpt lat="49.01323" lon="2.05035">
        <ele>101.56</ele>
        <time>2015-07-13T09:22:46Z
       </time>
      </trkpt>
      <trkpt lat="49.01322" lon="2.05036">
        <ele>101.56</ele>
        <time>2015-07-13T09:22:47Z
       </time>
      </trkpt>
      <trkpt lat="49.01321" lon="2.05038">
        <ele>101.56</ele>
        <time>2015-07-13T09:22:48Z
       </time>
      </trkpt>
      <trkpt lat="49.0132" lon="2.0504">
        <ele>101.56</ele>
        <time>2015-07-13T09:22:49Z
       </time>
      </trkpt>
      <trkpt lat="49.01312" lon="2.05052">
        <ele>103</ele>
        <time>2015-07-13T09:22:59Z
       </time>
      </trkpt>
      <trkpt lat="49.01307" lon="2.0506">
        <ele>104.44</ele>
        <time>2015-07-13T09:23:10Z
       </time>
      </trkpt>
      <trkpt lat="49.01291" lon="2.05086">
        <ele>106.84</ele>
        <time>2015-07-13T09:23:26Z
       </time>
      </trkpt>
      <trkpt lat="49.01269" lon="2.05115">
        <ele>102.04</ele>
        <time>2015-07-13T09:23:39Z
       </time>
      </trkpt>
      <trkpt lat="49.01267" lon="2.05118">
        <ele>101.56</ele>
        <time>2015-07-13T09:23:41Z
       </time>
      </trkpt>
      <trkpt lat="49.01266" lon="2.0512">
        <ele>101.56</ele>
        <time>2015-07-13T09:23:42Z
       </time>
      </trkpt>
      <trkpt lat="49.01263" lon="2.05122">
        <ele>101.56</ele>
        <time>2015-07-13T09:23:44Z
       </time>
      </trkpt>
      <trkpt lat="49.01262" lon="2.05124">
        <ele>101.56</ele>
        <time>2015-07-13T09:23:45Z
       </time>
      </trkpt>
      <trkpt lat="49.0126" lon="2.05126">
        <ele>101.08</ele>
        <time>2015-07-13T09:23:46Z
       </time>
      </trkpt>
      <trkpt lat="49.01259" lon="2.05128">
        <ele>101.08</ele>
        <time>2015-07-13T09:23:47Z
       </time>
      </trkpt>
      <trkpt lat="49.01258" lon="2.0513">
        <ele>101.08</ele>
        <time>2015-07-13T09:23:48Z
       </time>
      </trkpt>
      <trkpt lat="49.01244" lon="2.05148">
        <ele>100.11</ele>
        <time>2015-07-13T09:24:01Z
       </time>
      </trkpt>
      <trkpt lat="49.01244" lon="2.05149">
        <ele>100.11</ele>
        <time>2015-07-13T09:24:02Z
       </time>
      </trkpt>
      <trkpt lat="49.01226" lon="2.05167">
        <ele>95.79</ele>
        <time>2015-07-13T09:24:14Z
       </time>
      </trkpt>
      <trkpt lat="49.01224" lon="2.05169">
        <ele>95.31</ele>
        <time>2015-07-13T09:24:15Z
       </time>
      </trkpt>
      <trkpt lat="49.01222" lon="2.0517">
        <ele>94.83</ele>
        <time>2015-07-13T09:24:16Z
       </time>
      </trkpt>
      <trkpt lat="49.01202" lon="2.05183">
        <ele>88.1</ele>
        <time>2015-07-13T09:24:28Z
       </time>
      </trkpt>
      <trkpt lat="49.0119" lon="2.05192">
        <ele>80.41</ele>
        <time>2015-07-13T09:24:35Z
       </time>
      </trkpt>
      <trkpt lat="49.01183" lon="2.05197">
        <ele>85.21</ele>
        <time>2015-07-13T09:24:49Z
       </time>
      </trkpt>
      <trkpt lat="49.01174" lon="2.052">
        <ele>83.29</ele>
        <time>2015-07-13T09:25:05Z
       </time>
      </trkpt>
      <trkpt lat="49.01157" lon="2.05206">
        <ele>80.89</ele>
        <time>2015-07-13T09:25:24Z
       </time>
      </trkpt>
      <trkpt lat="49.01143" lon="2.05212">
        <ele>79.45</ele>
        <time>2015-07-13T09:25:34Z
       </time>
      </trkpt>
      <trkpt lat="49.01126" lon="2.05223">
        <ele>78</ele>
        <time>2015-07-13T09:25:48Z
       </time>
      </trkpt>
      <trkpt lat="49.01111" lon="2.05233">
        <ele>77.52</ele>
        <time>2015-07-13T09:25:59Z
       </time>
      </trkpt>
      <trkpt lat="49.0111" lon="2.05234">
        <ele>77.52</ele>
        <time>2015-07-13T09:26:00Z
       </time>
      </trkpt>
      <trkpt lat="49.01108" lon="2.05235">
        <ele>77.04</ele>
        <time>2015-07-13T09:26:01Z
       </time>
      </trkpt>
      <trkpt lat="49.01098" lon="2.05242">
        <ele>77.04</ele>
        <time>2015-07-13T09:26:08Z
       </time>
      </trkpt>
      <trkpt lat="49.01096" lon="2.05243">
        <ele>76.56</ele>
        <time>2015-07-13T09:26:09Z
       </time>
      </trkpt>
      <trkpt lat="49.01086" lon="2.0525">
        <ele>76.56</ele>
        <time>2015-07-13T09:26:20Z
       </time>
      </trkpt>
      <trkpt lat="49.01078" lon="2.05256">
        <ele>75.6</ele>
        <time>2015-07-13T09:26:31Z
       </time>
      </trkpt>
      <trkpt lat="49.01063" lon="2.0527">
        <ele>72.24</ele>
        <time>2015-07-13T09:26:45Z
       </time>
      </trkpt>
      <trkpt lat="49.01048" lon="2.05279">
        <ele>71.76</ele>
        <time>2015-07-13T09:26:58Z
       </time>
      </trkpt>
      <trkpt lat="49.01034" lon="2.05287">
        <ele>71.76</ele>
        <time>2015-07-13T09:27:10Z
       </time>
      </trkpt>
      <trkpt lat="49.01028" lon="2.0529">
        <ele>72.72</ele>
        <time>2015-07-13T09:27:15Z
       </time>
      </trkpt>
      <trkpt lat="49.01027" lon="2.05291">
        <ele>72.24</ele>
        <time>2015-07-13T09:27:16Z
       </time>
      </trkpt>
      <trkpt lat="49.01026" lon="2.05291">
        <ele>72.72</ele>
        <time>2015-07-13T09:27:17Z
       </time>
      </trkpt>
      <trkpt lat="49.01009" lon="2.05301">
        <ele>74.16</ele>
        <time>2015-07-13T09:27:29Z
       </time>
      </trkpt>
      <trkpt lat="49.00995" lon="2.05309">
        <ele>74.16</ele>
        <time>2015-07-13T09:27:40Z
       </time>
      </trkpt>
      <trkpt lat="49.00977" lon="2.05314">
        <ele>74.64</ele>
        <time>2015-07-13T09:27:56Z
       </time>
      </trkpt>
      <trkpt lat="49.00959" lon="2.05321">
        <ele>75.6</ele>
        <time>2015-07-13T09:28:10Z
       </time>
      </trkpt>
      <trkpt lat="49.00943" lon="2.05328">
        <ele>74.64</ele>
        <time>2015-07-13T09:28:22Z
       </time>
      </trkpt>
      <trkpt lat="49.0093" lon="2.05334">
        <ele>76.56</ele>
        <time>2015-07-13T09:28:32Z
       </time>
      </trkpt>
      <trkpt lat="49.0091" lon="2.05342">
        <ele>76.56</ele>
        <time>2015-07-13T09:28:46Z
       </time>
      </trkpt>
      <trkpt lat="49.00908" lon="2.05343">
        <ele>76.56</ele>
        <time>2015-07-13T09:28:47Z
       </time>
      </trkpt>
      <trkpt lat="49.00906" lon="2.05344">
        <ele>77.04</ele>
        <time>2015-07-13T09:28:49Z
       </time>
      </trkpt>
      <trkpt lat="49.00904" lon="2.05344">
        <ele>77.04</ele>
        <time>2015-07-13T09:28:50Z
       </time>
      </trkpt>
      <trkpt lat="49.00902" lon="2.05345">
        <ele>77.04</ele>
        <time>2015-07-13T09:28:51Z
       </time>
      </trkpt>
      <trkpt lat="49.00886" lon="2.05354">
        <ele>76.08</ele>
        <time>2015-07-13T09:29:04Z
       </time>
      </trkpt>
      <trkpt lat="49.00869" lon="2.05364">
        <ele>75.12</ele>
        <time>2015-07-13T09:29:27Z
       </time>
      </trkpt>
      <trkpt lat="49.00851" lon="2.05378">
        <ele>72.24</ele>
        <time>2015-07-13T09:29:40Z
       </time>
      </trkpt>
      <trkpt lat="49.00833" lon="2.05391">
        <ele>69.83</ele>
        <time>2015-07-13T09:29:53Z
       </time>
      </trkpt>
      <trkpt lat="49.00821" lon="2.054">
        <ele>69.35</ele>
        <time>2015-07-13T09:30:01Z
       </time>
      </trkpt>
      <trkpt lat="49.00801" lon="2.05413">
        <ele>67.91</ele>
        <time>2015-07-13T09:30:13Z
       </time>
      </trkpt>
      <trkpt lat="49.00783" lon="2.05424">
        <ele>67.43</ele>
        <time>2015-07-13T09:30:26Z
       </time>
      </trkpt>
      <trkpt lat="49.00773" lon="2.05432">
        <ele>67.43</ele>
        <time>2015-07-13T09:30:36Z
       </time>
      </trkpt>
      <trkpt lat="49.00759" lon="2.05442">
        <ele>70.31</ele>
        <time>2015-07-13T09:30:50Z
       </time>
      </trkpt>
      <trkpt lat="49.0075" lon="2.05448">
        <ele>73.68</ele>
        <time>2015-07-13T09:30:59Z
       </time>
      </trkpt>
      <trkpt lat="49.00731" lon="2.0546">
        <ele>74.64</ele>
        <time>2015-07-13T09:31:12Z
       </time>
      </trkpt>
      <trkpt lat="49.00708" lon="2.05475">
        <ele>68.87</ele>
        <time>2015-07-13T09:31:26Z
       </time>
      </trkpt>
      <trkpt lat="49.00694" lon="2.05485">
        <ele>63.58</ele>
        <time>2015-07-13T09:31:37Z
       </time>
      </trkpt>
      <trkpt lat="49.00688" lon="2.05489">
        <ele>61.66</ele>
        <time>2015-07-13T09:31:41Z
       </time>
      </trkpt>
      <trkpt lat="49.00679" lon="2.05495">
        <ele>60.7</ele>
        <time>2015-07-13T09:31:50Z
       </time>
      </trkpt>
      <trkpt lat="49.00678" lon="2.05496">
        <ele>60.7</ele>
        <time>2015-07-13T09:31:51Z
       </time>
      </trkpt>
      <trkpt lat="49.00671" lon="2.055">
        <ele>64.07</ele>
        <time>2015-07-13T09:32:01Z
       </time>
      </trkpt>
      <trkpt lat="49.00657" lon="2.05511">
        <ele>63.58</ele>
        <time>2015-07-13T09:32:16Z
       </time>
      </trkpt>
      <trkpt lat="49.00662" lon="2.05525">
        <ele>63.58</ele>
        <time>2015-07-13T09:32:20Z
       </time>
      </trkpt>
      <trkpt lat="49.00661" lon="2.05529">
        <ele>63.1</ele>
        <time>2015-07-13T09:32:22Z
       </time>
      </trkpt>
      <trkpt lat="49.00668" lon="2.05502">
        <ele>63.58</ele>
        <time>2015-07-13T09:32:24Z
       </time>
      </trkpt>
      <trkpt lat="49.00633" lon="2.05531">
        <ele>65.03</ele>
        <time>2015-07-13T09:32:27Z
       </time>
      </trkpt>
      <trkpt lat="49.00647" lon="2.05519">
        <ele>65.51</ele>
        <time>2015-07-13T09:32:28Z
       </time>
      </trkpt>
      <trkpt lat="49.00668" lon="2.05502">
        <ele>65.99</ele>
        <time>2015-07-13T09:32:29Z
       </time>
      </trkpt>
      <trkpt lat="49.00631" lon="2.05525">
        <ele>66.95</ele>
        <time>2015-07-13T09:32:32Z
       </time>
      </trkpt>
      <trkpt lat="49.00629" lon="2.05516">
        <ele>72.72</ele>
        <time>2015-07-13T09:32:43Z
       </time>
      </trkpt>
      <trkpt lat="49.00628" lon="2.05509">
        <ele>76.08</ele>
        <time>2015-07-13T09:32:48Z
       </time>
      </trkpt>
      <trkpt lat="49.00626" lon="2.05503">
        <ele>77.04</ele>
        <time>2015-07-13T09:32:52Z
       </time>
      </trkpt>
      <trkpt lat="49.00626" lon="2.05501">
        <ele>77.04</ele>
        <time>2015-07-13T09:32:53Z
       </time>
      </trkpt>
      <trkpt lat="49.00625" lon="2.05496">
        <ele>77.04</ele>
        <time>2015-07-13T09:32:56Z
       </time>
      </trkpt>
      <trkpt lat="49.00624" lon="2.05493">
        <ele>77.52</ele>
        <time>2015-07-13T09:32:58Z
       </time>
      </trkpt>
      <trkpt lat="49.00624" lon="2.0549">
        <ele>78</ele>
        <time>2015-07-13T09:33:00Z
       </time>
      </trkpt>
      <trkpt lat="49.00623" lon="2.05485">
        <ele>78.97</ele>
        <time>2015-07-13T09:33:03Z
       </time>
      </trkpt>
      <trkpt lat="49.00622" lon="2.05483">
        <ele>79.45</ele>
        <time>2015-07-13T09:33:04Z
       </time>
      </trkpt>
      <trkpt lat="49.00622" lon="2.05482">
        <ele>79.93</ele>
        <time>2015-07-13T09:33:05Z
       </time>
      </trkpt>
      <trkpt lat="49.00621" lon="2.0548">
        <ele>80.41</ele>
        <time>2015-07-13T09:33:06Z
       </time>
      </trkpt>
      <trkpt lat="49.00621" lon="2.05478">
        <ele>80.41</ele>
        <time>2015-07-13T09:33:07Z
       </time>
      </trkpt>
      <trkpt lat="49.0062" lon="2.05474">
        <ele>80.89</ele>
        <time>2015-07-13T09:33:09Z
       </time>
      </trkpt>
      <trkpt lat="49.0062" lon="2.05472">
        <ele>80.89</ele>
        <time>2015-07-13T09:33:10Z
       </time>
      </trkpt>
      <trkpt lat="49.00619" lon="2.05469">
        <ele>80.89</ele>
        <time>2015-07-13T09:33:12Z
       </time>
      </trkpt>
      <trkpt lat="49.00618" lon="2.05462">
        <ele>81.37</ele>
        <time>2015-07-13T09:33:16Z
       </time>
      </trkpt>
      <trkpt lat="49.00617" lon="2.0546">
        <ele>81.85</ele>
        <time>2015-07-13T09:33:17Z
       </time>
      </trkpt>
      <trkpt lat="49.00617" lon="2.05458">
        <ele>81.85</ele>
        <time>2015-07-13T09:33:18Z
       </time>
      </trkpt>
      <trkpt lat="49.00616" lon="2.05456">
        <ele>82.33</ele>
        <time>2015-07-13T09:33:19Z
       </time>
      </trkpt>
      <trkpt lat="49.00616" lon="2.05453">
        <ele>82.81</ele>
        <time>2015-07-13T09:33:21Z
       </time>
      </trkpt>
      <trkpt lat="49.00612" lon="2.05437">
        <ele>82.81</ele>
        <time>2015-07-13T09:33:30Z
       </time>
      </trkpt>
      <trkpt lat="49.00609" lon="2.05425">
        <ele>83.29</ele>
        <time>2015-07-13T09:33:38Z
       </time>
      </trkpt>
      <trkpt lat="49.00609" lon="2.05422">
        <ele>83.29</ele>
        <time>2015-07-13T09:33:40Z
       </time>
      </trkpt>
      <trkpt lat="49.00608" lon="2.05418">
        <ele>82.81</ele>
        <time>2015-07-13T09:33:43Z
       </time>
      </trkpt>
      <trkpt lat="49.00607" lon="2.05416">
        <ele>82.33</ele>
        <time>2015-07-13T09:33:44Z
       </time>
      </trkpt>
      <trkpt lat="49.00607" lon="2.05413">
        <ele>82.33</ele>
        <time>2015-07-13T09:33:45Z
       </time>
      </trkpt>
      <trkpt lat="49.00606" lon="2.05411">
        <ele>81.85</ele>
        <time>2015-07-13T09:33:46Z
       </time>
      </trkpt>
      <trkpt lat="49.00606" lon="2.05409">
        <ele>81.37</ele>
        <time>2015-07-13T09:33:47Z
       </time>
      </trkpt>
      <trkpt lat="49.00604" lon="2.05403">
        <ele>80.41</ele>
        <time>2015-07-13T09:33:50Z
       </time>
      </trkpt>
      <trkpt lat="49.00604" lon="2.054">
        <ele>80.41</ele>
        <time>2015-07-13T09:33:51Z
       </time>
      </trkpt>
      <trkpt lat="49.00603" lon="2.05398">
        <ele>80.41</ele>
        <time>2015-07-13T09:33:52Z
       </time>
      </trkpt>
      <trkpt lat="49.00603" lon="2.05396">
        <ele>80.41</ele>
        <time>2015-07-13T09:33:53Z
       </time>
      </trkpt>
      <trkpt lat="49.00601" lon="2.05388">
        <ele>80.41</ele>
        <time>2015-07-13T09:33:57Z
       </time>
      </trkpt>
      <trkpt lat="49.00599" lon="2.05382">
        <ele>80.41</ele>
        <time>2015-07-13T09:34:00Z
       </time>
      </trkpt>
      <trkpt lat="49.00595" lon="2.05364">
        <ele>82.81</ele>
        <time>2015-07-13T09:34:09Z
       </time>
      </trkpt>
      <trkpt lat="49.00595" lon="2.05362">
        <ele>82.81</ele>
        <time>2015-07-13T09:34:10Z
       </time>
      </trkpt>
      <trkpt lat="49.00594" lon="2.05358">
        <ele>83.29</ele>
        <time>2015-07-13T09:34:12Z
       </time>
      </trkpt>
      <trkpt lat="49.00594" lon="2.05356">
        <ele>83.29</ele>
        <time>2015-07-13T09:34:13Z
       </time>
      </trkpt>
      <trkpt lat="49.00593" lon="2.05353">
        <ele>83.77</ele>
        <time>2015-07-13T09:34:15Z
       </time>
      </trkpt>
      <trkpt lat="49.00592" lon="2.05351">
        <ele>83.77</ele>
        <time>2015-07-13T09:34:16Z
       </time>
      </trkpt>
      <trkpt lat="49.00592" lon="2.05349">
        <ele>84.25</ele>
        <time>2015-07-13T09:34:17Z
       </time>
      </trkpt>
      <trkpt lat="49.0059" lon="2.05342">
        <ele>85.21</ele>
        <time>2015-07-13T09:34:21Z
       </time>
      </trkpt>
      <trkpt lat="49.00589" lon="2.05336">
        <ele>85.69</ele>
        <time>2015-07-13T09:34:24Z
       </time>
      </trkpt>
      <trkpt lat="49.00583" lon="2.05308">
        <ele>88.1</ele>
        <time>2015-07-13T09:34:38Z
       </time>
      </trkpt>
      <trkpt lat="49.00582" lon="2.05305">
        <ele>88.58</ele>
        <time>2015-07-13T09:34:40Z
       </time>
      </trkpt>
      <trkpt lat="49.00581" lon="2.05299">
        <ele>89.54</ele>
        <time>2015-07-13T09:34:43Z
       </time>
      </trkpt>
      <trkpt lat="49.00577" lon="2.05282">
        <ele>92.42</ele>
        <time>2015-07-13T09:34:54Z
       </time>
      </trkpt>
      <trkpt lat="49.00575" lon="2.05274">
        <ele>94.35</ele>
        <time>2015-07-13T09:34:59Z
       </time>
      </trkpt>
      <trkpt lat="49.00571" lon="2.05256">
        <ele>94.35</ele>
        <time>2015-07-13T09:35:08Z
       </time>
      </trkpt>
      <trkpt lat="49.0057" lon="2.05252">
        <ele>94.83</ele>
        <time>2015-07-13T09:35:10Z
       </time>
      </trkpt>
      <trkpt lat="49.0057" lon="2.0525">
        <ele>94.83</ele>
        <time>2015-07-13T09:35:11Z
       </time>
      </trkpt>
      <trkpt lat="49.00569" lon="2.05248">
        <ele>94.83</ele>
        <time>2015-07-13T09:35:12Z
       </time>
      </trkpt>
      <trkpt lat="49.00567" lon="2.05237">
        <ele>94.83</ele>
        <time>2015-07-13T09:35:18Z
       </time>
      </trkpt>
      <trkpt lat="49.00566" lon="2.05235">
        <ele>95.31</ele>
        <time>2015-07-13T09:35:19Z
       </time>
      </trkpt>
      <trkpt lat="49.00564" lon="2.05225">
        <ele>97.23</ele>
        <time>2015-07-13T09:35:25Z
       </time>
      </trkpt>
      <trkpt lat="49.00561" lon="2.05212">
        <ele>101.56</ele>
        <time>2015-07-13T09:35:34Z
       </time>
      </trkpt>
      <trkpt lat="49.00558" lon="2.05196">
        <ele>107.32</ele>
        <time>2015-07-13T09:35:44Z
       </time>
      </trkpt>
      <trkpt lat="49.00553" lon="2.05176">
        <ele>110.21</ele>
        <time>2015-07-13T09:35:55Z
       </time>
      </trkpt>
      <trkpt lat="49.00549" lon="2.05157">
        <ele>114.05</ele>
        <time>2015-07-13T09:36:07Z
       </time>
      </trkpt>
      <trkpt lat="49.00548" lon="2.05149">
        <ele>119.82</ele>
        <time>2015-07-13T09:36:14Z
       </time>
      </trkpt>
      <trkpt lat="49.00566" lon="2.05132">
        <ele>145.3</ele>
        <time>2015-07-13T09:36:32Z
       </time>
      </trkpt>
      <trkpt lat="49.00572" lon="2.05128">
        <ele>160.68</ele>
        <time>2015-07-13T09:36:42Z
       </time>
      </trkpt>
      <trkpt lat="49.0058" lon="2.05123">
        <ele>178.94</ele>
        <time>2015-07-13T09:36:54Z
       </time>
      </trkpt>
      <trkpt lat="49.00577" lon="2.05117">
        <ele>192.88</ele>
        <time>2015-07-13T09:37:05Z
       </time>
      </trkpt>
      <trkpt lat="49.00579" lon="2.05112">
        <ele>200.57</ele>
        <time>2015-07-13T09:37:12Z
       </time>
      </trkpt>
      <trkpt lat="49.0058" lon="2.05108">
        <ele>205.38</ele>
        <time>2015-07-13T09:37:16Z
       </time>
      </trkpt>
      <trkpt lat="49.00583" lon="2.05098">
        <ele>204.9</ele>
        <time>2015-07-13T09:37:23Z
       </time>
      </trkpt>
      <trkpt lat="49.00581" lon="2.0508">
        <ele>203.46</ele>
        <time>2015-07-13T09:37:32Z
       </time>
      </trkpt>
      <trkpt lat="49.00571" lon="2.05055">
        <ele>202.01</ele>
        <time>2015-07-13T09:37:43Z
       </time>
      </trkpt>
      <trkpt lat="49.00567" lon="2.05041">
        <ele>200.57</ele>
        <time>2015-07-13T09:37:48Z
       </time>
      </trkpt>
      <trkpt lat="49.00542" lon="2.05031">
        <ele>199.13</ele>
        <time>2015-07-13T09:37:52Z
       </time>
      </trkpt>
      <trkpt lat="49.00542" lon="2.05028">
        <ele>198.65</ele>
        <time>2015-07-13T09:37:53Z
       </time>
      </trkpt>
      <trkpt lat="49.00542" lon="2.05021">
        <ele>195.28</ele>
        <time>2015-07-13T09:37:54Z
       </time>
      </trkpt>
      <trkpt lat="49.00542" lon="2.05013">
        <ele>191.92</ele>
        <time>2015-07-13T09:37:56Z
       </time>
      </trkpt>
      <trkpt lat="49.00542" lon="2.05005">
        <ele>187.59</ele>
        <time>2015-07-13T09:37:57Z
       </time>
      </trkpt>
      <trkpt lat="49.00542" lon="2.04998">
        <ele>183.75</ele>
        <time>2015-07-13T09:37:58Z
       </time>
      </trkpt>
      <trkpt lat="49.00542" lon="2.04991">
        <ele>180.38</ele>
        <time>2015-07-13T09:37:59Z
       </time>
      </trkpt>
      <trkpt lat="49.00542" lon="2.04984">
        <ele>176.54</ele>
        <time>2015-07-13T09:38:00Z
       </time>
      </trkpt>
      <trkpt lat="49.00542" lon="2.04975">
        <ele>171.25</ele>
        <time>2015-07-13T09:38:01Z
       </time>
      </trkpt>
      <trkpt lat="49.00541" lon="2.04966">
        <ele>165.96</ele>
        <time>2015-07-13T09:38:02Z
       </time>
      </trkpt>
      <trkpt lat="49.00541" lon="2.04959">
        <ele>161.64</ele>
        <time>2015-07-13T09:38:03Z
       </time>
      </trkpt>
      <trkpt lat="49.00538" lon="2.0493">
        <ele>146.26</ele>
        <time>2015-07-13T09:38:07Z
       </time>
      </trkpt>
      <trkpt lat="49.00538" lon="2.04924">
        <ele>143.85</ele>
        <time>2015-07-13T09:38:08Z
       </time>
      </trkpt>
      <trkpt lat="49.00536" lon="2.04917">
        <ele>141.45</ele>
        <time>2015-07-13T09:38:09Z
       </time>
      </trkpt>
      <trkpt lat="49.00535" lon="2.04913">
        <ele>139.53</ele>
        <time>2015-07-13T09:38:10Z
       </time>
      </trkpt>
      <trkpt lat="49.00534" lon="2.04909">
        <ele>137.61</ele>
        <time>2015-07-13T09:38:11Z
       </time>
      </trkpt>
      <trkpt lat="49.00529" lon="2.04888">
        <ele>127.99</ele>
        <time>2015-07-13T09:38:16Z
       </time>
      </trkpt>
      <trkpt lat="49.00529" lon="2.04885">
        <ele>126.55</ele>
        <time>2015-07-13T09:38:17Z
       </time>
      </trkpt>
      <trkpt lat="49.00528" lon="2.04881">
        <ele>125.11</ele>
        <time>2015-07-13T09:38:18Z
       </time>
      </trkpt>
      <trkpt lat="49.00527" lon="2.04878">
        <ele>123.67</ele>
        <time>2015-07-13T09:38:19Z
       </time>
      </trkpt>
      <trkpt lat="49.00522" lon="2.0486">
        <ele>116.94</ele>
        <time>2015-07-13T09:38:25Z
       </time>
      </trkpt>
      <trkpt lat="49.00521" lon="2.04857">
        <ele>116.46</ele>
        <time>2015-07-13T09:38:26Z
       </time>
      </trkpt>
      <trkpt lat="49.00516" lon="2.04838">
        <ele>111.17</ele>
        <time>2015-07-13T09:38:33Z
       </time>
      </trkpt>
      <trkpt lat="49.00515" lon="2.04834">
        <ele>110.21</ele>
        <time>2015-07-13T09:38:34Z
       </time>
      </trkpt>
      <trkpt lat="49.00505" lon="2.04798">
        <ele>100.11</ele>
        <time>2015-07-13T09:38:47Z
       </time>
      </trkpt>
      <trkpt lat="49.00497" lon="2.04776">
        <ele>97.23</ele>
        <time>2015-07-13T09:38:57Z
       </time>
      </trkpt>
      <trkpt lat="49.00497" lon="2.04774">
        <ele>97.23</ele>
        <time>2015-07-13T09:38:58Z
       </time>
      </trkpt>
      <trkpt lat="49.00494" lon="2.04767">
        <ele>96.27</ele>
        <time>2015-07-13T09:39:01Z
       </time>
      </trkpt>
      <trkpt lat="49.00493" lon="2.04765">
        <ele>95.79</ele>
        <time>2015-07-13T09:39:02Z
       </time>
      </trkpt>
      <trkpt lat="49.00493" lon="2.04763">
        <ele>95.79</ele>
        <time>2015-07-13T09:39:03Z
       </time>
      </trkpt>
      <trkpt lat="49.00492" lon="2.04761">
        <ele>95.31</ele>
        <time>2015-07-13T09:39:04Z
       </time>
      </trkpt>
      <trkpt lat="49.00491" lon="2.04759">
        <ele>94.83</ele>
        <time>2015-07-13T09:39:05Z
       </time>
      </trkpt>
      <trkpt lat="49.0049" lon="2.04757">
        <ele>94.35</ele>
        <time>2015-07-13T09:39:06Z
       </time>
      </trkpt>
      <trkpt lat="49.00485" lon="2.04744">
        <ele>92.9</ele>
        <time>2015-07-13T09:39:12Z
       </time>
      </trkpt>
      <trkpt lat="49.00484" lon="2.04741">
        <ele>92.42</ele>
        <time>2015-07-13T09:39:13Z
       </time>
      </trkpt>
      <trkpt lat="49.00483" lon="2.04739">
        <ele>91.94</ele>
        <time>2015-07-13T09:39:14Z
       </time>
      </trkpt>
      <trkpt lat="49.00482" lon="2.04736">
        <ele>91.94</ele>
        <time>2015-07-13T09:39:15Z
       </time>
      </trkpt>
      <trkpt lat="49.00481" lon="2.04734">
        <ele>91.94</ele>
        <time>2015-07-13T09:39:16Z
       </time>
      </trkpt>
      <trkpt lat="49.0048" lon="2.04731">
        <ele>91.46</ele>
        <time>2015-07-13T09:39:17Z
       </time>
      </trkpt>
      <trkpt lat="49.00479" lon="2.04729">
        <ele>90.98</ele>
        <time>2015-07-13T09:39:18Z
       </time>
      </trkpt>
      <trkpt lat="49.00479" lon="2.04728">
        <ele>90.98</ele>
        <time>2015-07-13T09:39:19Z
       </time>
      </trkpt>
      <trkpt lat="49.00478" lon="2.04726">
        <ele>90.98</ele>
        <time>2015-07-13T09:39:20Z
       </time>
      </trkpt>
      <trkpt lat="49.00477" lon="2.04724">
        <ele>90.98</ele>
        <time>2015-07-13T09:39:21Z
       </time>
      </trkpt>
      <trkpt lat="49.00477" lon="2.04722">
        <ele>90.98</ele>
        <time>2015-07-13T09:39:22Z
       </time>
      </trkpt>
      <trkpt lat="49.00476" lon="2.04721">
        <ele>90.98</ele>
        <time>2015-07-13T09:39:23Z
       </time>
      </trkpt>
      <trkpt lat="49.00475" lon="2.04717">
        <ele>90.5</ele>
        <time>2015-07-13T09:39:25Z
       </time>
      </trkpt>
      <trkpt lat="49.00474" lon="2.04715">
        <ele>90.5</ele>
        <time>2015-07-13T09:39:26Z
       </time>
      </trkpt>
      <trkpt lat="49.00473" lon="2.04714">
        <ele>90.02</ele>
        <time>2015-07-13T09:39:27Z
       </time>
      </trkpt>
      <trkpt lat="49.00473" lon="2.04712">
        <ele>90.02</ele>
        <time>2015-07-13T09:39:28Z
       </time>
      </trkpt>
      <trkpt lat="49.00472" lon="2.0471">
        <ele>89.54</ele>
        <time>2015-07-13T09:39:29Z
       </time>
      </trkpt>
      <trkpt lat="49.00471" lon="2.04707">
        <ele>89.06</ele>
        <time>2015-07-13T09:39:30Z
       </time>
      </trkpt>
      <trkpt lat="49.0047" lon="2.04705">
        <ele>89.06</ele>
        <time>2015-07-13T09:39:31Z
       </time>
      </trkpt>
      <trkpt lat="49.00466" lon="2.04694">
        <ele>86.66</ele>
        <time>2015-07-13T09:39:42Z
       </time>
      </trkpt>
      <trkpt lat="49.00465" lon="2.04692">
        <ele>86.18</ele>
        <time>2015-07-13T09:39:43Z
       </time>
      </trkpt>
      <trkpt lat="49.00465" lon="2.04691">
        <ele>85.69</ele>
        <time>2015-07-13T09:39:44Z
       </time>
      </trkpt>
      <trkpt lat="49.00457" lon="2.04678">
        <ele>82.81</ele>
        <time>2015-07-13T09:39:51Z
       </time>
      </trkpt>
      <trkpt lat="49.00453" lon="2.04676">
        <ele>81.85</ele>
        <time>2015-07-13T09:40:07Z
       </time>
      </trkpt>
      <trkpt lat="49.00453" lon="2.04676">
        <ele>81.85</ele>
        <time>2015-07-13T09:40:09Z
       </time>
      </trkpt>
      <trkpt lat="49.00457" lon="2.04679">
        <ele>81.85</ele>
        <time>2015-07-13T09:40:16Z
       </time>
      </trkpt>
      <trkpt lat="49.00458" lon="2.04679">
        <ele>81.85</ele>
        <time>2015-07-13T09:40:17Z
       </time>
      </trkpt>
      <trkpt lat="49.0046" lon="2.04674">
        <ele>81.37</ele>
        <time>2015-07-13T09:40:21Z
       </time>
      </trkpt>
      <trkpt lat="49.0046" lon="2.04673">
        <ele>81.37</ele>
        <time>2015-07-13T09:40:22Z
       </time>
      </trkpt>
      <trkpt lat="49.0046" lon="2.04672">
        <ele>80.41</ele>
        <time>2015-07-13T09:40:24Z
       </time>
      </trkpt>
      <trkpt lat="49.00459" lon="2.0467">
        <ele>80.41</ele>
        <time>2015-07-13T09:40:25Z
       </time>
      </trkpt>
      <trkpt lat="49.00459" lon="2.04669">
        <ele>80.41</ele>
        <time>2015-07-13T09:40:26Z
       </time>
      </trkpt>
      <trkpt lat="49.00459" lon="2.04665">
        <ele>80.41</ele>
        <time>2015-07-13T09:40:28Z
       </time>
      </trkpt>
      <trkpt lat="49.00458" lon="2.04664">
        <ele>80.41</ele>
        <time>2015-07-13T09:40:29Z
       </time>
      </trkpt>
      <trkpt lat="49.00458" lon="2.04662">
        <ele>80.41</ele>
        <time>2015-07-13T09:40:30Z
       </time>
      </trkpt>
      <trkpt lat="49.00458" lon="2.0466">
        <ele>80.41</ele>
        <time>2015-07-13T09:40:31Z
       </time>
      </trkpt>
      <trkpt lat="49.00457" lon="2.04658">
        <ele>80.41</ele>
        <time>2015-07-13T09:40:32Z
       </time>
      </trkpt>
      <trkpt lat="49.00455" lon="2.04642">
        <ele>83.29</ele>
        <time>2015-07-13T09:40:45Z
       </time>
      </trkpt>
      <trkpt lat="49.00451" lon="2.04623">
        <ele>88.58</ele>
        <time>2015-07-13T09:40:58Z
       </time>
      </trkpt>
      <trkpt lat="49.0045" lon="2.04612">
        <ele>94.83</ele>
        <time>2015-07-13T09:41:08Z
       </time>
      </trkpt>
      <trkpt lat="49.00448" lon="2.04599">
        <ele>100.6</ele>
        <time>2015-07-13T09:41:18Z
       </time>
      </trkpt>
      <trkpt lat="49.00447" lon="2.04587">
        <ele>105.88</ele>
        <time>2015-07-13T09:41:27Z
       </time>
      </trkpt>
      <trkpt lat="49.00447" lon="2.04579">
        <ele>107.32</ele>
        <time>2015-07-13T09:41:30Z
       </time>
      </trkpt>
      <trkpt lat="49.00456" lon="2.04573">
        <ele>111.65</ele>
        <time>2015-07-13T09:41:39Z
       </time>
      </trkpt>
      <trkpt lat="49.00447" lon="2.04575">
        <ele>113.09</ele>
        <time>2015-07-13T09:41:44Z
       </time>
      </trkpt>
      <trkpt lat="49.00446" lon="2.04536">
        <ele>116.94</ele>
        <time>2015-07-13T09:41:54Z
       </time>
      </trkpt>
      <trkpt lat="49.00447" lon="2.04515">
        <ele>121.26</ele>
        <time>2015-07-13T09:42:05Z
       </time>
      </trkpt>
      <trkpt lat="49.00448" lon="2.04511">
        <ele>121.74</ele>
        <time>2015-07-13T09:42:07Z
       </time>
      </trkpt>
      <trkpt lat="49.00448" lon="2.04507">
        <ele>122.22</ele>
        <time>2015-07-13T09:42:09Z
       </time>
      </trkpt>
      <trkpt lat="49.0045" lon="2.04485">
        <ele>126.55</ele>
        <time>2015-07-13T09:42:21Z
       </time>
      </trkpt>
      <trkpt lat="49.00452" lon="2.04463">
        <ele>131.84</ele>
        <time>2015-07-13T09:42:34Z
       </time>
      </trkpt>
      <trkpt lat="49.00452" lon="2.04447">
        <ele>134.72</ele>
        <time>2015-07-13T09:42:44Z
       </time>
      </trkpt>
      <trkpt lat="49.00453" lon="2.04432">
        <ele>135.68</ele>
        <time>2015-07-13T09:42:53Z
       </time>
      </trkpt>
      <trkpt lat="49.00452" lon="2.04459">
        <ele>136.16</ele>
        <time>2015-07-13T09:42:55Z
       </time>
      </trkpt>
      <trkpt lat="49.00452" lon="2.04459">
        <ele>136.16</ele>
        <time>2015-07-13T09:42:56Z
       </time>
      </trkpt>
      <trkpt lat="49.00452" lon="2.04459">
        <ele>136.16</ele>
        <time>2015-07-13T09:42:57Z
       </time>
      </trkpt>
      <trkpt lat="49.00454" lon="2.04415">
        <ele>134.72</ele>
        <time>2015-07-13T09:43:01Z
       </time>
      </trkpt>
      <trkpt lat="49.00455" lon="2.04405">
        <ele>134.72</ele>
        <time>2015-07-13T09:43:05Z
       </time>
      </trkpt>
      <trkpt lat="49.00455" lon="2.04402">
        <ele>134.72</ele>
        <time>2015-07-13T09:43:06Z
       </time>
      </trkpt>
      <trkpt lat="49.00455" lon="2.04397">
        <ele>134.24</ele>
        <time>2015-07-13T09:43:08Z
       </time>
      </trkpt>
      <trkpt lat="49.00456" lon="2.04392">
        <ele>133.76</ele>
        <time>2015-07-13T09:43:10Z
       </time>
      </trkpt>
      <trkpt lat="49.00454" lon="2.04374">
        <ele>133.76</ele>
        <time>2015-07-13T09:43:18Z
       </time>
      </trkpt>
      <trkpt lat="49.00454" lon="2.04356">
        <ele>136.16</ele>
        <time>2015-07-13T09:43:27Z
       </time>
      </trkpt>
      <trkpt lat="49.00454" lon="2.04342">
        <ele>136.64</ele>
        <time>2015-07-13T09:43:32Z
       </time>
      </trkpt>
      <trkpt lat="49.00454" lon="2.0433">
        <ele>136.16</ele>
        <time>2015-07-13T09:43:36Z
       </time>
      </trkpt>
      <trkpt lat="49.00454" lon="2.04323">
        <ele>136.16</ele>
        <time>2015-07-13T09:43:39Z
       </time>
      </trkpt>
      <trkpt lat="49.00455" lon="2.0431">
        <ele>134.24</ele>
        <time>2015-07-13T09:43:45Z
       </time>
      </trkpt>
      <trkpt lat="49.00455" lon="2.04308">
        <ele>134.24</ele>
        <time>2015-07-13T09:43:46Z
       </time>
      </trkpt>
      <trkpt lat="49.00455" lon="2.04306">
        <ele>134.24</ele>
        <time>2015-07-13T09:43:47Z
       </time>
      </trkpt>
      <trkpt lat="49.00455" lon="2.04305">
        <ele>133.76</ele>
        <time>2015-07-13T09:43:48Z
       </time>
      </trkpt>
      <trkpt lat="49.00455" lon="2.04302">
        <ele>133.76</ele>
        <time>2015-07-13T09:43:49Z
       </time>
      </trkpt>
      <trkpt lat="49.00455" lon="2.043">
        <ele>133.76</ele>
        <time>2015-07-13T09:43:50Z
       </time>
      </trkpt>
      <trkpt lat="49.00455" lon="2.04298">
        <ele>133.76</ele>
        <time>2015-07-13T09:43:51Z
       </time>
      </trkpt>
      <trkpt lat="49.00456" lon="2.04295">
        <ele>133.76</ele>
        <time>2015-07-13T09:43:52Z
       </time>
      </trkpt>
      <trkpt lat="49.00456" lon="2.04293">
        <ele>133.28</ele>
        <time>2015-07-13T09:43:53Z
       </time>
      </trkpt>
      <trkpt lat="49.00456" lon="2.0429">
        <ele>132.8</ele>
        <time>2015-07-13T09:43:54Z
       </time>
      </trkpt>
      <trkpt lat="49.00456" lon="2.04288">
        <ele>132.8</ele>
        <time>2015-07-13T09:43:55Z
       </time>
      </trkpt>
      <trkpt lat="49.00456" lon="2.04285">
        <ele>132.32</ele>
        <time>2015-07-13T09:43:56Z
       </time>
      </trkpt>
      <trkpt lat="49.00457" lon="2.0428">
        <ele>132.32</ele>
        <time>2015-07-13T09:43:58Z
       </time>
      </trkpt>
      <trkpt lat="49.00457" lon="2.04278">
        <ele>132.32</ele>
        <time>2015-07-13T09:43:59Z
       </time>
      </trkpt>
      <trkpt lat="49.00457" lon="2.04276">
        <ele>132.32</ele>
        <time>2015-07-13T09:44:00Z
       </time>
      </trkpt>
      <trkpt lat="49.00457" lon="2.04273">
        <ele>131.84</ele>
        <time>2015-07-13T09:44:01Z
       </time>
      </trkpt>
      <trkpt lat="49.00457" lon="2.04269">
        <ele>131.84</ele>
        <time>2015-07-13T09:44:02Z
       </time>
      </trkpt>
      <trkpt lat="49.00458" lon="2.04267">
        <ele>131.36</ele>
        <time>2015-07-13T09:44:03Z
       </time>
      </trkpt>
      <trkpt lat="49.00458" lon="2.04264">
        <ele>130.88</ele>
        <time>2015-07-13T09:44:04Z
       </time>
      </trkpt>
      <trkpt lat="49.00458" lon="2.04262">
        <ele>130.4</ele>
        <time>2015-07-13T09:44:05Z
       </time>
      </trkpt>
      <trkpt lat="49.00458" lon="2.04259">
        <ele>130.4</ele>
        <time>2015-07-13T09:44:06Z
       </time>
      </trkpt>
      <trkpt lat="49.00458" lon="2.04256">
        <ele>129.92</ele>
        <time>2015-07-13T09:44:07Z
       </time>
      </trkpt>
      <trkpt lat="49.00459" lon="2.04254">
        <ele>129.43</ele>
        <time>2015-07-13T09:44:08Z
       </time>
      </trkpt>
      <trkpt lat="49.00459" lon="2.04251">
        <ele>129.43</ele>
        <time>2015-07-13T09:44:09Z
       </time>
      </trkpt>
      <trkpt lat="49.00459" lon="2.04248">
        <ele>128.95</ele>
        <time>2015-07-13T09:44:10Z
       </time>
      </trkpt>
      <trkpt lat="49.00459" lon="2.04246">
        <ele>128.47</ele>
        <time>2015-07-13T09:44:11Z
       </time>
      </trkpt>
      <trkpt lat="49.00459" lon="2.04243">
        <ele>128.47</ele>
        <time>2015-07-13T09:44:12Z
       </time>
      </trkpt>
      <trkpt lat="49.00459" lon="2.0424">
        <ele>127.99</ele>
        <time>2015-07-13T09:44:13Z
       </time>
      </trkpt>
      <trkpt lat="49.0046" lon="2.04238">
        <ele>127.99</ele>
        <time>2015-07-13T09:44:14Z
       </time>
      </trkpt>
      <trkpt lat="49.0046" lon="2.04235">
        <ele>127.51</ele>
        <time>2015-07-13T09:44:15Z
       </time>
      </trkpt>
      <trkpt lat="49.0046" lon="2.04233">
        <ele>127.51</ele>
        <time>2015-07-13T09:44:16Z
       </time>
      </trkpt>
      <trkpt lat="49.0046" lon="2.0423">
        <ele>127.03</ele>
        <time>2015-07-13T09:44:17Z
       </time>
      </trkpt>
      <trkpt lat="49.0046" lon="2.04227">
        <ele>127.03</ele>
        <time>2015-07-13T09:44:18Z
       </time>
      </trkpt>
      <trkpt lat="49.0046" lon="2.04225">
        <ele>126.55</ele>
        <time>2015-07-13T09:44:19Z
       </time>
      </trkpt>
      <trkpt lat="49.00461" lon="2.04222">
        <ele>126.55</ele>
        <time>2015-07-13T09:44:20Z
       </time>
      </trkpt>
      <trkpt lat="49.00461" lon="2.0422">
        <ele>126.07</ele>
        <time>2015-07-13T09:44:21Z
       </time>
      </trkpt>
      <trkpt lat="49.00461" lon="2.04217">
        <ele>126.07</ele>
        <time>2015-07-13T09:44:22Z
       </time>
      </trkpt>
      <trkpt lat="49.00461" lon="2.04215">
        <ele>126.07</ele>
        <time>2015-07-13T09:44:23Z
       </time>
      </trkpt>
      <trkpt lat="49.00461" lon="2.04212">
        <ele>125.59</ele>
        <time>2015-07-13T09:44:24Z
       </time>
      </trkpt>
      <trkpt lat="49.00461" lon="2.04209">
        <ele>125.59</ele>
        <time>2015-07-13T09:44:25Z
       </time>
      </trkpt>
      <trkpt lat="49.00461" lon="2.04207">
        <ele>125.11</ele>
        <time>2015-07-13T09:44:26Z
       </time>
      </trkpt>
      <trkpt lat="49.00461" lon="2.04204">
        <ele>124.63</ele>
        <time>2015-07-13T09:44:27Z
       </time>
      </trkpt>
      <trkpt lat="49.00461" lon="2.04199">
        <ele>124.15</ele>
        <time>2015-07-13T09:44:29Z
       </time>
      </trkpt>
      <trkpt lat="49.00462" lon="2.04197">
        <ele>123.67</ele>
        <time>2015-07-13T09:44:30Z
       </time>
      </trkpt>
      <trkpt lat="49.00462" lon="2.04194">
        <ele>123.19</ele>
        <time>2015-07-13T09:44:31Z
       </time>
      </trkpt>
      <trkpt lat="49.00462" lon="2.04192">
        <ele>123.19</ele>
        <time>2015-07-13T09:44:32Z
       </time>
      </trkpt>
      <trkpt lat="49.00462" lon="2.0419">
        <ele>123.19</ele>
        <time>2015-07-13T09:44:33Z
       </time>
      </trkpt>
      <trkpt lat="49.00462" lon="2.04163">
        <ele>120.78</ele>
        <time>2015-07-13T09:44:47Z
       </time>
      </trkpt>
      <trkpt lat="49.00462" lon="2.04158">
        <ele>120.3</ele>
        <time>2015-07-13T09:44:49Z
       </time>
      </trkpt>
      <trkpt lat="49.00462" lon="2.04139">
        <ele>120.3</ele>
        <time>2015-07-13T09:44:58Z
       </time>
      </trkpt>
      <trkpt lat="49.00462" lon="2.04134">
        <ele>120.3</ele>
        <time>2015-07-13T09:45:00Z
       </time>
      </trkpt>
      <trkpt lat="49.00462" lon="2.04129">
        <ele>119.82</ele>
        <time>2015-07-13T09:45:02Z
       </time>
      </trkpt>
      <trkpt lat="49.00462" lon="2.04103">
        <ele>119.82</ele>
        <time>2015-07-13T09:45:15Z
       </time>
      </trkpt>
      <trkpt lat="49.00462" lon="2.04083">
        <ele>121.26</ele>
        <time>2015-07-13T09:45:25Z
       </time>
      </trkpt>
      <trkpt lat="49.00462" lon="2.04069">
        <ele>122.71</ele>
        <time>2015-07-13T09:45:37Z
       </time>
      </trkpt>
      <trkpt lat="49.00462" lon="2.04059">
        <ele>123.19</ele>
        <time>2015-07-13T09:45:39Z
       </time>
      </trkpt>
      <trkpt lat="49.00462" lon="2.04051">
        <ele>123.67</ele>
        <time>2015-07-13T09:45:42Z
       </time>
      </trkpt>
      <trkpt lat="49.00462" lon="2.04049">
        <ele>123.67</ele>
        <time>2015-07-13T09:45:43Z
       </time>
      </trkpt>
      <trkpt lat="49.00462" lon="2.04046">
        <ele>123.67</ele>
        <time>2015-07-13T09:45:44Z
       </time>
      </trkpt>
      <trkpt lat="49.00462" lon="2.04044">
        <ele>123.67</ele>
        <time>2015-07-13T09:45:45Z
       </time>
      </trkpt>
      <trkpt lat="49.00461" lon="2.04042">
        <ele>123.67</ele>
        <time>2015-07-13T09:45:46Z
       </time>
      </trkpt>
      <trkpt lat="49.00461" lon="2.04039">
        <ele>123.67</ele>
        <time>2015-07-13T09:45:47Z
       </time>
      </trkpt>
      <trkpt lat="49.00461" lon="2.04031">
        <ele>123.67</ele>
        <time>2015-07-13T09:45:51Z
       </time>
      </trkpt>
      <trkpt lat="49.00461" lon="2.04027">
        <ele>123.19</ele>
        <time>2015-07-13T09:45:53Z
       </time>
      </trkpt>
      <trkpt lat="49.00461" lon="2.04026">
        <ele>123.19</ele>
        <time>2015-07-13T09:45:54Z
       </time>
      </trkpt>
      <trkpt lat="49.00461" lon="2.04021">
        <ele>123.19</ele>
        <time>2015-07-13T09:45:57Z
       </time>
      </trkpt>
      <trkpt lat="49.00461" lon="2.04016">
        <ele>123.67</ele>
        <time>2015-07-13T09:45:59Z
       </time>
      </trkpt>
      <trkpt lat="49.0046" lon="2.04012">
        <ele>124.15</ele>
        <time>2015-07-13T09:46:01Z
       </time>
      </trkpt>
      <trkpt lat="49.0046" lon="2.0401">
        <ele>124.63</ele>
        <time>2015-07-13T09:46:02Z
       </time>
      </trkpt>
      <trkpt lat="49.0046" lon="2.04006">
        <ele>125.11</ele>
        <time>2015-07-13T09:46:04Z
       </time>
      </trkpt>
      <trkpt lat="49.0046" lon="2.04004">
        <ele>125.11</ele>
        <time>2015-07-13T09:46:05Z
       </time>
      </trkpt>
      <trkpt lat="49.0046" lon="2.04002">
        <ele>125.11</ele>
        <time>2015-07-13T09:46:06Z
       </time>
      </trkpt>
      <trkpt lat="49.0046" lon="2.03999">
        <ele>125.59</ele>
        <time>2015-07-13T09:46:07Z
       </time>
      </trkpt>
      <trkpt lat="49.0046" lon="2.03997">
        <ele>125.59</ele>
        <time>2015-07-13T09:46:08Z
       </time>
      </trkpt>
      <trkpt lat="49.0046" lon="2.03994">
        <ele>125.11</ele>
        <time>2015-07-13T09:46:09Z
       </time>
      </trkpt>
      <trkpt lat="49.0046" lon="2.03993">
        <ele>125.11</ele>
        <time>2015-07-13T09:46:10Z
       </time>
      </trkpt>
      <trkpt lat="49.0046" lon="2.0399">
        <ele>125.11</ele>
        <time>2015-07-13T09:46:12Z
       </time>
      </trkpt>
      <trkpt lat="49.0046" lon="2.03989">
        <ele>125.11</ele>
        <time>2015-07-13T09:46:13Z
       </time>
      </trkpt>
      <trkpt lat="49.0046" lon="2.03987">
        <ele>125.11</ele>
        <time>2015-07-13T09:46:14Z
       </time>
      </trkpt>
      <trkpt lat="49.0046" lon="2.03971">
        <ele>126.55</ele>
        <time>2015-07-13T09:46:25Z
       </time>
      </trkpt>
      <trkpt lat="49.00464" lon="2.03963">
        <ele>127.51</ele>
        <time>2015-07-13T09:46:32Z
       </time>
      </trkpt>
      <trkpt lat="49.00471" lon="2.03953">
        <ele>132.32</ele>
        <time>2015-07-13T09:46:45Z
       </time>
      </trkpt>
      <trkpt lat="49.00458" lon="2.0393">
        <ele>134.24</ele>
        <time>2015-07-13T09:46:49Z
       </time>
      </trkpt>
      <trkpt lat="49.00459" lon="2.03906">
        <ele>135.68</ele>
        <time>2015-07-13T09:46:59Z
       </time>
      </trkpt>
      <trkpt lat="49.0046" lon="2.03899">
        <ele>135.68</ele>
        <time>2015-07-13T09:47:02Z
       </time>
      </trkpt>
      <trkpt lat="49.00462" lon="2.03882">
        <ele>136.16</ele>
        <time>2015-07-13T09:47:10Z
       </time>
      </trkpt>
      <trkpt lat="49.00463" lon="2.03879">
        <ele>136.16</ele>
        <time>2015-07-13T09:47:11Z
       </time>
      </trkpt>
      <trkpt lat="49.00465" lon="2.03876">
        <ele>136.16</ele>
        <time>2015-07-13T09:47:12Z
       </time>
      </trkpt>
      <trkpt lat="49.00465" lon="2.03875">
        <ele>132.8</ele>
        <time>2015-07-13T09:47:29Z
       </time>
      </trkpt>
      <trkpt lat="49.00476" lon="2.03856">
        <ele>130.4</ele>
        <time>2015-07-13T09:47:48Z
       </time>
      </trkpt>
      <trkpt lat="49.00454" lon="2.03836">
        <ele>130.4</ele>
        <time>2015-07-13T09:47:49Z
       </time>
      </trkpt>
      <trkpt lat="49.00458" lon="2.03813">
        <ele>130.4</ele>
        <time>2015-07-13T09:48:04Z
       </time>
      </trkpt>
      <trkpt lat="49.00462" lon="2.03785">
        <ele>130.4</ele>
        <time>2015-07-13T09:48:17Z
       </time>
      </trkpt>
      <trkpt lat="49.00467" lon="2.03755">
        <ele>128.95</ele>
        <time>2015-07-13T09:48:32Z
       </time>
      </trkpt>
      <trkpt lat="49.00472" lon="2.03722">
        <ele>127.51</ele>
        <time>2015-07-13T09:48:47Z
       </time>
      </trkpt>
      <trkpt lat="49.00477" lon="2.03684">
        <ele>122.22</ele>
        <time>2015-07-13T09:49:03Z
       </time>
      </trkpt>
      <trkpt lat="49.0048" lon="2.03668">
        <ele>117.42</ele>
        <time>2015-07-13T09:49:14Z
       </time>
      </trkpt>
      <trkpt lat="49.00481" lon="2.03661">
        <ele>116.46</ele>
        <time>2015-07-13T09:49:19Z
       </time>
      </trkpt>
      <trkpt lat="49.00481" lon="2.03657">
        <ele>115.5</ele>
        <time>2015-07-13T09:49:22Z
       </time>
      </trkpt>
      <trkpt lat="49.00482" lon="2.03654">
        <ele>115.5</ele>
        <time>2015-07-13T09:49:23Z
       </time>
      </trkpt>
      <trkpt lat="49.00482" lon="2.03652">
        <ele>115.5</ele>
        <time>2015-07-13T09:49:24Z
       </time>
      </trkpt>
      <trkpt lat="49.00484" lon="2.03638">
        <ele>114.05</ele>
        <time>2015-07-13T09:49:36Z
       </time>
      </trkpt>
      <trkpt lat="49.00489" lon="2.03621">
        <ele>111.65</ele>
        <time>2015-07-13T09:49:48Z
       </time>
      </trkpt>
      <trkpt lat="49.00491" lon="2.03618">
        <ele>111.17</ele>
        <time>2015-07-13T09:49:50Z
       </time>
      </trkpt>
      <trkpt lat="49.00492" lon="2.03614">
        <ele>109.25</ele>
        <time>2015-07-13T09:50:05Z
       </time>
      </trkpt>
      <trkpt lat="49.00496" lon="2.03603">
        <ele>108.29</ele>
        <time>2015-07-13T09:50:14Z
       </time>
      </trkpt>
      <trkpt lat="49.00496" lon="2.03603">
        <ele>108.29</ele>
        <time>2015-07-13T09:50:15Z
       </time>
      </trkpt>
      <trkpt lat="49.00497" lon="2.03602">
        <ele>108.29</ele>
        <time>2015-07-13T09:50:16Z
       </time>
      </trkpt>
      <trkpt lat="49.00497" lon="2.03601">
        <ele>108.29</ele>
        <time>2015-07-13T09:50:17Z
       </time>
      </trkpt>
      <trkpt lat="49.00498" lon="2.036">
        <ele>107.81</ele>
        <time>2015-07-13T09:50:18Z
       </time>
      </trkpt>
      <trkpt lat="49.00505" lon="2.03579">
        <ele>107.81</ele>
        <time>2015-07-13T09:50:20Z
       </time>
      </trkpt>
      <trkpt lat="49.00504" lon="2.03577">
        <ele>107.32</ele>
        <time>2015-07-13T09:50:21Z
       </time>
      </trkpt>
      <trkpt lat="49.00501" lon="2.03595">
        <ele>107.32</ele>
        <time>2015-07-13T09:50:22Z
       </time>
      </trkpt>
      <trkpt lat="49.00518" lon="2.0358">
        <ele>107.32</ele>
        <time>2015-07-13T09:50:23Z
       </time>
      </trkpt>
      <trkpt lat="49.00518" lon="2.0358">
        <ele>107.32</ele>
        <time>2015-07-13T09:50:24Z
       </time>
      </trkpt>
      <trkpt lat="49.00502" lon="2.03573">
        <ele>106.84</ele>
        <time>2015-07-13T09:50:25Z
       </time>
      </trkpt>
      <trkpt lat="49.00501" lon="2.03572">
        <ele>106.84</ele>
        <time>2015-07-13T09:50:26Z
       </time>
      </trkpt>
      <trkpt lat="49.00501" lon="2.03571">
        <ele>106.84</ele>
        <time>2015-07-13T09:50:27Z
       </time>
      </trkpt>
      <trkpt lat="49.005" lon="2.03569">
        <ele>106.84</ele>
        <time>2015-07-13T09:50:28Z
       </time>
      </trkpt>
      <trkpt lat="49.00499" lon="2.03567">
        <ele>106.36</ele>
        <time>2015-07-13T09:50:30Z
       </time>
      </trkpt>
      <trkpt lat="49.00498" lon="2.03565">
        <ele>105.4</ele>
        <time>2015-07-13T09:50:33Z
       </time>
      </trkpt>
      <trkpt lat="49.00498" lon="2.03563">
        <ele>103.96</ele>
        <time>2015-07-13T09:50:44Z
       </time>
      </trkpt>
      <trkpt lat="49.00498" lon="2.03562">
        <ele>103.96</ele>
        <time>2015-07-13T09:50:45Z
       </time>
      </trkpt>
      <trkpt lat="49.00497" lon="2.03561">
        <ele>103.48</ele>
        <time>2015-07-13T09:50:46Z
       </time>
      </trkpt>
      <trkpt lat="49.00497" lon="2.03559">
        <ele>103</ele>
        <time>2015-07-13T09:50:47Z
       </time>
      </trkpt>
      <trkpt lat="49.00497" lon="2.03558">
        <ele>103</ele>
        <time>2015-07-13T09:50:48Z
       </time>
      </trkpt>
      <trkpt lat="49.00496" lon="2.03556">
        <ele>102.52</ele>
        <time>2015-07-13T09:50:49Z
       </time>
      </trkpt>
      <trkpt lat="49.00493" lon="2.03536">
        <ele>100.6</ele>
        <time>2015-07-13T09:51:01Z
       </time>
      </trkpt>
      <trkpt lat="49.00493" lon="2.03535">
        <ele>100.6</ele>
        <time>2015-07-13T09:51:02Z
       </time>
      </trkpt>
      <trkpt lat="49.00492" lon="2.03533">
        <ele>100.6</ele>
        <time>2015-07-13T09:51:03Z
       </time>
      </trkpt>
      <trkpt lat="49.00487" lon="2.03511">
        <ele>101.56</ele>
        <time>2015-07-13T09:51:16Z
       </time>
      </trkpt>
      <trkpt lat="49.00482" lon="2.03494">
        <ele>103.48</ele>
        <time>2015-07-13T09:51:27Z
       </time>
      </trkpt>
      <trkpt lat="49.00482" lon="2.03493">
        <ele>103.96</ele>
        <time>2015-07-13T09:51:28Z
       </time>
      </trkpt>
      <trkpt lat="49.00482" lon="2.03491">
        <ele>103.96</ele>
        <time>2015-07-13T09:51:29Z
       </time>
      </trkpt>
      <trkpt lat="49.00481" lon="2.03489">
        <ele>103.96</ele>
        <time>2015-07-13T09:51:30Z
       </time>
      </trkpt>
      <trkpt lat="49.00481" lon="2.03487">
        <ele>103.96</ele>
        <time>2015-07-13T09:51:31Z
       </time>
      </trkpt>
      <trkpt lat="49.0048" lon="2.03485">
        <ele>103.96</ele>
        <time>2015-07-13T09:51:32Z
       </time>
      </trkpt>
      <trkpt lat="49.0048" lon="2.03484">
        <ele>103.96</ele>
        <time>2015-07-13T09:51:33Z
       </time>
      </trkpt>
      <trkpt lat="49.00479" lon="2.03482">
        <ele>104.44</ele>
        <time>2015-07-13T09:51:34Z
       </time>
      </trkpt>
      <trkpt lat="49.00479" lon="2.0348">
        <ele>104.44</ele>
        <time>2015-07-13T09:51:35Z
       </time>
      </trkpt>
      <trkpt lat="49.00479" lon="2.03479">
        <ele>104.44</ele>
        <time>2015-07-13T09:51:36Z
       </time>
      </trkpt>
      <trkpt lat="49.00478" lon="2.03476">
        <ele>104.92</ele>
        <time>2015-07-13T09:51:38Z
       </time>
      </trkpt>
      <trkpt lat="49.00477" lon="2.03474">
        <ele>104.92</ele>
        <time>2015-07-13T09:51:39Z
       </time>
      </trkpt>
      <trkpt lat="49.00477" lon="2.03472">
        <ele>104.92</ele>
        <time>2015-07-13T09:51:40Z
       </time>
      </trkpt>
      <trkpt lat="49.00476" lon="2.03471">
        <ele>104.92</ele>
        <time>2015-07-13T09:51:41Z
       </time>
      </trkpt>
      <trkpt lat="49.00476" lon="2.03469">
        <ele>104.92</ele>
        <time>2015-07-13T09:51:42Z
       </time>
      </trkpt>
      <trkpt lat="49.00475" lon="2.03465">
        <ele>104.92</ele>
        <time>2015-07-13T09:51:44Z
       </time>
      </trkpt>
      <trkpt lat="49.00475" lon="2.03463">
        <ele>104.44</ele>
        <time>2015-07-13T09:51:45Z
       </time>
      </trkpt>
      <trkpt lat="49.00474" lon="2.03462">
        <ele>104.44</ele>
        <time>2015-07-13T09:51:46Z
       </time>
      </trkpt>
      <trkpt lat="49.00474" lon="2.0346">
        <ele>104.44</ele>
        <time>2015-07-13T09:51:47Z
       </time>
      </trkpt>
      <trkpt lat="49.00474" lon="2.03458">
        <ele>104.44</ele>
        <time>2015-07-13T09:51:48Z
       </time>
      </trkpt>
      <trkpt lat="49.00473" lon="2.03456">
        <ele>103.96</ele>
        <time>2015-07-13T09:51:49Z
       </time>
      </trkpt>
      <trkpt lat="49.0047" lon="2.0344">
        <ele>101.56</ele>
        <time>2015-07-13T09:51:56Z
       </time>
      </trkpt>
      <trkpt lat="49.00469" lon="2.03438">
        <ele>101.08</ele>
        <time>2015-07-13T09:51:57Z
       </time>
      </trkpt>
      <trkpt lat="49.00469" lon="2.03436">
        <ele>100.6</ele>
        <time>2015-07-13T09:51:58Z
       </time>
      </trkpt>
      <trkpt lat="49.00468" lon="2.03434">
        <ele>100.11</ele>
        <time>2015-07-13T09:51:59Z
       </time>
      </trkpt>
      <trkpt lat="49.00468" lon="2.03432">
        <ele>100.11</ele>
        <time>2015-07-13T09:52:00Z
       </time>
      </trkpt>
      <trkpt lat="49.00462" lon="2.03409">
        <ele>97.23</ele>
        <time>2015-07-13T09:52:12Z
       </time>
      </trkpt>
      <trkpt lat="49.00462" lon="2.03405">
        <ele>97.23</ele>
        <time>2015-07-13T09:52:14Z
       </time>
      </trkpt>
      <trkpt lat="49.00461" lon="2.03404">
        <ele>96.75</ele>
        <time>2015-07-13T09:52:15Z
       </time>
      </trkpt>
      <trkpt lat="49.00461" lon="2.03402">
        <ele>96.75</ele>
        <time>2015-07-13T09:52:16Z
       </time>
      </trkpt>
      <trkpt lat="49.0046" lon="2.034">
        <ele>96.27</ele>
        <time>2015-07-13T09:52:17Z
       </time>
      </trkpt>
      <trkpt lat="49.00459" lon="2.03395">
        <ele>95.79</ele>
        <time>2015-07-13T09:52:20Z
       </time>
      </trkpt>
      <trkpt lat="49.00453" lon="2.03369">
        <ele>92.9</ele>
        <time>2015-07-13T09:52:34Z
       </time>
      </trkpt>
      <trkpt lat="49.00452" lon="2.03366">
        <ele>92.42</ele>
        <time>2015-07-13T09:52:36Z
       </time>
      </trkpt>
      <trkpt lat="49.00451" lon="2.03364">
        <ele>91.94</ele>
        <time>2015-07-13T09:52:37Z
       </time>
      </trkpt>
      <trkpt lat="49.00451" lon="2.03362">
        <ele>91.94</ele>
        <time>2015-07-13T09:52:38Z
       </time>
      </trkpt>
      <trkpt lat="49.00451" lon="2.03361">
        <ele>91.94</ele>
        <time>2015-07-13T09:52:39Z
       </time>
      </trkpt>
      <trkpt lat="49.0045" lon="2.03359">
        <ele>91.94</ele>
        <time>2015-07-13T09:52:40Z
       </time>
      </trkpt>
      <trkpt lat="49.0045" lon="2.03357">
        <ele>91.94</ele>
        <time>2015-07-13T09:52:41Z
       </time>
      </trkpt>
      <trkpt lat="49.00449" lon="2.03355">
        <ele>91.94</ele>
        <time>2015-07-13T09:52:42Z
       </time>
      </trkpt>
      <trkpt lat="49.00449" lon="2.03353">
        <ele>91.94</ele>
        <time>2015-07-13T09:52:43Z
       </time>
      </trkpt>
      <trkpt lat="49.00448" lon="2.03352">
        <ele>91.94</ele>
        <time>2015-07-13T09:52:44Z
       </time>
      </trkpt>
      <trkpt lat="49.00448" lon="2.0335">
        <ele>91.94</ele>
        <time>2015-07-13T09:52:45Z
       </time>
      </trkpt>
      <trkpt lat="49.00448" lon="2.03348">
        <ele>91.94</ele>
        <time>2015-07-13T09:52:46Z
       </time>
      </trkpt>
      <trkpt lat="49.00446" lon="2.03339">
        <ele>91.46</ele>
        <time>2015-07-13T09:52:51Z
       </time>
      </trkpt>
      <trkpt lat="49.00445" lon="2.03338">
        <ele>91.46</ele>
        <time>2015-07-13T09:52:52Z
       </time>
      </trkpt>
      <trkpt lat="49.00445" lon="2.03336">
        <ele>91.46</ele>
        <time>2015-07-13T09:52:53Z
       </time>
      </trkpt>
      <trkpt lat="49.0044" lon="2.03313">
        <ele>92.42</ele>
        <time>2015-07-13T09:53:06Z
       </time>
      </trkpt>
      <trkpt lat="49.00436" lon="2.03299">
        <ele>91.46</ele>
        <time>2015-07-13T09:53:14Z
       </time>
      </trkpt>
      <trkpt lat="49.00436" lon="2.03297">
        <ele>91.46</ele>
        <time>2015-07-13T09:53:15Z
       </time>
      </trkpt>
      <trkpt lat="49.00435" lon="2.03295">
        <ele>91.46</ele>
        <time>2015-07-13T09:53:16Z
       </time>
      </trkpt>
      <trkpt lat="49.00434" lon="2.03289">
        <ele>91.46</ele>
        <time>2015-07-13T09:53:20Z
       </time>
      </trkpt>
      <trkpt lat="49.00434" lon="2.03289">
        <ele>91.94</ele>
        <time>2015-07-13T09:53:23Z
       </time>
      </trkpt>
      <trkpt lat="49.00434" lon="2.0329">
        <ele>91.94</ele>
        <time>2015-07-13T09:53:25Z
       </time>
      </trkpt>
      <trkpt lat="49.00435" lon="2.03292">
        <ele>91.94</ele>
        <time>2015-07-13T09:53:26Z
       </time>
      </trkpt>
      <trkpt lat="49.00453" lon="2.03284">
        <ele>91.94</ele>
        <time>2015-07-13T09:53:37Z
       </time>
      </trkpt>
      <trkpt lat="49.0046" lon="2.0328">
        <ele>91.94</ele>
        <time>2015-07-13T09:53:44Z
       </time>
      </trkpt>
      <trkpt lat="49.0047" lon="2.03275">
        <ele>92.42</ele>
        <time>2015-07-13T09:53:53Z
       </time>
      </trkpt>
      <trkpt lat="49.00481" lon="2.03269">
        <ele>93.39</ele>
        <time>2015-07-13T09:54:03Z
       </time>
      </trkpt>
      <trkpt lat="49.00492" lon="2.03262">
        <ele>92.9</ele>
        <time>2015-07-13T09:54:09Z
       </time>
      </trkpt>
      <trkpt lat="49.00491" lon="2.03263">
        <ele>93.39</ele>
        <time>2015-07-13T09:54:14Z
       </time>
      </trkpt>
      <trkpt lat="49.00492" lon="2.03262">
        <ele>93.87</ele>
        <time>2015-07-13T09:54:16Z
       </time>
      </trkpt>
      <trkpt lat="49.00491" lon="2.03261">
        <ele>93.87</ele>
        <time>2015-07-13T09:54:17Z
       </time>
      </trkpt>
      <trkpt lat="49.00491" lon="2.03259">
        <ele>93.87</ele>
        <time>2015-07-13T09:54:18Z
       </time>
      </trkpt>
      <trkpt lat="49.00491" lon="2.03257">
        <ele>93.87</ele>
        <time>2015-07-13T09:54:19Z
       </time>
      </trkpt>
      <trkpt lat="49.0049" lon="2.03256">
        <ele>93.87</ele>
        <time>2015-07-13T09:54:20Z
       </time>
      </trkpt>
      <trkpt lat="49.00489" lon="2.0325">
        <ele>94.35</ele>
        <time>2015-07-13T09:54:23Z
       </time>
      </trkpt>
      <trkpt lat="49.00488" lon="2.03248">
        <ele>94.35</ele>
        <time>2015-07-13T09:54:24Z
       </time>
      </trkpt>
      <trkpt lat="49.00484" lon="2.03228">
        <ele>95.79</ele>
        <time>2015-07-13T09:54:38Z
       </time>
      </trkpt>
      <trkpt lat="49.00483" lon="2.03225">
        <ele>95.79</ele>
        <time>2015-07-13T09:54:47Z
       </time>
      </trkpt>
      <trkpt lat="49.00483" lon="2.03223">
        <ele>96.27</ele>
        <time>2015-07-13T09:54:48Z
       </time>
      </trkpt>
      <trkpt lat="49.00482" lon="2.03222">
        <ele>96.27</ele>
        <time>2015-07-13T09:54:49Z
       </time>
      </trkpt>
      <trkpt lat="49.00477" lon="2.03197">
        <ele>96.27</ele>
        <time>2015-07-13T09:55:03Z
       </time>
      </trkpt>
      <trkpt lat="49.00472" lon="2.03174">
        <ele>97.23</ele>
        <time>2015-07-13T09:55:16Z
       </time>
      </trkpt>
      <trkpt lat="49.00471" lon="2.03166">
        <ele>97.23</ele>
        <time>2015-07-13T09:55:21Z
       </time>
      </trkpt>
      <trkpt lat="49.0047" lon="2.03164">
        <ele>97.23</ele>
        <time>2015-07-13T09:55:22Z
       </time>
      </trkpt>
      <trkpt lat="49.0047" lon="2.03162">
        <ele>97.23</ele>
        <time>2015-07-13T09:55:23Z
       </time>
      </trkpt>
      <trkpt lat="49.0047" lon="2.03161">
        <ele>97.23</ele>
        <time>2015-07-13T09:55:24Z
       </time>
      </trkpt>
      <trkpt lat="49.00469" lon="2.03159">
        <ele>97.23</ele>
        <time>2015-07-13T09:55:25Z
       </time>
      </trkpt>
      <trkpt lat="49.00467" lon="2.03148">
        <ele>97.23</ele>
        <time>2015-07-13T09:55:31Z
       </time>
      </trkpt>
      <trkpt lat="49.00465" lon="2.03138">
        <ele>96.27</ele>
        <time>2015-07-13T09:55:45Z
       </time>
      </trkpt>
      <trkpt lat="49.00463" lon="2.03129">
        <ele>95.31</ele>
        <time>2015-07-13T09:55:59Z
       </time>
      </trkpt>
      <trkpt lat="49.00462" lon="2.03124">
        <ele>95.31</ele>
        <time>2015-07-13T09:56:03Z
       </time>
      </trkpt>
      <trkpt lat="49.00462" lon="2.03122">
        <ele>95.31</ele>
        <time>2015-07-13T09:56:04Z
       </time>
      </trkpt>
      <trkpt lat="49.00461" lon="2.0312">
        <ele>95.31</ele>
        <time>2015-07-13T09:56:05Z
       </time>
      </trkpt>
      <trkpt lat="49.00461" lon="2.03118">
        <ele>95.31</ele>
        <time>2015-07-13T09:56:06Z
       </time>
      </trkpt>
      <trkpt lat="49.00461" lon="2.03116">
        <ele>95.31</ele>
        <time>2015-07-13T09:56:07Z
       </time>
      </trkpt>
      <trkpt lat="49.0046" lon="2.03115">
        <ele>95.31</ele>
        <time>2015-07-13T09:56:08Z
       </time>
      </trkpt>
      <trkpt lat="49.0046" lon="2.03112">
        <ele>95.31</ele>
        <time>2015-07-13T09:56:09Z
       </time>
      </trkpt>
      <trkpt lat="49.0046" lon="2.03111">
        <ele>95.79</ele>
        <time>2015-07-13T09:56:10Z
       </time>
      </trkpt>
      <trkpt lat="49.0046" lon="2.03106">
        <ele>95.79</ele>
        <time>2015-07-13T09:56:12Z
       </time>
      </trkpt>
      <trkpt lat="49.00459" lon="2.03105">
        <ele>96.27</ele>
        <time>2015-07-13T09:56:13Z
       </time>
      </trkpt>
      <trkpt lat="49.00459" lon="2.03103">
        <ele>96.27</ele>
        <time>2015-07-13T09:56:14Z
       </time>
      </trkpt>
      <trkpt lat="49.00459" lon="2.03101">
        <ele>96.27</ele>
        <time>2015-07-13T09:56:15Z
       </time>
      </trkpt>
      <trkpt lat="49.00459" lon="2.031">
        <ele>96.27</ele>
        <time>2015-07-13T09:56:16Z
       </time>
      </trkpt>
      <trkpt lat="49.00459" lon="2.03098">
        <ele>96.27</ele>
        <time>2015-07-13T09:56:17Z
       </time>
      </trkpt>
      <trkpt lat="49.00458" lon="2.03095">
        <ele>96.27</ele>
        <time>2015-07-13T09:56:18Z
       </time>
      </trkpt>
      <trkpt lat="49.00456" lon="2.03069">
        <ele>97.23</ele>
        <time>2015-07-13T09:56:31Z
       </time>
      </trkpt>
      <trkpt lat="49.00453" lon="2.03042">
        <ele>97.23</ele>
        <time>2015-07-13T09:56:44Z
       </time>
      </trkpt>
      <trkpt lat="49.00452" lon="2.03034">
        <ele>97.71</ele>
        <time>2015-07-13T09:56:48Z
       </time>
      </trkpt>
      <trkpt lat="49.00452" lon="2.03032">
        <ele>97.71</ele>
        <time>2015-07-13T09:56:49Z
       </time>
      </trkpt>
      <trkpt lat="49.00451" lon="2.0303">
        <ele>97.71</ele>
        <time>2015-07-13T09:56:50Z
       </time>
      </trkpt>
      <trkpt lat="49.00451" lon="2.03027">
        <ele>97.71</ele>
        <time>2015-07-13T09:56:51Z
       </time>
      </trkpt>
      <trkpt lat="49.00451" lon="2.03025">
        <ele>97.71</ele>
        <time>2015-07-13T09:56:52Z
       </time>
      </trkpt>
      <trkpt lat="49.00451" lon="2.03023">
        <ele>97.71</ele>
        <time>2015-07-13T09:56:53Z
       </time>
      </trkpt>
      <trkpt lat="49.0045" lon="2.03021">
        <ele>97.71</ele>
        <time>2015-07-13T09:56:54Z
       </time>
      </trkpt>
      <trkpt lat="49.00446" lon="2.02998">
        <ele>96.27</ele>
        <time>2015-07-13T09:57:05Z
       </time>
      </trkpt>
      <trkpt lat="49.00445" lon="2.02996">
        <ele>96.27</ele>
        <time>2015-07-13T09:57:06Z
       </time>
      </trkpt>
      <trkpt lat="49.00443" lon="2.02984">
        <ele>97.71</ele>
        <time>2015-07-13T09:57:12Z
       </time>
      </trkpt>
      <trkpt lat="49.00443" lon="2.02982">
        <ele>97.71</ele>
        <time>2015-07-13T09:57:13Z
       </time>
      </trkpt>
      <trkpt lat="49.00442" lon="2.0298">
        <ele>97.23</ele>
        <time>2015-07-13T09:57:14Z
       </time>
      </trkpt>
      <trkpt lat="49.00435" lon="2.02951">
        <ele>97.23</ele>
        <time>2015-07-13T09:57:29Z
       </time>
      </trkpt>
      <trkpt lat="49.00431" lon="2.02939">
        <ele>96.27</ele>
        <time>2015-07-13T09:57:41Z
       </time>
      </trkpt>
      <trkpt lat="49.00425" lon="2.02925">
        <ele>96.27</ele>
        <time>2015-07-13T09:57:52Z
       </time>
      </trkpt>
      <trkpt lat="49.00417" lon="2.02905">
        <ele>96.75</ele>
        <time>2015-07-13T09:58:03Z
       </time>
      </trkpt>
      <trkpt lat="49.0041" lon="2.02885">
        <ele>97.71</ele>
        <time>2015-07-13T09:58:15Z
       </time>
      </trkpt>
      <trkpt lat="49.00403" lon="2.02868">
        <ele>97.23</ele>
        <time>2015-07-13T09:58:28Z
       </time>
      </trkpt>
      <trkpt lat="49.00395" lon="2.02848">
        <ele>97.71</ele>
        <time>2015-07-13T09:58:40Z
       </time>
      </trkpt>
      <trkpt lat="49.00392" lon="2.02839">
        <ele>98.19</ele>
        <time>2015-07-13T09:58:50Z
       </time>
      </trkpt>
      <trkpt lat="49.00392" lon="2.02839">
        <ele>98.19</ele>
        <time>2015-07-13T09:58:51Z
       </time>
      </trkpt>
      <trkpt lat="49.0039" lon="2.02836">
        <ele>98.19</ele>
        <time>2015-07-13T09:58:52Z
       </time>
      </trkpt>
      <trkpt lat="49.0039" lon="2.02834">
        <ele>98.19</ele>
        <time>2015-07-13T09:58:53Z
       </time>
      </trkpt>
      <trkpt lat="49.00381" lon="2.0281">
        <ele>99.15</ele>
        <time>2015-07-13T09:59:07Z
       </time>
      </trkpt>
      <trkpt lat="49.00371" lon="2.02783">
        <ele>100.6</ele>
        <time>2015-07-13T09:59:22Z
       </time>
      </trkpt>
      <trkpt lat="49.00369" lon="2.02778">
        <ele>100.6</ele>
        <time>2015-07-13T09:59:25Z
       </time>
      </trkpt>
      <trkpt lat="49.00361" lon="2.02757">
        <ele>100.11</ele>
        <time>2015-07-13T09:59:38Z
       </time>
      </trkpt>
      <trkpt lat="49.00359" lon="2.0275">
        <ele>99.63</ele>
        <time>2015-07-13T09:59:55Z
       </time>
      </trkpt>
      <trkpt lat="49.00356" lon="2.02742">
        <ele>99.15</ele>
        <time>2015-07-13T10:00:00Z
       </time>
      </trkpt>
      <trkpt lat="49.00355" lon="2.0274">
        <ele>99.15</ele>
        <time>2015-07-13T10:00:02Z
       </time>
      </trkpt>
      <trkpt lat="49.00354" lon="2.02738">
        <ele>99.15</ele>
        <time>2015-07-13T10:00:03Z
       </time>
      </trkpt>
      <trkpt lat="49.00354" lon="2.02736">
        <ele>99.15</ele>
        <time>2015-07-13T10:00:04Z
       </time>
      </trkpt>
      <trkpt lat="49.00349" lon="2.02726">
        <ele>100.6</ele>
        <time>2015-07-13T10:00:13Z
       </time>
      </trkpt>
      <trkpt lat="49.00343" lon="2.02713">
        <ele>101.56</ele>
        <time>2015-07-13T10:00:23Z
       </time>
      </trkpt>
      <trkpt lat="49.00332" lon="2.02688">
        <ele>102.04</ele>
        <time>2015-07-13T10:00:37Z
       </time>
      </trkpt>
      <trkpt lat="49.0032" lon="2.02668">
        <ele>104.92</ele>
        <time>2015-07-13T10:00:50Z
       </time>
      </trkpt>
      <trkpt lat="49.00309" lon="2.02656">
        <ele>106.36</ele>
        <time>2015-07-13T10:01:00Z
       </time>
      </trkpt>
      <trkpt lat="49.00296" lon="2.02641">
        <ele>107.32</ele>
        <time>2015-07-13T10:01:12Z
       </time>
      </trkpt>
      <trkpt lat="49.00282" lon="2.02625">
        <ele>108.77</ele>
        <time>2015-07-13T10:01:24Z
       </time>
      </trkpt>
      <trkpt lat="49.00268" lon="2.02612">
        <ele>109.73</ele>
        <time>2015-07-13T10:01:36Z
       </time>
      </trkpt>
      <trkpt lat="49.00254" lon="2.02601">
        <ele>110.69</ele>
        <time>2015-07-13T10:01:47Z
       </time>
      </trkpt>
      <trkpt lat="49.00242" lon="2.02592">
        <ele>110.69</ele>
        <time>2015-07-13T10:01:59Z
       </time>
      </trkpt>
      <trkpt lat="49.00234" lon="2.02585">
        <ele>111.65</ele>
        <time>2015-07-13T10:02:11Z
       </time>
      </trkpt>
      <trkpt lat="49.00223" lon="2.02576">
        <ele>113.09</ele>
        <time>2015-07-13T10:02:23Z
       </time>
      </trkpt>
      <trkpt lat="49.00209" lon="2.02565">
        <ele>115.01</ele>
        <time>2015-07-13T10:02:36Z
       </time>
      </trkpt>
      <trkpt lat="49.00193" lon="2.02552">
        <ele>118.86</ele>
        <time>2015-07-13T10:02:51Z
       </time>
      </trkpt>
      <trkpt lat="49.00183" lon="2.02533">
        <ele>118.38</ele>
        <time>2015-07-13T10:03:03Z
       </time>
      </trkpt>
      <trkpt lat="49.00174" lon="2.02512">
        <ele>117.42</ele>
        <time>2015-07-13T10:03:15Z
       </time>
      </trkpt>
      <trkpt lat="49.00163" lon="2.02483">
        <ele>117.9</ele>
        <time>2015-07-13T10:03:32Z
       </time>
      </trkpt>
      <trkpt lat="49.0016" lon="2.02475">
        <ele>117.9</ele>
        <time>2015-07-13T10:03:37Z
       </time>
      </trkpt>
      <trkpt lat="49.00159" lon="2.02474">
        <ele>117.9</ele>
        <time>2015-07-13T10:03:38Z
       </time>
      </trkpt>
      <trkpt lat="49.00158" lon="2.02472">
        <ele>118.38</ele>
        <time>2015-07-13T10:03:39Z
       </time>
      </trkpt>
      <trkpt lat="49.00158" lon="2.0247">
        <ele>118.38</ele>
        <time>2015-07-13T10:03:40Z
       </time>
      </trkpt>
      <trkpt lat="49.00157" lon="2.02468">
        <ele>118.86</ele>
        <time>2015-07-13T10:03:41Z
       </time>
      </trkpt>
      <trkpt lat="49.00155" lon="2.02465">
        <ele>119.34</ele>
        <time>2015-07-13T10:03:44Z
       </time>
      </trkpt>
      <trkpt lat="49.00153" lon="2.02459">
        <ele>119.82</ele>
        <time>2015-07-13T10:03:49Z
       </time>
      </trkpt>
      <trkpt lat="49.00158" lon="2.02455">
        <ele>120.78</ele>
        <time>2015-07-13T10:04:10Z
       </time>
      </trkpt>
      <trkpt lat="49.00155" lon="2.02464">
        <ele>129.43</ele>
        <time>2015-07-13T10:24:18Z
       </time>
      </trkpt>
      <trkpt lat="49.00154" lon="2.02462">
        <ele>129.92</ele>
        <time>2015-07-13T10:25:32Z
       </time>
      </trkpt>
      <trkpt lat="49.00153" lon="2.02458">
        <ele>129.92</ele>
        <time>2015-07-13T10:25:35Z
       </time>
      </trkpt>
      <trkpt lat="49.00151" lon="2.02447">
        <ele>133.28</ele>
        <time>2015-07-13T10:25:51Z
       </time>
      </trkpt>
      <trkpt lat="49.00147" lon="2.02433">
        <ele>136.64</ele>
        <time>2015-07-13T10:26:02Z
       </time>
      </trkpt>
      <trkpt lat="49.00148" lon="2.02409">
        <ele>140.01</ele>
        <time>2015-07-13T10:26:17Z
       </time>
      </trkpt>
      <trkpt lat="49.00148" lon="2.02382">
        <ele>143.37</ele>
        <time>2015-07-13T10:26:30Z
       </time>
      </trkpt>
      <trkpt lat="49.00149" lon="2.02382">
        <ele>147.7</ele>
        <time>2015-07-13T10:26:37Z
       </time>
      </trkpt>
      <trkpt lat="49.00154" lon="2.02385">
        <ele>157.31</ele>
        <time>2015-07-13T10:26:51Z
       </time>
      </trkpt>
      <trkpt lat="49.00177" lon="2.02346">
        <ele>167.41</ele>
        <time>2015-07-13T10:27:07Z
       </time>
      </trkpt>
      <trkpt lat="49.0019" lon="2.02331">
        <ele>173.17</ele>
        <time>2015-07-13T10:27:20Z
       </time>
      </trkpt>
      <trkpt lat="49.00198" lon="2.02324">
        <ele>175.58</ele>
        <time>2015-07-13T10:27:30Z
       </time>
      </trkpt>
      <trkpt lat="49.0021" lon="2.02321">
        <ele>171.73</ele>
        <time>2015-07-13T10:27:42Z
       </time>
      </trkpt>
      <trkpt lat="49.0021" lon="2.0232">
        <ele>171.73</ele>
        <time>2015-07-13T10:27:43Z
       </time>
      </trkpt>
      <trkpt lat="49.00227" lon="2.02307">
        <ele>173.66</ele>
        <time>2015-07-13T10:27:56Z
       </time>
      </trkpt>
      <trkpt lat="49.00228" lon="2.02282">
        <ele>176.54</ele>
        <time>2015-07-13T10:28:11Z
       </time>
      </trkpt>
      <trkpt lat="49.00231" lon="2.02278">
        <ele>176.54</ele>
        <time>2015-07-13T10:28:21Z
       </time>
      </trkpt>
      <trkpt lat="49.00236" lon="2.02271">
        <ele>176.54</ele>
        <time>2015-07-13T10:28:36Z
       </time>
      </trkpt>
      <trkpt lat="49.0025" lon="2.02254">
        <ele>174.14</ele>
        <time>2015-07-13T10:28:51Z
       </time>
      </trkpt>
      <trkpt lat="49.00268" lon="2.0223">
        <ele>168.37</ele>
        <time>2015-07-13T10:29:08Z
       </time>
      </trkpt>
      <trkpt lat="49.00275" lon="2.02221">
        <ele>165.96</ele>
        <time>2015-07-13T10:29:25Z
       </time>
      </trkpt>
      <trkpt lat="49.00292" lon="2.022">
        <ele>162.6</ele>
        <time>2015-07-13T10:29:39Z
       </time>
      </trkpt>
      <trkpt lat="49.00302" lon="2.02187">
        <ele>162.6</ele>
        <time>2015-07-13T10:29:49Z
       </time>
      </trkpt>
      <trkpt lat="49.0031" lon="2.02176">
        <ele>163.08</ele>
        <time>2015-07-13T10:29:59Z
       </time>
      </trkpt>
      <trkpt lat="49.00319" lon="2.02161">
        <ele>163.56</ele>
        <time>2015-07-13T10:30:09Z
       </time>
      </trkpt>
      <trkpt lat="49.00329" lon="2.02147">
        <ele>165</ele>
        <time>2015-07-13T10:30:22Z
       </time>
      </trkpt>
      <trkpt lat="49.0034" lon="2.02129">
        <ele>166.45</ele>
        <time>2015-07-13T10:30:33Z
       </time>
      </trkpt>
      <trkpt lat="49.00351" lon="2.02113">
        <ele>166.45</ele>
        <time>2015-07-13T10:30:44Z
       </time>
      </trkpt>
      <trkpt lat="49.00362" lon="2.02095">
        <ele>167.89</ele>
        <time>2015-07-13T10:30:56Z
       </time>
      </trkpt>
      <trkpt lat="49.00372" lon="2.02078">
        <ele>168.85</ele>
        <time>2015-07-13T10:31:09Z
       </time>
      </trkpt>
      <trkpt lat="49.00377" lon="2.02069">
        <ele>169.81</ele>
        <time>2015-07-13T10:31:23Z
       </time>
      </trkpt>
      <trkpt lat="49.00388" lon="2.02051">
        <ele>168.85</ele>
        <time>2015-07-13T10:31:34Z
       </time>
      </trkpt>
      <trkpt lat="49.00398" lon="2.02035">
        <ele>168.85</ele>
        <time>2015-07-13T10:31:48Z
       </time>
      </trkpt>
      <trkpt lat="49.00408" lon="2.0202">
        <ele>174.14</ele>
        <time>2015-07-13T10:31:58Z
       </time>
      </trkpt>
      <trkpt lat="49.00414" lon="2.02011">
        <ele>177.98</ele>
        <time>2015-07-13T10:32:09Z
       </time>
      </trkpt>
      <trkpt lat="49.00428" lon="2.0199">
        <ele>180.38</ele>
        <time>2015-07-13T10:32:21Z
       </time>
      </trkpt>
      <trkpt lat="49.0044" lon="2.01973">
        <ele>182.79</ele>
        <time>2015-07-13T10:32:32Z
       </time>
      </trkpt>
      <trkpt lat="49.00444" lon="2.01968">
        <ele>182.31</ele>
        <time>2015-07-13T10:32:42Z
       </time>
      </trkpt>
      <trkpt lat="49.00459" lon="2.01945">
        <ele>185.19</ele>
        <time>2015-07-13T10:32:53Z
       </time>
      </trkpt>
      <trkpt lat="49.00461" lon="2.01943">
        <ele>185.67</ele>
        <time>2015-07-13T10:32:54Z
       </time>
      </trkpt>
      <trkpt lat="49.00462" lon="2.01941">
        <ele>186.15</ele>
        <time>2015-07-13T10:32:55Z
       </time>
      </trkpt>
      <trkpt lat="49.00471" lon="2.01928">
        <ele>189.52</ele>
        <time>2015-07-13T10:33:07Z
       </time>
      </trkpt>
      <trkpt lat="49.00485" lon="2.01908">
        <ele>190.48</ele>
        <time>2015-07-13T10:33:17Z
       </time>
      </trkpt>
      <trkpt lat="49.00507" lon="2.01877">
        <ele>186.15</ele>
        <time>2015-07-13T10:33:30Z
       </time>
      </trkpt>
      <trkpt lat="49.00518" lon="2.01863">
        <ele>184.23</ele>
        <time>2015-07-13T10:33:38Z
       </time>
      </trkpt>
      <trkpt lat="49.00519" lon="2.01862">
        <ele>183.75</ele>
        <time>2015-07-13T10:33:39Z
       </time>
      </trkpt>
      <trkpt lat="49.00542" lon="2.01833">
        <ele>168.85</ele>
        <time>2015-07-13T10:33:55Z
       </time>
      </trkpt>
      <trkpt lat="49.0056" lon="2.0182">
        <ele>160.68</ele>
        <time>2015-07-13T10:34:06Z
       </time>
      </trkpt>
      <trkpt lat="49.00583" lon="2.01802">
        <ele>146.26</ele>
        <time>2015-07-13T10:34:21Z
       </time>
      </trkpt>
      <trkpt lat="49.00612" lon="2.0178">
        <ele>138.09</ele>
        <time>2015-07-13T10:34:41Z
       </time>
      </trkpt>
      <trkpt lat="49.00615" lon="2.01778">
        <ele>138.09</ele>
        <time>2015-07-13T10:34:43Z
       </time>
      </trkpt>
      <trkpt lat="49.00616" lon="2.01777">
        <ele>138.09</ele>
        <time>2015-07-13T10:34:44Z
       </time>
      </trkpt>
      <trkpt lat="49.00617" lon="2.01776">
        <ele>137.61</ele>
        <time>2015-07-13T10:34:45Z
       </time>
      </trkpt>
      <trkpt lat="49.00632" lon="2.01763">
        <ele>137.61</ele>
        <time>2015-07-13T10:34:59Z
       </time>
      </trkpt>
      <trkpt lat="49.00655" lon="2.01751">
        <ele>133.76</ele>
        <time>2015-07-13T10:35:12Z
       </time>
      </trkpt>
      <trkpt lat="49.0064" lon="2.01759">
        <ele>133.76</ele>
        <time>2015-07-13T10:35:17Z
       </time>
      </trkpt>
      <trkpt lat="49.00632" lon="2.01762">
        <ele>133.76</ele>
        <time>2015-07-13T10:35:18Z
       </time>
      </trkpt>
      <trkpt lat="49.00652" lon="2.01737">
        <ele>130.88</ele>
        <time>2015-07-13T10:35:33Z
       </time>
      </trkpt>
      <trkpt lat="49.00649" lon="2.01724">
        <ele>130.4</ele>
        <time>2015-07-13T10:36:08Z
       </time>
      </trkpt>
      <trkpt lat="49.00645" lon="2.01708">
        <ele>134.24</ele>
        <time>2015-07-13T10:36:21Z
       </time>
      </trkpt>
      <trkpt lat="49.00643" lon="2.01699">
        <ele>135.2</ele>
        <time>2015-07-13T10:36:25Z
       </time>
      </trkpt>
      <trkpt lat="49.00639" lon="2.01685">
        <ele>138.57</ele>
        <time>2015-07-13T10:36:35Z
       </time>
      </trkpt>
      <trkpt lat="49.00636" lon="2.01671">
        <ele>146.26</ele>
        <time>2015-07-13T10:36:47Z
       </time>
      </trkpt>
      <trkpt lat="49.00634" lon="2.01663">
        <ele>152.03</ele>
        <time>2015-07-13T10:36:53Z
       </time>
      </trkpt>
      <trkpt lat="49.00634" lon="2.01661">
        <ele>153.47</ele>
        <time>2015-07-13T10:36:54Z
       </time>
      </trkpt>
      <trkpt lat="49.00633" lon="2.01612">
        <ele>162.6</ele>
        <time>2015-07-13T10:37:04Z
       </time>
      </trkpt>
      <trkpt lat="49.00632" lon="2.01613">
        <ele>161.64</ele>
        <time>2015-07-13T10:37:07Z
       </time>
      </trkpt>
      <trkpt lat="49.00628" lon="2.01616">
        <ele>161.64</ele>
        <time>2015-07-13T10:37:17Z
       </time>
      </trkpt>
      <trkpt lat="49.00644" lon="2.01605">
        <ele>165.48</ele>
        <time>2015-07-13T10:37:32Z
       </time>
      </trkpt>
      <trkpt lat="49.00659" lon="2.01594">
        <ele>167.89</ele>
        <time>2015-07-13T10:37:46Z
       </time>
      </trkpt>
      <trkpt lat="49.00673" lon="2.01585">
        <ele>169.81</ele>
        <time>2015-07-13T10:37:57Z
       </time>
      </trkpt>
      <trkpt lat="49.00687" lon="2.01576">
        <ele>174.14</ele>
        <time>2015-07-13T10:38:09Z
       </time>
      </trkpt>
      <trkpt lat="49.00689" lon="2.01574">
        <ele>175.1</ele>
        <time>2015-07-13T10:38:11Z
       </time>
      </trkpt>
      <trkpt lat="49.00701" lon="2.01567">
        <ele>179.42</ele>
        <time>2015-07-13T10:38:21Z
       </time>
      </trkpt>
      <trkpt lat="49.00714" lon="2.01559">
        <ele>183.75</ele>
        <time>2015-07-13T10:38:32Z
       </time>
      </trkpt>
      <trkpt lat="49.00718" lon="2.01557">
        <ele>183.75</ele>
        <time>2015-07-13T10:38:35Z
       </time>
      </trkpt>
      <trkpt lat="49.00719" lon="2.01556">
        <ele>183.75</ele>
        <time>2015-07-13T10:38:36Z
       </time>
      </trkpt>
      <trkpt lat="49.007" lon="2.01565">
        <ele>184.23</ele>
        <time>2015-07-13T10:38:41Z
       </time>
      </trkpt>
      <trkpt lat="49.007" lon="2.01564">
        <ele>184.23</ele>
        <time>2015-07-13T10:38:42Z
       </time>
      </trkpt>
      <trkpt lat="49.00699" lon="2.01563">
        <ele>184.23</ele>
        <time>2015-07-13T10:38:43Z
       </time>
      </trkpt>
      <trkpt lat="49.00718" lon="2.01557">
        <ele>183.75</ele>
        <time>2015-07-13T10:38:46Z
       </time>
      </trkpt>
      <trkpt lat="49.00722" lon="2.01549">
        <ele>183.75</ele>
        <time>2015-07-13T10:38:49Z
       </time>
      </trkpt>
      <trkpt lat="49.00696" lon="2.01551">
        <ele>183.27</ele>
        <time>2015-07-13T10:38:54Z
       </time>
      </trkpt>
      <trkpt lat="49.00695" lon="2.0155">
        <ele>183.27</ele>
        <time>2015-07-13T10:38:55Z
       </time>
      </trkpt>
      <trkpt lat="49.00695" lon="2.01549">
        <ele>182.79</ele>
        <time>2015-07-13T10:38:56Z
       </time>
      </trkpt>
      <trkpt lat="49.00693" lon="2.01544">
        <ele>181.83</ele>
        <time>2015-07-13T10:39:00Z
       </time>
      </trkpt>
      <trkpt lat="49.00693" lon="2.01542">
        <ele>181.83</ele>
        <time>2015-07-13T10:39:01Z
       </time>
      </trkpt>
      <trkpt lat="49.00692" lon="2.01541">
        <ele>181.83</ele>
        <time>2015-07-13T10:39:02Z
       </time>
      </trkpt>
      <trkpt lat="49.00692" lon="2.01539">
        <ele>181.83</ele>
        <time>2015-07-13T10:39:03Z
       </time>
      </trkpt>
      <trkpt lat="49.0069" lon="2.01532">
        <ele>180.87</ele>
        <time>2015-07-13T10:39:08Z
       </time>
      </trkpt>
      <trkpt lat="49.00689" lon="2.01531">
        <ele>180.38</ele>
        <time>2015-07-13T10:39:09Z
       </time>
      </trkpt>
      <trkpt lat="49.00689" lon="2.01529">
        <ele>180.38</ele>
        <time>2015-07-13T10:39:10Z
       </time>
      </trkpt>
      <trkpt lat="49.00688" lon="2.01527">
        <ele>179.42</ele>
        <time>2015-07-13T10:39:12Z
       </time>
      </trkpt>
      <trkpt lat="49.00724" lon="2.01494">
        <ele>177.02</ele>
        <time>2015-07-13T10:39:17Z
       </time>
      </trkpt>
      <trkpt lat="49.00724" lon="2.01492">
        <ele>176.54</ele>
        <time>2015-07-13T10:39:18Z
       </time>
      </trkpt>
      <trkpt lat="49.00724" lon="2.01491">
        <ele>176.54</ele>
        <time>2015-07-13T10:39:19Z
       </time>
      </trkpt>
      <trkpt lat="49.00721" lon="2.01481">
        <ele>165.48</ele>
        <time>2015-07-13T10:39:30Z
       </time>
      </trkpt>
      <trkpt lat="49.0072" lon="2.01478">
        <ele>165</ele>
        <time>2015-07-13T10:39:32Z
       </time>
      </trkpt>
      <trkpt lat="49.00719" lon="2.01458">
        <ele>162.12</ele>
        <time>2015-07-13T10:39:45Z
       </time>
      </trkpt>
      <trkpt lat="49.00719" lon="2.01457">
        <ele>162.12</ele>
        <time>2015-07-13T10:40:06Z
       </time>
      </trkpt>
      <trkpt lat="49.00718" lon="2.01446">
        <ele>158.27</ele>
        <time>2015-07-13T10:40:17Z
       </time>
      </trkpt>
      <trkpt lat="49.00714" lon="2.0144">
        <ele>154.91</ele>
        <time>2015-07-13T10:40:28Z
       </time>
      </trkpt>
      <trkpt lat="49.00716" lon="2.01428">
        <ele>154.43</ele>
        <time>2015-07-13T10:40:55Z
       </time>
      </trkpt>
      <trkpt lat="49.0072" lon="2.01427">
        <ele>152.03</ele>
        <time>2015-07-13T10:41:43Z
       </time>
      </trkpt>
      <trkpt lat="49.00717" lon="2.01442">
        <ele>152.51</ele>
        <time>2015-07-13T10:42:13Z
       </time>
      </trkpt>
      <trkpt lat="49.00723" lon="2.01443">
        <ele>153.47</ele>
        <time>2015-07-13T10:42:22Z
       </time>
      </trkpt>
      <trkpt lat="49.00723" lon="2.01443">
        <ele>153.95</ele>
        <time>2015-07-13T10:42:29Z
       </time>
      </trkpt>
      <trkpt lat="49.00718" lon="2.01443">
        <ele>153.95</ele>
        <time>2015-07-13T10:42:38Z
       </time>
      </trkpt>
      <trkpt lat="49.00716" lon="2.01441">
        <ele>153.95</ele>
        <time>2015-07-13T10:42:39Z
       </time>
      </trkpt>
      <trkpt lat="49.00715" lon="2.0144">
        <ele>153.95</ele>
        <time>2015-07-13T10:42:40Z
       </time>
      </trkpt>
      <trkpt lat="49.00712" lon="2.01439">
        <ele>153.95</ele>
        <time>2015-07-13T10:42:42Z
       </time>
      </trkpt>
      <trkpt lat="49.007" lon="2.01425">
        <ele>151.54</ele>
        <time>2015-07-13T10:42:53Z
       </time>
      </trkpt>
      <trkpt lat="49.0069" lon="2.01406">
        <ele>147.7</ele>
        <time>2015-07-13T10:43:08Z
       </time>
      </trkpt>
      <trkpt lat="49.00681" lon="2.014">
        <ele>147.7</ele>
        <time>2015-07-13T10:43:11Z
       </time>
      </trkpt>
      <trkpt lat="49.00685" lon="2.01389">
        <ele>148.18</ele>
        <time>2015-07-13T10:43:13Z
       </time>
      </trkpt>
      <trkpt lat="49.00692" lon="2.01378">
        <ele>152.51</ele>
        <time>2015-07-13T10:43:26Z
       </time>
      </trkpt>
      <trkpt lat="49.00696" lon="2.01372">
        <ele>153.95</ele>
        <time>2015-07-13T10:43:56Z
       </time>
      </trkpt>
      <trkpt lat="49.00698" lon="2.01368">
        <ele>154.43</ele>
        <time>2015-07-13T10:43:59Z
       </time>
      </trkpt>
      <trkpt lat="49.00699" lon="2.01367">
        <ele>154.43</ele>
        <time>2015-07-13T10:44:00Z
       </time>
      </trkpt>
      <trkpt lat="49.007" lon="2.01365">
        <ele>154.91</ele>
        <time>2015-07-13T10:44:01Z
       </time>
      </trkpt>
      <trkpt lat="49.00702" lon="2.01362">
        <ele>155.87</ele>
        <time>2015-07-13T10:44:04Z
       </time>
      </trkpt>
      <trkpt lat="49.00703" lon="2.0136">
        <ele>155.87</ele>
        <time>2015-07-13T10:44:05Z
       </time>
      </trkpt>
      <trkpt lat="49.00705" lon="2.01355">
        <ele>160.2</ele>
        <time>2015-07-13T10:44:18Z
       </time>
      </trkpt>
      <trkpt lat="49.00706" lon="2.01352">
        <ele>158.27</ele>
        <time>2015-07-13T10:45:20Z
       </time>
      </trkpt>
      <trkpt lat="49.00706" lon="2.0135">
        <ele>158.27</ele>
        <time>2015-07-13T10:45:21Z
       </time>
      </trkpt>
      <trkpt lat="49.00707" lon="2.01348">
        <ele>157.79</ele>
        <time>2015-07-13T10:45:22Z
       </time>
      </trkpt>
      <trkpt lat="49.00708" lon="2.01344">
        <ele>157.79</ele>
        <time>2015-07-13T10:45:35Z
       </time>
      </trkpt>
      <trkpt lat="49.00709" lon="2.01343">
        <ele>156.35</ele>
        <time>2015-07-13T10:46:13Z
       </time>
      </trkpt>
      <trkpt lat="49.00711" lon="2.01338">
        <ele>156.35</ele>
        <time>2015-07-13T10:46:38Z
       </time>
      </trkpt>
      <trkpt lat="49.00712" lon="2.01337">
        <ele>156.35</ele>
        <time>2015-07-13T10:46:39Z
       </time>
      </trkpt>
      <trkpt lat="49.00718" lon="2.01323">
        <ele>155.39</ele>
        <time>2015-07-13T10:46:50Z
       </time>
      </trkpt>
      <trkpt lat="49.00725" lon="2.01311">
        <ele>155.87</ele>
        <time>2015-07-13T10:47:01Z
       </time>
      </trkpt>
      <trkpt lat="49.00727" lon="2.01307">
        <ele>155.39</ele>
        <time>2015-07-13T10:47:04Z
       </time>
      </trkpt>
      <trkpt lat="49.00728" lon="2.01305">
        <ele>154.91</ele>
        <time>2015-07-13T10:47:05Z
       </time>
      </trkpt>
      <trkpt lat="49.00736" lon="2.0129">
        <ele>152.99</ele>
        <time>2015-07-13T10:47:18Z
       </time>
      </trkpt>
      <trkpt lat="49.00745" lon="2.01274">
        <ele>153.95</ele>
        <time>2015-07-13T10:47:29Z
       </time>
      </trkpt>
      <trkpt lat="49.00761" lon="2.01246">
        <ele>150.1</ele>
        <time>2015-07-13T10:47:43Z
       </time>
      </trkpt>
      <trkpt lat="49.00776" lon="2.01226">
        <ele>145.3</ele>
        <time>2015-07-13T10:47:55Z
       </time>
      </trkpt>
      <trkpt lat="49.00786" lon="2.01204">
        <ele>143.37</ele>
        <time>2015-07-13T10:48:06Z
       </time>
      </trkpt>
      <trkpt lat="49.00792" lon="2.0119">
        <ele>141.45</ele>
        <time>2015-07-13T10:48:15Z
       </time>
      </trkpt>
      <trkpt lat="49.00806" lon="2.01173">
        <ele>140.01</ele>
        <time>2015-07-13T10:48:28Z
       </time>
      </trkpt>
      <trkpt lat="49.00821" lon="2.01157">
        <ele>137.13</ele>
        <time>2015-07-13T10:48:41Z
       </time>
      </trkpt>
      <trkpt lat="49.00837" lon="2.01142">
        <ele>133.76</ele>
        <time>2015-07-13T10:48:54Z
       </time>
      </trkpt>
      <trkpt lat="49.00854" lon="2.01125">
        <ele>131.84</ele>
        <time>2015-07-13T10:49:07Z
       </time>
      </trkpt>
      <trkpt lat="49.00869" lon="2.01109">
        <ele>132.32</ele>
        <time>2015-07-13T10:49:21Z
       </time>
      </trkpt>
      <trkpt lat="49.0088" lon="2.01096">
        <ele>139.05</ele>
        <time>2015-07-13T10:49:33Z
       </time>
      </trkpt>
      <trkpt lat="49.00889" lon="2.01085">
        <ele>148.66</ele>
        <time>2015-07-13T10:49:44Z
       </time>
      </trkpt>
      <trkpt lat="49.00897" lon="2.01077">
        <ele>149.14</ele>
        <time>2015-07-13T10:49:51Z
       </time>
      </trkpt>
      <trkpt lat="49.00898" lon="2.01076">
        <ele>149.62</ele>
        <time>2015-07-13T10:49:52Z
       </time>
      </trkpt>
      <trkpt lat="49.00899" lon="2.01074">
        <ele>149.62</ele>
        <time>2015-07-13T10:49:53Z
       </time>
      </trkpt>
      <trkpt lat="49.00901" lon="2.01073">
        <ele>149.62</ele>
        <time>2015-07-13T10:49:54Z
       </time>
      </trkpt>
      <trkpt lat="49.00902" lon="2.01072">
        <ele>150.1</ele>
        <time>2015-07-13T10:49:55Z
       </time>
      </trkpt>
      <trkpt lat="49.00903" lon="2.01071">
        <ele>150.1</ele>
        <time>2015-07-13T10:49:56Z
       </time>
      </trkpt>
      <trkpt lat="49.00914" lon="2.0106">
        <ele>152.99</ele>
        <time>2015-07-13T10:50:08Z
       </time>
      </trkpt>
      <trkpt lat="49.0093" lon="2.01047">
        <ele>159.72</ele>
        <time>2015-07-13T10:50:21Z
       </time>
      </trkpt>
      <trkpt lat="49.00941" lon="2.01041">
        <ele>168.37</ele>
        <time>2015-07-13T10:50:34Z
       </time>
      </trkpt>
      <trkpt lat="49.00947" lon="2.01037">
        <ele>173.66</ele>
        <time>2015-07-13T10:50:44Z
       </time>
      </trkpt>
      <trkpt lat="49.00963" lon="2.01028">
        <ele>181.35</ele>
        <time>2015-07-13T10:50:55Z
       </time>
      </trkpt>
      <trkpt lat="49.00978" lon="2.01018">
        <ele>190</ele>
        <time>2015-07-13T10:51:07Z
       </time>
      </trkpt>
      <trkpt lat="49.0098" lon="2.01017">
        <ele>190.48</ele>
        <time>2015-07-13T10:51:08Z
       </time>
      </trkpt>
      <trkpt lat="49.0099" lon="2.01009">
        <ele>199.13</ele>
        <time>2015-07-13T10:51:22Z
       </time>
      </trkpt>
      <trkpt lat="49.00999" lon="2.01002">
        <ele>202.01</ele>
        <time>2015-07-13T10:51:26Z
       </time>
      </trkpt>
      <trkpt lat="49.01008" lon="2.00995">
        <ele>207.3</ele>
        <time>2015-07-13T10:51:35Z
       </time>
      </trkpt>
      <trkpt lat="49.01016" lon="2.00988">
        <ele>211.63</ele>
        <time>2015-07-13T10:51:45Z
       </time>
      </trkpt>
      <trkpt lat="49.01031" lon="2.00977">
        <ele>219.32</ele>
        <time>2015-07-13T10:51:58Z
       </time>
      </trkpt>
      <trkpt lat="49.01043" lon="2.00968">
        <ele>226.53</ele>
        <time>2015-07-13T10:52:09Z
       </time>
      </trkpt>
      <trkpt lat="49.01056" lon="2.00957">
        <ele>233.74</ele>
        <time>2015-07-13T10:52:20Z
       </time>
      </trkpt>
      <trkpt lat="49.01068" lon="2.00948">
        <ele>239.51</ele>
        <time>2015-07-13T10:52:34Z
       </time>
      </trkpt>
      <trkpt lat="49.01086" lon="2.00932">
        <ele>239.51</ele>
        <time>2015-07-13T10:53:27Z
       </time>
      </trkpt>
      <trkpt lat="49.01088" lon="2.0093">
        <ele>239.02</ele>
        <time>2015-07-13T10:53:28Z
       </time>
      </trkpt>
      <trkpt lat="49.01089" lon="2.00929">
        <ele>239.02</ele>
        <time>2015-07-13T10:53:29Z
       </time>
      </trkpt>
      <trkpt lat="49.01097" lon="2.0092">
        <ele>238.54</ele>
        <time>2015-07-13T10:53:40Z
       </time>
      </trkpt>
      <trkpt lat="49.01106" lon="2.0091">
        <ele>239.99</ele>
        <time>2015-07-13T10:53:48Z
       </time>
      </trkpt>
      <trkpt lat="49.01116" lon="2.009">
        <ele>241.43</ele>
        <time>2015-07-13T10:53:57Z
       </time>
      </trkpt>
      <trkpt lat="49.01124" lon="2.00893">
        <ele>241.43</ele>
        <time>2015-07-13T10:54:04Z
       </time>
      </trkpt>
      <trkpt lat="49.01126" lon="2.00891">
        <ele>240.47</ele>
        <time>2015-07-13T10:54:05Z
       </time>
      </trkpt>
      <trkpt lat="49.01128" lon="2.00888">
        <ele>239.51</ele>
        <time>2015-07-13T10:54:06Z
       </time>
      </trkpt>
      <trkpt lat="49.01136" lon="2.00881">
        <ele>237.58</ele>
        <time>2015-07-13T10:54:10Z
       </time>
      </trkpt>
      <trkpt lat="49.01139" lon="2.00877">
        <ele>237.1</ele>
        <time>2015-07-13T10:54:21Z
       </time>
      </trkpt>
      <trkpt lat="49.01147" lon="2.0087">
        <ele>229.41</ele>
        <time>2015-07-13T10:54:27Z
       </time>
      </trkpt>
      <trkpt lat="49.01147" lon="2.0087">
        <ele>216.91</ele>
        <time>2015-07-13T10:54:38Z
       </time>
      </trkpt>
      <trkpt lat="49.01173" lon="2.0081">
        <ele>211.15</ele>
        <time>2015-07-13T10:54:49Z
       </time>
      </trkpt>
      <trkpt lat="49.01177" lon="2.00804">
        <ele>210.19</ele>
        <time>2015-07-13T10:54:54Z
       </time>
      </trkpt>
      <trkpt lat="49.01184" lon="2.00796">
        <ele>208.26</ele>
        <time>2015-07-13T10:55:03Z
       </time>
      </trkpt>
      <trkpt lat="49.01198" lon="2.0078">
        <ele>206.34</ele>
        <time>2015-07-13T10:55:17Z
       </time>
      </trkpt>
      <trkpt lat="49.0121" lon="2.00768">
        <ele>209.7</ele>
        <time>2015-07-13T10:55:27Z
       </time>
      </trkpt>
      <trkpt lat="49.01221" lon="2.00759">
        <ele>213.07</ele>
        <time>2015-07-13T10:55:37Z
       </time>
      </trkpt>
      <trkpt lat="49.01228" lon="2.00754">
        <ele>218.36</ele>
        <time>2015-07-13T10:55:48Z
       </time>
      </trkpt>
      <trkpt lat="49.01241" lon="2.00745">
        <ele>222.2</ele>
        <time>2015-07-13T10:55:59Z
       </time>
      </trkpt>
      <trkpt lat="49.01249" lon="2.0074">
        <ele>227.97</ele>
        <time>2015-07-13T10:56:09Z
       </time>
      </trkpt>
      <trkpt lat="49.01259" lon="2.00734">
        <ele>239.99</ele>
        <time>2015-07-13T10:56:28Z
       </time>
      </trkpt>
      <trkpt lat="49.01273" lon="2.00727">
        <ele>259.69</ele>
        <time>2015-07-13T10:56:54Z
       </time>
      </trkpt>
      <trkpt lat="49.01286" lon="2.00712">
        <ele>264.98</ele>
        <time>2015-07-13T10:57:06Z
       </time>
      </trkpt>
      <trkpt lat="49.01299" lon="2.00685">
        <ele>272.67</ele>
        <time>2015-07-13T10:57:21Z
       </time>
      </trkpt>
      <trkpt lat="49.01307" lon="2.00665">
        <ele>277.48</ele>
        <time>2015-07-13T10:57:36Z
       </time>
      </trkpt>
      <trkpt lat="49.01312" lon="2.00653">
        <ele>279.4</ele>
        <time>2015-07-13T10:57:43Z
       </time>
      </trkpt>
      <trkpt lat="49.01319" lon="2.00636">
        <ele>282.77</ele>
        <time>2015-07-13T10:57:54Z
       </time>
      </trkpt>
      <trkpt lat="49.01329" lon="2.00617">
        <ele>286.61</ele>
        <time>2015-07-13T10:58:06Z
       </time>
      </trkpt>
      <trkpt lat="49.0133" lon="2.00616">
        <ele>287.09</ele>
        <time>2015-07-13T10:58:07Z
       </time>
      </trkpt>
      <trkpt lat="49.01332" lon="2.00614">
        <ele>291.9</ele>
        <time>2015-07-13T10:58:25Z
       </time>
      </trkpt>
      <trkpt lat="49.01339" lon="2.00602">
        <ele>287.57</ele>
        <time>2015-07-13T10:58:37Z
       </time>
      </trkpt>
      <trkpt lat="49.01355" lon="2.00588">
        <ele>282.77</ele>
        <time>2015-07-13T10:58:47Z
       </time>
      </trkpt>
      <trkpt lat="49.0137" lon="2.0057">
        <ele>277.96</ele>
        <time>2015-07-13T10:58:57Z
       </time>
      </trkpt>
      <trkpt lat="49.01385" lon="2.0055">
        <ele>270.75</ele>
        <time>2015-07-13T10:59:08Z
       </time>
      </trkpt>
      <trkpt lat="49.01387" lon="2.00548">
        <ele>270.27</ele>
        <time>2015-07-13T10:59:09Z
       </time>
      </trkpt>
      <trkpt lat="49.01388" lon="2.00546">
        <ele>269.31</ele>
        <time>2015-07-13T10:59:10Z
       </time>
      </trkpt>
      <trkpt lat="49.01399" lon="2.00535">
        <ele>264.5</ele>
        <time>2015-07-13T10:59:20Z
       </time>
      </trkpt>
      <trkpt lat="49.01408" lon="2.00527">
        <ele>261.14</ele>
        <time>2015-07-13T10:59:28Z
       </time>
      </trkpt>
      <trkpt lat="49.01423" lon="2.0051">
        <ele>258.73</ele>
        <time>2015-07-13T10:59:38Z
       </time>
      </trkpt>
      <trkpt lat="49.01434" lon="2.00497">
        <ele>256.81</ele>
        <time>2015-07-13T10:59:48Z
       </time>
      </trkpt>
      <trkpt lat="49.0145" lon="2.00481">
        <ele>243.35</ele>
        <time>2015-07-13T10:59:57Z
       </time>
      </trkpt>
      <trkpt lat="49.01486" lon="2.0044">
        <ele>225.09</ele>
        <time>2015-07-13T11:00:12Z
       </time>
      </trkpt>
      <trkpt lat="49.01489" lon="2.00438">
        <ele>216.91</ele>
        <time>2015-07-13T11:00:22Z
       </time>
      </trkpt>
      <trkpt lat="49.01516" lon="2.00428">
        <ele>211.63</ele>
        <time>2015-07-13T11:00:31Z
       </time>
      </trkpt>
      <trkpt lat="49.01528" lon="2.00425">
        <ele>210.19</ele>
        <time>2015-07-13T11:00:40Z
       </time>
      </trkpt>
      <trkpt lat="49.01544" lon="2.00423">
        <ele>212.11</ele>
        <time>2015-07-13T11:00:51Z
       </time>
      </trkpt>
      <trkpt lat="49.01556" lon="2.00423">
        <ele>214.99</ele>
        <time>2015-07-13T11:00:59Z
       </time>
      </trkpt>
      <trkpt lat="49.01571" lon="2.00427">
        <ele>216.43</ele>
        <time>2015-07-13T11:01:10Z
       </time>
      </trkpt>
      <trkpt lat="49.01579" lon="2.0043">
        <ele>216.43</ele>
        <time>2015-07-13T11:01:21Z
       </time>
      </trkpt>
      <trkpt lat="49.01594" lon="2.00434">
        <ele>224.12</ele>
        <time>2015-07-13T11:01:38Z
       </time>
      </trkpt>
      <trkpt lat="49.01622" lon="2.00432">
        <ele>232.3</ele>
        <time>2015-07-13T11:01:53Z
       </time>
      </trkpt>
      <trkpt lat="49.01641" lon="2.00419">
        <ele>245.27</ele>
        <time>2015-07-13T11:02:13Z
       </time>
      </trkpt>
      <trkpt lat="49.01647" lon="2.00414">
        <ele>253.44</ele>
        <time>2015-07-13T11:02:23Z
       </time>
      </trkpt>
      <trkpt lat="49.0165" lon="2.00411">
        <ele>261.14</ele>
        <time>2015-07-13T11:02:34Z
       </time>
      </trkpt>
      <trkpt lat="49.01669" lon="2.00386">
        <ele>271.23</ele>
        <time>2015-07-13T11:03:11Z
       </time>
      </trkpt>
      <trkpt lat="49.0168" lon="2.00369">
        <ele>271.23</ele>
        <time>2015-07-13T11:03:22Z
       </time>
      </trkpt>
      <trkpt lat="49.01688" lon="2.0035">
        <ele>270.75</ele>
        <time>2015-07-13T11:03:33Z
       </time>
      </trkpt>
      <trkpt lat="49.01701" lon="2.00321">
        <ele>267.86</ele>
        <time>2015-07-13T11:03:48Z
       </time>
      </trkpt>
      <trkpt lat="49.01708" lon="2.00304">
        <ele>264.98</ele>
        <time>2015-07-13T11:03:56Z
       </time>
      </trkpt>
      <trkpt lat="49.01718" lon="2.00282">
        <ele>262.58</ele>
        <time>2015-07-13T11:04:06Z
       </time>
      </trkpt>
      <trkpt lat="49.01723" lon="2.0027">
        <ele>259.69</ele>
        <time>2015-07-13T11:04:14Z
       </time>
      </trkpt>
      <trkpt lat="49.0173" lon="2.00255">
        <ele>258.25</ele>
        <time>2015-07-13T11:04:19Z
       </time>
      </trkpt>
      <trkpt lat="49.01737" lon="2.00247">
        <ele>255.85</ele>
        <time>2015-07-13T11:04:31Z
       </time>
      </trkpt>
      <trkpt lat="49.01777" lon="2.00206">
        <ele>249.6</ele>
        <time>2015-07-13T11:04:45Z
       </time>
      </trkpt>
      <trkpt lat="49.01798" lon="2.00199">
        <ele>245.75</ele>
        <time>2015-07-13T11:04:57Z
       </time>
      </trkpt>
      <trkpt lat="49.0183" lon="2.0018">
        <ele>236.62</ele>
        <time>2015-07-13T11:05:27Z
       </time>
      </trkpt>
      <trkpt lat="49.01853" lon="2.0015">
        <ele>231.81</ele>
        <time>2015-07-13T11:05:44Z
       </time>
      </trkpt>
      <trkpt lat="49.01861" lon="2.00144">
        <ele>228.93</ele>
        <time>2015-07-13T11:05:57Z
       </time>
      </trkpt>
      <trkpt lat="49.01885" lon="2.00132">
        <ele>227.49</ele>
        <time>2015-07-13T11:06:08Z
       </time>
      </trkpt>
      <trkpt lat="49.01906" lon="2.00125">
        <ele>227.49</ele>
        <time>2015-07-13T11:06:20Z
       </time>
      </trkpt>
      <trkpt lat="49.01918" lon="2.00121">
        <ele>228.93</ele>
        <time>2015-07-13T11:06:31Z
       </time>
      </trkpt>
      <trkpt lat="49.0193" lon="2.00116">
        <ele>228.45</ele>
        <time>2015-07-13T11:06:51Z
       </time>
      </trkpt>
      <trkpt lat="49.01948" lon="2.00109">
        <ele>231.33</ele>
        <time>2015-07-13T11:07:04Z
       </time>
      </trkpt>
      <trkpt lat="49.0197" lon="2.00134">
        <ele>227.97</ele>
        <time>2015-07-13T11:07:14Z
       </time>
      </trkpt>
      <trkpt lat="49.01989" lon="2.00128">
        <ele>227.97</ele>
        <time>2015-07-13T11:07:19Z
       </time>
      </trkpt>
      <trkpt lat="49.01989" lon="2.00129">
        <ele>227.49</ele>
        <time>2015-07-13T11:07:27Z
       </time>
      </trkpt>
      <trkpt lat="49.01989" lon="2.0013">
        <ele>229.41</ele>
        <time>2015-07-13T11:07:39Z
       </time>
      </trkpt>
      <trkpt lat="49.01988" lon="2.00147">
        <ele>243.35</ele>
        <time>2015-07-13T11:07:54Z
       </time>
      </trkpt>
      <trkpt lat="49.01987" lon="2.00158">
        <ele>249.12</ele>
        <time>2015-07-13T11:08:06Z
       </time>
      </trkpt>
      <trkpt lat="49.01987" lon="2.0017">
        <ele>248.64</ele>
        <time>2015-07-13T11:08:17Z
       </time>
      </trkpt>
      <trkpt lat="49.01986" lon="2.00182">
        <ele>248.64</ele>
        <time>2015-07-13T11:08:28Z
       </time>
      </trkpt>
      <trkpt lat="49.01986" lon="2.00191">
        <ele>247.2</ele>
        <time>2015-07-13T11:08:37Z
       </time>
      </trkpt>
      <trkpt lat="49.01986" lon="2.002">
        <ele>243.83</ele>
        <time>2015-07-13T11:08:45Z
       </time>
      </trkpt>
      <trkpt lat="49.01986" lon="2.00201">
        <ele>243.35</ele>
        <time>2015-07-13T11:08:46Z
       </time>
      </trkpt>
      <trkpt lat="49.01985" lon="2.00204">
        <ele>242.87</ele>
        <time>2015-07-13T11:08:47Z
       </time>
      </trkpt>
      <trkpt lat="49.01985" lon="2.00205">
        <ele>242.39</ele>
        <time>2015-07-13T11:08:48Z
       </time>
      </trkpt>
      <trkpt lat="49.01985" lon="2.00207">
        <ele>241.91</ele>
        <time>2015-07-13T11:08:49Z
       </time>
      </trkpt>
      <trkpt lat="49.01985" lon="2.0021">
        <ele>241.43</ele>
        <time>2015-07-13T11:08:50Z
       </time>
      </trkpt>
      <trkpt lat="49.01985" lon="2.00213">
        <ele>240.47</ele>
        <time>2015-07-13T11:08:51Z
       </time>
      </trkpt>
      <trkpt lat="49.01985" lon="2.00215">
        <ele>240.47</ele>
        <time>2015-07-13T11:08:52Z
       </time>
      </trkpt>
      <trkpt lat="49.01985" lon="2.00217">
        <ele>239.99</ele>
        <time>2015-07-13T11:08:53Z
       </time>
      </trkpt>
      <trkpt lat="49.01985" lon="2.00222">
        <ele>239.02</ele>
        <time>2015-07-13T11:08:55Z
       </time>
      </trkpt>
      <trkpt lat="49.01985" lon="2.00225">
        <ele>238.54</ele>
        <time>2015-07-13T11:08:56Z
       </time>
      </trkpt>
      <trkpt lat="49.01984" lon="2.00235">
        <ele>236.62</ele>
        <time>2015-07-13T11:09:01Z
       </time>
      </trkpt>
      <trkpt lat="49.01984" lon="2.00237">
        <ele>236.14</ele>
        <time>2015-07-13T11:09:02Z
       </time>
      </trkpt>
      <trkpt lat="49.01984" lon="2.00239">
        <ele>236.14</ele>
        <time>2015-07-13T11:09:03Z
       </time>
      </trkpt>
      <trkpt lat="49.01984" lon="2.00241">
        <ele>235.66</ele>
        <time>2015-07-13T11:09:04Z
       </time>
      </trkpt>
      <trkpt lat="49.01984" lon="2.00242">
        <ele>235.18</ele>
        <time>2015-07-13T11:09:05Z
       </time>
      </trkpt>
      <trkpt lat="49.01984" lon="2.00245">
        <ele>234.7</ele>
        <time>2015-07-13T11:09:06Z
       </time>
      </trkpt>
      <trkpt lat="49.01984" lon="2.00247">
        <ele>234.22</ele>
        <time>2015-07-13T11:09:07Z
       </time>
      </trkpt>
      <trkpt lat="49.01984" lon="2.0025">
        <ele>234.22</ele>
        <time>2015-07-13T11:09:08Z
       </time>
      </trkpt>
      <trkpt lat="49.01984" lon="2.00252">
        <ele>233.74</ele>
        <time>2015-07-13T11:09:09Z
       </time>
      </trkpt>
      <trkpt lat="49.01984" lon="2.00254">
        <ele>233.26</ele>
        <time>2015-07-13T11:09:10Z
       </time>
      </trkpt>
      <trkpt lat="49.01984" lon="2.00258">
        <ele>232.78</ele>
        <time>2015-07-13T11:09:12Z
       </time>
      </trkpt>
      <trkpt lat="49.01983" lon="2.0026">
        <ele>232.3</ele>
        <time>2015-07-13T11:09:13Z
       </time>
      </trkpt>
      <trkpt lat="49.01983" lon="2.00263">
        <ele>231.81</ele>
        <time>2015-07-13T11:09:14Z
       </time>
      </trkpt>
      <trkpt lat="49.01983" lon="2.00265">
        <ele>231.81</ele>
        <time>2015-07-13T11:09:15Z
       </time>
      </trkpt>
      <trkpt lat="49.01983" lon="2.00274">
        <ele>230.85</ele>
        <time>2015-07-13T11:09:19Z
       </time>
      </trkpt>
      <trkpt lat="49.01983" lon="2.00277">
        <ele>230.37</ele>
        <time>2015-07-13T11:09:21Z
       </time>
      </trkpt>
      <trkpt lat="49.01983" lon="2.00306">
        <ele>228.93</ele>
        <time>2015-07-13T11:09:37Z
       </time>
      </trkpt>
      <trkpt lat="49.01983" lon="2.00308">
        <ele>228.93</ele>
        <time>2015-07-13T11:09:38Z
       </time>
      </trkpt>
      <trkpt lat="49.01982" lon="2.00326">
        <ele>219.32</ele>
        <time>2015-07-13T11:09:50Z
       </time>
      </trkpt>
      <trkpt lat="49.01982" lon="2.00329">
        <ele>217.88</ele>
        <time>2015-07-13T11:09:51Z
       </time>
      </trkpt>
      <trkpt lat="49.01982" lon="2.00332">
        <ele>216.91</ele>
        <time>2015-07-13T11:09:52Z
       </time>
      </trkpt>
      <trkpt lat="49.01982" lon="2.00352">
        <ele>206.34</ele>
        <time>2015-07-13T11:10:01Z
       </time>
      </trkpt>
      <trkpt lat="49.01982" lon="2.00374">
        <ele>201.53</ele>
        <time>2015-07-13T11:10:20Z
       </time>
      </trkpt>
      <trkpt lat="49.01982" lon="2.00374">
        <ele>199.13</ele>
        <time>2015-07-13T11:10:25Z
       </time>
      </trkpt>
      <trkpt lat="49.01981" lon="2.00375">
        <ele>195.28</ele>
        <time>2015-07-13T11:10:27Z
       </time>
      </trkpt>
      <trkpt lat="49.01982" lon="2.00369">
        <ele>193.84</ele>
        <time>2015-07-13T11:10:29Z
       </time>
      </trkpt>
      <trkpt lat="49.01982" lon="2.00382">
        <ele>193.36</ele>
        <time>2015-07-13T11:10:40Z
       </time>
      </trkpt>
      <trkpt lat="49.01982" lon="2.00384">
        <ele>193.36</ele>
        <time>2015-07-13T11:10:41Z
       </time>
      </trkpt>
      <trkpt lat="49.01982" lon="2.00386">
        <ele>193.36</ele>
        <time>2015-07-13T11:10:42Z
       </time>
      </trkpt>
      <trkpt lat="49.01982" lon="2.00387">
        <ele>193.36</ele>
        <time>2015-07-13T11:10:43Z
       </time>
      </trkpt>
      <trkpt lat="49.01982" lon="2.00389">
        <ele>193.36</ele>
        <time>2015-07-13T11:10:44Z
       </time>
      </trkpt>
      <trkpt lat="49.01982" lon="2.00394">
        <ele>193.36</ele>
        <time>2015-07-13T11:10:47Z
       </time>
      </trkpt>
      <trkpt lat="49.01982" lon="2.00396">
        <ele>193.36</ele>
        <time>2015-07-13T11:10:48Z
       </time>
      </trkpt>
      <trkpt lat="49.01982" lon="2.00397">
        <ele>193.36</ele>
        <time>2015-07-13T11:10:49Z
       </time>
      </trkpt>
      <trkpt lat="49.01982" lon="2.00399">
        <ele>193.36</ele>
        <time>2015-07-13T11:10:50Z
       </time>
      </trkpt>
      <trkpt lat="49.01982" lon="2.00411">
        <ele>192.88</ele>
        <time>2015-07-13T11:10:56Z
       </time>
      </trkpt>
      <trkpt lat="49.01983" lon="2.00428">
        <ele>192.88</ele>
        <time>2015-07-13T11:11:06Z
       </time>
      </trkpt>
      <trkpt lat="49.01987" lon="2.00443">
        <ele>192.4</ele>
        <time>2015-07-13T11:11:22Z
       </time>
      </trkpt>
      <trkpt lat="49.01995" lon="2.00468">
        <ele>192.4</ele>
        <time>2015-07-13T11:11:34Z
       </time>
      </trkpt>
      <trkpt lat="49.01998" lon="2.00479">
        <ele>192.88</ele>
        <time>2015-07-13T11:11:39Z
       </time>
      </trkpt>
      <trkpt lat="49.01999" lon="2.00482">
        <ele>192.88</ele>
        <time>2015-07-13T11:11:41Z
       </time>
      </trkpt>
      <trkpt lat="49.01999" lon="2.00484">
        <ele>192.88</ele>
        <time>2015-07-13T11:11:42Z
       </time>
      </trkpt>
      <trkpt lat="49.02" lon="2.00486">
        <ele>192.88</ele>
        <time>2015-07-13T11:11:43Z
       </time>
      </trkpt>
      <trkpt lat="49.02004" lon="2.00498">
        <ele>194.32</ele>
        <time>2015-07-13T11:11:51Z
       </time>
      </trkpt>
      <trkpt lat="49.02004" lon="2.00499">
        <ele>194.32</ele>
        <time>2015-07-13T11:11:52Z
       </time>
      </trkpt>
      <trkpt lat="49.02004" lon="2.005">
        <ele>194.8</ele>
        <time>2015-07-13T11:11:53Z
       </time>
      </trkpt>
      <trkpt lat="49.02005" lon="2.00502">
        <ele>194.8</ele>
        <time>2015-07-13T11:11:54Z
       </time>
      </trkpt>
      <trkpt lat="49.02005" lon="2.00503">
        <ele>195.28</ele>
        <time>2015-07-13T11:11:55Z
       </time>
      </trkpt>
      <trkpt lat="49.02008" lon="2.00516">
        <ele>199.13</ele>
        <time>2015-07-13T11:12:03Z
       </time>
      </trkpt>
      <trkpt lat="49.02009" lon="2.00518">
        <ele>199.61</ele>
        <time>2015-07-13T11:12:04Z
       </time>
      </trkpt>
      <trkpt lat="49.02009" lon="2.0052">
        <ele>200.09</ele>
        <time>2015-07-13T11:12:05Z
       </time>
      </trkpt>
      <trkpt lat="49.02012" lon="2.00532">
        <ele>203.94</ele>
        <time>2015-07-13T11:12:13Z
       </time>
      </trkpt>
      <trkpt lat="49.02013" lon="2.00534">
        <ele>203.94</ele>
        <time>2015-07-13T11:12:14Z
       </time>
      </trkpt>
      <trkpt lat="49.02014" lon="2.00539">
        <ele>204.9</ele>
        <time>2015-07-13T11:12:17Z
       </time>
      </trkpt>
      <trkpt lat="49.02014" lon="2.00541">
        <ele>205.38</ele>
        <time>2015-07-13T11:12:18Z
       </time>
      </trkpt>
      <trkpt lat="49.0202" lon="2.00568">
        <ele>209.7</ele>
        <time>2015-07-13T11:12:31Z
       </time>
      </trkpt>
      <trkpt lat="49.02021" lon="2.00577">
        <ele>210.19</ele>
        <time>2015-07-13T11:12:35Z
       </time>
      </trkpt>
      <trkpt lat="49.02022" lon="2.00579">
        <ele>210.19</ele>
        <time>2015-07-13T11:12:36Z
       </time>
      </trkpt>
      <trkpt lat="49.02022" lon="2.00581">
        <ele>210.19</ele>
        <time>2015-07-13T11:12:37Z
       </time>
      </trkpt>
      <trkpt lat="49.02022" lon="2.00583">
        <ele>209.7</ele>
        <time>2015-07-13T11:12:38Z
       </time>
      </trkpt>
      <trkpt lat="49.02023" lon="2.00585">
        <ele>209.7</ele>
        <time>2015-07-13T11:12:39Z
       </time>
      </trkpt>
      <trkpt lat="49.02024" lon="2.00592">
        <ele>208.26</ele>
        <time>2015-07-13T11:12:43Z
       </time>
      </trkpt>
      <trkpt lat="49.02024" lon="2.00594">
        <ele>207.78</ele>
        <time>2015-07-13T11:12:44Z
       </time>
      </trkpt>
      <trkpt lat="49.02024" lon="2.00596">
        <ele>207.3</ele>
        <time>2015-07-13T11:12:45Z
       </time>
      </trkpt>
      <trkpt lat="49.02025" lon="2.00598">
        <ele>206.82</ele>
        <time>2015-07-13T11:12:46Z
       </time>
      </trkpt>
      <trkpt lat="49.02025" lon="2.006">
        <ele>206.34</ele>
        <time>2015-07-13T11:12:47Z
       </time>
      </trkpt>
      <trkpt lat="49.02025" lon="2.00603">
        <ele>206.34</ele>
        <time>2015-07-13T11:12:48Z
       </time>
      </trkpt>
      <trkpt lat="49.02026" lon="2.00606">
        <ele>205.86</ele>
        <time>2015-07-13T11:12:49Z
       </time>
      </trkpt>
      <trkpt lat="49.02029" lon="2.00641">
        <ele>202.98</ele>
        <time>2015-07-13T11:13:06Z
       </time>
      </trkpt>
      <trkpt lat="49.02031" lon="2.00661">
        <ele>201.05</ele>
        <time>2015-07-13T11:13:15Z
       </time>
      </trkpt>
      <trkpt lat="49.02032" lon="2.00671">
        <ele>200.57</ele>
        <time>2015-07-13T11:13:20Z
       </time>
      </trkpt>
      <trkpt lat="49.02032" lon="2.00673">
        <ele>200.57</ele>
        <time>2015-07-13T11:13:21Z
       </time>
      </trkpt>
      <trkpt lat="49.02032" lon="2.00675">
        <ele>200.09</ele>
        <time>2015-07-13T11:13:22Z
       </time>
      </trkpt>
      <trkpt lat="49.02032" lon="2.00677">
        <ele>199.61</ele>
        <time>2015-07-13T11:13:23Z
       </time>
      </trkpt>
      <trkpt lat="49.02032" lon="2.0068">
        <ele>199.61</ele>
        <time>2015-07-13T11:13:24Z
       </time>
      </trkpt>
      <trkpt lat="49.02033" lon="2.00682">
        <ele>199.13</ele>
        <time>2015-07-13T11:13:25Z
       </time>
      </trkpt>
      <trkpt lat="49.02033" lon="2.0069">
        <ele>197.21</ele>
        <time>2015-07-13T11:13:29Z
       </time>
      </trkpt>
      <trkpt lat="49.02033" lon="2.00693">
        <ele>196.73</ele>
        <time>2015-07-13T11:13:30Z
       </time>
      </trkpt>
      <trkpt lat="49.02034" lon="2.00695">
        <ele>196.25</ele>
        <time>2015-07-13T11:13:31Z
       </time>
      </trkpt>
      <trkpt lat="49.02034" lon="2.00697">
        <ele>195.77</ele>
        <time>2015-07-13T11:13:32Z
       </time>
      </trkpt>
      <trkpt lat="49.02034" lon="2.007">
        <ele>195.77</ele>
        <time>2015-07-13T11:13:33Z
       </time>
      </trkpt>
      <trkpt lat="49.02036" lon="2.00725">
        <ele>192.4</ele>
        <time>2015-07-13T11:13:44Z
       </time>
      </trkpt>
      <trkpt lat="49.02036" lon="2.00728">
        <ele>191.92</ele>
        <time>2015-07-13T11:13:45Z
       </time>
      </trkpt>
      <trkpt lat="49.02037" lon="2.0073">
        <ele>191.44</ele>
        <time>2015-07-13T11:13:46Z
       </time>
      </trkpt>
      <trkpt lat="49.02037" lon="2.00734">
        <ele>190.48</ele>
        <time>2015-07-13T11:13:48Z
       </time>
      </trkpt>
      <trkpt lat="49.02039" lon="2.0076">
        <ele>187.59</ele>
        <time>2015-07-13T11:13:59Z
       </time>
      </trkpt>
      <trkpt lat="49.02039" lon="2.00765">
        <ele>187.59</ele>
        <time>2015-07-13T11:14:01Z
       </time>
      </trkpt>
      <trkpt lat="49.02041" lon="2.00786">
        <ele>186.63</ele>
        <time>2015-07-13T11:14:11Z
       </time>
      </trkpt>
      <trkpt lat="49.02041" lon="2.00789">
        <ele>186.15</ele>
        <time>2015-07-13T11:14:12Z
       </time>
      </trkpt>
      <trkpt lat="49.02042" lon="2.00796">
        <ele>186.15</ele>
        <time>2015-07-13T11:14:15Z
       </time>
      </trkpt>
      <trkpt lat="49.02042" lon="2.00798">
        <ele>186.15</ele>
        <time>2015-07-13T11:14:16Z
       </time>
      </trkpt>
      <trkpt lat="49.02042" lon="2.00805">
        <ele>186.15</ele>
        <time>2015-07-13T11:14:19Z
       </time>
      </trkpt>
      <trkpt lat="49.02042" lon="2.00807">
        <ele>186.15</ele>
        <time>2015-07-13T11:14:20Z
       </time>
      </trkpt>
      <trkpt lat="49.02043" lon="2.00808">
        <ele>186.15</ele>
        <time>2015-07-13T11:14:21Z
       </time>
      </trkpt>
      <trkpt lat="49.02043" lon="2.00812">
        <ele>185.19</ele>
        <time>2015-07-13T11:14:22Z
       </time>
      </trkpt>
      <trkpt lat="49.02053" lon="2.00833">
        <ele>182.31</ele>
        <time>2015-07-13T11:14:23Z
       </time>
      </trkpt>
      <trkpt lat="49.02054" lon="2.00832">
        <ele>179.9</ele>
        <time>2015-07-13T11:14:24Z
       </time>
      </trkpt>
      <trkpt lat="49.02054" lon="2.00832">
        <ele>175.58</ele>
        <time>2015-07-13T11:14:25Z
       </time>
      </trkpt>
      <trkpt lat="49.02054" lon="2.00832">
        <ele>173.17</ele>
        <time>2015-07-13T11:14:26Z
       </time>
      </trkpt>
      <trkpt lat="49.02055" lon="2.00831">
        <ele>170.77</ele>
        <time>2015-07-13T11:14:27Z
       </time>
      </trkpt>
      <trkpt lat="49.02056" lon="2.0083">
        <ele>168.37</ele>
        <time>2015-07-13T11:14:28Z
       </time>
      </trkpt>
      <trkpt lat="49.02057" lon="2.0083">
        <ele>166.45</ele>
        <time>2015-07-13T11:14:29Z
       </time>
      </trkpt>
      <trkpt lat="49.02058" lon="2.00829">
        <ele>164.52</ele>
        <time>2015-07-13T11:14:30Z
       </time>
      </trkpt>
      <trkpt lat="49.02061" lon="2.00826">
        <ele>153.95</ele>
        <time>2015-07-13T11:14:35Z
       </time>
      </trkpt>
      <trkpt lat="49.02061" lon="2.00826">
        <ele>152.03</ele>
        <time>2015-07-13T11:14:36Z
       </time>
      </trkpt>
      <trkpt lat="49.02079" lon="2.0081">
        <ele>140.01</ele>
        <time>2015-07-13T11:14:53Z
       </time>
      </trkpt>
      <trkpt lat="49.02101" lon="2.0079">
        <ele>135.68</ele>
        <time>2015-07-13T11:15:11Z
       </time>
      </trkpt>
      <trkpt lat="49.02121" lon="2.00773">
        <ele>131.84</ele>
        <time>2015-07-13T11:15:27Z
       </time>
      </trkpt>
      <trkpt lat="49.02123" lon="2.00771">
        <ele>131.84</ele>
        <time>2015-07-13T11:15:28Z
       </time>
      </trkpt>
      <trkpt lat="49.02124" lon="2.0077">
        <ele>131.84</ele>
        <time>2015-07-13T11:15:29Z
       </time>
      </trkpt>
      <trkpt lat="49.02136" lon="2.00759">
        <ele>129.43</ele>
        <time>2015-07-13T11:15:45Z
       </time>
      </trkpt>
      <trkpt lat="49.02138" lon="2.00758">
        <ele>128.47</ele>
        <time>2015-07-13T11:15:52Z
       </time>
      </trkpt>
      <trkpt lat="49.02139" lon="2.00757">
        <ele>128.47</ele>
        <time>2015-07-13T11:15:53Z
       </time>
      </trkpt>
      <trkpt lat="49.02159" lon="2.0074">
        <ele>126.07</ele>
        <time>2015-07-13T11:16:08Z
       </time>
      </trkpt>
      <trkpt lat="49.02179" lon="2.00722">
        <ele>125.59</ele>
        <time>2015-07-13T11:16:24Z
       </time>
      </trkpt>
      <trkpt lat="49.022" lon="2.00703">
        <ele>125.11</ele>
        <time>2015-07-13T11:16:41Z
       </time>
      </trkpt>
      <trkpt lat="49.0222" lon="2.00685">
        <ele>126.55</ele>
        <time>2015-07-13T11:16:57Z
       </time>
      </trkpt>
      <trkpt lat="49.02245" lon="2.00663">
        <ele>127.03</ele>
        <time>2015-07-13T11:17:17Z
       </time>
      </trkpt>
      <trkpt lat="49.02266" lon="2.00644">
        <ele>127.99</ele>
        <time>2015-07-13T11:17:34Z
       </time>
      </trkpt>
      <trkpt lat="49.02285" lon="2.00629">
        <ele>130.88</ele>
        <time>2015-07-13T11:17:50Z
       </time>
      </trkpt>
      <trkpt lat="49.02303" lon="2.00614">
        <ele>131.84</ele>
        <time>2015-07-13T11:18:04Z
       </time>
      </trkpt>
      <trkpt lat="49.02306" lon="2.00611">
        <ele>131.84</ele>
        <time>2015-07-13T11:18:07Z
       </time>
      </trkpt>
      <trkpt lat="49.02308" lon="2.0061">
        <ele>131.84</ele>
        <time>2015-07-13T11:18:08Z
       </time>
      </trkpt>
      <trkpt lat="49.02309" lon="2.00609">
        <ele>131.84</ele>
        <time>2015-07-13T11:18:09Z
       </time>
      </trkpt>
      <trkpt lat="49.0231" lon="2.00608">
        <ele>131.84</ele>
        <time>2015-07-13T11:18:10Z
       </time>
      </trkpt>
      <trkpt lat="49.02312" lon="2.00607">
        <ele>131.84</ele>
        <time>2015-07-13T11:18:11Z
       </time>
      </trkpt>
      <trkpt lat="49.02313" lon="2.00606">
        <ele>131.84</ele>
        <time>2015-07-13T11:18:12Z
       </time>
      </trkpt>
      <trkpt lat="49.02314" lon="2.00605">
        <ele>131.84</ele>
        <time>2015-07-13T11:18:13Z
       </time>
      </trkpt>
      <trkpt lat="49.02319" lon="2.00601">
        <ele>131.84</ele>
        <time>2015-07-13T11:18:17Z
       </time>
      </trkpt>
      <trkpt lat="49.0232" lon="2.006">
        <ele>132.32</ele>
        <time>2015-07-13T11:18:18Z
       </time>
      </trkpt>
      <trkpt lat="49.02323" lon="2.00598">
        <ele>133.28</ele>
        <time>2015-07-13T11:18:23Z
       </time>
      </trkpt>
      <trkpt lat="49.02329" lon="2.00584">
        <ele>133.76</ele>
        <time>2015-07-13T11:18:24Z
       </time>
      </trkpt>
      <trkpt lat="49.02328" lon="2.00583">
        <ele>134.24</ele>
        <time>2015-07-13T11:18:25Z
       </time>
      </trkpt>
      <trkpt lat="49.02328" lon="2.00582">
        <ele>134.72</ele>
        <time>2015-07-13T11:18:26Z
       </time>
      </trkpt>
      <trkpt lat="49.02327" lon="2.0058">
        <ele>134.72</ele>
        <time>2015-07-13T11:18:27Z
       </time>
      </trkpt>
      <trkpt lat="49.02326" lon="2.00577">
        <ele>136.16</ele>
        <time>2015-07-13T11:18:30Z
       </time>
      </trkpt>
      <trkpt lat="49.02325" lon="2.00575">
        <ele>136.64</ele>
        <time>2015-07-13T11:18:31Z
       </time>
      </trkpt>
      <trkpt lat="49.02315" lon="2.00552">
        <ele>138.09</ele>
        <time>2015-07-13T11:18:45Z
       </time>
      </trkpt>
      <trkpt lat="49.02309" lon="2.00538">
        <ele>138.57</ele>
        <time>2015-07-13T11:18:54Z
       </time>
      </trkpt>
      <trkpt lat="49.02309" lon="2.00536">
        <ele>138.57</ele>
        <time>2015-07-13T11:18:55Z
       </time>
      </trkpt>
      <trkpt lat="49.02308" lon="2.00522">
        <ele>138.57</ele>
        <time>2015-07-13T11:18:58Z
       </time>
      </trkpt>
      <trkpt lat="49.02317" lon="2.00516">
        <ele>140.49</ele>
        <time>2015-07-13T11:19:08Z
       </time>
      </trkpt>
      <trkpt lat="49.02318" lon="2.00515">
        <ele>140.97</ele>
        <time>2015-07-13T11:19:09Z
       </time>
      </trkpt>
      <trkpt lat="49.02319" lon="2.00515">
        <ele>140.97</ele>
        <time>2015-07-13T11:19:10Z
       </time>
      </trkpt>
      <trkpt lat="49.0232" lon="2.00514">
        <ele>141.45</ele>
        <time>2015-07-13T11:19:11Z
       </time>
      </trkpt>
      <trkpt lat="49.02321" lon="2.00513">
        <ele>141.45</ele>
        <time>2015-07-13T11:19:12Z
       </time>
      </trkpt>
      <trkpt lat="49.02322" lon="2.00512">
        <ele>141.93</ele>
        <time>2015-07-13T11:19:13Z
       </time>
      </trkpt>
      <trkpt lat="49.02333" lon="2.00506">
        <ele>144.82</ele>
        <time>2015-07-13T11:19:24Z
       </time>
      </trkpt>
      <trkpt lat="49.02338" lon="2.00502">
        <ele>145.78</ele>
        <time>2015-07-13T11:19:29Z
       </time>
      </trkpt>
      <trkpt lat="49.02339" lon="2.00502">
        <ele>145.78</ele>
        <time>2015-07-13T11:19:30Z
       </time>
      </trkpt>
      <trkpt lat="49.02343" lon="2.00499">
        <ele>146.26</ele>
        <time>2015-07-13T11:19:33Z
       </time>
      </trkpt>
      <trkpt lat="49.02356" lon="2.00492">
        <ele>148.66</ele>
        <time>2015-07-13T11:19:44Z
       </time>
      </trkpt>
      <trkpt lat="49.02371" lon="2.00488">
        <ele>152.99</ele>
        <time>2015-07-13T11:19:54Z
       </time>
      </trkpt>
      <trkpt lat="49.02372" lon="2.00488">
        <ele>160.2</ele>
        <time>2015-07-13T11:20:04Z
       </time>
      </trkpt>
      <trkpt lat="49.02372" lon="2.00488">
        <ele>165.96</ele>
        <time>2015-07-13T11:20:19Z
       </time>
      </trkpt>
      <trkpt lat="49.02372" lon="2.00488">
        <ele>171.25</ele>
        <time>2015-07-13T11:20:34Z
       </time>
      </trkpt>
      <trkpt lat="49.02398" lon="2.00545">
        <ele>165</ele>
        <time>2015-07-13T11:21:17Z
       </time>
      </trkpt>
      <trkpt lat="49.02411" lon="2.00553">
        <ele>164.52</ele>
        <time>2015-07-13T11:21:27Z
       </time>
      </trkpt>
      <trkpt lat="49.02414" lon="2.00555">
        <ele>163.56</ele>
        <time>2015-07-13T11:21:30Z
       </time>
      </trkpt>
      <trkpt lat="49.02426" lon="2.00564">
        <ele>163.56</ele>
        <time>2015-07-13T11:21:40Z
       </time>
      </trkpt>
      <trkpt lat="49.02438" lon="2.0057">
        <ele>164.52</ele>
        <time>2015-07-13T11:21:48Z
       </time>
      </trkpt>
      <trkpt lat="49.02447" lon="2.00575">
        <ele>168.37</ele>
        <time>2015-07-13T11:21:56Z
       </time>
      </trkpt>
      <trkpt lat="49.02453" lon="2.00582">
        <ele>170.29</ele>
        <time>2015-07-13T11:22:01Z
       </time>
      </trkpt>
      <trkpt lat="49.02461" lon="2.00589">
        <ele>172.21</ele>
        <time>2015-07-13T11:22:08Z
       </time>
      </trkpt>
      <trkpt lat="49.02473" lon="2.00623">
        <ele>175.58</ele>
        <time>2015-07-13T11:22:26Z
       </time>
      </trkpt>
      <trkpt lat="49.02472" lon="2.00624">
        <ele>175.1</ele>
        <time>2015-07-13T11:22:51Z
       </time>
      </trkpt>
      <trkpt lat="49.02473" lon="2.00637">
        <ele>168.85</ele>
        <time>2015-07-13T11:25:16Z
       </time>
      </trkpt>
      <trkpt lat="49.02473" lon="2.00642">
        <ele>166.93</ele>
        <time>2015-07-13T11:25:19Z
       </time>
      </trkpt>
      <trkpt lat="49.02471" lon="2.0065">
        <ele>158.27</ele>
        <time>2015-07-13T11:25:29Z
       </time>
      </trkpt>
      <trkpt lat="49.02473" lon="2.00654">
        <ele>161.64</ele>
        <time>2015-07-13T11:25:39Z
       </time>
      </trkpt>
      <trkpt lat="49.02479" lon="2.00674">
        <ele>171.73</ele>
        <time>2015-07-13T11:25:52Z
       </time>
      </trkpt>
      <trkpt lat="49.02479" lon="2.00676">
        <ele>173.17</ele>
        <time>2015-07-13T11:25:54Z
       </time>
      </trkpt>
      <trkpt lat="49.02477" lon="2.00681">
        <ele>174.14</ele>
        <time>2015-07-13T11:25:57Z
       </time>
      </trkpt>
      <trkpt lat="49.02477" lon="2.00681">
        <ele>174.14</ele>
        <time>2015-07-13T11:25:58Z
       </time>
      </trkpt>
      <trkpt lat="49.0247" lon="2.00687">
        <ele>175.1</ele>
        <time>2015-07-13T11:26:06Z
       </time>
      </trkpt>
      <trkpt lat="49.02469" lon="2.00688">
        <ele>174.62</ele>
        <time>2015-07-13T11:26:07Z
       </time>
      </trkpt>
      <trkpt lat="49.02467" lon="2.00689">
        <ele>174.62</ele>
        <time>2015-07-13T11:26:08Z
       </time>
      </trkpt>
      <trkpt lat="49.02465" lon="2.0069">
        <ele>174.62</ele>
        <time>2015-07-13T11:26:09Z
       </time>
      </trkpt>
      <trkpt lat="49.02464" lon="2.00691">
        <ele>174.62</ele>
        <time>2015-07-13T11:26:10Z
       </time>
      </trkpt>
      <trkpt lat="49.02467" lon="2.00706">
        <ele>177.02</ele>
        <time>2015-07-13T11:26:19Z
       </time>
      </trkpt>
      <trkpt lat="49.02467" lon="2.00707">
        <ele>177.02</ele>
        <time>2015-07-13T11:26:21Z
       </time>
      </trkpt>
      <trkpt lat="49.0247" lon="2.00719">
        <ele>177.98</ele>
        <time>2015-07-13T11:26:31Z
       </time>
      </trkpt>
      <trkpt lat="49.02471" lon="2.00719">
        <ele>176.54</ele>
        <time>2015-07-13T11:26:46Z
       </time>
      </trkpt>
      <trkpt lat="49.02472" lon="2.00719">
        <ele>176.54</ele>
        <time>2015-07-13T11:26:47Z
       </time>
      </trkpt>
      <trkpt lat="49.02473" lon="2.00719">
        <ele>176.06</ele>
        <time>2015-07-13T11:26:48Z
       </time>
      </trkpt>
      <trkpt lat="49.02474" lon="2.00719">
        <ele>175.58</ele>
        <time>2015-07-13T11:26:49Z
       </time>
      </trkpt>
      <trkpt lat="49.02476" lon="2.00719">
        <ele>174.62</ele>
        <time>2015-07-13T11:26:50Z
       </time>
      </trkpt>
      <trkpt lat="49.02478" lon="2.00719">
        <ele>174.14</ele>
        <time>2015-07-13T11:26:51Z
       </time>
      </trkpt>
      <trkpt lat="49.0248" lon="2.00719">
        <ele>173.66</ele>
        <time>2015-07-13T11:26:52Z
       </time>
      </trkpt>
      <trkpt lat="49.02481" lon="2.00719">
        <ele>173.17</ele>
        <time>2015-07-13T11:26:53Z
       </time>
      </trkpt>
      <trkpt lat="49.02483" lon="2.00719">
        <ele>172.69</ele>
        <time>2015-07-13T11:26:54Z
       </time>
      </trkpt>
      <trkpt lat="49.02484" lon="2.00718">
        <ele>172.21</ele>
        <time>2015-07-13T11:26:55Z
       </time>
      </trkpt>
      <trkpt lat="49.02485" lon="2.00718">
        <ele>171.73</ele>
        <time>2015-07-13T11:26:56Z
       </time>
      </trkpt>
      <trkpt lat="49.0249" lon="2.00717">
        <ele>169.33</ele>
        <time>2015-07-13T11:27:02Z
       </time>
      </trkpt>
      <trkpt lat="49.02505" lon="2.00711">
        <ele>166.45</ele>
        <time>2015-07-13T11:27:13Z
       </time>
      </trkpt>
      <trkpt lat="49.02513" lon="2.00706">
        <ele>163.08</ele>
        <time>2015-07-13T11:27:28Z
       </time>
      </trkpt>
      <trkpt lat="49.02522" lon="2.00701">
        <ele>160.68</ele>
        <time>2015-07-13T11:27:38Z
       </time>
      </trkpt>
      <trkpt lat="49.02529" lon="2.00697">
        <ele>160.68</ele>
        <time>2015-07-13T11:27:48Z
       </time>
      </trkpt>
      <trkpt lat="49.02537" lon="2.00692">
        <ele>159.24</ele>
        <time>2015-07-13T11:27:58Z
       </time>
      </trkpt>
      <trkpt lat="49.02551" lon="2.00682">
        <ele>154.91</ele>
        <time>2015-07-13T11:28:09Z
       </time>
      </trkpt>
      <trkpt lat="49.02562" lon="2.00677">
        <ele>152.51</ele>
        <time>2015-07-13T11:28:20Z
       </time>
      </trkpt>
      <trkpt lat="49.02583" lon="2.0067">
        <ele>148.66</ele>
        <time>2015-07-13T11:28:36Z
       </time>
      </trkpt>
      <trkpt lat="49.02586" lon="2.00669">
        <ele>146.74</ele>
        <time>2015-07-13T11:28:46Z
       </time>
      </trkpt>
      <trkpt lat="49.02607" lon="2.00668">
        <ele>144.34</ele>
        <time>2015-07-13T11:28:58Z
       </time>
      </trkpt>
      <trkpt lat="49.02616" lon="2.00668">
        <ele>140.01</ele>
        <time>2015-07-13T11:29:09Z
       </time>
      </trkpt>
      <trkpt lat="49.02623" lon="2.00667">
        <ele>138.57</ele>
        <time>2015-07-13T11:29:12Z
       </time>
      </trkpt>
      <trkpt lat="49.02624" lon="2.00667">
        <ele>138.57</ele>
        <time>2015-07-13T11:29:13Z
       </time>
      </trkpt>
      <trkpt lat="49.02623" lon="2.00667">
        <ele>136.16</ele>
        <time>2015-07-13T11:29:22Z
       </time>
      </trkpt>
      <trkpt lat="49.02624" lon="2.0064">
        <ele>135.68</ele>
        <time>2015-07-13T11:29:24Z
       </time>
      </trkpt>
      <trkpt lat="49.02623" lon="2.00638">
        <ele>135.2</ele>
        <time>2015-07-13T11:29:25Z
       </time>
      </trkpt>
      <trkpt lat="49.02615" lon="2.00619">
        <ele>134.24</ele>
        <time>2015-07-13T11:29:36Z
       </time>
      </trkpt>
      <trkpt lat="49.02612" lon="2.00612">
        <ele>134.24</ele>
        <time>2015-07-13T11:29:41Z
       </time>
      </trkpt>
      <trkpt lat="49.02606" lon="2.00597">
        <ele>133.76</ele>
        <time>2015-07-13T11:29:51Z
       </time>
      </trkpt>
      <trkpt lat="49.02599" lon="2.00581">
        <ele>134.24</ele>
        <time>2015-07-13T11:30:01Z
       </time>
      </trkpt>
      <trkpt lat="49.02595" lon="2.00569">
        <ele>134.72</ele>
        <time>2015-07-13T11:30:05Z
       </time>
      </trkpt>
      <trkpt lat="49.02594" lon="2.00567">
        <ele>134.72</ele>
        <time>2015-07-13T11:30:06Z
       </time>
      </trkpt>
      <trkpt lat="49.02594" lon="2.00565">
        <ele>134.72</ele>
        <time>2015-07-13T11:30:26Z
       </time>
      </trkpt>
      <trkpt lat="49.02597" lon="2.00556">
        <ele>135.2</ele>
        <time>2015-07-13T11:30:28Z
       </time>
      </trkpt>
      <trkpt lat="49.02607" lon="2.0053">
        <ele>136.16</ele>
        <time>2015-07-13T11:30:42Z
       </time>
      </trkpt>
      <trkpt lat="49.02609" lon="2.00524">
        <ele>135.68</ele>
        <time>2015-07-13T11:30:50Z
       </time>
      </trkpt>
      <trkpt lat="49.02609" lon="2.00522">
        <ele>135.68</ele>
        <time>2015-07-13T11:30:51Z
       </time>
      </trkpt>
      <trkpt lat="49.02611" lon="2.00517">
        <ele>134.72</ele>
        <time>2015-07-13T11:31:01Z
       </time>
      </trkpt>
      <trkpt lat="49.02611" lon="2.00517">
        <ele>134.72</ele>
        <time>2015-07-13T11:31:26Z
       </time>
      </trkpt>
      <trkpt lat="49.02612" lon="2.00513">
        <ele>134.24</ele>
        <time>2015-07-13T11:31:29Z
       </time>
      </trkpt>
      <trkpt lat="49.02613" lon="2.00507">
        <ele>133.76</ele>
        <time>2015-07-13T11:31:32Z
       </time>
      </trkpt>
      <trkpt lat="49.02615" lon="2.00499">
        <ele>132.32</ele>
        <time>2015-07-13T11:31:37Z
       </time>
      </trkpt>
      <trkpt lat="49.02616" lon="2.00497">
        <ele>132.32</ele>
        <time>2015-07-13T11:31:38Z
       </time>
      </trkpt>
      <trkpt lat="49.02616" lon="2.00496">
        <ele>132.32</ele>
        <time>2015-07-13T11:31:39Z
       </time>
      </trkpt>
      <trkpt lat="49.02619" lon="2.00485">
        <ele>132.32</ele>
        <time>2015-07-13T11:31:45Z
       </time>
      </trkpt>
      <trkpt lat="49.02625" lon="2.00465">
        <ele>132.32</ele>
        <time>2015-07-13T11:31:58Z
       </time>
      </trkpt>
      <trkpt lat="49.02627" lon="2.00461">
        <ele>131.84</ele>
        <time>2015-07-13T11:32:01Z
       </time>
      </trkpt>
      <trkpt lat="49.02627" lon="2.00459">
        <ele>131.84</ele>
        <time>2015-07-13T11:32:02Z
       </time>
      </trkpt>
      <trkpt lat="49.02628" lon="2.00457">
        <ele>131.84</ele>
        <time>2015-07-13T11:32:03Z
       </time>
      </trkpt>
      <trkpt lat="49.02628" lon="2.00455">
        <ele>132.32</ele>
        <time>2015-07-13T11:32:04Z
       </time>
      </trkpt>
      <trkpt lat="49.0264" lon="2.00431">
        <ele>133.28</ele>
        <time>2015-07-13T11:32:17Z
       </time>
      </trkpt>
      <trkpt lat="49.02659" lon="2.00411">
        <ele>135.2</ele>
        <time>2015-07-13T11:32:32Z
       </time>
      </trkpt>
      <trkpt lat="49.02682" lon="2.00397">
        <ele>137.13</ele>
        <time>2015-07-13T11:32:49Z
       </time>
      </trkpt>
      <trkpt lat="49.02706" lon="2.00386">
        <ele>140.97</ele>
        <time>2015-07-13T11:33:07Z
       </time>
      </trkpt>
      <trkpt lat="49.02729" lon="2.00373">
        <ele>141.93</ele>
        <time>2015-07-13T11:33:25Z
       </time>
      </trkpt>
      <trkpt lat="49.02752" lon="2.00366">
        <ele>144.82</ele>
        <time>2015-07-13T11:33:42Z
       </time>
      </trkpt>
      <trkpt lat="49.02772" lon="2.00361">
        <ele>147.22</ele>
        <time>2015-07-13T11:33:56Z
       </time>
      </trkpt>
      <trkpt lat="49.0279" lon="2.00356">
        <ele>152.51</ele>
        <time>2015-07-13T11:34:11Z
       </time>
      </trkpt>
      <trkpt lat="49.02791" lon="2.00356">
        <ele>152.51</ele>
        <time>2015-07-13T11:34:12Z
       </time>
      </trkpt>
      <trkpt lat="49.02792" lon="2.00355">
        <ele>152.99</ele>
        <time>2015-07-13T11:34:13Z
       </time>
      </trkpt>
      <trkpt lat="49.02793" lon="2.00355">
        <ele>153.47</ele>
        <time>2015-07-13T11:34:14Z
       </time>
      </trkpt>
      <trkpt lat="49.02794" lon="2.00354">
        <ele>153.95</ele>
        <time>2015-07-13T11:34:15Z
       </time>
      </trkpt>
      <trkpt lat="49.02795" lon="2.00354">
        <ele>153.95</ele>
        <time>2015-07-13T11:34:16Z
       </time>
      </trkpt>
      <trkpt lat="49.02808" lon="2.00348">
        <ele>156.35</ele>
        <time>2015-07-13T11:34:29Z
       </time>
      </trkpt>
      <trkpt lat="49.02813" lon="2.00346">
        <ele>156.35</ele>
        <time>2015-07-13T11:34:41Z
       </time>
      </trkpt>
      <trkpt lat="49.02817" lon="2.00344">
        <ele>156.35</ele>
        <time>2015-07-13T11:34:45Z
       </time>
      </trkpt>
      <trkpt lat="49.02819" lon="2.00344">
        <ele>156.35</ele>
        <time>2015-07-13T11:34:46Z
       </time>
      </trkpt>
      <trkpt lat="49.0282" lon="2.00343">
        <ele>156.35</ele>
        <time>2015-07-13T11:34:47Z
       </time>
      </trkpt>
      <trkpt lat="49.02827" lon="2.00341">
        <ele>156.35</ele>
        <time>2015-07-13T11:34:52Z
       </time>
      </trkpt>
      <trkpt lat="49.02828" lon="2.00341">
        <ele>156.35</ele>
        <time>2015-07-13T11:34:53Z
       </time>
      </trkpt>
      <trkpt lat="49.02829" lon="2.0034">
        <ele>156.35</ele>
        <time>2015-07-13T11:34:54Z
       </time>
      </trkpt>
      <trkpt lat="49.02831" lon="2.00339">
        <ele>156.35</ele>
        <time>2015-07-13T11:34:55Z
       </time>
      </trkpt>
      <trkpt lat="49.02832" lon="2.00339">
        <ele>155.87</ele>
        <time>2015-07-13T11:34:56Z
       </time>
      </trkpt>
      <trkpt lat="49.02833" lon="2.00338">
        <ele>155.87</ele>
        <time>2015-07-13T11:34:57Z
       </time>
      </trkpt>
      <trkpt lat="49.02857" lon="2.00329">
        <ele>153.47</ele>
        <time>2015-07-13T11:35:14Z
       </time>
      </trkpt>
      <trkpt lat="49.02859" lon="2.00329">
        <ele>152.99</ele>
        <time>2015-07-13T11:35:27Z
       </time>
      </trkpt>
      <trkpt lat="49.02875" lon="2.00323">
        <ele>151.06</ele>
        <time>2015-07-13T11:35:43Z
       </time>
      </trkpt>
      <trkpt lat="49.0289" lon="2.00317">
        <ele>150.1</ele>
        <time>2015-07-13T11:35:55Z
       </time>
      </trkpt>
      <trkpt lat="49.02916" lon="2.00308">
        <ele>149.14</ele>
        <time>2015-07-13T11:36:13Z
       </time>
      </trkpt>
      <trkpt lat="49.02937" lon="2.00302">
        <ele>147.22</ele>
        <time>2015-07-13T11:36:27Z
       </time>
      </trkpt>
      <trkpt lat="49.02961" lon="2.00294">
        <ele>147.7</ele>
        <time>2015-07-13T11:36:44Z
       </time>
      </trkpt>
      <trkpt lat="49.02967" lon="2.00292">
        <ele>147.22</ele>
        <time>2015-07-13T11:36:59Z
       </time>
      </trkpt>
      <trkpt lat="49.02973" lon="2.00291">
        <ele>147.22</ele>
        <time>2015-07-13T11:37:03Z
       </time>
      </trkpt>
      <trkpt lat="49.02974" lon="2.0029">
        <ele>147.22</ele>
        <time>2015-07-13T11:37:04Z
       </time>
      </trkpt>
      <trkpt lat="49.02975" lon="2.0029">
        <ele>147.22</ele>
        <time>2015-07-13T11:37:05Z
       </time>
      </trkpt>
      <trkpt lat="49.02991" lon="2.00285">
        <ele>146.74</ele>
        <time>2015-07-13T11:37:15Z
       </time>
      </trkpt>
      <trkpt lat="49.02993" lon="2.00284">
        <ele>146.74</ele>
        <time>2015-07-13T11:37:16Z
       </time>
      </trkpt>
      <trkpt lat="49.02994" lon="2.00284">
        <ele>146.74</ele>
        <time>2015-07-13T11:37:17Z
       </time>
      </trkpt>
      <trkpt lat="49.02995" lon="2.00284">
        <ele>147.22</ele>
        <time>2015-07-13T11:37:18Z
       </time>
      </trkpt>
      <trkpt lat="49.02997" lon="2.00283">
        <ele>147.22</ele>
        <time>2015-07-13T11:37:19Z
       </time>
      </trkpt>
      <trkpt lat="49.02998" lon="2.00283">
        <ele>147.22</ele>
        <time>2015-07-13T11:37:20Z
       </time>
      </trkpt>
      <trkpt lat="49.03" lon="2.00282">
        <ele>147.7</ele>
        <time>2015-07-13T11:37:21Z
       </time>
      </trkpt>
      <trkpt lat="49.03001" lon="2.00282">
        <ele>147.7</ele>
        <time>2015-07-13T11:37:22Z
       </time>
      </trkpt>
      <trkpt lat="49.03003" lon="2.00281">
        <ele>148.18</ele>
        <time>2015-07-13T11:37:23Z
       </time>
      </trkpt>
      <trkpt lat="49.03004" lon="2.00281">
        <ele>148.18</ele>
        <time>2015-07-13T11:37:24Z
       </time>
      </trkpt>
      <trkpt lat="49.03026" lon="2.00273">
        <ele>148.18</ele>
        <time>2015-07-13T11:37:40Z
       </time>
      </trkpt>
      <trkpt lat="49.03031" lon="2.00273">
        <ele>148.66</ele>
        <time>2015-07-13T11:37:48Z
       </time>
      </trkpt>
      <trkpt lat="49.03032" lon="2.00273">
        <ele>148.66</ele>
        <time>2015-07-13T11:37:49Z
       </time>
      </trkpt>
      <trkpt lat="49.03033" lon="2.00273">
        <ele>148.66</ele>
        <time>2015-07-13T11:37:50Z
       </time>
      </trkpt>
      <trkpt lat="49.03035" lon="2.00273">
        <ele>148.66</ele>
        <time>2015-07-13T11:37:51Z
       </time>
      </trkpt>
      <trkpt lat="49.03036" lon="2.00272">
        <ele>148.66</ele>
        <time>2015-07-13T11:37:52Z
       </time>
      </trkpt>
      <trkpt lat="49.03038" lon="2.00272">
        <ele>148.66</ele>
        <time>2015-07-13T11:37:53Z
       </time>
      </trkpt>
      <trkpt lat="49.03064" lon="2.00269">
        <ele>150.1</ele>
        <time>2015-07-13T11:38:09Z
       </time>
      </trkpt>
      <trkpt lat="49.03085" lon="2.00265">
        <ele>152.51</ele>
        <time>2015-07-13T11:38:23Z
       </time>
      </trkpt>
      <trkpt lat="49.0311" lon="2.00261">
        <ele>151.06</ele>
        <time>2015-07-13T11:38:40Z
       </time>
      </trkpt>
      <trkpt lat="49.03115" lon="2.00261">
        <ele>150.1</ele>
        <time>2015-07-13T11:38:43Z
       </time>
      </trkpt>
      <trkpt lat="49.03132" lon="2.00258">
        <ele>147.7</ele>
        <time>2015-07-13T11:38:57Z
       </time>
      </trkpt>
      <trkpt lat="49.03132" lon="2.00258">
        <ele>148.18</ele>
        <time>2015-07-13T11:39:02Z
       </time>
      </trkpt>
      <trkpt lat="49.03132" lon="2.00258">
        <ele>148.66</ele>
        <time>2015-07-13T11:39:03Z
       </time>
      </trkpt>
      <trkpt lat="49.03132" lon="2.00246">
        <ele>148.66</ele>
        <time>2015-07-13T11:39:24Z
       </time>
      </trkpt>
      <trkpt lat="49.03132" lon="2.00239">
        <ele>148.66</ele>
        <time>2015-07-13T11:39:28Z
       </time>
      </trkpt>
      <trkpt lat="49.03132" lon="2.00237">
        <ele>149.14</ele>
        <time>2015-07-13T11:39:29Z
       </time>
      </trkpt>
      <trkpt lat="49.03132" lon="2.00235">
        <ele>149.14</ele>
        <time>2015-07-13T11:39:30Z
       </time>
      </trkpt>
      <trkpt lat="49.03132" lon="2.00233">
        <ele>149.14</ele>
        <time>2015-07-13T11:39:31Z
       </time>
      </trkpt>
      <trkpt lat="49.03132" lon="2.00232">
        <ele>149.14</ele>
        <time>2015-07-13T11:39:32Z
       </time>
      </trkpt>
      <trkpt lat="49.03132" lon="2.0023">
        <ele>149.62</ele>
        <time>2015-07-13T11:39:33Z
       </time>
      </trkpt>
      <trkpt lat="49.03132" lon="2.00226">
        <ele>149.62</ele>
        <time>2015-07-13T11:39:35Z
       </time>
      </trkpt>
      <trkpt lat="49.03132" lon="2.00224">
        <ele>150.1</ele>
        <time>2015-07-13T11:39:36Z
       </time>
      </trkpt>
      <trkpt lat="49.03133" lon="2.00222">
        <ele>150.1</ele>
        <time>2015-07-13T11:39:37Z
       </time>
      </trkpt>
      <trkpt lat="49.03133" lon="2.00212">
        <ele>152.99</ele>
        <time>2015-07-13T11:39:43Z
       </time>
      </trkpt>
      <trkpt lat="49.03133" lon="2.00209">
        <ele>153.47</ele>
        <time>2015-07-13T11:39:44Z
       </time>
      </trkpt>
      <trkpt lat="49.03133" lon="2.00207">
        <ele>154.43</ele>
        <time>2015-07-13T11:39:45Z
       </time>
      </trkpt>
      <trkpt lat="49.03133" lon="2.00206">
        <ele>154.91</ele>
        <time>2015-07-13T11:39:46Z
       </time>
      </trkpt>
      <trkpt lat="49.03133" lon="2.00204">
        <ele>155.39</ele>
        <time>2015-07-13T11:39:47Z
       </time>
      </trkpt>
      <trkpt lat="49.03133" lon="2.00202">
        <ele>155.87</ele>
        <time>2015-07-13T11:39:48Z
       </time>
      </trkpt>
      <trkpt lat="49.03133" lon="2.00198">
        <ele>156.83</ele>
        <time>2015-07-13T11:39:50Z
       </time>
      </trkpt>
      <trkpt lat="49.03133" lon="2.00174">
        <ele>161.16</ele>
        <time>2015-07-13T11:40:04Z
       </time>
      </trkpt>
      <trkpt lat="49.03133" lon="2.0017">
        <ele>161.64</ele>
        <time>2015-07-13T11:40:06Z
       </time>
      </trkpt>
      <trkpt lat="49.03134" lon="2.00164">
        <ele>162.12</ele>
        <time>2015-07-13T11:40:09Z
       </time>
      </trkpt>
      <trkpt lat="49.03134" lon="2.00162">
        <ele>162.12</ele>
        <time>2015-07-13T11:40:10Z
       </time>
      </trkpt>
      <trkpt lat="49.03134" lon="2.0016">
        <ele>162.12</ele>
        <time>2015-07-13T11:40:11Z
       </time>
      </trkpt>
      <trkpt lat="49.03134" lon="2.00158">
        <ele>162.12</ele>
        <time>2015-07-13T11:40:12Z
       </time>
      </trkpt>
      <trkpt lat="49.03134" lon="2.00155">
        <ele>162.12</ele>
        <time>2015-07-13T11:40:13Z
       </time>
      </trkpt>
      <trkpt lat="49.03134" lon="2.00148">
        <ele>163.08</ele>
        <time>2015-07-13T11:40:17Z
       </time>
      </trkpt>
      <trkpt lat="49.03134" lon="2.00146">
        <ele>163.56</ele>
        <time>2015-07-13T11:40:18Z
       </time>
      </trkpt>
      <trkpt lat="49.03134" lon="2.00145">
        <ele>164.04</ele>
        <time>2015-07-13T11:40:19Z
       </time>
      </trkpt>
      <trkpt lat="49.03134" lon="2.00142">
        <ele>164.52</ele>
        <time>2015-07-13T11:40:20Z
       </time>
      </trkpt>
      <trkpt lat="49.03134" lon="2.0014">
        <ele>165</ele>
        <time>2015-07-13T11:40:21Z
       </time>
      </trkpt>
      <trkpt lat="49.03134" lon="2.00138">
        <ele>165.48</ele>
        <time>2015-07-13T11:40:22Z
       </time>
      </trkpt>
      <trkpt lat="49.03134" lon="2.00136">
        <ele>165.96</ele>
        <time>2015-07-13T11:40:23Z
       </time>
      </trkpt>
      <trkpt lat="49.03135" lon="2.00128">
        <ele>166.93</ele>
        <time>2015-07-13T11:40:27Z
       </time>
      </trkpt>
      <trkpt lat="49.03135" lon="2.00119">
        <ele>168.37</ele>
        <time>2015-07-13T11:40:32Z
       </time>
      </trkpt>
      <trkpt lat="49.03135" lon="2.00117">
        <ele>168.85</ele>
        <time>2015-07-13T11:40:33Z
       </time>
      </trkpt>
      <trkpt lat="49.03135" lon="2.00114">
        <ele>169.33</ele>
        <time>2015-07-13T11:40:34Z
       </time>
      </trkpt>
      <trkpt lat="49.03135" lon="2.00112">
        <ele>169.81</ele>
        <time>2015-07-13T11:40:35Z
       </time>
      </trkpt>
      <trkpt lat="49.03135" lon="2.0011">
        <ele>170.29</ele>
        <time>2015-07-13T11:40:36Z
       </time>
      </trkpt>
      <trkpt lat="49.03136" lon="2.00108">
        <ele>170.77</ele>
        <time>2015-07-13T11:40:37Z
       </time>
      </trkpt>
      <trkpt lat="49.03136" lon="2.00095">
        <ele>175.1</ele>
        <time>2015-07-13T11:40:45Z
       </time>
      </trkpt>
      <trkpt lat="49.03136" lon="2.00093">
        <ele>175.1</ele>
        <time>2015-07-13T11:40:46Z
       </time>
      </trkpt>
      <trkpt lat="49.03136" lon="2.0009">
        <ele>175.58</ele>
        <time>2015-07-13T11:40:47Z
       </time>
      </trkpt>
      <trkpt lat="49.03137" lon="2.00088">
        <ele>175.58</ele>
        <time>2015-07-13T11:40:48Z
       </time>
      </trkpt>
      <trkpt lat="49.03138" lon="2.00071">
        <ele>177.98</ele>
        <time>2015-07-13T11:40:57Z
       </time>
      </trkpt>
      <trkpt lat="49.03138" lon="2.00068">
        <ele>178.46</ele>
        <time>2015-07-13T11:40:59Z
       </time>
      </trkpt>
      <trkpt lat="49.03138" lon="2.00064">
        <ele>178.46</ele>
        <time>2015-07-13T11:41:01Z
       </time>
      </trkpt>
      <trkpt lat="49.03139" lon="2.0006">
        <ele>177.98</ele>
        <time>2015-07-13T11:41:03Z
       </time>
      </trkpt>
      <trkpt lat="49.03143" lon="2.00047">
        <ele>178.94</ele>
        <time>2015-07-13T11:41:12Z
       </time>
      </trkpt>
      <trkpt lat="49.03144" lon="2.00043">
        <ele>178.94</ele>
        <time>2015-07-13T11:41:14Z
       </time>
      </trkpt>
      <trkpt lat="49.03153" lon="2.0002">
        <ele>177.5</ele>
        <time>2015-07-13T11:41:24Z
       </time>
      </trkpt>
      <trkpt lat="49.03159" lon="2.00012">
        <ele>177.02</ele>
        <time>2015-07-13T11:41:27Z
       </time>
      </trkpt>
      <trkpt lat="49.03189" lon="2.00018">
        <ele>176.06</ele>
        <time>2015-07-13T11:41:40Z
       </time>
      </trkpt>
      <trkpt lat="49.03195" lon="2.0003">
        <ele>174.62</ele>
        <time>2015-07-13T11:41:50Z
       </time>
      </trkpt>
      <trkpt lat="49.03195" lon="2.00031">
        <ele>175.1</ele>
        <time>2015-07-13T11:41:51Z
       </time>
      </trkpt>
      <trkpt lat="49.03199" lon="2.00039">
        <ele>174.62</ele>
        <time>2015-07-13T11:41:56Z
       </time>
      </trkpt>
      <trkpt lat="49.032" lon="2.0004">
        <ele>174.62</ele>
        <time>2015-07-13T11:41:57Z
       </time>
      </trkpt>
      <trkpt lat="49.03201" lon="2.00043">
        <ele>174.62</ele>
        <time>2015-07-13T11:41:58Z
       </time>
      </trkpt>
      <trkpt lat="49.03205" lon="2.00049">
        <ele>177.5</ele>
        <time>2015-07-13T11:42:16Z
       </time>
      </trkpt>
      <trkpt lat="49.0321" lon="2.00057">
        <ele>174.62</ele>
        <time>2015-07-13T11:42:55Z
       </time>
      </trkpt>
      <trkpt lat="49.03211" lon="2.00058">
        <ele>174.62</ele>
        <time>2015-07-13T11:42:56Z
       </time>
      </trkpt>
      <trkpt lat="49.03212" lon="2.0006">
        <ele>174.14</ele>
        <time>2015-07-13T11:42:57Z
       </time>
      </trkpt>
      <trkpt lat="49.03231" lon="2.0006">
        <ele>171.25</ele>
        <time>2015-07-13T11:43:10Z
       </time>
      </trkpt>
      <trkpt lat="49.03235" lon="2.00059">
        <ele>170.77</ele>
        <time>2015-07-13T11:43:13Z
       </time>
      </trkpt>
      <trkpt lat="49.03236" lon="2.00059">
        <ele>170.77</ele>
        <time>2015-07-13T11:43:14Z
       </time>
      </trkpt>
      <trkpt lat="49.0324" lon="2.00058">
        <ele>169.81</ele>
        <time>2015-07-13T11:43:18Z
       </time>
      </trkpt>
      <trkpt lat="49.03242" lon="2.00058">
        <ele>169.81</ele>
        <time>2015-07-13T11:43:20Z
       </time>
      </trkpt>
      <trkpt lat="49.03243" lon="2.00058">
        <ele>170.29</ele>
        <time>2015-07-13T11:43:21Z
       </time>
      </trkpt>
      <trkpt lat="49.03244" lon="2.00058">
        <ele>170.29</ele>
        <time>2015-07-13T11:43:22Z
       </time>
      </trkpt>
      <trkpt lat="49.03246" lon="2.00057">
        <ele>170.29</ele>
        <time>2015-07-13T11:43:23Z
       </time>
      </trkpt>
      <trkpt lat="49.03247" lon="2.00057">
        <ele>170.29</ele>
        <time>2015-07-13T11:43:24Z
       </time>
      </trkpt>
      <trkpt lat="49.03248" lon="2.00057">
        <ele>170.29</ele>
        <time>2015-07-13T11:43:25Z
       </time>
      </trkpt>
      <trkpt lat="49.03249" lon="2.00057">
        <ele>170.29</ele>
        <time>2015-07-13T11:43:26Z
       </time>
      </trkpt>
      <trkpt lat="49.0325" lon="2.00056">
        <ele>170.29</ele>
        <time>2015-07-13T11:43:27Z
       </time>
      </trkpt>
      <trkpt lat="49.03251" lon="2.00056">
        <ele>170.29</ele>
        <time>2015-07-13T11:43:28Z
       </time>
      </trkpt>
      <trkpt lat="49.03252" lon="2.00056">
        <ele>170.77</ele>
        <time>2015-07-13T11:43:29Z
       </time>
      </trkpt>
      <trkpt lat="49.03254" lon="2.00056">
        <ele>170.77</ele>
        <time>2015-07-13T11:43:30Z
       </time>
      </trkpt>
      <trkpt lat="49.03271" lon="2.00054">
        <ele>170.29</ele>
        <time>2015-07-13T11:43:48Z
       </time>
      </trkpt>
      <trkpt lat="49.03294" lon="2.00053">
        <ele>169.81</ele>
        <time>2015-07-13T11:44:04Z
       </time>
      </trkpt>
      <trkpt lat="49.03305" lon="2.00053">
        <ele>168.85</ele>
        <time>2015-07-13T11:44:14Z
       </time>
      </trkpt>
      <trkpt lat="49.03309" lon="2.00052">
        <ele>168.85</ele>
        <time>2015-07-13T11:44:17Z
       </time>
      </trkpt>
      <trkpt lat="49.03322" lon="2.00044">
        <ele>173.66</ele>
        <time>2015-07-13T11:44:29Z
       </time>
      </trkpt>
      <trkpt lat="49.03341" lon="2.00054">
        <ele>178.94</ele>
        <time>2015-07-13T11:44:43Z
       </time>
      </trkpt>
      <trkpt lat="49.03362" lon="2.00054">
        <ele>178.94</ele>
        <time>2015-07-13T11:44:57Z
       </time>
      </trkpt>
      <trkpt lat="49.03364" lon="2.00054">
        <ele>178.94</ele>
        <time>2015-07-13T11:44:58Z
       </time>
      </trkpt>
      <trkpt lat="49.03365" lon="2.00054">
        <ele>178.94</ele>
        <time>2015-07-13T11:44:59Z
       </time>
      </trkpt>
      <trkpt lat="49.03367" lon="2.00054">
        <ele>178.94</ele>
        <time>2015-07-13T11:45:00Z
       </time>
      </trkpt>
      <trkpt lat="49.03368" lon="2.00054">
        <ele>178.94</ele>
        <time>2015-07-13T11:45:01Z
       </time>
      </trkpt>
      <trkpt lat="49.0337" lon="2.00053">
        <ele>178.46</ele>
        <time>2015-07-13T11:45:02Z
       </time>
      </trkpt>
      <trkpt lat="49.03372" lon="2.00053">
        <ele>177.98</ele>
        <time>2015-07-13T11:45:03Z
       </time>
      </trkpt>
      <trkpt lat="49.03373" lon="2.00053">
        <ele>177.98</ele>
        <time>2015-07-13T11:45:04Z
       </time>
      </trkpt>
      <trkpt lat="49.03374" lon="2.00053">
        <ele>177.98</ele>
        <time>2015-07-13T11:45:05Z
       </time>
      </trkpt>
      <trkpt lat="49.03389" lon="2.00053">
        <ele>176.54</ele>
        <time>2015-07-13T11:45:15Z
       </time>
      </trkpt>
      <trkpt lat="49.03409" lon="2.00052">
        <ele>177.02</ele>
        <time>2015-07-13T11:45:28Z
       </time>
      </trkpt>
      <trkpt lat="49.0341" lon="2.00052">
        <ele>177.02</ele>
        <time>2015-07-13T11:45:29Z
       </time>
      </trkpt>
      <trkpt lat="49.03411" lon="2.00052">
        <ele>177.02</ele>
        <time>2015-07-13T11:45:30Z
       </time>
      </trkpt>
      <trkpt lat="49.03413" lon="2.00052">
        <ele>177.5</ele>
        <time>2015-07-13T11:45:31Z
       </time>
      </trkpt>
      <trkpt lat="49.03414" lon="2.00052">
        <ele>177.5</ele>
        <time>2015-07-13T11:45:32Z
       </time>
      </trkpt>
      <trkpt lat="49.03416" lon="2.00052">
        <ele>177.5</ele>
        <time>2015-07-13T11:45:33Z
       </time>
      </trkpt>
      <trkpt lat="49.03419" lon="2.00051">
        <ele>177.5</ele>
        <time>2015-07-13T11:45:35Z
       </time>
      </trkpt>
      <trkpt lat="49.03421" lon="2.00051">
        <ele>177.98</ele>
        <time>2015-07-13T11:45:36Z
       </time>
      </trkpt>
      <trkpt lat="49.03422" lon="2.00051">
        <ele>177.98</ele>
        <time>2015-07-13T11:45:37Z
       </time>
      </trkpt>
      <trkpt lat="49.03439" lon="2.00051">
        <ele>177.98</ele>
        <time>2015-07-13T11:45:49Z
       </time>
      </trkpt>
      <trkpt lat="49.03451" lon="2.0005">
        <ele>176.54</ele>
        <time>2015-07-13T11:45:57Z
       </time>
      </trkpt>
      <trkpt lat="49.03457" lon="2.0005">
        <ele>177.5</ele>
        <time>2015-07-13T11:46:03Z
       </time>
      </trkpt>
      <trkpt lat="49.03459" lon="2.0005">
        <ele>177.5</ele>
        <time>2015-07-13T11:46:04Z
       </time>
      </trkpt>
      <trkpt lat="49.03463" lon="2.0005">
        <ele>177.5</ele>
        <time>2015-07-13T11:46:07Z
       </time>
      </trkpt>
      <trkpt lat="49.03465" lon="2.0005">
        <ele>177.02</ele>
        <time>2015-07-13T11:46:08Z
       </time>
      </trkpt>
      <trkpt lat="49.03469" lon="2.0005">
        <ele>179.42</ele>
        <time>2015-07-13T11:46:21Z
       </time>
      </trkpt>
      <trkpt lat="49.03484" lon="2.00049">
        <ele>185.19</ele>
        <time>2015-07-13T11:47:34Z
       </time>
      </trkpt>
      <trkpt lat="49.0349" lon="2.00049">
        <ele>187.11</ele>
        <time>2015-07-13T11:47:47Z
       </time>
      </trkpt>
      <trkpt lat="49.03507" lon="2.00069">
        <ele>188.56</ele>
        <time>2015-07-13T11:47:51Z
       </time>
      </trkpt>
      <trkpt lat="49.03507" lon="2.00072">
        <ele>188.56</ele>
        <time>2015-07-13T11:47:52Z
       </time>
      </trkpt>
      <trkpt lat="49.03505" lon="2.00091">
        <ele>191.92</ele>
        <time>2015-07-13T11:48:09Z
       </time>
      </trkpt>
      <trkpt lat="49.03505" lon="2.00131">
        <ele>196.73</ele>
        <time>2015-07-13T11:48:24Z
       </time>
      </trkpt>
      <trkpt lat="49.03507" lon="2.00158">
        <ele>200.57</ele>
        <time>2015-07-13T11:48:41Z
       </time>
      </trkpt>
      <trkpt lat="49.03512" lon="2.0017">
        <ele>200.09</ele>
        <time>2015-07-13T11:48:56Z
       </time>
      </trkpt>
      <trkpt lat="49.03519" lon="2.00185">
        <ele>201.53</ele>
        <time>2015-07-13T11:49:15Z
       </time>
      </trkpt>
      <trkpt lat="49.03517" lon="2.0018">
        <ele>201.53</ele>
        <time>2015-07-13T11:49:30Z
       </time>
      </trkpt>
      <trkpt lat="49.03526" lon="2.00204">
        <ele>201.05</ele>
        <time>2015-07-13T11:49:56Z
       </time>
      </trkpt>
      <trkpt lat="49.03542" lon="2.00212">
        <ele>202.01</ele>
        <time>2015-07-13T11:50:07Z
       </time>
      </trkpt>
      <trkpt lat="49.03571" lon="2.0019">
        <ele>207.3</ele>
        <time>2015-07-13T11:50:24Z
       </time>
      </trkpt>
      <trkpt lat="49.036" lon="2.00192">
        <ele>210.19</ele>
        <time>2015-07-13T11:50:39Z
       </time>
      </trkpt>
      <trkpt lat="49.03603" lon="2.00192">
        <ele>210.67</ele>
        <time>2015-07-13T11:50:41Z
       </time>
      </trkpt>
      <trkpt lat="49.03624" lon="2.00193">
        <ele>211.15</ele>
        <time>2015-07-13T11:50:55Z
       </time>
      </trkpt>
      <trkpt lat="49.03634" lon="2.00194">
        <ele>210.19</ele>
        <time>2015-07-13T11:51:08Z
       </time>
      </trkpt>
      <trkpt lat="49.03626" lon="2.00193">
        <ele>207.3</ele>
        <time>2015-07-13T11:51:17Z
       </time>
      </trkpt>
      <trkpt lat="49.03637" lon="2.00172">
        <ele>208.26</ele>
        <time>2015-07-13T11:51:32Z
       </time>
      </trkpt>
      <trkpt lat="49.03641" lon="2.00144">
        <ele>208.26</ele>
        <time>2015-07-13T11:51:33Z
       </time>
      </trkpt>
      <trkpt lat="49.03648" lon="2.00148">
        <ele>211.15</ele>
        <time>2015-07-13T11:51:51Z
       </time>
      </trkpt>
      <trkpt lat="49.03667" lon="2.00159">
        <ele>211.63</ele>
        <time>2015-07-13T11:52:02Z
       </time>
      </trkpt>
      <trkpt lat="49.03691" lon="2.00175">
        <ele>206.34</ele>
        <time>2015-07-13T11:52:20Z
       </time>
      </trkpt>
      <trkpt lat="49.03698" lon="2.00183">
        <ele>203.94</ele>
        <time>2015-07-13T11:52:36Z
       </time>
      </trkpt>
      <trkpt lat="49.03711" lon="2.00198">
        <ele>200.57</ele>
        <time>2015-07-13T11:52:52Z
       </time>
      </trkpt>
      <trkpt lat="49.0373" lon="2.00236">
        <ele>200.09</ele>
        <time>2015-07-13T11:53:14Z
       </time>
      </trkpt>
      <trkpt lat="49.03732" lon="2.00242">
        <ele>199.61</ele>
        <time>2015-07-13T11:53:17Z
       </time>
      </trkpt>
      <trkpt lat="49.03733" lon="2.00244">
        <ele>199.61</ele>
        <time>2015-07-13T11:53:18Z
       </time>
      </trkpt>
      <trkpt lat="49.03743" lon="2.00276">
        <ele>194.8</ele>
        <time>2015-07-13T11:53:35Z
       </time>
      </trkpt>
      <trkpt lat="49.0375" lon="2.00329">
        <ele>190</ele>
        <time>2015-07-13T11:53:51Z
       </time>
      </trkpt>
      <trkpt lat="49.03749" lon="2.00373">
        <ele>187.11</ele>
        <time>2015-07-13T11:54:09Z
       </time>
      </trkpt>
      <trkpt lat="49.03748" lon="2.00384">
        <ele>185.19</ele>
        <time>2015-07-13T11:54:20Z
       </time>
      </trkpt>
      <trkpt lat="49.03748" lon="2.00394">
        <ele>184.23</ele>
        <time>2015-07-13T11:54:24Z
       </time>
      </trkpt>
      <trkpt lat="49.03762" lon="2.00415">
        <ele>183.75</ele>
        <time>2015-07-13T11:54:39Z
       </time>
      </trkpt>
      <trkpt lat="49.0378" lon="2.00436">
        <ele>185.19</ele>
        <time>2015-07-13T11:54:57Z
       </time>
      </trkpt>
      <trkpt lat="49.03799" lon="2.00458">
        <ele>186.15</ele>
        <time>2015-07-13T11:55:16Z
       </time>
      </trkpt>
      <trkpt lat="49.03793" lon="2.00468">
        <ele>186.15</ele>
        <time>2015-07-13T11:55:17Z
       </time>
      </trkpt>
      <trkpt lat="49.03787" lon="2.0051">
        <ele>184.71</ele>
        <time>2015-07-13T11:55:37Z
       </time>
      </trkpt>
      <trkpt lat="49.03786" lon="2.00518">
        <ele>182.79</ele>
        <time>2015-07-13T11:55:44Z
       </time>
      </trkpt>
      <trkpt lat="49.03785" lon="2.00519">
        <ele>182.31</ele>
        <time>2015-07-13T11:55:45Z
       </time>
      </trkpt>
      <trkpt lat="49.03785" lon="2.00522">
        <ele>181.83</ele>
        <time>2015-07-13T11:55:46Z
       </time>
      </trkpt>
      <trkpt lat="49.03785" lon="2.00526">
        <ele>180.87</ele>
        <time>2015-07-13T11:55:48Z
       </time>
      </trkpt>
      <trkpt lat="49.03822" lon="2.00567">
        <ele>170.29</ele>
        <time>2015-07-13T11:56:03Z
       </time>
      </trkpt>
      <trkpt lat="49.03827" lon="2.00602">
        <ele>163.08</ele>
        <time>2015-07-13T11:56:20Z
       </time>
      </trkpt>
      <trkpt lat="49.03829" lon="2.00612">
        <ele>161.16</ele>
        <time>2015-07-13T11:56:25Z
       </time>
      </trkpt>
      <trkpt lat="49.03829" lon="2.00617">
        <ele>160.68</ele>
        <time>2015-07-13T11:56:27Z
       </time>
      </trkpt>
      <trkpt lat="49.0383" lon="2.0062">
        <ele>160.2</ele>
        <time>2015-07-13T11:56:28Z
       </time>
      </trkpt>
      <trkpt lat="49.03835" lon="2.00651">
        <ele>155.39</ele>
        <time>2015-07-13T11:56:42Z
       </time>
      </trkpt>
      <trkpt lat="49.03839" lon="2.0068">
        <ele>150.1</ele>
        <time>2015-07-13T11:56:55Z
       </time>
      </trkpt>
      <trkpt lat="49.03842" lon="2.00689">
        <ele>151.06</ele>
        <time>2015-07-13T11:57:04Z
       </time>
      </trkpt>
      <trkpt lat="49.03844" lon="2.00692">
        <ele>151.54</ele>
        <time>2015-07-13T11:57:06Z
       </time>
      </trkpt>
      <trkpt lat="49.03845" lon="2.00695">
        <ele>151.54</ele>
        <time>2015-07-13T11:57:07Z
       </time>
      </trkpt>
      <trkpt lat="49.03862" lon="2.00732">
        <ele>155.39</ele>
        <time>2015-07-13T11:57:25Z
       </time>
      </trkpt>
      <trkpt lat="49.03881" lon="2.00761">
        <ele>160.2</ele>
        <time>2015-07-13T11:57:46Z
       </time>
      </trkpt>
      <trkpt lat="49.03898" lon="2.0078">
        <ele>163.56</ele>
        <time>2015-07-13T11:58:03Z
       </time>
      </trkpt>
      <trkpt lat="49.03915" lon="2.008">
        <ele>167.41</ele>
        <time>2015-07-13T11:58:20Z
       </time>
      </trkpt>
      <trkpt lat="49.03928" lon="2.00816">
        <ele>163.08</ele>
        <time>2015-07-13T11:58:37Z
       </time>
      </trkpt>
      <trkpt lat="49.03936" lon="2.00805">
        <ele>163.08</ele>
        <time>2015-07-13T11:58:38Z
       </time>
      </trkpt>
      <trkpt lat="49.03959" lon="2.00787">
        <ele>162.6</ele>
        <time>2015-07-13T11:58:57Z
       </time>
      </trkpt>
      <trkpt lat="49.03985" lon="2.00771">
        <ele>161.64</ele>
        <time>2015-07-13T11:59:16Z
       </time>
      </trkpt>
      <trkpt lat="49.03998" lon="2.00759">
        <ele>160.2</ele>
        <time>2015-07-13T11:59:28Z
       </time>
      </trkpt>
      <trkpt lat="49.04019" lon="2.0074">
        <ele>156.35</ele>
        <time>2015-07-13T11:59:43Z
       </time>
      </trkpt>
      <trkpt lat="49.04044" lon="2.00723">
        <ele>154.91</ele>
        <time>2015-07-13T12:00:02Z
       </time>
      </trkpt>
      <trkpt lat="49.04069" lon="2.00709">
        <ele>152.99</ele>
        <time>2015-07-13T12:00:19Z
       </time>
      </trkpt>
      <trkpt lat="49.04094" lon="2.00695">
        <ele>148.18</ele>
        <time>2015-07-13T12:00:35Z
       </time>
      </trkpt>
      <trkpt lat="49.04119" lon="2.00684">
        <ele>143.85</ele>
        <time>2015-07-13T12:00:51Z
       </time>
      </trkpt>
      <trkpt lat="49.04133" lon="2.00676">
        <ele>142.41</ele>
        <time>2015-07-13T12:01:00Z
       </time>
      </trkpt>
      <trkpt lat="49.04134" lon="2.00675">
        <ele>141.93</ele>
        <time>2015-07-13T12:01:01Z
       </time>
      </trkpt>
      <trkpt lat="49.04154" lon="2.00664">
        <ele>140.49</ele>
        <time>2015-07-13T12:01:18Z
       </time>
      </trkpt>
      <trkpt lat="49.04168" lon="2.00634">
        <ele>140.49</ele>
        <time>2015-07-13T12:01:35Z
       </time>
      </trkpt>
      <trkpt lat="49.04175" lon="2.00609">
        <ele>141.93</ele>
        <time>2015-07-13T12:01:49Z
       </time>
      </trkpt>
      <trkpt lat="49.04178" lon="2.00598">
        <ele>148.66</ele>
        <time>2015-07-13T12:02:05Z
       </time>
      </trkpt>
      <trkpt lat="49.04185" lon="2.00568">
        <ele>154.91</ele>
        <time>2015-07-13T12:02:19Z
       </time>
      </trkpt>
      <trkpt lat="49.04192" lon="2.00548">
        <ele>156.83</ele>
        <time>2015-07-13T12:02:28Z
       </time>
      </trkpt>
      <trkpt lat="49.042" lon="2.00533">
        <ele>155.87</ele>
        <time>2015-07-13T12:02:43Z
       </time>
      </trkpt>
      <trkpt lat="49.04226" lon="2.00494">
        <ele>157.79</ele>
        <time>2015-07-13T12:02:57Z
       </time>
      </trkpt>
      <trkpt lat="49.04224" lon="2.00473">
        <ele>157.79</ele>
        <time>2015-07-13T12:03:10Z
       </time>
      </trkpt>
      <trkpt lat="49.04222" lon="2.00468">
        <ele>157.31</ele>
        <time>2015-07-13T12:03:14Z
       </time>
      </trkpt>
      <trkpt lat="49.04222" lon="2.00467">
        <ele>156.83</ele>
        <time>2015-07-13T12:03:15Z
       </time>
      </trkpt>
      <trkpt lat="49.04223" lon="2.00464">
        <ele>156.83</ele>
        <time>2015-07-13T12:03:16Z
       </time>
      </trkpt>
      <trkpt lat="49.04224" lon="2.00462">
        <ele>156.83</ele>
        <time>2015-07-13T12:03:17Z
       </time>
      </trkpt>
      <trkpt lat="49.04225" lon="2.00459">
        <ele>156.35</ele>
        <time>2015-07-13T12:03:18Z
       </time>
      </trkpt>
      <trkpt lat="49.0423" lon="2.00437">
        <ele>156.83</ele>
        <time>2015-07-13T12:03:30Z
       </time>
      </trkpt>
      <trkpt lat="49.04235" lon="2.00422">
        <ele>157.31</ele>
        <time>2015-07-13T12:03:37Z
       </time>
      </trkpt>
      <trkpt lat="49.04245" lon="2.00393">
        <ele>161.64</ele>
        <time>2015-07-13T12:03:52Z
       </time>
      </trkpt>
      <trkpt lat="49.04252" lon="2.00374">
        <ele>164.04</ele>
        <time>2015-07-13T12:04:01Z
       </time>
      </trkpt>
      <trkpt lat="49.04253" lon="2.00371">
        <ele>164.52</ele>
        <time>2015-07-13T12:04:02Z
       </time>
      </trkpt>
      <trkpt lat="49.04262" lon="2.00343">
        <ele>165.48</ele>
        <time>2015-07-13T12:04:15Z
       </time>
      </trkpt>
      <trkpt lat="49.04262" lon="2.00341">
        <ele>165.96</ele>
        <time>2015-07-13T12:04:16Z
       </time>
      </trkpt>
      <trkpt lat="49.04259" lon="2.00355">
        <ele>165</ele>
        <time>2015-07-13T12:04:25Z
       </time>
      </trkpt>
      <trkpt lat="49.04259" lon="2.00356">
        <ele>164.52</ele>
        <time>2015-07-13T12:04:26Z
       </time>
      </trkpt>
      <trkpt lat="49.04268" lon="2.00319">
        <ele>163.56</ele>
        <time>2015-07-13T12:04:35Z
       </time>
      </trkpt>
      <trkpt lat="49.0427" lon="2.00315">
        <ele>163.56</ele>
        <time>2015-07-13T12:04:37Z
       </time>
      </trkpt>
      <trkpt lat="49.043" lon="2.00297">
        <ele>165</ele>
        <time>2015-07-13T12:04:52Z
       </time>
      </trkpt>
      <trkpt lat="49.04306" lon="2.00275">
        <ele>165.48</ele>
        <time>2015-07-13T12:05:01Z
       </time>
      </trkpt>
      <trkpt lat="49.04314" lon="2.00248">
        <ele>158.27</ele>
        <time>2015-07-13T12:05:15Z
       </time>
      </trkpt>
      <trkpt lat="49.04315" lon="2.00242">
        <ele>156.83</ele>
        <time>2015-07-13T12:05:18Z
       </time>
      </trkpt>
      <trkpt lat="49.04322" lon="2.00217">
        <ele>149.62</ele>
        <time>2015-07-13T12:05:28Z
       </time>
      </trkpt>
      <trkpt lat="49.04327" lon="2.00245">
        <ele>148.18</ele>
        <time>2015-07-13T12:05:31Z
       </time>
      </trkpt>
      <trkpt lat="49.04337" lon="2.00251">
        <ele>145.3</ele>
        <time>2015-07-13T12:05:41Z
       </time>
      </trkpt>
      <trkpt lat="49.04366" lon="2.00211">
        <ele>144.34</ele>
        <time>2015-07-13T12:05:55Z
       </time>
      </trkpt>
      <trkpt lat="49.04378" lon="2.00217">
        <ele>144.82</ele>
        <time>2015-07-13T12:06:09Z
       </time>
      </trkpt>
      <trkpt lat="49.04385" lon="2.0022">
        <ele>144.82</ele>
        <time>2015-07-13T12:06:12Z
       </time>
      </trkpt>
      <trkpt lat="49.04392" lon="2.00223">
        <ele>144.82</ele>
        <time>2015-07-13T12:06:20Z
       </time>
      </trkpt>
      <trkpt lat="49.04401" lon="2.00227">
        <ele>145.3</ele>
        <time>2015-07-13T12:06:28Z
       </time>
      </trkpt>
      <trkpt lat="49.04412" lon="2.00231">
        <ele>144.82</ele>
        <time>2015-07-13T12:06:42Z
       </time>
      </trkpt>
      <trkpt lat="49.04426" lon="2.00237">
        <ele>143.85</ele>
        <time>2015-07-13T12:06:54Z
       </time>
      </trkpt>
      <trkpt lat="49.04441" lon="2.00245">
        <ele>142.41</ele>
        <time>2015-07-13T12:07:11Z
       </time>
      </trkpt>
      <trkpt lat="49.04455" lon="2.00252">
        <ele>140.01</ele>
        <time>2015-07-13T12:07:20Z
       </time>
      </trkpt>
      <trkpt lat="49.0446" lon="2.00254">
        <ele>139.53</ele>
        <time>2015-07-13T12:07:23Z
       </time>
      </trkpt>
      <trkpt lat="49.04468" lon="2.00257">
        <ele>140.01</ele>
        <time>2015-07-13T12:07:37Z
       </time>
      </trkpt>
      <trkpt lat="49.0447" lon="2.00258">
        <ele>140.49</ele>
        <time>2015-07-13T12:07:38Z
       </time>
      </trkpt>
      <trkpt lat="49.0448" lon="2.00262">
        <ele>141.45</ele>
        <time>2015-07-13T12:07:49Z
       </time>
      </trkpt>
      <trkpt lat="49.04497" lon="2.00268">
        <ele>140.97</ele>
        <time>2015-07-13T12:08:18Z
       </time>
      </trkpt>
      <trkpt lat="49.045" lon="2.00269">
        <ele>140.97</ele>
        <time>2015-07-13T12:08:19Z
       </time>
      </trkpt>
      <trkpt lat="49.04528" lon="2.00281">
        <ele>141.45</ele>
        <time>2015-07-13T12:08:37Z
       </time>
      </trkpt>
      <trkpt lat="49.04533" lon="2.00284">
        <ele>142.41</ele>
        <time>2015-07-13T12:08:49Z
       </time>
      </trkpt>
      <trkpt lat="49.04545" lon="2.00289">
        <ele>140.97</ele>
        <time>2015-07-13T12:09:44Z
       </time>
      </trkpt>
      <trkpt lat="49.04543" lon="2.00254">
        <ele>138.09</ele>
        <time>2015-07-13T12:10:18Z
       </time>
      </trkpt>
      <trkpt lat="49.04542" lon="2.00256">
        <ele>137.61</ele>
        <time>2015-07-13T12:10:19Z
       </time>
      </trkpt>
      <trkpt lat="49.04539" lon="2.00273">
        <ele>128.95</ele>
        <time>2015-07-13T12:10:30Z
       </time>
      </trkpt>
      <trkpt lat="49.04523" lon="2.00279">
        <ele>125.59</ele>
        <time>2015-07-13T12:10:38Z
       </time>
      </trkpt>
      <trkpt lat="49.04537" lon="2.00291">
        <ele>123.67</ele>
        <time>2015-07-13T12:10:44Z
       </time>
      </trkpt>
      <trkpt lat="49.04536" lon="2.00292">
        <ele>123.19</ele>
        <time>2015-07-13T12:10:45Z
       </time>
      </trkpt>
      <trkpt lat="49.04526" lon="2.00281">
        <ele>121.74</ele>
        <time>2015-07-13T12:10:51Z
       </time>
      </trkpt>
      <trkpt lat="49.04516" lon="2.00276">
        <ele>119.82</ele>
        <time>2015-07-13T12:10:58Z
       </time>
      </trkpt>
      <trkpt lat="49.04512" lon="2.00274">
        <ele>118.38</ele>
        <time>2015-07-13T12:11:00Z
       </time>
      </trkpt>
      <trkpt lat="49.0451" lon="2.00273">
        <ele>117.42</ele>
        <time>2015-07-13T12:11:01Z
       </time>
      </trkpt>
      <trkpt lat="49.04509" lon="2.00273">
        <ele>116.94</ele>
        <time>2015-07-13T12:11:02Z
       </time>
      </trkpt>
      <trkpt lat="49.04507" lon="2.00272">
        <ele>116.46</ele>
        <time>2015-07-13T12:11:03Z
       </time>
      </trkpt>
      <trkpt lat="49.04505" lon="2.00271">
        <ele>115.98</ele>
        <time>2015-07-13T12:11:04Z
       </time>
      </trkpt>
      <trkpt lat="49.045" lon="2.00269">
        <ele>111.17</ele>
        <time>2015-07-13T12:11:15Z
       </time>
      </trkpt>
      <trkpt lat="49.04483" lon="2.00263">
        <ele>109.25</ele>
        <time>2015-07-13T12:11:24Z
       </time>
      </trkpt>
      <trkpt lat="49.04466" lon="2.00257">
        <ele>108.29</ele>
        <time>2015-07-13T12:11:35Z
       </time>
      </trkpt>
      <trkpt lat="49.04449" lon="2.00249">
        <ele>107.32</ele>
        <time>2015-07-13T12:11:49Z
       </time>
      </trkpt>
      <trkpt lat="49.04436" lon="2.00242">
        <ele>106.36</ele>
        <time>2015-07-13T12:11:59Z
       </time>
      </trkpt>
      <trkpt lat="49.0442" lon="2.00235">
        <ele>105.4</ele>
        <time>2015-07-13T12:12:09Z
       </time>
      </trkpt>
      <trkpt lat="49.04414" lon="2.00236">
        <ele>105.4</ele>
        <time>2015-07-13T12:12:10Z
       </time>
      </trkpt>
      <trkpt lat="49.04413" lon="2.00265">
        <ele>106.84</ele>
        <time>2015-07-13T12:12:21Z
       </time>
      </trkpt>
      <trkpt lat="49.04416" lon="2.00289">
        <ele>106.36</ele>
        <time>2015-07-13T12:12:37Z
       </time>
      </trkpt>
      <trkpt lat="49.04416" lon="2.00291">
        <ele>106.84</ele>
        <time>2015-07-13T12:12:38Z
       </time>
      </trkpt>
      <trkpt lat="49.04417" lon="2.00295">
        <ele>106.84</ele>
        <time>2015-07-13T12:12:39Z
       </time>
      </trkpt>
      <trkpt lat="49.0442" lon="2.0032">
        <ele>107.81</ele>
        <time>2015-07-13T12:12:51Z
       </time>
      </trkpt>
      <trkpt lat="49.04424" lon="2.00343">
        <ele>108.77</ele>
        <time>2015-07-13T12:13:02Z
       </time>
      </trkpt>
      <trkpt lat="49.0443" lon="2.00364">
        <ele>111.17</ele>
        <time>2015-07-13T12:13:14Z
       </time>
      </trkpt>
      <trkpt lat="49.0443" lon="2.00367">
        <ele>111.17</ele>
        <time>2015-07-13T12:13:15Z
       </time>
      </trkpt>
      <trkpt lat="49.04436" lon="2.00402">
        <ele>112.13</ele>
        <time>2015-07-13T12:13:29Z
       </time>
      </trkpt>
      <trkpt lat="49.0444" lon="2.00423">
        <ele>113.09</ele>
        <time>2015-07-13T12:13:40Z
       </time>
      </trkpt>
      <trkpt lat="49.04447" lon="2.00444">
        <ele>114.05</ele>
        <time>2015-07-13T12:13:51Z
       </time>
      </trkpt>
      <trkpt lat="49.04448" lon="2.00448">
        <ele>114.53</ele>
        <time>2015-07-13T12:13:53Z
       </time>
      </trkpt>
      <trkpt lat="49.04449" lon="2.0045">
        <ele>114.53</ele>
        <time>2015-07-13T12:13:54Z
       </time>
      </trkpt>
      <trkpt lat="49.04449" lon="2.00452">
        <ele>114.53</ele>
        <time>2015-07-13T12:13:55Z
       </time>
      </trkpt>
      <trkpt lat="49.0445" lon="2.00454">
        <ele>114.53</ele>
        <time>2015-07-13T12:13:56Z
       </time>
      </trkpt>
      <trkpt lat="49.04453" lon="2.00468">
        <ele>115.5</ele>
        <time>2015-07-13T12:14:07Z
       </time>
      </trkpt>
      <trkpt lat="49.04454" lon="2.0047">
        <ele>115.5</ele>
        <time>2015-07-13T12:14:08Z
       </time>
      </trkpt>
      <trkpt lat="49.04454" lon="2.00472">
        <ele>115.5</ele>
        <time>2015-07-13T12:14:09Z
       </time>
      </trkpt>
      <trkpt lat="49.04455" lon="2.00474">
        <ele>115.98</ele>
        <time>2015-07-13T12:14:10Z
       </time>
      </trkpt>
      <trkpt lat="49.04455" lon="2.00476">
        <ele>115.98</ele>
        <time>2015-07-13T12:14:11Z
       </time>
      </trkpt>
      <trkpt lat="49.04456" lon="2.00479">
        <ele>115.98</ele>
        <time>2015-07-13T12:14:12Z
       </time>
      </trkpt>
      <trkpt lat="49.04459" lon="2.00492">
        <ele>117.42</ele>
        <time>2015-07-13T12:14:19Z
       </time>
      </trkpt>
      <trkpt lat="49.04461" lon="2.00499">
        <ele>118.38</ele>
        <time>2015-07-13T12:14:22Z
       </time>
      </trkpt>
      <trkpt lat="49.04461" lon="2.00501">
        <ele>118.86</ele>
        <time>2015-07-13T12:14:23Z
       </time>
      </trkpt>
      <trkpt lat="49.04474" lon="2.00518">
        <ele>121.74</ele>
        <time>2015-07-13T12:14:33Z
       </time>
      </trkpt>
      <trkpt lat="49.04481" lon="2.00532">
        <ele>121.74</ele>
        <time>2015-07-13T12:14:42Z
       </time>
      </trkpt>
      <trkpt lat="49.0448" lon="2.00538">
        <ele>122.22</ele>
        <time>2015-07-13T12:14:52Z
       </time>
      </trkpt>
      <trkpt lat="49.04479" lon="2.00546">
        <ele>122.71</ele>
        <time>2015-07-13T12:14:58Z
       </time>
      </trkpt>
      <trkpt lat="49.0449" lon="2.00567">
        <ele>122.71</ele>
        <time>2015-07-13T12:14:59Z
       </time>
      </trkpt>
      <trkpt lat="49.04497" lon="2.00551">
        <ele>122.22</ele>
        <time>2015-07-13T12:15:17Z
       </time>
      </trkpt>
      <trkpt lat="49.04497" lon="2.00552">
        <ele>121.26</ele>
        <time>2015-07-13T12:15:29Z
       </time>
      </trkpt>
      <trkpt lat="49.04498" lon="2.00533">
        <ele>119.82</ele>
        <time>2015-07-13T12:15:37Z
       </time>
      </trkpt>
      <trkpt lat="49.04502" lon="2.00509">
        <ele>118.38</ele>
        <time>2015-07-13T12:15:47Z
       </time>
      </trkpt>
      <trkpt lat="49.04506" lon="2.00488">
        <ele>116.46</ele>
        <time>2015-07-13T12:15:58Z
       </time>
      </trkpt>
      <trkpt lat="49.04512" lon="2.00458">
        <ele>115.98</ele>
        <time>2015-07-13T12:16:11Z
       </time>
      </trkpt>
      <trkpt lat="49.04517" lon="2.00421">
        <ele>114.05</ele>
        <time>2015-07-13T12:16:28Z
       </time>
      </trkpt>
      <trkpt lat="49.0452" lon="2.00402">
        <ele>110.69</ele>
        <time>2015-07-13T12:16:39Z
       </time>
      </trkpt>
      <trkpt lat="49.04521" lon="2.00395">
        <ele>109.73</ele>
        <time>2015-07-13T12:16:48Z
       </time>
      </trkpt>
      <trkpt lat="49.0453" lon="2.00388">
        <ele>109.73</ele>
        <time>2015-07-13T12:16:51Z
       </time>
      </trkpt>
      <trkpt lat="49.04533" lon="2.00389">
        <ele>109.73</ele>
        <time>2015-07-13T12:16:52Z
       </time>
      </trkpt>
      <trkpt lat="49.04558" lon="2.00401">
        <ele>109.73</ele>
        <time>2015-07-13T12:17:03Z
       </time>
      </trkpt>
      <trkpt lat="49.04559" lon="2.00402">
        <ele>110.21</ele>
        <time>2015-07-13T12:17:04Z
       </time>
      </trkpt>
      <trkpt lat="49.04559" lon="2.00404">
        <ele>110.21</ele>
        <time>2015-07-13T12:17:05Z
       </time>
      </trkpt>
      <trkpt lat="49.0456" lon="2.00405">
        <ele>110.21</ele>
        <time>2015-07-13T12:17:06Z
       </time>
      </trkpt>
      <trkpt lat="49.0456" lon="2.00407">
        <ele>110.21</ele>
        <time>2015-07-13T12:17:07Z
       </time>
      </trkpt>
      <trkpt lat="49.04573" lon="2.00397">
        <ele>113.09</ele>
        <time>2015-07-13T12:17:23Z
       </time>
      </trkpt>
      <trkpt lat="49.04577" lon="2.00393">
        <ele>114.53</ele>
        <time>2015-07-13T12:17:35Z
       </time>
      </trkpt>
      <trkpt lat="49.04592" lon="2.00409">
        <ele>114.53</ele>
        <time>2015-07-13T12:17:37Z
       </time>
      </trkpt>
      <trkpt lat="49.04595" lon="2.00415">
        <ele>115.01</ele>
        <time>2015-07-13T12:17:40Z
       </time>
      </trkpt>
      <trkpt lat="49.04599" lon="2.00424">
        <ele>115.5</ele>
        <time>2015-07-13T12:17:45Z
       </time>
      </trkpt>
      <trkpt lat="49.046" lon="2.00427">
        <ele>115.5</ele>
        <time>2015-07-13T12:17:46Z
       </time>
      </trkpt>
      <trkpt lat="49.04601" lon="2.0043">
        <ele>115.5</ele>
        <time>2015-07-13T12:17:47Z
       </time>
      </trkpt>
      <trkpt lat="49.04603" lon="2.00432">
        <ele>115.5</ele>
        <time>2015-07-13T12:17:48Z
       </time>
      </trkpt>
      <trkpt lat="49.04604" lon="2.00435">
        <ele>115.5</ele>
        <time>2015-07-13T12:17:49Z
       </time>
      </trkpt>
      <trkpt lat="49.04605" lon="2.00437">
        <ele>115.5</ele>
        <time>2015-07-13T12:17:50Z
       </time>
      </trkpt>
      <trkpt lat="49.04612" lon="2.00453">
        <ele>116.46</ele>
        <time>2015-07-13T12:17:57Z
       </time>
      </trkpt>
      <trkpt lat="49.04613" lon="2.00455">
        <ele>116.94</ele>
        <time>2015-07-13T12:17:58Z
       </time>
      </trkpt>
      <trkpt lat="49.04619" lon="2.00468">
        <ele>118.38</ele>
        <time>2015-07-13T12:18:06Z
       </time>
      </trkpt>
      <trkpt lat="49.04624" lon="2.0048">
        <ele>120.3</ele>
        <time>2015-07-13T12:18:21Z
       </time>
      </trkpt>
      <trkpt lat="49.04651" lon="2.00492">
        <ele>119.34</ele>
        <time>2015-07-13T12:18:30Z
       </time>
      </trkpt>
      <trkpt lat="49.04655" lon="2.00499">
        <ele>118.38</ele>
        <time>2015-07-13T12:18:35Z
       </time>
      </trkpt>
      <trkpt lat="49.04665" lon="2.00508">
        <ele>116.46</ele>
        <time>2015-07-13T12:18:43Z
       </time>
      </trkpt>
      <trkpt lat="49.04666" lon="2.00508">
        <ele>116.46</ele>
        <time>2015-07-13T12:18:44Z
       </time>
      </trkpt>
      <trkpt lat="49.04676" lon="2.0051">
        <ele>116.46</ele>
        <time>2015-07-13T12:18:53Z
       </time>
      </trkpt>
      <trkpt lat="49.04679" lon="2.00511">
        <ele>115.98</ele>
        <time>2015-07-13T12:18:54Z
       </time>
      </trkpt>
      <trkpt lat="49.0468" lon="2.00512">
        <ele>115.98</ele>
        <time>2015-07-13T12:18:55Z
       </time>
      </trkpt>
      <trkpt lat="49.04682" lon="2.00513">
        <ele>115.5</ele>
        <time>2015-07-13T12:18:56Z
       </time>
      </trkpt>
      <trkpt lat="49.04684" lon="2.00514">
        <ele>115.01</ele>
        <time>2015-07-13T12:18:57Z
       </time>
      </trkpt>
      <trkpt lat="49.04701" lon="2.00535">
        <ele>112.13</ele>
        <time>2015-07-13T12:19:11Z
       </time>
      </trkpt>
      <trkpt lat="49.04709" lon="2.00569">
        <ele>110.69</ele>
        <time>2015-07-13T12:19:29Z
       </time>
      </trkpt>
      <trkpt lat="49.04705" lon="2.00601">
        <ele>111.65</ele>
        <time>2015-07-13T12:19:44Z
       </time>
      </trkpt>
      <trkpt lat="49.04706" lon="2.00619">
        <ele>111.65</ele>
        <time>2015-07-13T12:19:54Z
       </time>
      </trkpt>
      <trkpt lat="49.04709" lon="2.00629">
        <ele>111.17</ele>
        <time>2015-07-13T12:20:03Z
       </time>
      </trkpt>
      <trkpt lat="49.0471" lon="2.00631">
        <ele>110.69</ele>
        <time>2015-07-13T12:20:04Z
       </time>
      </trkpt>
      <trkpt lat="49.04711" lon="2.00633">
        <ele>110.69</ele>
        <time>2015-07-13T12:20:05Z
       </time>
      </trkpt>
      <trkpt lat="49.04713" lon="2.00639">
        <ele>110.69</ele>
        <time>2015-07-13T12:20:08Z
       </time>
      </trkpt>
      <trkpt lat="49.04714" lon="2.00642">
        <ele>110.69</ele>
        <time>2015-07-13T12:20:09Z
       </time>
      </trkpt>
      <trkpt lat="49.04715" lon="2.00645">
        <ele>110.69</ele>
        <time>2015-07-13T12:20:10Z
       </time>
      </trkpt>
      <trkpt lat="49.04716" lon="2.00649">
        <ele>110.21</ele>
        <time>2015-07-13T12:20:11Z
       </time>
      </trkpt>
      <trkpt lat="49.04717" lon="2.00651">
        <ele>110.21</ele>
        <time>2015-07-13T12:20:12Z
       </time>
      </trkpt>
      <trkpt lat="49.04717" lon="2.00654">
        <ele>109.73</ele>
        <time>2015-07-13T12:20:13Z
       </time>
      </trkpt>
      <trkpt lat="49.04721" lon="2.00666">
        <ele>109.73</ele>
        <time>2015-07-13T12:20:23Z
       </time>
      </trkpt>
      <trkpt lat="49.04722" lon="2.00668">
        <ele>109.73</ele>
        <time>2015-07-13T12:20:24Z
       </time>
      </trkpt>
      <trkpt lat="49.04723" lon="2.0067">
        <ele>109.73</ele>
        <time>2015-07-13T12:20:25Z
       </time>
      </trkpt>
      <trkpt lat="49.04723" lon="2.00673">
        <ele>109.73</ele>
        <time>2015-07-13T12:20:26Z
       </time>
      </trkpt>
      <trkpt lat="49.04724" lon="2.00675">
        <ele>109.73</ele>
        <time>2015-07-13T12:20:27Z
       </time>
      </trkpt>
      <trkpt lat="49.04725" lon="2.00677">
        <ele>109.73</ele>
        <time>2015-07-13T12:20:28Z
       </time>
      </trkpt>
      <trkpt lat="49.04726" lon="2.00682">
        <ele>109.73</ele>
        <time>2015-07-13T12:20:30Z
       </time>
      </trkpt>
      <trkpt lat="49.04727" lon="2.00684">
        <ele>109.73</ele>
        <time>2015-07-13T12:20:31Z
       </time>
      </trkpt>
      <trkpt lat="49.04732" lon="2.00701">
        <ele>107.32</ele>
        <time>2015-07-13T12:20:41Z
       </time>
      </trkpt>
      <trkpt lat="49.04739" lon="2.00721">
        <ele>106.84</ele>
        <time>2015-07-13T12:20:52Z
       </time>
      </trkpt>
      <trkpt lat="49.04741" lon="2.00727">
        <ele>107.81</ele>
        <time>2015-07-13T12:20:56Z
       </time>
      </trkpt>
      <trkpt lat="49.04742" lon="2.0073">
        <ele>107.81</ele>
        <time>2015-07-13T12:20:57Z
       </time>
      </trkpt>
      <trkpt lat="49.04743" lon="2.00733">
        <ele>108.29</ele>
        <time>2015-07-13T12:20:58Z
       </time>
      </trkpt>
      <trkpt lat="49.04743" lon="2.00734">
        <ele>108.29</ele>
        <time>2015-07-13T12:20:59Z
       </time>
      </trkpt>
      <trkpt lat="49.04744" lon="2.00735">
        <ele>108.29</ele>
        <time>2015-07-13T12:21:00Z
       </time>
      </trkpt>
      <trkpt lat="49.04745" lon="2.00735">
        <ele>108.77</ele>
        <time>2015-07-13T12:21:01Z
       </time>
      </trkpt>
      <trkpt lat="49.04745" lon="2.00735">
        <ele>108.77</ele>
        <time>2015-07-13T12:21:02Z
       </time>
      </trkpt>
      <trkpt lat="49.04744" lon="2.00757">
        <ele>109.25</ele>
        <time>2015-07-13T12:21:10Z
       </time>
      </trkpt>
      <trkpt lat="49.04749" lon="2.00768">
        <ele>110.21</ele>
        <time>2015-07-13T12:21:22Z
       </time>
      </trkpt>
      <trkpt lat="49.04754" lon="2.00779">
        <ele>112.13</ele>
        <time>2015-07-13T12:21:34Z
       </time>
      </trkpt>
      <trkpt lat="49.04754" lon="2.00779">
        <ele>112.13</ele>
        <time>2015-07-13T12:21:36Z
       </time>
      </trkpt>
      <trkpt lat="49.04751" lon="2.00793">
        <ele>113.57</ele>
        <time>2015-07-13T12:21:40Z
       </time>
      </trkpt>
      <trkpt lat="49.0475" lon="2.00801">
        <ele>118.38</ele>
        <time>2015-07-13T12:21:51Z
       </time>
      </trkpt>
      <trkpt lat="49.0475" lon="2.00801">
        <ele>120.3</ele>
        <time>2015-07-13T12:21:55Z
       </time>
      </trkpt>
      <trkpt lat="49.0475" lon="2.00801">
        <ele>120.78</ele>
        <time>2015-07-13T12:21:56Z
       </time>
      </trkpt>
      <trkpt lat="49.0475" lon="2.00801">
        <ele>120.78</ele>
        <time>2015-07-13T12:21:57Z
       </time>
      </trkpt>
      <trkpt lat="49.0475" lon="2.00801">
        <ele>121.26</ele>
        <time>2015-07-13T12:21:58Z
       </time>
      </trkpt>
      <trkpt lat="49.0475" lon="2.00801">
        <ele>121.74</ele>
        <time>2015-07-13T12:21:59Z
       </time>
      </trkpt>
      <trkpt lat="49.0475" lon="2.00801">
        <ele>121.74</ele>
        <time>2015-07-13T12:22:00Z
       </time>
      </trkpt>
      <trkpt lat="49.0475" lon="2.00801">
        <ele>122.22</ele>
        <time>2015-07-13T12:22:01Z
       </time>
      </trkpt>
      <trkpt lat="49.0475" lon="2.00801">
        <ele>122.71</ele>
        <time>2015-07-13T12:22:02Z
       </time>
      </trkpt>
      <trkpt lat="49.04764" lon="2.00842">
        <ele>122.71</ele>
        <time>2015-07-13T12:22:03Z
       </time>
      </trkpt>
      <trkpt lat="49.04754" lon="2.00838">
        <ele>123.19</ele>
        <time>2015-07-13T12:22:04Z
       </time>
      </trkpt>
      <trkpt lat="49.04754" lon="2.00838">
        <ele>123.67</ele>
        <time>2015-07-13T12:22:05Z
       </time>
      </trkpt>
      <trkpt lat="49.04763" lon="2.00853">
        <ele>124.15</ele>
        <time>2015-07-13T12:22:08Z
       </time>
      </trkpt>
      <trkpt lat="49.04761" lon="2.00863">
        <ele>122.71</ele>
        <time>2015-07-13T12:22:12Z
       </time>
      </trkpt>
      <trkpt lat="49.04761" lon="2.00865">
        <ele>122.71</ele>
        <time>2015-07-13T12:22:13Z
       </time>
      </trkpt>
      <trkpt lat="49.0476" lon="2.00867">
        <ele>122.71</ele>
        <time>2015-07-13T12:22:14Z
       </time>
      </trkpt>
      <trkpt lat="49.0476" lon="2.0087">
        <ele>122.71</ele>
        <time>2015-07-13T12:22:15Z
       </time>
      </trkpt>
      <trkpt lat="49.04759" lon="2.00872">
        <ele>122.71</ele>
        <time>2015-07-13T12:22:16Z
       </time>
      </trkpt>
      <trkpt lat="49.04759" lon="2.00874">
        <ele>122.71</ele>
        <time>2015-07-13T12:22:17Z
       </time>
      </trkpt>
      <trkpt lat="49.04758" lon="2.00876">
        <ele>122.71</ele>
        <time>2015-07-13T12:22:18Z
       </time>
      </trkpt>
      <trkpt lat="49.04758" lon="2.00878">
        <ele>122.71</ele>
        <time>2015-07-13T12:22:19Z
       </time>
      </trkpt>
      <trkpt lat="49.04755" lon="2.0089">
        <ele>124.15</ele>
        <time>2015-07-13T12:22:28Z
       </time>
      </trkpt>
      <trkpt lat="49.04751" lon="2.00917">
        <ele>127.99</ele>
        <time>2015-07-13T12:22:42Z
       </time>
      </trkpt>
      <trkpt lat="49.04751" lon="2.0092">
        <ele>128.47</ele>
        <time>2015-07-13T12:22:43Z
       </time>
      </trkpt>
      <trkpt lat="49.0475" lon="2.00922">
        <ele>128.95</ele>
        <time>2015-07-13T12:22:44Z
       </time>
      </trkpt>
      <trkpt lat="49.0475" lon="2.00925">
        <ele>128.95</ele>
        <time>2015-07-13T12:22:45Z
       </time>
      </trkpt>
      <trkpt lat="49.0475" lon="2.00927">
        <ele>129.43</ele>
        <time>2015-07-13T12:22:46Z
       </time>
      </trkpt>
      <trkpt lat="49.04748" lon="2.0093">
        <ele>129.43</ele>
        <time>2015-07-13T12:22:47Z
       </time>
      </trkpt>
      <trkpt lat="49.04745" lon="2.00935">
        <ele>129.43</ele>
        <time>2015-07-13T12:22:50Z
       </time>
      </trkpt>
      <trkpt lat="49.04736" lon="2.00951">
        <ele>128.95</ele>
        <time>2015-07-13T12:23:02Z
       </time>
      </trkpt>
      <trkpt lat="49.04721" lon="2.00976">
        <ele>127.99</ele>
        <time>2015-07-13T12:23:21Z
       </time>
      </trkpt>
      <trkpt lat="49.04709" lon="2.00992">
        <ele>127.99</ele>
        <time>2015-07-13T12:23:34Z
       </time>
      </trkpt>
      <trkpt lat="49.04701" lon="2.01003">
        <ele>127.51</ele>
        <time>2015-07-13T12:23:49Z
       </time>
      </trkpt>
      <trkpt lat="49.04698" lon="2.01008">
        <ele>127.03</ele>
        <time>2015-07-13T12:23:51Z
       </time>
      </trkpt>
      <trkpt lat="49.04693" lon="2.01018">
        <ele>127.03</ele>
        <time>2015-07-13T12:23:57Z
       </time>
      </trkpt>
      <trkpt lat="49.04691" lon="2.01021">
        <ele>127.51</ele>
        <time>2015-07-13T12:23:59Z
       </time>
      </trkpt>
      <trkpt lat="49.0469" lon="2.01023">
        <ele>127.03</ele>
        <time>2015-07-13T12:24:00Z
       </time>
      </trkpt>
      <trkpt lat="49.04678" lon="2.01044">
        <ele>125.11</ele>
        <time>2015-07-13T12:24:14Z
       </time>
      </trkpt>
      <trkpt lat="49.0467" lon="2.01058">
        <ele>124.15</ele>
        <time>2015-07-13T12:24:24Z
       </time>
      </trkpt>
      <trkpt lat="49.04664" lon="2.01068">
        <ele>124.15</ele>
        <time>2015-07-13T12:24:35Z
       </time>
      </trkpt>
      <trkpt lat="49.04666" lon="2.01081">
        <ele>124.63</ele>
        <time>2015-07-13T12:24:43Z
       </time>
      </trkpt>
      <trkpt lat="49.04654" lon="2.01085">
        <ele>126.55</ele>
        <time>2015-07-13T12:24:50Z
       </time>
      </trkpt>
      <trkpt lat="49.04653" lon="2.01087">
        <ele>126.55</ele>
        <time>2015-07-13T12:24:51Z
       </time>
      </trkpt>
      <trkpt lat="49.04652" lon="2.01089">
        <ele>127.03</ele>
        <time>2015-07-13T12:24:52Z
       </time>
      </trkpt>
      <trkpt lat="49.04651" lon="2.01091">
        <ele>127.51</ele>
        <time>2015-07-13T12:24:53Z
       </time>
      </trkpt>
      <trkpt lat="49.0465" lon="2.01093">
        <ele>127.99</ele>
        <time>2015-07-13T12:24:54Z
       </time>
      </trkpt>
      <trkpt lat="49.04648" lon="2.01099">
        <ele>127.99</ele>
        <time>2015-07-13T12:24:55Z
       </time>
      </trkpt>
      <trkpt lat="49.04647" lon="2.01101">
        <ele>128.47</ele>
        <time>2015-07-13T12:24:56Z
       </time>
      </trkpt>
      <trkpt lat="49.04647" lon="2.01104">
        <ele>128.95</ele>
        <time>2015-07-13T12:24:57Z
       </time>
      </trkpt>
      <trkpt lat="49.04646" lon="2.01106">
        <ele>128.95</ele>
        <time>2015-07-13T12:24:58Z
       </time>
      </trkpt>
      <trkpt lat="49.04644" lon="2.01115">
        <ele>131.36</ele>
        <time>2015-07-13T12:25:05Z
       </time>
      </trkpt>
      <trkpt lat="49.04643" lon="2.01121">
        <ele>133.28</ele>
        <time>2015-07-13T12:25:09Z
       </time>
      </trkpt>
      <trkpt lat="49.04643" lon="2.01123">
        <ele>133.76</ele>
        <time>2015-07-13T12:25:10Z
       </time>
      </trkpt>
      <trkpt lat="49.04642" lon="2.01125">
        <ele>134.24</ele>
        <time>2015-07-13T12:25:11Z
       </time>
      </trkpt>
      <trkpt lat="49.04642" lon="2.01127">
        <ele>134.72</ele>
        <time>2015-07-13T12:25:12Z
       </time>
      </trkpt>
      <trkpt lat="49.04641" lon="2.01129">
        <ele>135.2</ele>
        <time>2015-07-13T12:25:13Z
       </time>
      </trkpt>
      <trkpt lat="49.04641" lon="2.01132">
        <ele>135.68</ele>
        <time>2015-07-13T12:25:14Z
       </time>
      </trkpt>
      <trkpt lat="49.0464" lon="2.01135">
        <ele>136.16</ele>
        <time>2015-07-13T12:25:15Z
       </time>
      </trkpt>
      <trkpt lat="49.04639" lon="2.01138">
        <ele>136.64</ele>
        <time>2015-07-13T12:25:16Z
       </time>
      </trkpt>
      <trkpt lat="49.04636" lon="2.01155">
        <ele>139.05</ele>
        <time>2015-07-13T12:25:26Z
       </time>
      </trkpt>
      <trkpt lat="49.04632" lon="2.0117">
        <ele>135.2</ele>
        <time>2015-07-13T12:25:36Z
       </time>
      </trkpt>
      <trkpt lat="49.04625" lon="2.01201">
        <ele>123.19</ele>
        <time>2015-07-13T12:26:09Z
       </time>
      </trkpt>
      <trkpt lat="49.04624" lon="2.01208">
        <ele>119.34</ele>
        <time>2015-07-13T12:26:19Z
       </time>
      </trkpt>
      <trkpt lat="49.04623" lon="2.01213">
        <ele>119.34</ele>
        <time>2015-07-13T12:26:22Z
       </time>
      </trkpt>
      <trkpt lat="49.04622" lon="2.01215">
        <ele>119.82</ele>
        <time>2015-07-13T12:26:23Z
       </time>
      </trkpt>
      <trkpt lat="49.04622" lon="2.01217">
        <ele>120.3</ele>
        <time>2015-07-13T12:26:24Z
       </time>
      </trkpt>
      <trkpt lat="49.04621" lon="2.01223">
        <ele>122.22</ele>
        <time>2015-07-13T12:26:28Z
       </time>
      </trkpt>
      <trkpt lat="49.04621" lon="2.01224">
        <ele>123.19</ele>
        <time>2015-07-13T12:26:29Z
       </time>
      </trkpt>
      <trkpt lat="49.04621" lon="2.01224">
        <ele>124.15</ele>
        <time>2015-07-13T12:26:30Z
       </time>
      </trkpt>
      <trkpt lat="49.04621" lon="2.01224">
        <ele>125.11</ele>
        <time>2015-07-13T12:26:31Z
       </time>
      </trkpt>
      <trkpt lat="49.04621" lon="2.01224">
        <ele>127.51</ele>
        <time>2015-07-13T12:26:34Z
       </time>
      </trkpt>
      <trkpt lat="49.04621" lon="2.01224">
        <ele>129.43</ele>
        <time>2015-07-13T12:26:37Z
       </time>
      </trkpt>
      <trkpt lat="49.04621" lon="2.01224">
        <ele>130.88</ele>
        <time>2015-07-13T12:26:45Z
       </time>
      </trkpt>
      <trkpt lat="49.04621" lon="2.01224">
        <ele>131.36</ele>
        <time>2015-07-13T12:27:25Z
       </time>
      </trkpt>
      <trkpt lat="49.0463" lon="2.01262">
        <ele>131.36</ele>
        <time>2015-07-13T12:27:26Z
       </time>
      </trkpt>
      <trkpt lat="49.04634" lon="2.01269">
        <ele>131.36</ele>
        <time>2015-07-13T12:27:35Z
       </time>
      </trkpt>
      <trkpt lat="49.04644" lon="2.01283">
        <ele>127.99</ele>
        <time>2015-07-13T12:27:46Z
       </time>
      </trkpt>
      <trkpt lat="49.04654" lon="2.01297">
        <ele>127.03</ele>
        <time>2015-07-13T12:27:59Z
       </time>
      </trkpt>
      <trkpt lat="49.04656" lon="2.013">
        <ele>127.03</ele>
        <time>2015-07-13T12:28:00Z
       </time>
      </trkpt>
      <trkpt lat="49.04657" lon="2.01302">
        <ele>127.51</ele>
        <time>2015-07-13T12:28:01Z
       </time>
      </trkpt>
      <trkpt lat="49.04659" lon="2.01304">
        <ele>127.51</ele>
        <time>2015-07-13T12:28:02Z
       </time>
      </trkpt>
      <trkpt lat="49.0466" lon="2.01306">
        <ele>127.51</ele>
        <time>2015-07-13T12:28:03Z
       </time>
      </trkpt>
      <trkpt lat="49.04663" lon="2.0131">
        <ele>128.47</ele>
        <time>2015-07-13T12:28:15Z
       </time>
      </trkpt>
      <trkpt lat="49.04677" lon="2.0133">
        <ele>127.99</ele>
        <time>2015-07-13T12:28:28Z
       </time>
      </trkpt>
      <trkpt lat="49.0468" lon="2.01335">
        <ele>127.51</ele>
        <time>2015-07-13T12:28:37Z
       </time>
      </trkpt>
      <trkpt lat="49.04682" lon="2.01338">
        <ele>127.03</ele>
        <time>2015-07-13T12:28:40Z
       </time>
      </trkpt>
      <trkpt lat="49.04688" lon="2.01347">
        <ele>127.03</ele>
        <time>2015-07-13T12:28:46Z
       </time>
      </trkpt>
      <trkpt lat="49.04689" lon="2.01349">
        <ele>127.03</ele>
        <time>2015-07-13T12:28:47Z
       </time>
      </trkpt>
      <trkpt lat="49.0469" lon="2.01351">
        <ele>127.03</ele>
        <time>2015-07-13T12:28:48Z
       </time>
      </trkpt>
      <trkpt lat="49.04691" lon="2.01352">
        <ele>126.55</ele>
        <time>2015-07-13T12:28:49Z
       </time>
      </trkpt>
      <trkpt lat="49.04701" lon="2.01368">
        <ele>119.34</ele>
        <time>2015-07-13T12:29:01Z
       </time>
      </trkpt>
      <trkpt lat="49.04716" lon="2.01391">
        <ele>115.98</ele>
        <time>2015-07-13T12:29:18Z
       </time>
      </trkpt>
      <trkpt lat="49.04717" lon="2.01393">
        <ele>115.98</ele>
        <time>2015-07-13T12:29:19Z
       </time>
      </trkpt>
      <trkpt lat="49.04718" lon="2.01394">
        <ele>115.98</ele>
        <time>2015-07-13T12:29:20Z
       </time>
      </trkpt>
      <trkpt lat="49.04719" lon="2.01396">
        <ele>115.98</ele>
        <time>2015-07-13T12:29:21Z
       </time>
      </trkpt>
      <trkpt lat="49.04721" lon="2.01398">
        <ele>115.98</ele>
        <time>2015-07-13T12:29:22Z
       </time>
      </trkpt>
      <trkpt lat="49.04721" lon="2.01399">
        <ele>115.98</ele>
        <time>2015-07-13T12:29:23Z
       </time>
      </trkpt>
      <trkpt lat="49.04722" lon="2.014">
        <ele>115.98</ele>
        <time>2015-07-13T12:29:24Z
       </time>
      </trkpt>
      <trkpt lat="49.04723" lon="2.01401">
        <ele>116.46</ele>
        <time>2015-07-13T12:29:25Z
       </time>
      </trkpt>
      <trkpt lat="49.04724" lon="2.01402">
        <ele>116.46</ele>
        <time>2015-07-13T12:29:26Z
       </time>
      </trkpt>
      <trkpt lat="49.04724" lon="2.01403">
        <ele>116.46</ele>
        <time>2015-07-13T12:29:27Z
       </time>
      </trkpt>
      <trkpt lat="49.04735" lon="2.01417">
        <ele>118.38</ele>
        <time>2015-07-13T12:29:37Z
       </time>
      </trkpt>
      <trkpt lat="49.04703" lon="2.01436">
        <ele>119.82</ele>
        <time>2015-07-13T12:29:48Z
       </time>
      </trkpt>
      <trkpt lat="49.04701" lon="2.0144">
        <ele>120.3</ele>
        <time>2015-07-13T12:29:50Z
       </time>
      </trkpt>
      <trkpt lat="49.047" lon="2.01442">
        <ele>120.78</ele>
        <time>2015-07-13T12:29:51Z
       </time>
      </trkpt>
      <trkpt lat="49.04698" lon="2.01446">
        <ele>121.26</ele>
        <time>2015-07-13T12:29:53Z
       </time>
      </trkpt>
      <trkpt lat="49.04697" lon="2.01447">
        <ele>121.74</ele>
        <time>2015-07-13T12:29:54Z
       </time>
      </trkpt>
      <trkpt lat="49.04695" lon="2.01451">
        <ele>123.19</ele>
        <time>2015-07-13T12:29:57Z
       </time>
      </trkpt>
      <trkpt lat="49.04694" lon="2.01453">
        <ele>123.19</ele>
        <time>2015-07-13T12:29:58Z
       </time>
      </trkpt>
      <trkpt lat="49.04693" lon="2.01455">
        <ele>123.67</ele>
        <time>2015-07-13T12:29:59Z
       </time>
      </trkpt>
      <trkpt lat="49.04692" lon="2.01457">
        <ele>124.15</ele>
        <time>2015-07-13T12:30:00Z
       </time>
      </trkpt>
      <trkpt lat="49.0469" lon="2.01459">
        <ele>124.63</ele>
        <time>2015-07-13T12:30:01Z
       </time>
      </trkpt>
      <trkpt lat="49.04689" lon="2.01461">
        <ele>125.11</ele>
        <time>2015-07-13T12:30:02Z
       </time>
      </trkpt>
      <trkpt lat="49.04688" lon="2.01463">
        <ele>125.59</ele>
        <time>2015-07-13T12:30:03Z
       </time>
      </trkpt>
      <trkpt lat="49.04687" lon="2.01465">
        <ele>125.59</ele>
        <time>2015-07-13T12:30:04Z
       </time>
      </trkpt>
      <trkpt lat="49.04686" lon="2.01467">
        <ele>126.07</ele>
        <time>2015-07-13T12:30:05Z
       </time>
      </trkpt>
      <trkpt lat="49.04685" lon="2.01469">
        <ele>126.55</ele>
        <time>2015-07-13T12:30:06Z
       </time>
      </trkpt>
      <trkpt lat="49.04684" lon="2.01471">
        <ele>126.55</ele>
        <time>2015-07-13T12:30:07Z
       </time>
      </trkpt>
      <trkpt lat="49.04682" lon="2.01474">
        <ele>127.03</ele>
        <time>2015-07-13T12:30:08Z
       </time>
      </trkpt>
      <trkpt lat="49.04681" lon="2.01476">
        <ele>127.51</ele>
        <time>2015-07-13T12:30:09Z
       </time>
      </trkpt>
      <trkpt lat="49.04667" lon="2.015">
        <ele>129.92</ele>
        <time>2015-07-13T12:30:22Z
       </time>
      </trkpt>
      <trkpt lat="49.04661" lon="2.0151">
        <ele>130.88</ele>
        <time>2015-07-13T12:30:30Z
       </time>
      </trkpt>
      <trkpt lat="49.04656" lon="2.0152">
        <ele>131.36</ele>
        <time>2015-07-13T12:30:38Z
       </time>
      </trkpt>
      <trkpt lat="49.04655" lon="2.01522">
        <ele>131.36</ele>
        <time>2015-07-13T12:30:39Z
       </time>
      </trkpt>
      <trkpt lat="49.04654" lon="2.01523">
        <ele>131.36</ele>
        <time>2015-07-13T12:30:40Z
       </time>
      </trkpt>
      <trkpt lat="49.04652" lon="2.01526">
        <ele>131.36</ele>
        <time>2015-07-13T12:30:41Z
       </time>
      </trkpt>
      <trkpt lat="49.04651" lon="2.01528">
        <ele>131.36</ele>
        <time>2015-07-13T12:30:42Z
       </time>
      </trkpt>
      <trkpt lat="49.0465" lon="2.0153">
        <ele>131.36</ele>
        <time>2015-07-13T12:30:43Z
       </time>
      </trkpt>
      <trkpt lat="49.04649" lon="2.01531">
        <ele>131.36</ele>
        <time>2015-07-13T12:30:44Z
       </time>
      </trkpt>
      <trkpt lat="49.04648" lon="2.01533">
        <ele>131.36</ele>
        <time>2015-07-13T12:30:45Z
       </time>
      </trkpt>
      <trkpt lat="49.04634" lon="2.01557">
        <ele>129.43</ele>
        <time>2015-07-13T12:30:57Z
       </time>
      </trkpt>
      <trkpt lat="49.04629" lon="2.01566">
        <ele>128.47</ele>
        <time>2015-07-13T12:31:06Z
       </time>
      </trkpt>
      <trkpt lat="49.04615" lon="2.01587">
        <ele>129.92</ele>
        <time>2015-07-13T12:31:19Z
       </time>
      </trkpt>
      <trkpt lat="49.04606" lon="2.01601">
        <ele>131.84</ele>
        <time>2015-07-13T12:31:30Z
       </time>
      </trkpt>
      <trkpt lat="49.04596" lon="2.01616">
        <ele>134.72</ele>
        <time>2015-07-13T12:31:38Z
       </time>
      </trkpt>
      <trkpt lat="49.04586" lon="2.01633">
        <ele>139.05</ele>
        <time>2015-07-13T12:31:50Z
       </time>
      </trkpt>
      <trkpt lat="49.0458" lon="2.01641">
        <ele>140.49</ele>
        <time>2015-07-13T12:31:57Z
       </time>
      </trkpt>
      <trkpt lat="49.04579" lon="2.01643">
        <ele>140.97</ele>
        <time>2015-07-13T12:31:58Z
       </time>
      </trkpt>
      <trkpt lat="49.0457" lon="2.01658">
        <ele>141.45</ele>
        <time>2015-07-13T12:32:06Z
       </time>
      </trkpt>
      <trkpt lat="49.04568" lon="2.01662">
        <ele>141.45</ele>
        <time>2015-07-13T12:32:08Z
       </time>
      </trkpt>
      <trkpt lat="49.0456" lon="2.01673">
        <ele>142.41</ele>
        <time>2015-07-13T12:32:17Z
       </time>
      </trkpt>
      <trkpt lat="49.04556" lon="2.0168">
        <ele>142.89</ele>
        <time>2015-07-13T12:32:21Z
       </time>
      </trkpt>
      <trkpt lat="49.04555" lon="2.01682">
        <ele>142.89</ele>
        <time>2015-07-13T12:32:22Z
       </time>
      </trkpt>
      <trkpt lat="49.04549" lon="2.01692">
        <ele>144.34</ele>
        <time>2015-07-13T12:32:28Z
       </time>
      </trkpt>
      <trkpt lat="49.04545" lon="2.01698">
        <ele>144.34</ele>
        <time>2015-07-13T12:32:31Z
       </time>
      </trkpt>
      <trkpt lat="49.04539" lon="2.01706">
        <ele>143.85</ele>
        <time>2015-07-13T12:32:35Z
       </time>
      </trkpt>
      <trkpt lat="49.04535" lon="2.01712">
        <ele>142.89</ele>
        <time>2015-07-13T12:32:41Z
       </time>
      </trkpt>
      <trkpt lat="49.04534" lon="2.01714">
        <ele>142.89</ele>
        <time>2015-07-13T12:32:42Z
       </time>
      </trkpt>
      <trkpt lat="49.04521" lon="2.01732">
        <ele>140.97</ele>
        <time>2015-07-13T12:32:55Z
       </time>
      </trkpt>
      <trkpt lat="49.04517" lon="2.01739">
        <ele>139.53</ele>
        <time>2015-07-13T12:33:01Z
       </time>
      </trkpt>
      <trkpt lat="49.04516" lon="2.01741">
        <ele>139.53</ele>
        <time>2015-07-13T12:33:02Z
       </time>
      </trkpt>
      <trkpt lat="49.04515" lon="2.01743">
        <ele>139.05</ele>
        <time>2015-07-13T12:33:03Z
       </time>
      </trkpt>
      <trkpt lat="49.04513" lon="2.01745">
        <ele>139.05</ele>
        <time>2015-07-13T12:33:04Z
       </time>
      </trkpt>
      <trkpt lat="49.04512" lon="2.01747">
        <ele>139.05</ele>
        <time>2015-07-13T12:33:05Z
       </time>
      </trkpt>
      <trkpt lat="49.04511" lon="2.01749">
        <ele>139.05</ele>
        <time>2015-07-13T12:33:06Z
       </time>
      </trkpt>
      <trkpt lat="49.045" lon="2.01766">
        <ele>136.64</ele>
        <time>2015-07-13T12:33:17Z
       </time>
      </trkpt>
      <trkpt lat="49.04487" lon="2.0179">
        <ele>136.64</ele>
        <time>2015-07-13T12:33:29Z
       </time>
      </trkpt>
      <trkpt lat="49.0448" lon="2.018">
        <ele>135.68</ele>
        <time>2015-07-13T12:33:38Z
       </time>
      </trkpt>
      <trkpt lat="49.04461" lon="2.01829">
        <ele>131.84</ele>
        <time>2015-07-13T12:33:49Z
       </time>
      </trkpt>
      <trkpt lat="49.04457" lon="2.01836">
        <ele>130.88</ele>
        <time>2015-07-13T12:34:07Z
       </time>
      </trkpt>
      <trkpt lat="49.04439" lon="2.01841">
        <ele>125.59</ele>
        <time>2015-07-13T12:34:22Z
       </time>
      </trkpt>
      <trkpt lat="49.04421" lon="2.01845">
        <ele>121.74</ele>
        <time>2015-07-13T12:34:38Z
       </time>
      </trkpt>
      <trkpt lat="49.04408" lon="2.01847">
        <ele>118.38</ele>
        <time>2015-07-13T12:34:49Z
       </time>
      </trkpt>
      <trkpt lat="49.04404" lon="2.01848">
        <ele>116.46</ele>
        <time>2015-07-13T12:35:05Z
       </time>
      </trkpt>
      <trkpt lat="49.04404" lon="2.01848">
        <ele>115.01</ele>
        <time>2015-07-13T12:35:34Z
       </time>
      </trkpt>
      <trkpt lat="49.04395" lon="2.01873">
        <ele>112.13</ele>
        <time>2015-07-13T12:35:40Z
       </time>
      </trkpt>
      <trkpt lat="49.04394" lon="2.01875">
        <ele>111.65</ele>
        <time>2015-07-13T12:35:41Z
       </time>
      </trkpt>
      <trkpt lat="49.04389" lon="2.0189">
        <ele>108.77</ele>
        <time>2015-07-13T12:35:48Z
       </time>
      </trkpt>
      <trkpt lat="49.04385" lon="2.01917">
        <ele>105.88</ele>
        <time>2015-07-13T12:35:56Z
       </time>
      </trkpt>
      <trkpt lat="49.04385" lon="2.01919">
        <ele>105.88</ele>
        <time>2015-07-13T12:35:57Z
       </time>
      </trkpt>
      <trkpt lat="49.04385" lon="2.01921">
        <ele>105.88</ele>
        <time>2015-07-13T12:35:58Z
       </time>
      </trkpt>
      <trkpt lat="49.04385" lon="2.01924">
        <ele>105.88</ele>
        <time>2015-07-13T12:35:59Z
       </time>
      </trkpt>
      <trkpt lat="49.04385" lon="2.01926">
        <ele>105.4</ele>
        <time>2015-07-13T12:36:00Z
       </time>
      </trkpt>
      <trkpt lat="49.04385" lon="2.01927">
        <ele>105.4</ele>
        <time>2015-07-13T12:36:01Z
       </time>
      </trkpt>
      <trkpt lat="49.04378" lon="2.01948">
        <ele>105.88</ele>
        <time>2015-07-13T12:36:12Z
       </time>
      </trkpt>
      <trkpt lat="49.04362" lon="2.01965">
        <ele>110.69</ele>
        <time>2015-07-13T12:36:25Z
       </time>
      </trkpt>
      <trkpt lat="49.0436" lon="2.01966">
        <ele>111.65</ele>
        <time>2015-07-13T12:36:27Z
       </time>
      </trkpt>
      <trkpt lat="49.04341" lon="2.01966">
        <ele>113.57</ele>
        <time>2015-07-13T12:36:40Z
       </time>
      </trkpt>
      <trkpt lat="49.04335" lon="2.01962">
        <ele>113.57</ele>
        <time>2015-07-13T12:36:43Z
       </time>
      </trkpt>
      <trkpt lat="49.04325" lon="2.01969">
        <ele>112.13</ele>
        <time>2015-07-13T12:36:49Z
       </time>
      </trkpt>
      <trkpt lat="49.04314" lon="2.01985">
        <ele>115.98</ele>
        <time>2015-07-13T12:36:59Z
       </time>
      </trkpt>
      <trkpt lat="49.04311" lon="2.01992">
        <ele>119.34</ele>
        <time>2015-07-13T12:37:06Z
       </time>
      </trkpt>
      <trkpt lat="49.0431" lon="2.01994">
        <ele>119.34</ele>
        <time>2015-07-13T12:37:07Z
       </time>
      </trkpt>
      <trkpt lat="49.0431" lon="2.01996">
        <ele>119.34</ele>
        <time>2015-07-13T12:37:08Z
       </time>
      </trkpt>
      <trkpt lat="49.04297" lon="2.02009">
        <ele>118.86</ele>
        <time>2015-07-13T12:37:18Z
       </time>
      </trkpt>
      <trkpt lat="49.04294" lon="2.02008">
        <ele>118.86</ele>
        <time>2015-07-13T12:37:20Z
       </time>
      </trkpt>
      <trkpt lat="49.04293" lon="2.02008">
        <ele>118.86</ele>
        <time>2015-07-13T12:37:21Z
       </time>
      </trkpt>
      <trkpt lat="49.04286" lon="2.02007">
        <ele>118.38</ele>
        <time>2015-07-13T12:37:25Z
       </time>
      </trkpt>
      <trkpt lat="49.04284" lon="2.02007">
        <ele>117.9</ele>
        <time>2015-07-13T12:37:26Z
       </time>
      </trkpt>
      <trkpt lat="49.04276" lon="2.0201">
        <ele>116.94</ele>
        <time>2015-07-13T12:37:34Z
       </time>
      </trkpt>
      <trkpt lat="49.04265" lon="2.02014">
        <ele>116.46</ele>
        <time>2015-07-13T12:37:40Z
       </time>
      </trkpt>
      <trkpt lat="49.04264" lon="2.02015">
        <ele>116.46</ele>
        <time>2015-07-13T12:37:41Z
       </time>
      </trkpt>
      <trkpt lat="49.0426" lon="2.0202">
        <ele>116.46</ele>
        <time>2015-07-13T12:37:50Z
       </time>
      </trkpt>
      <trkpt lat="49.04257" lon="2.02027">
        <ele>115.5</ele>
        <time>2015-07-13T12:37:58Z
       </time>
      </trkpt>
      <trkpt lat="49.04258" lon="2.02043">
        <ele>113.57</ele>
        <time>2015-07-13T12:38:06Z
       </time>
      </trkpt>
      <trkpt lat="49.04248" lon="2.02037">
        <ele>113.09</ele>
        <time>2015-07-13T12:38:09Z
       </time>
      </trkpt>
      <trkpt lat="49.04241" lon="2.02035">
        <ele>111.17</ele>
        <time>2015-07-13T12:38:22Z
       </time>
      </trkpt>
      <trkpt lat="49.0424" lon="2.02041">
        <ele>110.21</ele>
        <time>2015-07-13T12:38:26Z
       </time>
      </trkpt>
      <trkpt lat="49.04241" lon="2.02043">
        <ele>109.73</ele>
        <time>2015-07-13T12:38:27Z
       </time>
      </trkpt>
      <trkpt lat="49.04243" lon="2.0205">
        <ele>108.77</ele>
        <time>2015-07-13T12:38:31Z
       </time>
      </trkpt>
      <trkpt lat="49.04244" lon="2.02051">
        <ele>108.77</ele>
        <time>2015-07-13T12:38:32Z
       </time>
      </trkpt>
      <trkpt lat="49.04245" lon="2.02053">
        <ele>108.77</ele>
        <time>2015-07-13T12:38:33Z
       </time>
      </trkpt>
      <trkpt lat="49.0423" lon="2.02077">
        <ele>108.29</ele>
        <time>2015-07-13T12:38:39Z
       </time>
      </trkpt>
      <trkpt lat="49.0423" lon="2.02079">
        <ele>108.29</ele>
        <time>2015-07-13T12:38:40Z
       </time>
      </trkpt>
      <trkpt lat="49.0423" lon="2.02089">
        <ele>109.25</ele>
        <time>2015-07-13T12:38:46Z
       </time>
      </trkpt>
      <trkpt lat="49.0423" lon="2.02091">
        <ele>109.25</ele>
        <time>2015-07-13T12:38:47Z
       </time>
      </trkpt>
      <trkpt lat="49.0423" lon="2.02094">
        <ele>109.73</ele>
        <time>2015-07-13T12:38:48Z
       </time>
      </trkpt>
      <trkpt lat="49.04226" lon="2.02111">
        <ele>111.65</ele>
        <time>2015-07-13T12:38:56Z
       </time>
      </trkpt>
      <trkpt lat="49.04225" lon="2.02115">
        <ele>111.65</ele>
        <time>2015-07-13T12:38:57Z
       </time>
      </trkpt>
      <trkpt lat="49.04223" lon="2.02117">
        <ele>111.65</ele>
        <time>2015-07-13T12:38:58Z
       </time>
      </trkpt>
      <trkpt lat="49.04222" lon="2.02119">
        <ele>112.13</ele>
        <time>2015-07-13T12:38:59Z
       </time>
      </trkpt>
      <trkpt lat="49.04221" lon="2.02121">
        <ele>111.65</ele>
        <time>2015-07-13T12:39:00Z
       </time>
      </trkpt>
      <trkpt lat="49.0422" lon="2.02124">
        <ele>112.13</ele>
        <time>2015-07-13T12:39:02Z
       </time>
      </trkpt>
      <trkpt lat="49.04218" lon="2.02126">
        <ele>112.13</ele>
        <time>2015-07-13T12:39:03Z
       </time>
      </trkpt>
      <trkpt lat="49.04217" lon="2.02129">
        <ele>112.13</ele>
        <time>2015-07-13T12:39:04Z
       </time>
      </trkpt>
      <trkpt lat="49.04215" lon="2.02133">
        <ele>112.61</ele>
        <time>2015-07-13T12:39:05Z
       </time>
      </trkpt>
      <trkpt lat="49.04215" lon="2.02136">
        <ele>113.09</ele>
        <time>2015-07-13T12:39:06Z
       </time>
      </trkpt>
      <trkpt lat="49.04214" lon="2.02139">
        <ele>113.57</ele>
        <time>2015-07-13T12:39:07Z
       </time>
      </trkpt>
      <trkpt lat="49.04214" lon="2.02141">
        <ele>114.05</ele>
        <time>2015-07-13T12:39:08Z
       </time>
      </trkpt>
      <trkpt lat="49.04211" lon="2.02149">
        <ele>115.01</ele>
        <time>2015-07-13T12:39:13Z
       </time>
      </trkpt>
      <trkpt lat="49.0421" lon="2.02151">
        <ele>115.5</ele>
        <time>2015-07-13T12:39:14Z
       </time>
      </trkpt>
      <trkpt lat="49.0421" lon="2.02153">
        <ele>115.5</ele>
        <time>2015-07-13T12:39:15Z
       </time>
      </trkpt>
      <trkpt lat="49.04207" lon="2.02161">
        <ele>116.94</ele>
        <time>2015-07-13T12:39:19Z
       </time>
      </trkpt>
      <trkpt lat="49.04205" lon="2.02166">
        <ele>117.42</ele>
        <time>2015-07-13T12:39:22Z
       </time>
      </trkpt>
      <trkpt lat="49.04204" lon="2.02169">
        <ele>117.9</ele>
        <time>2015-07-13T12:39:23Z
       </time>
      </trkpt>
      <trkpt lat="49.04203" lon="2.02172">
        <ele>117.9</ele>
        <time>2015-07-13T12:39:24Z
       </time>
      </trkpt>
      <trkpt lat="49.04202" lon="2.02176">
        <ele>118.38</ele>
        <time>2015-07-13T12:39:25Z
       </time>
      </trkpt>
      <trkpt lat="49.04201" lon="2.02178">
        <ele>118.86</ele>
        <time>2015-07-13T12:39:26Z
       </time>
      </trkpt>
      <trkpt lat="49.042" lon="2.02181">
        <ele>118.86</ele>
        <time>2015-07-13T12:39:27Z
       </time>
      </trkpt>
      <trkpt lat="49.04199" lon="2.02185">
        <ele>120.3</ele>
        <time>2015-07-13T12:39:30Z
       </time>
      </trkpt>
      <trkpt lat="49.04198" lon="2.02188">
        <ele>120.78</ele>
        <time>2015-07-13T12:39:31Z
       </time>
      </trkpt>
      <trkpt lat="49.04197" lon="2.02191">
        <ele>121.26</ele>
        <time>2015-07-13T12:39:32Z
       </time>
      </trkpt>
      <trkpt lat="49.04196" lon="2.02193">
        <ele>121.74</ele>
        <time>2015-07-13T12:39:33Z
       </time>
      </trkpt>
      <trkpt lat="49.04195" lon="2.02196">
        <ele>122.22</ele>
        <time>2015-07-13T12:39:34Z
       </time>
      </trkpt>
      <trkpt lat="49.0419" lon="2.02211">
        <ele>126.07</ele>
        <time>2015-07-13T12:39:43Z
       </time>
      </trkpt>
      <trkpt lat="49.04183" lon="2.02232">
        <ele>124.15</ele>
        <time>2015-07-13T12:39:52Z
       </time>
      </trkpt>
      <trkpt lat="49.04175" lon="2.02254">
        <ele>120.3</ele>
        <time>2015-07-13T12:40:01Z
       </time>
      </trkpt>
      <trkpt lat="49.04175" lon="2.02257">
        <ele>120.3</ele>
        <time>2015-07-13T12:40:02Z
       </time>
      </trkpt>
      <trkpt lat="49.04171" lon="2.02267">
        <ele>120.3</ele>
        <time>2015-07-13T12:40:07Z
       </time>
      </trkpt>
      <trkpt lat="49.0417" lon="2.0227">
        <ele>120.3</ele>
        <time>2015-07-13T12:40:08Z
       </time>
      </trkpt>
      <trkpt lat="49.04164" lon="2.02289">
        <ele>119.34</ele>
        <time>2015-07-13T12:40:17Z
       </time>
      </trkpt>
      <trkpt lat="49.04161" lon="2.02298">
        <ele>118.86</ele>
        <time>2015-07-13T12:40:23Z
       </time>
      </trkpt>
      <trkpt lat="49.04159" lon="2.02302">
        <ele>118.38</ele>
        <time>2015-07-13T12:40:27Z
       </time>
      </trkpt>
      <trkpt lat="49.04159" lon="2.02304">
        <ele>118.38</ele>
        <time>2015-07-13T12:40:28Z
       </time>
      </trkpt>
      <trkpt lat="49.04158" lon="2.02306">
        <ele>118.38</ele>
        <time>2015-07-13T12:40:29Z
       </time>
      </trkpt>
      <trkpt lat="49.04153" lon="2.0232">
        <ele>119.82</ele>
        <time>2015-07-13T12:40:37Z
       </time>
      </trkpt>
      <trkpt lat="49.04151" lon="2.02324">
        <ele>121.74</ele>
        <time>2015-07-13T12:40:46Z
       </time>
      </trkpt>
      <trkpt lat="49.04151" lon="2.02324">
        <ele>124.15</ele>
        <time>2015-07-13T12:40:52Z
       </time>
      </trkpt>
      <trkpt lat="49.04126" lon="2.02345">
        <ele>127.99</ele>
        <time>2015-07-13T12:41:00Z
       </time>
      </trkpt>
      <trkpt lat="49.0411" lon="2.0233">
        <ele>130.4</ele>
        <time>2015-07-13T12:41:08Z
       </time>
      </trkpt>
      <trkpt lat="49.04108" lon="2.02331">
        <ele>130.4</ele>
        <time>2015-07-13T12:41:09Z
       </time>
      </trkpt>
      <trkpt lat="49.04111" lon="2.02366">
        <ele>127.99</ele>
        <time>2015-07-13T12:41:16Z
       </time>
      </trkpt>
      <trkpt lat="49.04104" lon="2.02382">
        <ele>123.19</ele>
        <time>2015-07-13T12:41:28Z
       </time>
      </trkpt>
      <trkpt lat="49.041" lon="2.02397">
        <ele>118.86</ele>
        <time>2015-07-13T12:41:36Z
       </time>
      </trkpt>
      <trkpt lat="49.04066" lon="2.02402">
        <ele>116.94</ele>
        <time>2015-07-13T12:41:46Z
       </time>
      </trkpt>
      <trkpt lat="49.04065" lon="2.02405">
        <ele>116.46</ele>
        <time>2015-07-13T12:41:48Z
       </time>
      </trkpt>
      <trkpt lat="49.04057" lon="2.02425">
        <ele>115.01</ele>
        <time>2015-07-13T12:41:52Z
       </time>
      </trkpt>
      <trkpt lat="49.04061" lon="2.02414">
        <ele>114.53</ele>
        <time>2015-07-13T12:41:54Z
       </time>
      </trkpt>
      <trkpt lat="49.0406" lon="2.02417">
        <ele>114.53</ele>
        <time>2015-07-13T12:41:56Z
       </time>
      </trkpt>
      <trkpt lat="49.04059" lon="2.02419">
        <ele>114.53</ele>
        <time>2015-07-13T12:41:57Z
       </time>
      </trkpt>
      <trkpt lat="49.04054" lon="2.02433">
        <ele>111.17</ele>
        <time>2015-07-13T12:42:06Z
       </time>
      </trkpt>
      <trkpt lat="49.04057" lon="2.02425">
        <ele>110.69</ele>
        <time>2015-07-13T12:42:07Z
       </time>
      </trkpt>
      <trkpt lat="49.0405" lon="2.02442">
        <ele>107.81</ele>
        <time>2015-07-13T12:42:15Z
       </time>
      </trkpt>
      <trkpt lat="49.0405" lon="2.02442">
        <ele>106.84</ele>
        <time>2015-07-13T12:42:48Z
       </time>
      </trkpt>
      <trkpt lat="49.0405" lon="2.02442">
        <ele>106.36</ele>
        <time>2015-07-13T12:42:50Z
       </time>
      </trkpt>
      <trkpt lat="49.04042" lon="2.02436">
        <ele>106.36</ele>
        <time>2015-07-13T12:42:51Z
       </time>
      </trkpt>
      <trkpt lat="49.04034" lon="2.02442">
        <ele>103.96</ele>
        <time>2015-07-13T12:42:58Z
       </time>
      </trkpt>
      <trkpt lat="49.04026" lon="2.02446">
        <ele>102.04</ele>
        <time>2015-07-13T12:43:06Z
       </time>
      </trkpt>
      <trkpt lat="49.04019" lon="2.0245">
        <ele>99.15</ele>
        <time>2015-07-13T12:43:14Z
       </time>
      </trkpt>
      <trkpt lat="49.0401" lon="2.02454">
        <ele>94.83</ele>
        <time>2015-07-13T12:43:24Z
       </time>
      </trkpt>
      <trkpt lat="49.04008" lon="2.02454">
        <ele>91.46</ele>
        <time>2015-07-13T12:43:36Z
       </time>
      </trkpt>
      <trkpt lat="49.04012" lon="2.02453">
        <ele>88.58</ele>
        <time>2015-07-13T12:43:44Z
       </time>
      </trkpt>
      <trkpt lat="49.04018" lon="2.0245">
        <ele>83.77</ele>
        <time>2015-07-13T12:43:53Z
       </time>
      </trkpt>
      <trkpt lat="49.04031" lon="2.02443">
        <ele>78.48</ele>
        <time>2015-07-13T12:44:03Z
       </time>
      </trkpt>
      <trkpt lat="49.04037" lon="2.02439">
        <ele>76.08</ele>
        <time>2015-07-13T12:44:08Z
       </time>
      </trkpt>
      <trkpt lat="49.04047" lon="2.02432">
        <ele>75.6</ele>
        <time>2015-07-13T12:44:16Z
       </time>
      </trkpt>
      <trkpt lat="49.04049" lon="2.0243">
        <ele>75.6</ele>
        <time>2015-07-13T12:44:17Z
       </time>
      </trkpt>
      <trkpt lat="49.0405" lon="2.02429">
        <ele>75.6</ele>
        <time>2015-07-13T12:44:18Z
       </time>
      </trkpt>
      <trkpt lat="49.04054" lon="2.02427">
        <ele>75.6</ele>
        <time>2015-07-13T12:44:21Z
       </time>
      </trkpt>
      <trkpt lat="49.04057" lon="2.02425">
        <ele>76.08</ele>
        <time>2015-07-13T12:44:24Z
       </time>
      </trkpt>
      <trkpt lat="49.04057" lon="2.02425">
        <ele>76.08</ele>
        <time>2015-07-13T12:44:25Z
       </time>
      </trkpt>
      <trkpt lat="49.04057" lon="2.02425">
        <ele>76.08</ele>
        <time>2015-07-13T12:44:26Z
       </time>
      </trkpt>
      <trkpt lat="49.04057" lon="2.02425">
        <ele>75.6</ele>
        <time>2015-07-13T12:44:27Z
       </time>
      </trkpt>
      <trkpt lat="49.04057" lon="2.02425">
        <ele>75.6</ele>
        <time>2015-07-13T12:44:28Z
       </time>
      </trkpt>
      <trkpt lat="49.04057" lon="2.02425">
        <ele>75.6</ele>
        <time>2015-07-13T12:44:29Z
       </time>
      </trkpt>
      <trkpt lat="49.04057" lon="2.02425">
        <ele>75.6</ele>
        <time>2015-07-13T12:44:30Z
       </time>
      </trkpt>
      <trkpt lat="49.04057" lon="2.02425">
        <ele>75.12</ele>
        <time>2015-07-13T12:44:31Z
       </time>
      </trkpt>
      <trkpt lat="49.04057" lon="2.02425">
        <ele>75.12</ele>
        <time>2015-07-13T12:44:32Z
       </time>
      </trkpt>
      <trkpt lat="49.04057" lon="2.02425">
        <ele>74.64</ele>
        <time>2015-07-13T12:44:33Z
       </time>
      </trkpt>
      <trkpt lat="49.04057" lon="2.02425">
        <ele>74.64</ele>
        <time>2015-07-13T12:44:34Z
       </time>
      </trkpt>
      <trkpt lat="49.04057" lon="2.02425">
        <ele>74.16</ele>
        <time>2015-07-13T12:44:35Z
       </time>
      </trkpt>
      <trkpt lat="49.0407" lon="2.02394">
        <ele>72.72</ele>
        <time>2015-07-13T12:44:40Z
       </time>
      </trkpt>
      <trkpt lat="49.0407" lon="2.02392">
        <ele>72.72</ele>
        <time>2015-07-13T12:44:41Z
       </time>
      </trkpt>
      <trkpt lat="49.04071" lon="2.0239">
        <ele>72.72</ele>
        <time>2015-07-13T12:44:42Z
       </time>
      </trkpt>
      <trkpt lat="49.04072" lon="2.02389">
        <ele>72.24</ele>
        <time>2015-07-13T12:44:43Z
       </time>
      </trkpt>
      <trkpt lat="49.04072" lon="2.02388">
        <ele>72.24</ele>
        <time>2015-07-13T12:44:44Z
       </time>
      </trkpt>
      <trkpt lat="49.04077" lon="2.02375">
        <ele>73.68</ele>
        <time>2015-07-13T12:44:53Z
       </time>
      </trkpt>
      <trkpt lat="49.04086" lon="2.02357">
        <ele>74.16</ele>
        <time>2015-07-13T12:45:02Z
       </time>
      </trkpt>
      <trkpt lat="49.04088" lon="2.02355">
        <ele>74.16</ele>
        <time>2015-07-13T12:45:04Z
       </time>
      </trkpt>
      <trkpt lat="49.04106" lon="2.02377">
        <ele>74.16</ele>
        <time>2015-07-13T12:45:05Z
       </time>
      </trkpt>
      <trkpt lat="49.04107" lon="2.02375">
        <ele>74.16</ele>
        <time>2015-07-13T12:45:06Z
       </time>
      </trkpt>
      <trkpt lat="49.04119" lon="2.02352">
        <ele>74.16</ele>
        <time>2015-07-13T12:45:19Z
       </time>
      </trkpt>
      <trkpt lat="49.04133" lon="2.02339">
        <ele>75.6</ele>
        <time>2015-07-13T12:45:30Z
       </time>
      </trkpt>
      <trkpt lat="49.04138" lon="2.02335">
        <ele>78.48</ele>
        <time>2015-07-13T12:45:39Z
       </time>
      </trkpt>
      <trkpt lat="49.0414" lon="2.02333">
        <ele>78.97</ele>
        <time>2015-07-13T12:45:41Z
       </time>
      </trkpt>
      <trkpt lat="49.04149" lon="2.02326">
        <ele>81.37</ele>
        <time>2015-07-13T12:45:49Z
       </time>
      </trkpt>
      <trkpt lat="49.04155" lon="2.02326">
        <ele>81.85</ele>
        <time>2015-07-13T12:45:52Z
       </time>
      </trkpt>
      <trkpt lat="49.04162" lon="2.02329">
        <ele>83.77</ele>
        <time>2015-07-13T12:46:01Z
       </time>
      </trkpt>
      <trkpt lat="49.04163" lon="2.0233">
        <ele>84.25</ele>
        <time>2015-07-13T12:46:02Z
       </time>
      </trkpt>
      <trkpt lat="49.04164" lon="2.02331">
        <ele>84.73</ele>
        <time>2015-07-13T12:46:03Z
       </time>
      </trkpt>
      <trkpt lat="49.04165" lon="2.02337">
        <ele>85.21</ele>
        <time>2015-07-13T12:46:04Z
       </time>
      </trkpt>
      <trkpt lat="49.04166" lon="2.02339">
        <ele>85.69</ele>
        <time>2015-07-13T12:46:05Z
       </time>
      </trkpt>
      <trkpt lat="49.04166" lon="2.02342">
        <ele>86.18</ele>
        <time>2015-07-13T12:46:06Z
       </time>
      </trkpt>
      <trkpt lat="49.04167" lon="2.02345">
        <ele>86.66</ele>
        <time>2015-07-13T12:46:07Z
       </time>
      </trkpt>
      <trkpt lat="49.04168" lon="2.02348">
        <ele>87.14</ele>
        <time>2015-07-13T12:46:08Z
       </time>
      </trkpt>
      <trkpt lat="49.04168" lon="2.0235">
        <ele>87.14</ele>
        <time>2015-07-13T12:46:09Z
       </time>
      </trkpt>
      <trkpt lat="49.04169" lon="2.02352">
        <ele>87.62</ele>
        <time>2015-07-13T12:46:10Z
       </time>
      </trkpt>
      <trkpt lat="49.04169" lon="2.02355">
        <ele>88.1</ele>
        <time>2015-07-13T12:46:11Z
       </time>
      </trkpt>
      <trkpt lat="49.0417" lon="2.02358">
        <ele>88.58</ele>
        <time>2015-07-13T12:46:12Z
       </time>
      </trkpt>
      <trkpt lat="49.0417" lon="2.02362">
        <ele>89.54</ele>
        <time>2015-07-13T12:46:13Z
       </time>
      </trkpt>
      <trkpt lat="49.0417" lon="2.02369">
        <ele>92.42</ele>
        <time>2015-07-13T12:46:18Z
       </time>
      </trkpt>
      <trkpt lat="49.0417" lon="2.02371">
        <ele>92.9</ele>
        <time>2015-07-13T12:46:19Z
       </time>
      </trkpt>
      <trkpt lat="49.0417" lon="2.02374">
        <ele>93.39</ele>
        <time>2015-07-13T12:46:20Z
       </time>
      </trkpt>
      <trkpt lat="49.0417" lon="2.02376">
        <ele>93.87</ele>
        <time>2015-07-13T12:46:21Z
       </time>
      </trkpt>
      <trkpt lat="49.0417" lon="2.02379">
        <ele>94.35</ele>
        <time>2015-07-13T12:46:22Z
       </time>
      </trkpt>
      <trkpt lat="49.0417" lon="2.02383">
        <ele>94.83</ele>
        <time>2015-07-13T12:46:23Z
       </time>
      </trkpt>
      <trkpt lat="49.04169" lon="2.02385">
        <ele>95.31</ele>
        <time>2015-07-13T12:46:24Z
       </time>
      </trkpt>
      <trkpt lat="49.04168" lon="2.02387">
        <ele>95.79</ele>
        <time>2015-07-13T12:46:25Z
       </time>
      </trkpt>
      <trkpt lat="49.04167" lon="2.0239">
        <ele>96.27</ele>
        <time>2015-07-13T12:46:27Z
       </time>
      </trkpt>
      <trkpt lat="49.04161" lon="2.02412">
        <ele>100.11</ele>
        <time>2015-07-13T12:46:38Z
       </time>
      </trkpt>
      <trkpt lat="49.0416" lon="2.02415">
        <ele>100.11</ele>
        <time>2015-07-13T12:46:39Z
       </time>
      </trkpt>
      <trkpt lat="49.04159" lon="2.02421">
        <ele>101.08</ele>
        <time>2015-07-13T12:46:42Z
       </time>
      </trkpt>
      <trkpt lat="49.04152" lon="2.0244">
        <ele>104.92</ele>
        <time>2015-07-13T12:46:52Z
       </time>
      </trkpt>
      <trkpt lat="49.04151" lon="2.02442">
        <ele>105.4</ele>
        <time>2015-07-13T12:46:53Z
       </time>
      </trkpt>
      <trkpt lat="49.04147" lon="2.02448">
        <ele>109.25</ele>
        <time>2015-07-13T12:47:00Z
       </time>
      </trkpt>
      <trkpt lat="49.04137" lon="2.02466">
        <ele>114.53</ele>
        <time>2015-07-13T12:47:09Z
       </time>
      </trkpt>
      <trkpt lat="49.04134" lon="2.02471">
        <ele>115.98</ele>
        <time>2015-07-13T12:47:13Z
       </time>
      </trkpt>
      <trkpt lat="49.04132" lon="2.02476">
        <ele>116.94</ele>
        <time>2015-07-13T12:47:16Z
       </time>
      </trkpt>
      <trkpt lat="49.04127" lon="2.02486">
        <ele>117.42</ele>
        <time>2015-07-13T12:47:20Z
       </time>
      </trkpt>
      <trkpt lat="49.04116" lon="2.02506">
        <ele>117.9</ele>
        <time>2015-07-13T12:47:31Z
       </time>
      </trkpt>
      <trkpt lat="49.04113" lon="2.02512">
        <ele>117.9</ele>
        <time>2015-07-13T12:47:34Z
       </time>
      </trkpt>
      <trkpt lat="49.04103" lon="2.02527">
        <ele>112.61</ele>
        <time>2015-07-13T12:47:43Z
       </time>
      </trkpt>
      <trkpt lat="49.04096" lon="2.02537">
        <ele>102.52</ele>
        <time>2015-07-13T12:47:53Z
       </time>
      </trkpt>
      <trkpt lat="49.04083" lon="2.02558">
        <ele>88.1</ele>
        <time>2015-07-13T12:48:08Z
       </time>
      </trkpt>
      <trkpt lat="49.04068" lon="2.02575">
        <ele>78</ele>
        <time>2015-07-13T12:48:21Z
       </time>
      </trkpt>
      <trkpt lat="49.04061" lon="2.0258">
        <ele>71.27</ele>
        <time>2015-07-13T12:48:31Z
       </time>
      </trkpt>
      <trkpt lat="49.04036" lon="2.02591">
        <ele>65.99</ele>
        <time>2015-07-13T12:48:43Z
       </time>
      </trkpt>
      <trkpt lat="49.04023" lon="2.02593">
        <ele>63.1</ele>
        <time>2015-07-13T12:48:51Z
       </time>
      </trkpt>
      <trkpt lat="49.0401" lon="2.02592">
        <ele>59.26</ele>
        <time>2015-07-13T12:49:01Z
       </time>
      </trkpt>
      <trkpt lat="49.03993" lon="2.0259">
        <ele>55.89</ele>
        <time>2015-07-13T12:49:14Z
       </time>
      </trkpt>
      <trkpt lat="49.03972" lon="2.02609">
        <ele>54.93</ele>
        <time>2015-07-13T12:49:27Z
       </time>
      </trkpt>
      <trkpt lat="49.03968" lon="2.02608">
        <ele>55.41</ele>
        <time>2015-07-13T12:49:29Z
       </time>
      </trkpt>
      <trkpt lat="49.03966" lon="2.02607">
        <ele>55.41</ele>
        <time>2015-07-13T12:49:30Z
       </time>
      </trkpt>
      <trkpt lat="49.03964" lon="2.02606">
        <ele>55.89</ele>
        <time>2015-07-13T12:49:31Z
       </time>
      </trkpt>
      <trkpt lat="49.03963" lon="2.02587">
        <ele>56.37</ele>
        <time>2015-07-13T12:49:32Z
       </time>
      </trkpt>
      <trkpt lat="49.03954" lon="2.02586">
        <ele>59.74</ele>
        <time>2015-07-13T12:49:38Z
       </time>
      </trkpt>
      <trkpt lat="49.03952" lon="2.02585">
        <ele>60.22</ele>
        <time>2015-07-13T12:49:39Z
       </time>
      </trkpt>
      <trkpt lat="49.03942" lon="2.02584">
        <ele>63.58</ele>
        <time>2015-07-13T12:49:46Z
       </time>
      </trkpt>
      <trkpt lat="49.03929" lon="2.02578">
        <ele>65.99</ele>
        <time>2015-07-13T12:49:55Z
       </time>
      </trkpt>
      <trkpt lat="49.03912" lon="2.02568">
        <ele>68.39</ele>
        <time>2015-07-13T12:50:05Z
       </time>
      </trkpt>
      <trkpt lat="49.03902" lon="2.02561">
        <ele>68.87</ele>
        <time>2015-07-13T12:50:13Z
       </time>
      </trkpt>
      <trkpt lat="49.03886" lon="2.02554">
        <ele>69.35</ele>
        <time>2015-07-13T12:50:24Z
       </time>
      </trkpt>
      <trkpt lat="49.03883" lon="2.02554">
        <ele>69.35</ele>
        <time>2015-07-13T12:50:25Z
       </time>
      </trkpt>
      <trkpt lat="49.03871" lon="2.02554">
        <ele>67.43</ele>
        <time>2015-07-13T12:50:35Z
       </time>
      </trkpt>
      <trkpt lat="49.0385" lon="2.0256">
        <ele>61.66</ele>
        <time>2015-07-13T12:51:00Z
       </time>
      </trkpt>
      <trkpt lat="49.03839" lon="2.02565">
        <ele>58.78</ele>
        <time>2015-07-13T12:51:08Z
       </time>
      </trkpt>
      <trkpt lat="49.03821" lon="2.02575">
        <ele>56.86</ele>
        <time>2015-07-13T12:51:19Z
       </time>
      </trkpt>
      <trkpt lat="49.03808" lon="2.02583">
        <ele>55.89</ele>
        <time>2015-07-13T12:51:26Z
       </time>
      </trkpt>
      <trkpt lat="49.03807" lon="2.02584">
        <ele>55.41</ele>
        <time>2015-07-13T12:51:27Z
       </time>
      </trkpt>
      <trkpt lat="49.03805" lon="2.02585">
        <ele>55.41</ele>
        <time>2015-07-13T12:51:28Z
       </time>
      </trkpt>
      <trkpt lat="49.03788" lon="2.02595">
        <ele>50.13</ele>
        <time>2015-07-13T12:51:39Z
       </time>
      </trkpt>
      <trkpt lat="49.03778" lon="2.02601">
        <ele>45.32</ele>
        <time>2015-07-13T12:51:46Z
       </time>
      </trkpt>
      <trkpt lat="49.03776" lon="2.02602">
        <ele>44.84</ele>
        <time>2015-07-13T12:51:47Z
       </time>
      </trkpt>
      <trkpt lat="49.03775" lon="2.02603">
        <ele>43.88</ele>
        <time>2015-07-13T12:51:48Z
       </time>
      </trkpt>
      <trkpt lat="49.03772" lon="2.02604">
        <ele>42.92</ele>
        <time>2015-07-13T12:51:50Z
       </time>
      </trkpt>
      <trkpt lat="49.0376" lon="2.02612">
        <ele>38.59</ele>
        <time>2015-07-13T12:52:00Z
       </time>
      </trkpt>
      <trkpt lat="49.03755" lon="2.02615">
        <ele>38.11</ele>
        <time>2015-07-13T12:52:02Z
       </time>
      </trkpt>
      <trkpt lat="49.03754" lon="2.02616">
        <ele>38.11</ele>
        <time>2015-07-13T12:52:03Z
       </time>
      </trkpt>
      <trkpt lat="49.0375" lon="2.02618">
        <ele>37.63</ele>
        <time>2015-07-13T12:52:05Z
       </time>
      </trkpt>
      <trkpt lat="49.03746" lon="2.0262">
        <ele>37.15</ele>
        <time>2015-07-13T12:52:08Z
       </time>
      </trkpt>
      <trkpt lat="49.03744" lon="2.02621">
        <ele>36.67</ele>
        <time>2015-07-13T12:52:10Z
       </time>
      </trkpt>
      <trkpt lat="49.03742" lon="2.02621">
        <ele>36.67</ele>
        <time>2015-07-13T12:52:11Z
       </time>
      </trkpt>
      <trkpt lat="49.03727" lon="2.02626">
        <ele>38.11</ele>
        <time>2015-07-13T12:52:21Z
       </time>
      </trkpt>
      <trkpt lat="49.03725" lon="2.02627">
        <ele>38.59</ele>
        <time>2015-07-13T12:52:22Z
       </time>
      </trkpt>
      <trkpt lat="49.03723" lon="2.02628">
        <ele>38.59</ele>
        <time>2015-07-13T12:52:23Z
       </time>
      </trkpt>
      <trkpt lat="49.03721" lon="2.02629">
        <ele>39.07</ele>
        <time>2015-07-13T12:52:24Z
       </time>
      </trkpt>
      <trkpt lat="49.03716" lon="2.02631">
        <ele>40.03</ele>
        <time>2015-07-13T12:52:27Z
       </time>
      </trkpt>
      <trkpt lat="49.03714" lon="2.02632">
        <ele>40.03</ele>
        <time>2015-07-13T12:52:28Z
       </time>
      </trkpt>
      <trkpt lat="49.03712" lon="2.02633">
        <ele>40.51</ele>
        <time>2015-07-13T12:52:29Z
       </time>
      </trkpt>
      <trkpt lat="49.03709" lon="2.02634">
        <ele>40.99</ele>
        <time>2015-07-13T12:52:30Z
       </time>
      </trkpt>
      <trkpt lat="49.03707" lon="2.02635">
        <ele>40.99</ele>
        <time>2015-07-13T12:52:31Z
       </time>
      </trkpt>
      <trkpt lat="49.03706" lon="2.02635">
        <ele>41.47</ele>
        <time>2015-07-13T12:52:32Z
       </time>
      </trkpt>
      <trkpt lat="49.03704" lon="2.02636">
        <ele>41.47</ele>
        <time>2015-07-13T12:52:33Z
       </time>
      </trkpt>
      <trkpt lat="49.03696" lon="2.0264">
        <ele>42.92</ele>
        <time>2015-07-13T12:52:38Z
       </time>
      </trkpt>
      <trkpt lat="49.03693" lon="2.02643">
        <ele>42.92</ele>
        <time>2015-07-13T12:52:40Z
       </time>
      </trkpt>
      <trkpt lat="49.03692" lon="2.02644">
        <ele>42.44</ele>
        <time>2015-07-13T12:52:41Z
       </time>
      </trkpt>
      <trkpt lat="49.0369" lon="2.02646">
        <ele>42.44</ele>
        <time>2015-07-13T12:52:42Z
       </time>
      </trkpt>
      <trkpt lat="49.03688" lon="2.02648">
        <ele>42.44</ele>
        <time>2015-07-13T12:52:43Z
       </time>
      </trkpt>
      <trkpt lat="49.03677" lon="2.0266">
        <ele>42.44</ele>
        <time>2015-07-13T12:52:52Z
       </time>
      </trkpt>
      <trkpt lat="49.03665" lon="2.02675">
        <ele>43.4</ele>
        <time>2015-07-13T12:53:00Z
       </time>
      </trkpt>
      <trkpt lat="49.03664" lon="2.02677">
        <ele>43.88</ele>
        <time>2015-07-13T12:53:01Z
       </time>
      </trkpt>
      <trkpt lat="49.03651" lon="2.02693">
        <ele>47.72</ele>
        <time>2015-07-13T12:53:11Z
       </time>
      </trkpt>
      <trkpt lat="49.03647" lon="2.02699">
        <ele>48.2</ele>
        <time>2015-07-13T12:53:13Z
       </time>
      </trkpt>
      <trkpt lat="49.03646" lon="2.027">
        <ele>48.2</ele>
        <time>2015-07-13T12:53:14Z
       </time>
      </trkpt>
      <trkpt lat="49.03644" lon="2.02703">
        <ele>48.2</ele>
        <time>2015-07-13T12:53:16Z
       </time>
      </trkpt>
      <trkpt lat="49.03642" lon="2.02705">
        <ele>48.2</ele>
        <time>2015-07-13T12:53:17Z
       </time>
      </trkpt>
      <trkpt lat="49.03629" lon="2.02722">
        <ele>48.68</ele>
        <time>2015-07-13T12:53:28Z
       </time>
      </trkpt>
      <trkpt lat="49.03628" lon="2.02724">
        <ele>48.68</ele>
        <time>2015-07-13T12:53:29Z
       </time>
      </trkpt>
      <trkpt lat="49.03626" lon="2.02726">
        <ele>48.68</ele>
        <time>2015-07-13T12:53:30Z
       </time>
      </trkpt>
      <trkpt lat="49.03625" lon="2.02727">
        <ele>49.16</ele>
        <time>2015-07-13T12:53:31Z
       </time>
      </trkpt>
      <trkpt lat="49.03622" lon="2.02731">
        <ele>49.65</ele>
        <time>2015-07-13T12:53:34Z
       </time>
      </trkpt>
      <trkpt lat="49.03621" lon="2.02732">
        <ele>49.65</ele>
        <time>2015-07-13T12:53:35Z
       </time>
      </trkpt>
      <trkpt lat="49.0362" lon="2.02734">
        <ele>49.65</ele>
        <time>2015-07-13T12:53:36Z
       </time>
      </trkpt>
      <trkpt lat="49.03618" lon="2.02736">
        <ele>49.65</ele>
        <time>2015-07-13T12:53:37Z
       </time>
      </trkpt>
      <trkpt lat="49.03617" lon="2.02737">
        <ele>50.13</ele>
        <time>2015-07-13T12:53:38Z
       </time>
      </trkpt>
      <trkpt lat="49.03616" lon="2.02739">
        <ele>50.13</ele>
        <time>2015-07-13T12:53:39Z
       </time>
      </trkpt>
      <trkpt lat="49.03615" lon="2.0274">
        <ele>50.13</ele>
        <time>2015-07-13T12:53:40Z
       </time>
      </trkpt>
      <trkpt lat="49.03613" lon="2.02742">
        <ele>50.13</ele>
        <time>2015-07-13T12:53:41Z
       </time>
      </trkpt>
      <trkpt lat="49.03605" lon="2.02755">
        <ele>50.13</ele>
        <time>2015-07-13T12:53:50Z
       </time>
      </trkpt>
      <trkpt lat="49.03596" lon="2.02779">
        <ele>52.53</ele>
        <time>2015-07-13T12:54:01Z
       </time>
      </trkpt>
      <trkpt lat="49.03594" lon="2.02786">
        <ele>53.97</ele>
        <time>2015-07-13T12:54:04Z
       </time>
      </trkpt>
      <trkpt lat="49.03593" lon="2.02788">
        <ele>54.45</ele>
        <time>2015-07-13T12:54:05Z
       </time>
      </trkpt>
      <trkpt lat="49.03592" lon="2.02791">
        <ele>55.41</ele>
        <time>2015-07-13T12:54:06Z
       </time>
      </trkpt>
      <trkpt lat="49.03592" lon="2.02793">
        <ele>55.89</ele>
        <time>2015-07-13T12:54:07Z
       </time>
      </trkpt>
      <trkpt lat="49.03591" lon="2.02795">
        <ele>56.37</ele>
        <time>2015-07-13T12:54:08Z
       </time>
      </trkpt>
      <trkpt lat="49.03588" lon="2.02813">
        <ele>59.26</ele>
        <time>2015-07-13T12:54:16Z
       </time>
      </trkpt>
      <trkpt lat="49.03588" lon="2.02815">
        <ele>59.74</ele>
        <time>2015-07-13T12:54:17Z
       </time>
      </trkpt>
      <trkpt lat="49.03587" lon="2.0282">
        <ele>59.74</ele>
        <time>2015-07-13T12:54:20Z
       </time>
      </trkpt>
      <trkpt lat="49.03587" lon="2.02822">
        <ele>59.26</ele>
        <time>2015-07-13T12:54:21Z
       </time>
      </trkpt>
      <trkpt lat="49.03587" lon="2.02825">
        <ele>59.26</ele>
        <time>2015-07-13T12:54:22Z
       </time>
      </trkpt>
      <trkpt lat="49.03587" lon="2.02836">
        <ele>57.82</ele>
        <time>2015-07-13T12:54:29Z
       </time>
      </trkpt>
      <trkpt lat="49.03587" lon="2.02834">
        <ele>57.34</ele>
        <time>2015-07-13T12:54:30Z
       </time>
      </trkpt>
      <trkpt lat="49.03587" lon="2.02827">
        <ele>57.34</ele>
        <time>2015-07-13T12:54:36Z
       </time>
      </trkpt>
      <trkpt lat="49.03582" lon="2.02824">
        <ele>56.37</ele>
        <time>2015-07-13T12:54:39Z
       </time>
      </trkpt>
      <trkpt lat="49.0358" lon="2.02825">
        <ele>55.89</ele>
        <time>2015-07-13T12:54:40Z
       </time>
      </trkpt>
      <trkpt lat="49.03579" lon="2.02826">
        <ele>55.89</ele>
        <time>2015-07-13T12:54:41Z
       </time>
      </trkpt>
      <trkpt lat="49.03577" lon="2.02826">
        <ele>55.89</ele>
        <time>2015-07-13T12:54:42Z
       </time>
      </trkpt>
      <trkpt lat="49.03574" lon="2.02827">
        <ele>55.41</ele>
        <time>2015-07-13T12:54:43Z
       </time>
      </trkpt>
      <trkpt lat="49.03572" lon="2.02828">
        <ele>55.41</ele>
        <time>2015-07-13T12:54:44Z
       </time>
      </trkpt>
      <trkpt lat="49.0357" lon="2.02829">
        <ele>54.93</ele>
        <time>2015-07-13T12:54:45Z
       </time>
      </trkpt>
      <trkpt lat="49.03568" lon="2.0283">
        <ele>54.45</ele>
        <time>2015-07-13T12:54:46Z
       </time>
      </trkpt>
      <trkpt lat="49.03567" lon="2.0283">
        <ele>54.45</ele>
        <time>2015-07-13T12:54:47Z
       </time>
      </trkpt>
      <trkpt lat="49.03565" lon="2.02831">
        <ele>53.97</ele>
        <time>2015-07-13T12:54:48Z
       </time>
      </trkpt>
      <trkpt lat="49.03563" lon="2.02832">
        <ele>53.49</ele>
        <time>2015-07-13T12:54:51Z
       </time>
      </trkpt>
      <trkpt lat="49.03561" lon="2.02833">
        <ele>53.49</ele>
        <time>2015-07-13T12:54:53Z
       </time>
      </trkpt>
      <trkpt lat="49.0356" lon="2.02833">
        <ele>53.01</ele>
        <time>2015-07-13T12:54:54Z
       </time>
      </trkpt>
      <trkpt lat="49.03559" lon="2.02834">
        <ele>53.01</ele>
        <time>2015-07-13T12:54:55Z
       </time>
      </trkpt>
      <trkpt lat="49.03557" lon="2.02834">
        <ele>53.01</ele>
        <time>2015-07-13T12:54:56Z
       </time>
      </trkpt>
      <trkpt lat="49.03556" lon="2.02835">
        <ele>52.53</ele>
        <time>2015-07-13T12:54:57Z
       </time>
      </trkpt>
      <trkpt lat="49.03555" lon="2.02835">
        <ele>52.53</ele>
        <time>2015-07-13T12:54:58Z
       </time>
      </trkpt>
      <trkpt lat="49.03537" lon="2.02843">
        <ele>54.93</ele>
        <time>2015-07-13T12:55:10Z
       </time>
      </trkpt>
      <trkpt lat="49.03527" lon="2.02847">
        <ele>57.82</ele>
        <time>2015-07-13T12:55:19Z
       </time>
      </trkpt>
      <trkpt lat="49.03525" lon="2.02849">
        <ele>58.3</ele>
        <time>2015-07-13T12:55:20Z
       </time>
      </trkpt>
      <trkpt lat="49.03525" lon="2.02851">
        <ele>58.78</ele>
        <time>2015-07-13T12:55:21Z
       </time>
      </trkpt>
      <trkpt lat="49.03525" lon="2.02854">
        <ele>58.78</ele>
        <time>2015-07-13T12:55:22Z
       </time>
      </trkpt>
      <trkpt lat="49.03525" lon="2.02858">
        <ele>59.26</ele>
        <time>2015-07-13T12:55:23Z
       </time>
      </trkpt>
      <trkpt lat="49.03525" lon="2.02861">
        <ele>59.26</ele>
        <time>2015-07-13T12:55:24Z
       </time>
      </trkpt>
      <trkpt lat="49.03525" lon="2.02864">
        <ele>59.26</ele>
        <time>2015-07-13T12:55:25Z
       </time>
      </trkpt>
      <trkpt lat="49.03525" lon="2.02866">
        <ele>59.26</ele>
        <time>2015-07-13T12:55:26Z
       </time>
      </trkpt>
      <trkpt lat="49.03525" lon="2.02869">
        <ele>59.26</ele>
        <time>2015-07-13T12:55:27Z
       </time>
      </trkpt>
      <trkpt lat="49.03525" lon="2.02882">
        <ele>58.3</ele>
        <time>2015-07-13T12:55:33Z
       </time>
      </trkpt>
      <trkpt lat="49.03525" lon="2.02884">
        <ele>58.3</ele>
        <time>2015-07-13T12:55:34Z
       </time>
      </trkpt>
      <trkpt lat="49.03524" lon="2.02893">
        <ele>57.34</ele>
        <time>2015-07-13T12:55:41Z
       </time>
      </trkpt>
      <trkpt lat="49.03523" lon="2.02926">
        <ele>56.37</ele>
        <time>2015-07-13T12:55:52Z
       </time>
      </trkpt>
      <trkpt lat="49.03522" lon="2.02938">
        <ele>55.89</ele>
        <time>2015-07-13T12:56:01Z
       </time>
      </trkpt>
      <trkpt lat="49.03518" lon="2.02951">
        <ele>57.82</ele>
        <time>2015-07-13T12:56:11Z
       </time>
      </trkpt>
      <trkpt lat="49.03516" lon="2.02955">
        <ele>59.26</ele>
        <time>2015-07-13T12:56:15Z
       </time>
      </trkpt>
      <trkpt lat="49.03514" lon="2.02972">
        <ele>62.62</ele>
        <time>2015-07-13T12:56:27Z
       </time>
      </trkpt>
      <trkpt lat="49.03514" lon="2.0298">
        <ele>63.58</ele>
        <time>2015-07-13T12:56:30Z
       </time>
      </trkpt>
      <trkpt lat="49.03513" lon="2.02984">
        <ele>63.58</ele>
        <time>2015-07-13T12:56:31Z
       </time>
      </trkpt>
      <trkpt lat="49.03512" lon="2.03009">
        <ele>70.31</ele>
        <time>2015-07-13T12:56:42Z
       </time>
      </trkpt>
      <trkpt lat="49.03511" lon="2.03031">
        <ele>77.52</ele>
        <time>2015-07-13T12:56:53Z
       </time>
      </trkpt>
      <trkpt lat="49.03511" lon="2.03029">
        <ele>77.52</ele>
        <time>2015-07-13T12:56:57Z
       </time>
      </trkpt>
      <trkpt lat="49.03511" lon="2.03029">
        <ele>77.52</ele>
        <time>2015-07-13T12:56:58Z
       </time>
      </trkpt>
      <trkpt lat="49.03511" lon="2.03028">
        <ele>77.52</ele>
        <time>2015-07-13T12:56:59Z
       </time>
      </trkpt>
      <trkpt lat="49.03511" lon="2.03026">
        <ele>77.52</ele>
        <time>2015-07-13T12:57:19Z
       </time>
      </trkpt>
      <trkpt lat="49.03511" lon="2.03024">
        <ele>76.08</ele>
        <time>2015-07-13T12:57:31Z
       </time>
      </trkpt>
      <trkpt lat="49.03512" lon="2.0302">
        <ele>75.12</ele>
        <time>2015-07-13T12:57:35Z
       </time>
      </trkpt>
      <trkpt lat="49.03512" lon="2.0302">
        <ele>75.12</ele>
        <time>2015-07-13T12:57:36Z
       </time>
      </trkpt>
      <trkpt lat="49.03512" lon="2.03014">
        <ele>76.08</ele>
        <time>2015-07-13T12:57:45Z
       </time>
      </trkpt>
      <trkpt lat="49.03513" lon="2.03003">
        <ele>76.56</ele>
        <time>2015-07-13T12:57:55Z
       </time>
      </trkpt>
      <trkpt lat="49.03513" lon="2.02993">
        <ele>79.93</ele>
        <time>2015-07-13T12:58:04Z
       </time>
      </trkpt>
      <trkpt lat="49.03522" lon="2.02972">
        <ele>87.14</ele>
        <time>2015-07-13T12:58:18Z
       </time>
      </trkpt>
      <trkpt lat="49.03533" lon="2.02967">
        <ele>90.98</ele>
        <time>2015-07-13T12:58:28Z
       </time>
      </trkpt>
      <trkpt lat="49.0355" lon="2.02962">
        <ele>93.39</ele>
        <time>2015-07-13T12:58:38Z
       </time>
      </trkpt>
      <trkpt lat="49.03574" lon="2.02962">
        <ele>92.9</ele>
        <time>2015-07-13T12:58:50Z
       </time>
      </trkpt>
      <trkpt lat="49.03585" lon="2.02963">
        <ele>91.94</ele>
        <time>2015-07-13T12:58:58Z
       </time>
      </trkpt>
      <trkpt lat="49.03602" lon="2.02969">
        <ele>91.46</ele>
        <time>2015-07-13T12:59:08Z
       </time>
      </trkpt>
      <trkpt lat="49.03621" lon="2.02982">
        <ele>91.94</ele>
        <time>2015-07-13T12:59:20Z
       </time>
      </trkpt>
      <trkpt lat="49.03634" lon="2.02995">
        <ele>91.46</ele>
        <time>2015-07-13T12:59:29Z
       </time>
      </trkpt>
      <trkpt lat="49.03643" lon="2.03005">
        <ele>90.5</ele>
        <time>2015-07-13T12:59:38Z
       </time>
      </trkpt>
      <trkpt lat="49.03647" lon="2.03012">
        <ele>90.5</ele>
        <time>2015-07-13T12:59:42Z
       </time>
      </trkpt>
      <trkpt lat="49.0365" lon="2.03018">
        <ele>90.02</ele>
        <time>2015-07-13T12:59:52Z
       </time>
      </trkpt>
      <trkpt lat="49.0366" lon="2.03038">
        <ele>88.58</ele>
        <time>2015-07-13T13:00:47Z
       </time>
      </trkpt>
      <trkpt lat="49.03666" lon="2.0305">
        <ele>86.18</ele>
        <time>2015-07-13T13:00:55Z
       </time>
      </trkpt>
      <trkpt lat="49.03672" lon="2.03066">
        <ele>83.77</ele>
        <time>2015-07-13T13:01:05Z
       </time>
      </trkpt>
      <trkpt lat="49.03676" lon="2.03087">
        <ele>84.25</ele>
        <time>2015-07-13T13:01:14Z
       </time>
      </trkpt>
      <trkpt lat="49.0368" lon="2.0311">
        <ele>86.66</ele>
        <time>2015-07-13T13:01:27Z
       </time>
      </trkpt>
      <trkpt lat="49.03683" lon="2.03129">
        <ele>89.54</ele>
        <time>2015-07-13T13:01:37Z
       </time>
      </trkpt>
      <trkpt lat="49.03684" lon="2.03138">
        <ele>91.46</ele>
        <time>2015-07-13T13:01:42Z
       </time>
      </trkpt>
      <trkpt lat="49.03685" lon="2.03143">
        <ele>92.42</ele>
        <time>2015-07-13T13:01:44Z
       </time>
      </trkpt>
      <trkpt lat="49.03687" lon="2.03154">
        <ele>94.83</ele>
        <time>2015-07-13T13:01:49Z
       </time>
      </trkpt>
      <trkpt lat="49.03687" lon="2.03156">
        <ele>95.79</ele>
        <time>2015-07-13T13:01:51Z
       </time>
      </trkpt>
      <trkpt lat="49.03682" lon="2.03174">
        <ele>101.08</ele>
        <time>2015-07-13T13:02:02Z
       </time>
      </trkpt>
      <trkpt lat="49.03682" lon="2.03191">
        <ele>103.96</ele>
        <time>2015-07-13T13:02:10Z
       </time>
      </trkpt>
      <trkpt lat="49.03683" lon="2.03207">
        <ele>106.36</ele>
        <time>2015-07-13T13:02:18Z
       </time>
      </trkpt>
      <trkpt lat="49.03695" lon="2.03225">
        <ele>108.77</ele>
        <time>2015-07-13T13:02:26Z
       </time>
      </trkpt>
      <trkpt lat="49.03695" lon="2.03228">
        <ele>108.77</ele>
        <time>2015-07-13T13:02:27Z
       </time>
      </trkpt>
      <trkpt lat="49.03697" lon="2.03242">
        <ele>110.69</ele>
        <time>2015-07-13T13:02:33Z
       </time>
      </trkpt>
      <trkpt lat="49.037" lon="2.03258">
        <ele>109.25</ele>
        <time>2015-07-13T13:02:39Z
       </time>
      </trkpt>
      <trkpt lat="49.03704" lon="2.03276">
        <ele>107.81</ele>
        <time>2015-07-13T13:02:48Z
       </time>
      </trkpt>
      <trkpt lat="49.03709" lon="2.03293">
        <ele>110.21</ele>
        <time>2015-07-13T13:02:58Z
       </time>
      </trkpt>
      <trkpt lat="49.03715" lon="2.03311">
        <ele>109.73</ele>
        <time>2015-07-13T13:03:06Z
       </time>
      </trkpt>
      <trkpt lat="49.03721" lon="2.03329">
        <ele>107.81</ele>
        <time>2015-07-13T13:03:17Z
       </time>
      </trkpt>
      <trkpt lat="49.03732" lon="2.03355">
        <ele>105.88</ele>
        <time>2015-07-13T13:03:28Z
       </time>
      </trkpt>
      <trkpt lat="49.03734" lon="2.03357">
        <ele>105.88</ele>
        <time>2015-07-13T13:03:29Z
       </time>
      </trkpt>
      <trkpt lat="49.03744" lon="2.03378">
        <ele>105.4</ele>
        <time>2015-07-13T13:03:39Z
       </time>
      </trkpt>
      <trkpt lat="49.03757" lon="2.03395">
        <ele>105.88</ele>
        <time>2015-07-13T13:03:49Z
       </time>
      </trkpt>
      <trkpt lat="49.0377" lon="2.03411">
        <ele>106.84</ele>
        <time>2015-07-13T13:03:59Z
       </time>
      </trkpt>
      <trkpt lat="49.03786" lon="2.03426">
        <ele>106.84</ele>
        <time>2015-07-13T13:04:11Z
       </time>
      </trkpt>
      <trkpt lat="49.03798" lon="2.03436">
        <ele>107.32</ele>
        <time>2015-07-13T13:04:20Z
       </time>
      </trkpt>
      <trkpt lat="49.03811" lon="2.03446">
        <ele>105.4</ele>
        <time>2015-07-13T13:04:30Z
       </time>
      </trkpt>
      <trkpt lat="49.03824" lon="2.03457">
        <ele>102.52</ele>
        <time>2015-07-13T13:04:40Z
       </time>
      </trkpt>
      <trkpt lat="49.03836" lon="2.03466">
        <ele>99.63</ele>
        <time>2015-07-13T13:04:49Z
       </time>
      </trkpt>
      <trkpt lat="49.03842" lon="2.03472">
        <ele>98.19</ele>
        <time>2015-07-13T13:04:57Z
       </time>
      </trkpt>
      <trkpt lat="49.0386" lon="2.03487">
        <ele>101.08</ele>
        <time>2015-07-13T13:05:09Z
       </time>
      </trkpt>
      <trkpt lat="49.03874" lon="2.03499">
        <ele>103</ele>
        <time>2015-07-13T13:05:21Z
       </time>
      </trkpt>
      <trkpt lat="49.03886" lon="2.0351">
        <ele>103.96</ele>
        <time>2015-07-13T13:05:31Z
       </time>
      </trkpt>
      <trkpt lat="49.03899" lon="2.03522">
        <ele>105.88</ele>
        <time>2015-07-13T13:05:43Z
       </time>
      </trkpt>
      <trkpt lat="49.0391" lon="2.03532">
        <ele>107.81</ele>
        <time>2015-07-13T13:05:52Z
       </time>
      </trkpt>
      <trkpt lat="49.03926" lon="2.03548">
        <ele>110.21</ele>
        <time>2015-07-13T13:06:04Z
       </time>
      </trkpt>
      <trkpt lat="49.03937" lon="2.03559">
        <ele>109.73</ele>
        <time>2015-07-13T13:06:14Z
       </time>
      </trkpt>
      <trkpt lat="49.03944" lon="2.03566">
        <ele>110.21</ele>
        <time>2015-07-13T13:06:19Z
       </time>
      </trkpt>
      <trkpt lat="49.03949" lon="2.0357">
        <ele>110.21</ele>
        <time>2015-07-13T13:06:24Z
       </time>
      </trkpt>
      <trkpt lat="49.0396" lon="2.03582">
        <ele>108.77</ele>
        <time>2015-07-13T13:06:35Z
       </time>
      </trkpt>
      <trkpt lat="49.03969" lon="2.03591">
        <ele>111.65</ele>
        <time>2015-07-13T13:06:43Z
       </time>
      </trkpt>
      <trkpt lat="49.03976" lon="2.03598">
        <ele>113.09</ele>
        <time>2015-07-13T13:06:48Z
       </time>
      </trkpt>
      <trkpt lat="49.03977" lon="2.03599">
        <ele>113.09</ele>
        <time>2015-07-13T13:06:49Z
       </time>
      </trkpt>
      <trkpt lat="49.03978" lon="2.03601">
        <ele>113.57</ele>
        <time>2015-07-13T13:06:50Z
       </time>
      </trkpt>
      <trkpt lat="49.03986" lon="2.0361">
        <ele>115.5</ele>
        <time>2015-07-13T13:07:01Z
       </time>
      </trkpt>
      <trkpt lat="49.03998" lon="2.03624">
        <ele>118.38</ele>
        <time>2015-07-13T13:07:10Z
       </time>
      </trkpt>
      <trkpt lat="49.04003" lon="2.0363">
        <ele>119.82</ele>
        <time>2015-07-13T13:07:14Z
       </time>
      </trkpt>
      <trkpt lat="49.04008" lon="2.03635">
        <ele>120.78</ele>
        <time>2015-07-13T13:07:18Z
       </time>
      </trkpt>
      <trkpt lat="49.04009" lon="2.03637">
        <ele>120.78</ele>
        <time>2015-07-13T13:07:19Z
       </time>
      </trkpt>
      <trkpt lat="49.04018" lon="2.03647">
        <ele>123.67</ele>
        <time>2015-07-13T13:07:27Z
       </time>
      </trkpt>
      <trkpt lat="49.04022" lon="2.03652">
        <ele>124.15</ele>
        <time>2015-07-13T13:07:30Z
       </time>
      </trkpt>
      <trkpt lat="49.04029" lon="2.0366">
        <ele>127.03</ele>
        <time>2015-07-13T13:07:35Z
       </time>
      </trkpt>
      <trkpt lat="49.0403" lon="2.03661">
        <ele>127.03</ele>
        <time>2015-07-13T13:07:36Z
       </time>
      </trkpt>
      <trkpt lat="49.04041" lon="2.03676">
        <ele>129.43</ele>
        <time>2015-07-13T13:07:46Z
       </time>
      </trkpt>
      <trkpt lat="49.04049" lon="2.03686">
        <ele>129.43</ele>
        <time>2015-07-13T13:07:56Z
       </time>
      </trkpt>
      <trkpt lat="49.04058" lon="2.03698">
        <ele>129.43</ele>
        <time>2015-07-13T13:08:07Z
       </time>
      </trkpt>
      <trkpt lat="49.04072" lon="2.03717">
        <ele>131.36</ele>
        <time>2015-07-13T13:08:20Z
       </time>
      </trkpt>
      <trkpt lat="49.04073" lon="2.03719">
        <ele>131.36</ele>
        <time>2015-07-13T13:08:21Z
       </time>
      </trkpt>
      <trkpt lat="49.04075" lon="2.03721">
        <ele>131.36</ele>
        <time>2015-07-13T13:08:22Z
       </time>
      </trkpt>
      <trkpt lat="49.04083" lon="2.03731">
        <ele>132.32</ele>
        <time>2015-07-13T13:08:29Z
       </time>
      </trkpt>
      <trkpt lat="49.04085" lon="2.03732">
        <ele>132.32</ele>
        <time>2015-07-13T13:08:30Z
       </time>
      </trkpt>
      <trkpt lat="49.04086" lon="2.03734">
        <ele>132.32</ele>
        <time>2015-07-13T13:08:31Z
       </time>
      </trkpt>
      <trkpt lat="49.04091" lon="2.03741">
        <ele>131.36</ele>
        <time>2015-07-13T13:08:36Z
       </time>
      </trkpt>
      <trkpt lat="49.04094" lon="2.03745">
        <ele>130.88</ele>
        <time>2015-07-13T13:08:38Z
       </time>
      </trkpt>
      <trkpt lat="49.04103" lon="2.03759">
        <ele>131.36</ele>
        <time>2015-07-13T13:08:48Z
       </time>
      </trkpt>
      <trkpt lat="49.04118" lon="2.03782">
        <ele>132.32</ele>
        <time>2015-07-13T13:09:00Z
       </time>
      </trkpt>
      <trkpt lat="49.04128" lon="2.03797">
        <ele>129.92</ele>
        <time>2015-07-13T13:09:12Z
       </time>
      </trkpt>
      <trkpt lat="49.04137" lon="2.03812">
        <ele>127.99</ele>
        <time>2015-07-13T13:09:20Z
       </time>
      </trkpt>
      <trkpt lat="49.04142" lon="2.03822">
        <ele>126.07</ele>
        <time>2015-07-13T13:09:35Z
       </time>
      </trkpt>
      <trkpt lat="49.04151" lon="2.03837">
        <ele>123.19</ele>
        <time>2015-07-13T13:09:53Z
       </time>
      </trkpt>
      <trkpt lat="49.04162" lon="2.03836">
        <ele>124.15</ele>
        <time>2015-07-13T13:10:02Z
       </time>
      </trkpt>
      <trkpt lat="49.04175" lon="2.03835">
        <ele>123.19</ele>
        <time>2015-07-13T13:10:15Z
       </time>
      </trkpt>
      <trkpt lat="49.04179" lon="2.03832">
        <ele>127.51</ele>
        <time>2015-07-13T13:10:27Z
       </time>
      </trkpt>
      <trkpt lat="49.04198" lon="2.03807">
        <ele>129.92</ele>
        <time>2015-07-13T13:10:40Z
       </time>
      </trkpt>
      <trkpt lat="49.04198" lon="2.03807">
        <ele>128.47</ele>
        <time>2015-07-13T13:10:55Z
       </time>
      </trkpt>
      <trkpt lat="49.04201" lon="2.03804">
        <ele>122.71</ele>
        <time>2015-07-13T13:11:06Z
       </time>
      </trkpt>
      <trkpt lat="49.04206" lon="2.03798">
        <ele>117.42</ele>
        <time>2015-07-13T13:11:17Z
       </time>
      </trkpt>
      <trkpt lat="49.04214" lon="2.03789">
        <ele>113.09</ele>
        <time>2015-07-13T13:11:29Z
       </time>
      </trkpt>
      <trkpt lat="49.04216" lon="2.03787">
        <ele>112.61</ele>
        <time>2015-07-13T13:11:32Z
       </time>
      </trkpt>
      <trkpt lat="49.04221" lon="2.03782">
        <ele>113.57</ele>
        <time>2015-07-13T13:11:38Z
       </time>
      </trkpt>
      <trkpt lat="49.0423" lon="2.03772">
        <ele>115.5</ele>
        <time>2015-07-13T13:11:47Z
       </time>
      </trkpt>
      <trkpt lat="49.04231" lon="2.0377">
        <ele>115.98</ele>
        <time>2015-07-13T13:11:48Z
       </time>
      </trkpt>
      <trkpt lat="49.0424" lon="2.0376">
        <ele>118.38</ele>
        <time>2015-07-13T13:11:58Z
       </time>
      </trkpt>
      <trkpt lat="49.04241" lon="2.03758">
        <ele>118.38</ele>
        <time>2015-07-13T13:11:59Z
       </time>
      </trkpt>
      <trkpt lat="49.04254" lon="2.03744">
        <ele>117.9</ele>
        <time>2015-07-13T13:12:12Z
       </time>
      </trkpt>
      <trkpt lat="49.04267" lon="2.03729">
        <ele>112.61</ele>
        <time>2015-07-13T13:12:25Z
       </time>
      </trkpt>
      <trkpt lat="49.04284" lon="2.0371">
        <ele>108.29</ele>
        <time>2015-07-13T13:12:41Z
       </time>
      </trkpt>
      <trkpt lat="49.04299" lon="2.03692">
        <ele>105.4</ele>
        <time>2015-07-13T13:12:55Z
       </time>
      </trkpt>
      <trkpt lat="49.04315" lon="2.03673">
        <ele>102.52</ele>
        <time>2015-07-13T13:13:10Z
       </time>
      </trkpt>
      <trkpt lat="49.04331" lon="2.03655">
        <ele>101.56</ele>
        <time>2015-07-13T13:13:25Z
       </time>
      </trkpt>
      <trkpt lat="49.04344" lon="2.0364">
        <ele>100.6</ele>
        <time>2015-07-13T13:13:38Z
       </time>
      </trkpt>
      <trkpt lat="49.0436" lon="2.03621">
        <ele>98.19</ele>
        <time>2015-07-13T13:13:54Z
       </time>
      </trkpt>
      <trkpt lat="49.04378" lon="2.036">
        <ele>99.63</ele>
        <time>2015-07-13T13:14:10Z
       </time>
      </trkpt>
      <trkpt lat="49.04399" lon="2.03577">
        <ele>103.48</ele>
        <time>2015-07-13T13:14:27Z
       </time>
      </trkpt>
      <trkpt lat="49.04414" lon="2.03557">
        <ele>104.92</ele>
        <time>2015-07-13T13:14:42Z
       </time>
      </trkpt>
      <trkpt lat="49.04431" lon="2.03539">
        <ele>107.32</ele>
        <time>2015-07-13T13:14:58Z
       </time>
      </trkpt>
      <trkpt lat="49.04447" lon="2.03521">
        <ele>109.73</ele>
        <time>2015-07-13T13:15:13Z
       </time>
      </trkpt>
      <trkpt lat="49.04464" lon="2.03502">
        <ele>108.77</ele>
        <time>2015-07-13T13:15:29Z
       </time>
      </trkpt>
      <trkpt lat="49.04481" lon="2.03483">
        <ele>110.21</ele>
        <time>2015-07-13T13:15:44Z
       </time>
      </trkpt>
      <trkpt lat="49.04482" lon="2.03482">
        <ele>110.21</ele>
        <time>2015-07-13T13:15:45Z
       </time>
      </trkpt>
      <trkpt lat="49.04483" lon="2.03481">
        <ele>110.21</ele>
        <time>2015-07-13T13:15:46Z
       </time>
      </trkpt>
      <trkpt lat="49.04483" lon="2.0348">
        <ele>110.21</ele>
        <time>2015-07-13T13:15:47Z
       </time>
      </trkpt>
      <trkpt lat="49.04484" lon="2.03479">
        <ele>110.21</ele>
        <time>2015-07-13T13:15:48Z
       </time>
      </trkpt>
      <trkpt lat="49.04485" lon="2.03478">
        <ele>110.21</ele>
        <time>2015-07-13T13:15:49Z
       </time>
      </trkpt>
      <trkpt lat="49.04487" lon="2.03476">
        <ele>110.21</ele>
        <time>2015-07-13T13:15:50Z
       </time>
      </trkpt>
      <trkpt lat="49.04488" lon="2.03475">
        <ele>110.21</ele>
        <time>2015-07-13T13:15:51Z
       </time>
      </trkpt>
      <trkpt lat="49.04489" lon="2.03473">
        <ele>110.69</ele>
        <time>2015-07-13T13:15:52Z
       </time>
      </trkpt>
      <trkpt lat="49.0449" lon="2.03472">
        <ele>110.69</ele>
        <time>2015-07-13T13:15:53Z
       </time>
      </trkpt>
      <trkpt lat="49.04491" lon="2.03471">
        <ele>110.69</ele>
        <time>2015-07-13T13:15:54Z
       </time>
      </trkpt>
      <trkpt lat="49.04492" lon="2.0347">
        <ele>110.21</ele>
        <time>2015-07-13T13:15:55Z
       </time>
      </trkpt>
      <trkpt lat="49.04493" lon="2.03469">
        <ele>110.21</ele>
        <time>2015-07-13T13:15:56Z
       </time>
      </trkpt>
      <trkpt lat="49.04508" lon="2.03451">
        <ele>107.81</ele>
        <time>2015-07-13T13:16:11Z
       </time>
      </trkpt>
      <trkpt lat="49.04523" lon="2.03433">
        <ele>107.32</ele>
        <time>2015-07-13T13:16:24Z
       </time>
      </trkpt>
      <trkpt lat="49.0454" lon="2.03414">
        <ele>105.4</ele>
        <time>2015-07-13T13:16:39Z
       </time>
      </trkpt>
      <trkpt lat="49.04548" lon="2.03405">
        <ele>104.44</ele>
        <time>2015-07-13T13:16:47Z
       </time>
      </trkpt>
      <trkpt lat="49.04548" lon="2.03405">
        <ele>104.44</ele>
        <time>2015-07-13T13:16:48Z
       </time>
      </trkpt>
      <trkpt lat="49.0455" lon="2.03403">
        <ele>104.44</ele>
        <time>2015-07-13T13:17:05Z
       </time>
      </trkpt>
      <trkpt lat="49.04553" lon="2.03399">
        <ele>107.32</ele>
        <time>2015-07-13T13:17:50Z
       </time>
      </trkpt>
      <trkpt lat="49.04555" lon="2.03397">
        <ele>127.99</ele>
        <time>2015-07-13T13:17:59Z
       </time>
      </trkpt>
      <trkpt lat="49.04556" lon="2.03397">
        <ele>134.24</ele>
        <time>2015-07-13T13:18:01Z
       </time>
      </trkpt>
      <trkpt lat="49.04556" lon="2.03396">
        <ele>137.61</ele>
        <time>2015-07-13T13:18:02Z
       </time>
      </trkpt>
      <trkpt lat="49.04557" lon="2.03395">
        <ele>140.49</ele>
        <time>2015-07-13T13:18:03Z
       </time>
      </trkpt>
      <trkpt lat="49.04559" lon="2.03393">
        <ele>149.62</ele>
        <time>2015-07-13T13:18:06Z
       </time>
      </trkpt>
      <trkpt lat="49.0456" lon="2.03392">
        <ele>165.96</ele>
        <time>2015-07-13T13:18:11Z
       </time>
      </trkpt>
      <trkpt lat="49.04564" lon="2.03387">
        <ele>194.32</ele>
        <time>2015-07-13T13:18:20Z
       </time>
      </trkpt>
      <trkpt lat="49.04571" lon="2.03379">
        <ele>219.8</ele>
        <time>2015-07-13T13:18:27Z
       </time>
      </trkpt>
      <trkpt lat="49.04572" lon="2.03378">
        <ele>223.16</ele>
        <time>2015-07-13T13:18:28Z
       </time>
      </trkpt>
      <trkpt lat="49.04575" lon="2.03375">
        <ele>234.22</ele>
        <time>2015-07-13T13:18:31Z
       </time>
      </trkpt>
      <trkpt lat="49.04576" lon="2.03374">
        <ele>238.06</ele>
        <time>2015-07-13T13:18:32Z
       </time>
      </trkpt>
      <trkpt lat="49.04577" lon="2.03373">
        <ele>241.91</ele>
        <time>2015-07-13T13:18:33Z
       </time>
      </trkpt>
      <trkpt lat="49.04578" lon="2.03372">
        <ele>245.75</ele>
        <time>2015-07-13T13:18:34Z
       </time>
      </trkpt>
      <trkpt lat="49.04579" lon="2.03371">
        <ele>249.12</ele>
        <time>2015-07-13T13:18:35Z
       </time>
      </trkpt>
      <trkpt lat="49.04587" lon="2.03378">
        <ele>253.44</ele>
        <time>2015-07-13T13:18:36Z
       </time>
      </trkpt>
      <trkpt lat="49.04589" lon="2.03379">
        <ele>257.29</ele>
        <time>2015-07-13T13:18:37Z
       </time>
      </trkpt>
      <trkpt lat="49.0459" lon="2.0338">
        <ele>261.14</ele>
        <time>2015-07-13T13:18:38Z
       </time>
      </trkpt>
      <trkpt lat="49.04599" lon="2.03384">
        <ele>288.53</ele>
        <time>2015-07-13T13:18:46Z
       </time>
      </trkpt>
      <trkpt lat="49.04603" lon="2.03383">
        <ele>293.34</ele>
        <time>2015-07-13T13:18:47Z
       </time>
      </trkpt>
      <trkpt lat="49.04607" lon="2.03382">
        <ele>299.11</ele>
        <time>2015-07-13T13:18:48Z
       </time>
      </trkpt>
      <trkpt lat="49.04612" lon="2.03378">
        <ele>313.05</ele>
        <time>2015-07-13T13:18:52Z
       </time>
      </trkpt>
      <trkpt lat="49.04612" lon="2.03378">
        <ele>315.93</ele>
        <time>2015-07-13T13:18:53Z
       </time>
      </trkpt>
      <trkpt lat="49.04647" lon="2.03357">
        <ele>319.3</ele>
        <time>2015-07-13T13:19:07Z
       </time>
      </trkpt>
      <trkpt lat="49.04663" lon="2.0336">
        <ele>319.3</ele>
        <time>2015-07-13T13:19:14Z
       </time>
      </trkpt>
      <trkpt lat="49.04664" lon="2.0336">
        <ele>318.33</ele>
        <time>2015-07-13T13:19:15Z
       </time>
      </trkpt>
      <trkpt lat="49.04666" lon="2.03361">
        <ele>317.85</ele>
        <time>2015-07-13T13:19:16Z
       </time>
      </trkpt>
      <trkpt lat="49.04668" lon="2.03361">
        <ele>317.37</ele>
        <time>2015-07-13T13:19:17Z
       </time>
      </trkpt>
      <trkpt lat="49.04669" lon="2.03362">
        <ele>316.89</ele>
        <time>2015-07-13T13:19:18Z
       </time>
      </trkpt>
      <trkpt lat="49.04651" lon="2.03406">
        <ele>316.41</ele>
        <time>2015-07-13T13:19:19Z
       </time>
      </trkpt>
      <trkpt lat="49.04651" lon="2.03406">
        <ele>315.93</ele>
        <time>2015-07-13T13:19:20Z
       </time>
      </trkpt>
      <trkpt lat="49.04651" lon="2.03406">
        <ele>315.45</ele>
        <time>2015-07-13T13:19:21Z
       </time>
      </trkpt>
      <trkpt lat="49.0468" lon="2.03416">
        <ele>315.93</ele>
        <time>2015-07-13T13:19:31Z
       </time>
      </trkpt>
      <trkpt lat="49.04681" lon="2.03415">
        <ele>315.93</ele>
        <time>2015-07-13T13:19:33Z
       </time>
      </trkpt>
      <trkpt lat="49.04697" lon="2.03411">
        <ele>318.81</ele>
        <time>2015-07-13T13:19:39Z
       </time>
      </trkpt>
      <trkpt lat="49.04704" lon="2.03414">
        <ele>319.3</ele>
        <time>2015-07-13T13:19:45Z
       </time>
      </trkpt>
      <trkpt lat="49.04713" lon="2.03414">
        <ele>321.22</ele>
        <time>2015-07-13T13:19:50Z
       </time>
      </trkpt>
      <trkpt lat="49.04733" lon="2.03413">
        <ele>325.54</ele>
        <time>2015-07-13T13:20:03Z
       </time>
      </trkpt>
      <trkpt lat="49.04747" lon="2.03416">
        <ele>328.43</ele>
        <time>2015-07-13T13:20:16Z
       </time>
      </trkpt>
      <trkpt lat="49.04764" lon="2.03383">
        <ele>329.87</ele>
        <time>2015-07-13T13:20:25Z
       </time>
      </trkpt>
      <trkpt lat="49.04785" lon="2.03388">
        <ele>326.99</ele>
        <time>2015-07-13T13:20:38Z
       </time>
      </trkpt>
      <trkpt lat="49.04804" lon="2.03391">
        <ele>320.26</ele>
        <time>2015-07-13T13:20:52Z
       </time>
      </trkpt>
      <trkpt lat="49.0482" lon="2.03395">
        <ele>318.33</ele>
        <time>2015-07-13T13:21:06Z
       </time>
      </trkpt>
      <trkpt lat="49.04823" lon="2.03395">
        <ele>318.81</ele>
        <time>2015-07-13T13:21:09Z
       </time>
      </trkpt>
      <trkpt lat="49.04829" lon="2.03396">
        <ele>319.78</ele>
        <time>2015-07-13T13:21:13Z
       </time>
      </trkpt>
      <trkpt lat="49.04832" lon="2.03397">
        <ele>319.78</ele>
        <time>2015-07-13T13:21:14Z
       </time>
      </trkpt>
      <trkpt lat="49.04844" lon="2.03399">
        <ele>320.26</ele>
        <time>2015-07-13T13:21:23Z
       </time>
      </trkpt>
      <trkpt lat="49.04861" lon="2.03403">
        <ele>302.47</ele>
        <time>2015-07-13T13:21:31Z
       </time>
      </trkpt>
      <trkpt lat="49.04863" lon="2.03403">
        <ele>301.03</ele>
        <time>2015-07-13T13:21:32Z
       </time>
      </trkpt>
      <trkpt lat="49.04863" lon="2.03434">
        <ele>296.22</ele>
        <time>2015-07-13T13:21:43Z
       </time>
      </trkpt>
      <trkpt lat="49.049" lon="2.03411">
        <ele>292.38</ele>
        <time>2015-07-13T13:21:54Z
       </time>
      </trkpt>
      <trkpt lat="49.0492" lon="2.03416">
        <ele>275.56</ele>
        <time>2015-07-13T13:22:08Z
       </time>
      </trkpt>
      <trkpt lat="49.04933" lon="2.03419">
        <ele>271.71</ele>
        <time>2015-07-13T13:22:18Z
       </time>
      </trkpt>
      <trkpt lat="49.04935" lon="2.03419">
        <ele>271.23</ele>
        <time>2015-07-13T13:22:20Z
       </time>
      </trkpt>
      <trkpt lat="49.04937" lon="2.03419">
        <ele>270.75</ele>
        <time>2015-07-13T13:22:21Z
       </time>
      </trkpt>
      <trkpt lat="49.04945" lon="2.03421">
        <ele>260.17</ele>
        <time>2015-07-13T13:22:29Z
       </time>
      </trkpt>
      <trkpt lat="49.04951" lon="2.03423">
        <ele>231.81</ele>
        <time>2015-07-13T13:23:08Z
       </time>
      </trkpt>
      <trkpt lat="49.04984" lon="2.03496">
        <ele>223.16</ele>
        <time>2015-07-13T13:23:38Z
       </time>
      </trkpt>
      <trkpt lat="49.04984" lon="2.035">
        <ele>221.24</ele>
        <time>2015-07-13T13:23:51Z
       </time>
      </trkpt>
      <trkpt lat="49.0498" lon="2.03541">
        <ele>235.18</ele>
        <time>2015-07-13T13:24:27Z
       </time>
      </trkpt>
      <trkpt lat="49.04982" lon="2.0352">
        <ele>249.12</ele>
        <time>2015-07-13T13:24:44Z
       </time>
      </trkpt>
    </trkseg>
  </trk>
</gpx>