<?xml version="1.0" encoding="UTF-8" standalone="no" ?>
<gpx xmlns="http://www.topografix.com/GPX/1/1" xmlns:xsi="http://www.w3.org/2001/XMLSchema-instance" xsi:schemaLocation="http://www.topografix.com/GPX/1/1 http://www.topografix.com/GPX/1/1/gpx.xsd" version="1.1" creator="VisuGPX - https://www.visugpx.com">
  <metadata>
    <name>Parcours musclés 8/01 presque montagne</name>
    <desc><![CDATA[ l'air d'un parcours montagne bien que l'on ne soit pas sortis de la ville. Entre la succession de montées et de descentes technique, l'ambiance hivernale bien froide sous une bruine humide et dans la brume, on aurait put se croire bien loin d'ici.]]></desc>
  </metadata>
  <trk>
    <name><![CDATA[Actuel: 08 JAN 2017 08:53]]></name>
    <trkseg>
      <trkpt lat="49.03979" lon="2.07334">
        <ele>42.47</ele>
        <time>2017-01-08T07:53:09Z</time>
      </trkpt>
      <trkpt lat="49.0398" lon="2.07337">
        <ele>42.47</ele>
        <time>2017-01-08T07:53:10Z</time>
      </trkpt>
      <trkpt lat="49.04003" lon="2.07365">
        <ele>43.57</ele>
        <time>2017-01-08T07:53:25Z</time>
      </trkpt>
      <trkpt lat="49.04028" lon="2.07385">
        <ele>43.14</ele>
        <time>2017-01-08T07:53:36Z</time>
      </trkpt>
      <trkpt lat="49.04033" lon="2.0738">
        <ele>43.07</ele>
        <time>2017-01-08T07:53:45Z</time>
      </trkpt>
      <trkpt lat="49.04031" lon="2.07389">
        <ele>43.6</ele>
        <time>2017-01-08T07:54:00Z</time>
      </trkpt>
      <trkpt lat="49.04032" lon="2.07389">
        <ele>43.39</ele>
        <time>2017-01-08T07:54:28Z</time>
      </trkpt>
      <trkpt lat="49.04037" lon="2.07381">
        <ele>43.64</ele>
        <time>2017-01-08T07:54:46Z</time>
      </trkpt>
      <trkpt lat="49.0404" lon="2.07375">
        <ele>43.45</ele>
        <time>2017-01-08T07:55:05Z</time>
      </trkpt>
      <trkpt lat="49.04045" lon="2.07371">
        <ele>42.88</ele>
        <time>2017-01-08T07:55:24Z</time>
      </trkpt>
      <trkpt lat="49.04045" lon="2.07366">
        <ele>43.49</ele>
        <time>2017-01-08T07:55:45Z</time>
      </trkpt>
      <trkpt lat="49.04042" lon="2.07367">
        <ele>43.51</ele>
        <time>2017-01-08T07:56:17Z</time>
      </trkpt>
      <trkpt lat="49.0404" lon="2.07371">
        <ele>43.55</ele>
        <time>2017-01-08T07:56:23Z</time>
      </trkpt>
      <trkpt lat="49.04038" lon="2.07371">
        <ele>43.64</ele>
        <time>2017-01-08T07:56:53Z</time>
      </trkpt>
      <trkpt lat="49.04039" lon="2.07371">
        <ele>43.5</ele>
        <time>2017-01-08T07:57:26Z</time>
      </trkpt>
      <trkpt lat="49.04037" lon="2.07367">
        <ele>43.5</ele>
        <time>2017-01-08T07:57:55Z</time>
      </trkpt>
      <trkpt lat="49.04037" lon="2.07368">
        <ele>43.13</ele>
        <time>2017-01-08T07:58:27Z</time>
      </trkpt>
      <trkpt lat="49.04035" lon="2.07376">
        <ele>42.94</ele>
        <time>2017-01-08T07:58:43Z</time>
      </trkpt>
      <trkpt lat="49.04037" lon="2.07375">
        <ele>42.89</ele>
        <time>2017-01-08T07:58:45Z</time>
      </trkpt>
      <trkpt lat="49.04044" lon="2.07368">
        <ele>42.68</ele>
        <time>2017-01-08T07:58:55Z</time>
      </trkpt>
      <trkpt lat="49.0405" lon="2.07359">
        <ele>42.83</ele>
        <time>2017-01-08T07:59:00Z</time>
      </trkpt>
      <trkpt lat="49.04059" lon="2.07304">
        <ele>42.76</ele>
        <time>2017-01-08T07:59:13Z</time>
      </trkpt>
      <trkpt lat="49.04049" lon="2.07284">
        <ele>42.96</ele>
        <time>2017-01-08T07:59:23Z</time>
      </trkpt>
      <trkpt lat="49.04048" lon="2.07281">
        <ele>43.19</ele>
        <time>2017-01-08T07:59:44Z</time>
      </trkpt>
      <trkpt lat="49.04049" lon="2.07282">
        <ele>42.98</ele>
        <time>2017-01-08T07:59:51Z</time>
      </trkpt>
      <trkpt lat="49.04051" lon="2.07291">
        <ele>42.97</ele>
        <time>2017-01-08T08:00:09Z</time>
      </trkpt>
      <trkpt lat="49.04059" lon="2.07319">
        <ele>42.46</ele>
        <time>2017-01-08T08:00:17Z</time>
      </trkpt>
      <trkpt lat="49.04044" lon="2.07361">
        <ele>43.02</ele>
        <time>2017-01-08T08:00:30Z</time>
      </trkpt>
      <trkpt lat="49.04044" lon="2.07372">
        <ele>42.52</ele>
        <time>2017-01-08T08:00:48Z</time>
      </trkpt>
      <trkpt lat="49.0404" lon="2.0737">
        <ele>42.73</ele>
        <time>2017-01-08T08:01:13Z</time>
      </trkpt>
      <trkpt lat="49.0404" lon="2.07369">
        <ele>43.03</ele>
        <time>2017-01-08T08:01:45Z</time>
      </trkpt>
      <trkpt lat="49.04042" lon="2.07369">
        <ele>43.17</ele>
        <time>2017-01-08T08:02:05Z</time>
      </trkpt>
      <trkpt lat="49.04043" lon="2.07369">
        <ele>42.72</ele>
        <time>2017-01-08T08:02:30Z</time>
      </trkpt>
      <trkpt lat="49.04043" lon="2.07368">
        <ele>42.78</ele>
        <time>2017-01-08T08:02:55Z</time>
      </trkpt>
      <trkpt lat="49.04046" lon="2.07373">
        <ele>42.87</ele>
        <time>2017-01-08T08:03:19Z</time>
      </trkpt>
      <trkpt lat="49.04046" lon="2.07364">
        <ele>42.97</ele>
        <time>2017-01-08T08:03:39Z</time>
      </trkpt>
      <trkpt lat="49.04039" lon="2.07372">
        <ele>42.92</ele>
        <time>2017-01-08T08:04:02Z</time>
      </trkpt>
      <trkpt lat="49.04038" lon="2.07374">
        <ele>42.64</ele>
        <time>2017-01-08T08:04:30Z</time>
      </trkpt>
      <trkpt lat="49.04014" lon="2.07378">
        <ele>42.99</ele>
        <time>2017-01-08T08:04:44Z</time>
      </trkpt>
      <trkpt lat="49.03988" lon="2.0735">
        <ele>43.07</ele>
        <time>2017-01-08T08:04:54Z</time>
      </trkpt>
      <trkpt lat="49.03979" lon="2.07336">
        <ele>42.51</ele>
        <time>2017-01-08T08:04:57Z</time>
      </trkpt>
      <trkpt lat="49.0396" lon="2.07334">
        <ele>41.58</ele>
        <time>2017-01-08T08:05:02Z</time>
      </trkpt>
      <trkpt lat="49.03937" lon="2.07348">
        <ele>41.34</ele>
        <time>2017-01-08T08:05:08Z</time>
      </trkpt>
      <trkpt lat="49.03913" lon="2.07317">
        <ele>40.69</ele>
        <time>2017-01-08T08:05:16Z</time>
      </trkpt>
      <trkpt lat="49.03889" lon="2.07255">
        <ele>40.06</ele>
        <time>2017-01-08T08:05:27Z</time>
      </trkpt>
      <trkpt lat="49.03881" lon="2.07205">
        <ele>40.45</ele>
        <time>2017-01-08T08:05:35Z</time>
      </trkpt>
      <trkpt lat="49.03892" lon="2.07167">
        <ele>40.53</ele>
        <time>2017-01-08T08:05:46Z</time>
      </trkpt>
      <trkpt lat="49.03891" lon="2.07164">
        <ele>40.33</ele>
        <time>2017-01-08T08:05:48Z</time>
      </trkpt>
      <trkpt lat="49.03893" lon="2.07138">
        <ele>38.84</ele>
        <time>2017-01-08T08:05:51Z</time>
      </trkpt>
      <trkpt lat="49.03897" lon="2.07114">
        <ele>37.33</ele>
        <time>2017-01-08T08:05:54Z</time>
      </trkpt>
      <trkpt lat="49.03896" lon="2.07072">
        <ele>37.43</ele>
        <time>2017-01-08T08:06:03Z</time>
      </trkpt>
      <trkpt lat="49.03863" lon="2.07035">
        <ele>38.01</ele>
        <time>2017-01-08T08:06:17Z</time>
      </trkpt>
      <trkpt lat="49.03862" lon="2.07032">
        <ele>38.04</ele>
        <time>2017-01-08T08:06:18Z</time>
      </trkpt>
      <trkpt lat="49.03852" lon="2.07006">
        <ele>38.97</ele>
        <time>2017-01-08T08:06:29Z</time>
      </trkpt>
      <trkpt lat="49.03845" lon="2.07002">
        <ele>38.99</ele>
        <time>2017-01-08T08:06:32Z</time>
      </trkpt>
      <trkpt lat="49.0386" lon="2.06978">
        <ele>38.82</ele>
        <time>2017-01-08T08:06:41Z</time>
      </trkpt>
      <trkpt lat="49.03868" lon="2.06997">
        <ele>39.24</ele>
        <time>2017-01-08T08:06:49Z</time>
      </trkpt>
      <trkpt lat="49.03853" lon="2.07007">
        <ele>38.86</ele>
        <time>2017-01-08T08:06:55Z</time>
      </trkpt>
      <trkpt lat="49.03842" lon="2.07006">
        <ele>37.84</ele>
        <time>2017-01-08T08:06:58Z</time>
      </trkpt>
      <trkpt lat="49.03833" lon="2.07">
        <ele>37.15</ele>
        <time>2017-01-08T08:07:00Z</time>
      </trkpt>
      <trkpt lat="49.03829" lon="2.06996">
        <ele>37.31</ele>
        <time>2017-01-08T08:07:01Z</time>
      </trkpt>
      <trkpt lat="49.03801" lon="2.07009">
        <ele>36.81</ele>
        <time>2017-01-08T08:07:08Z</time>
      </trkpt>
      <trkpt lat="49.03787" lon="2.06962">
        <ele>36.67</ele>
        <time>2017-01-08T08:07:17Z</time>
      </trkpt>
      <trkpt lat="49.03766" lon="2.06887">
        <ele>35.92</ele>
        <time>2017-01-08T08:07:29Z</time>
      </trkpt>
      <trkpt lat="49.0375" lon="2.06836">
        <ele>35.43</ele>
        <time>2017-01-08T08:07:37Z</time>
      </trkpt>
      <trkpt lat="49.03738" lon="2.06809">
        <ele>35.09</ele>
        <time>2017-01-08T08:07:42Z</time>
      </trkpt>
      <trkpt lat="49.03727" lon="2.06781">
        <ele>34.5</ele>
        <time>2017-01-08T08:07:47Z</time>
      </trkpt>
      <trkpt lat="49.03698" lon="2.06686">
        <ele>33.15</ele>
        <time>2017-01-08T08:08:01Z</time>
      </trkpt>
      <trkpt lat="49.03694" lon="2.06673">
        <ele>33.03</ele>
        <time>2017-01-08T08:08:03Z</time>
      </trkpt>
      <trkpt lat="49.03686" lon="2.06623">
        <ele>31.91</ele>
        <time>2017-01-08T08:08:11Z</time>
      </trkpt>
      <trkpt lat="49.03719" lon="2.06601">
        <ele>32.28</ele>
        <time>2017-01-08T08:08:19Z</time>
      </trkpt>
      <trkpt lat="49.03726" lon="2.06595">
        <ele>32.25</ele>
        <time>2017-01-08T08:08:21Z</time>
      </trkpt>
      <trkpt lat="49.03734" lon="2.066">
        <ele>32.57</ele>
        <time>2017-01-08T08:08:25Z</time>
      </trkpt>
      <trkpt lat="49.03738" lon="2.0661">
        <ele>33.79</ele>
        <time>2017-01-08T08:08:28Z</time>
      </trkpt>
      <trkpt lat="49.03728" lon="2.06628">
        <ele>34.88</ele>
        <time>2017-01-08T08:08:34Z</time>
      </trkpt>
      <trkpt lat="49.03724" lon="2.06638">
        <ele>36.52</ele>
        <time>2017-01-08T08:08:38Z</time>
      </trkpt>
      <trkpt lat="49.03727" lon="2.06674">
        <ele>38.67</ele>
        <time>2017-01-08T08:08:48Z</time>
      </trkpt>
      <trkpt lat="49.0373" lon="2.06666">
        <ele>39.35</ele>
        <time>2017-01-08T08:08:53Z</time>
      </trkpt>
      <trkpt lat="49.03763" lon="2.0672">
        <ele>39.9</ele>
        <time>2017-01-08T08:09:00Z</time>
      </trkpt>
      <trkpt lat="49.03774" lon="2.06729">
        <ele>39.8</ele>
        <time>2017-01-08T08:09:03Z</time>
      </trkpt>
      <trkpt lat="49.03822" lon="2.06733">
        <ele>40.24</ele>
        <time>2017-01-08T08:09:16Z</time>
      </trkpt>
      <trkpt lat="49.03863" lon="2.06731">
        <ele>40.42</ele>
        <time>2017-01-08T08:09:25Z</time>
      </trkpt>
      <trkpt lat="49.03894" lon="2.06771">
        <ele>40.36</ele>
        <time>2017-01-08T08:09:35Z</time>
      </trkpt>
      <trkpt lat="49.03904" lon="2.06779">
        <ele>40.49</ele>
        <time>2017-01-08T08:09:38Z</time>
      </trkpt>
      <trkpt lat="49.03939" lon="2.06801">
        <ele>39.96</ele>
        <time>2017-01-08T08:09:48Z</time>
      </trkpt>
      <trkpt lat="49.03951" lon="2.06796">
        <ele>39.79</ele>
        <time>2017-01-08T08:09:52Z</time>
      </trkpt>
      <trkpt lat="49.03957" lon="2.06799">
        <ele>39.24</ele>
        <time>2017-01-08T08:09:55Z</time>
      </trkpt>
      <trkpt lat="49.03965" lon="2.06814">
        <ele>37.93</ele>
        <time>2017-01-08T08:10:01Z</time>
      </trkpt>
      <trkpt lat="49.03976" lon="2.06819">
        <ele>36.47</ele>
        <time>2017-01-08T08:10:06Z</time>
      </trkpt>
      <trkpt lat="49.03979" lon="2.06846">
        <ele>35.26</ele>
        <time>2017-01-08T08:10:11Z</time>
      </trkpt>
      <trkpt lat="49.03987" lon="2.06851">
        <ele>34.59</ele>
        <time>2017-01-08T08:10:13Z</time>
      </trkpt>
      <trkpt lat="49.03997" lon="2.06839">
        <ele>33.69</ele>
        <time>2017-01-08T08:10:18Z</time>
      </trkpt>
      <trkpt lat="49.03988" lon="2.06781">
        <ele>32.9</ele>
        <time>2017-01-08T08:10:26Z</time>
      </trkpt>
      <trkpt lat="49.03988" lon="2.06747">
        <ele>32.32</ele>
        <time>2017-01-08T08:10:31Z</time>
      </trkpt>
      <trkpt lat="49.03992" lon="2.06726">
        <ele>31.93</ele>
        <time>2017-01-08T08:10:34Z</time>
      </trkpt>
      <trkpt lat="49.03988" lon="2.06699">
        <ele>31.48</ele>
        <time>2017-01-08T08:10:38Z</time>
      </trkpt>
      <trkpt lat="49.03969" lon="2.06658">
        <ele>30.28</ele>
        <time>2017-01-08T08:10:44Z</time>
      </trkpt>
      <trkpt lat="49.03965" lon="2.06641">
        <ele>30.06</ele>
        <time>2017-01-08T08:10:46Z</time>
      </trkpt>
      <trkpt lat="49.03968" lon="2.06601">
        <ele>29.26</ele>
        <time>2017-01-08T08:10:53Z</time>
      </trkpt>
      <trkpt lat="49.0399" lon="2.06572">
        <ele>32.17</ele>
        <time>2017-01-08T08:11:01Z</time>
      </trkpt>
      <trkpt lat="49.04018" lon="2.06542">
        <ele>35.31</ele>
        <time>2017-01-08T08:11:10Z</time>
      </trkpt>
      <trkpt lat="49.04046" lon="2.06541">
        <ele>38.41</ele>
        <time>2017-01-08T08:11:17Z</time>
      </trkpt>
      <trkpt lat="49.04071" lon="2.06513">
        <ele>40.6</ele>
        <time>2017-01-08T08:11:26Z</time>
      </trkpt>
      <trkpt lat="49.04091" lon="2.06512">
        <ele>40.47</ele>
        <time>2017-01-08T08:11:31Z</time>
      </trkpt>
      <trkpt lat="49.041" lon="2.06515">
        <ele>40.09</ele>
        <time>2017-01-08T08:11:33Z</time>
      </trkpt>
      <trkpt lat="49.04118" lon="2.06493">
        <ele>40.3</ele>
        <time>2017-01-08T08:11:39Z</time>
      </trkpt>
      <trkpt lat="49.04125" lon="2.064">
        <ele>41.02</ele>
        <time>2017-01-08T08:11:54Z</time>
      </trkpt>
      <trkpt lat="49.04128" lon="2.0639">
        <ele>41.38</ele>
        <time>2017-01-08T08:11:56Z</time>
      </trkpt>
      <trkpt lat="49.04119" lon="2.06374">
        <ele>41.29</ele>
        <time>2017-01-08T08:12:00Z</time>
      </trkpt>
      <trkpt lat="49.04112" lon="2.06364">
        <ele>40.88</ele>
        <time>2017-01-08T08:12:02Z</time>
      </trkpt>
      <trkpt lat="49.04072" lon="2.06316">
        <ele>39.12</ele>
        <time>2017-01-08T08:12:14Z</time>
      </trkpt>
      <trkpt lat="49.04071" lon="2.06315">
        <ele>39.37</ele>
        <time>2017-01-08T08:12:15Z</time>
      </trkpt>
      <trkpt lat="49.04055" lon="2.06318">
        <ele>39.23</ele>
        <time>2017-01-08T08:12:22Z</time>
      </trkpt>
      <trkpt lat="49.04051" lon="2.0632">
        <ele>39.02</ele>
        <time>2017-01-08T08:12:24Z</time>
      </trkpt>
      <trkpt lat="49.04041" lon="2.06314">
        <ele>36.68</ele>
        <time>2017-01-08T08:12:29Z</time>
      </trkpt>
      <trkpt lat="49.04037" lon="2.06303">
        <ele>35.13</ele>
        <time>2017-01-08T08:12:33Z</time>
      </trkpt>
      <trkpt lat="49.04007" lon="2.06213">
        <ele>32.56</ele>
        <time>2017-01-08T08:12:49Z</time>
      </trkpt>
      <trkpt lat="49.03996" lon="2.0618">
        <ele>31.44</ele>
        <time>2017-01-08T08:12:57Z</time>
      </trkpt>
      <trkpt lat="49.04018" lon="2.06161">
        <ele>32.65</ele>
        <time>2017-01-08T08:13:07Z</time>
      </trkpt>
      <trkpt lat="49.04046" lon="2.06129">
        <ele>33.84</ele>
        <time>2017-01-08T08:13:17Z</time>
      </trkpt>
      <trkpt lat="49.0405" lon="2.06124">
        <ele>34.21</ele>
        <time>2017-01-08T08:13:20Z</time>
      </trkpt>
      <trkpt lat="49.04044" lon="2.06106">
        <ele>34.46</ele>
        <time>2017-01-08T08:13:25Z</time>
      </trkpt>
      <trkpt lat="49.0403" lon="2.0608">
        <ele>32.65</ele>
        <time>2017-01-08T08:13:29Z</time>
      </trkpt>
      <trkpt lat="49.04022" lon="2.06066">
        <ele>31.61</ele>
        <time>2017-01-08T08:13:31Z</time>
      </trkpt>
      <trkpt lat="49.0401" lon="2.06043">
        <ele>30.15</ele>
        <time>2017-01-08T08:13:35Z</time>
      </trkpt>
      <trkpt lat="49.03996" lon="2.06002">
        <ele>29.61</ele>
        <time>2017-01-08T08:13:45Z</time>
      </trkpt>
      <trkpt lat="49.03961" lon="2.05921">
        <ele>27.25</ele>
        <time>2017-01-08T08:13:58Z</time>
      </trkpt>
      <trkpt lat="49.03948" lon="2.05872">
        <ele>25.09</ele>
        <time>2017-01-08T08:14:04Z</time>
      </trkpt>
      <trkpt lat="49.03935" lon="2.05839">
        <ele>21.59</ele>
        <time>2017-01-08T08:14:09Z</time>
      </trkpt>
      <trkpt lat="49.03924" lon="2.05817">
        <ele>18.09</ele>
        <time>2017-01-08T08:14:15Z</time>
      </trkpt>
      <trkpt lat="49.03919" lon="2.05806">
        <ele>14.71</ele>
        <time>2017-01-08T08:14:18Z</time>
      </trkpt>
      <trkpt lat="49.03911" lon="2.05792">
        <ele>13.62</ele>
        <time>2017-01-08T08:14:20Z</time>
      </trkpt>
      <trkpt lat="49.03895" lon="2.05756">
        <ele>12.88</ele>
        <time>2017-01-08T08:14:25Z</time>
      </trkpt>
      <trkpt lat="49.03866" lon="2.05722">
        <ele>12.85</ele>
        <time>2017-01-08T08:14:35Z</time>
      </trkpt>
      <trkpt lat="49.03872" lon="2.05723">
        <ele>12.99</ele>
        <time>2017-01-08T08:14:42Z</time>
      </trkpt>
      <trkpt lat="49.03884" lon="2.05732">
        <ele>12.63</ele>
        <time>2017-01-08T08:14:49Z</time>
      </trkpt>
      <trkpt lat="49.03887" lon="2.05739">
        <ele>12.27</ele>
        <time>2017-01-08T08:14:51Z</time>
      </trkpt>
      <trkpt lat="49.03894" lon="2.05746">
        <ele>12.55</ele>
        <time>2017-01-08T08:15:03Z</time>
      </trkpt>
      <trkpt lat="49.03893" lon="2.05743">
        <ele>12.42</ele>
        <time>2017-01-08T08:15:05Z</time>
      </trkpt>
      <trkpt lat="49.03875" lon="2.05712">
        <ele>12.82</ele>
        <time>2017-01-08T08:15:14Z</time>
      </trkpt>
      <trkpt lat="49.03832" lon="2.05741">
        <ele>12.7</ele>
        <time>2017-01-08T08:15:26Z</time>
      </trkpt>
      <trkpt lat="49.03774" lon="2.0577">
        <ele>12.64</ele>
        <time>2017-01-08T08:15:41Z</time>
      </trkpt>
      <trkpt lat="49.03766" lon="2.05773">
        <ele>12.6</ele>
        <time>2017-01-08T08:15:43Z</time>
      </trkpt>
      <trkpt lat="49.03757" lon="2.05775">
        <ele>12.56</ele>
        <time>2017-01-08T08:15:45Z</time>
      </trkpt>
      <trkpt lat="49.03731" lon="2.05791">
        <ele>12.83</ele>
        <time>2017-01-08T08:15:52Z</time>
      </trkpt>
      <trkpt lat="49.0374" lon="2.05836">
        <ele>12.86</ele>
        <time>2017-01-08T08:16:02Z</time>
      </trkpt>
      <trkpt lat="49.03756" lon="2.05889">
        <ele>13.29</ele>
        <time>2017-01-08T08:16:14Z</time>
      </trkpt>
      <trkpt lat="49.03761" lon="2.05919">
        <ele>16.17</ele>
        <time>2017-01-08T08:16:25Z</time>
      </trkpt>
      <trkpt lat="49.03765" lon="2.05943">
        <ele>19.38</ele>
        <time>2017-01-08T08:16:34Z</time>
      </trkpt>
      <trkpt lat="49.0377" lon="2.05957">
        <ele>20.9</ele>
        <time>2017-01-08T08:16:39Z</time>
      </trkpt>
      <trkpt lat="49.03785" lon="2.06004">
        <ele>23.19</ele>
        <time>2017-01-08T08:16:52Z</time>
      </trkpt>
      <trkpt lat="49.03807" lon="2.06055">
        <ele>24.43</ele>
        <time>2017-01-08T08:17:08Z</time>
      </trkpt>
      <trkpt lat="49.03827" lon="2.06112">
        <ele>23.69</ele>
        <time>2017-01-08T08:17:21Z</time>
      </trkpt>
      <trkpt lat="49.03836" lon="2.06136">
        <ele>22.57</ele>
        <time>2017-01-08T08:17:28Z</time>
      </trkpt>
      <trkpt lat="49.03848" lon="2.0613">
        <ele>22.94</ele>
        <time>2017-01-08T08:17:33Z</time>
      </trkpt>
      <trkpt lat="49.0387" lon="2.06114">
        <ele>23.4</ele>
        <time>2017-01-08T08:17:39Z</time>
      </trkpt>
      <trkpt lat="49.03914" lon="2.06091">
        <ele>24.78</ele>
        <time>2017-01-08T08:17:52Z</time>
      </trkpt>
      <trkpt lat="49.03928" lon="2.06085">
        <ele>25.02</ele>
        <time>2017-01-08T08:17:56Z</time>
      </trkpt>
      <trkpt lat="49.03943" lon="2.06115">
        <ele>26.31</ele>
        <time>2017-01-08T08:18:07Z</time>
      </trkpt>
      <trkpt lat="49.03948" lon="2.06113">
        <ele>26.47</ele>
        <time>2017-01-08T08:18:19Z</time>
      </trkpt>
      <trkpt lat="49.03947" lon="2.06111">
        <ele>26.45</ele>
        <time>2017-01-08T08:18:20Z</time>
      </trkpt>
      <trkpt lat="49.0394" lon="2.06094">
        <ele>25.86</ele>
        <time>2017-01-08T08:18:28Z</time>
      </trkpt>
      <trkpt lat="49.03945" lon="2.06089">
        <ele>25.6</ele>
        <time>2017-01-08T08:18:33Z</time>
      </trkpt>
      <trkpt lat="49.03951" lon="2.06086">
        <ele>26.06</ele>
        <time>2017-01-08T08:18:37Z</time>
      </trkpt>
      <trkpt lat="49.03965" lon="2.06112">
        <ele>26.67</ele>
        <time>2017-01-08T08:18:44Z</time>
      </trkpt>
      <trkpt lat="49.03976" lon="2.06154">
        <ele>28.55</ele>
        <time>2017-01-08T08:18:55Z</time>
      </trkpt>
      <trkpt lat="49.03979" lon="2.06157">
        <ele>30.04</ele>
        <time>2017-01-08T08:19:00Z</time>
      </trkpt>
      <trkpt lat="49.03955" lon="2.0617">
        <ele>30.18</ele>
        <time>2017-01-08T08:19:14Z</time>
      </trkpt>
      <trkpt lat="49.03906" lon="2.06202">
        <ele>28.28</ele>
        <time>2017-01-08T08:19:26Z</time>
      </trkpt>
      <trkpt lat="49.03867" lon="2.0624">
        <ele>24.6</ele>
        <time>2017-01-08T08:19:35Z</time>
      </trkpt>
      <trkpt lat="49.03863" lon="2.06244">
        <ele>24.57</ele>
        <time>2017-01-08T08:19:36Z</time>
      </trkpt>
      <trkpt lat="49.03859" lon="2.06248">
        <ele>24.87</ele>
        <time>2017-01-08T08:19:37Z</time>
      </trkpt>
      <trkpt lat="49.03835" lon="2.0628">
        <ele>24.01</ele>
        <time>2017-01-08T08:19:43Z</time>
      </trkpt>
      <trkpt lat="49.03821" lon="2.06276">
        <ele>23.59</ele>
        <time>2017-01-08T08:19:48Z</time>
      </trkpt>
      <trkpt lat="49.03786" lon="2.06305">
        <ele>22.28</ele>
        <time>2017-01-08T08:19:58Z</time>
      </trkpt>
      <trkpt lat="49.03739" lon="2.06323">
        <ele>24.47</ele>
        <time>2017-01-08T08:20:10Z</time>
      </trkpt>
      <trkpt lat="49.03691" lon="2.06355">
        <ele>27.17</ele>
        <time>2017-01-08T08:20:24Z</time>
      </trkpt>
      <trkpt lat="49.0367" lon="2.06372">
        <ele>27.67</ele>
        <time>2017-01-08T08:20:30Z</time>
      </trkpt>
      <trkpt lat="49.03653" lon="2.06344">
        <ele>27.34</ele>
        <time>2017-01-08T08:20:38Z</time>
      </trkpt>
      <trkpt lat="49.03615" lon="2.06236">
        <ele>25.5</ele>
        <time>2017-01-08T08:20:54Z</time>
      </trkpt>
      <trkpt lat="49.03611" lon="2.0622">
        <ele>25.24</ele>
        <time>2017-01-08T08:20:56Z</time>
      </trkpt>
      <trkpt lat="49.03616" lon="2.06189">
        <ele>24.12</ele>
        <time>2017-01-08T08:21:02Z</time>
      </trkpt>
      <trkpt lat="49.03636" lon="2.06178">
        <ele>24.04</ele>
        <time>2017-01-08T08:21:07Z</time>
      </trkpt>
      <trkpt lat="49.03638" lon="2.0616">
        <ele>24.22</ele>
        <time>2017-01-08T08:21:10Z</time>
      </trkpt>
      <trkpt lat="49.03635" lon="2.06124">
        <ele>24.28</ele>
        <time>2017-01-08T08:21:15Z</time>
      </trkpt>
      <trkpt lat="49.03648" lon="2.06117">
        <ele>23.75</ele>
        <time>2017-01-08T08:21:20Z</time>
      </trkpt>
      <trkpt lat="49.03671" lon="2.06105">
        <ele>22.88</ele>
        <time>2017-01-08T08:21:26Z</time>
      </trkpt>
      <trkpt lat="49.03678" lon="2.06119">
        <ele>22.45</ele>
        <time>2017-01-08T08:21:33Z</time>
      </trkpt>
      <trkpt lat="49.03671" lon="2.06103">
        <ele>22.48</ele>
        <time>2017-01-08T08:21:39Z</time>
      </trkpt>
      <trkpt lat="49.03668" lon="2.06105">
        <ele>22.45</ele>
        <time>2017-01-08T08:21:40Z</time>
      </trkpt>
      <trkpt lat="49.03655" lon="2.06112">
        <ele>23.14</ele>
        <time>2017-01-08T08:21:43Z</time>
      </trkpt>
      <trkpt lat="49.03642" lon="2.06122">
        <ele>23.63</ele>
        <time>2017-01-08T08:21:46Z</time>
      </trkpt>
      <trkpt lat="49.03635" lon="2.06115">
        <ele>24.03</ele>
        <time>2017-01-08T08:21:50Z</time>
      </trkpt>
      <trkpt lat="49.03631" lon="2.06086">
        <ele>24.18</ele>
        <time>2017-01-08T08:21:54Z</time>
      </trkpt>
      <trkpt lat="49.03649" lon="2.06057">
        <ele>22.56</ele>
        <time>2017-01-08T08:22:01Z</time>
      </trkpt>
      <trkpt lat="49.03691" lon="2.06025">
        <ele>18.56</ele>
        <time>2017-01-08T08:22:08Z</time>
      </trkpt>
      <trkpt lat="49.03709" lon="2.06011">
        <ele>18.44</ele>
        <time>2017-01-08T08:22:11Z</time>
      </trkpt>
      <trkpt lat="49.03734" lon="2.05984">
        <ele>18.63</ele>
        <time>2017-01-08T08:22:16Z</time>
      </trkpt>
      <trkpt lat="49.03748" lon="2.05948">
        <ele>19.16</ele>
        <time>2017-01-08T08:22:24Z</time>
      </trkpt>
      <trkpt lat="49.03756" lon="2.05945">
        <ele>19.56</ele>
        <time>2017-01-08T08:22:26Z</time>
      </trkpt>
      <trkpt lat="49.03789" lon="2.0593">
        <ele>21.05</ele>
        <time>2017-01-08T08:22:36Z</time>
      </trkpt>
      <trkpt lat="49.038" lon="2.05921">
        <ele>21.7</ele>
        <time>2017-01-08T08:22:39Z</time>
      </trkpt>
      <trkpt lat="49.03811" lon="2.05911">
        <ele>21.19</ele>
        <time>2017-01-08T08:22:42Z</time>
      </trkpt>
      <trkpt lat="49.03823" lon="2.059">
        <ele>20.8</ele>
        <time>2017-01-08T08:22:46Z</time>
      </trkpt>
      <trkpt lat="49.03834" lon="2.05902">
        <ele>21.33</ele>
        <time>2017-01-08T08:22:51Z</time>
      </trkpt>
      <trkpt lat="49.0386" lon="2.05888">
        <ele>21.82</ele>
        <time>2017-01-08T08:22:57Z</time>
      </trkpt>
      <trkpt lat="49.03922" lon="2.05842">
        <ele>22.07</ele>
        <time>2017-01-08T08:23:12Z</time>
      </trkpt>
      <trkpt lat="49.03931" lon="2.05837">
        <ele>21.96</ele>
        <time>2017-01-08T08:23:15Z</time>
      </trkpt>
      <trkpt lat="49.03953" lon="2.05852">
        <ele>24.42</ele>
        <time>2017-01-08T08:23:23Z</time>
      </trkpt>
      <trkpt lat="49.0396" lon="2.05844">
        <ele>24.19</ele>
        <time>2017-01-08T08:23:25Z</time>
      </trkpt>
      <trkpt lat="49.03975" lon="2.0583">
        <ele>23.72</ele>
        <time>2017-01-08T08:23:29Z</time>
      </trkpt>
      <trkpt lat="49.04" lon="2.05809">
        <ele>23.47</ele>
        <time>2017-01-08T08:23:35Z</time>
      </trkpt>
      <trkpt lat="49.04037" lon="2.05783">
        <ele>22.72</ele>
        <time>2017-01-08T08:23:43Z</time>
      </trkpt>
      <trkpt lat="49.04045" lon="2.0576">
        <ele>21.11</ele>
        <time>2017-01-08T08:23:50Z</time>
      </trkpt>
      <trkpt lat="49.04041" lon="2.05754">
        <ele>20.62</ele>
        <time>2017-01-08T08:23:51Z</time>
      </trkpt>
      <trkpt lat="49.04029" lon="2.05732">
        <ele>19.15</ele>
        <time>2017-01-08T08:23:54Z</time>
      </trkpt>
      <trkpt lat="49.0403" lon="2.05708">
        <ele>17.38</ele>
        <time>2017-01-08T08:23:58Z</time>
      </trkpt>
      <trkpt lat="49.04054" lon="2.05675">
        <ele>16.52</ele>
        <time>2017-01-08T08:24:05Z</time>
      </trkpt>
      <trkpt lat="49.04076" lon="2.05659">
        <ele>16.35</ele>
        <time>2017-01-08T08:24:10Z</time>
      </trkpt>
      <trkpt lat="49.0409" lon="2.05643">
        <ele>16.33</ele>
        <time>2017-01-08T08:24:14Z</time>
      </trkpt>
      <trkpt lat="49.04122" lon="2.05598">
        <ele>16.93</ele>
        <time>2017-01-08T08:24:25Z</time>
      </trkpt>
      <trkpt lat="49.04151" lon="2.05566">
        <ele>17.62</ele>
        <time>2017-01-08T08:24:34Z</time>
      </trkpt>
      <trkpt lat="49.04159" lon="2.05574">
        <ele>18.6</ele>
        <time>2017-01-08T08:24:39Z</time>
      </trkpt>
      <trkpt lat="49.04181" lon="2.0561">
        <ele>22.16</ele>
        <time>2017-01-08T08:24:53Z</time>
      </trkpt>
      <trkpt lat="49.04194" lon="2.05629">
        <ele>25.18</ele>
        <time>2017-01-08T08:25:01Z</time>
      </trkpt>
      <trkpt lat="49.04202" lon="2.05644">
        <ele>28.79</ele>
        <time>2017-01-08T08:25:08Z</time>
      </trkpt>
      <trkpt lat="49.0421" lon="2.05657">
        <ele>31.92</ele>
        <time>2017-01-08T08:25:15Z</time>
      </trkpt>
      <trkpt lat="49.04218" lon="2.05667">
        <ele>34.72</ele>
        <time>2017-01-08T08:25:21Z</time>
      </trkpt>
      <trkpt lat="49.04216" lon="2.0568">
        <ele>35.04</ele>
        <time>2017-01-08T08:25:26Z</time>
      </trkpt>
      <trkpt lat="49.04201" lon="2.05746">
        <ele>35.61</ele>
        <time>2017-01-08T08:25:41Z</time>
      </trkpt>
      <trkpt lat="49.04196" lon="2.05756">
        <ele>35.34</ele>
        <time>2017-01-08T08:25:43Z</time>
      </trkpt>
      <trkpt lat="49.04187" lon="2.05779">
        <ele>35.05</ele>
        <time>2017-01-08T08:25:47Z</time>
      </trkpt>
      <trkpt lat="49.04169" lon="2.05816">
        <ele>34.54</ele>
        <time>2017-01-08T08:25:54Z</time>
      </trkpt>
      <trkpt lat="49.0417" lon="2.05852">
        <ele>34.64</ele>
        <time>2017-01-08T08:26:00Z</time>
      </trkpt>
      <trkpt lat="49.04186" lon="2.05925">
        <ele>37.41</ele>
        <time>2017-01-08T08:26:14Z</time>
      </trkpt>
      <trkpt lat="49.04201" lon="2.05925">
        <ele>38.94</ele>
        <time>2017-01-08T08:26:20Z</time>
      </trkpt>
      <trkpt lat="49.04211" lon="2.05924">
        <ele>39.96</ele>
        <time>2017-01-08T08:26:24Z</time>
      </trkpt>
      <trkpt lat="49.0423" lon="2.05889">
        <ele>41.37</ele>
        <time>2017-01-08T08:26:36Z</time>
      </trkpt>
      <trkpt lat="49.04236" lon="2.05885">
        <ele>41.61</ele>
        <time>2017-01-08T08:26:39Z</time>
      </trkpt>
      <trkpt lat="49.04262" lon="2.059">
        <ele>45.13</ele>
        <time>2017-01-08T08:26:52Z</time>
      </trkpt>
      <trkpt lat="49.0428" lon="2.05907">
        <ele>48.15</ele>
        <time>2017-01-08T08:27:01Z</time>
      </trkpt>
      <trkpt lat="49.04307" lon="2.05923">
        <ele>50.99</ele>
        <time>2017-01-08T08:27:16Z</time>
      </trkpt>
      <trkpt lat="49.04312" lon="2.05926">
        <ele>51.56</ele>
        <time>2017-01-08T08:27:18Z</time>
      </trkpt>
      <trkpt lat="49.04319" lon="2.05935">
        <ele>52.46</ele>
        <time>2017-01-08T08:27:22Z</time>
      </trkpt>
      <trkpt lat="49.04326" lon="2.05941">
        <ele>52.99</ele>
        <time>2017-01-08T08:27:26Z</time>
      </trkpt>
      <trkpt lat="49.04334" lon="2.05939">
        <ele>52.96</ele>
        <time>2017-01-08T08:27:30Z</time>
      </trkpt>
      <trkpt lat="49.04342" lon="2.05947">
        <ele>53.04</ele>
        <time>2017-01-08T08:27:35Z</time>
      </trkpt>
      <trkpt lat="49.04345" lon="2.05953">
        <ele>54.26</ele>
        <time>2017-01-08T08:27:38Z</time>
      </trkpt>
      <trkpt lat="49.04366" lon="2.05946">
        <ele>56.23</ele>
        <time>2017-01-08T08:27:50Z</time>
      </trkpt>
      <trkpt lat="49.04368" lon="2.05945">
        <ele>56.27</ele>
        <time>2017-01-08T08:27:51Z</time>
      </trkpt>
      <trkpt lat="49.0437" lon="2.0594">
        <ele>56.33</ele>
        <time>2017-01-08T08:27:55Z</time>
      </trkpt>
      <trkpt lat="49.04389" lon="2.05925">
        <ele>57.99</ele>
        <time>2017-01-08T08:28:09Z</time>
      </trkpt>
      <trkpt lat="49.04392" lon="2.05913">
        <ele>59.14</ele>
        <time>2017-01-08T08:28:14Z</time>
      </trkpt>
      <trkpt lat="49.04392" lon="2.05905">
        <ele>59.68</ele>
        <time>2017-01-08T08:28:17Z</time>
      </trkpt>
      <trkpt lat="49.04402" lon="2.05892">
        <ele>60.71</ele>
        <time>2017-01-08T08:28:25Z</time>
      </trkpt>
      <trkpt lat="49.04434" lon="2.05886">
        <ele>61.8</ele>
        <time>2017-01-08T08:28:38Z</time>
      </trkpt>
      <trkpt lat="49.04451" lon="2.05875">
        <ele>62.81</ele>
        <time>2017-01-08T08:28:46Z</time>
      </trkpt>
      <trkpt lat="49.04471" lon="2.05899">
        <ele>64.12</ele>
        <time>2017-01-08T08:28:58Z</time>
      </trkpt>
      <trkpt lat="49.04486" lon="2.05909">
        <ele>65.03</ele>
        <time>2017-01-08T08:29:04Z</time>
      </trkpt>
      <trkpt lat="49.04493" lon="2.0591">
        <ele>65.58</ele>
        <time>2017-01-08T08:29:07Z</time>
      </trkpt>
      <trkpt lat="49.04506" lon="2.05919">
        <ele>65.9</ele>
        <time>2017-01-08T08:29:12Z</time>
      </trkpt>
      <trkpt lat="49.04524" lon="2.05926">
        <ele>65.88</ele>
        <time>2017-01-08T08:29:18Z</time>
      </trkpt>
      <trkpt lat="49.04549" lon="2.05911">
        <ele>66.41</ele>
        <time>2017-01-08T08:29:26Z</time>
      </trkpt>
      <trkpt lat="49.0455" lon="2.05876">
        <ele>67.59</ele>
        <time>2017-01-08T08:29:34Z</time>
      </trkpt>
      <trkpt lat="49.04564" lon="2.05807">
        <ele>68.53</ele>
        <time>2017-01-08T08:29:48Z</time>
      </trkpt>
      <trkpt lat="49.04567" lon="2.0579">
        <ele>69.11</ele>
        <time>2017-01-08T08:29:53Z</time>
      </trkpt>
      <trkpt lat="49.04565" lon="2.05799">
        <ele>68.85</ele>
        <time>2017-01-08T08:30:01Z</time>
      </trkpt>
      <trkpt lat="49.04565" lon="2.05801">
        <ele>68.76</ele>
        <time>2017-01-08T08:30:02Z</time>
      </trkpt>
      <trkpt lat="49.04566" lon="2.05815">
        <ele>68.43</ele>
        <time>2017-01-08T08:30:06Z</time>
      </trkpt>
      <trkpt lat="49.04558" lon="2.0584">
        <ele>67.94</ele>
        <time>2017-01-08T08:30:13Z</time>
      </trkpt>
      <trkpt lat="49.04561" lon="2.05839">
        <ele>67.9</ele>
        <time>2017-01-08T08:30:19Z</time>
      </trkpt>
      <trkpt lat="49.04567" lon="2.05808">
        <ele>68.44</ele>
        <time>2017-01-08T08:30:28Z</time>
      </trkpt>
      <trkpt lat="49.04566" lon="2.05789">
        <ele>68.76</ele>
        <time>2017-01-08T08:30:34Z</time>
      </trkpt>
      <trkpt lat="49.0457" lon="2.05747">
        <ele>70.12</ele>
        <time>2017-01-08T08:30:44Z</time>
      </trkpt>
      <trkpt lat="49.04575" lon="2.05685">
        <ele>71.33</ele>
        <time>2017-01-08T08:30:56Z</time>
      </trkpt>
      <trkpt lat="49.04581" lon="2.05605">
        <ele>72.88</ele>
        <time>2017-01-08T08:31:11Z</time>
      </trkpt>
      <trkpt lat="49.04572" lon="2.05546">
        <ele>74.73</ele>
        <time>2017-01-08T08:31:22Z</time>
      </trkpt>
      <trkpt lat="49.04579" lon="2.05491">
        <ele>76.94</ele>
        <time>2017-01-08T08:31:34Z</time>
      </trkpt>
      <trkpt lat="49.04585" lon="2.05477">
        <ele>76.05</ele>
        <time>2017-01-08T08:31:37Z</time>
      </trkpt>
      <trkpt lat="49.04567" lon="2.05464">
        <ele>74.91</ele>
        <time>2017-01-08T08:31:45Z</time>
      </trkpt>
      <trkpt lat="49.04559" lon="2.05458">
        <ele>74.02</ele>
        <time>2017-01-08T08:31:47Z</time>
      </trkpt>
      <trkpt lat="49.04544" lon="2.05439">
        <ele>72.51</ele>
        <time>2017-01-08T08:31:52Z</time>
      </trkpt>
      <trkpt lat="49.04539" lon="2.05432">
        <ele>71.54</ele>
        <time>2017-01-08T08:31:54Z</time>
      </trkpt>
      <trkpt lat="49.04519" lon="2.05412">
        <ele>68.79</ele>
        <time>2017-01-08T08:32:03Z</time>
      </trkpt>
      <trkpt lat="49.04518" lon="2.05412">
        <ele>68.55</ele>
        <time>2017-01-08T08:32:04Z</time>
      </trkpt>
      <trkpt lat="49.04511" lon="2.05418">
        <ele>65.16</ele>
        <time>2017-01-08T08:32:08Z</time>
      </trkpt>
      <trkpt lat="49.04504" lon="2.05412">
        <ele>63.78</ele>
        <time>2017-01-08T08:32:11Z</time>
      </trkpt>
      <trkpt lat="49.04502" lon="2.05393">
        <ele>63.08</ele>
        <time>2017-01-08T08:32:14Z</time>
      </trkpt>
      <trkpt lat="49.04505" lon="2.0537">
        <ele>63.28</ele>
        <time>2017-01-08T08:32:18Z</time>
      </trkpt>
      <trkpt lat="49.0451" lon="2.05368">
        <ele>64.19</ele>
        <time>2017-01-08T08:32:23Z</time>
      </trkpt>
      <trkpt lat="49.04509" lon="2.05382">
        <ele>66.49</ele>
        <time>2017-01-08T08:32:30Z</time>
      </trkpt>
      <trkpt lat="49.0452" lon="2.05375">
        <ele>69.47</ele>
        <time>2017-01-08T08:32:39Z</time>
      </trkpt>
      <trkpt lat="49.04523" lon="2.05368">
        <ele>70.17</ele>
        <time>2017-01-08T08:32:42Z</time>
      </trkpt>
      <trkpt lat="49.04534" lon="2.05354">
        <ele>71.68</ele>
        <time>2017-01-08T08:32:50Z</time>
      </trkpt>
      <trkpt lat="49.04556" lon="2.05341">
        <ele>74.21</ele>
        <time>2017-01-08T08:33:02Z</time>
      </trkpt>
      <trkpt lat="49.04574" lon="2.05304">
        <ele>75.5</ele>
        <time>2017-01-08T08:33:13Z</time>
      </trkpt>
      <trkpt lat="49.04577" lon="2.05299">
        <ele>75.59</ele>
        <time>2017-01-08T08:33:15Z</time>
      </trkpt>
      <trkpt lat="49.04582" lon="2.05259">
        <ele>73.08</ele>
        <time>2017-01-08T08:33:23Z</time>
      </trkpt>
      <trkpt lat="49.04585" lon="2.05254">
        <ele>72.92</ele>
        <time>2017-01-08T08:33:24Z</time>
      </trkpt>
      <trkpt lat="49.04592" lon="2.0524">
        <ele>73.5</ele>
        <time>2017-01-08T08:33:27Z</time>
      </trkpt>
      <trkpt lat="49.04594" lon="2.05232">
        <ele>73.97</ele>
        <time>2017-01-08T08:33:29Z</time>
      </trkpt>
      <trkpt lat="49.04626" lon="2.0522">
        <ele>77.44</ele>
        <time>2017-01-08T08:33:39Z</time>
      </trkpt>
      <trkpt lat="49.0466" lon="2.05217">
        <ele>79</ele>
        <time>2017-01-08T08:33:51Z</time>
      </trkpt>
      <trkpt lat="49.04671" lon="2.05179">
        <ele>79.22</ele>
        <time>2017-01-08T08:34:04Z</time>
      </trkpt>
      <trkpt lat="49.0467" lon="2.05152">
        <ele>78.52</ele>
        <time>2017-01-08T08:34:10Z</time>
      </trkpt>
      <trkpt lat="49.04671" lon="2.05132">
        <ele>77.34</ele>
        <time>2017-01-08T08:34:13Z</time>
      </trkpt>
      <trkpt lat="49.04677" lon="2.05119">
        <ele>76.31</ele>
        <time>2017-01-08T08:34:19Z</time>
      </trkpt>
      <trkpt lat="49.04684" lon="2.05066">
        <ele>76.46</ele>
        <time>2017-01-08T08:34:31Z</time>
      </trkpt>
      <trkpt lat="49.04687" lon="2.0505">
        <ele>77.04</ele>
        <time>2017-01-08T08:34:39Z</time>
      </trkpt>
      <trkpt lat="49.04695" lon="2.04996">
        <ele>77.58</ele>
        <time>2017-01-08T08:34:52Z</time>
      </trkpt>
      <trkpt lat="49.04708" lon="2.04939">
        <ele>81.22</ele>
        <time>2017-01-08T08:35:04Z</time>
      </trkpt>
      <trkpt lat="49.04708" lon="2.04934">
        <ele>81.5</ele>
        <time>2017-01-08T08:35:05Z</time>
      </trkpt>
      <trkpt lat="49.04709" lon="2.04923">
        <ele>81.71</ele>
        <time>2017-01-08T08:35:07Z</time>
      </trkpt>
      <trkpt lat="49.0471" lon="2.04893">
        <ele>81.4</ele>
        <time>2017-01-08T08:35:11Z</time>
      </trkpt>
      <trkpt lat="49.04721" lon="2.04807">
        <ele>82.04</ele>
        <time>2017-01-08T08:35:25Z</time>
      </trkpt>
      <trkpt lat="49.04721" lon="2.048">
        <ele>81.96</ele>
        <time>2017-01-08T08:35:26Z</time>
      </trkpt>
      <trkpt lat="49.04704" lon="2.04742">
        <ele>81.26</ele>
        <time>2017-01-08T08:35:35Z</time>
      </trkpt>
      <trkpt lat="49.04698" lon="2.0473">
        <ele>80.91</ele>
        <time>2017-01-08T08:35:37Z</time>
      </trkpt>
      <trkpt lat="49.04688" lon="2.047">
        <ele>81.13</ele>
        <time>2017-01-08T08:35:43Z</time>
      </trkpt>
      <trkpt lat="49.04675" lon="2.04672">
        <ele>80.69</ele>
        <time>2017-01-08T08:35:50Z</time>
      </trkpt>
      <trkpt lat="49.04652" lon="2.04645">
        <ele>79.6</ele>
        <time>2017-01-08T08:35:57Z</time>
      </trkpt>
      <trkpt lat="49.04653" lon="2.04631">
        <ele>79.62</ele>
        <time>2017-01-08T08:35:59Z</time>
      </trkpt>
      <trkpt lat="49.04654" lon="2.04604">
        <ele>79.49</ele>
        <time>2017-01-08T08:36:03Z</time>
      </trkpt>
      <trkpt lat="49.04648" lon="2.0457">
        <ele>79.71</ele>
        <time>2017-01-08T08:36:08Z</time>
      </trkpt>
      <trkpt lat="49.04628" lon="2.0453">
        <ele>79.97</ele>
        <time>2017-01-08T08:36:15Z</time>
      </trkpt>
      <trkpt lat="49.04599" lon="2.04526">
        <ele>79.49</ele>
        <time>2017-01-08T08:36:22Z</time>
      </trkpt>
      <trkpt lat="49.04589" lon="2.04537">
        <ele>79.12</ele>
        <time>2017-01-08T08:36:25Z</time>
      </trkpt>
      <trkpt lat="49.04584" lon="2.04542">
        <ele>78.68</ele>
        <time>2017-01-08T08:36:27Z</time>
      </trkpt>
      <trkpt lat="49.04541" lon="2.04594">
        <ele>74.9</ele>
        <time>2017-01-08T08:36:36Z</time>
      </trkpt>
      <trkpt lat="49.04522" lon="2.0462">
        <ele>72.07</ele>
        <time>2017-01-08T08:36:40Z</time>
      </trkpt>
      <trkpt lat="49.04511" lon="2.04646">
        <ele>71.41</ele>
        <time>2017-01-08T08:36:44Z</time>
      </trkpt>
      <trkpt lat="49.04503" lon="2.04662">
        <ele>71.59</ele>
        <time>2017-01-08T08:36:47Z</time>
      </trkpt>
      <trkpt lat="49.04487" lon="2.04676">
        <ele>67.12</ele>
        <time>2017-01-08T08:36:53Z</time>
      </trkpt>
      <trkpt lat="49.04475" lon="2.04677">
        <ele>64.03</ele>
        <time>2017-01-08T08:36:57Z</time>
      </trkpt>
      <trkpt lat="49.04472" lon="2.04695">
        <ele>62.49</ele>
        <time>2017-01-08T08:37:00Z</time>
      </trkpt>
      <trkpt lat="49.04468" lon="2.04726">
        <ele>59.43</ele>
        <time>2017-01-08T08:37:10Z</time>
      </trkpt>
      <trkpt lat="49.04466" lon="2.04728">
        <ele>59.27</ele>
        <time>2017-01-08T08:37:12Z</time>
      </trkpt>
      <trkpt lat="49.04444" lon="2.04737">
        <ele>55.97</ele>
        <time>2017-01-08T08:37:18Z</time>
      </trkpt>
      <trkpt lat="49.04435" lon="2.04742">
        <ele>53.81</ele>
        <time>2017-01-08T08:37:20Z</time>
      </trkpt>
      <trkpt lat="49.04421" lon="2.04743">
        <ele>48.99</ele>
        <time>2017-01-08T08:37:24Z</time>
      </trkpt>
      <trkpt lat="49.04419" lon="2.04745">
        <ele>48.22</ele>
        <time>2017-01-08T08:37:25Z</time>
      </trkpt>
      <trkpt lat="49.04417" lon="2.04751">
        <ele>46.97</ele>
        <time>2017-01-08T08:37:28Z</time>
      </trkpt>
      <trkpt lat="49.04418" lon="2.04755">
        <ele>46.9</ele>
        <time>2017-01-08T08:37:29Z</time>
      </trkpt>
      <trkpt lat="49.0442" lon="2.0477">
        <ele>47.96</ele>
        <time>2017-01-08T08:37:33Z</time>
      </trkpt>
      <trkpt lat="49.0441" lon="2.04784">
        <ele>48.14</ele>
        <time>2017-01-08T08:37:37Z</time>
      </trkpt>
      <trkpt lat="49.0439" lon="2.04801">
        <ele>44.59</ele>
        <time>2017-01-08T08:37:42Z</time>
      </trkpt>
      <trkpt lat="49.04379" lon="2.04809">
        <ele>41.56</ele>
        <time>2017-01-08T08:37:46Z</time>
      </trkpt>
      <trkpt lat="49.04377" lon="2.04807">
        <ele>40.18</ele>
        <time>2017-01-08T08:37:49Z</time>
      </trkpt>
      <trkpt lat="49.0436" lon="2.04795">
        <ele>38.66</ele>
        <time>2017-01-08T08:37:56Z</time>
      </trkpt>
      <trkpt lat="49.04354" lon="2.04798">
        <ele>37.24</ele>
        <time>2017-01-08T08:37:59Z</time>
      </trkpt>
      <trkpt lat="49.04352" lon="2.04801">
        <ele>35.66</ele>
        <time>2017-01-08T08:38:01Z</time>
      </trkpt>
      <trkpt lat="49.04353" lon="2.04807">
        <ele>35.12</ele>
        <time>2017-01-08T08:38:18Z</time>
      </trkpt>
      <trkpt lat="49.0435" lon="2.048">
        <ele>35.35</ele>
        <time>2017-01-08T08:38:37Z</time>
      </trkpt>
      <trkpt lat="49.04346" lon="2.04804">
        <ele>35.23</ele>
        <time>2017-01-08T08:38:56Z</time>
      </trkpt>
      <trkpt lat="49.04336" lon="2.04757">
        <ele>35.51</ele>
        <time>2017-01-08T08:39:07Z</time>
      </trkpt>
      <trkpt lat="49.04324" lon="2.04698">
        <ele>35.85</ele>
        <time>2017-01-08T08:39:17Z</time>
      </trkpt>
      <trkpt lat="49.04321" lon="2.04685">
        <ele>35.6</ele>
        <time>2017-01-08T08:39:19Z</time>
      </trkpt>
      <trkpt lat="49.04318" lon="2.04672">
        <ele>35.77</ele>
        <time>2017-01-08T08:39:21Z</time>
      </trkpt>
      <trkpt lat="49.04302" lon="2.04665">
        <ele>35.11</ele>
        <time>2017-01-08T08:39:26Z</time>
      </trkpt>
      <trkpt lat="49.04267" lon="2.04696">
        <ele>30.3</ele>
        <time>2017-01-08T08:39:32Z</time>
      </trkpt>
      <trkpt lat="49.04251" lon="2.04711">
        <ele>27.38</ele>
        <time>2017-01-08T08:39:35Z</time>
      </trkpt>
      <trkpt lat="49.04221" lon="2.04731">
        <ele>23.05</ele>
        <time>2017-01-08T08:39:41Z</time>
      </trkpt>
      <trkpt lat="49.04181" lon="2.04773">
        <ele>18.62</ele>
        <time>2017-01-08T08:39:47Z</time>
      </trkpt>
      <trkpt lat="49.04162" lon="2.04791">
        <ele>16.08</ele>
        <time>2017-01-08T08:39:50Z</time>
      </trkpt>
      <trkpt lat="49.04134" lon="2.04785">
        <ele>12.36</ele>
        <time>2017-01-08T08:39:58Z</time>
      </trkpt>
      <trkpt lat="49.04134" lon="2.04772">
        <ele>12.65</ele>
        <time>2017-01-08T08:40:00Z</time>
      </trkpt>
      <trkpt lat="49.04133" lon="2.04754">
        <ele>12.62</ele>
        <time>2017-01-08T08:40:03Z</time>
      </trkpt>
      <trkpt lat="49.04112" lon="2.04674">
        <ele>12.4</ele>
        <time>2017-01-08T08:40:17Z</time>
      </trkpt>
      <trkpt lat="49.04095" lon="2.04626">
        <ele>12.33</ele>
        <time>2017-01-08T08:40:26Z</time>
      </trkpt>
      <trkpt lat="49.04074" lon="2.04595">
        <ele>12.21</ele>
        <time>2017-01-08T08:40:33Z</time>
      </trkpt>
      <trkpt lat="49.04041" lon="2.04546">
        <ele>12.77</ele>
        <time>2017-01-08T08:40:45Z</time>
      </trkpt>
      <trkpt lat="49.04006" lon="2.04499">
        <ele>12.42</ele>
        <time>2017-01-08T08:40:58Z</time>
      </trkpt>
      <trkpt lat="49.03986" lon="2.04463">
        <ele>13.03</ele>
        <time>2017-01-08T08:41:05Z</time>
      </trkpt>
      <trkpt lat="49.03969" lon="2.04453">
        <ele>12.67</ele>
        <time>2017-01-08T08:41:11Z</time>
      </trkpt>
      <trkpt lat="49.03959" lon="2.04438">
        <ele>13.22</ele>
        <time>2017-01-08T08:41:15Z</time>
      </trkpt>
      <trkpt lat="49.0393" lon="2.04396">
        <ele>13.23</ele>
        <time>2017-01-08T08:41:27Z</time>
      </trkpt>
      <trkpt lat="49.03904" lon="2.04355">
        <ele>12.98</ele>
        <time>2017-01-08T08:41:38Z</time>
      </trkpt>
      <trkpt lat="49.03898" lon="2.0435">
        <ele>12.89</ele>
        <time>2017-01-08T08:41:41Z</time>
      </trkpt>
      <trkpt lat="49.03886" lon="2.04303">
        <ele>13.12</ele>
        <time>2017-01-08T08:41:50Z</time>
      </trkpt>
      <trkpt lat="49.03887" lon="2.04297">
        <ele>13.14</ele>
        <time>2017-01-08T08:41:51Z</time>
      </trkpt>
      <trkpt lat="49.03891" lon="2.04256">
        <ele>12.35</ele>
        <time>2017-01-08T08:41:57Z</time>
      </trkpt>
      <trkpt lat="49.0393" lon="2.04197">
        <ele>11.19</ele>
        <time>2017-01-08T08:42:10Z</time>
      </trkpt>
      <trkpt lat="49.03943" lon="2.04181">
        <ele>11.03</ele>
        <time>2017-01-08T08:42:14Z</time>
      </trkpt>
      <trkpt lat="49.03949" lon="2.04141">
        <ele>11.2</ele>
        <time>2017-01-08T08:42:22Z</time>
      </trkpt>
      <trkpt lat="49.03946" lon="2.04136">
        <ele>11.19</ele>
        <time>2017-01-08T08:42:23Z</time>
      </trkpt>
      <trkpt lat="49.03909" lon="2.0407">
        <ele>11.05</ele>
        <time>2017-01-08T08:42:36Z</time>
      </trkpt>
      <trkpt lat="49.03895" lon="2.04068">
        <ele>11.12</ele>
        <time>2017-01-08T08:42:40Z</time>
      </trkpt>
      <trkpt lat="49.03873" lon="2.04075">
        <ele>12.72</ele>
        <time>2017-01-08T08:42:47Z</time>
      </trkpt>
      <trkpt lat="49.03875" lon="2.04065">
        <ele>13.21</ele>
        <time>2017-01-08T08:42:51Z</time>
      </trkpt>
      <trkpt lat="49.03922" lon="2.04014">
        <ele>16.66</ele>
        <time>2017-01-08T08:43:08Z</time>
      </trkpt>
      <trkpt lat="49.03939" lon="2.04015">
        <ele>19.03</ele>
        <time>2017-01-08T08:43:14Z</time>
      </trkpt>
      <trkpt lat="49.03954" lon="2.03989">
        <ele>22.17</ele>
        <time>2017-01-08T08:43:25Z</time>
      </trkpt>
      <trkpt lat="49.03966" lon="2.03972">
        <ele>24.46</ele>
        <time>2017-01-08T08:43:35Z</time>
      </trkpt>
      <trkpt lat="49.03975" lon="2.0398">
        <ele>24.99</ele>
        <time>2017-01-08T08:43:39Z</time>
      </trkpt>
      <trkpt lat="49.03982" lon="2.03989">
        <ele>25.3</ele>
        <time>2017-01-08T08:43:42Z</time>
      </trkpt>
      <trkpt lat="49.03997" lon="2.03985">
        <ele>25.54</ele>
        <time>2017-01-08T08:43:48Z</time>
      </trkpt>
      <trkpt lat="49.04004" lon="2.03994">
        <ele>25.72</ele>
        <time>2017-01-08T08:43:52Z</time>
      </trkpt>
      <trkpt lat="49.04017" lon="2.04013">
        <ele>26.32</ele>
        <time>2017-01-08T08:43:58Z</time>
      </trkpt>
      <trkpt lat="49.04033" lon="2.04031">
        <ele>27.22</ele>
        <time>2017-01-08T08:44:05Z</time>
      </trkpt>
      <trkpt lat="49.04037" lon="2.04017">
        <ele>28.81</ele>
        <time>2017-01-08T08:44:12Z</time>
      </trkpt>
      <trkpt lat="49.04043" lon="2.03992">
        <ele>30.24</ele>
        <time>2017-01-08T08:44:20Z</time>
      </trkpt>
      <trkpt lat="49.04069" lon="2.03962">
        <ele>33.58</ele>
        <time>2017-01-08T08:44:33Z</time>
      </trkpt>
      <trkpt lat="49.04092" lon="2.03937">
        <ele>35.71</ele>
        <time>2017-01-08T08:44:44Z</time>
      </trkpt>
      <trkpt lat="49.04109" lon="2.03954">
        <ele>37.15</ele>
        <time>2017-01-08T08:44:53Z</time>
      </trkpt>
      <trkpt lat="49.04142" lon="2.03985">
        <ele>40.24</ele>
        <time>2017-01-08T08:45:08Z</time>
      </trkpt>
      <trkpt lat="49.0417" lon="2.04044">
        <ele>40.84</ele>
        <time>2017-01-08T08:45:21Z</time>
      </trkpt>
      <trkpt lat="49.04203" lon="2.04102">
        <ele>43.31</ele>
        <time>2017-01-08T08:45:36Z</time>
      </trkpt>
      <trkpt lat="49.04226" lon="2.04109">
        <ele>46.44</ele>
        <time>2017-01-08T08:45:46Z</time>
      </trkpt>
      <trkpt lat="49.04245" lon="2.04116">
        <ele>49.73</ele>
        <time>2017-01-08T08:45:54Z</time>
      </trkpt>
      <trkpt lat="49.04268" lon="2.04155">
        <ele>52.13</ele>
        <time>2017-01-08T08:46:06Z</time>
      </trkpt>
      <trkpt lat="49.04273" lon="2.04164">
        <ele>52.46</ele>
        <time>2017-01-08T08:46:09Z</time>
      </trkpt>
      <trkpt lat="49.04272" lon="2.04145">
        <ele>53.8</ele>
        <time>2017-01-08T08:46:15Z</time>
      </trkpt>
      <trkpt lat="49.04269" lon="2.04133">
        <ele>54.24</ele>
        <time>2017-01-08T08:46:18Z</time>
      </trkpt>
      <trkpt lat="49.04272" lon="2.04126">
        <ele>55.23</ele>
        <time>2017-01-08T08:46:22Z</time>
      </trkpt>
      <trkpt lat="49.04302" lon="2.04159">
        <ele>58.17</ele>
        <time>2017-01-08T08:46:38Z</time>
      </trkpt>
      <trkpt lat="49.04303" lon="2.04146">
        <ele>59.21</ele>
        <time>2017-01-08T08:46:45Z</time>
      </trkpt>
      <trkpt lat="49.04288" lon="2.04106">
        <ele>62.39</ele>
        <time>2017-01-08T08:46:59Z</time>
      </trkpt>
      <trkpt lat="49.04279" lon="2.0407">
        <ele>64.42</ele>
        <time>2017-01-08T08:47:10Z</time>
      </trkpt>
      <trkpt lat="49.04275" lon="2.0402">
        <ele>67.19</ele>
        <time>2017-01-08T08:47:24Z</time>
      </trkpt>
      <trkpt lat="49.04267" lon="2.03976">
        <ele>70.21</ele>
        <time>2017-01-08T08:47:37Z</time>
      </trkpt>
      <trkpt lat="49.04258" lon="2.03931">
        <ele>73.34</ele>
        <time>2017-01-08T08:47:49Z</time>
      </trkpt>
      <trkpt lat="49.04243" lon="2.03889">
        <ele>76.11</ele>
        <time>2017-01-08T08:48:01Z</time>
      </trkpt>
      <trkpt lat="49.04255" lon="2.03882">
        <ele>78.36</ele>
        <time>2017-01-08T08:48:11Z</time>
      </trkpt>
      <trkpt lat="49.04257" lon="2.03883">
        <ele>78.53</ele>
        <time>2017-01-08T08:48:12Z</time>
      </trkpt>
      <trkpt lat="49.0428" lon="2.03894">
        <ele>79.38</ele>
        <time>2017-01-08T08:48:28Z</time>
      </trkpt>
      <trkpt lat="49.0428" lon="2.03895">
        <ele>79.44</ele>
        <time>2017-01-08T08:48:29Z</time>
      </trkpt>
      <trkpt lat="49.04286" lon="2.03888">
        <ele>79.95</ele>
        <time>2017-01-08T08:48:37Z</time>
      </trkpt>
      <trkpt lat="49.04291" lon="2.03877">
        <ele>81.77</ele>
        <time>2017-01-08T08:48:48Z</time>
      </trkpt>
      <trkpt lat="49.0429" lon="2.03867">
        <ele>81.43</ele>
        <time>2017-01-08T08:48:54Z</time>
      </trkpt>
      <trkpt lat="49.04279" lon="2.03846">
        <ele>81.08</ele>
        <time>2017-01-08T08:49:03Z</time>
      </trkpt>
      <trkpt lat="49.04282" lon="2.03828">
        <ele>80.28</ele>
        <time>2017-01-08T08:49:09Z</time>
      </trkpt>
      <trkpt lat="49.04283" lon="2.03817">
        <ele>80.09</ele>
        <time>2017-01-08T08:49:12Z</time>
      </trkpt>
      <trkpt lat="49.04291" lon="2.03806">
        <ele>80.59</ele>
        <time>2017-01-08T08:49:16Z</time>
      </trkpt>
      <trkpt lat="49.04316" lon="2.03775">
        <ele>82.42</ele>
        <time>2017-01-08T08:49:29Z</time>
      </trkpt>
      <trkpt lat="49.04326" lon="2.03742">
        <ele>84.47</ele>
        <time>2017-01-08T08:49:40Z</time>
      </trkpt>
      <trkpt lat="49.04327" lon="2.03729">
        <ele>86.39</ele>
        <time>2017-01-08T08:49:45Z</time>
      </trkpt>
      <trkpt lat="49.04321" lon="2.03724">
        <ele>87.21</ele>
        <time>2017-01-08T08:49:49Z</time>
      </trkpt>
      <trkpt lat="49.04278" lon="2.03732">
        <ele>85.68</ele>
        <time>2017-01-08T08:50:03Z</time>
      </trkpt>
      <trkpt lat="49.04238" lon="2.03742">
        <ele>84.44</ele>
        <time>2017-01-08T08:50:14Z</time>
      </trkpt>
      <trkpt lat="49.04202" lon="2.03747">
        <ele>83.71</ele>
        <time>2017-01-08T08:50:27Z</time>
      </trkpt>
      <trkpt lat="49.04188" lon="2.03744">
        <ele>81.15</ele>
        <time>2017-01-08T08:50:33Z</time>
      </trkpt>
      <trkpt lat="49.04171" lon="2.03743">
        <ele>76.38</ele>
        <time>2017-01-08T08:50:38Z</time>
      </trkpt>
      <trkpt lat="49.04169" lon="2.03745">
        <ele>76.18</ele>
        <time>2017-01-08T08:50:39Z</time>
      </trkpt>
      <trkpt lat="49.04156" lon="2.03763">
        <ele>71.57</ele>
        <time>2017-01-08T08:50:46Z</time>
      </trkpt>
      <trkpt lat="49.04149" lon="2.03771">
        <ele>68.05</ele>
        <time>2017-01-08T08:50:48Z</time>
      </trkpt>
      <trkpt lat="49.04142" lon="2.03783">
        <ele>64.86</ele>
        <time>2017-01-08T08:50:51Z</time>
      </trkpt>
      <trkpt lat="49.04139" lon="2.0379">
        <ele>63.4</ele>
        <time>2017-01-08T08:50:53Z</time>
      </trkpt>
      <trkpt lat="49.04152" lon="2.03811">
        <ele>61.53</ele>
        <time>2017-01-08T08:51:02Z</time>
      </trkpt>
      <trkpt lat="49.04143" lon="2.03814">
        <ele>58.13</ele>
        <time>2017-01-08T08:51:11Z</time>
      </trkpt>
      <trkpt lat="49.04142" lon="2.03815">
        <ele>57.53</ele>
        <time>2017-01-08T08:51:12Z</time>
      </trkpt>
      <trkpt lat="49.04134" lon="2.0382">
        <ele>55.01</ele>
        <time>2017-01-08T08:51:15Z</time>
      </trkpt>
      <trkpt lat="49.04125" lon="2.03827">
        <ele>52</ele>
        <time>2017-01-08T08:51:17Z</time>
      </trkpt>
      <trkpt lat="49.04111" lon="2.03842">
        <ele>47.21</ele>
        <time>2017-01-08T08:51:20Z</time>
      </trkpt>
      <trkpt lat="49.041" lon="2.03854">
        <ele>44.79</ele>
        <time>2017-01-08T08:51:22Z</time>
      </trkpt>
      <trkpt lat="49.04082" lon="2.03873">
        <ele>40.66</ele>
        <time>2017-01-08T08:51:26Z</time>
      </trkpt>
      <trkpt lat="49.04063" lon="2.03863">
        <ele>39.06</ele>
        <time>2017-01-08T08:51:31Z</time>
      </trkpt>
      <trkpt lat="49.04031" lon="2.03809">
        <ele>38.31</ele>
        <time>2017-01-08T08:51:45Z</time>
      </trkpt>
      <trkpt lat="49.04037" lon="2.03776">
        <ele>40.49</ele>
        <time>2017-01-08T08:51:53Z</time>
      </trkpt>
      <trkpt lat="49.04017" lon="2.03742">
        <ele>42.78</ele>
        <time>2017-01-08T08:52:01Z</time>
      </trkpt>
      <trkpt lat="49.03983" lon="2.03671">
        <ele>43.56</ele>
        <time>2017-01-08T08:52:14Z</time>
      </trkpt>
      <trkpt lat="49.03962" lon="2.03659">
        <ele>42.89</ele>
        <time>2017-01-08T08:52:19Z</time>
      </trkpt>
      <trkpt lat="49.0395" lon="2.03651">
        <ele>41.33</ele>
        <time>2017-01-08T08:52:23Z</time>
      </trkpt>
      <trkpt lat="49.03924" lon="2.03634">
        <ele>40.72</ele>
        <time>2017-01-08T08:52:33Z</time>
      </trkpt>
      <trkpt lat="49.03903" lon="2.0361">
        <ele>39.78</ele>
        <time>2017-01-08T08:52:44Z</time>
      </trkpt>
      <trkpt lat="49.039" lon="2.03606">
        <ele>39.95</ele>
        <time>2017-01-08T08:52:47Z</time>
      </trkpt>
      <trkpt lat="49.03885" lon="2.03583">
        <ele>39.18</ele>
        <time>2017-01-08T08:52:57Z</time>
      </trkpt>
      <trkpt lat="49.03874" lon="2.03577">
        <ele>38.73</ele>
        <time>2017-01-08T08:53:01Z</time>
      </trkpt>
      <trkpt lat="49.03865" lon="2.03567">
        <ele>38.52</ele>
        <time>2017-01-08T08:53:04Z</time>
      </trkpt>
      <trkpt lat="49.03832" lon="2.03555">
        <ele>37.32</ele>
        <time>2017-01-08T08:53:15Z</time>
      </trkpt>
      <trkpt lat="49.03826" lon="2.03547">
        <ele>37.25</ele>
        <time>2017-01-08T08:53:17Z</time>
      </trkpt>
      <trkpt lat="49.03801" lon="2.03503">
        <ele>38.58</ele>
        <time>2017-01-08T08:53:28Z</time>
      </trkpt>
      <trkpt lat="49.03778" lon="2.03463">
        <ele>41.75</ele>
        <time>2017-01-08T08:53:40Z</time>
      </trkpt>
      <trkpt lat="49.0376" lon="2.03438">
        <ele>42.73</ele>
        <time>2017-01-08T08:53:49Z</time>
      </trkpt>
      <trkpt lat="49.03755" lon="2.03424">
        <ele>43.39</ele>
        <time>2017-01-08T08:53:53Z</time>
      </trkpt>
      <trkpt lat="49.03744" lon="2.03405">
        <ele>43.75</ele>
        <time>2017-01-08T08:53:59Z</time>
      </trkpt>
      <trkpt lat="49.03721" lon="2.03364">
        <ele>42.88</ele>
        <time>2017-01-08T08:54:09Z</time>
      </trkpt>
      <trkpt lat="49.03718" lon="2.03341">
        <ele>43.35</ele>
        <time>2017-01-08T08:54:14Z</time>
      </trkpt>
      <trkpt lat="49.03712" lon="2.03292">
        <ele>42.79</ele>
        <time>2017-01-08T08:54:26Z</time>
      </trkpt>
      <trkpt lat="49.0371" lon="2.03288">
        <ele>42.73</ele>
        <time>2017-01-08T08:54:28Z</time>
      </trkpt>
      <trkpt lat="49.03708" lon="2.03286">
        <ele>42.75</ele>
        <time>2017-01-08T08:54:30Z</time>
      </trkpt>
      <trkpt lat="49.03699" lon="2.03317">
        <ele>40.5</ele>
        <time>2017-01-08T08:54:40Z</time>
      </trkpt>
      <trkpt lat="49.03684" lon="2.03327">
        <ele>37.54</ele>
        <time>2017-01-08T08:54:45Z</time>
      </trkpt>
      <trkpt lat="49.03656" lon="2.03341">
        <ele>32.44</ele>
        <time>2017-01-08T08:54:52Z</time>
      </trkpt>
      <trkpt lat="49.0365" lon="2.03342">
        <ele>31.82</ele>
        <time>2017-01-08T08:54:54Z</time>
      </trkpt>
      <trkpt lat="49.03647" lon="2.03341">
        <ele>31.48</ele>
        <time>2017-01-08T08:54:55Z</time>
      </trkpt>
      <trkpt lat="49.03641" lon="2.03325">
        <ele>30.46</ele>
        <time>2017-01-08T08:54:59Z</time>
      </trkpt>
      <trkpt lat="49.03651" lon="2.03272">
        <ele>31.99</ele>
        <time>2017-01-08T08:55:11Z</time>
      </trkpt>
      <trkpt lat="49.03635" lon="2.03254">
        <ele>31.69</ele>
        <time>2017-01-08T08:55:21Z</time>
      </trkpt>
      <trkpt lat="49.03633" lon="2.03247">
        <ele>31.43</ele>
        <time>2017-01-08T08:55:23Z</time>
      </trkpt>
      <trkpt lat="49.03626" lon="2.03209">
        <ele>31.25</ele>
        <time>2017-01-08T08:55:38Z</time>
      </trkpt>
      <trkpt lat="49.03623" lon="2.03192">
        <ele>31.05</ele>
        <time>2017-01-08T08:55:47Z</time>
      </trkpt>
      <trkpt lat="49.03629" lon="2.03188">
        <ele>31.35</ele>
        <time>2017-01-08T08:55:51Z</time>
      </trkpt>
      <trkpt lat="49.03657" lon="2.03176">
        <ele>34.61</ele>
        <time>2017-01-08T08:56:03Z</time>
      </trkpt>
      <trkpt lat="49.03675" lon="2.03166">
        <ele>37.81</ele>
        <time>2017-01-08T08:56:12Z</time>
      </trkpt>
      <trkpt lat="49.03683" lon="2.03163">
        <ele>40.01</ele>
        <time>2017-01-08T08:56:16Z</time>
      </trkpt>
      <trkpt lat="49.03679" lon="2.0312">
        <ele>39.95</ele>
        <time>2017-01-08T08:56:27Z</time>
      </trkpt>
      <trkpt lat="49.03669" lon="2.03078">
        <ele>39.37</ele>
        <time>2017-01-08T08:56:35Z</time>
      </trkpt>
      <trkpt lat="49.03649" lon="2.03077">
        <ele>35.96</ele>
        <time>2017-01-08T08:56:43Z</time>
      </trkpt>
      <trkpt lat="49.03625" lon="2.03084">
        <ele>31.1</ele>
        <time>2017-01-08T08:56:48Z</time>
      </trkpt>
      <trkpt lat="49.03604" lon="2.03096">
        <ele>27.63</ele>
        <time>2017-01-08T08:56:54Z</time>
      </trkpt>
      <trkpt lat="49.036" lon="2.03098">
        <ele>27.33</ele>
        <time>2017-01-08T08:56:55Z</time>
      </trkpt>
      <trkpt lat="49.03579" lon="2.03105">
        <ele>24.63</ele>
        <time>2017-01-08T08:57:00Z</time>
      </trkpt>
      <trkpt lat="49.03577" lon="2.03109">
        <ele>23.97</ele>
        <time>2017-01-08T08:57:03Z</time>
      </trkpt>
      <trkpt lat="49.03563" lon="2.03112">
        <ele>23.26</ele>
        <time>2017-01-08T08:57:10Z</time>
      </trkpt>
      <trkpt lat="49.03567" lon="2.03061">
        <ele>24.17</ele>
        <time>2017-01-08T08:57:23Z</time>
      </trkpt>
      <trkpt lat="49.0358" lon="2.03002">
        <ele>25.5</ele>
        <time>2017-01-08T08:57:36Z</time>
      </trkpt>
      <trkpt lat="49.03584" lon="2.02944">
        <ele>26.8</ele>
        <time>2017-01-08T08:57:48Z</time>
      </trkpt>
      <trkpt lat="49.03573" lon="2.02939">
        <ele>27.31</ele>
        <time>2017-01-08T08:57:52Z</time>
      </trkpt>
      <trkpt lat="49.03523" lon="2.02953">
        <ele>30.57</ele>
        <time>2017-01-08T08:58:07Z</time>
      </trkpt>
      <trkpt lat="49.03516" lon="2.02998">
        <ele>33.1</ele>
        <time>2017-01-08T08:58:17Z</time>
      </trkpt>
      <trkpt lat="49.03508" lon="2.03044">
        <ele>36.26</ele>
        <time>2017-01-08T08:58:30Z</time>
      </trkpt>
      <trkpt lat="49.03501" lon="2.03064">
        <ele>36.26</ele>
        <time>2017-01-08T08:58:37Z</time>
      </trkpt>
      <trkpt lat="49.03483" lon="2.03101">
        <ele>35.39</ele>
        <time>2017-01-08T08:58:44Z</time>
      </trkpt>
      <trkpt lat="49.03467" lon="2.03133">
        <ele>35.14</ele>
        <time>2017-01-08T08:58:50Z</time>
      </trkpt>
      <trkpt lat="49.0343" lon="2.03132">
        <ele>38.49</ele>
        <time>2017-01-08T08:59:04Z</time>
      </trkpt>
      <trkpt lat="49.03395" lon="2.03153">
        <ele>40.5</ele>
        <time>2017-01-08T08:59:15Z</time>
      </trkpt>
      <trkpt lat="49.03369" lon="2.03157">
        <ele>40.6</ele>
        <time>2017-01-08T08:59:23Z</time>
      </trkpt>
      <trkpt lat="49.03367" lon="2.03146">
        <ele>41.61</ele>
        <time>2017-01-08T08:59:28Z</time>
      </trkpt>
      <trkpt lat="49.03375" lon="2.03108">
        <ele>44.98</ele>
        <time>2017-01-08T08:59:41Z</time>
      </trkpt>
      <trkpt lat="49.03378" lon="2.0307">
        <ele>48.18</ele>
        <time>2017-01-08T08:59:53Z</time>
      </trkpt>
      <trkpt lat="49.03385" lon="2.03035">
        <ele>51.49</ele>
        <time>2017-01-08T09:00:04Z</time>
      </trkpt>
      <trkpt lat="49.03397" lon="2.02996">
        <ele>54.59</ele>
        <time>2017-01-08T09:00:15Z</time>
      </trkpt>
      <trkpt lat="49.03399" lon="2.02965">
        <ele>57.09</ele>
        <time>2017-01-08T09:00:24Z</time>
      </trkpt>
      <trkpt lat="49.03398" lon="2.02963">
        <ele>57.53</ele>
        <time>2017-01-08T09:00:26Z</time>
      </trkpt>
      <trkpt lat="49.03396" lon="2.02976">
        <ele>58.42</ele>
        <time>2017-01-08T09:00:31Z</time>
      </trkpt>
      <trkpt lat="49.03388" lon="2.02996">
        <ele>62.03</ele>
        <time>2017-01-08T09:00:42Z</time>
      </trkpt>
      <trkpt lat="49.03375" lon="2.02996">
        <ele>65.27</ele>
        <time>2017-01-08T09:00:52Z</time>
      </trkpt>
      <trkpt lat="49.03365" lon="2.02988">
        <ele>68.35</ele>
        <time>2017-01-08T09:01:02Z</time>
      </trkpt>
      <trkpt lat="49.0336" lon="2.02984">
        <ele>69.31</ele>
        <time>2017-01-08T09:01:05Z</time>
      </trkpt>
      <trkpt lat="49.03348" lon="2.02986">
        <ele>70.08</ele>
        <time>2017-01-08T09:01:11Z</time>
      </trkpt>
      <trkpt lat="49.03341" lon="2.0298">
        <ele>70.76</ele>
        <time>2017-01-08T09:01:16Z</time>
      </trkpt>
      <trkpt lat="49.03334" lon="2.02971">
        <ele>71.81</ele>
        <time>2017-01-08T09:01:28Z</time>
      </trkpt>
      <trkpt lat="49.03332" lon="2.0297">
        <ele>71.92</ele>
        <time>2017-01-08T09:01:30Z</time>
      </trkpt>
      <trkpt lat="49.03329" lon="2.02971">
        <ele>72.26</ele>
        <time>2017-01-08T09:01:33Z</time>
      </trkpt>
      <trkpt lat="49.03325" lon="2.02989">
        <ele>70.56</ele>
        <time>2017-01-08T09:01:40Z</time>
      </trkpt>
      <trkpt lat="49.03324" lon="2.02993">
        <ele>69.98</ele>
        <time>2017-01-08T09:01:42Z</time>
      </trkpt>
      <trkpt lat="49.03326" lon="2.03003">
        <ele>67.81</ele>
        <time>2017-01-08T09:01:50Z</time>
      </trkpt>
      <trkpt lat="49.03315" lon="2.0301">
        <ele>66.49</ele>
        <time>2017-01-08T09:02:03Z</time>
      </trkpt>
      <trkpt lat="49.03316" lon="2.03012">
        <ele>66.29</ele>
        <time>2017-01-08T09:02:09Z</time>
      </trkpt>
      <trkpt lat="49.03313" lon="2.03031">
        <ele>63.28</ele>
        <time>2017-01-08T09:02:15Z</time>
      </trkpt>
      <trkpt lat="49.03308" lon="2.0305">
        <ele>59.89</ele>
        <time>2017-01-08T09:02:28Z</time>
      </trkpt>
      <trkpt lat="49.03309" lon="2.03055">
        <ele>58.9</ele>
        <time>2017-01-08T09:02:45Z</time>
      </trkpt>
      <trkpt lat="49.03304" lon="2.03058">
        <ele>58.53</ele>
        <time>2017-01-08T09:02:50Z</time>
      </trkpt>
      <trkpt lat="49.03301" lon="2.03068">
        <ele>55.81</ele>
        <time>2017-01-08T09:02:56Z</time>
      </trkpt>
      <trkpt lat="49.033" lon="2.03076">
        <ele>52.85</ele>
        <time>2017-01-08T09:03:03Z</time>
      </trkpt>
      <trkpt lat="49.03296" lon="2.03089">
        <ele>48.89</ele>
        <time>2017-01-08T09:03:08Z</time>
      </trkpt>
      <trkpt lat="49.03295" lon="2.03091">
        <ele>48.51</ele>
        <time>2017-01-08T09:03:09Z</time>
      </trkpt>
      <trkpt lat="49.03266" lon="2.03095">
        <ele>48.11</ele>
        <time>2017-01-08T09:03:22Z</time>
      </trkpt>
      <trkpt lat="49.03261" lon="2.03094">
        <ele>48.03</ele>
        <time>2017-01-08T09:03:27Z</time>
      </trkpt>
      <trkpt lat="49.03251" lon="2.03083">
        <ele>49.99</ele>
        <time>2017-01-08T09:03:34Z</time>
      </trkpt>
      <trkpt lat="49.0324" lon="2.03072">
        <ele>52.43</ele>
        <time>2017-01-08T09:03:42Z</time>
      </trkpt>
      <trkpt lat="49.03221" lon="2.03077">
        <ele>51.76</ele>
        <time>2017-01-08T09:03:49Z</time>
      </trkpt>
      <trkpt lat="49.03197" lon="2.03081">
        <ele>49.62</ele>
        <time>2017-01-08T09:03:54Z</time>
      </trkpt>
      <trkpt lat="49.03183" lon="2.0308">
        <ele>49.64</ele>
        <time>2017-01-08T09:03:57Z</time>
      </trkpt>
      <trkpt lat="49.03159" lon="2.03073">
        <ele>50.09</ele>
        <time>2017-01-08T09:04:03Z</time>
      </trkpt>
      <trkpt lat="49.03126" lon="2.03055">
        <ele>52.06</ele>
        <time>2017-01-08T09:04:16Z</time>
      </trkpt>
      <trkpt lat="49.03124" lon="2.03054">
        <ele>52.05</ele>
        <time>2017-01-08T09:04:23Z</time>
      </trkpt>
      <trkpt lat="49.0312" lon="2.03055">
        <ele>52.17</ele>
        <time>2017-01-08T09:04:32Z</time>
      </trkpt>
      <trkpt lat="49.03136" lon="2.03062">
        <ele>51.94</ele>
        <time>2017-01-08T09:04:38Z</time>
      </trkpt>
      <trkpt lat="49.0315" lon="2.03068">
        <ele>51.53</ele>
        <time>2017-01-08T09:04:41Z</time>
      </trkpt>
      <trkpt lat="49.03162" lon="2.03076">
        <ele>50.74</ele>
        <time>2017-01-08T09:04:43Z</time>
      </trkpt>
      <trkpt lat="49.03193" lon="2.0308">
        <ele>49.28</ele>
        <time>2017-01-08T09:04:49Z</time>
      </trkpt>
      <trkpt lat="49.03232" lon="2.03067">
        <ele>51.65</ele>
        <time>2017-01-08T09:05:00Z</time>
      </trkpt>
      <trkpt lat="49.03237" lon="2.03066">
        <ele>52.62</ele>
        <time>2017-01-08T09:05:02Z</time>
      </trkpt>
      <trkpt lat="49.03247" lon="2.03078">
        <ele>50.67</ele>
        <time>2017-01-08T09:05:07Z</time>
      </trkpt>
      <trkpt lat="49.03252" lon="2.03082">
        <ele>49.7</ele>
        <time>2017-01-08T09:05:10Z</time>
      </trkpt>
      <trkpt lat="49.03256" lon="2.03091">
        <ele>48.74</ele>
        <time>2017-01-08T09:05:13Z</time>
      </trkpt>
      <trkpt lat="49.03278" lon="2.03096">
        <ele>47.73</ele>
        <time>2017-01-08T09:05:23Z</time>
      </trkpt>
      <trkpt lat="49.03297" lon="2.03108">
        <ele>46.46</ele>
        <time>2017-01-08T09:05:33Z</time>
      </trkpt>
      <trkpt lat="49.03297" lon="2.03127">
        <ele>45.43</ele>
        <time>2017-01-08T09:05:38Z</time>
      </trkpt>
      <trkpt lat="49.03301" lon="2.03141">
        <ele>44.32</ele>
        <time>2017-01-08T09:05:41Z</time>
      </trkpt>
      <trkpt lat="49.033" lon="2.0315">
        <ele>43.35</ele>
        <time>2017-01-08T09:05:47Z</time>
      </trkpt>
      <trkpt lat="49.03258" lon="2.0317">
        <ele>41.83</ele>
        <time>2017-01-08T09:06:00Z</time>
      </trkpt>
      <trkpt lat="49.03247" lon="2.03174">
        <ele>41.92</ele>
        <time>2017-01-08T09:06:04Z</time>
      </trkpt>
      <trkpt lat="49.03249" lon="2.03185">
        <ele>41.8</ele>
        <time>2017-01-08T09:06:09Z</time>
      </trkpt>
      <trkpt lat="49.03287" lon="2.03179">
        <ele>41.28</ele>
        <time>2017-01-08T09:06:22Z</time>
      </trkpt>
      <trkpt lat="49.03328" lon="2.03165">
        <ele>40.83</ele>
        <time>2017-01-08T09:06:34Z</time>
      </trkpt>
      <trkpt lat="49.03357" lon="2.03156">
        <ele>41</ele>
        <time>2017-01-08T09:06:44Z</time>
      </trkpt>
      <trkpt lat="49.03372" lon="2.03109">
        <ele>44</ele>
        <time>2017-01-08T09:06:55Z</time>
      </trkpt>
      <trkpt lat="49.0338" lon="2.03075">
        <ele>47.07</ele>
        <time>2017-01-08T09:07:03Z</time>
      </trkpt>
      <trkpt lat="49.03386" lon="2.03039">
        <ele>50.15</ele>
        <time>2017-01-08T09:07:12Z</time>
      </trkpt>
      <trkpt lat="49.03393" lon="2.03005">
        <ele>53.2</ele>
        <time>2017-01-08T09:07:20Z</time>
      </trkpt>
      <trkpt lat="49.034" lon="2.02964">
        <ele>56.45</ele>
        <time>2017-01-08T09:07:30Z</time>
      </trkpt>
      <trkpt lat="49.03395" lon="2.02919">
        <ele>59.51</ele>
        <time>2017-01-08T09:07:41Z</time>
      </trkpt>
      <trkpt lat="49.0338" lon="2.02862">
        <ele>59.81</ele>
        <time>2017-01-08T09:07:54Z</time>
      </trkpt>
      <trkpt lat="49.03363" lon="2.02833">
        <ele>62.41</ele>
        <time>2017-01-08T09:08:06Z</time>
      </trkpt>
      <trkpt lat="49.03347" lon="2.02799">
        <ele>65.58</ele>
        <time>2017-01-08T09:08:19Z</time>
      </trkpt>
      <trkpt lat="49.03327" lon="2.02769">
        <ele>68.3</ele>
        <time>2017-01-08T09:08:32Z</time>
      </trkpt>
      <trkpt lat="49.03307" lon="2.0275">
        <ele>71.38</ele>
        <time>2017-01-08T09:08:44Z</time>
      </trkpt>
      <trkpt lat="49.03301" lon="2.02694">
        <ele>69.36</ele>
        <time>2017-01-08T09:08:54Z</time>
      </trkpt>
      <trkpt lat="49.03302" lon="2.02685">
        <ele>68.31</ele>
        <time>2017-01-08T09:08:56Z</time>
      </trkpt>
      <trkpt lat="49.033" lon="2.02671">
        <ele>66.62</ele>
        <time>2017-01-08T09:09:00Z</time>
      </trkpt>
      <trkpt lat="49.03306" lon="2.02641">
        <ele>66.66</ele>
        <time>2017-01-08T09:09:10Z</time>
      </trkpt>
      <trkpt lat="49.0331" lon="2.02637">
        <ele>67.6</ele>
        <time>2017-01-08T09:09:13Z</time>
      </trkpt>
      <trkpt lat="49.03333" lon="2.02642">
        <ele>67.66</ele>
        <time>2017-01-08T09:09:25Z</time>
      </trkpt>
      <trkpt lat="49.03357" lon="2.02644">
        <ele>66.22</ele>
        <time>2017-01-08T09:09:36Z</time>
      </trkpt>
      <trkpt lat="49.03396" lon="2.02645">
        <ele>69.15</ele>
        <time>2017-01-08T09:09:51Z</time>
      </trkpt>
      <trkpt lat="49.03403" lon="2.02641">
        <ele>70.13</ele>
        <time>2017-01-08T09:09:55Z</time>
      </trkpt>
      <trkpt lat="49.03423" lon="2.02656">
        <ele>69.61</ele>
        <time>2017-01-08T09:10:01Z</time>
      </trkpt>
      <trkpt lat="49.03433" lon="2.02662">
        <ele>69.38</ele>
        <time>2017-01-08T09:10:03Z</time>
      </trkpt>
      <trkpt lat="49.03471" lon="2.02663">
        <ele>69.1</ele>
        <time>2017-01-08T09:10:13Z</time>
      </trkpt>
      <trkpt lat="49.0348" lon="2.02663">
        <ele>68.76</ele>
        <time>2017-01-08T09:10:15Z</time>
      </trkpt>
      <trkpt lat="49.03512" lon="2.0263">
        <ele>69.05</ele>
        <time>2017-01-08T09:10:26Z</time>
      </trkpt>
      <trkpt lat="49.03539" lon="2.02577">
        <ele>71.48</ele>
        <time>2017-01-08T09:10:40Z</time>
      </trkpt>
      <trkpt lat="49.03576" lon="2.02538">
        <ele>71.53</ele>
        <time>2017-01-08T09:10:52Z</time>
      </trkpt>
      <trkpt lat="49.03611" lon="2.02498">
        <ele>72.89</ele>
        <time>2017-01-08T09:11:05Z</time>
      </trkpt>
      <trkpt lat="49.03642" lon="2.02475">
        <ele>74.33</ele>
        <time>2017-01-08T09:11:16Z</time>
      </trkpt>
      <trkpt lat="49.03679" lon="2.02446">
        <ele>76.62</ele>
        <time>2017-01-08T09:11:27Z</time>
      </trkpt>
      <trkpt lat="49.03716" lon="2.0244">
        <ele>75.65</ele>
        <time>2017-01-08T09:11:34Z</time>
      </trkpt>
      <trkpt lat="49.03752" lon="2.02443">
        <ele>73.19</ele>
        <time>2017-01-08T09:11:40Z</time>
      </trkpt>
      <trkpt lat="49.0377" lon="2.0244">
        <ele>73.03</ele>
        <time>2017-01-08T09:11:43Z</time>
      </trkpt>
      <trkpt lat="49.0379" lon="2.02448">
        <ele>69.88</ele>
        <time>2017-01-08T09:11:49Z</time>
      </trkpt>
      <trkpt lat="49.03797" lon="2.02434">
        <ele>68.19</ele>
        <time>2017-01-08T09:11:54Z</time>
      </trkpt>
      <trkpt lat="49.0381" lon="2.02416">
        <ele>64.44</ele>
        <time>2017-01-08T09:12:00Z</time>
      </trkpt>
      <trkpt lat="49.03823" lon="2.02418">
        <ele>61.4</ele>
        <time>2017-01-08T09:12:06Z</time>
      </trkpt>
      <trkpt lat="49.0384" lon="2.02442">
        <ele>59.57</ele>
        <time>2017-01-08T09:12:21Z</time>
      </trkpt>
      <trkpt lat="49.03862" lon="2.02472">
        <ele>58.24</ele>
        <time>2017-01-08T09:12:30Z</time>
      </trkpt>
      <trkpt lat="49.0388" lon="2.0248">
        <ele>58.62</ele>
        <time>2017-01-08T09:12:36Z</time>
      </trkpt>
      <trkpt lat="49.03889" lon="2.02483">
        <ele>60.19</ele>
        <time>2017-01-08T09:12:42Z</time>
      </trkpt>
      <trkpt lat="49.03894" lon="2.02475">
        <ele>62.99</ele>
        <time>2017-01-08T09:12:49Z</time>
      </trkpt>
      <trkpt lat="49.03906" lon="2.02475">
        <ele>64.17</ele>
        <time>2017-01-08T09:12:58Z</time>
      </trkpt>
      <trkpt lat="49.03919" lon="2.02481">
        <ele>64.59</ele>
        <time>2017-01-08T09:13:07Z</time>
      </trkpt>
      <trkpt lat="49.03924" lon="2.02481">
        <ele>65.27</ele>
        <time>2017-01-08T09:13:11Z</time>
      </trkpt>
      <trkpt lat="49.03927" lon="2.02481">
        <ele>66.08</ele>
        <time>2017-01-08T09:13:15Z</time>
      </trkpt>
      <trkpt lat="49.03929" lon="2.02484">
        <ele>66.29</ele>
        <time>2017-01-08T09:13:17Z</time>
      </trkpt>
      <trkpt lat="49.03933" lon="2.02486">
        <ele>67.11</ele>
        <time>2017-01-08T09:13:22Z</time>
      </trkpt>
      <trkpt lat="49.03939" lon="2.02497">
        <ele>65.87</ele>
        <time>2017-01-08T09:13:30Z</time>
      </trkpt>
      <trkpt lat="49.03943" lon="2.02503">
        <ele>64.79</ele>
        <time>2017-01-08T09:13:35Z</time>
      </trkpt>
      <trkpt lat="49.03952" lon="2.02502">
        <ele>67.2</ele>
        <time>2017-01-08T09:13:50Z</time>
      </trkpt>
      <trkpt lat="49.03953" lon="2.02499">
        <ele>68.52</ele>
        <time>2017-01-08T09:13:55Z</time>
      </trkpt>
      <trkpt lat="49.03962" lon="2.02494">
        <ele>70.41</ele>
        <time>2017-01-08T09:14:09Z</time>
      </trkpt>
      <trkpt lat="49.03969" lon="2.02493">
        <ele>70.82</ele>
        <time>2017-01-08T09:14:13Z</time>
      </trkpt>
      <trkpt lat="49.0398" lon="2.02498">
        <ele>71.09</ele>
        <time>2017-01-08T09:14:22Z</time>
      </trkpt>
      <trkpt lat="49.04003" lon="2.02491">
        <ele>72.11</ele>
        <time>2017-01-08T09:14:37Z</time>
      </trkpt>
      <trkpt lat="49.04018" lon="2.02474">
        <ele>74.76</ele>
        <time>2017-01-08T09:14:51Z</time>
      </trkpt>
      <trkpt lat="49.0402" lon="2.02472">
        <ele>75.07</ele>
        <time>2017-01-08T09:14:52Z</time>
      </trkpt>
      <trkpt lat="49.04022" lon="2.02462">
        <ele>76.72</ele>
        <time>2017-01-08T09:14:57Z</time>
      </trkpt>
      <trkpt lat="49.04024" lon="2.02452">
        <ele>78.02</ele>
        <time>2017-01-08T09:15:01Z</time>
      </trkpt>
      <trkpt lat="49.0405" lon="2.02436">
        <ele>77.51</ele>
        <time>2017-01-08T09:15:16Z</time>
      </trkpt>
      <trkpt lat="49.04076" lon="2.02411">
        <ele>75.91</ele>
        <time>2017-01-08T09:15:27Z</time>
      </trkpt>
      <trkpt lat="49.04078" lon="2.0241">
        <ele>75.61</ele>
        <time>2017-01-08T09:15:28Z</time>
      </trkpt>
      <trkpt lat="49.0408" lon="2.02408">
        <ele>75.52</ele>
        <time>2017-01-08T09:15:29Z</time>
      </trkpt>
      <trkpt lat="49.04082" lon="2.02399">
        <ele>75.76</ele>
        <time>2017-01-08T09:15:33Z</time>
      </trkpt>
      <trkpt lat="49.04072" lon="2.02412">
        <ele>76.27</ele>
        <time>2017-01-08T09:15:43Z</time>
      </trkpt>
      <trkpt lat="49.04075" lon="2.02414">
        <ele>76.13</ele>
        <time>2017-01-08T09:15:48Z</time>
      </trkpt>
      <trkpt lat="49.04078" lon="2.02411">
        <ele>75.88</ele>
        <time>2017-01-08T09:15:50Z</time>
      </trkpt>
      <trkpt lat="49.04077" lon="2.02406">
        <ele>76.05</ele>
        <time>2017-01-08T09:15:54Z</time>
      </trkpt>
      <trkpt lat="49.04065" lon="2.02411">
        <ele>77.24</ele>
        <time>2017-01-08T09:16:06Z</time>
      </trkpt>
      <trkpt lat="49.04079" lon="2.02405">
        <ele>75.33</ele>
        <time>2017-01-08T09:16:15Z</time>
      </trkpt>
      <trkpt lat="49.04108" lon="2.02365">
        <ele>75.56</ele>
        <time>2017-01-08T09:16:27Z</time>
      </trkpt>
      <trkpt lat="49.04139" lon="2.02329">
        <ele>77.62</ele>
        <time>2017-01-08T09:16:40Z</time>
      </trkpt>
      <trkpt lat="49.04159" lon="2.02293">
        <ele>79.31</ele>
        <time>2017-01-08T09:16:50Z</time>
      </trkpt>
      <trkpt lat="49.04177" lon="2.02244">
        <ele>79.4</ele>
        <time>2017-01-08T09:17:03Z</time>
      </trkpt>
      <trkpt lat="49.04196" lon="2.02193">
        <ele>79.63</ele>
        <time>2017-01-08T09:17:18Z</time>
      </trkpt>
      <trkpt lat="49.04208" lon="2.02163">
        <ele>80.01</ele>
        <time>2017-01-08T09:17:27Z</time>
      </trkpt>
      <trkpt lat="49.04198" lon="2.02173">
        <ele>79.79</ele>
        <time>2017-01-08T09:17:35Z</time>
      </trkpt>
      <trkpt lat="49.04194" lon="2.02191">
        <ele>78.84</ele>
        <time>2017-01-08T09:17:38Z</time>
      </trkpt>
      <trkpt lat="49.04193" lon="2.02208">
        <ele>79.52</ele>
        <time>2017-01-08T09:17:41Z</time>
      </trkpt>
      <trkpt lat="49.04179" lon="2.0227">
        <ele>79.05</ele>
        <time>2017-01-08T09:17:54Z</time>
      </trkpt>
      <trkpt lat="49.04192" lon="2.02272">
        <ele>82.42</ele>
        <time>2017-01-08T09:18:02Z</time>
      </trkpt>
      <trkpt lat="49.04213" lon="2.02266">
        <ele>85.53</ele>
        <time>2017-01-08T09:18:14Z</time>
      </trkpt>
      <trkpt lat="49.04221" lon="2.0227">
        <ele>86.63</ele>
        <time>2017-01-08T09:18:19Z</time>
      </trkpt>
      <trkpt lat="49.04229" lon="2.02269">
        <ele>87.71</ele>
        <time>2017-01-08T09:18:24Z</time>
      </trkpt>
      <trkpt lat="49.04252" lon="2.02275">
        <ele>88.45</ele>
        <time>2017-01-08T09:18:35Z</time>
      </trkpt>
      <trkpt lat="49.04265" lon="2.02269">
        <ele>88.45</ele>
        <time>2017-01-08T09:18:40Z</time>
      </trkpt>
      <trkpt lat="49.04279" lon="2.02273">
        <ele>90.4</ele>
        <time>2017-01-08T09:18:49Z</time>
      </trkpt>
      <trkpt lat="49.04291" lon="2.02257">
        <ele>91.12</ele>
        <time>2017-01-08T09:18:55Z</time>
      </trkpt>
      <trkpt lat="49.04303" lon="2.02191">
        <ele>91.53</ele>
        <time>2017-01-08T09:19:10Z</time>
      </trkpt>
      <trkpt lat="49.04311" lon="2.02133">
        <ele>91.58</ele>
        <time>2017-01-08T09:19:21Z</time>
      </trkpt>
      <trkpt lat="49.04308" lon="2.02074">
        <ele>90.29</ele>
        <time>2017-01-08T09:19:31Z</time>
      </trkpt>
      <trkpt lat="49.0431" lon="2.02059">
        <ele>89.51</ele>
        <time>2017-01-08T09:19:33Z</time>
      </trkpt>
      <trkpt lat="49.04324" lon="2.02022">
        <ele>90.59</ele>
        <time>2017-01-08T09:19:39Z</time>
      </trkpt>
      <trkpt lat="49.04338" lon="2.01996">
        <ele>89.6</ele>
        <time>2017-01-08T09:19:44Z</time>
      </trkpt>
      <trkpt lat="49.04343" lon="2.01984">
        <ele>88.93</ele>
        <time>2017-01-08T09:19:46Z</time>
      </trkpt>
      <trkpt lat="49.04362" lon="2.01965">
        <ele>89.1</ele>
        <time>2017-01-08T09:19:51Z</time>
      </trkpt>
      <trkpt lat="49.04384" lon="2.01908">
        <ele>89.99</ele>
        <time>2017-01-08T09:20:02Z</time>
      </trkpt>
      <trkpt lat="49.04399" lon="2.01867">
        <ele>91.5</ele>
        <time>2017-01-08T09:20:13Z</time>
      </trkpt>
      <trkpt lat="49.04437" lon="2.01847">
        <ele>92.34</ele>
        <time>2017-01-08T09:20:22Z</time>
      </trkpt>
      <trkpt lat="49.04459" lon="2.0184">
        <ele>92.97</ele>
        <time>2017-01-08T09:20:28Z</time>
      </trkpt>
      <trkpt lat="49.04484" lon="2.01797">
        <ele>93.2</ele>
        <time>2017-01-08T09:20:39Z</time>
      </trkpt>
      <trkpt lat="49.04517" lon="2.01741">
        <ele>94.14</ele>
        <time>2017-01-08T09:20:53Z</time>
      </trkpt>
      <trkpt lat="49.04542" lon="2.01728">
        <ele>95.37</ele>
        <time>2017-01-08T09:21:02Z</time>
      </trkpt>
      <trkpt lat="49.0458" lon="2.01728">
        <ele>98.53</ele>
        <time>2017-01-08T09:21:14Z</time>
      </trkpt>
      <trkpt lat="49.04627" lon="2.01726">
        <ele>99.51</ele>
        <time>2017-01-08T09:21:27Z</time>
      </trkpt>
      <trkpt lat="49.04677" lon="2.01726">
        <ele>99.96</ele>
        <time>2017-01-08T09:21:40Z</time>
      </trkpt>
      <trkpt lat="49.04718" lon="2.01728">
        <ele>100.53</ele>
        <time>2017-01-08T09:21:50Z</time>
      </trkpt>
      <trkpt lat="49.04736" lon="2.01737">
        <ele>101.31</ele>
        <time>2017-01-08T09:21:55Z</time>
      </trkpt>
      <trkpt lat="49.04741" lon="2.01747">
        <ele>100.93</ele>
        <time>2017-01-08T09:21:57Z</time>
      </trkpt>
      <trkpt lat="49.04739" lon="2.01786">
        <ele>100.51</ele>
        <time>2017-01-08T09:22:04Z</time>
      </trkpt>
      <trkpt lat="49.04697" lon="2.01786">
        <ele>101.1</ele>
        <time>2017-01-08T09:22:16Z</time>
      </trkpt>
      <trkpt lat="49.0466" lon="2.01782">
        <ele>100.28</ele>
        <time>2017-01-08T09:22:25Z</time>
      </trkpt>
      <trkpt lat="49.04656" lon="2.01813">
        <ele>99.87</ele>
        <time>2017-01-08T09:22:31Z</time>
      </trkpt>
      <trkpt lat="49.04646" lon="2.01819">
        <ele>100.6</ele>
        <time>2017-01-08T09:22:35Z</time>
      </trkpt>
      <trkpt lat="49.0461" lon="2.01814">
        <ele>100.18</ele>
        <time>2017-01-08T09:22:43Z</time>
      </trkpt>
      <trkpt lat="49.04584" lon="2.01809">
        <ele>100.13</ele>
        <time>2017-01-08T09:22:49Z</time>
      </trkpt>
      <trkpt lat="49.04501" lon="2.01833">
        <ele>96.74</ele>
        <time>2017-01-08T09:23:05Z</time>
      </trkpt>
      <trkpt lat="49.04496" lon="2.01835">
        <ele>96.3</ele>
        <time>2017-01-08T09:23:06Z</time>
      </trkpt>
      <trkpt lat="49.04484" lon="2.01837">
        <ele>95.48</ele>
        <time>2017-01-08T09:23:08Z</time>
      </trkpt>
      <trkpt lat="49.0444" lon="2.01845">
        <ele>91.84</ele>
        <time>2017-01-08T09:23:14Z</time>
      </trkpt>
      <trkpt lat="49.0442" lon="2.01848">
        <ele>91.2</ele>
        <time>2017-01-08T09:23:17Z</time>
      </trkpt>
      <trkpt lat="49.04392" lon="2.01881">
        <ele>90.68</ele>
        <time>2017-01-08T09:23:23Z</time>
      </trkpt>
      <trkpt lat="49.04386" lon="2.01896">
        <ele>90.54</ele>
        <time>2017-01-08T09:23:25Z</time>
      </trkpt>
      <trkpt lat="49.04371" lon="2.01957">
        <ele>89.75</ele>
        <time>2017-01-08T09:23:33Z</time>
      </trkpt>
      <trkpt lat="49.04349" lon="2.01982">
        <ele>88.32</ele>
        <time>2017-01-08T09:23:38Z</time>
      </trkpt>
      <trkpt lat="49.04344" lon="2.01994">
        <ele>89.19</ele>
        <time>2017-01-08T09:23:40Z</time>
      </trkpt>
      <trkpt lat="49.0433" lon="2.02014">
        <ele>89.59</ele>
        <time>2017-01-08T09:23:44Z</time>
      </trkpt>
      <trkpt lat="49.04324" lon="2.02028">
        <ele>89.75</ele>
        <time>2017-01-08T09:23:46Z</time>
      </trkpt>
      <trkpt lat="49.04319" lon="2.02088">
        <ele>89.76</ele>
        <time>2017-01-08T09:23:55Z</time>
      </trkpt>
      <trkpt lat="49.0432" lon="2.02099">
        <ele>90.22</ele>
        <time>2017-01-08T09:23:57Z</time>
      </trkpt>
      <trkpt lat="49.04316" lon="2.02158">
        <ele>90.73</ele>
        <time>2017-01-08T09:24:07Z</time>
      </trkpt>
      <trkpt lat="49.04312" lon="2.02215">
        <ele>90.8</ele>
        <time>2017-01-08T09:24:17Z</time>
      </trkpt>
      <trkpt lat="49.0431" lon="2.0222">
        <ele>90.76</ele>
        <time>2017-01-08T09:24:18Z</time>
      </trkpt>
      <trkpt lat="49.04289" lon="2.02269">
        <ele>89.44</ele>
        <time>2017-01-08T09:24:27Z</time>
      </trkpt>
      <trkpt lat="49.04273" lon="2.02268">
        <ele>87.35</ele>
        <time>2017-01-08T09:24:34Z</time>
      </trkpt>
      <trkpt lat="49.04263" lon="2.02285">
        <ele>87.14</ele>
        <time>2017-01-08T09:24:37Z</time>
      </trkpt>
      <trkpt lat="49.04217" lon="2.02363">
        <ele>83.3</ele>
        <time>2017-01-08T09:24:49Z</time>
      </trkpt>
      <trkpt lat="49.04212" lon="2.02369">
        <ele>83.03</ele>
        <time>2017-01-08T09:24:50Z</time>
      </trkpt>
      <trkpt lat="49.04195" lon="2.02398">
        <ele>81.53</ele>
        <time>2017-01-08T09:24:54Z</time>
      </trkpt>
      <trkpt lat="49.04165" lon="2.02424">
        <ele>80.28</ele>
        <time>2017-01-08T09:24:59Z</time>
      </trkpt>
      <trkpt lat="49.04149" lon="2.02447">
        <ele>78.88</ele>
        <time>2017-01-08T09:25:02Z</time>
      </trkpt>
      <trkpt lat="49.04101" lon="2.02539">
        <ele>75.76</ele>
        <time>2017-01-08T09:25:13Z</time>
      </trkpt>
      <trkpt lat="49.04078" lon="2.02571">
        <ele>73.55</ele>
        <time>2017-01-08T09:25:17Z</time>
      </trkpt>
      <trkpt lat="49.04046" lon="2.02591">
        <ele>70.5</ele>
        <time>2017-01-08T09:25:22Z</time>
      </trkpt>
      <trkpt lat="49.04017" lon="2.0261">
        <ele>69.21</ele>
        <time>2017-01-08T09:25:27Z</time>
      </trkpt>
      <trkpt lat="49.03989" lon="2.02613">
        <ele>68.24</ele>
        <time>2017-01-08T09:25:39Z</time>
      </trkpt>
      <trkpt lat="49.03948" lon="2.02612">
        <ele>67.19</ele>
        <time>2017-01-08T09:25:50Z</time>
      </trkpt>
      <trkpt lat="49.0392" lon="2.02609">
        <ele>67.7</ele>
        <time>2017-01-08T09:25:56Z</time>
      </trkpt>
      <trkpt lat="49.039" lon="2.02611">
        <ele>67.97</ele>
        <time>2017-01-08T09:26:00Z</time>
      </trkpt>
      <trkpt lat="49.03876" lon="2.02624">
        <ele>67.98</ele>
        <time>2017-01-08T09:26:05Z</time>
      </trkpt>
      <trkpt lat="49.03833" lon="2.02654">
        <ele>67.28</ele>
        <time>2017-01-08T09:26:14Z</time>
      </trkpt>
      <trkpt lat="49.03794" lon="2.02683">
        <ele>67.01</ele>
        <time>2017-01-08T09:26:23Z</time>
      </trkpt>
      <trkpt lat="49.03765" lon="2.02694">
        <ele>66.18</ele>
        <time>2017-01-08T09:26:28Z</time>
      </trkpt>
      <trkpt lat="49.0373" lon="2.0276">
        <ele>64.05</ele>
        <time>2017-01-08T09:26:37Z</time>
      </trkpt>
      <trkpt lat="49.03729" lon="2.0277">
        <ele>63.8</ele>
        <time>2017-01-08T09:26:38Z</time>
      </trkpt>
      <trkpt lat="49.03721" lon="2.02861">
        <ele>60.29</ele>
        <time>2017-01-08T09:26:46Z</time>
      </trkpt>
      <trkpt lat="49.03718" lon="2.0294">
        <ele>56.94</ele>
        <time>2017-01-08T09:26:53Z</time>
      </trkpt>
      <trkpt lat="49.03718" lon="2.02951">
        <ele>55.98</ele>
        <time>2017-01-08T09:26:54Z</time>
      </trkpt>
      <trkpt lat="49.0371" lon="2.02992">
        <ele>52.88</ele>
        <time>2017-01-08T09:26:58Z</time>
      </trkpt>
      <trkpt lat="49.03699" lon="2.0303">
        <ele>47.6</ele>
        <time>2017-01-08T09:27:02Z</time>
      </trkpt>
      <trkpt lat="49.03693" lon="2.03051">
        <ele>44</ele>
        <time>2017-01-08T09:27:05Z</time>
      </trkpt>
      <trkpt lat="49.0369" lon="2.03057">
        <ele>42.92</ele>
        <time>2017-01-08T09:27:06Z</time>
      </trkpt>
      <trkpt lat="49.03675" lon="2.03067">
        <ele>38.29</ele>
        <time>2017-01-08T09:27:10Z</time>
      </trkpt>
      <trkpt lat="49.03666" lon="2.0307">
        <ele>36.67</ele>
        <time>2017-01-08T09:27:13Z</time>
      </trkpt>
      <trkpt lat="49.03645" lon="2.03075">
        <ele>32.14</ele>
        <time>2017-01-08T09:27:19Z</time>
      </trkpt>
      <trkpt lat="49.03621" lon="2.03081">
        <ele>27.69</ele>
        <time>2017-01-08T09:27:24Z</time>
      </trkpt>
      <trkpt lat="49.03608" lon="2.03093">
        <ele>26.22</ele>
        <time>2017-01-08T09:27:28Z</time>
      </trkpt>
      <trkpt lat="49.0358" lon="2.03101">
        <ele>22.53</ele>
        <time>2017-01-08T09:27:35Z</time>
      </trkpt>
      <trkpt lat="49.03579" lon="2.03103">
        <ele>22.24</ele>
        <time>2017-01-08T09:27:37Z</time>
      </trkpt>
      <trkpt lat="49.03569" lon="2.03107">
        <ele>22.01</ele>
        <time>2017-01-08T09:27:42Z</time>
      </trkpt>
      <trkpt lat="49.03562" lon="2.03106">
        <ele>21.12</ele>
        <time>2017-01-08T09:27:49Z</time>
      </trkpt>
      <trkpt lat="49.03561" lon="2.03102">
        <ele>21.44</ele>
        <time>2017-01-08T09:27:53Z</time>
      </trkpt>
      <trkpt lat="49.03564" lon="2.03113">
        <ele>21.14</ele>
        <time>2017-01-08T09:27:59Z</time>
      </trkpt>
      <trkpt lat="49.03579" lon="2.03107">
        <ele>22.3</ele>
        <time>2017-01-08T09:28:10Z</time>
      </trkpt>
      <trkpt lat="49.03605" lon="2.03097">
        <ele>23.95</ele>
        <time>2017-01-08T09:28:23Z</time>
      </trkpt>
      <trkpt lat="49.03604" lon="2.03096">
        <ele>24.37</ele>
        <time>2017-01-08T09:28:29Z</time>
      </trkpt>
      <trkpt lat="49.03579" lon="2.03102">
        <ele>22.54</ele>
        <time>2017-01-08T09:28:40Z</time>
      </trkpt>
      <trkpt lat="49.0358" lon="2.03106">
        <ele>22.32</ele>
        <time>2017-01-08T09:28:42Z</time>
      </trkpt>
      <trkpt lat="49.03566" lon="2.03113">
        <ele>21.71</ele>
        <time>2017-01-08T09:28:49Z</time>
      </trkpt>
      <trkpt lat="49.03563" lon="2.03105">
        <ele>21.4</ele>
        <time>2017-01-08T09:28:53Z</time>
      </trkpt>
      <trkpt lat="49.0357" lon="2.03046">
        <ele>22.9</ele>
        <time>2017-01-08T09:29:07Z</time>
      </trkpt>
      <trkpt lat="49.03583" lon="2.03">
        <ele>23.9</ele>
        <time>2017-01-08T09:29:20Z</time>
      </trkpt>
      <trkpt lat="49.03583" lon="2.02951">
        <ele>24.97</ele>
        <time>2017-01-08T09:29:33Z</time>
      </trkpt>
      <trkpt lat="49.03585" lon="2.02899">
        <ele>26.03</ele>
        <time>2017-01-08T09:29:45Z</time>
      </trkpt>
      <trkpt lat="49.03589" lon="2.02836">
        <ele>27.59</ele>
        <time>2017-01-08T09:30:00Z</time>
      </trkpt>
      <trkpt lat="49.03601" lon="2.02781">
        <ele>29.15</ele>
        <time>2017-01-08T09:30:14Z</time>
      </trkpt>
      <trkpt lat="49.03623" lon="2.02729">
        <ele>31.37</ele>
        <time>2017-01-08T09:30:29Z</time>
      </trkpt>
      <trkpt lat="49.03657" lon="2.02684">
        <ele>33.6</ele>
        <time>2017-01-08T09:30:44Z</time>
      </trkpt>
      <trkpt lat="49.03692" lon="2.02643">
        <ele>36.15</ele>
        <time>2017-01-08T09:31:00Z</time>
      </trkpt>
      <trkpt lat="49.03721" lon="2.02625">
        <ele>38.33</ele>
        <time>2017-01-08T09:31:13Z</time>
      </trkpt>
      <trkpt lat="49.03759" lon="2.02612">
        <ele>41.23</ele>
        <time>2017-01-08T09:31:29Z</time>
      </trkpt>
      <trkpt lat="49.03789" lon="2.02594">
        <ele>44.24</ele>
        <time>2017-01-08T09:31:42Z</time>
      </trkpt>
      <trkpt lat="49.03812" lon="2.02578">
        <ele>46.88</ele>
        <time>2017-01-08T09:31:54Z</time>
      </trkpt>
      <trkpt lat="49.03812" lon="2.02563">
        <ele>48.09</ele>
        <time>2017-01-08T09:31:59Z</time>
      </trkpt>
      <trkpt lat="49.03812" lon="2.02516">
        <ele>51.24</ele>
        <time>2017-01-08T09:32:16Z</time>
      </trkpt>
      <trkpt lat="49.03824" lon="2.0249">
        <ele>54.28</ele>
        <time>2017-01-08T09:32:30Z</time>
      </trkpt>
      <trkpt lat="49.03827" lon="2.02461">
        <ele>56.35</ele>
        <time>2017-01-08T09:32:42Z</time>
      </trkpt>
      <trkpt lat="49.03829" lon="2.02429">
        <ele>59.29</ele>
        <time>2017-01-08T09:32:58Z</time>
      </trkpt>
      <trkpt lat="49.03826" lon="2.02424">
        <ele>60.99</ele>
        <time>2017-01-08T09:33:04Z</time>
      </trkpt>
      <trkpt lat="49.03815" lon="2.02433">
        <ele>64.21</ele>
        <time>2017-01-08T09:33:16Z</time>
      </trkpt>
      <trkpt lat="49.03804" lon="2.02452">
        <ele>65.83</ele>
        <time>2017-01-08T09:33:26Z</time>
      </trkpt>
      <trkpt lat="49.03801" lon="2.02453">
        <ele>66.09</ele>
        <time>2017-01-08T09:33:29Z</time>
      </trkpt>
      <trkpt lat="49.03799" lon="2.02451">
        <ele>67.04</ele>
        <time>2017-01-08T09:33:32Z</time>
      </trkpt>
      <trkpt lat="49.03799" lon="2.02442">
        <ele>68.58</ele>
        <time>2017-01-08T09:33:36Z</time>
      </trkpt>
      <trkpt lat="49.03774" lon="2.02439">
        <ele>70.09</ele>
        <time>2017-01-08T09:33:51Z</time>
      </trkpt>
      <trkpt lat="49.03752" lon="2.02435">
        <ele>71.98</ele>
        <time>2017-01-08T09:34:04Z</time>
      </trkpt>
      <trkpt lat="49.03729" lon="2.02434">
        <ele>73.76</ele>
        <time>2017-01-08T09:34:16Z</time>
      </trkpt>
      <trkpt lat="49.03726" lon="2.02435">
        <ele>74.01</ele>
        <time>2017-01-08T09:34:18Z</time>
      </trkpt>
      <trkpt lat="49.03703" lon="2.02449">
        <ele>73.21</ele>
        <time>2017-01-08T09:34:25Z</time>
      </trkpt>
      <trkpt lat="49.03664" lon="2.02468">
        <ele>70.94</ele>
        <time>2017-01-08T09:34:32Z</time>
      </trkpt>
      <trkpt lat="49.03657" lon="2.02476">
        <ele>70.55</ele>
        <time>2017-01-08T09:34:34Z</time>
      </trkpt>
      <trkpt lat="49.03607" lon="2.02527">
        <ele>68.79</ele>
        <time>2017-01-08T09:34:46Z</time>
      </trkpt>
      <trkpt lat="49.03575" lon="2.02558">
        <ele>68.44</ele>
        <time>2017-01-08T09:34:54Z</time>
      </trkpt>
      <trkpt lat="49.03556" lon="2.026">
        <ele>67.48</ele>
        <time>2017-01-08T09:35:02Z</time>
      </trkpt>
      <trkpt lat="49.0355" lon="2.02613">
        <ele>66.84</ele>
        <time>2017-01-08T09:35:04Z</time>
      </trkpt>
      <trkpt lat="49.03545" lon="2.02626">
        <ele>66.34</ele>
        <time>2017-01-08T09:35:06Z</time>
      </trkpt>
      <trkpt lat="49.03518" lon="2.02651">
        <ele>65.46</ele>
        <time>2017-01-08T09:35:12Z</time>
      </trkpt>
      <trkpt lat="49.03473" lon="2.02654">
        <ele>66.01</ele>
        <time>2017-01-08T09:35:25Z</time>
      </trkpt>
      <trkpt lat="49.03438" lon="2.02644">
        <ele>67.57</ele>
        <time>2017-01-08T09:35:35Z</time>
      </trkpt>
      <trkpt lat="49.03391" lon="2.02651">
        <ele>64.11</ele>
        <time>2017-01-08T09:35:47Z</time>
      </trkpt>
      <trkpt lat="49.03363" lon="2.02644">
        <ele>63.74</ele>
        <time>2017-01-08T09:35:58Z</time>
      </trkpt>
      <trkpt lat="49.03336" lon="2.02636">
        <ele>64.55</ele>
        <time>2017-01-08T09:36:10Z</time>
      </trkpt>
      <trkpt lat="49.03327" lon="2.0263">
        <ele>65.38</ele>
        <time>2017-01-08T09:36:15Z</time>
      </trkpt>
      <trkpt lat="49.03309" lon="2.02664">
        <ele>63.74</ele>
        <time>2017-01-08T09:36:25Z</time>
      </trkpt>
      <trkpt lat="49.03307" lon="2.02676">
        <ele>64.88</ele>
        <time>2017-01-08T09:36:31Z</time>
      </trkpt>
      <trkpt lat="49.033" lon="2.02717">
        <ele>68.18</ele>
        <time>2017-01-08T09:36:45Z</time>
      </trkpt>
      <trkpt lat="49.03306" lon="2.02736">
        <ele>69.03</ele>
        <time>2017-01-08T09:36:52Z</time>
      </trkpt>
      <trkpt lat="49.03298" lon="2.0275">
        <ele>69.99</ele>
        <time>2017-01-08T09:36:57Z</time>
      </trkpt>
      <trkpt lat="49.03275" lon="2.0277">
        <ele>73.5</ele>
        <time>2017-01-08T09:37:08Z</time>
      </trkpt>
      <trkpt lat="49.03259" lon="2.02794">
        <ele>76.01</ele>
        <time>2017-01-08T09:37:19Z</time>
      </trkpt>
      <trkpt lat="49.03264" lon="2.02828">
        <ele>77.27</ele>
        <time>2017-01-08T09:37:31Z</time>
      </trkpt>
      <trkpt lat="49.0326" lon="2.0286">
        <ele>78.28</ele>
        <time>2017-01-08T09:37:42Z</time>
      </trkpt>
      <trkpt lat="49.03258" lon="2.02894">
        <ele>78.98</ele>
        <time>2017-01-08T09:37:56Z</time>
      </trkpt>
      <trkpt lat="49.03257" lon="2.02905">
        <ele>78.82</ele>
        <time>2017-01-08T09:38:00Z</time>
      </trkpt>
      <trkpt lat="49.03279" lon="2.02925">
        <ele>76.1</ele>
        <time>2017-01-08T09:38:12Z</time>
      </trkpt>
      <trkpt lat="49.03298" lon="2.02928">
        <ele>73.03</ele>
        <time>2017-01-08T09:38:19Z</time>
      </trkpt>
      <trkpt lat="49.03318" lon="2.02947">
        <ele>70.04</ele>
        <time>2017-01-08T09:38:27Z</time>
      </trkpt>
      <trkpt lat="49.03318" lon="2.02969">
        <ele>69.27</ele>
        <time>2017-01-08T09:38:38Z</time>
      </trkpt>
      <trkpt lat="49.03319" lon="2.02971">
        <ele>69.26</ele>
        <time>2017-01-08T09:38:45Z</time>
      </trkpt>
      <trkpt lat="49.03322" lon="2.02982">
        <ele>68.09</ele>
        <time>2017-01-08T09:38:49Z</time>
      </trkpt>
      <trkpt lat="49.0333" lon="2.02998">
        <ele>65.85</ele>
        <time>2017-01-08T09:38:54Z</time>
      </trkpt>
      <trkpt lat="49.03324" lon="2.0302">
        <ele>62.5</ele>
        <time>2017-01-08T09:39:02Z</time>
      </trkpt>
      <trkpt lat="49.03319" lon="2.0304">
        <ele>58.38</ele>
        <time>2017-01-08T09:39:08Z</time>
      </trkpt>
      <trkpt lat="49.03315" lon="2.0305">
        <ele>55.58</ele>
        <time>2017-01-08T09:39:13Z</time>
      </trkpt>
      <trkpt lat="49.03317" lon="2.03057">
        <ele>53.3</ele>
        <time>2017-01-08T09:39:17Z</time>
      </trkpt>
      <trkpt lat="49.03319" lon="2.03067">
        <ele>50.2</ele>
        <time>2017-01-08T09:39:23Z</time>
      </trkpt>
      <trkpt lat="49.03316" lon="2.03084">
        <ele>46.41</ele>
        <time>2017-01-08T09:39:29Z</time>
      </trkpt>
      <trkpt lat="49.03311" lon="2.03088">
        <ele>45.03</ele>
        <time>2017-01-08T09:39:32Z</time>
      </trkpt>
      <trkpt lat="49.03306" lon="2.03093">
        <ele>44.76</ele>
        <time>2017-01-08T09:39:41Z</time>
      </trkpt>
      <trkpt lat="49.03293" lon="2.03096">
        <ele>44.86</ele>
        <time>2017-01-08T09:39:59Z</time>
      </trkpt>
      <trkpt lat="49.03288" lon="2.031">
        <ele>44.96</ele>
        <time>2017-01-08T09:40:14Z</time>
      </trkpt>
      <trkpt lat="49.03284" lon="2.03102">
        <ele>44.9</ele>
        <time>2017-01-08T09:40:18Z</time>
      </trkpt>
      <trkpt lat="49.03263" lon="2.03105">
        <ele>44.58</ele>
        <time>2017-01-08T09:40:29Z</time>
      </trkpt>
      <trkpt lat="49.03251" lon="2.0309">
        <ele>46.68</ele>
        <time>2017-01-08T09:40:37Z</time>
      </trkpt>
      <trkpt lat="49.03238" lon="2.03074">
        <ele>49.98</ele>
        <time>2017-01-08T09:40:46Z</time>
      </trkpt>
      <trkpt lat="49.03222" lon="2.03084">
        <ele>48.61</ele>
        <time>2017-01-08T09:40:52Z</time>
      </trkpt>
      <trkpt lat="49.03196" lon="2.03084">
        <ele>47.01</ele>
        <time>2017-01-08T09:40:57Z</time>
      </trkpt>
      <trkpt lat="49.0315" lon="2.03069">
        <ele>47.91</ele>
        <time>2017-01-08T09:41:10Z</time>
      </trkpt>
      <trkpt lat="49.03117" lon="2.03056">
        <ele>49.36</ele>
        <time>2017-01-08T09:41:22Z</time>
      </trkpt>
      <trkpt lat="49.0308" lon="2.0306">
        <ele>48.38</ele>
        <time>2017-01-08T09:41:36Z</time>
      </trkpt>
      <trkpt lat="49.03038" lon="2.03071">
        <ele>49.19</ele>
        <time>2017-01-08T09:41:50Z</time>
      </trkpt>
      <trkpt lat="49.02991" lon="2.03082">
        <ele>49.88</ele>
        <time>2017-01-08T09:42:03Z</time>
      </trkpt>
      <trkpt lat="49.02946" lon="2.03096">
        <ele>50.06</ele>
        <time>2017-01-08T09:42:15Z</time>
      </trkpt>
      <trkpt lat="49.02893" lon="2.03112">
        <ele>50.46</ele>
        <time>2017-01-08T09:42:28Z</time>
      </trkpt>
      <trkpt lat="49.02852" lon="2.03138">
        <ele>50.13</ele>
        <time>2017-01-08T09:42:40Z</time>
      </trkpt>
      <trkpt lat="49.0281" lon="2.03162">
        <ele>49.64</ele>
        <time>2017-01-08T09:42:53Z</time>
      </trkpt>
      <trkpt lat="49.02781" lon="2.03186">
        <ele>49.57</ele>
        <time>2017-01-08T09:43:03Z</time>
      </trkpt>
      <trkpt lat="49.02776" lon="2.0318">
        <ele>50.28</ele>
        <time>2017-01-08T09:43:07Z</time>
      </trkpt>
      <trkpt lat="49.02765" lon="2.03148">
        <ele>53.66</ele>
        <time>2017-01-08T09:43:18Z</time>
      </trkpt>
      <trkpt lat="49.02755" lon="2.03133">
        <ele>56.71</ele>
        <time>2017-01-08T09:43:27Z</time>
      </trkpt>
      <trkpt lat="49.02752" lon="2.03131">
        <ele>57.54</ele>
        <time>2017-01-08T09:43:29Z</time>
      </trkpt>
      <trkpt lat="49.02739" lon="2.03131">
        <ele>59.4</ele>
        <time>2017-01-08T09:43:37Z</time>
      </trkpt>
      <trkpt lat="49.02723" lon="2.03135">
        <ele>62.91</ele>
        <time>2017-01-08T09:43:49Z</time>
      </trkpt>
      <trkpt lat="49.02705" lon="2.03135">
        <ele>66.15</ele>
        <time>2017-01-08T09:43:59Z</time>
      </trkpt>
      <trkpt lat="49.02695" lon="2.03136">
        <ele>69.2</ele>
        <time>2017-01-08T09:44:07Z</time>
      </trkpt>
      <trkpt lat="49.0268" lon="2.03137">
        <ele>72.29</ele>
        <time>2017-01-08T09:44:17Z</time>
      </trkpt>
      <trkpt lat="49.02674" lon="2.03137">
        <ele>73.86</ele>
        <time>2017-01-08T09:44:22Z</time>
      </trkpt>
      <trkpt lat="49.0266" lon="2.03134">
        <ele>77.19</ele>
        <time>2017-01-08T09:44:34Z</time>
      </trkpt>
      <trkpt lat="49.02658" lon="2.03127">
        <ele>79.06</ele>
        <time>2017-01-08T09:44:42Z</time>
      </trkpt>
      <trkpt lat="49.02659" lon="2.03124">
        <ele>79.75</ele>
        <time>2017-01-08T09:44:44Z</time>
      </trkpt>
      <trkpt lat="49.02664" lon="2.03115">
        <ele>79.79</ele>
        <time>2017-01-08T09:44:52Z</time>
      </trkpt>
      <trkpt lat="49.02684" lon="2.03098">
        <ele>78.98</ele>
        <time>2017-01-08T09:45:04Z</time>
      </trkpt>
      <trkpt lat="49.02709" lon="2.03083">
        <ele>77.19</ele>
        <time>2017-01-08T09:45:15Z</time>
      </trkpt>
      <trkpt lat="49.02723" lon="2.03077">
        <ele>76.64</ele>
        <time>2017-01-08T09:45:25Z</time>
      </trkpt>
      <trkpt lat="49.02742" lon="2.0307">
        <ele>73.99</ele>
        <time>2017-01-08T09:45:49Z</time>
      </trkpt>
      <trkpt lat="49.0275" lon="2.03055">
        <ele>77.37</ele>
        <time>2017-01-08T09:45:58Z</time>
      </trkpt>
      <trkpt lat="49.02752" lon="2.0305">
        <ele>78.72</ele>
        <time>2017-01-08T09:46:01Z</time>
      </trkpt>
      <trkpt lat="49.02757" lon="2.03045">
        <ele>80.28</ele>
        <time>2017-01-08T09:46:05Z</time>
      </trkpt>
      <trkpt lat="49.02759" lon="2.03043">
        <ele>80.6</ele>
        <time>2017-01-08T09:46:07Z</time>
      </trkpt>
      <trkpt lat="49.02771" lon="2.0304">
        <ele>80.58</ele>
        <time>2017-01-08T09:46:15Z</time>
      </trkpt>
      <trkpt lat="49.02799" lon="2.03036">
        <ele>78.88</ele>
        <time>2017-01-08T09:46:33Z</time>
      </trkpt>
      <trkpt lat="49.02805" lon="2.03031">
        <ele>79.11</ele>
        <time>2017-01-08T09:46:38Z</time>
      </trkpt>
      <trkpt lat="49.02828" lon="2.03015">
        <ele>78.98</ele>
        <time>2017-01-08T09:46:57Z</time>
      </trkpt>
      <trkpt lat="49.02847" lon="2.02998">
        <ele>78.7</ele>
        <time>2017-01-08T09:47:11Z</time>
      </trkpt>
      <trkpt lat="49.02872" lon="2.02987">
        <ele>78.26</ele>
        <time>2017-01-08T09:47:23Z</time>
      </trkpt>
      <trkpt lat="49.02898" lon="2.02974">
        <ele>75.82</ele>
        <time>2017-01-08T09:47:34Z</time>
      </trkpt>
      <trkpt lat="49.02927" lon="2.0297">
        <ele>76.51</ele>
        <time>2017-01-08T09:47:45Z</time>
      </trkpt>
      <trkpt lat="49.02947" lon="2.02964">
        <ele>77.28</ele>
        <time>2017-01-08T09:47:54Z</time>
      </trkpt>
      <trkpt lat="49.02961" lon="2.0296">
        <ele>77.08</ele>
        <time>2017-01-08T09:47:58Z</time>
      </trkpt>
      <trkpt lat="49.02978" lon="2.02944">
        <ele>79.68</ele>
        <time>2017-01-08T09:48:09Z</time>
      </trkpt>
      <trkpt lat="49.03005" lon="2.02939">
        <ele>78.84</ele>
        <time>2017-01-08T09:48:19Z</time>
      </trkpt>
      <trkpt lat="49.03014" lon="2.02941">
        <ele>78.94</ele>
        <time>2017-01-08T09:48:29Z</time>
      </trkpt>
      <trkpt lat="49.03037" lon="2.02943">
        <ele>77.53</ele>
        <time>2017-01-08T09:48:47Z</time>
      </trkpt>
      <trkpt lat="49.03045" lon="2.02943">
        <ele>77.03</ele>
        <time>2017-01-08T09:48:52Z</time>
      </trkpt>
      <trkpt lat="49.03051" lon="2.02952">
        <ele>73.33</ele>
        <time>2017-01-08T09:48:57Z</time>
      </trkpt>
      <trkpt lat="49.03051" lon="2.02954">
        <ele>72.7</ele>
        <time>2017-01-08T09:48:58Z</time>
      </trkpt>
      <trkpt lat="49.03049" lon="2.02956">
        <ele>72.03</ele>
        <time>2017-01-08T09:49:00Z</time>
      </trkpt>
      <trkpt lat="49.03045" lon="2.0297">
        <ele>68.87</ele>
        <time>2017-01-08T09:49:05Z</time>
      </trkpt>
      <trkpt lat="49.0304" lon="2.02983">
        <ele>65.27</ele>
        <time>2017-01-08T09:49:09Z</time>
      </trkpt>
      <trkpt lat="49.03039" lon="2.02993">
        <ele>62.25</ele>
        <time>2017-01-08T09:49:12Z</time>
      </trkpt>
      <trkpt lat="49.03038" lon="2.03">
        <ele>59.14</ele>
        <time>2017-01-08T09:49:15Z</time>
      </trkpt>
      <trkpt lat="49.03037" lon="2.03016">
        <ele>55.2</ele>
        <time>2017-01-08T09:49:19Z</time>
      </trkpt>
      <trkpt lat="49.03037" lon="2.03021">
        <ele>53.63</ele>
        <time>2017-01-08T09:49:20Z</time>
      </trkpt>
      <trkpt lat="49.03036" lon="2.03047">
        <ele>49.56</ele>
        <time>2017-01-08T09:49:25Z</time>
      </trkpt>
      <trkpt lat="49.03025" lon="2.03056">
        <ele>49.47</ele>
        <time>2017-01-08T09:49:29Z</time>
      </trkpt>
      <trkpt lat="49.02974" lon="2.03082">
        <ele>49.94</ele>
        <time>2017-01-08T09:49:43Z</time>
      </trkpt>
      <trkpt lat="49.02926" lon="2.03096">
        <ele>50.24</ele>
        <time>2017-01-08T09:49:56Z</time>
      </trkpt>
      <trkpt lat="49.02872" lon="2.03122">
        <ele>50.1</ele>
        <time>2017-01-08T09:50:10Z</time>
      </trkpt>
      <trkpt lat="49.02821" lon="2.03154">
        <ele>49.55</ele>
        <time>2017-01-08T09:50:24Z</time>
      </trkpt>
      <trkpt lat="49.02809" lon="2.03162">
        <ele>49.3</ele>
        <time>2017-01-08T09:50:27Z</time>
      </trkpt>
      <trkpt lat="49.02772" lon="2.03181">
        <ele>50.11</ele>
        <time>2017-01-08T09:50:38Z</time>
      </trkpt>
      <trkpt lat="49.02729" lon="2.03171">
        <ele>52.02</ele>
        <time>2017-01-08T09:50:51Z</time>
      </trkpt>
      <trkpt lat="49.02696" lon="2.03184">
        <ele>53.81</ele>
        <time>2017-01-08T09:51:02Z</time>
      </trkpt>
      <trkpt lat="49.02688" lon="2.03187">
        <ele>54.36</ele>
        <time>2017-01-08T09:51:05Z</time>
      </trkpt>
      <trkpt lat="49.0264" lon="2.03224">
        <ele>54.3</ele>
        <time>2017-01-08T09:51:19Z</time>
      </trkpt>
      <trkpt lat="49.02633" lon="2.03242">
        <ele>52.37</ele>
        <time>2017-01-08T09:51:23Z</time>
      </trkpt>
      <trkpt lat="49.02608" lon="2.03272">
        <ele>50.04</ele>
        <time>2017-01-08T09:51:32Z</time>
      </trkpt>
      <trkpt lat="49.02588" lon="2.03301">
        <ele>48.01</ele>
        <time>2017-01-08T09:51:39Z</time>
      </trkpt>
      <trkpt lat="49.02561" lon="2.03337">
        <ele>45.26</ele>
        <time>2017-01-08T09:51:50Z</time>
      </trkpt>
      <trkpt lat="49.02557" lon="2.03341">
        <ele>44.96</ele>
        <time>2017-01-08T09:51:51Z</time>
      </trkpt>
      <trkpt lat="49.02532" lon="2.03344">
        <ele>46.43</ele>
        <time>2017-01-08T09:52:01Z</time>
      </trkpt>
      <trkpt lat="49.02507" lon="2.03352">
        <ele>47.55</ele>
        <time>2017-01-08T09:52:10Z</time>
      </trkpt>
      <trkpt lat="49.0248" lon="2.03377">
        <ele>48.85</ele>
        <time>2017-01-08T09:52:21Z</time>
      </trkpt>
      <trkpt lat="49.02478" lon="2.03394">
        <ele>48.3</ele>
        <time>2017-01-08T09:52:25Z</time>
      </trkpt>
      <trkpt lat="49.0249" lon="2.03433">
        <ele>46.07</ele>
        <time>2017-01-08T09:52:33Z</time>
      </trkpt>
      <trkpt lat="49.02485" lon="2.03498">
        <ele>42.92</ele>
        <time>2017-01-08T09:52:40Z</time>
      </trkpt>
      <trkpt lat="49.02477" lon="2.03517">
        <ele>42.51</ele>
        <time>2017-01-08T09:52:42Z</time>
      </trkpt>
      <trkpt lat="49.02431" lon="2.03564">
        <ele>42.35</ele>
        <time>2017-01-08T09:52:54Z</time>
      </trkpt>
      <trkpt lat="49.02425" lon="2.03566">
        <ele>42.45</ele>
        <time>2017-01-08T09:52:56Z</time>
      </trkpt>
      <trkpt lat="49.02418" lon="2.0356">
        <ele>42.9</ele>
        <time>2017-01-08T09:53:05Z</time>
      </trkpt>
      <trkpt lat="49.02404" lon="2.03565">
        <ele>43.84</ele>
        <time>2017-01-08T09:53:41Z</time>
      </trkpt>
      <trkpt lat="49.02405" lon="2.03564">
        <ele>43.63</ele>
        <time>2017-01-08T09:53:46Z</time>
      </trkpt>
      <trkpt lat="49.02404" lon="2.03558">
        <ele>43.7</ele>
        <time>2017-01-08T09:53:57Z</time>
      </trkpt>
      <trkpt lat="49.02393" lon="2.03536">
        <ele>46.91</ele>
        <time>2017-01-08T09:54:09Z</time>
      </trkpt>
      <trkpt lat="49.02382" lon="2.03507">
        <ele>50.04</ele>
        <time>2017-01-08T09:54:19Z</time>
      </trkpt>
      <trkpt lat="49.02371" lon="2.03472">
        <ele>53.09</ele>
        <time>2017-01-08T09:54:30Z</time>
      </trkpt>
      <trkpt lat="49.02369" lon="2.03459">
        <ele>53.5</ele>
        <time>2017-01-08T09:54:34Z</time>
      </trkpt>
      <trkpt lat="49.02381" lon="2.0343">
        <ele>55.65</ele>
        <time>2017-01-08T09:54:48Z</time>
      </trkpt>
      <trkpt lat="49.02399" lon="2.03392">
        <ele>58.27</ele>
        <time>2017-01-08T09:55:01Z</time>
      </trkpt>
      <trkpt lat="49.02401" lon="2.0339">
        <ele>58.38</ele>
        <time>2017-01-08T09:55:02Z</time>
      </trkpt>
      <trkpt lat="49.02401" lon="2.03385">
        <ele>59.53</ele>
        <time>2017-01-08T09:55:06Z</time>
      </trkpt>
      <trkpt lat="49.02395" lon="2.03388">
        <ele>60.89</ele>
        <time>2017-01-08T09:55:11Z</time>
      </trkpt>
      <trkpt lat="49.02394" lon="2.03387">
        <ele>61.22</ele>
        <time>2017-01-08T09:55:13Z</time>
      </trkpt>
      <trkpt lat="49.02395" lon="2.03379">
        <ele>62.53</ele>
        <time>2017-01-08T09:55:19Z</time>
      </trkpt>
      <trkpt lat="49.02389" lon="2.03381">
        <ele>64.23</ele>
        <time>2017-01-08T09:55:25Z</time>
      </trkpt>
      <trkpt lat="49.02379" lon="2.03378">
        <ele>67.4</ele>
        <time>2017-01-08T09:55:34Z</time>
      </trkpt>
      <trkpt lat="49.02386" lon="2.03362">
        <ele>70.44</ele>
        <time>2017-01-08T09:55:43Z</time>
      </trkpt>
      <trkpt lat="49.02388" lon="2.03359">
        <ele>70.97</ele>
        <time>2017-01-08T09:55:45Z</time>
      </trkpt>
      <trkpt lat="49.02386" lon="2.03356">
        <ele>71.55</ele>
        <time>2017-01-08T09:55:47Z</time>
      </trkpt>
      <trkpt lat="49.02373" lon="2.03359">
        <ele>74.77</ele>
        <time>2017-01-08T09:55:58Z</time>
      </trkpt>
      <trkpt lat="49.02371" lon="2.03356">
        <ele>75.14</ele>
        <time>2017-01-08T09:56:01Z</time>
      </trkpt>
      <trkpt lat="49.02375" lon="2.03347">
        <ele>76.41</ele>
        <time>2017-01-08T09:56:06Z</time>
      </trkpt>
      <trkpt lat="49.02399" lon="2.03315">
        <ele>77.37</ele>
        <time>2017-01-08T09:56:20Z</time>
      </trkpt>
      <trkpt lat="49.02401" lon="2.03311">
        <ele>77.46</ele>
        <time>2017-01-08T09:56:22Z</time>
      </trkpt>
      <trkpt lat="49.02399" lon="2.0329">
        <ele>79.83</ele>
        <time>2017-01-08T09:56:30Z</time>
      </trkpt>
      <trkpt lat="49.02394" lon="2.03282">
        <ele>81.17</ele>
        <time>2017-01-08T09:56:34Z</time>
      </trkpt>
      <trkpt lat="49.02378" lon="2.03305">
        <ele>81.05</ele>
        <time>2017-01-08T09:56:45Z</time>
      </trkpt>
      <trkpt lat="49.02378" lon="2.03324">
        <ele>79.5</ele>
        <time>2017-01-08T09:56:48Z</time>
      </trkpt>
      <trkpt lat="49.02378" lon="2.03328">
        <ele>78.97</ele>
        <time>2017-01-08T09:56:49Z</time>
      </trkpt>
      <trkpt lat="49.02369" lon="2.03355">
        <ele>75.28</ele>
        <time>2017-01-08T09:56:56Z</time>
      </trkpt>
      <trkpt lat="49.02367" lon="2.03369">
        <ele>72.18</ele>
        <time>2017-01-08T09:57:01Z</time>
      </trkpt>
      <trkpt lat="49.02371" lon="2.03382">
        <ele>67.87</ele>
        <time>2017-01-08T09:57:06Z</time>
      </trkpt>
      <trkpt lat="49.02374" lon="2.03396">
        <ele>64.21</ele>
        <time>2017-01-08T09:57:09Z</time>
      </trkpt>
      <trkpt lat="49.02378" lon="2.03405">
        <ele>60.55</ele>
        <time>2017-01-08T09:57:12Z</time>
      </trkpt>
      <trkpt lat="49.02386" lon="2.03417">
        <ele>56.85</ele>
        <time>2017-01-08T09:57:16Z</time>
      </trkpt>
      <trkpt lat="49.02388" lon="2.03418">
        <ele>56.18</ele>
        <time>2017-01-08T09:57:17Z</time>
      </trkpt>
      <trkpt lat="49.024" lon="2.03396">
        <ele>57.18</ele>
        <time>2017-01-08T09:57:29Z</time>
      </trkpt>
      <trkpt lat="49.02419" lon="2.0336">
        <ele>60.13</ele>
        <time>2017-01-08T09:57:44Z</time>
      </trkpt>
      <trkpt lat="49.02431" lon="2.03341">
        <ele>62.25</ele>
        <time>2017-01-08T09:57:57Z</time>
      </trkpt>
      <trkpt lat="49.02442" lon="2.03328">
        <ele>63.96</ele>
        <time>2017-01-08T09:58:05Z</time>
      </trkpt>
      <trkpt lat="49.02449" lon="2.03329">
        <ele>63.18</ele>
        <time>2017-01-08T09:58:11Z</time>
      </trkpt>
      <trkpt lat="49.02456" lon="2.03333">
        <ele>59.74</ele>
        <time>2017-01-08T09:58:17Z</time>
      </trkpt>
      <trkpt lat="49.0246" lon="2.03341">
        <ele>55.75</ele>
        <time>2017-01-08T09:58:22Z</time>
      </trkpt>
      <trkpt lat="49.02468" lon="2.0335">
        <ele>51.75</ele>
        <time>2017-01-08T09:58:26Z</time>
      </trkpt>
      <trkpt lat="49.02471" lon="2.03354">
        <ele>50.35</ele>
        <time>2017-01-08T09:58:28Z</time>
      </trkpt>
      <trkpt lat="49.02471" lon="2.03382">
        <ele>48.37</ele>
        <time>2017-01-08T09:58:38Z</time>
      </trkpt>
      <trkpt lat="49.02471" lon="2.03385">
        <ele>48.18</ele>
        <time>2017-01-08T09:58:39Z</time>
      </trkpt>
      <trkpt lat="49.02471" lon="2.034">
        <ele>48.27</ele>
        <time>2017-01-08T09:58:44Z</time>
      </trkpt>
      <trkpt lat="49.02483" lon="2.03423">
        <ele>46.8</ele>
        <time>2017-01-08T09:58:51Z</time>
      </trkpt>
      <trkpt lat="49.02487" lon="2.03448">
        <ele>45.43</ele>
        <time>2017-01-08T09:58:55Z</time>
      </trkpt>
      <trkpt lat="49.02489" lon="2.03464">
        <ele>44.21</ele>
        <time>2017-01-08T09:58:57Z</time>
      </trkpt>
      <trkpt lat="49.02468" lon="2.03533">
        <ele>42.28</ele>
        <time>2017-01-08T09:59:06Z</time>
      </trkpt>
      <trkpt lat="49.02464" lon="2.03537">
        <ele>42.24</ele>
        <time>2017-01-08T09:59:07Z</time>
      </trkpt>
      <trkpt lat="49.02425" lon="2.0357">
        <ele>42.72</ele>
        <time>2017-01-08T09:59:21Z</time>
      </trkpt>
      <trkpt lat="49.02423" lon="2.03571">
        <ele>42.71</ele>
        <time>2017-01-08T09:59:22Z</time>
      </trkpt>
      <trkpt lat="49.02413" lon="2.03579">
        <ele>42.25</ele>
        <time>2017-01-08T09:59:36Z</time>
      </trkpt>
      <trkpt lat="49.02416" lon="2.03579">
        <ele>42.32</ele>
        <time>2017-01-08T10:00:07Z</time>
      </trkpt>
      <trkpt lat="49.02418" lon="2.0358">
        <ele>42.34</ele>
        <time>2017-01-08T10:00:21Z</time>
      </trkpt>
      <trkpt lat="49.02416" lon="2.03584">
        <ele>42.24</ele>
        <time>2017-01-08T10:00:23Z</time>
      </trkpt>
      <trkpt lat="49.02399" lon="2.03612">
        <ele>40.64</ele>
        <time>2017-01-08T10:00:31Z</time>
      </trkpt>
      <trkpt lat="49.02383" lon="2.03605">
        <ele>39.51</ele>
        <time>2017-01-08T10:00:40Z</time>
      </trkpt>
      <trkpt lat="49.02383" lon="2.03602">
        <ele>39.66</ele>
        <time>2017-01-08T10:00:41Z</time>
      </trkpt>
      <trkpt lat="49.02377" lon="2.03582">
        <ele>41.19</ele>
        <time>2017-01-08T10:00:51Z</time>
      </trkpt>
      <trkpt lat="49.02381" lon="2.03594">
        <ele>40.83</ele>
        <time>2017-01-08T10:00:55Z</time>
      </trkpt>
      <trkpt lat="49.02389" lon="2.03637">
        <ele>37.78</ele>
        <time>2017-01-08T10:01:02Z</time>
      </trkpt>
      <trkpt lat="49.02383" lon="2.03644">
        <ele>37.77</ele>
        <time>2017-01-08T10:01:09Z</time>
      </trkpt>
      <trkpt lat="49.02368" lon="2.0365">
        <ele>39.26</ele>
        <time>2017-01-08T10:01:26Z</time>
      </trkpt>
      <trkpt lat="49.02377" lon="2.03646">
        <ele>38.15</ele>
        <time>2017-01-08T10:01:39Z</time>
      </trkpt>
      <trkpt lat="49.02386" lon="2.03653">
        <ele>36.57</ele>
        <time>2017-01-08T10:01:46Z</time>
      </trkpt>
      <trkpt lat="49.02389" lon="2.03663">
        <ele>36.14</ele>
        <time>2017-01-08T10:01:48Z</time>
      </trkpt>
      <trkpt lat="49.0239" lon="2.03682">
        <ele>35.08</ele>
        <time>2017-01-08T10:01:51Z</time>
      </trkpt>
      <trkpt lat="49.02351" lon="2.03727">
        <ele>33.61</ele>
        <time>2017-01-08T10:02:02Z</time>
      </trkpt>
      <trkpt lat="49.02304" lon="2.03773">
        <ele>32.59</ele>
        <time>2017-01-08T10:02:15Z</time>
      </trkpt>
      <trkpt lat="49.02258" lon="2.03817">
        <ele>31.29</ele>
        <time>2017-01-08T10:02:27Z</time>
      </trkpt>
      <trkpt lat="49.02242" lon="2.03826">
        <ele>31.16</ele>
        <time>2017-01-08T10:02:32Z</time>
      </trkpt>
      <trkpt lat="49.02244" lon="2.03818">
        <ele>31.61</ele>
        <time>2017-01-08T10:02:36Z</time>
      </trkpt>
      <trkpt lat="49.02262" lon="2.03782">
        <ele>34.97</ele>
        <time>2017-01-08T10:02:49Z</time>
      </trkpt>
      <trkpt lat="49.02269" lon="2.03744">
        <ele>38.13</ele>
        <time>2017-01-08T10:03:02Z</time>
      </trkpt>
      <trkpt lat="49.02272" lon="2.03701">
        <ele>41.27</ele>
        <time>2017-01-08T10:03:16Z</time>
      </trkpt>
      <trkpt lat="49.02266" lon="2.03669">
        <ele>44.31</ele>
        <time>2017-01-08T10:03:30Z</time>
      </trkpt>
      <trkpt lat="49.02261" lon="2.03648">
        <ele>46.74</ele>
        <time>2017-01-08T10:03:45Z</time>
      </trkpt>
      <trkpt lat="49.02258" lon="2.03633">
        <ele>48.78</ele>
        <time>2017-01-08T10:04:00Z</time>
      </trkpt>
      <trkpt lat="49.02259" lon="2.03627">
        <ele>49.26</ele>
        <time>2017-01-08T10:04:22Z</time>
      </trkpt>
      <trkpt lat="49.02262" lon="2.03611">
        <ele>51.63</ele>
        <time>2017-01-08T10:04:41Z</time>
      </trkpt>
      <trkpt lat="49.0226" lon="2.03591">
        <ele>54.72</ele>
        <time>2017-01-08T10:04:56Z</time>
      </trkpt>
      <trkpt lat="49.02258" lon="2.03586">
        <ele>56.3</ele>
        <time>2017-01-08T10:05:19Z</time>
      </trkpt>
      <trkpt lat="49.02255" lon="2.03566">
        <ele>59.52</ele>
        <time>2017-01-08T10:05:33Z</time>
      </trkpt>
      <trkpt lat="49.02253" lon="2.03546">
        <ele>62.68</ele>
        <time>2017-01-08T10:05:47Z</time>
      </trkpt>
      <trkpt lat="49.0225" lon="2.03528">
        <ele>65.79</ele>
        <time>2017-01-08T10:06:00Z</time>
      </trkpt>
      <trkpt lat="49.02247" lon="2.03519">
        <ele>66.38</ele>
        <time>2017-01-08T10:06:11Z</time>
      </trkpt>
      <trkpt lat="49.0223" lon="2.03505">
        <ele>69.18</ele>
        <time>2017-01-08T10:06:22Z</time>
      </trkpt>
      <trkpt lat="49.02223" lon="2.03508">
        <ele>69.47</ele>
        <time>2017-01-08T10:06:34Z</time>
      </trkpt>
      <trkpt lat="49.02225" lon="2.03506">
        <ele>69.83</ele>
        <time>2017-01-08T10:06:39Z</time>
      </trkpt>
      <trkpt lat="49.02227" lon="2.03501">
        <ele>69.68</ele>
        <time>2017-01-08T10:06:42Z</time>
      </trkpt>
      <trkpt lat="49.02216" lon="2.03491">
        <ele>70.48</ele>
        <time>2017-01-08T10:06:49Z</time>
      </trkpt>
      <trkpt lat="49.022" lon="2.03522">
        <ele>69.52</ele>
        <time>2017-01-08T10:06:59Z</time>
      </trkpt>
      <trkpt lat="49.02162" lon="2.03561">
        <ele>69.22</ele>
        <time>2017-01-08T10:07:11Z</time>
      </trkpt>
      <trkpt lat="49.02154" lon="2.03568">
        <ele>69.39</ele>
        <time>2017-01-08T10:07:13Z</time>
      </trkpt>
      <trkpt lat="49.0214" lon="2.03585">
        <ele>69.36</ele>
        <time>2017-01-08T10:07:17Z</time>
      </trkpt>
      <trkpt lat="49.0212" lon="2.03606">
        <ele>68.56</ele>
        <time>2017-01-08T10:07:23Z</time>
      </trkpt>
      <trkpt lat="49.021" lon="2.03625">
        <ele>67.92</ele>
        <time>2017-01-08T10:07:30Z</time>
      </trkpt>
      <trkpt lat="49.02067" lon="2.03666">
        <ele>65.82</ele>
        <time>2017-01-08T10:07:42Z</time>
      </trkpt>
      <trkpt lat="49.02064" lon="2.0367">
        <ele>65.82</ele>
        <time>2017-01-08T10:07:43Z</time>
      </trkpt>
      <trkpt lat="49.02051" lon="2.0371">
        <ele>62.84</ele>
        <time>2017-01-08T10:07:49Z</time>
      </trkpt>
      <trkpt lat="49.02048" lon="2.03717">
        <ele>62.91</ele>
        <time>2017-01-08T10:07:50Z</time>
      </trkpt>
      <trkpt lat="49.02029" lon="2.03754">
        <ele>59.62</ele>
        <time>2017-01-08T10:07:56Z</time>
      </trkpt>
      <trkpt lat="49.02024" lon="2.03773">
        <ele>57.04</ele>
        <time>2017-01-08T10:08:00Z</time>
      </trkpt>
      <trkpt lat="49.02027" lon="2.03802">
        <ele>53.58</ele>
        <time>2017-01-08T10:08:06Z</time>
      </trkpt>
      <trkpt lat="49.02027" lon="2.03799">
        <ele>52.86</ele>
        <time>2017-01-08T10:08:20Z</time>
      </trkpt>
      <trkpt lat="49.02028" lon="2.038">
        <ele>52.86</ele>
        <time>2017-01-08T10:08:22Z</time>
      </trkpt>
      <trkpt lat="49.02033" lon="2.03817">
        <ele>51.06</ele>
        <time>2017-01-08T10:08:27Z</time>
      </trkpt>
      <trkpt lat="49.02034" lon="2.03829">
        <ele>49.42</ele>
        <time>2017-01-08T10:08:30Z</time>
      </trkpt>
      <trkpt lat="49.02036" lon="2.03845">
        <ele>47.51</ele>
        <time>2017-01-08T10:08:34Z</time>
      </trkpt>
      <trkpt lat="49.02033" lon="2.03873">
        <ele>43</ele>
        <time>2017-01-08T10:08:39Z</time>
      </trkpt>
      <trkpt lat="49.0203" lon="2.03879">
        <ele>42.66</ele>
        <time>2017-01-08T10:08:40Z</time>
      </trkpt>
      <trkpt lat="49.02028" lon="2.0391">
        <ele>38.03</ele>
        <time>2017-01-08T10:08:44Z</time>
      </trkpt>
      <trkpt lat="49.02029" lon="2.0394">
        <ele>35.47</ele>
        <time>2017-01-08T10:08:47Z</time>
      </trkpt>
      <trkpt lat="49.02028" lon="2.03961">
        <ele>33.06</ele>
        <time>2017-01-08T10:08:49Z</time>
      </trkpt>
      <trkpt lat="49.02023" lon="2.03991">
        <ele>29.08</ele>
        <time>2017-01-08T10:08:53Z</time>
      </trkpt>
      <trkpt lat="49.02024" lon="2.03996">
        <ele>28.47</ele>
        <time>2017-01-08T10:08:54Z</time>
      </trkpt>
      <trkpt lat="49.02041" lon="2.04016">
        <ele>26.44</ele>
        <time>2017-01-08T10:09:00Z</time>
      </trkpt>
      <trkpt lat="49.02023" lon="2.04037">
        <ele>24.28</ele>
        <time>2017-01-08T10:09:05Z</time>
      </trkpt>
      <trkpt lat="49.02012" lon="2.04045">
        <ele>23.83</ele>
        <time>2017-01-08T10:09:07Z</time>
      </trkpt>
      <trkpt lat="49.01983" lon="2.04053">
        <ele>21.07</ele>
        <time>2017-01-08T10:09:13Z</time>
      </trkpt>
      <trkpt lat="49.01979" lon="2.0404">
        <ele>20.92</ele>
        <time>2017-01-08T10:09:15Z</time>
      </trkpt>
      <trkpt lat="49.0197" lon="2.04016">
        <ele>20.76</ele>
        <time>2017-01-08T10:09:19Z</time>
      </trkpt>
      <trkpt lat="49.01957" lon="2.03985">
        <ele>20.7</ele>
        <time>2017-01-08T10:09:24Z</time>
      </trkpt>
      <trkpt lat="49.01949" lon="2.03955">
        <ele>21.47</ele>
        <time>2017-01-08T10:09:29Z</time>
      </trkpt>
      <trkpt lat="49.0194" lon="2.03896">
        <ele>22.4</ele>
        <time>2017-01-08T10:09:38Z</time>
      </trkpt>
      <trkpt lat="49.01929" lon="2.03802">
        <ele>24.27</ele>
        <time>2017-01-08T10:09:54Z</time>
      </trkpt>
      <trkpt lat="49.0192" lon="2.03726">
        <ele>26.19</ele>
        <time>2017-01-08T10:10:08Z</time>
      </trkpt>
      <trkpt lat="49.01902" lon="2.03662">
        <ele>27.37</ele>
        <time>2017-01-08T10:10:21Z</time>
      </trkpt>
      <trkpt lat="49.01883" lon="2.03602">
        <ele>28.27</ele>
        <time>2017-01-08T10:10:33Z</time>
      </trkpt>
      <trkpt lat="49.01858" lon="2.03524">
        <ele>29.83</ele>
        <time>2017-01-08T10:10:49Z</time>
      </trkpt>
      <trkpt lat="49.01829" lon="2.0346">
        <ele>31.81</ele>
        <time>2017-01-08T10:11:03Z</time>
      </trkpt>
      <trkpt lat="49.01803" lon="2.03403">
        <ele>34.14</ele>
        <time>2017-01-08T10:11:17Z</time>
      </trkpt>
      <trkpt lat="49.01795" lon="2.03382">
        <ele>35.19</ele>
        <time>2017-01-08T10:11:23Z</time>
      </trkpt>
      <trkpt lat="49.01796" lon="2.03368">
        <ele>36.37</ele>
        <time>2017-01-08T10:11:27Z</time>
      </trkpt>
      <trkpt lat="49.01806" lon="2.03325">
        <ele>39.68</ele>
        <time>2017-01-08T10:11:41Z</time>
      </trkpt>
      <trkpt lat="49.01817" lon="2.03288">
        <ele>42.69</ele>
        <time>2017-01-08T10:11:53Z</time>
      </trkpt>
      <trkpt lat="49.01826" lon="2.0325">
        <ele>46</ele>
        <time>2017-01-08T10:12:06Z</time>
      </trkpt>
      <trkpt lat="49.01833" lon="2.03213">
        <ele>49.03</ele>
        <time>2017-01-08T10:12:19Z</time>
      </trkpt>
      <trkpt lat="49.01842" lon="2.0317">
        <ele>52.23</ele>
        <time>2017-01-08T10:12:33Z</time>
      </trkpt>
      <trkpt lat="49.01851" lon="2.03128">
        <ele>55.02</ele>
        <time>2017-01-08T10:12:45Z</time>
      </trkpt>
      <trkpt lat="49.01856" lon="2.03085">
        <ele>58.33</ele>
        <time>2017-01-08T10:12:58Z</time>
      </trkpt>
      <trkpt lat="49.01858" lon="2.03048">
        <ele>61.38</ele>
        <time>2017-01-08T10:13:08Z</time>
      </trkpt>
      <trkpt lat="49.01871" lon="2.02987">
        <ele>64.74</ele>
        <time>2017-01-08T10:13:23Z</time>
      </trkpt>
      <trkpt lat="49.01873" lon="2.02973">
        <ele>65.62</ele>
        <time>2017-01-08T10:13:26Z</time>
      </trkpt>
      <trkpt lat="49.0185" lon="2.02958">
        <ele>67</ele>
        <time>2017-01-08T10:13:36Z</time>
      </trkpt>
      <trkpt lat="49.01813" lon="2.0297">
        <ele>68.57</ele>
        <time>2017-01-08T10:13:48Z</time>
      </trkpt>
      <trkpt lat="49.01774" lon="2.02971">
        <ele>71.35</ele>
        <time>2017-01-08T10:14:00Z</time>
      </trkpt>
      <trkpt lat="49.01762" lon="2.02974">
        <ele>72.11</ele>
        <time>2017-01-08T10:14:04Z</time>
      </trkpt>
      <trkpt lat="49.01757" lon="2.02962">
        <ele>72.63</ele>
        <time>2017-01-08T10:14:11Z</time>
      </trkpt>
      <trkpt lat="49.01757" lon="2.02895">
        <ele>74.18</ele>
        <time>2017-01-08T10:14:26Z</time>
      </trkpt>
      <trkpt lat="49.01756" lon="2.02882">
        <ele>74.64</ele>
        <time>2017-01-08T10:14:30Z</time>
      </trkpt>
      <trkpt lat="49.01744" lon="2.02894">
        <ele>74.31</ele>
        <time>2017-01-08T10:14:35Z</time>
      </trkpt>
      <trkpt lat="49.01726" lon="2.0291">
        <ele>72.58</ele>
        <time>2017-01-08T10:14:42Z</time>
      </trkpt>
      <trkpt lat="49.01711" lon="2.02908">
        <ele>71.83</ele>
        <time>2017-01-08T10:14:45Z</time>
      </trkpt>
      <trkpt lat="49.01688" lon="2.02909">
        <ele>68.47</ele>
        <time>2017-01-08T10:14:51Z</time>
      </trkpt>
      <trkpt lat="49.01687" lon="2.02906">
        <ele>68.29</ele>
        <time>2017-01-08T10:14:52Z</time>
      </trkpt>
      <trkpt lat="49.01679" lon="2.02857">
        <ele>68.64</ele>
        <time>2017-01-08T10:15:05Z</time>
      </trkpt>
      <trkpt lat="49.01672" lon="2.02839">
        <ele>69.18</ele>
        <time>2017-01-08T10:15:13Z</time>
      </trkpt>
      <trkpt lat="49.01665" lon="2.02823">
        <ele>69.78</ele>
        <time>2017-01-08T10:15:18Z</time>
      </trkpt>
      <trkpt lat="49.01663" lon="2.02779">
        <ele>71.29</ele>
        <time>2017-01-08T10:15:25Z</time>
      </trkpt>
      <trkpt lat="49.01662" lon="2.02712">
        <ele>73.16</ele>
        <time>2017-01-08T10:15:39Z</time>
      </trkpt>
      <trkpt lat="49.01654" lon="2.02692">
        <ele>74.04</ele>
        <time>2017-01-08T10:15:44Z</time>
      </trkpt>
      <trkpt lat="49.01638" lon="2.02648">
        <ele>72.12</ele>
        <time>2017-01-08T10:15:54Z</time>
      </trkpt>
      <trkpt lat="49.01637" lon="2.02641">
        <ele>71.31</ele>
        <time>2017-01-08T10:15:56Z</time>
      </trkpt>
      <trkpt lat="49.0166" lon="2.02583">
        <ele>72.58</ele>
        <time>2017-01-08T10:16:07Z</time>
      </trkpt>
      <trkpt lat="49.01661" lon="2.02575">
        <ele>72.58</ele>
        <time>2017-01-08T10:16:09Z</time>
      </trkpt>
      <trkpt lat="49.0164" lon="2.02573">
        <ele>68.51</ele>
        <time>2017-01-08T10:16:16Z</time>
      </trkpt>
      <trkpt lat="49.01637" lon="2.02579">
        <ele>68.13</ele>
        <time>2017-01-08T10:16:17Z</time>
      </trkpt>
      <trkpt lat="49.01605" lon="2.02608">
        <ele>64.2</ele>
        <time>2017-01-08T10:16:23Z</time>
      </trkpt>
      <trkpt lat="49.01583" lon="2.02623">
        <ele>62.87</ele>
        <time>2017-01-08T10:16:31Z</time>
      </trkpt>
      <trkpt lat="49.01559" lon="2.02635">
        <ele>65.77</ele>
        <time>2017-01-08T10:16:42Z</time>
      </trkpt>
      <trkpt lat="49.01551" lon="2.02625">
        <ele>67.43</ele>
        <time>2017-01-08T10:16:48Z</time>
      </trkpt>
      <trkpt lat="49.01539" lon="2.02628">
        <ele>70.29</ele>
        <time>2017-01-08T10:16:57Z</time>
      </trkpt>
      <trkpt lat="49.01536" lon="2.02635">
        <ele>71.05</ele>
        <time>2017-01-08T10:17:01Z</time>
      </trkpt>
      <trkpt lat="49.01535" lon="2.0264">
        <ele>71.25</ele>
        <time>2017-01-08T10:17:03Z</time>
      </trkpt>
      <trkpt lat="49.015" lon="2.02651">
        <ele>74.38</ele>
        <time>2017-01-08T10:17:16Z</time>
      </trkpt>
      <trkpt lat="49.01484" lon="2.02678">
        <ele>77.52</ele>
        <time>2017-01-08T10:17:29Z</time>
      </trkpt>
      <trkpt lat="49.01478" lon="2.02699">
        <ele>78.14</ele>
        <time>2017-01-08T10:17:35Z</time>
      </trkpt>
      <trkpt lat="49.01493" lon="2.02757">
        <ele>77.06</ele>
        <time>2017-01-08T10:17:47Z</time>
      </trkpt>
      <trkpt lat="49.015" lon="2.0277">
        <ele>76.55</ele>
        <time>2017-01-08T10:17:50Z</time>
      </trkpt>
      <trkpt lat="49.01507" lon="2.02802">
        <ele>75.62</ele>
        <time>2017-01-08T10:17:55Z</time>
      </trkpt>
      <trkpt lat="49.01519" lon="2.0284">
        <ele>74.48</ele>
        <time>2017-01-08T10:18:01Z</time>
      </trkpt>
      <trkpt lat="49.01557" lon="2.02902">
        <ele>71.17</ele>
        <time>2017-01-08T10:18:11Z</time>
      </trkpt>
      <trkpt lat="49.01555" lon="2.02941">
        <ele>70.15</ele>
        <time>2017-01-08T10:18:16Z</time>
      </trkpt>
      <trkpt lat="49.0155" lon="2.02972">
        <ele>69.51</ele>
        <time>2017-01-08T10:18:20Z</time>
      </trkpt>
      <trkpt lat="49.01551" lon="2.03022">
        <ele>67.54</ele>
        <time>2017-01-08T10:18:25Z</time>
      </trkpt>
      <trkpt lat="49.01543" lon="2.03064">
        <ele>66.95</ele>
        <time>2017-01-08T10:18:31Z</time>
      </trkpt>
      <trkpt lat="49.0154" lon="2.03087">
        <ele>66.21</ele>
        <time>2017-01-08T10:18:34Z</time>
      </trkpt>
      <trkpt lat="49.01547" lon="2.03119">
        <ele>62.26</ele>
        <time>2017-01-08T10:18:40Z</time>
      </trkpt>
      <trkpt lat="49.01551" lon="2.03122">
        <ele>60.55</ele>
        <time>2017-01-08T10:18:42Z</time>
      </trkpt>
      <trkpt lat="49.01554" lon="2.03127">
        <ele>59.38</ele>
        <time>2017-01-08T10:18:44Z</time>
      </trkpt>
      <trkpt lat="49.01568" lon="2.03124">
        <ele>58.46</ele>
        <time>2017-01-08T10:18:50Z</time>
      </trkpt>
      <trkpt lat="49.01575" lon="2.03112">
        <ele>56.35</ele>
        <time>2017-01-08T10:18:56Z</time>
      </trkpt>
      <trkpt lat="49.01573" lon="2.03095">
        <ele>57.88</ele>
        <time>2017-01-08T10:19:04Z</time>
      </trkpt>
      <trkpt lat="49.01571" lon="2.03093">
        <ele>58.69</ele>
        <time>2017-01-08T10:19:07Z</time>
      </trkpt>
      <trkpt lat="49.01576" lon="2.03085">
        <ele>58.01</ele>
        <time>2017-01-08T10:19:19Z</time>
      </trkpt>
      <trkpt lat="49.01577" lon="2.03084">
        <ele>57.95</ele>
        <time>2017-01-08T10:19:21Z</time>
      </trkpt>
      <trkpt lat="49.01585" lon="2.03069">
        <ele>57.62</ele>
        <time>2017-01-08T10:19:26Z</time>
      </trkpt>
      <trkpt lat="49.0159" lon="2.03054">
        <ele>56</ele>
        <time>2017-01-08T10:19:29Z</time>
      </trkpt>
      <trkpt lat="49.01608" lon="2.03017">
        <ele>52.35</ele>
        <time>2017-01-08T10:19:35Z</time>
      </trkpt>
      <trkpt lat="49.01618" lon="2.03016">
        <ele>51.11</ele>
        <time>2017-01-08T10:19:37Z</time>
      </trkpt>
      <trkpt lat="49.01647" lon="2.02998">
        <ele>53.27</ele>
        <time>2017-01-08T10:19:48Z</time>
      </trkpt>
      <trkpt lat="49.01651" lon="2.02984">
        <ele>54.58</ele>
        <time>2017-01-08T10:19:54Z</time>
      </trkpt>
      <trkpt lat="49.01664" lon="2.03001">
        <ele>57.81</ele>
        <time>2017-01-08T10:20:10Z</time>
      </trkpt>
      <trkpt lat="49.01666" lon="2.03009">
        <ele>59.23</ele>
        <time>2017-01-08T10:20:17Z</time>
      </trkpt>
      <trkpt lat="49.0167" lon="2.03003">
        <ele>59.62</ele>
        <time>2017-01-08T10:20:26Z</time>
      </trkpt>
      <trkpt lat="49.0167" lon="2.03">
        <ele>59.81</ele>
        <time>2017-01-08T10:20:28Z</time>
      </trkpt>
      <trkpt lat="49.01674" lon="2.0298">
        <ele>62.46</ele>
        <time>2017-01-08T10:20:40Z</time>
      </trkpt>
      <trkpt lat="49.01683" lon="2.02998">
        <ele>65.59</ele>
        <time>2017-01-08T10:20:52Z</time>
      </trkpt>
      <trkpt lat="49.01686" lon="2.03004">
        <ele>65.94</ele>
        <time>2017-01-08T10:20:56Z</time>
      </trkpt>
      <trkpt lat="49.01686" lon="2.03017">
        <ele>65.56</ele>
        <time>2017-01-08T10:21:02Z</time>
      </trkpt>
      <trkpt lat="49.01684" lon="2.03056">
        <ele>65.47</ele>
        <time>2017-01-08T10:21:18Z</time>
      </trkpt>
      <trkpt lat="49.01679" lon="2.03098">
        <ele>64.04</ele>
        <time>2017-01-08T10:21:32Z</time>
      </trkpt>
      <trkpt lat="49.01699" lon="2.03117">
        <ele>65.35</ele>
        <time>2017-01-08T10:21:42Z</time>
      </trkpt>
      <trkpt lat="49.01727" lon="2.03139">
        <ele>66.83</ele>
        <time>2017-01-08T10:21:54Z</time>
      </trkpt>
      <trkpt lat="49.01743" lon="2.03179">
        <ele>65.44</ele>
        <time>2017-01-08T10:22:04Z</time>
      </trkpt>
      <trkpt lat="49.01763" lon="2.03218">
        <ele>63.8</ele>
        <time>2017-01-08T10:22:14Z</time>
      </trkpt>
      <trkpt lat="49.01772" lon="2.0323">
        <ele>60.78</ele>
        <time>2017-01-08T10:22:23Z</time>
      </trkpt>
      <trkpt lat="49.01775" lon="2.03233">
        <ele>59.97</ele>
        <time>2017-01-08T10:22:25Z</time>
      </trkpt>
      <trkpt lat="49.01777" lon="2.03245">
        <ele>57.23</ele>
        <time>2017-01-08T10:22:29Z</time>
      </trkpt>
      <trkpt lat="49.01775" lon="2.03255">
        <ele>54.45</ele>
        <time>2017-01-08T10:22:33Z</time>
      </trkpt>
      <trkpt lat="49.01776" lon="2.03275">
        <ele>49.94</ele>
        <time>2017-01-08T10:22:39Z</time>
      </trkpt>
      <trkpt lat="49.0178" lon="2.03285">
        <ele>46.9</ele>
        <time>2017-01-08T10:22:42Z</time>
      </trkpt>
      <trkpt lat="49.01785" lon="2.03297">
        <ele>43.29</ele>
        <time>2017-01-08T10:22:45Z</time>
      </trkpt>
      <trkpt lat="49.01787" lon="2.03308">
        <ele>40.26</ele>
        <time>2017-01-08T10:22:48Z</time>
      </trkpt>
      <trkpt lat="49.01789" lon="2.03314">
        <ele>38.86</ele>
        <time>2017-01-08T10:22:50Z</time>
      </trkpt>
      <trkpt lat="49.01781" lon="2.03318">
        <ele>37.47</ele>
        <time>2017-01-08T10:22:56Z</time>
      </trkpt>
      <trkpt lat="49.01768" lon="2.03332">
        <ele>37.64</ele>
        <time>2017-01-08T10:23:14Z</time>
      </trkpt>
      <trkpt lat="49.01771" lon="2.03335">
        <ele>37.64</ele>
        <time>2017-01-08T10:23:21Z</time>
      </trkpt>
      <trkpt lat="49.01775" lon="2.03335">
        <ele>37.7</ele>
        <time>2017-01-08T10:23:38Z</time>
      </trkpt>
      <trkpt lat="49.01772" lon="2.03335">
        <ele>37.76</ele>
        <time>2017-01-08T10:23:46Z</time>
      </trkpt>
      <trkpt lat="49.01768" lon="2.03334">
        <ele>37.7</ele>
        <time>2017-01-08T10:24:03Z</time>
      </trkpt>
      <trkpt lat="49.01766" lon="2.03335">
        <ele>37.53</ele>
        <time>2017-01-08T10:24:05Z</time>
      </trkpt>
      <trkpt lat="49.01748" lon="2.03344">
        <ele>36.73</ele>
        <time>2017-01-08T10:24:10Z</time>
      </trkpt>
      <trkpt lat="49.01709" lon="2.03384">
        <ele>34.76</ele>
        <time>2017-01-08T10:24:20Z</time>
      </trkpt>
      <trkpt lat="49.01703" lon="2.03381">
        <ele>35.08</ele>
        <time>2017-01-08T10:24:22Z</time>
      </trkpt>
      <trkpt lat="49.0166" lon="2.03348">
        <ele>37.39</ele>
        <time>2017-01-08T10:24:37Z</time>
      </trkpt>
      <trkpt lat="49.01627" lon="2.03306">
        <ele>39.74</ele>
        <time>2017-01-08T10:24:52Z</time>
      </trkpt>
      <trkpt lat="49.01602" lon="2.0328">
        <ele>41.47</ele>
        <time>2017-01-08T10:25:02Z</time>
      </trkpt>
      <trkpt lat="49.01572" lon="2.03251">
        <ele>43.34</ele>
        <time>2017-01-08T10:25:14Z</time>
      </trkpt>
      <trkpt lat="49.01536" lon="2.0324">
        <ele>46</ele>
        <time>2017-01-08T10:25:27Z</time>
      </trkpt>
      <trkpt lat="49.01508" lon="2.03234">
        <ele>48.36</ele>
        <time>2017-01-08T10:25:38Z</time>
      </trkpt>
      <trkpt lat="49.01466" lon="2.03235">
        <ele>51.53</ele>
        <time>2017-01-08T10:25:54Z</time>
      </trkpt>
      <trkpt lat="49.01429" lon="2.03243">
        <ele>54.53</ele>
        <time>2017-01-08T10:26:09Z</time>
      </trkpt>
      <trkpt lat="49.01391" lon="2.03256">
        <ele>57.17</ele>
        <time>2017-01-08T10:26:24Z</time>
      </trkpt>
      <trkpt lat="49.01359" lon="2.03272">
        <ele>59.21</ele>
        <time>2017-01-08T10:26:37Z</time>
      </trkpt>
      <trkpt lat="49.01356" lon="2.03276">
        <ele>59.57</ele>
        <time>2017-01-08T10:26:39Z</time>
      </trkpt>
      <trkpt lat="49.01362" lon="2.03286">
        <ele>60.72</ele>
        <time>2017-01-08T10:26:49Z</time>
      </trkpt>
      <trkpt lat="49.01365" lon="2.03291">
        <ele>61.53</ele>
        <time>2017-01-08T10:26:52Z</time>
      </trkpt>
      <trkpt lat="49.0137" lon="2.03297">
        <ele>63.27</ele>
        <time>2017-01-08T10:26:57Z</time>
      </trkpt>
      <trkpt lat="49.01374" lon="2.03306">
        <ele>65.17</ele>
        <time>2017-01-08T10:27:01Z</time>
      </trkpt>
      <trkpt lat="49.01422" lon="2.03296">
        <ele>65.18</ele>
        <time>2017-01-08T10:27:15Z</time>
      </trkpt>
      <trkpt lat="49.01474" lon="2.03293">
        <ele>63.93</ele>
        <time>2017-01-08T10:27:28Z</time>
      </trkpt>
      <trkpt lat="49.01482" lon="2.03295">
        <ele>63.51</ele>
        <time>2017-01-08T10:27:30Z</time>
      </trkpt>
      <trkpt lat="49.01494" lon="2.03296">
        <ele>63.32</ele>
        <time>2017-01-08T10:27:32Z</time>
      </trkpt>
      <trkpt lat="49.01522" lon="2.033">
        <ele>62.16</ele>
        <time>2017-01-08T10:27:38Z</time>
      </trkpt>
      <trkpt lat="49.01532" lon="2.03304">
        <ele>61.48</ele>
        <time>2017-01-08T10:27:40Z</time>
      </trkpt>
      <trkpt lat="49.01557" lon="2.0332">
        <ele>60.59</ele>
        <time>2017-01-08T10:27:46Z</time>
      </trkpt>
      <trkpt lat="49.01576" lon="2.03339">
        <ele>59.56</ele>
        <time>2017-01-08T10:27:50Z</time>
      </trkpt>
      <trkpt lat="49.016" lon="2.03371">
        <ele>59.57</ele>
        <time>2017-01-08T10:27:55Z</time>
      </trkpt>
      <trkpt lat="49.01631" lon="2.03422">
        <ele>62.08</ele>
        <time>2017-01-08T10:28:06Z</time>
      </trkpt>
      <trkpt lat="49.01631" lon="2.03426">
        <ele>62.26</ele>
        <time>2017-01-08T10:28:07Z</time>
      </trkpt>
      <trkpt lat="49.0162" lon="2.03463">
        <ele>65.88</ele>
        <time>2017-01-08T10:28:14Z</time>
      </trkpt>
      <trkpt lat="49.01626" lon="2.03479">
        <ele>67.55</ele>
        <time>2017-01-08T10:28:18Z</time>
      </trkpt>
      <trkpt lat="49.01665" lon="2.03514">
        <ele>68.22</ele>
        <time>2017-01-08T10:28:31Z</time>
      </trkpt>
      <trkpt lat="49.01677" lon="2.03522">
        <ele>67.76</ele>
        <time>2017-01-08T10:28:35Z</time>
      </trkpt>
      <trkpt lat="49.01695" lon="2.03508">
        <ele>65.49</ele>
        <time>2017-01-08T10:28:40Z</time>
      </trkpt>
      <trkpt lat="49.01716" lon="2.0349">
        <ele>61.32</ele>
        <time>2017-01-08T10:28:45Z</time>
      </trkpt>
      <trkpt lat="49.01717" lon="2.03472">
        <ele>57.04</ele>
        <time>2017-01-08T10:28:49Z</time>
      </trkpt>
      <trkpt lat="49.01717" lon="2.03471">
        <ele>56.41</ele>
        <time>2017-01-08T10:28:50Z</time>
      </trkpt>
      <trkpt lat="49.01724" lon="2.03476">
        <ele>54.14</ele>
        <time>2017-01-08T10:28:54Z</time>
      </trkpt>
      <trkpt lat="49.0173" lon="2.0348">
        <ele>52.17</ele>
        <time>2017-01-08T10:28:57Z</time>
      </trkpt>
      <trkpt lat="49.01732" lon="2.03463">
        <ele>48.23</ele>
        <time>2017-01-08T10:29:03Z</time>
      </trkpt>
      <trkpt lat="49.01733" lon="2.03461">
        <ele>46.44</ele>
        <time>2017-01-08T10:29:05Z</time>
      </trkpt>
      <trkpt lat="49.0174" lon="2.03467">
        <ele>44.28</ele>
        <time>2017-01-08T10:29:09Z</time>
      </trkpt>
      <trkpt lat="49.01749" lon="2.03454">
        <ele>39.91</ele>
        <time>2017-01-08T10:29:15Z</time>
      </trkpt>
      <trkpt lat="49.01751" lon="2.03453">
        <ele>37.38</ele>
        <time>2017-01-08T10:29:18Z</time>
      </trkpt>
      <trkpt lat="49.01757" lon="2.03456">
        <ele>35.96</ele>
        <time>2017-01-08T10:29:21Z</time>
      </trkpt>
      <trkpt lat="49.01764" lon="2.03454">
        <ele>33.4</ele>
        <time>2017-01-08T10:29:25Z</time>
      </trkpt>
      <trkpt lat="49.01769" lon="2.03454">
        <ele>32.25</ele>
        <time>2017-01-08T10:29:27Z</time>
      </trkpt>
      <trkpt lat="49.01777" lon="2.03461">
        <ele>31.2</ele>
        <time>2017-01-08T10:29:37Z</time>
      </trkpt>
      <trkpt lat="49.01778" lon="2.0346">
        <ele>31.79</ele>
        <time>2017-01-08T10:30:03Z</time>
      </trkpt>
      <trkpt lat="49.0178" lon="2.03459">
        <ele>31.19</ele>
        <time>2017-01-08T10:30:34Z</time>
      </trkpt>
      <trkpt lat="49.01787" lon="2.03462">
        <ele>31.5</ele>
        <time>2017-01-08T10:30:59Z</time>
      </trkpt>
      <trkpt lat="49.01806" lon="2.03502">
        <ele>31</ele>
        <time>2017-01-08T10:31:10Z</time>
      </trkpt>
      <trkpt lat="49.0182" lon="2.03543">
        <ele>30.72</ele>
        <time>2017-01-08T10:31:17Z</time>
      </trkpt>
      <trkpt lat="49.0183" lon="2.03566">
        <ele>30.73</ele>
        <time>2017-01-08T10:31:21Z</time>
      </trkpt>
      <trkpt lat="49.01846" lon="2.0362">
        <ele>30.42</ele>
        <time>2017-01-08T10:31:30Z</time>
      </trkpt>
      <trkpt lat="49.01866" lon="2.03726">
        <ele>29.77</ele>
        <time>2017-01-08T10:31:45Z</time>
      </trkpt>
      <trkpt lat="49.01884" lon="2.03816">
        <ele>27.27</ele>
        <time>2017-01-08T10:31:55Z</time>
      </trkpt>
      <trkpt lat="49.01897" lon="2.03912">
        <ele>23.98</ele>
        <time>2017-01-08T10:32:04Z</time>
      </trkpt>
      <trkpt lat="49.01915" lon="2.04013">
        <ele>20.28</ele>
        <time>2017-01-08T10:32:13Z</time>
      </trkpt>
      <trkpt lat="49.01933" lon="2.04084">
        <ele>17.78</ele>
        <time>2017-01-08T10:32:20Z</time>
      </trkpt>
      <trkpt lat="49.01926" lon="2.0411">
        <ele>18.11</ele>
        <time>2017-01-08T10:32:25Z</time>
      </trkpt>
      <trkpt lat="49.01902" lon="2.0414">
        <ele>21.26</ele>
        <time>2017-01-08T10:32:38Z</time>
      </trkpt>
      <trkpt lat="49.01881" lon="2.04167">
        <ele>24.48</ele>
        <time>2017-01-08T10:32:51Z</time>
      </trkpt>
      <trkpt lat="49.01861" lon="2.04198">
        <ele>27.59</ele>
        <time>2017-01-08T10:33:05Z</time>
      </trkpt>
      <trkpt lat="49.01838" lon="2.04207">
        <ele>30.39</ele>
        <time>2017-01-08T10:33:20Z</time>
      </trkpt>
      <trkpt lat="49.01824" lon="2.04188">
        <ele>32.33</ele>
        <time>2017-01-08T10:33:31Z</time>
      </trkpt>
      <trkpt lat="49.01815" lon="2.04163">
        <ele>35.58</ele>
        <time>2017-01-08T10:33:46Z</time>
      </trkpt>
      <trkpt lat="49.01814" lon="2.0415">
        <ele>37.99</ele>
        <time>2017-01-08T10:33:54Z</time>
      </trkpt>
      <trkpt lat="49.01806" lon="2.04153">
        <ele>40.57</ele>
        <time>2017-01-08T10:34:02Z</time>
      </trkpt>
      <trkpt lat="49.01803" lon="2.04156">
        <ele>41.13</ele>
        <time>2017-01-08T10:34:04Z</time>
      </trkpt>
      <trkpt lat="49.01794" lon="2.04152">
        <ele>43.43</ele>
        <time>2017-01-08T10:34:13Z</time>
      </trkpt>
      <trkpt lat="49.01781" lon="2.04124">
        <ele>46.2</ele>
        <time>2017-01-08T10:34:26Z</time>
      </trkpt>
      <trkpt lat="49.01775" lon="2.04115">
        <ele>47.03</ele>
        <time>2017-01-08T10:34:31Z</time>
      </trkpt>
      <trkpt lat="49.01771" lon="2.04146">
        <ele>48.56</ele>
        <time>2017-01-08T10:34:43Z</time>
      </trkpt>
      <trkpt lat="49.01759" lon="2.04176">
        <ele>48.59</ele>
        <time>2017-01-08T10:34:53Z</time>
      </trkpt>
      <trkpt lat="49.01741" lon="2.04205">
        <ele>51.3</ele>
        <time>2017-01-08T10:35:08Z</time>
      </trkpt>
      <trkpt lat="49.01717" lon="2.0424">
        <ele>52.6</ele>
        <time>2017-01-08T10:35:19Z</time>
      </trkpt>
      <trkpt lat="49.01683" lon="2.04275">
        <ele>53.33</ele>
        <time>2017-01-08T10:35:30Z</time>
      </trkpt>
      <trkpt lat="49.01674" lon="2.04287">
        <ele>53.92</ele>
        <time>2017-01-08T10:35:33Z</time>
      </trkpt>
      <trkpt lat="49.01672" lon="2.043">
        <ele>53.22</ele>
        <time>2017-01-08T10:35:35Z</time>
      </trkpt>
      <trkpt lat="49.01654" lon="2.04322">
        <ele>51.28</ele>
        <time>2017-01-08T10:35:39Z</time>
      </trkpt>
      <trkpt lat="49.0164" lon="2.04335">
        <ele>53.35</ele>
        <time>2017-01-08T10:35:43Z</time>
      </trkpt>
      <trkpt lat="49.01623" lon="2.04351">
        <ele>55.47</ele>
        <time>2017-01-08T10:35:48Z</time>
      </trkpt>
      <trkpt lat="49.01619" lon="2.04355">
        <ele>55.76</ele>
        <time>2017-01-08T10:35:49Z</time>
      </trkpt>
      <trkpt lat="49.01573" lon="2.04393">
        <ele>56.99</ele>
        <time>2017-01-08T10:36:02Z</time>
      </trkpt>
      <trkpt lat="49.01546" lon="2.04446">
        <ele>55.65</ele>
        <time>2017-01-08T10:36:12Z</time>
      </trkpt>
      <trkpt lat="49.01542" lon="2.04446">
        <ele>55.95</ele>
        <time>2017-01-08T10:36:13Z</time>
      </trkpt>
      <trkpt lat="49.01506" lon="2.04477">
        <ele>58.76</ele>
        <time>2017-01-08T10:36:24Z</time>
      </trkpt>
      <trkpt lat="49.015" lon="2.04489">
        <ele>58.61</ele>
        <time>2017-01-08T10:36:26Z</time>
      </trkpt>
      <trkpt lat="49.01485" lon="2.04532">
        <ele>57.22</ele>
        <time>2017-01-08T10:36:32Z</time>
      </trkpt>
      <trkpt lat="49.01469" lon="2.04557">
        <ele>56.19</ele>
        <time>2017-01-08T10:36:36Z</time>
      </trkpt>
      <trkpt lat="49.01473" lon="2.04591">
        <ele>52.01</ele>
        <time>2017-01-08T10:36:42Z</time>
      </trkpt>
      <trkpt lat="49.01492" lon="2.04593">
        <ele>48.53</ele>
        <time>2017-01-08T10:36:45Z</time>
      </trkpt>
      <trkpt lat="49.01513" lon="2.04591">
        <ele>45.4</ele>
        <time>2017-01-08T10:36:48Z</time>
      </trkpt>
      <trkpt lat="49.0154" lon="2.04588">
        <ele>40.81</ele>
        <time>2017-01-08T10:36:53Z</time>
      </trkpt>
      <trkpt lat="49.01549" lon="2.04596">
        <ele>37.32</ele>
        <time>2017-01-08T10:36:57Z</time>
      </trkpt>
      <trkpt lat="49.01548" lon="2.04604">
        <ele>36.51</ele>
        <time>2017-01-08T10:36:59Z</time>
      </trkpt>
      <trkpt lat="49.01545" lon="2.04616">
        <ele>36.01</ele>
        <time>2017-01-08T10:37:01Z</time>
      </trkpt>
      <trkpt lat="49.01536" lon="2.04641">
        <ele>33.92</ele>
        <time>2017-01-08T10:37:04Z</time>
      </trkpt>
      <trkpt lat="49.01532" lon="2.04658">
        <ele>33.18</ele>
        <time>2017-01-08T10:37:06Z</time>
      </trkpt>
      <trkpt lat="49.01539" lon="2.04689">
        <ele>31.48</ele>
        <time>2017-01-08T10:37:10Z</time>
      </trkpt>
      <trkpt lat="49.01548" lon="2.04699">
        <ele>30.26</ele>
        <time>2017-01-08T10:37:13Z</time>
      </trkpt>
      <trkpt lat="49.01566" lon="2.04706">
        <ele>26.98</ele>
        <time>2017-01-08T10:37:19Z</time>
      </trkpt>
      <trkpt lat="49.01571" lon="2.04708">
        <ele>25.88</ele>
        <time>2017-01-08T10:37:30Z</time>
      </trkpt>
      <trkpt lat="49.01576" lon="2.04706">
        <ele>25.78</ele>
        <time>2017-01-08T10:37:39Z</time>
      </trkpt>
      <trkpt lat="49.0157" lon="2.04716">
        <ele>25.72</ele>
        <time>2017-01-08T10:37:50Z</time>
      </trkpt>
      <trkpt lat="49.01585" lon="2.04728">
        <ele>24.85</ele>
        <time>2017-01-08T10:37:58Z</time>
      </trkpt>
      <trkpt lat="49.01589" lon="2.04738">
        <ele>23.74</ele>
        <time>2017-01-08T10:38:02Z</time>
      </trkpt>
      <trkpt lat="49.01587" lon="2.04751">
        <ele>23.7</ele>
        <time>2017-01-08T10:38:14Z</time>
      </trkpt>
      <trkpt lat="49.01588" lon="2.04763">
        <ele>24</ele>
        <time>2017-01-08T10:38:18Z</time>
      </trkpt>
      <trkpt lat="49.01592" lon="2.04771">
        <ele>23.72</ele>
        <time>2017-01-08T10:38:20Z</time>
      </trkpt>
      <trkpt lat="49.0161" lon="2.04794">
        <ele>21.02</ele>
        <time>2017-01-08T10:38:24Z</time>
      </trkpt>
      <trkpt lat="49.01623" lon="2.04806">
        <ele>18.54</ele>
        <time>2017-01-08T10:38:27Z</time>
      </trkpt>
      <trkpt lat="49.01642" lon="2.04828">
        <ele>13.94</ele>
        <time>2017-01-08T10:38:31Z</time>
      </trkpt>
      <trkpt lat="49.01645" lon="2.0484">
        <ele>11.91</ele>
        <time>2017-01-08T10:38:35Z</time>
      </trkpt>
      <trkpt lat="49.0166" lon="2.04862">
        <ele>11.05</ele>
        <time>2017-01-08T10:38:43Z</time>
      </trkpt>
      <trkpt lat="49.01697" lon="2.04922">
        <ele>9.77</ele>
        <time>2017-01-08T10:38:53Z</time>
      </trkpt>
      <trkpt lat="49.01716" lon="2.04963">
        <ele>9.56</ele>
        <time>2017-01-08T10:39:01Z</time>
      </trkpt>
      <trkpt lat="49.01726" lon="2.04993">
        <ele>9.71</ele>
        <time>2017-01-08T10:39:07Z</time>
      </trkpt>
      <trkpt lat="49.01715" lon="2.05009">
        <ele>9.83</ele>
        <time>2017-01-08T10:39:11Z</time>
      </trkpt>
      <trkpt lat="49.01682" lon="2.05059">
        <ele>10.02</ele>
        <time>2017-01-08T10:39:20Z</time>
      </trkpt>
      <trkpt lat="49.01675" lon="2.05079">
        <ele>9.9</ele>
        <time>2017-01-08T10:39:23Z</time>
      </trkpt>
      <trkpt lat="49.01645" lon="2.05137">
        <ele>9.89</ele>
        <time>2017-01-08T10:39:34Z</time>
      </trkpt>
      <trkpt lat="49.01602" lon="2.05184">
        <ele>10.02</ele>
        <time>2017-01-08T10:39:44Z</time>
      </trkpt>
      <trkpt lat="49.01594" lon="2.05193">
        <ele>10.18</ele>
        <time>2017-01-08T10:39:46Z</time>
      </trkpt>
      <trkpt lat="49.01545" lon="2.05262">
        <ele>9.69</ele>
        <time>2017-01-08T10:40:00Z</time>
      </trkpt>
      <trkpt lat="49.01507" lon="2.05331">
        <ele>10.3</ele>
        <time>2017-01-08T10:40:14Z</time>
      </trkpt>
      <trkpt lat="49.01493" lon="2.05356">
        <ele>10.18</ele>
        <time>2017-01-08T10:40:19Z</time>
      </trkpt>
      <trkpt lat="49.01461" lon="2.05428">
        <ele>10.24</ele>
        <time>2017-01-08T10:40:30Z</time>
      </trkpt>
      <trkpt lat="49.01417" lon="2.05501">
        <ele>10.06</ele>
        <time>2017-01-08T10:40:43Z</time>
      </trkpt>
      <trkpt lat="49.01385" lon="2.05568">
        <ele>9.42</ele>
        <time>2017-01-08T10:40:54Z</time>
      </trkpt>
      <trkpt lat="49.01371" lon="2.05602">
        <ele>9.71</ele>
        <time>2017-01-08T10:40:59Z</time>
      </trkpt>
      <trkpt lat="49.01341" lon="2.05648">
        <ele>9.97</ele>
        <time>2017-01-08T10:41:10Z</time>
      </trkpt>
      <trkpt lat="49.01314" lon="2.05621">
        <ele>9.84</ele>
        <time>2017-01-08T10:41:19Z</time>
      </trkpt>
      <trkpt lat="49.01294" lon="2.05579">
        <ele>11.02</ele>
        <time>2017-01-08T10:41:30Z</time>
      </trkpt>
      <trkpt lat="49.0131" lon="2.05566">
        <ele>14.33</ele>
        <time>2017-01-08T10:41:40Z</time>
      </trkpt>
      <trkpt lat="49.01341" lon="2.0561">
        <ele>15.69</ele>
        <time>2017-01-08T10:41:55Z</time>
      </trkpt>
      <trkpt lat="49.01358" lon="2.05646">
        <ele>16.81</ele>
        <time>2017-01-08T10:42:05Z</time>
      </trkpt>
      <trkpt lat="49.01382" lon="2.05684">
        <ele>17.36</ele>
        <time>2017-01-08T10:42:17Z</time>
      </trkpt>
      <trkpt lat="49.01414" lon="2.0573">
        <ele>17.21</ele>
        <time>2017-01-08T10:42:28Z</time>
      </trkpt>
      <trkpt lat="49.01424" lon="2.05752">
        <ele>16.67</ele>
        <time>2017-01-08T10:42:32Z</time>
      </trkpt>
      <trkpt lat="49.01443" lon="2.05792">
        <ele>14.61</ele>
        <time>2017-01-08T10:42:38Z</time>
      </trkpt>
      <trkpt lat="49.0147" lon="2.05851">
        <ele>12.19</ele>
        <time>2017-01-08T10:42:45Z</time>
      </trkpt>
      <trkpt lat="49.0146" lon="2.05912">
        <ele>11.57</ele>
        <time>2017-01-08T10:42:52Z</time>
      </trkpt>
      <trkpt lat="49.01449" lon="2.05929">
        <ele>11.78</ele>
        <time>2017-01-08T10:42:55Z</time>
      </trkpt>
      <trkpt lat="49.01424" lon="2.05967">
        <ele>12.02</ele>
        <time>2017-01-08T10:43:02Z</time>
      </trkpt>
      <trkpt lat="49.01429" lon="2.05996">
        <ele>11.91</ele>
        <time>2017-01-08T10:43:07Z</time>
      </trkpt>
      <trkpt lat="49.01464" lon="2.06066">
        <ele>14.4</ele>
        <time>2017-01-08T10:43:22Z</time>
      </trkpt>
      <trkpt lat="49.01484" lon="2.06106">
        <ele>17.46</ele>
        <time>2017-01-08T10:43:33Z</time>
      </trkpt>
      <trkpt lat="49.015" lon="2.06137">
        <ele>20.47</ele>
        <time>2017-01-08T10:43:42Z</time>
      </trkpt>
      <trkpt lat="49.0152" lon="2.06192">
        <ele>23.59</ele>
        <time>2017-01-08T10:43:53Z</time>
      </trkpt>
      <trkpt lat="49.01547" lon="2.06245">
        <ele>26.68</ele>
        <time>2017-01-08T10:44:05Z</time>
      </trkpt>
      <trkpt lat="49.01574" lon="2.06295">
        <ele>29.86</ele>
        <time>2017-01-08T10:44:18Z</time>
      </trkpt>
      <trkpt lat="49.01595" lon="2.06339">
        <ele>32.97</ele>
        <time>2017-01-08T10:44:29Z</time>
      </trkpt>
      <trkpt lat="49.01621" lon="2.06395">
        <ele>35.88</ele>
        <time>2017-01-08T10:44:44Z</time>
      </trkpt>
      <trkpt lat="49.01634" lon="2.06421">
        <ele>36.64</ele>
        <time>2017-01-08T10:44:51Z</time>
      </trkpt>
      <trkpt lat="49.01646" lon="2.06414">
        <ele>37.29</ele>
        <time>2017-01-08T10:44:56Z</time>
      </trkpt>
      <trkpt lat="49.01687" lon="2.06374">
        <ele>37.63</ele>
        <time>2017-01-08T10:45:09Z</time>
      </trkpt>
      <trkpt lat="49.01738" lon="2.06325">
        <ele>38.12</ele>
        <time>2017-01-08T10:45:24Z</time>
      </trkpt>
      <trkpt lat="49.01752" lon="2.06338">
        <ele>37.96</ele>
        <time>2017-01-08T10:45:30Z</time>
      </trkpt>
      <trkpt lat="49.01779" lon="2.06394">
        <ele>38.06</ele>
        <time>2017-01-08T10:45:41Z</time>
      </trkpt>
      <trkpt lat="49.01805" lon="2.06447">
        <ele>37.6</ele>
        <time>2017-01-08T10:45:51Z</time>
      </trkpt>
      <trkpt lat="49.01837" lon="2.0647">
        <ele>37</ele>
        <time>2017-01-08T10:46:00Z</time>
      </trkpt>
      <trkpt lat="49.01841" lon="2.06473">
        <ele>36.67</ele>
        <time>2017-01-08T10:46:01Z</time>
      </trkpt>
      <trkpt lat="49.01874" lon="2.06542">
        <ele>35.56</ele>
        <time>2017-01-08T10:46:12Z</time>
      </trkpt>
      <trkpt lat="49.01898" lon="2.06543">
        <ele>34.91</ele>
        <time>2017-01-08T10:46:20Z</time>
      </trkpt>
      <trkpt lat="49.01891" lon="2.06528">
        <ele>34.81</ele>
        <time>2017-01-08T10:46:22Z</time>
      </trkpt>
      <trkpt lat="49.01858" lon="2.06446">
        <ele>36.58</ele>
        <time>2017-01-08T10:46:36Z</time>
      </trkpt>
      <trkpt lat="49.01846" lon="2.06428">
        <ele>36.76</ele>
        <time>2017-01-08T10:46:40Z</time>
      </trkpt>
      <trkpt lat="49.01855" lon="2.06445">
        <ele>36.47</ele>
        <time>2017-01-08T10:46:44Z</time>
      </trkpt>
      <trkpt lat="49.01862" lon="2.06465">
        <ele>36.45</ele>
        <time>2017-01-08T10:46:47Z</time>
      </trkpt>
      <trkpt lat="49.01863" lon="2.06475">
        <ele>36.04</ele>
        <time>2017-01-08T10:46:49Z</time>
      </trkpt>
      <trkpt lat="49.0186" lon="2.06467">
        <ele>35.97</ele>
        <time>2017-01-08T10:46:51Z</time>
      </trkpt>
      <trkpt lat="49.01853" lon="2.06469">
        <ele>36.61</ele>
        <time>2017-01-08T10:46:57Z</time>
      </trkpt>
      <trkpt lat="49.01856" lon="2.06483">
        <ele>36.42</ele>
        <time>2017-01-08T10:46:59Z</time>
      </trkpt>
      <trkpt lat="49.01861" lon="2.06496">
        <ele>35.8</ele>
        <time>2017-01-08T10:47:01Z</time>
      </trkpt>
      <trkpt lat="49.01883" lon="2.06544">
        <ele>34.77</ele>
        <time>2017-01-08T10:47:09Z</time>
      </trkpt>
      <trkpt lat="49.01898" lon="2.06557">
        <ele>35.02</ele>
        <time>2017-01-08T10:47:14Z</time>
      </trkpt>
      <trkpt lat="49.01925" lon="2.06567">
        <ele>36.42</ele>
        <time>2017-01-08T10:47:24Z</time>
      </trkpt>
      <trkpt lat="49.01932" lon="2.06571">
        <ele>36.87</ele>
        <time>2017-01-08T10:47:30Z</time>
      </trkpt>
      <trkpt lat="49.01959" lon="2.0662">
        <ele>37.02</ele>
        <time>2017-01-08T10:47:43Z</time>
      </trkpt>
      <trkpt lat="49.01984" lon="2.06661">
        <ele>36.96</ele>
        <time>2017-01-08T10:47:54Z</time>
      </trkpt>
      <trkpt lat="49.01985" lon="2.06662">
        <ele>37.01</ele>
        <time>2017-01-08T10:47:55Z</time>
      </trkpt>
      <trkpt lat="49.01988" lon="2.06663">
        <ele>36.54</ele>
        <time>2017-01-08T10:47:59Z</time>
      </trkpt>
      <trkpt lat="49.01988" lon="2.06671">
        <ele>36.32</ele>
        <time>2017-01-08T10:48:10Z</time>
      </trkpt>
      <trkpt lat="49.0199" lon="2.06668">
        <ele>36.51</ele>
        <time>2017-01-08T10:48:13Z</time>
      </trkpt>
      <trkpt lat="49.02011" lon="2.06644">
        <ele>36.89</ele>
        <time>2017-01-08T10:48:21Z</time>
      </trkpt>
      <trkpt lat="49.02038" lon="2.06609">
        <ele>36.21</ele>
        <time>2017-01-08T10:48:33Z</time>
      </trkpt>
      <trkpt lat="49.02064" lon="2.0658">
        <ele>36.01</ele>
        <time>2017-01-08T10:48:41Z</time>
      </trkpt>
      <trkpt lat="49.02088" lon="2.06556">
        <ele>34.94</ele>
        <time>2017-01-08T10:48:47Z</time>
      </trkpt>
      <trkpt lat="49.02096" lon="2.06533">
        <ele>34.77</ele>
        <time>2017-01-08T10:48:51Z</time>
      </trkpt>
      <trkpt lat="49.02122" lon="2.06478">
        <ele>34.65</ele>
        <time>2017-01-08T10:49:00Z</time>
      </trkpt>
      <trkpt lat="49.02136" lon="2.0642">
        <ele>34.54</ele>
        <time>2017-01-08T10:49:10Z</time>
      </trkpt>
      <trkpt lat="49.02141" lon="2.06402">
        <ele>34.78</ele>
        <time>2017-01-08T10:49:13Z</time>
      </trkpt>
      <trkpt lat="49.02131" lon="2.06368">
        <ele>34.58</ele>
        <time>2017-01-08T10:49:19Z</time>
      </trkpt>
      <trkpt lat="49.02127" lon="2.06345">
        <ele>35.18</ele>
        <time>2017-01-08T10:49:24Z</time>
      </trkpt>
      <trkpt lat="49.02137" lon="2.06325">
        <ele>35.14</ele>
        <time>2017-01-08T10:49:28Z</time>
      </trkpt>
      <trkpt lat="49.02141" lon="2.06251">
        <ele>35.42</ele>
        <time>2017-01-08T10:49:40Z</time>
      </trkpt>
      <trkpt lat="49.02119" lon="2.06177">
        <ele>36.15</ele>
        <time>2017-01-08T10:49:52Z</time>
      </trkpt>
      <trkpt lat="49.02104" lon="2.06123">
        <ele>36.12</ele>
        <time>2017-01-08T10:50:01Z</time>
      </trkpt>
      <trkpt lat="49.02069" lon="2.06025">
        <ele>34.01</ele>
        <time>2017-01-08T10:50:15Z</time>
      </trkpt>
      <trkpt lat="49.02043" lon="2.05965">
        <ele>32.29</ele>
        <time>2017-01-08T10:50:23Z</time>
      </trkpt>
      <trkpt lat="49.02031" lon="2.05947">
        <ele>31.74</ele>
        <time>2017-01-08T10:50:26Z</time>
      </trkpt>
      <trkpt lat="49.02012" lon="2.05891">
        <ele>30.02</ele>
        <time>2017-01-08T10:50:33Z</time>
      </trkpt>
      <trkpt lat="49.02023" lon="2.05876">
        <ele>29.2</ele>
        <time>2017-01-08T10:50:38Z</time>
      </trkpt>
      <trkpt lat="49.0205" lon="2.05867">
        <ele>29.22</ele>
        <time>2017-01-08T10:50:43Z</time>
      </trkpt>
      <trkpt lat="49.02061" lon="2.05863">
        <ele>29.65</ele>
        <time>2017-01-08T10:50:45Z</time>
      </trkpt>
      <trkpt lat="49.02079" lon="2.05813">
        <ele>28.88</ele>
        <time>2017-01-08T10:50:53Z</time>
      </trkpt>
      <trkpt lat="49.02098" lon="2.05797">
        <ele>28.49</ele>
        <time>2017-01-08T10:50:58Z</time>
      </trkpt>
      <trkpt lat="49.02164" lon="2.05793">
        <ele>28.8</ele>
        <time>2017-01-08T10:51:12Z</time>
      </trkpt>
      <trkpt lat="49.02198" lon="2.05787">
        <ele>27.7</ele>
        <time>2017-01-08T10:51:25Z</time>
      </trkpt>
      <trkpt lat="49.02212" lon="2.05783">
        <ele>27.8</ele>
        <time>2017-01-08T10:51:29Z</time>
      </trkpt>
      <trkpt lat="49.02228" lon="2.05773">
        <ele>27.32</ele>
        <time>2017-01-08T10:51:33Z</time>
      </trkpt>
      <trkpt lat="49.02259" lon="2.05766">
        <ele>26.18</ele>
        <time>2017-01-08T10:51:39Z</time>
      </trkpt>
      <trkpt lat="49.0228" lon="2.05751">
        <ele>24.82</ele>
        <time>2017-01-08T10:51:43Z</time>
      </trkpt>
      <trkpt lat="49.02287" lon="2.05718">
        <ele>23.09</ele>
        <time>2017-01-08T10:51:48Z</time>
      </trkpt>
      <trkpt lat="49.02287" lon="2.05701">
        <ele>22.12</ele>
        <time>2017-01-08T10:51:50Z</time>
      </trkpt>
      <trkpt lat="49.0228" lon="2.05671">
        <ele>20.03</ele>
        <time>2017-01-08T10:51:54Z</time>
      </trkpt>
      <trkpt lat="49.02257" lon="2.05594">
        <ele>16.94</ele>
        <time>2017-01-08T10:52:08Z</time>
      </trkpt>
      <trkpt lat="49.02284" lon="2.05602">
        <ele>16.58</ele>
        <time>2017-01-08T10:52:14Z</time>
      </trkpt>
      <trkpt lat="49.02326" lon="2.05629">
        <ele>18.77</ele>
        <time>2017-01-08T10:52:28Z</time>
      </trkpt>
      <trkpt lat="49.02337" lon="2.0565">
        <ele>19.8</ele>
        <time>2017-01-08T10:52:35Z</time>
      </trkpt>
      <trkpt lat="49.0233" lon="2.05709">
        <ele>20.79</ele>
        <time>2017-01-08T10:52:45Z</time>
      </trkpt>
      <trkpt lat="49.02331" lon="2.05721">
        <ele>21.41</ele>
        <time>2017-01-08T10:52:47Z</time>
      </trkpt>
      <trkpt lat="49.02335" lon="2.05764">
        <ele>24.08</ele>
        <time>2017-01-08T10:52:56Z</time>
      </trkpt>
      <trkpt lat="49.02358" lon="2.05772">
        <ele>22.39</ele>
        <time>2017-01-08T10:53:02Z</time>
      </trkpt>
      <trkpt lat="49.02404" lon="2.05776">
        <ele>19.06</ele>
        <time>2017-01-08T10:53:11Z</time>
      </trkpt>
      <trkpt lat="49.0243" lon="2.05782">
        <ele>19.08</ele>
        <time>2017-01-08T10:53:16Z</time>
      </trkpt>
      <trkpt lat="49.02447" lon="2.05796">
        <ele>18.78</ele>
        <time>2017-01-08T10:53:20Z</time>
      </trkpt>
      <trkpt lat="49.02454" lon="2.05805">
        <ele>18.4</ele>
        <time>2017-01-08T10:53:22Z</time>
      </trkpt>
      <trkpt lat="49.0247" lon="2.05849">
        <ele>20.02</ele>
        <time>2017-01-08T10:53:31Z</time>
      </trkpt>
      <trkpt lat="49.02476" lon="2.05849">
        <ele>20.47</ele>
        <time>2017-01-08T10:53:35Z</time>
      </trkpt>
      <trkpt lat="49.02486" lon="2.05879">
        <ele>20.58</ele>
        <time>2017-01-08T10:53:44Z</time>
      </trkpt>
      <trkpt lat="49.02498" lon="2.0591">
        <ele>21.39</ele>
        <time>2017-01-08T10:53:52Z</time>
      </trkpt>
      <trkpt lat="49.02506" lon="2.05935">
        <ele>21.44</ele>
        <time>2017-01-08T10:53:58Z</time>
      </trkpt>
      <trkpt lat="49.02551" lon="2.06012">
        <ele>21.02</ele>
        <time>2017-01-08T10:54:13Z</time>
      </trkpt>
      <trkpt lat="49.02564" lon="2.06037">
        <ele>20.61</ele>
        <time>2017-01-08T10:54:17Z</time>
      </trkpt>
      <trkpt lat="49.02573" lon="2.06068">
        <ele>20.49</ele>
        <time>2017-01-08T10:54:21Z</time>
      </trkpt>
      <trkpt lat="49.02618" lon="2.06161">
        <ele>20.34</ele>
        <time>2017-01-08T10:54:35Z</time>
      </trkpt>
      <trkpt lat="49.02665" lon="2.06256">
        <ele>21.51</ele>
        <time>2017-01-08T10:54:51Z</time>
      </trkpt>
      <trkpt lat="49.02709" lon="2.06348">
        <ele>21.31</ele>
        <time>2017-01-08T10:55:06Z</time>
      </trkpt>
      <trkpt lat="49.02753" lon="2.06435">
        <ele>20.98</ele>
        <time>2017-01-08T10:55:20Z</time>
      </trkpt>
      <trkpt lat="49.02759" lon="2.06447">
        <ele>20.93</ele>
        <time>2017-01-08T10:55:22Z</time>
      </trkpt>
      <trkpt lat="49.02805" lon="2.06522">
        <ele>18.26</ele>
        <time>2017-01-08T10:55:35Z</time>
      </trkpt>
      <trkpt lat="49.02852" lon="2.06603">
        <ele>14.67</ele>
        <time>2017-01-08T10:55:45Z</time>
      </trkpt>
      <trkpt lat="49.02902" lon="2.06688">
        <ele>11.54</ele>
        <time>2017-01-08T10:55:55Z</time>
      </trkpt>
      <trkpt lat="49.02935" lon="2.06761">
        <ele>13.27</ele>
        <time>2017-01-08T10:56:06Z</time>
      </trkpt>
      <trkpt lat="49.02938" lon="2.06766">
        <ele>13.3</ele>
        <time>2017-01-08T10:56:07Z</time>
      </trkpt>
      <trkpt lat="49.02937" lon="2.06798">
        <ele>13.86</ele>
        <time>2017-01-08T10:56:14Z</time>
      </trkpt>
      <trkpt lat="49.02917" lon="2.06831">
        <ele>13.98</ele>
        <time>2017-01-08T10:56:22Z</time>
      </trkpt>
      <trkpt lat="49.02878" lon="2.06897">
        <ele>13.98</ele>
        <time>2017-01-08T10:56:33Z</time>
      </trkpt>
      <trkpt lat="49.02824" lon="2.06981">
        <ele>14.55</ele>
        <time>2017-01-08T10:56:49Z</time>
      </trkpt>
      <trkpt lat="49.02812" lon="2.07">
        <ele>14.8</ele>
        <time>2017-01-08T10:56:53Z</time>
      </trkpt>
      <trkpt lat="49.02771" lon="2.07064">
        <ele>14.71</ele>
        <time>2017-01-08T10:57:07Z</time>
      </trkpt>
      <trkpt lat="49.02767" lon="2.07069">
        <ele>14.57</ele>
        <time>2017-01-08T10:57:08Z</time>
      </trkpt>
      <trkpt lat="49.0273" lon="2.07123">
        <ele>13.59</ele>
        <time>2017-01-08T10:57:20Z</time>
      </trkpt>
      <trkpt lat="49.02718" lon="2.07135">
        <ele>13.41</ele>
        <time>2017-01-08T10:57:23Z</time>
      </trkpt>
      <trkpt lat="49.02707" lon="2.07147">
        <ele>13.31</ele>
        <time>2017-01-08T10:57:26Z</time>
      </trkpt>
      <trkpt lat="49.02698" lon="2.07165">
        <ele>13.32</ele>
        <time>2017-01-08T10:57:30Z</time>
      </trkpt>
      <trkpt lat="49.027" lon="2.0717">
        <ele>13.08</ele>
        <time>2017-01-08T10:57:33Z</time>
      </trkpt>
      <trkpt lat="49.02718" lon="2.07168">
        <ele>13.79</ele>
        <time>2017-01-08T10:57:38Z</time>
      </trkpt>
      <trkpt lat="49.02726" lon="2.0717">
        <ele>14.09</ele>
        <time>2017-01-08T10:57:40Z</time>
      </trkpt>
      <trkpt lat="49.02766" lon="2.07197">
        <ele>14.74</ele>
        <time>2017-01-08T10:57:52Z</time>
      </trkpt>
      <trkpt lat="49.02778" lon="2.07251">
        <ele>15.53</ele>
        <time>2017-01-08T10:58:01Z</time>
      </trkpt>
      <trkpt lat="49.02796" lon="2.07307">
        <ele>16.49</ele>
        <time>2017-01-08T10:58:11Z</time>
      </trkpt>
      <trkpt lat="49.02771" lon="2.07342">
        <ele>15.87</ele>
        <time>2017-01-08T10:58:19Z</time>
      </trkpt>
      <trkpt lat="49.02758" lon="2.07375">
        <ele>15.62</ele>
        <time>2017-01-08T10:58:25Z</time>
      </trkpt>
      <trkpt lat="49.02732" lon="2.07437">
        <ele>15.17</ele>
        <time>2017-01-08T10:58:36Z</time>
      </trkpt>
      <trkpt lat="49.02718" lon="2.07466">
        <ele>15.15</ele>
        <time>2017-01-08T10:58:41Z</time>
      </trkpt>
      <trkpt lat="49.02702" lon="2.07486">
        <ele>14.94</ele>
        <time>2017-01-08T10:58:45Z</time>
      </trkpt>
      <trkpt lat="49.0266" lon="2.07511">
        <ele>14.91</ele>
        <time>2017-01-08T10:58:54Z</time>
      </trkpt>
      <trkpt lat="49.02644" lon="2.07501">
        <ele>14.69</ele>
        <time>2017-01-08T10:58:57Z</time>
      </trkpt>
      <trkpt lat="49.0262" lon="2.07508">
        <ele>14.16</ele>
        <time>2017-01-08T10:59:04Z</time>
      </trkpt>
      <trkpt lat="49.02604" lon="2.07518">
        <ele>14.57</ele>
        <time>2017-01-08T10:59:08Z</time>
      </trkpt>
      <trkpt lat="49.02578" lon="2.07531">
        <ele>14.3</ele>
        <time>2017-01-08T10:59:13Z</time>
      </trkpt>
      <trkpt lat="49.02564" lon="2.07547">
        <ele>14.6</ele>
        <time>2017-01-08T10:59:17Z</time>
      </trkpt>
      <trkpt lat="49.02542" lon="2.07585">
        <ele>14.26</ele>
        <time>2017-01-08T10:59:24Z</time>
      </trkpt>
      <trkpt lat="49.0252" lon="2.07623">
        <ele>14.66</ele>
        <time>2017-01-08T10:59:32Z</time>
      </trkpt>
      <trkpt lat="49.02514" lon="2.07652">
        <ele>12.08</ele>
        <time>2017-01-08T10:59:36Z</time>
      </trkpt>
      <trkpt lat="49.02499" lon="2.07692">
        <ele>13.31</ele>
        <time>2017-01-08T10:59:42Z</time>
      </trkpt>
      <trkpt lat="49.02495" lon="2.07706">
        <ele>12.43</ele>
        <time>2017-01-08T10:59:44Z</time>
      </trkpt>
      <trkpt lat="49.02482" lon="2.07761">
        <ele>15.45</ele>
        <time>2017-01-08T10:59:53Z</time>
      </trkpt>
      <trkpt lat="49.02512" lon="2.07783">
        <ele>13.08</ele>
        <time>2017-01-08T11:00:03Z</time>
      </trkpt>
      <trkpt lat="49.02513" lon="2.07754">
        <ele>12.37</ele>
        <time>2017-01-08T11:00:09Z</time>
      </trkpt>
      <trkpt lat="49.02518" lon="2.07736">
        <ele>12.69</ele>
        <time>2017-01-08T11:00:13Z</time>
      </trkpt>
      <trkpt lat="49.02506" lon="2.07703">
        <ele>12.28</ele>
        <time>2017-01-08T11:00:21Z</time>
      </trkpt>
      <trkpt lat="49.02502" lon="2.0765">
        <ele>11.88</ele>
        <time>2017-01-08T11:00:30Z</time>
      </trkpt>
      <trkpt lat="49.02501" lon="2.07627">
        <ele>14.41</ele>
        <time>2017-01-08T11:00:36Z</time>
      </trkpt>
      <trkpt lat="49.02492" lon="2.07644">
        <ele>14.49</ele>
        <time>2017-01-08T11:00:42Z</time>
      </trkpt>
      <trkpt lat="49.02479" lon="2.07694">
        <ele>15.06</ele>
        <time>2017-01-08T11:00:53Z</time>
      </trkpt>
      <trkpt lat="49.02468" lon="2.07751">
        <ele>14.36</ele>
        <time>2017-01-08T11:01:04Z</time>
      </trkpt>
      <trkpt lat="49.02455" lon="2.07779">
        <ele>14.55</ele>
        <time>2017-01-08T11:01:14Z</time>
      </trkpt>
      <trkpt lat="49.02445" lon="2.0783">
        <ele>14.54</ele>
        <time>2017-01-08T11:01:26Z</time>
      </trkpt>
      <trkpt lat="49.02418" lon="2.07874">
        <ele>14.47</ele>
        <time>2017-01-08T11:01:36Z</time>
      </trkpt>
      <trkpt lat="49.02416" lon="2.07884">
        <ele>14.66</ele>
        <time>2017-01-08T11:01:38Z</time>
      </trkpt>
      <trkpt lat="49.02424" lon="2.07902">
        <ele>15.47</ele>
        <time>2017-01-08T11:01:45Z</time>
      </trkpt>
      <trkpt lat="49.02431" lon="2.07923">
        <ele>16.93</ele>
        <time>2017-01-08T11:01:51Z</time>
      </trkpt>
      <trkpt lat="49.02455" lon="2.07968">
        <ele>20.23</ele>
        <time>2017-01-08T11:02:06Z</time>
      </trkpt>
      <trkpt lat="49.02472" lon="2.07976">
        <ele>16.99</ele>
        <time>2017-01-08T11:02:12Z</time>
      </trkpt>
      <trkpt lat="49.02479" lon="2.07969">
        <ele>14.38</ele>
        <time>2017-01-08T11:02:15Z</time>
      </trkpt>
      <trkpt lat="49.02476" lon="2.07917">
        <ele>12.59</ele>
        <time>2017-01-08T11:02:26Z</time>
      </trkpt>
      <trkpt lat="49.02472" lon="2.0791">
        <ele>13.46</ele>
        <time>2017-01-08T11:02:28Z</time>
      </trkpt>
      <trkpt lat="49.02461" lon="2.07894">
        <ele>15.49</ele>
        <time>2017-01-08T11:02:33Z</time>
      </trkpt>
      <trkpt lat="49.02454" lon="2.07889">
        <ele>16.09</ele>
        <time>2017-01-08T11:02:36Z</time>
      </trkpt>
      <trkpt lat="49.02434" lon="2.07898">
        <ele>15.94</ele>
        <time>2017-01-08T11:02:42Z</time>
      </trkpt>
      <trkpt lat="49.02397" lon="2.07909">
        <ele>15.08</ele>
        <time>2017-01-08T11:02:50Z</time>
      </trkpt>
      <trkpt lat="49.02386" lon="2.07948">
        <ele>14.28</ele>
        <time>2017-01-08T11:02:58Z</time>
      </trkpt>
      <trkpt lat="49.02396" lon="2.08024">
        <ele>14.88</ele>
        <time>2017-01-08T11:03:12Z</time>
      </trkpt>
      <trkpt lat="49.02418" lon="2.08045">
        <ele>16.86</ele>
        <time>2017-01-08T11:03:19Z</time>
      </trkpt>
      <trkpt lat="49.02425" lon="2.08052">
        <ele>17.75</ele>
        <time>2017-01-08T11:03:22Z</time>
      </trkpt>
      <trkpt lat="49.02431" lon="2.08086">
        <ele>17.96</ele>
        <time>2017-01-08T11:03:32Z</time>
      </trkpt>
      <trkpt lat="49.02433" lon="2.08102">
        <ele>17.53</ele>
        <time>2017-01-08T11:03:35Z</time>
      </trkpt>
      <trkpt lat="49.02421" lon="2.08136">
        <ele>17.96</ele>
        <time>2017-01-08T11:03:45Z</time>
      </trkpt>
      <trkpt lat="49.02419" lon="2.08141">
        <ele>17.64</ele>
        <time>2017-01-08T11:03:46Z</time>
      </trkpt>
      <trkpt lat="49.02426" lon="2.0816">
        <ele>16.55</ele>
        <time>2017-01-08T11:03:51Z</time>
      </trkpt>
      <trkpt lat="49.02434" lon="2.08167">
        <ele>14.54</ele>
        <time>2017-01-08T11:03:53Z</time>
      </trkpt>
      <trkpt lat="49.02441" lon="2.08209">
        <ele>12.25</ele>
        <time>2017-01-08T11:04:02Z</time>
      </trkpt>
      <trkpt lat="49.02439" lon="2.08217">
        <ele>12.26</ele>
        <time>2017-01-08T11:04:05Z</time>
      </trkpt>
      <trkpt lat="49.02421" lon="2.08268">
        <ele>12.16</ele>
        <time>2017-01-08T11:04:17Z</time>
      </trkpt>
      <trkpt lat="49.02428" lon="2.08288">
        <ele>11.98</ele>
        <time>2017-01-08T11:04:26Z</time>
      </trkpt>
      <trkpt lat="49.02429" lon="2.08299">
        <ele>11.99</ele>
        <time>2017-01-08T11:04:45Z</time>
      </trkpt>
      <trkpt lat="49.02442" lon="2.08336">
        <ele>13.13</ele>
        <time>2017-01-08T11:04:56Z</time>
      </trkpt>
      <trkpt lat="49.02451" lon="2.08388">
        <ele>14.16</ele>
        <time>2017-01-08T11:05:07Z</time>
      </trkpt>
      <trkpt lat="49.02449" lon="2.08398">
        <ele>13.92</ele>
        <time>2017-01-08T11:05:09Z</time>
      </trkpt>
      <trkpt lat="49.02461" lon="2.08413">
        <ele>13.82</ele>
        <time>2017-01-08T11:05:14Z</time>
      </trkpt>
      <trkpt lat="49.02467" lon="2.08414">
        <ele>13.71</ele>
        <time>2017-01-08T11:05:16Z</time>
      </trkpt>
      <trkpt lat="49.02475" lon="2.08405">
        <ele>13.02</ele>
        <time>2017-01-08T11:05:20Z</time>
      </trkpt>
      <trkpt lat="49.02485" lon="2.08413">
        <ele>13.7</ele>
        <time>2017-01-08T11:05:24Z</time>
      </trkpt>
      <trkpt lat="49.02499" lon="2.0844">
        <ele>14.99</ele>
        <time>2017-01-08T11:05:30Z</time>
      </trkpt>
      <trkpt lat="49.02519" lon="2.08437">
        <ele>15.27</ele>
        <time>2017-01-08T11:05:38Z</time>
      </trkpt>
      <trkpt lat="49.0253" lon="2.08418">
        <ele>16</ele>
        <time>2017-01-08T11:05:44Z</time>
      </trkpt>
      <trkpt lat="49.0257" lon="2.08421">
        <ele>18.55</ele>
        <time>2017-01-08T11:05:57Z</time>
      </trkpt>
      <trkpt lat="49.02577" lon="2.08424">
        <ele>19.28</ele>
        <time>2017-01-08T11:06:01Z</time>
      </trkpt>
      <trkpt lat="49.02573" lon="2.08447">
        <ele>22.95</ele>
        <time>2017-01-08T11:06:12Z</time>
      </trkpt>
      <trkpt lat="49.02572" lon="2.08472">
        <ele>26.53</ele>
        <time>2017-01-08T11:06:20Z</time>
      </trkpt>
      <trkpt lat="49.02575" lon="2.08497">
        <ele>29.59</ele>
        <time>2017-01-08T11:06:28Z</time>
      </trkpt>
      <trkpt lat="49.02595" lon="2.08523">
        <ele>31.99</ele>
        <time>2017-01-08T11:06:42Z</time>
      </trkpt>
      <trkpt lat="49.02611" lon="2.08516">
        <ele>33.47</ele>
        <time>2017-01-08T11:06:51Z</time>
      </trkpt>
      <trkpt lat="49.02609" lon="2.08507">
        <ele>34.36</ele>
        <time>2017-01-08T11:06:55Z</time>
      </trkpt>
      <trkpt lat="49.02596" lon="2.08466">
        <ele>32.05</ele>
        <time>2017-01-08T11:07:08Z</time>
      </trkpt>
      <trkpt lat="49.02596" lon="2.08456">
        <ele>30.15</ele>
        <time>2017-01-08T11:07:10Z</time>
      </trkpt>
      <trkpt lat="49.02588" lon="2.08444">
        <ele>25.57</ele>
        <time>2017-01-08T11:07:13Z</time>
      </trkpt>
      <trkpt lat="49.02588" lon="2.0843">
        <ele>23.11</ele>
        <time>2017-01-08T11:07:16Z</time>
      </trkpt>
      <trkpt lat="49.02589" lon="2.08412">
        <ele>19.7</ele>
        <time>2017-01-08T11:07:20Z</time>
      </trkpt>
      <trkpt lat="49.02578" lon="2.08385">
        <ele>17.76</ele>
        <time>2017-01-08T11:07:24Z</time>
      </trkpt>
      <trkpt lat="49.02566" lon="2.08339">
        <ele>17.1</ele>
        <time>2017-01-08T11:07:31Z</time>
      </trkpt>
      <trkpt lat="49.02551" lon="2.08314">
        <ele>17.08</ele>
        <time>2017-01-08T11:07:42Z</time>
      </trkpt>
      <trkpt lat="49.02552" lon="2.08318">
        <ele>16.84</ele>
        <time>2017-01-08T11:07:51Z</time>
      </trkpt>
      <trkpt lat="49.0255" lon="2.08304">
        <ele>16.82</ele>
        <time>2017-01-08T11:07:55Z</time>
      </trkpt>
      <trkpt lat="49.02542" lon="2.08284">
        <ele>17.31</ele>
        <time>2017-01-08T11:07:59Z</time>
      </trkpt>
      <trkpt lat="49.02541" lon="2.08229">
        <ele>14.26</ele>
        <time>2017-01-08T11:08:09Z</time>
      </trkpt>
      <trkpt lat="49.02542" lon="2.08221">
        <ele>13.7</ele>
        <time>2017-01-08T11:08:10Z</time>
      </trkpt>
      <trkpt lat="49.02546" lon="2.08209">
        <ele>13.02</ele>
        <time>2017-01-08T11:08:12Z</time>
      </trkpt>
      <trkpt lat="49.0255" lon="2.08197">
        <ele>12.89</ele>
        <time>2017-01-08T11:08:14Z</time>
      </trkpt>
      <trkpt lat="49.02554" lon="2.08183">
        <ele>12.33</ele>
        <time>2017-01-08T11:08:18Z</time>
      </trkpt>
      <trkpt lat="49.02568" lon="2.0819">
        <ele>15.63</ele>
        <time>2017-01-08T11:08:26Z</time>
      </trkpt>
      <trkpt lat="49.02571" lon="2.08195">
        <ele>16.53</ele>
        <time>2017-01-08T11:08:28Z</time>
      </trkpt>
      <trkpt lat="49.02577" lon="2.08182">
        <ele>17.63</ele>
        <time>2017-01-08T11:08:33Z</time>
      </trkpt>
      <trkpt lat="49.02599" lon="2.08118">
        <ele>17.49</ele>
        <time>2017-01-08T11:08:47Z</time>
      </trkpt>
      <trkpt lat="49.02615" lon="2.08067">
        <ele>17.17</ele>
        <time>2017-01-08T11:08:58Z</time>
      </trkpt>
      <trkpt lat="49.02635" lon="2.08003">
        <ele>16.82</ele>
        <time>2017-01-08T11:09:12Z</time>
      </trkpt>
      <trkpt lat="49.02646" lon="2.07958">
        <ele>16.69</ele>
        <time>2017-01-08T11:09:20Z</time>
      </trkpt>
      <trkpt lat="49.02647" lon="2.07937">
        <ele>16.41</ele>
        <time>2017-01-08T11:09:23Z</time>
      </trkpt>
      <trkpt lat="49.02628" lon="2.07879">
        <ele>16.17</ele>
        <time>2017-01-08T11:09:35Z</time>
      </trkpt>
      <trkpt lat="49.026" lon="2.07839">
        <ele>15.87</ele>
        <time>2017-01-08T11:09:44Z</time>
      </trkpt>
      <trkpt lat="49.02568" lon="2.07826">
        <ele>15.82</ele>
        <time>2017-01-08T11:09:55Z</time>
      </trkpt>
      <trkpt lat="49.02557" lon="2.07812">
        <ele>16.32</ele>
        <time>2017-01-08T11:09:59Z</time>
      </trkpt>
      <trkpt lat="49.02558" lon="2.07798">
        <ele>16.36</ele>
        <time>2017-01-08T11:10:02Z</time>
      </trkpt>
      <trkpt lat="49.0257" lon="2.07794">
        <ele>14.37</ele>
        <time>2017-01-08T11:10:06Z</time>
      </trkpt>
      <trkpt lat="49.02593" lon="2.078">
        <ele>13.03</ele>
        <time>2017-01-08T11:10:10Z</time>
      </trkpt>
      <trkpt lat="49.02605" lon="2.078">
        <ele>14.88</ele>
        <time>2017-01-08T11:10:13Z</time>
      </trkpt>
      <trkpt lat="49.0261" lon="2.07769">
        <ele>16</ele>
        <time>2017-01-08T11:10:19Z</time>
      </trkpt>
      <trkpt lat="49.0262" lon="2.07743">
        <ele>15.72</ele>
        <time>2017-01-08T11:10:24Z</time>
      </trkpt>
      <trkpt lat="49.02625" lon="2.07702">
        <ele>15.62</ele>
        <time>2017-01-08T11:10:31Z</time>
      </trkpt>
      <trkpt lat="49.02619" lon="2.07667">
        <ele>16.58</ele>
        <time>2017-01-08T11:10:37Z</time>
      </trkpt>
      <trkpt lat="49.02616" lon="2.07653">
        <ele>16.11</ele>
        <time>2017-01-08T11:10:39Z</time>
      </trkpt>
      <trkpt lat="49.02616" lon="2.07593">
        <ele>15.29</ele>
        <time>2017-01-08T11:10:49Z</time>
      </trkpt>
      <trkpt lat="49.02633" lon="2.07553">
        <ele>15.6</ele>
        <time>2017-01-08T11:10:56Z</time>
      </trkpt>
      <trkpt lat="49.02655" lon="2.07528">
        <ele>15.54</ele>
        <time>2017-01-08T11:11:03Z</time>
      </trkpt>
      <trkpt lat="49.02697" lon="2.07538">
        <ele>15.96</ele>
        <time>2017-01-08T11:11:13Z</time>
      </trkpt>
      <trkpt lat="49.0273" lon="2.07563">
        <ele>16.89</ele>
        <time>2017-01-08T11:11:23Z</time>
      </trkpt>
      <trkpt lat="49.02774" lon="2.07573">
        <ele>18.19</ele>
        <time>2017-01-08T11:11:37Z</time>
      </trkpt>
      <trkpt lat="49.02813" lon="2.07593">
        <ele>19.24</ele>
        <time>2017-01-08T11:11:50Z</time>
      </trkpt>
      <trkpt lat="49.02856" lon="2.07613">
        <ele>20.41</ele>
        <time>2017-01-08T11:12:02Z</time>
      </trkpt>
      <trkpt lat="49.02909" lon="2.07642">
        <ele>21.37</ele>
        <time>2017-01-08T11:12:18Z</time>
      </trkpt>
      <trkpt lat="49.02948" lon="2.07655">
        <ele>22.34</ele>
        <time>2017-01-08T11:12:30Z</time>
      </trkpt>
      <trkpt lat="49.02979" lon="2.07675">
        <ele>23.12</ele>
        <time>2017-01-08T11:12:40Z</time>
      </trkpt>
      <trkpt lat="49.03018" lon="2.07697">
        <ele>24.61</ele>
        <time>2017-01-08T11:12:52Z</time>
      </trkpt>
      <trkpt lat="49.03059" lon="2.07709">
        <ele>27.87</ele>
        <time>2017-01-08T11:13:06Z</time>
      </trkpt>
      <trkpt lat="49.03091" lon="2.07693">
        <ele>30.5</ele>
        <time>2017-01-08T11:13:19Z</time>
      </trkpt>
      <trkpt lat="49.03136" lon="2.07679">
        <ele>29.72</ele>
        <time>2017-01-08T11:13:32Z</time>
      </trkpt>
      <trkpt lat="49.03189" lon="2.07676">
        <ele>30.42</ele>
        <time>2017-01-08T11:13:46Z</time>
      </trkpt>
      <trkpt lat="49.03215" lon="2.07663">
        <ele>30.93</ele>
        <time>2017-01-08T11:13:56Z</time>
      </trkpt>
      <trkpt lat="49.03224" lon="2.07654">
        <ele>30.99</ele>
        <time>2017-01-08T11:14:01Z</time>
      </trkpt>
      <trkpt lat="49.03255" lon="2.07639">
        <ele>31.64</ele>
        <time>2017-01-08T11:14:09Z</time>
      </trkpt>
      <trkpt lat="49.03271" lon="2.07614">
        <ele>31.09</ele>
        <time>2017-01-08T11:14:14Z</time>
      </trkpt>
      <trkpt lat="49.03279" lon="2.07598">
        <ele>31.01</ele>
        <time>2017-01-08T11:14:17Z</time>
      </trkpt>
      <trkpt lat="49.03307" lon="2.07568">
        <ele>30.61</ele>
        <time>2017-01-08T11:14:24Z</time>
      </trkpt>
      <trkpt lat="49.03317" lon="2.07555">
        <ele>30.64</ele>
        <time>2017-01-08T11:14:27Z</time>
      </trkpt>
      <trkpt lat="49.03363" lon="2.07485">
        <ele>30.02</ele>
        <time>2017-01-08T11:14:40Z</time>
      </trkpt>
      <trkpt lat="49.03424" lon="2.07464">
        <ele>29.78</ele>
        <time>2017-01-08T11:14:52Z</time>
      </trkpt>
      <trkpt lat="49.03503" lon="2.07443">
        <ele>27.9</ele>
        <time>2017-01-08T11:15:06Z</time>
      </trkpt>
      <trkpt lat="49.03533" lon="2.07447">
        <ele>29.62</ele>
        <time>2017-01-08T11:15:13Z</time>
      </trkpt>
      <trkpt lat="49.03574" lon="2.07454">
        <ele>31.69</ele>
        <time>2017-01-08T11:15:26Z</time>
      </trkpt>
      <trkpt lat="49.03588" lon="2.07437">
        <ele>34.56</ele>
        <time>2017-01-08T11:15:38Z</time>
      </trkpt>
      <trkpt lat="49.03591" lon="2.07449">
        <ele>34.33</ele>
        <time>2017-01-08T11:15:48Z</time>
      </trkpt>
      <trkpt lat="49.03609" lon="2.07492">
        <ele>34.46</ele>
        <time>2017-01-08T11:15:59Z</time>
      </trkpt>
      <trkpt lat="49.0364" lon="2.07519">
        <ele>34.54</ele>
        <time>2017-01-08T11:16:09Z</time>
      </trkpt>
      <trkpt lat="49.03647" lon="2.07554">
        <ele>35.46</ele>
        <time>2017-01-08T11:16:16Z</time>
      </trkpt>
      <trkpt lat="49.03672" lon="2.07582">
        <ele>36.69</ele>
        <time>2017-01-08T11:16:27Z</time>
      </trkpt>
      <trkpt lat="49.03694" lon="2.07556">
        <ele>37.58</ele>
        <time>2017-01-08T11:16:35Z</time>
      </trkpt>
      <trkpt lat="49.03714" lon="2.07524">
        <ele>38.93</ele>
        <time>2017-01-08T11:16:43Z</time>
      </trkpt>
      <trkpt lat="49.03719" lon="2.07511">
        <ele>38.79</ele>
        <time>2017-01-08T11:16:47Z</time>
      </trkpt>
      <trkpt lat="49.03744" lon="2.07475">
        <ele>38.65</ele>
        <time>2017-01-08T11:17:00Z</time>
      </trkpt>
      <trkpt lat="49.03771" lon="2.07438">
        <ele>39.13</ele>
        <time>2017-01-08T11:17:11Z</time>
      </trkpt>
      <trkpt lat="49.03781" lon="2.0743">
        <ele>39.36</ele>
        <time>2017-01-08T11:17:13Z</time>
      </trkpt>
      <trkpt lat="49.03824" lon="2.07399">
        <ele>38.04</ele>
        <time>2017-01-08T11:17:22Z</time>
      </trkpt>
      <trkpt lat="49.03892" lon="2.07348">
        <ele>37.71</ele>
        <time>2017-01-08T11:17:36Z</time>
      </trkpt>
      <trkpt lat="49.0391" lon="2.07336">
        <ele>37.89</ele>
        <time>2017-01-08T11:17:40Z</time>
      </trkpt>
      <trkpt lat="49.03943" lon="2.07348">
        <ele>38.89</ele>
        <time>2017-01-08T11:17:49Z</time>
      </trkpt>
      <trkpt lat="49.03954" lon="2.0734">
        <ele>38.94</ele>
        <time>2017-01-08T11:17:52Z</time>
      </trkpt>
      <trkpt lat="49.03978" lon="2.0733">
        <ele>39.25</ele>
        <time>2017-01-08T11:17:58Z</time>
      </trkpt>
      <trkpt lat="49.04017" lon="2.07382">
        <ele>40.88</ele>
        <time>2017-01-08T11:18:13Z</time>
      </trkpt>
      <trkpt lat="49.04046" lon="2.07385">
        <ele>40.49</ele>
        <time>2017-01-08T11:18:25Z</time>
      </trkpt>
      <trkpt lat="49.04051" lon="2.07378">
        <ele>41.02</ele>
        <time>2017-01-08T11:18:35Z</time>
      </trkpt>
      <trkpt lat="49.04048" lon="2.07374">
        <ele>41.04</ele>
        <time>2017-01-08T11:18:43Z</time>
      </trkpt>
    </trkseg>
  </trk>
  <trk>
    <name><![CDATA[Actuel: 08 JAN 2017 12:19]]></name>
    <trkseg>
      <trkpt lat="49.04051" lon="2.07372">
        <ele>40.91</ele>
        <time>2017-01-08T11:19:05Z</time>
      </trkpt>
      <trkpt lat="49.04052" lon="2.07372">
        <ele>41.11</ele>
        <time>2017-01-08T11:19:06Z</time>
      </trkpt>
    </trkseg>
  </trk>
</gpx>