<?xml version="1.0" encoding="UTF-8" standalone="no" ?>
<gpx xmlns="http://www.topografix.com/GPX/1/1" xmlns:xsi="http://www.w3.org/2001/XMLSchema-instance" xsi:schemaLocation="http://www.topografix.com/GPX/1/1 http://www.topografix.com/GPX/1/1/gpx.xsd" version="1.1" creator="VisuGPX - https://www.visugpx.com">
  <metadata>
    <name>Rando petit Salève</name>
    <desc><![CDATA[File with points/tracks from Locus Map/3.37.0]]></desc>
  </metadata>
  <trk>
    <name><![CDATA[2019-03-24 13:31:17]]></name>
    <desc><![CDATA[<!-- desc_gen:start -->
<font color="black"><table width="100%"><tr><td><table width="100%"><tr><td align="left" valign="center"><small><b>Activité</b></small></td><td align="center" valign="center">Marche</td></tr>
<tr><td align="left" valign="center"><small><b>Distance</b></small></td><td align="center" valign="center">8.6 km</td></tr>
<tr><td align="left" valign="center"><small><b>Créé</b></small></td><td align="center" valign="center">2019-03-24 13:31:17</td></tr>
<tr><td align="left" valign="center"><small><b>Vitesse max.</b></small></td><td align="center" valign="center">8.0 km/h</td></tr>
<tr><td align="left" valign="center"><small><b>Rythme</b></small></td><td align="center" valign="center">19:57 min/km</td></tr>
<tr><td align="left" valign="center"><small><b>Énergie</b></small></td><td align="center" valign="center">3470 KJ</td></tr>
<tr><td align="left" valign="center"><small><b>Points</b></small></td><td align="center" valign="center">961</td></tr>
</table></td></tr><tr><td colspan="1"><hr></td></tr><tr><td><table width="100%"><tr><td align="left" valign="center"><small><b></b></small></td><td align="center" valign="center">Tout</td><td align="center" valign="center">Vitesse > 0</td></tr>
<tr><td align="left" valign="center"><small><b>Vitesse moy.</b></small></td><td align="center" valign="center">3.0 km/h</td><td align="center" valign="center">3.5 km/h</td></tr>
<tr><td align="left" valign="center"><small><b>Durée du parcours</b></small></td><td align="center" valign="center">2 h:51 min:18 sec</td><td align="center" valign="center">2 h:22 min:41 sec</td></tr>
</table></td></tr><tr><td colspan="1"><hr></td></tr><tr><td><table width="100%"><tr><td align="left" valign="center"><small><b>Altitude min.</b></small></td><td align="center" valign="center">483 m</td></tr>
<tr><td align="left" valign="center"><small><b>Altitude max.</b></small></td><td align="center" valign="center">866 m</td></tr>
</table></td></tr><tr><td colspan="1"><hr></td></tr><tr><td><table width="100%"><tr><td align="left" valign="center"><small><b></b></small></td><td align="center" valign="center">Altitude</td><td align="center" valign="center">Distance</td></tr>
<tr><td align="left" valign="center"><small><b>Montée</b></small></td><td align="center" valign="center">585 m</td><td align="center" valign="center">3906 m</td></tr>
<tr><td align="left" valign="center"><small><b>Descente</b></small></td><td align="center" valign="center">-570 m</td><td align="center" valign="center">4060 m</td></tr>
<tr><td align="left" valign="center"><small><b>Plat</b></small></td><td align="center" valign="center">0 m</td><td align="center" valign="center">624 m</td></tr>
</table></td></tr></table></font>
<!-- desc_gen:end -->]]></desc>
    <trkseg>
      <trkpt lat="46.17709" lon="6.22704">
        <ele>477</ele>
        <time>2019-03-24T12:31:15.000Z</time>
      </trkpt>
      <trkpt lat="46.17711" lon="6.22701">
        <ele>477.75</ele>
        <time>2019-03-24T12:31:27.000Z</time>
      </trkpt>
      <trkpt lat="46.17709" lon="6.22699">
        <ele>479.87</ele>
        <time>2019-03-24T12:31:37.000Z</time>
      </trkpt>
      <trkpt lat="46.17707" lon="6.22699">
        <ele>481.92</ele>
        <time>2019-03-24T12:31:47.000Z</time>
      </trkpt>
      <trkpt lat="46.17705" lon="6.227">
        <ele>490.48</ele>
        <time>2019-03-24T12:31:58.000Z</time>
      </trkpt>
      <trkpt lat="46.17704" lon="6.227">
        <ele>489.95</ele>
        <time>2019-03-24T12:32:08.000Z</time>
      </trkpt>
      <trkpt lat="46.17705" lon="6.227">
        <ele>487.05</ele>
        <time>2019-03-24T12:32:18.000Z</time>
      </trkpt>
      <trkpt lat="46.17705" lon="6.22701">
        <ele>488.93</ele>
        <time>2019-03-24T12:32:30.000Z</time>
      </trkpt>
      <trkpt lat="46.17702" lon="6.22713">
        <ele>489.13</ele>
        <time>2019-03-24T12:32:40.000Z</time>
      </trkpt>
      <trkpt lat="46.17705" lon="6.22724">
        <ele>491.94</ele>
        <time>2019-03-24T12:32:50.000Z</time>
      </trkpt>
      <trkpt lat="46.17705" lon="6.22742">
        <ele>491.93</ele>
        <time>2019-03-24T12:33:00.000Z</time>
      </trkpt>
      <trkpt lat="46.17701" lon="6.22754">
        <ele>490.06</ele>
        <time>2019-03-24T12:33:10.000Z</time>
      </trkpt>
      <trkpt lat="46.17699" lon="6.22759">
        <ele>489.25</ele>
        <time>2019-03-24T12:33:20.000Z</time>
      </trkpt>
      <trkpt lat="46.17694" lon="6.22772">
        <ele>488.05</ele>
        <time>2019-03-24T12:33:30.000Z</time>
      </trkpt>
      <trkpt lat="46.17687" lon="6.22785">
        <ele>487</ele>
        <time>2019-03-24T12:33:40.000Z</time>
      </trkpt>
      <trkpt lat="46.17682" lon="6.22799">
        <ele>486.98</ele>
        <time>2019-03-24T12:33:50.000Z</time>
      </trkpt>
      <trkpt lat="46.17679" lon="6.2281">
        <ele>489</ele>
        <time>2019-03-24T12:34:00.000Z</time>
      </trkpt>
      <trkpt lat="46.17679" lon="6.22824">
        <ele>489.75</ele>
        <time>2019-03-24T12:34:10.000Z</time>
      </trkpt>
      <trkpt lat="46.17674" lon="6.2283">
        <ele>489.94</ele>
        <time>2019-03-24T12:34:20.000Z</time>
      </trkpt>
      <trkpt lat="46.1767" lon="6.22825">
        <ele>494.68</ele>
        <time>2019-03-24T12:34:30.000Z</time>
      </trkpt>
      <trkpt lat="46.17667" lon="6.22817">
        <ele>500.99</ele>
        <time>2019-03-24T12:34:40.000Z</time>
      </trkpt>
      <trkpt lat="46.17661" lon="6.22812">
        <ele>504.48</ele>
        <time>2019-03-24T12:34:50.000Z</time>
      </trkpt>
      <trkpt lat="46.17651" lon="6.22805">
        <ele>506.06</ele>
        <time>2019-03-24T12:35:00.000Z</time>
      </trkpt>
      <trkpt lat="46.1764" lon="6.22809">
        <ele>500.02</ele>
        <time>2019-03-24T12:35:10.000Z</time>
      </trkpt>
      <trkpt lat="46.17639" lon="6.22808">
        <ele>501</ele>
        <time>2019-03-24T12:35:20.000Z</time>
      </trkpt>
      <trkpt lat="46.17635" lon="6.2281">
        <ele>498</ele>
        <time>2019-03-24T12:35:30.000Z</time>
      </trkpt>
      <trkpt lat="46.17637" lon="6.22801">
        <ele>509.71</ele>
        <time>2019-03-24T12:35:40.000Z</time>
      </trkpt>
      <trkpt lat="46.17628" lon="6.22792">
        <ele>510.81</ele>
        <time>2019-03-24T12:35:50.000Z</time>
      </trkpt>
      <trkpt lat="46.17626" lon="6.22785">
        <ele>517.84</ele>
        <time>2019-03-24T12:36:00.000Z</time>
      </trkpt>
      <trkpt lat="46.17617" lon="6.22777">
        <ele>518.75</ele>
        <time>2019-03-24T12:36:10.000Z</time>
      </trkpt>
      <trkpt lat="46.17612" lon="6.2277">
        <ele>523.69</ele>
        <time>2019-03-24T12:36:20.000Z</time>
      </trkpt>
      <trkpt lat="46.17603" lon="6.22762">
        <ele>522.94</ele>
        <time>2019-03-24T12:36:30.000Z</time>
      </trkpt>
      <trkpt lat="46.17594" lon="6.22753">
        <ele>520.45</ele>
        <time>2019-03-24T12:36:40.000Z</time>
      </trkpt>
      <trkpt lat="46.17587" lon="6.22747">
        <ele>523.19</ele>
        <time>2019-03-24T12:36:50.000Z</time>
      </trkpt>
      <trkpt lat="46.1758" lon="6.2274">
        <ele>523.53</ele>
        <time>2019-03-24T12:37:00.000Z</time>
      </trkpt>
      <trkpt lat="46.1757" lon="6.22732">
        <ele>521.3</ele>
        <time>2019-03-24T12:37:10.000Z</time>
      </trkpt>
      <trkpt lat="46.17565" lon="6.22725">
        <ele>526.93</ele>
        <time>2019-03-24T12:37:20.000Z</time>
      </trkpt>
      <trkpt lat="46.1756" lon="6.22718">
        <ele>530</ele>
        <time>2019-03-24T12:37:30.000Z</time>
      </trkpt>
      <trkpt lat="46.17554" lon="6.2271">
        <ele>531.94</ele>
        <time>2019-03-24T12:37:40.000Z</time>
      </trkpt>
      <trkpt lat="46.17547" lon="6.22702">
        <ele>534.73</ele>
        <time>2019-03-24T12:37:50.000Z</time>
      </trkpt>
      <trkpt lat="46.17539" lon="6.22695">
        <ele>535</ele>
        <time>2019-03-24T12:38:00.000Z</time>
      </trkpt>
      <trkpt lat="46.17532" lon="6.22688">
        <ele>533.08</ele>
        <time>2019-03-24T12:38:10.000Z</time>
      </trkpt>
      <trkpt lat="46.17527" lon="6.22679">
        <ele>534</ele>
        <time>2019-03-24T12:38:20.000Z</time>
      </trkpt>
      <trkpt lat="46.17523" lon="6.22669">
        <ele>537.23</ele>
        <time>2019-03-24T12:38:30.000Z</time>
      </trkpt>
      <trkpt lat="46.1752" lon="6.2266">
        <ele>542.92</ele>
        <time>2019-03-24T12:38:40.000Z</time>
      </trkpt>
      <trkpt lat="46.17514" lon="6.22652">
        <ele>545.75</ele>
        <time>2019-03-24T12:38:50.000Z</time>
      </trkpt>
      <trkpt lat="46.17509" lon="6.22641">
        <ele>548.01</ele>
        <time>2019-03-24T12:39:00.000Z</time>
      </trkpt>
      <trkpt lat="46.17503" lon="6.2263">
        <ele>549</ele>
        <time>2019-03-24T12:39:10.000Z</time>
      </trkpt>
      <trkpt lat="46.17497" lon="6.2262">
        <ele>549.32</ele>
        <time>2019-03-24T12:39:20.000Z</time>
      </trkpt>
      <trkpt lat="46.17491" lon="6.22609">
        <ele>551.05</ele>
        <time>2019-03-24T12:39:30.000Z</time>
      </trkpt>
      <trkpt lat="46.17486" lon="6.22601">
        <ele>550.04</ele>
        <time>2019-03-24T12:39:40.000Z</time>
      </trkpt>
      <trkpt lat="46.17482" lon="6.2259">
        <ele>550.25</ele>
        <time>2019-03-24T12:39:50.000Z</time>
      </trkpt>
      <trkpt lat="46.17476" lon="6.2258">
        <ele>550.81</ele>
        <time>2019-03-24T12:40:00.000Z</time>
      </trkpt>
      <trkpt lat="46.17466" lon="6.22571">
        <ele>549.13</ele>
        <time>2019-03-24T12:40:10.000Z</time>
      </trkpt>
      <trkpt lat="46.17461" lon="6.22561">
        <ele>551.92</ele>
        <time>2019-03-24T12:40:20.000Z</time>
      </trkpt>
      <trkpt lat="46.1746" lon="6.22549">
        <ele>556.86</ele>
        <time>2019-03-24T12:40:30.000Z</time>
      </trkpt>
      <trkpt lat="46.17451" lon="6.22541">
        <ele>556</ele>
        <time>2019-03-24T12:40:40.000Z</time>
      </trkpt>
      <trkpt lat="46.17445" lon="6.22533">
        <ele>557</ele>
        <time>2019-03-24T12:40:50.000Z</time>
      </trkpt>
      <trkpt lat="46.1744" lon="6.22524">
        <ele>561</ele>
        <time>2019-03-24T12:41:00.000Z</time>
      </trkpt>
      <trkpt lat="46.17436" lon="6.22512">
        <ele>561.99</ele>
        <time>2019-03-24T12:41:10.000Z</time>
      </trkpt>
      <trkpt lat="46.17433" lon="6.22503">
        <ele>567.23</ele>
        <time>2019-03-24T12:41:20.000Z</time>
      </trkpt>
      <trkpt lat="46.17427" lon="6.22495">
        <ele>570.19</ele>
        <time>2019-03-24T12:41:30.000Z</time>
      </trkpt>
      <trkpt lat="46.17421" lon="6.22484">
        <ele>570.56</ele>
        <time>2019-03-24T12:41:40.000Z</time>
      </trkpt>
      <trkpt lat="46.17413" lon="6.22474">
        <ele>570.94</ele>
        <time>2019-03-24T12:41:50.000Z</time>
      </trkpt>
      <trkpt lat="46.17404" lon="6.22464">
        <ele>570.2</ele>
        <time>2019-03-24T12:42:00.000Z</time>
      </trkpt>
      <trkpt lat="46.17399" lon="6.22454">
        <ele>570.69</ele>
        <time>2019-03-24T12:42:10.000Z</time>
      </trkpt>
      <trkpt lat="46.17391" lon="6.22445">
        <ele>570.99</ele>
        <time>2019-03-24T12:42:20.000Z</time>
      </trkpt>
      <trkpt lat="46.17387" lon="6.22434">
        <ele>573.78</ele>
        <time>2019-03-24T12:42:30.000Z</time>
      </trkpt>
      <trkpt lat="46.17384" lon="6.22424">
        <ele>578.93</ele>
        <time>2019-03-24T12:42:40.000Z</time>
      </trkpt>
      <trkpt lat="46.17378" lon="6.22413">
        <ele>577.06</ele>
        <time>2019-03-24T12:42:50.000Z</time>
      </trkpt>
      <trkpt lat="46.17376" lon="6.22402">
        <ele>580.74</ele>
        <time>2019-03-24T12:43:00.000Z</time>
      </trkpt>
      <trkpt lat="46.1737" lon="6.22392">
        <ele>581.19</ele>
        <time>2019-03-24T12:43:10.000Z</time>
      </trkpt>
      <trkpt lat="46.17364" lon="6.22378">
        <ele>577.25</ele>
        <time>2019-03-24T12:43:20.000Z</time>
      </trkpt>
      <trkpt lat="46.17358" lon="6.22365">
        <ele>576</ele>
        <time>2019-03-24T12:43:30.000Z</time>
      </trkpt>
      <trkpt lat="46.17354" lon="6.22352">
        <ele>574.27</ele>
        <time>2019-03-24T12:43:40.000Z</time>
      </trkpt>
      <trkpt lat="46.1735" lon="6.22339">
        <ele>575.2</ele>
        <time>2019-03-24T12:43:50.000Z</time>
      </trkpt>
      <trkpt lat="46.1735" lon="6.22324">
        <ele>579.87</ele>
        <time>2019-03-24T12:44:00.000Z</time>
      </trkpt>
      <trkpt lat="46.17348" lon="6.22307">
        <ele>581.75</ele>
        <time>2019-03-24T12:44:10.000Z</time>
      </trkpt>
      <trkpt lat="46.17343" lon="6.22295">
        <ele>580.27</ele>
        <time>2019-03-24T12:44:20.000Z</time>
      </trkpt>
      <trkpt lat="46.17331" lon="6.22287">
        <ele>573.58</ele>
        <time>2019-03-24T12:44:30.000Z</time>
      </trkpt>
      <trkpt lat="46.17319" lon="6.22287">
        <ele>567.02</ele>
        <time>2019-03-24T12:44:40.000Z</time>
      </trkpt>
      <trkpt lat="46.17313" lon="6.22296">
        <ele>565</ele>
        <time>2019-03-24T12:44:50.000Z</time>
      </trkpt>
      <trkpt lat="46.17312" lon="6.22295">
        <ele>564.8</ele>
        <time>2019-03-24T12:45:00.000Z</time>
      </trkpt>
      <trkpt lat="46.17314" lon="6.22288">
        <ele>565.25</ele>
        <time>2019-03-24T12:45:10.000Z</time>
      </trkpt>
      <trkpt lat="46.17318" lon="6.22284">
        <ele>564.02</ele>
        <time>2019-03-24T12:45:20.000Z</time>
      </trkpt>
      <trkpt lat="46.17316" lon="6.22276">
        <ele>562.94</ele>
        <time>2019-03-24T12:45:30.000Z</time>
      </trkpt>
      <trkpt lat="46.17319" lon="6.22262">
        <ele>569.48</ele>
        <time>2019-03-24T12:45:40.000Z</time>
      </trkpt>
      <trkpt lat="46.17317" lon="6.22246">
        <ele>571.08</ele>
        <time>2019-03-24T12:45:50.000Z</time>
      </trkpt>
      <trkpt lat="46.17318" lon="6.22232">
        <ele>576.86</ele>
        <time>2019-03-24T12:46:00.000Z</time>
      </trkpt>
      <trkpt lat="46.17311" lon="6.2222">
        <ele>571.72</ele>
        <time>2019-03-24T12:46:10.000Z</time>
      </trkpt>
      <trkpt lat="46.17309" lon="6.2221">
        <ele>575.69</ele>
        <time>2019-03-24T12:46:20.000Z</time>
      </trkpt>
      <trkpt lat="46.17307" lon="6.22197">
        <ele>577.5</ele>
        <time>2019-03-24T12:46:30.000Z</time>
      </trkpt>
      <trkpt lat="46.17304" lon="6.22184">
        <ele>579.01</ele>
        <time>2019-03-24T12:46:40.000Z</time>
      </trkpt>
      <trkpt lat="46.173" lon="6.22173">
        <ele>572.57</ele>
        <time>2019-03-24T12:46:50.000Z</time>
      </trkpt>
      <trkpt lat="46.17288" lon="6.22164">
        <ele>563.32</ele>
        <time>2019-03-24T12:47:00.000Z</time>
      </trkpt>
      <trkpt lat="46.17281" lon="6.22152">
        <ele>562.19</ele>
        <time>2019-03-24T12:47:10.000Z</time>
      </trkpt>
      <trkpt lat="46.17278" lon="6.22144">
        <ele>562.06</ele>
        <time>2019-03-24T12:47:20.000Z</time>
      </trkpt>
      <trkpt lat="46.17277" lon="6.22135">
        <ele>566.18</ele>
        <time>2019-03-24T12:47:30.000Z</time>
      </trkpt>
      <trkpt lat="46.1728" lon="6.22127">
        <ele>571.87</ele>
        <time>2019-03-24T12:47:40.000Z</time>
      </trkpt>
      <trkpt lat="46.17278" lon="6.22124">
        <ele>568.02</ele>
        <time>2019-03-24T12:47:50.000Z</time>
      </trkpt>
      <trkpt lat="46.17276" lon="6.22122">
        <ele>567.25</ele>
        <time>2019-03-24T12:48:11.000Z</time>
      </trkpt>
      <trkpt lat="46.17274" lon="6.22112">
        <ele>564.77</ele>
        <time>2019-03-24T12:48:21.000Z</time>
      </trkpt>
      <trkpt lat="46.17274" lon="6.22099">
        <ele>565.19</ele>
        <time>2019-03-24T12:48:31.000Z</time>
      </trkpt>
      <trkpt lat="46.17274" lon="6.22087">
        <ele>567.76</ele>
        <time>2019-03-24T12:48:41.000Z</time>
      </trkpt>
      <trkpt lat="46.17272" lon="6.22072">
        <ele>568.75</ele>
        <time>2019-03-24T12:48:51.000Z</time>
      </trkpt>
      <trkpt lat="46.17265" lon="6.22061">
        <ele>560.38</ele>
        <time>2019-03-24T12:49:01.000Z</time>
      </trkpt>
      <trkpt lat="46.17255" lon="6.22052">
        <ele>551.34</ele>
        <time>2019-03-24T12:49:11.000Z</time>
      </trkpt>
      <trkpt lat="46.17252" lon="6.22049">
        <ele>555</ele>
        <time>2019-03-24T12:49:21.000Z</time>
      </trkpt>
      <trkpt lat="46.17244" lon="6.22043">
        <ele>551.38</ele>
        <time>2019-03-24T12:49:31.000Z</time>
      </trkpt>
      <trkpt lat="46.17237" lon="6.22037">
        <ele>548.81</ele>
        <time>2019-03-24T12:49:41.000Z</time>
      </trkpt>
      <trkpt lat="46.17231" lon="6.22037">
        <ele>547.75</ele>
        <time>2019-03-24T12:49:51.000Z</time>
      </trkpt>
      <trkpt lat="46.17226" lon="6.22035">
        <ele>549.74</ele>
        <time>2019-03-24T12:50:01.000Z</time>
      </trkpt>
      <trkpt lat="46.17225" lon="6.2204">
        <ele>552.76</ele>
        <time>2019-03-24T12:50:11.000Z</time>
      </trkpt>
      <trkpt lat="46.17226" lon="6.22045">
        <ele>559.04</ele>
        <time>2019-03-24T12:50:21.000Z</time>
      </trkpt>
      <trkpt lat="46.17228" lon="6.22051">
        <ele>565.92</ele>
        <time>2019-03-24T12:50:31.000Z</time>
      </trkpt>
      <trkpt lat="46.1723" lon="6.22062">
        <ele>569.2</ele>
        <time>2019-03-24T12:50:41.000Z</time>
      </trkpt>
      <trkpt lat="46.17229" lon="6.22072">
        <ele>571</ele>
        <time>2019-03-24T12:50:51.000Z</time>
      </trkpt>
      <trkpt lat="46.17227" lon="6.22079">
        <ele>571.69</ele>
        <time>2019-03-24T12:51:01.000Z</time>
      </trkpt>
      <trkpt lat="46.17226" lon="6.22078">
        <ele>573</ele>
        <time>2019-03-24T12:51:11.000Z</time>
      </trkpt>
      <trkpt lat="46.17222" lon="6.22074">
        <ele>574.75</ele>
        <time>2019-03-24T12:51:21.000Z</time>
      </trkpt>
      <trkpt lat="46.17219" lon="6.22068">
        <ele>576.95</ele>
        <time>2019-03-24T12:51:31.000Z</time>
      </trkpt>
      <trkpt lat="46.17212" lon="6.22062">
        <ele>577.2</ele>
        <time>2019-03-24T12:51:41.000Z</time>
      </trkpt>
      <trkpt lat="46.17205" lon="6.22059">
        <ele>577.26</ele>
        <time>2019-03-24T12:51:51.000Z</time>
      </trkpt>
      <trkpt lat="46.172" lon="6.22055">
        <ele>575.07</ele>
        <time>2019-03-24T12:52:01.000Z</time>
      </trkpt>
      <trkpt lat="46.17197" lon="6.22052">
        <ele>580.98</ele>
        <time>2019-03-24T12:52:11.000Z</time>
      </trkpt>
      <trkpt lat="46.17194" lon="6.22047">
        <ele>583.73</ele>
        <time>2019-03-24T12:52:21.000Z</time>
      </trkpt>
      <trkpt lat="46.17191" lon="6.22044">
        <ele>586.06</ele>
        <time>2019-03-24T12:52:31.000Z</time>
      </trkpt>
      <trkpt lat="46.17185" lon="6.2204">
        <ele>587.74</ele>
        <time>2019-03-24T12:52:41.000Z</time>
      </trkpt>
      <trkpt lat="46.17181" lon="6.22038">
        <ele>590.92</ele>
        <time>2019-03-24T12:52:51.000Z</time>
      </trkpt>
      <trkpt lat="46.17177" lon="6.22032">
        <ele>595.67</ele>
        <time>2019-03-24T12:53:01.000Z</time>
      </trkpt>
      <trkpt lat="46.17176" lon="6.22023">
        <ele>601.99</ele>
        <time>2019-03-24T12:53:11.000Z</time>
      </trkpt>
      <trkpt lat="46.17171" lon="6.22015">
        <ele>604.05</ele>
        <time>2019-03-24T12:53:21.000Z</time>
      </trkpt>
      <trkpt lat="46.17168" lon="6.22005">
        <ele>607.73</ele>
        <time>2019-03-24T12:53:31.000Z</time>
      </trkpt>
      <trkpt lat="46.17165" lon="6.21998">
        <ele>609.87</ele>
        <time>2019-03-24T12:53:41.000Z</time>
      </trkpt>
      <trkpt lat="46.17159" lon="6.21991">
        <ele>610.19</ele>
        <time>2019-03-24T12:53:51.000Z</time>
      </trkpt>
      <trkpt lat="46.17155" lon="6.21985">
        <ele>612.67</ele>
        <time>2019-03-24T12:54:01.000Z</time>
      </trkpt>
      <trkpt lat="46.17152" lon="6.2198">
        <ele>613.75</ele>
        <time>2019-03-24T12:54:11.000Z</time>
      </trkpt>
      <trkpt lat="46.1715" lon="6.21972">
        <ele>615.98</ele>
        <time>2019-03-24T12:54:21.000Z</time>
      </trkpt>
      <trkpt lat="46.17148" lon="6.21967">
        <ele>621.22</ele>
        <time>2019-03-24T12:54:31.000Z</time>
      </trkpt>
      <trkpt lat="46.17143" lon="6.21959">
        <ele>620.25</ele>
        <time>2019-03-24T12:54:41.000Z</time>
      </trkpt>
      <trkpt lat="46.17139" lon="6.21951">
        <ele>621.75</ele>
        <time>2019-03-24T12:54:51.000Z</time>
      </trkpt>
      <trkpt lat="46.17136" lon="6.21943">
        <ele>623.76</ele>
        <time>2019-03-24T12:55:01.000Z</time>
      </trkpt>
      <trkpt lat="46.1713" lon="6.21938">
        <ele>625</ele>
        <time>2019-03-24T12:55:11.000Z</time>
      </trkpt>
      <trkpt lat="46.17126" lon="6.21931">
        <ele>626</ele>
        <time>2019-03-24T12:55:21.000Z</time>
      </trkpt>
      <trkpt lat="46.17121" lon="6.21926">
        <ele>627.69</ele>
        <time>2019-03-24T12:55:31.000Z</time>
      </trkpt>
      <trkpt lat="46.17115" lon="6.2192">
        <ele>627.07</ele>
        <time>2019-03-24T12:55:41.000Z</time>
      </trkpt>
      <trkpt lat="46.17109" lon="6.21916">
        <ele>627.74</ele>
        <time>2019-03-24T12:55:51.000Z</time>
      </trkpt>
      <trkpt lat="46.17102" lon="6.21915">
        <ele>629.06</ele>
        <time>2019-03-24T12:56:01.000Z</time>
      </trkpt>
      <trkpt lat="46.17097" lon="6.21911">
        <ele>630.95</ele>
        <time>2019-03-24T12:56:11.000Z</time>
      </trkpt>
      <trkpt lat="46.17095" lon="6.21909">
        <ele>636.73</ele>
        <time>2019-03-24T12:56:21.000Z</time>
      </trkpt>
      <trkpt lat="46.17089" lon="6.21904">
        <ele>636.02</ele>
        <time>2019-03-24T12:56:31.000Z</time>
      </trkpt>
      <trkpt lat="46.17092" lon="6.21905">
        <ele>637.75</ele>
        <time>2019-03-24T12:56:41.000Z</time>
      </trkpt>
      <trkpt lat="46.17099" lon="6.21903">
        <ele>640.92</ele>
        <time>2019-03-24T12:56:51.000Z</time>
      </trkpt>
      <trkpt lat="46.17109" lon="6.21911">
        <ele>642.99</ele>
        <time>2019-03-24T12:57:01.000Z</time>
      </trkpt>
      <trkpt lat="46.17119" lon="6.21918">
        <ele>640.31</ele>
        <time>2019-03-24T12:57:11.000Z</time>
      </trkpt>
      <trkpt lat="46.17127" lon="6.21926">
        <ele>634.5</ele>
        <time>2019-03-24T12:57:21.000Z</time>
      </trkpt>
      <trkpt lat="46.17133" lon="6.21935">
        <ele>630.81</ele>
        <time>2019-03-24T12:57:31.000Z</time>
      </trkpt>
      <trkpt lat="46.17138" lon="6.21954">
        <ele>626</ele>
        <time>2019-03-24T12:57:41.000Z</time>
      </trkpt>
      <trkpt lat="46.17143" lon="6.21969">
        <ele>622.25</ele>
        <time>2019-03-24T12:57:51.000Z</time>
      </trkpt>
      <trkpt lat="46.17145" lon="6.21976">
        <ele>616.27</ele>
        <time>2019-03-24T12:58:01.000Z</time>
      </trkpt>
      <trkpt lat="46.1715" lon="6.21989">
        <ele>610.56</ele>
        <time>2019-03-24T12:58:11.000Z</time>
      </trkpt>
      <trkpt lat="46.17153" lon="6.21992">
        <ele>608.99</ele>
        <time>2019-03-24T12:58:21.000Z</time>
      </trkpt>
      <trkpt lat="46.17153" lon="6.21994">
        <ele>608</ele>
        <time>2019-03-24T12:58:31.000Z</time>
      </trkpt>
      <trkpt lat="46.17151" lon="6.2199">
        <ele>608.98</ele>
        <time>2019-03-24T12:58:41.000Z</time>
      </trkpt>
      <trkpt lat="46.17147" lon="6.21985">
        <ele>609.23</ele>
        <time>2019-03-24T12:58:51.000Z</time>
      </trkpt>
      <trkpt lat="46.17144" lon="6.2198">
        <ele>611.98</ele>
        <time>2019-03-24T12:59:01.000Z</time>
      </trkpt>
      <trkpt lat="46.17142" lon="6.21972">
        <ele>615</ele>
        <time>2019-03-24T12:59:11.000Z</time>
      </trkpt>
      <trkpt lat="46.17141" lon="6.21968">
        <ele>621.62</ele>
        <time>2019-03-24T12:59:21.000Z</time>
      </trkpt>
      <trkpt lat="46.17137" lon="6.21958">
        <ele>621</ele>
        <time>2019-03-24T12:59:31.000Z</time>
      </trkpt>
      <trkpt lat="46.17137" lon="6.21952">
        <ele>625</ele>
        <time>2019-03-24T12:59:41.000Z</time>
      </trkpt>
      <trkpt lat="46.17132" lon="6.21946">
        <ele>625.94</ele>
        <time>2019-03-24T12:59:51.000Z</time>
      </trkpt>
      <trkpt lat="46.17128" lon="6.21938">
        <ele>627.17</ele>
        <time>2019-03-24T13:00:01.000Z</time>
      </trkpt>
      <trkpt lat="46.17122" lon="6.2193">
        <ele>625.74</ele>
        <time>2019-03-24T13:00:11.000Z</time>
      </trkpt>
      <trkpt lat="46.17116" lon="6.21924">
        <ele>627</ele>
        <time>2019-03-24T13:00:21.000Z</time>
      </trkpt>
      <trkpt lat="46.17109" lon="6.21918">
        <ele>630</ele>
        <time>2019-03-24T13:00:31.000Z</time>
      </trkpt>
      <trkpt lat="46.17105" lon="6.21914">
        <ele>631.94</ele>
        <time>2019-03-24T13:00:41.000Z</time>
      </trkpt>
      <trkpt lat="46.17101" lon="6.21913">
        <ele>634.94</ele>
        <time>2019-03-24T13:00:51.000Z</time>
      </trkpt>
      <trkpt lat="46.17099" lon="6.2191">
        <ele>640.17</ele>
        <time>2019-03-24T13:01:01.000Z</time>
      </trkpt>
      <trkpt lat="46.17092" lon="6.21906">
        <ele>642.94</ele>
        <time>2019-03-24T13:01:11.000Z</time>
      </trkpt>
      <trkpt lat="46.17087" lon="6.21896">
        <ele>647.92</ele>
        <time>2019-03-24T13:01:21.000Z</time>
      </trkpt>
      <trkpt lat="46.1708" lon="6.2189">
        <ele>649.93</ele>
        <time>2019-03-24T13:01:31.000Z</time>
      </trkpt>
      <trkpt lat="46.17075" lon="6.21881">
        <ele>653.05</ele>
        <time>2019-03-24T13:01:41.000Z</time>
      </trkpt>
      <trkpt lat="46.17069" lon="6.2187">
        <ele>654.98</ele>
        <time>2019-03-24T13:01:51.000Z</time>
      </trkpt>
      <trkpt lat="46.17062" lon="6.21862">
        <ele>656</ele>
        <time>2019-03-24T13:02:01.000Z</time>
      </trkpt>
      <trkpt lat="46.17057" lon="6.21858">
        <ele>657</ele>
        <time>2019-03-24T13:02:11.000Z</time>
      </trkpt>
      <trkpt lat="46.17051" lon="6.2185">
        <ele>658.06</ele>
        <time>2019-03-24T13:02:21.000Z</time>
      </trkpt>
      <trkpt lat="46.17048" lon="6.21849">
        <ele>658</ele>
        <time>2019-03-24T13:02:31.000Z</time>
      </trkpt>
      <trkpt lat="46.17048" lon="6.21847">
        <ele>658</ele>
        <time>2019-03-24T13:02:42.000Z</time>
      </trkpt>
      <trkpt lat="46.17047" lon="6.21846">
        <ele>657.25</ele>
        <time>2019-03-24T13:02:52.000Z</time>
      </trkpt>
      <trkpt lat="46.17049" lon="6.21843">
        <ele>656.3</ele>
        <time>2019-03-24T13:03:02.000Z</time>
      </trkpt>
      <trkpt lat="46.17049" lon="6.21841">
        <ele>654</ele>
        <time>2019-03-24T13:03:29.000Z</time>
      </trkpt>
      <trkpt lat="46.1705" lon="6.21844">
        <ele>655.05</ele>
        <time>2019-03-24T13:03:39.000Z</time>
      </trkpt>
      <trkpt lat="46.17047" lon="6.21842">
        <ele>654.74</ele>
        <time>2019-03-24T13:03:49.000Z</time>
      </trkpt>
      <trkpt lat="46.17046" lon="6.21842">
        <ele>654</ele>
        <time>2019-03-24T13:04:11.000Z</time>
      </trkpt>
      <trkpt lat="46.17046" lon="6.21844">
        <ele>654</ele>
        <time>2019-03-24T13:04:21.000Z</time>
      </trkpt>
      <trkpt lat="46.17045" lon="6.21843">
        <ele>652.31</ele>
        <time>2019-03-24T13:04:31.000Z</time>
      </trkpt>
      <trkpt lat="46.17046" lon="6.21842">
        <ele>653.98</ele>
        <time>2019-03-24T13:04:41.000Z</time>
      </trkpt>
      <trkpt lat="46.17047" lon="6.21841">
        <ele>653.98</ele>
        <time>2019-03-24T13:04:51.000Z</time>
      </trkpt>
      <trkpt lat="46.17048" lon="6.2184">
        <ele>655</ele>
        <time>2019-03-24T13:05:01.000Z</time>
      </trkpt>
      <trkpt lat="46.1705" lon="6.21841">
        <ele>655</ele>
        <time>2019-03-24T13:05:34.000Z</time>
      </trkpt>
      <trkpt lat="46.17052" lon="6.21841">
        <ele>656.95</ele>
        <time>2019-03-24T13:05:44.000Z</time>
      </trkpt>
      <trkpt lat="46.17052" lon="6.2184">
        <ele>656</ele>
        <time>2019-03-24T13:05:54.000Z</time>
      </trkpt>
      <trkpt lat="46.1705" lon="6.2184">
        <ele>656</ele>
        <time>2019-03-24T13:06:49.000Z</time>
      </trkpt>
      <trkpt lat="46.17049" lon="6.21832">
        <ele>660.69</ele>
        <time>2019-03-24T13:06:59.000Z</time>
      </trkpt>
      <trkpt lat="46.1705" lon="6.21825">
        <ele>665.42</ele>
        <time>2019-03-24T13:07:09.000Z</time>
      </trkpt>
      <trkpt lat="46.17045" lon="6.2181">
        <ele>667.75</ele>
        <time>2019-03-24T13:07:19.000Z</time>
      </trkpt>
      <trkpt lat="46.17044" lon="6.218">
        <ele>669.77</ele>
        <time>2019-03-24T13:07:29.000Z</time>
      </trkpt>
      <trkpt lat="46.17043" lon="6.21786">
        <ele>672.73</ele>
        <time>2019-03-24T13:07:39.000Z</time>
      </trkpt>
      <trkpt lat="46.17039" lon="6.2177">
        <ele>672.98</ele>
        <time>2019-03-24T13:07:49.000Z</time>
      </trkpt>
      <trkpt lat="46.17036" lon="6.21756">
        <ele>674.75</ele>
        <time>2019-03-24T13:07:59.000Z</time>
      </trkpt>
      <trkpt lat="46.17031" lon="6.21742">
        <ele>676</ele>
        <time>2019-03-24T13:08:09.000Z</time>
      </trkpt>
      <trkpt lat="46.17026" lon="6.21726">
        <ele>675.94</ele>
        <time>2019-03-24T13:08:19.000Z</time>
      </trkpt>
      <trkpt lat="46.17022" lon="6.21714">
        <ele>678</ele>
        <time>2019-03-24T13:08:29.000Z</time>
      </trkpt>
      <trkpt lat="46.17016" lon="6.217">
        <ele>677.25</ele>
        <time>2019-03-24T13:08:39.000Z</time>
      </trkpt>
      <trkpt lat="46.17011" lon="6.21694">
        <ele>677.07</ele>
        <time>2019-03-24T13:08:49.000Z</time>
      </trkpt>
      <trkpt lat="46.17007" lon="6.21683">
        <ele>674.98</ele>
        <time>2019-03-24T13:08:59.000Z</time>
      </trkpt>
      <trkpt lat="46.17004" lon="6.21673">
        <ele>675.98</ele>
        <time>2019-03-24T13:09:09.000Z</time>
      </trkpt>
      <trkpt lat="46.16999" lon="6.21659">
        <ele>673.33</ele>
        <time>2019-03-24T13:09:19.000Z</time>
      </trkpt>
      <trkpt lat="46.16995" lon="6.21651">
        <ele>670.24</ele>
        <time>2019-03-24T13:09:29.000Z</time>
      </trkpt>
      <trkpt lat="46.1699" lon="6.2164">
        <ele>672.17</ele>
        <time>2019-03-24T13:09:39.000Z</time>
      </trkpt>
      <trkpt lat="46.16985" lon="6.21624">
        <ele>669</ele>
        <time>2019-03-24T13:09:49.000Z</time>
      </trkpt>
      <trkpt lat="46.16982" lon="6.21609">
        <ele>670.73</ele>
        <time>2019-03-24T13:09:59.000Z</time>
      </trkpt>
      <trkpt lat="46.16976" lon="6.21595">
        <ele>670.03</ele>
        <time>2019-03-24T13:10:09.000Z</time>
      </trkpt>
      <trkpt lat="46.1697" lon="6.21584">
        <ele>666.31</ele>
        <time>2019-03-24T13:10:19.000Z</time>
      </trkpt>
      <trkpt lat="46.16962" lon="6.21567">
        <ele>663</ele>
        <time>2019-03-24T13:10:29.000Z</time>
      </trkpt>
      <trkpt lat="46.16953" lon="6.21552">
        <ele>662.95</ele>
        <time>2019-03-24T13:10:39.000Z</time>
      </trkpt>
      <trkpt lat="46.16946" lon="6.21542">
        <ele>660.81</ele>
        <time>2019-03-24T13:10:49.000Z</time>
      </trkpt>
      <trkpt lat="46.1695" lon="6.21529">
        <ele>663.05</ele>
        <time>2019-03-24T13:10:59.000Z</time>
      </trkpt>
      <trkpt lat="46.1695" lon="6.21522">
        <ele>655</ele>
        <time>2019-03-24T13:11:09.000Z</time>
      </trkpt>
      <trkpt lat="46.16944" lon="6.2151">
        <ele>656.98</ele>
        <time>2019-03-24T13:11:19.000Z</time>
      </trkpt>
      <trkpt lat="46.16938" lon="6.21499">
        <ele>659.01</ele>
        <time>2019-03-24T13:11:29.000Z</time>
      </trkpt>
      <trkpt lat="46.16937" lon="6.21481">
        <ele>659.82</ele>
        <time>2019-03-24T13:11:39.000Z</time>
      </trkpt>
      <trkpt lat="46.16931" lon="6.21471">
        <ele>653.32</ele>
        <time>2019-03-24T13:11:49.000Z</time>
      </trkpt>
      <trkpt lat="46.1693" lon="6.21463">
        <ele>651.02</ele>
        <time>2019-03-24T13:11:59.000Z</time>
      </trkpt>
      <trkpt lat="46.16932" lon="6.21452">
        <ele>657.73</ele>
        <time>2019-03-24T13:12:09.000Z</time>
      </trkpt>
      <trkpt lat="46.16931" lon="6.2144">
        <ele>662.95</ele>
        <time>2019-03-24T13:12:19.000Z</time>
      </trkpt>
      <trkpt lat="46.16926" lon="6.21425">
        <ele>662.7</ele>
        <time>2019-03-24T13:12:29.000Z</time>
      </trkpt>
      <trkpt lat="46.1692" lon="6.21412">
        <ele>663.94</ele>
        <time>2019-03-24T13:12:39.000Z</time>
      </trkpt>
      <trkpt lat="46.16914" lon="6.214">
        <ele>661.69</ele>
        <time>2019-03-24T13:12:49.000Z</time>
      </trkpt>
      <trkpt lat="46.16911" lon="6.21391">
        <ele>658</ele>
        <time>2019-03-24T13:12:59.000Z</time>
      </trkpt>
      <trkpt lat="46.16908" lon="6.21382">
        <ele>661.67</ele>
        <time>2019-03-24T13:13:09.000Z</time>
      </trkpt>
      <trkpt lat="46.16903" lon="6.21371">
        <ele>662.02</ele>
        <time>2019-03-24T13:13:19.000Z</time>
      </trkpt>
      <trkpt lat="46.16898" lon="6.21363">
        <ele>660.71</ele>
        <time>2019-03-24T13:13:29.000Z</time>
      </trkpt>
      <trkpt lat="46.16899" lon="6.21355">
        <ele>665.54</ele>
        <time>2019-03-24T13:13:39.000Z</time>
      </trkpt>
      <trkpt lat="46.16897" lon="6.21346">
        <ele>665.94</ele>
        <time>2019-03-24T13:13:49.000Z</time>
      </trkpt>
      <trkpt lat="46.16894" lon="6.21336">
        <ele>667.05</ele>
        <time>2019-03-24T13:13:59.000Z</time>
      </trkpt>
      <trkpt lat="46.16893" lon="6.21329">
        <ele>668.94</ele>
        <time>2019-03-24T13:14:09.000Z</time>
      </trkpt>
      <trkpt lat="46.16893" lon="6.21325">
        <ele>667.25</ele>
        <time>2019-03-24T13:14:19.000Z</time>
      </trkpt>
      <trkpt lat="46.16892" lon="6.21321">
        <ele>664</ele>
        <time>2019-03-24T13:14:29.000Z</time>
      </trkpt>
      <trkpt lat="46.16894" lon="6.21318">
        <ele>662.75</ele>
        <time>2019-03-24T13:14:39.000Z</time>
      </trkpt>
      <trkpt lat="46.16891" lon="6.21319">
        <ele>658.25</ele>
        <time>2019-03-24T13:14:49.000Z</time>
      </trkpt>
      <trkpt lat="46.16888" lon="6.21319">
        <ele>654.08</ele>
        <time>2019-03-24T13:14:59.000Z</time>
      </trkpt>
      <trkpt lat="46.16887" lon="6.21318">
        <ele>657.93</ele>
        <time>2019-03-24T13:15:10.000Z</time>
      </trkpt>
      <trkpt lat="46.16887" lon="6.21313">
        <ele>663.73</ele>
        <time>2019-03-24T13:15:20.000Z</time>
      </trkpt>
      <trkpt lat="46.16882" lon="6.21303">
        <ele>662.95</ele>
        <time>2019-03-24T13:15:30.000Z</time>
      </trkpt>
      <trkpt lat="46.16878" lon="6.21295">
        <ele>665.75</ele>
        <time>2019-03-24T13:15:40.000Z</time>
      </trkpt>
      <trkpt lat="46.16872" lon="6.21286">
        <ele>664</ele>
        <time>2019-03-24T13:15:50.000Z</time>
      </trkpt>
      <trkpt lat="46.1687" lon="6.2128">
        <ele>664.02</ele>
        <time>2019-03-24T13:16:00.000Z</time>
      </trkpt>
      <trkpt lat="46.16868" lon="6.21277">
        <ele>665.92</ele>
        <time>2019-03-24T13:16:10.000Z</time>
      </trkpt>
      <trkpt lat="46.16865" lon="6.21268">
        <ele>669.72</ele>
        <time>2019-03-24T13:16:20.000Z</time>
      </trkpt>
      <trkpt lat="46.16862" lon="6.21264">
        <ele>670.94</ele>
        <time>2019-03-24T13:16:30.000Z</time>
      </trkpt>
      <trkpt lat="46.16861" lon="6.21254">
        <ele>673.75</ele>
        <time>2019-03-24T13:16:40.000Z</time>
      </trkpt>
      <trkpt lat="46.16859" lon="6.21248">
        <ele>676.08</ele>
        <time>2019-03-24T13:16:50.000Z</time>
      </trkpt>
      <trkpt lat="46.16862" lon="6.21239">
        <ele>677.23</ele>
        <time>2019-03-24T13:17:00.000Z</time>
      </trkpt>
      <trkpt lat="46.16859" lon="6.21226">
        <ele>678.02</ele>
        <time>2019-03-24T13:17:10.000Z</time>
      </trkpt>
      <trkpt lat="46.16855" lon="6.21217">
        <ele>677.79</ele>
        <time>2019-03-24T13:17:20.000Z</time>
      </trkpt>
      <trkpt lat="46.16852" lon="6.2121">
        <ele>677.8</ele>
        <time>2019-03-24T13:17:30.000Z</time>
      </trkpt>
      <trkpt lat="46.16844" lon="6.21202">
        <ele>673.5</ele>
        <time>2019-03-24T13:17:40.000Z</time>
      </trkpt>
      <trkpt lat="46.1684" lon="6.21189">
        <ele>671.03</ele>
        <time>2019-03-24T13:17:50.000Z</time>
      </trkpt>
      <trkpt lat="46.1684" lon="6.21178">
        <ele>669.95</ele>
        <time>2019-03-24T13:18:00.000Z</time>
      </trkpt>
      <trkpt lat="46.16836" lon="6.21168">
        <ele>673.74</ele>
        <time>2019-03-24T13:18:10.000Z</time>
      </trkpt>
      <trkpt lat="46.16829" lon="6.21157">
        <ele>672</ele>
        <time>2019-03-24T13:18:20.000Z</time>
      </trkpt>
      <trkpt lat="46.16822" lon="6.21145">
        <ele>673.2</ele>
        <time>2019-03-24T13:18:30.000Z</time>
      </trkpt>
      <trkpt lat="46.16817" lon="6.21131">
        <ele>675.31</ele>
        <time>2019-03-24T13:18:40.000Z</time>
      </trkpt>
      <trkpt lat="46.16814" lon="6.21119">
        <ele>677.74</ele>
        <time>2019-03-24T13:18:50.000Z</time>
      </trkpt>
      <trkpt lat="46.16818" lon="6.21105">
        <ele>683.75</ele>
        <time>2019-03-24T13:19:00.000Z</time>
      </trkpt>
      <trkpt lat="46.16814" lon="6.21098">
        <ele>682.95</ele>
        <time>2019-03-24T13:19:10.000Z</time>
      </trkpt>
      <trkpt lat="46.1681" lon="6.21092">
        <ele>684</ele>
        <time>2019-03-24T13:19:20.000Z</time>
      </trkpt>
      <trkpt lat="46.16802" lon="6.2108">
        <ele>683.25</ele>
        <time>2019-03-24T13:19:30.000Z</time>
      </trkpt>
      <trkpt lat="46.16792" lon="6.21067">
        <ele>680.25</ele>
        <time>2019-03-24T13:19:40.000Z</time>
      </trkpt>
      <trkpt lat="46.16789" lon="6.21057">
        <ele>682.73</ele>
        <time>2019-03-24T13:19:50.000Z</time>
      </trkpt>
      <trkpt lat="46.16786" lon="6.2105">
        <ele>687</ele>
        <time>2019-03-24T13:20:00.000Z</time>
      </trkpt>
      <trkpt lat="46.16779" lon="6.2104">
        <ele>687.68</ele>
        <time>2019-03-24T13:20:10.000Z</time>
      </trkpt>
      <trkpt lat="46.16777" lon="6.21033">
        <ele>691.73</ele>
        <time>2019-03-24T13:20:20.000Z</time>
      </trkpt>
      <trkpt lat="46.16768" lon="6.21026">
        <ele>688.04</ele>
        <time>2019-03-24T13:20:30.000Z</time>
      </trkpt>
      <trkpt lat="46.16759" lon="6.2102">
        <ele>685.06</ele>
        <time>2019-03-24T13:20:40.000Z</time>
      </trkpt>
      <trkpt lat="46.16762" lon="6.21017">
        <ele>687.75</ele>
        <time>2019-03-24T13:20:50.000Z</time>
      </trkpt>
      <trkpt lat="46.16762" lon="6.21014">
        <ele>688</ele>
        <time>2019-03-24T13:21:01.000Z</time>
      </trkpt>
      <trkpt lat="46.16764" lon="6.21015">
        <ele>683</ele>
        <time>2019-03-24T13:21:11.000Z</time>
      </trkpt>
      <trkpt lat="46.16763" lon="6.21017">
        <ele>683</ele>
        <time>2019-03-24T13:21:24.000Z</time>
      </trkpt>
      <trkpt lat="46.16758" lon="6.21014">
        <ele>681.98</ele>
        <time>2019-03-24T13:21:34.000Z</time>
      </trkpt>
      <trkpt lat="46.16761" lon="6.21014">
        <ele>683.98</ele>
        <time>2019-03-24T13:21:44.000Z</time>
      </trkpt>
      <trkpt lat="46.16763" lon="6.21008">
        <ele>684.81</ele>
        <time>2019-03-24T13:21:54.000Z</time>
      </trkpt>
      <trkpt lat="46.16764" lon="6.21006">
        <ele>686.5</ele>
        <time>2019-03-24T13:22:27.000Z</time>
      </trkpt>
      <trkpt lat="46.16766" lon="6.21006">
        <ele>686.94</ele>
        <time>2019-03-24T13:22:37.000Z</time>
      </trkpt>
      <trkpt lat="46.16755" lon="6.20991">
        <ele>688.75</ele>
        <time>2019-03-24T13:22:47.000Z</time>
      </trkpt>
      <trkpt lat="46.16748" lon="6.2099">
        <ele>686.95</ele>
        <time>2019-03-24T13:22:57.000Z</time>
      </trkpt>
      <trkpt lat="46.16736" lon="6.20979">
        <ele>683.11</ele>
        <time>2019-03-24T13:23:07.000Z</time>
      </trkpt>
      <trkpt lat="46.16723" lon="6.20972">
        <ele>682.06</ele>
        <time>2019-03-24T13:23:17.000Z</time>
      </trkpt>
      <trkpt lat="46.16716" lon="6.20967">
        <ele>680.7</ele>
        <time>2019-03-24T13:23:27.000Z</time>
      </trkpt>
      <trkpt lat="46.16711" lon="6.20959">
        <ele>681.98</ele>
        <time>2019-03-24T13:23:37.000Z</time>
      </trkpt>
      <trkpt lat="46.16712" lon="6.20945">
        <ele>685.97</ele>
        <time>2019-03-24T13:23:47.000Z</time>
      </trkpt>
      <trkpt lat="46.16704" lon="6.20931">
        <ele>686.77</ele>
        <time>2019-03-24T13:23:57.000Z</time>
      </trkpt>
      <trkpt lat="46.16702" lon="6.20921">
        <ele>687.71</ele>
        <time>2019-03-24T13:24:07.000Z</time>
      </trkpt>
      <trkpt lat="46.16697" lon="6.20907">
        <ele>692.75</ele>
        <time>2019-03-24T13:24:17.000Z</time>
      </trkpt>
      <trkpt lat="46.16697" lon="6.20893">
        <ele>693.02</ele>
        <time>2019-03-24T13:24:27.000Z</time>
      </trkpt>
      <trkpt lat="46.16696" lon="6.2088">
        <ele>694.27</ele>
        <time>2019-03-24T13:24:37.000Z</time>
      </trkpt>
      <trkpt lat="46.16691" lon="6.2087">
        <ele>693.01</ele>
        <time>2019-03-24T13:24:47.000Z</time>
      </trkpt>
      <trkpt lat="46.16683" lon="6.20858">
        <ele>691.25</ele>
        <time>2019-03-24T13:24:57.000Z</time>
      </trkpt>
      <trkpt lat="46.16673" lon="6.20848">
        <ele>689.77</ele>
        <time>2019-03-24T13:25:07.000Z</time>
      </trkpt>
      <trkpt lat="46.16663" lon="6.20839">
        <ele>688.26</ele>
        <time>2019-03-24T13:25:17.000Z</time>
      </trkpt>
      <trkpt lat="46.16657" lon="6.20837">
        <ele>690.26</ele>
        <time>2019-03-24T13:25:27.000Z</time>
      </trkpt>
      <trkpt lat="46.16654" lon="6.20831">
        <ele>687.8</ele>
        <time>2019-03-24T13:25:37.000Z</time>
      </trkpt>
      <trkpt lat="46.1665" lon="6.20821">
        <ele>691.93</ele>
        <time>2019-03-24T13:25:47.000Z</time>
      </trkpt>
      <trkpt lat="46.16639" lon="6.20815">
        <ele>688.34</ele>
        <time>2019-03-24T13:25:57.000Z</time>
      </trkpt>
      <trkpt lat="46.16631" lon="6.20808">
        <ele>687.81</ele>
        <time>2019-03-24T13:26:07.000Z</time>
      </trkpt>
      <trkpt lat="46.16628" lon="6.20805">
        <ele>688.25</ele>
        <time>2019-03-24T13:26:17.000Z</time>
      </trkpt>
      <trkpt lat="46.16622" lon="6.20794">
        <ele>690</ele>
        <time>2019-03-24T13:26:27.000Z</time>
      </trkpt>
      <trkpt lat="46.16617" lon="6.20779">
        <ele>696.69</ele>
        <time>2019-03-24T13:26:37.000Z</time>
      </trkpt>
      <trkpt lat="46.16614" lon="6.20765">
        <ele>701.23</ele>
        <time>2019-03-24T13:26:47.000Z</time>
      </trkpt>
      <trkpt lat="46.16607" lon="6.20758">
        <ele>701.95</ele>
        <time>2019-03-24T13:26:57.000Z</time>
      </trkpt>
      <trkpt lat="46.166" lon="6.20748">
        <ele>699.03</ele>
        <time>2019-03-24T13:27:07.000Z</time>
      </trkpt>
      <trkpt lat="46.1659" lon="6.20737">
        <ele>701.93</ele>
        <time>2019-03-24T13:27:17.000Z</time>
      </trkpt>
      <trkpt lat="46.16588" lon="6.20727">
        <ele>705.25</ele>
        <time>2019-03-24T13:27:27.000Z</time>
      </trkpt>
      <trkpt lat="46.16589" lon="6.20712">
        <ele>709.98</ele>
        <time>2019-03-24T13:27:37.000Z</time>
      </trkpt>
      <trkpt lat="46.16581" lon="6.20703">
        <ele>708</ele>
        <time>2019-03-24T13:27:47.000Z</time>
      </trkpt>
      <trkpt lat="46.16572" lon="6.20699">
        <ele>705.06</ele>
        <time>2019-03-24T13:27:57.000Z</time>
      </trkpt>
      <trkpt lat="46.16562" lon="6.20698">
        <ele>704.12</ele>
        <time>2019-03-24T13:28:07.000Z</time>
      </trkpt>
      <trkpt lat="46.16556" lon="6.20697">
        <ele>701.96</ele>
        <time>2019-03-24T13:28:17.000Z</time>
      </trkpt>
      <trkpt lat="46.16555" lon="6.20696">
        <ele>700.96</ele>
        <time>2019-03-24T13:28:27.000Z</time>
      </trkpt>
      <trkpt lat="46.16553" lon="6.20697">
        <ele>699</ele>
        <time>2019-03-24T13:28:37.000Z</time>
      </trkpt>
      <trkpt lat="46.16549" lon="6.20689">
        <ele>701.25</ele>
        <time>2019-03-24T13:28:47.000Z</time>
      </trkpt>
      <trkpt lat="46.16545" lon="6.2069">
        <ele>699.23</ele>
        <time>2019-03-24T13:28:57.000Z</time>
      </trkpt>
      <trkpt lat="46.16535" lon="6.2068">
        <ele>696.5</ele>
        <time>2019-03-24T13:29:07.000Z</time>
      </trkpt>
      <trkpt lat="46.1653" lon="6.20676">
        <ele>698.06</ele>
        <time>2019-03-24T13:29:17.000Z</time>
      </trkpt>
      <trkpt lat="46.16523" lon="6.20667">
        <ele>699.86</ele>
        <time>2019-03-24T13:29:27.000Z</time>
      </trkpt>
      <trkpt lat="46.16516" lon="6.20664">
        <ele>700.06</ele>
        <time>2019-03-24T13:29:37.000Z</time>
      </trkpt>
      <trkpt lat="46.16509" lon="6.20658">
        <ele>697.99</ele>
        <time>2019-03-24T13:29:47.000Z</time>
      </trkpt>
      <trkpt lat="46.16502" lon="6.20646">
        <ele>702.42</ele>
        <time>2019-03-24T13:29:57.000Z</time>
      </trkpt>
      <trkpt lat="46.16506" lon="6.20631">
        <ele>717.61</ele>
        <time>2019-03-24T13:30:07.000Z</time>
      </trkpt>
      <trkpt lat="46.16501" lon="6.20623">
        <ele>715.99</ele>
        <time>2019-03-24T13:30:17.000Z</time>
      </trkpt>
      <trkpt lat="46.165" lon="6.20614">
        <ele>719.51</ele>
        <time>2019-03-24T13:30:27.000Z</time>
      </trkpt>
      <trkpt lat="46.16497" lon="6.20616">
        <ele>719.12</ele>
        <time>2019-03-24T13:30:37.000Z</time>
      </trkpt>
      <trkpt lat="46.16496" lon="6.20611">
        <ele>722.87</ele>
        <time>2019-03-24T13:30:47.000Z</time>
      </trkpt>
      <trkpt lat="46.16489" lon="6.20599">
        <ele>722.98</ele>
        <time>2019-03-24T13:30:57.000Z</time>
      </trkpt>
      <trkpt lat="46.16485" lon="6.20588">
        <ele>720.2</ele>
        <time>2019-03-24T13:31:07.000Z</time>
      </trkpt>
      <trkpt lat="46.16484" lon="6.20572">
        <ele>724.56</ele>
        <time>2019-03-24T13:31:17.000Z</time>
      </trkpt>
      <trkpt lat="46.16481" lon="6.20562">
        <ele>725.98</ele>
        <time>2019-03-24T13:31:27.000Z</time>
      </trkpt>
      <trkpt lat="46.1648" lon="6.2055">
        <ele>729.02</ele>
        <time>2019-03-24T13:31:37.000Z</time>
      </trkpt>
      <trkpt lat="46.16478" lon="6.20539">
        <ele>728.25</ele>
        <time>2019-03-24T13:31:47.000Z</time>
      </trkpt>
      <trkpt lat="46.16479" lon="6.20529">
        <ele>730.94</ele>
        <time>2019-03-24T13:31:57.000Z</time>
      </trkpt>
      <trkpt lat="46.16475" lon="6.20517">
        <ele>732.07</ele>
        <time>2019-03-24T13:32:07.000Z</time>
      </trkpt>
      <trkpt lat="46.16466" lon="6.20507">
        <ele>727.32</ele>
        <time>2019-03-24T13:32:17.000Z</time>
      </trkpt>
      <trkpt lat="46.16458" lon="6.20493">
        <ele>731.17</ele>
        <time>2019-03-24T13:32:27.000Z</time>
      </trkpt>
      <trkpt lat="46.16451" lon="6.20481">
        <ele>730.3</ele>
        <time>2019-03-24T13:32:37.000Z</time>
      </trkpt>
      <trkpt lat="46.16446" lon="6.20476">
        <ele>730</ele>
        <time>2019-03-24T13:32:47.000Z</time>
      </trkpt>
      <trkpt lat="46.16448" lon="6.20474">
        <ele>732</ele>
        <time>2019-03-24T13:32:57.000Z</time>
      </trkpt>
      <trkpt lat="46.16445" lon="6.20465">
        <ele>735.11</ele>
        <time>2019-03-24T13:33:07.000Z</time>
      </trkpt>
      <trkpt lat="46.16443" lon="6.20465">
        <ele>731</ele>
        <time>2019-03-24T13:33:17.000Z</time>
      </trkpt>
      <trkpt lat="46.16444" lon="6.20461">
        <ele>733.97</ele>
        <time>2019-03-24T13:33:27.000Z</time>
      </trkpt>
      <trkpt lat="46.16444" lon="6.20455">
        <ele>732.81</ele>
        <time>2019-03-24T13:33:37.000Z</time>
      </trkpt>
      <trkpt lat="46.16441" lon="6.20453">
        <ele>736.87</ele>
        <time>2019-03-24T13:33:47.000Z</time>
      </trkpt>
      <trkpt lat="46.16443" lon="6.20451">
        <ele>737.98</ele>
        <time>2019-03-24T13:33:58.000Z</time>
      </trkpt>
      <trkpt lat="46.16447" lon="6.20442">
        <ele>738.72</ele>
        <time>2019-03-24T13:34:08.000Z</time>
      </trkpt>
      <trkpt lat="46.16452" lon="6.20436">
        <ele>744.26</ele>
        <time>2019-03-24T13:34:18.000Z</time>
      </trkpt>
      <trkpt lat="46.16452" lon="6.20427">
        <ele>741.94</ele>
        <time>2019-03-24T13:34:28.000Z</time>
      </trkpt>
      <trkpt lat="46.16454" lon="6.20421">
        <ele>738.88</ele>
        <time>2019-03-24T13:34:38.000Z</time>
      </trkpt>
      <trkpt lat="46.1645" lon="6.2042">
        <ele>735.58</ele>
        <time>2019-03-24T13:34:48.000Z</time>
      </trkpt>
      <trkpt lat="46.16448" lon="6.20416">
        <ele>736.99</ele>
        <time>2019-03-24T13:34:58.000Z</time>
      </trkpt>
      <trkpt lat="46.16441" lon="6.20406">
        <ele>740.79</ele>
        <time>2019-03-24T13:35:08.000Z</time>
      </trkpt>
      <trkpt lat="46.16437" lon="6.20402">
        <ele>745.98</ele>
        <time>2019-03-24T13:35:18.000Z</time>
      </trkpt>
      <trkpt lat="46.16439" lon="6.20397">
        <ele>749.68</ele>
        <time>2019-03-24T13:35:28.000Z</time>
      </trkpt>
      <trkpt lat="46.16434" lon="6.20386">
        <ele>751</ele>
        <time>2019-03-24T13:35:38.000Z</time>
      </trkpt>
      <trkpt lat="46.16437" lon="6.20372">
        <ele>755.92</ele>
        <time>2019-03-24T13:35:48.000Z</time>
      </trkpt>
      <trkpt lat="46.16427" lon="6.20357">
        <ele>751</ele>
        <time>2019-03-24T13:35:58.000Z</time>
      </trkpt>
      <trkpt lat="46.16419" lon="6.20345">
        <ele>749.8</ele>
        <time>2019-03-24T13:36:08.000Z</time>
      </trkpt>
      <trkpt lat="46.16415" lon="6.20341">
        <ele>752.92</ele>
        <time>2019-03-24T13:36:18.000Z</time>
      </trkpt>
      <trkpt lat="46.16414" lon="6.20338">
        <ele>755</ele>
        <time>2019-03-24T13:36:28.000Z</time>
      </trkpt>
      <trkpt lat="46.16414" lon="6.20336">
        <ele>759.67</ele>
        <time>2019-03-24T13:36:38.000Z</time>
      </trkpt>
      <trkpt lat="46.1641" lon="6.20332">
        <ele>761.75</ele>
        <time>2019-03-24T13:36:48.000Z</time>
      </trkpt>
      <trkpt lat="46.16404" lon="6.20328">
        <ele>763.97</ele>
        <time>2019-03-24T13:36:58.000Z</time>
      </trkpt>
      <trkpt lat="46.16396" lon="6.20326">
        <ele>763</ele>
        <time>2019-03-24T13:37:08.000Z</time>
      </trkpt>
      <trkpt lat="46.16393" lon="6.20326">
        <ele>766.98</ele>
        <time>2019-03-24T13:37:18.000Z</time>
      </trkpt>
      <trkpt lat="46.16392" lon="6.20327">
        <ele>770.94</ele>
        <time>2019-03-24T13:37:28.000Z</time>
      </trkpt>
      <trkpt lat="46.1639" lon="6.2033">
        <ele>772.25</ele>
        <time>2019-03-24T13:37:38.000Z</time>
      </trkpt>
      <trkpt lat="46.16391" lon="6.20337">
        <ele>775.93</ele>
        <time>2019-03-24T13:37:48.000Z</time>
      </trkpt>
      <trkpt lat="46.16389" lon="6.20339">
        <ele>776.98</ele>
        <time>2019-03-24T13:37:58.000Z</time>
      </trkpt>
      <trkpt lat="46.16387" lon="6.20343">
        <ele>780</ele>
        <time>2019-03-24T13:38:08.000Z</time>
      </trkpt>
      <trkpt lat="46.16385" lon="6.2035">
        <ele>781.94</ele>
        <time>2019-03-24T13:38:18.000Z</time>
      </trkpt>
      <trkpt lat="46.16384" lon="6.20357">
        <ele>783.25</ele>
        <time>2019-03-24T13:38:28.000Z</time>
      </trkpt>
      <trkpt lat="46.16379" lon="6.20363">
        <ele>783.02</ele>
        <time>2019-03-24T13:38:38.000Z</time>
      </trkpt>
      <trkpt lat="46.16383" lon="6.20363">
        <ele>786.98</ele>
        <time>2019-03-24T13:38:48.000Z</time>
      </trkpt>
      <trkpt lat="46.16382" lon="6.20361">
        <ele>788.06</ele>
        <time>2019-03-24T13:38:58.000Z</time>
      </trkpt>
      <trkpt lat="46.16381" lon="6.2036">
        <ele>788</ele>
        <time>2019-03-24T13:39:38.000Z</time>
      </trkpt>
      <trkpt lat="46.1638" lon="6.2036">
        <ele>787</ele>
        <time>2019-03-24T13:39:48.000Z</time>
      </trkpt>
      <trkpt lat="46.16381" lon="6.20359">
        <ele>786.25</ele>
        <time>2019-03-24T13:39:59.000Z</time>
      </trkpt>
      <trkpt lat="46.16382" lon="6.20358">
        <ele>785.99</ele>
        <time>2019-03-24T13:40:10.000Z</time>
      </trkpt>
      <trkpt lat="46.16379" lon="6.20366">
        <ele>786.81</ele>
        <time>2019-03-24T13:40:20.000Z</time>
      </trkpt>
      <trkpt lat="46.16376" lon="6.20377">
        <ele>785.02</ele>
        <time>2019-03-24T13:40:30.000Z</time>
      </trkpt>
      <trkpt lat="46.16371" lon="6.20385">
        <ele>785.69</ele>
        <time>2019-03-24T13:40:40.000Z</time>
      </trkpt>
      <trkpt lat="46.16368" lon="6.20394">
        <ele>785</ele>
        <time>2019-03-24T13:40:50.000Z</time>
      </trkpt>
      <trkpt lat="46.16364" lon="6.20402">
        <ele>784.19</ele>
        <time>2019-03-24T13:41:00.000Z</time>
      </trkpt>
      <trkpt lat="46.16359" lon="6.2041">
        <ele>785.05</ele>
        <time>2019-03-24T13:41:10.000Z</time>
      </trkpt>
      <trkpt lat="46.16354" lon="6.20423">
        <ele>784.31</ele>
        <time>2019-03-24T13:41:20.000Z</time>
      </trkpt>
      <trkpt lat="46.16346" lon="6.20434">
        <ele>785.94</ele>
        <time>2019-03-24T13:41:30.000Z</time>
      </trkpt>
      <trkpt lat="46.16341" lon="6.20443">
        <ele>787.3</ele>
        <time>2019-03-24T13:41:40.000Z</time>
      </trkpt>
      <trkpt lat="46.16337" lon="6.20456">
        <ele>785</ele>
        <time>2019-03-24T13:41:50.000Z</time>
      </trkpt>
      <trkpt lat="46.16333" lon="6.20467">
        <ele>785</ele>
        <time>2019-03-24T13:42:00.000Z</time>
      </trkpt>
      <trkpt lat="46.16329" lon="6.2048">
        <ele>782.96</ele>
        <time>2019-03-24T13:42:10.000Z</time>
      </trkpt>
      <trkpt lat="46.16325" lon="6.2049">
        <ele>783.94</ele>
        <time>2019-03-24T13:42:20.000Z</time>
      </trkpt>
      <trkpt lat="46.16322" lon="6.20503">
        <ele>785</ele>
        <time>2019-03-24T13:42:30.000Z</time>
      </trkpt>
      <trkpt lat="46.16318" lon="6.20515">
        <ele>785.75</ele>
        <time>2019-03-24T13:42:40.000Z</time>
      </trkpt>
      <trkpt lat="46.16314" lon="6.20524">
        <ele>789.94</ele>
        <time>2019-03-24T13:42:50.000Z</time>
      </trkpt>
      <trkpt lat="46.1631" lon="6.20535">
        <ele>790.94</ele>
        <time>2019-03-24T13:43:00.000Z</time>
      </trkpt>
      <trkpt lat="46.16304" lon="6.20546">
        <ele>790</ele>
        <time>2019-03-24T13:43:10.000Z</time>
      </trkpt>
      <trkpt lat="46.16301" lon="6.20555">
        <ele>791</ele>
        <time>2019-03-24T13:43:20.000Z</time>
      </trkpt>
      <trkpt lat="46.16298" lon="6.20562">
        <ele>792.94</ele>
        <time>2019-03-24T13:43:30.000Z</time>
      </trkpt>
      <trkpt lat="46.16295" lon="6.20571">
        <ele>795.98</ele>
        <time>2019-03-24T13:43:40.000Z</time>
      </trkpt>
      <trkpt lat="46.16293" lon="6.20579">
        <ele>797</ele>
        <time>2019-03-24T13:43:50.000Z</time>
      </trkpt>
      <trkpt lat="46.16292" lon="6.2058">
        <ele>797.75</ele>
        <time>2019-03-24T13:44:00.000Z</time>
      </trkpt>
      <trkpt lat="46.16292" lon="6.20584">
        <ele>799</ele>
        <time>2019-03-24T13:44:10.000Z</time>
      </trkpt>
      <trkpt lat="46.16292" lon="6.20585">
        <ele>800</ele>
        <time>2019-03-24T13:44:23.000Z</time>
      </trkpt>
      <trkpt lat="46.16299" lon="6.20592">
        <ele>801.75</ele>
        <time>2019-03-24T13:44:33.000Z</time>
      </trkpt>
      <trkpt lat="46.16303" lon="6.206">
        <ele>803</ele>
        <time>2019-03-24T13:44:43.000Z</time>
      </trkpt>
      <trkpt lat="46.16306" lon="6.20608">
        <ele>805</ele>
        <time>2019-03-24T13:44:53.000Z</time>
      </trkpt>
      <trkpt lat="46.16306" lon="6.20612">
        <ele>806</ele>
        <time>2019-03-24T13:45:03.000Z</time>
      </trkpt>
      <trkpt lat="46.16306" lon="6.20614">
        <ele>807</ele>
        <time>2019-03-24T13:46:06.000Z</time>
      </trkpt>
      <trkpt lat="46.16307" lon="6.20613">
        <ele>806</ele>
        <time>2019-03-24T13:46:20.000Z</time>
      </trkpt>
      <trkpt lat="46.16305" lon="6.20612">
        <ele>806.94</ele>
        <time>2019-03-24T13:50:14.000Z</time>
      </trkpt>
      <trkpt lat="46.16306" lon="6.20612">
        <ele>808</ele>
        <time>2019-03-24T13:50:30.000Z</time>
      </trkpt>
      <trkpt lat="46.16313" lon="6.2061">
        <ele>814</ele>
        <time>2019-03-24T15:16:39.000Z</time>
      </trkpt>
      <trkpt lat="46.16312" lon="6.2061">
        <ele>814.94</ele>
        <time>2019-03-24T15:16:58.000Z</time>
      </trkpt>
      <trkpt lat="46.16311" lon="6.2061">
        <ele>814</ele>
        <time>2019-03-24T15:17:17.000Z</time>
      </trkpt>
      <trkpt lat="46.1631" lon="6.20611">
        <ele>814</ele>
        <time>2019-03-24T15:17:35.000Z</time>
      </trkpt>
      <trkpt lat="46.16311" lon="6.20611">
        <ele>815</ele>
        <time>2019-03-24T15:17:52.000Z</time>
      </trkpt>
      <trkpt lat="46.16309" lon="6.20611">
        <ele>813.06</ele>
        <time>2019-03-24T15:18:11.000Z</time>
      </trkpt>
      <trkpt lat="46.16301" lon="6.20615">
        <ele>812</ele>
        <time>2019-03-24T15:18:21.000Z</time>
      </trkpt>
      <trkpt lat="46.16301" lon="6.20617">
        <ele>812</ele>
        <time>2019-03-24T15:18:31.000Z</time>
      </trkpt>
      <trkpt lat="46.163" lon="6.20619">
        <ele>812</ele>
        <time>2019-03-24T15:18:47.000Z</time>
      </trkpt>
      <trkpt lat="46.16299" lon="6.20621">
        <ele>812.02</ele>
        <time>2019-03-24T15:18:57.000Z</time>
      </trkpt>
      <trkpt lat="46.16298" lon="6.20623">
        <ele>812.19</ele>
        <time>2019-03-24T15:19:18.000Z</time>
      </trkpt>
      <trkpt lat="46.16297" lon="6.20625">
        <ele>812</ele>
        <time>2019-03-24T15:19:28.000Z</time>
      </trkpt>
      <trkpt lat="46.16299" lon="6.20623">
        <ele>812</ele>
        <time>2019-03-24T15:19:38.000Z</time>
      </trkpt>
      <trkpt lat="46.16298" lon="6.20623">
        <ele>813</ele>
        <time>2019-03-24T15:19:49.000Z</time>
      </trkpt>
      <trkpt lat="46.16299" lon="6.20625">
        <ele>813.75</ele>
        <time>2019-03-24T15:19:59.000Z</time>
      </trkpt>
      <trkpt lat="46.16299" lon="6.20628">
        <ele>814</ele>
        <time>2019-03-24T15:20:09.000Z</time>
      </trkpt>
      <trkpt lat="46.163" lon="6.20636">
        <ele>815.94</ele>
        <time>2019-03-24T15:20:19.000Z</time>
      </trkpt>
      <trkpt lat="46.16301" lon="6.20645">
        <ele>818.25</ele>
        <time>2019-03-24T15:20:29.000Z</time>
      </trkpt>
      <trkpt lat="46.16304" lon="6.20653">
        <ele>819.8</ele>
        <time>2019-03-24T15:20:39.000Z</time>
      </trkpt>
      <trkpt lat="46.16309" lon="6.2066">
        <ele>819</ele>
        <time>2019-03-24T15:20:49.000Z</time>
      </trkpt>
      <trkpt lat="46.16308" lon="6.20665">
        <ele>817</ele>
        <time>2019-03-24T15:20:59.000Z</time>
      </trkpt>
      <trkpt lat="46.16307" lon="6.20668">
        <ele>816</ele>
        <time>2019-03-24T15:21:09.000Z</time>
      </trkpt>
      <trkpt lat="46.16308" lon="6.20668">
        <ele>817.94</ele>
        <time>2019-03-24T15:21:22.000Z</time>
      </trkpt>
      <trkpt lat="46.1631" lon="6.20667">
        <ele>818.75</ele>
        <time>2019-03-24T15:21:32.000Z</time>
      </trkpt>
      <trkpt lat="46.1631" lon="6.20668">
        <ele>818.02</ele>
        <time>2019-03-24T15:21:46.000Z</time>
      </trkpt>
      <trkpt lat="46.16312" lon="6.20668">
        <ele>818.75</ele>
        <time>2019-03-24T15:21:56.000Z</time>
      </trkpt>
      <trkpt lat="46.16317" lon="6.20673">
        <ele>820.75</ele>
        <time>2019-03-24T15:22:06.000Z</time>
      </trkpt>
      <trkpt lat="46.16323" lon="6.20677">
        <ele>823.75</ele>
        <time>2019-03-24T15:22:16.000Z</time>
      </trkpt>
      <trkpt lat="46.16326" lon="6.20681">
        <ele>829.98</ele>
        <time>2019-03-24T15:22:26.000Z</time>
      </trkpt>
      <trkpt lat="46.16331" lon="6.20683">
        <ele>831.2</ele>
        <time>2019-03-24T15:22:36.000Z</time>
      </trkpt>
      <trkpt lat="46.16333" lon="6.20689">
        <ele>830.31</ele>
        <time>2019-03-24T15:22:46.000Z</time>
      </trkpt>
      <trkpt lat="46.16329" lon="6.207">
        <ele>833</ele>
        <time>2019-03-24T15:22:56.000Z</time>
      </trkpt>
      <trkpt lat="46.16323" lon="6.20711">
        <ele>830.37</ele>
        <time>2019-03-24T15:23:06.000Z</time>
      </trkpt>
      <trkpt lat="46.16314" lon="6.20721">
        <ele>832.73</ele>
        <time>2019-03-24T15:23:16.000Z</time>
      </trkpt>
      <trkpt lat="46.16306" lon="6.20738">
        <ele>831.99</ele>
        <time>2019-03-24T15:23:26.000Z</time>
      </trkpt>
      <trkpt lat="46.16299" lon="6.20754">
        <ele>831</ele>
        <time>2019-03-24T15:23:36.000Z</time>
      </trkpt>
      <trkpt lat="46.16293" lon="6.20771">
        <ele>829.25</ele>
        <time>2019-03-24T15:23:46.000Z</time>
      </trkpt>
      <trkpt lat="46.16288" lon="6.20787">
        <ele>828.06</ele>
        <time>2019-03-24T15:23:56.000Z</time>
      </trkpt>
      <trkpt lat="46.16283" lon="6.20801">
        <ele>828</ele>
        <time>2019-03-24T15:24:06.000Z</time>
      </trkpt>
      <trkpt lat="46.16277" lon="6.20815">
        <ele>827.02</ele>
        <time>2019-03-24T15:24:16.000Z</time>
      </trkpt>
      <trkpt lat="46.16272" lon="6.2083">
        <ele>825</ele>
        <time>2019-03-24T15:24:26.000Z</time>
      </trkpt>
      <trkpt lat="46.16265" lon="6.20844">
        <ele>823.06</ele>
        <time>2019-03-24T15:24:36.000Z</time>
      </trkpt>
      <trkpt lat="46.16256" lon="6.20856">
        <ele>825.06</ele>
        <time>2019-03-24T15:24:46.000Z</time>
      </trkpt>
      <trkpt lat="46.16246" lon="6.20872">
        <ele>821.08</ele>
        <time>2019-03-24T15:24:56.000Z</time>
      </trkpt>
      <trkpt lat="46.1624" lon="6.20885">
        <ele>818.25</ele>
        <time>2019-03-24T15:25:06.000Z</time>
      </trkpt>
      <trkpt lat="46.16236" lon="6.20897">
        <ele>814.83</ele>
        <time>2019-03-24T15:25:16.000Z</time>
      </trkpt>
      <trkpt lat="46.16232" lon="6.20908">
        <ele>813.27</ele>
        <time>2019-03-24T15:25:26.000Z</time>
      </trkpt>
      <trkpt lat="46.16226" lon="6.20919">
        <ele>813</ele>
        <time>2019-03-24T15:25:36.000Z</time>
      </trkpt>
      <trkpt lat="46.16219" lon="6.20932">
        <ele>813.75</ele>
        <time>2019-03-24T15:25:46.000Z</time>
      </trkpt>
      <trkpt lat="46.1621" lon="6.20948">
        <ele>809.07</ele>
        <time>2019-03-24T15:25:56.000Z</time>
      </trkpt>
      <trkpt lat="46.16201" lon="6.20963">
        <ele>809.18</ele>
        <time>2019-03-24T15:26:06.000Z</time>
      </trkpt>
      <trkpt lat="46.16195" lon="6.20979">
        <ele>807.02</ele>
        <time>2019-03-24T15:26:16.000Z</time>
      </trkpt>
      <trkpt lat="46.16191" lon="6.20989">
        <ele>807.06</ele>
        <time>2019-03-24T15:26:26.000Z</time>
      </trkpt>
      <trkpt lat="46.16186" lon="6.21003">
        <ele>807.02</ele>
        <time>2019-03-24T15:26:36.000Z</time>
      </trkpt>
      <trkpt lat="46.16181" lon="6.21017">
        <ele>806.02</ele>
        <time>2019-03-24T15:26:46.000Z</time>
      </trkpt>
      <trkpt lat="46.16176" lon="6.21033">
        <ele>805.25</ele>
        <time>2019-03-24T15:26:56.000Z</time>
      </trkpt>
      <trkpt lat="46.16172" lon="6.21046">
        <ele>803.07</ele>
        <time>2019-03-24T15:27:06.000Z</time>
      </trkpt>
      <trkpt lat="46.16165" lon="6.21056">
        <ele>803</ele>
        <time>2019-03-24T15:27:16.000Z</time>
      </trkpt>
      <trkpt lat="46.1616" lon="6.21071">
        <ele>800.75</ele>
        <time>2019-03-24T15:27:26.000Z</time>
      </trkpt>
      <trkpt lat="46.16153" lon="6.21084">
        <ele>803.97</ele>
        <time>2019-03-24T15:27:36.000Z</time>
      </trkpt>
      <trkpt lat="46.16148" lon="6.21101">
        <ele>801.25</ele>
        <time>2019-03-24T15:27:46.000Z</time>
      </trkpt>
      <trkpt lat="46.16145" lon="6.21116">
        <ele>798.06</ele>
        <time>2019-03-24T15:27:56.000Z</time>
      </trkpt>
      <trkpt lat="46.16139" lon="6.21128">
        <ele>797.81</ele>
        <time>2019-03-24T15:28:06.000Z</time>
      </trkpt>
      <trkpt lat="46.16132" lon="6.21138">
        <ele>800.05</ele>
        <time>2019-03-24T15:28:16.000Z</time>
      </trkpt>
      <trkpt lat="46.16128" lon="6.2115">
        <ele>798</ele>
        <time>2019-03-24T15:28:26.000Z</time>
      </trkpt>
      <trkpt lat="46.16124" lon="6.21164">
        <ele>799.01</ele>
        <time>2019-03-24T15:28:36.000Z</time>
      </trkpt>
      <trkpt lat="46.16121" lon="6.21178">
        <ele>797.19</ele>
        <time>2019-03-24T15:28:46.000Z</time>
      </trkpt>
      <trkpt lat="46.16123" lon="6.21183">
        <ele>794.06</ele>
        <time>2019-03-24T15:28:56.000Z</time>
      </trkpt>
      <trkpt lat="46.16124" lon="6.21188">
        <ele>792</ele>
        <time>2019-03-24T15:29:06.000Z</time>
      </trkpt>
      <trkpt lat="46.16122" lon="6.21195">
        <ele>792</ele>
        <time>2019-03-24T15:29:16.000Z</time>
      </trkpt>
      <trkpt lat="46.16118" lon="6.21208">
        <ele>789.06</ele>
        <time>2019-03-24T15:29:26.000Z</time>
      </trkpt>
      <trkpt lat="46.16116" lon="6.21222">
        <ele>786</ele>
        <time>2019-03-24T15:29:36.000Z</time>
      </trkpt>
      <trkpt lat="46.16114" lon="6.21235">
        <ele>786</ele>
        <time>2019-03-24T15:29:46.000Z</time>
      </trkpt>
      <trkpt lat="46.16111" lon="6.21252">
        <ele>784</ele>
        <time>2019-03-24T15:29:56.000Z</time>
      </trkpt>
      <trkpt lat="46.16111" lon="6.21266">
        <ele>782.08</ele>
        <time>2019-03-24T15:30:06.000Z</time>
      </trkpt>
      <trkpt lat="46.16112" lon="6.2128">
        <ele>783</ele>
        <time>2019-03-24T15:30:16.000Z</time>
      </trkpt>
      <trkpt lat="46.16114" lon="6.21295">
        <ele>782.31</ele>
        <time>2019-03-24T15:30:26.000Z</time>
      </trkpt>
      <trkpt lat="46.16115" lon="6.2131">
        <ele>781.99</ele>
        <time>2019-03-24T15:30:36.000Z</time>
      </trkpt>
      <trkpt lat="46.16114" lon="6.21325">
        <ele>781.24</ele>
        <time>2019-03-24T15:30:46.000Z</time>
      </trkpt>
      <trkpt lat="46.16116" lon="6.21341">
        <ele>780.99</ele>
        <time>2019-03-24T15:30:56.000Z</time>
      </trkpt>
      <trkpt lat="46.1612" lon="6.21358">
        <ele>778.83</ele>
        <time>2019-03-24T15:31:06.000Z</time>
      </trkpt>
      <trkpt lat="46.16123" lon="6.21374">
        <ele>779.93</ele>
        <time>2019-03-24T15:31:16.000Z</time>
      </trkpt>
      <trkpt lat="46.16126" lon="6.21391">
        <ele>781.92</ele>
        <time>2019-03-24T15:31:26.000Z</time>
      </trkpt>
      <trkpt lat="46.16123" lon="6.21405">
        <ele>788.98</ele>
        <time>2019-03-24T15:31:36.000Z</time>
      </trkpt>
      <trkpt lat="46.16125" lon="6.21422">
        <ele>790</ele>
        <time>2019-03-24T15:31:46.000Z</time>
      </trkpt>
      <trkpt lat="46.16124" lon="6.21439">
        <ele>792.19</ele>
        <time>2019-03-24T15:31:56.000Z</time>
      </trkpt>
      <trkpt lat="46.16127" lon="6.21457">
        <ele>792.07</ele>
        <time>2019-03-24T15:32:06.000Z</time>
      </trkpt>
      <trkpt lat="46.16133" lon="6.21475">
        <ele>786.96</ele>
        <time>2019-03-24T15:32:16.000Z</time>
      </trkpt>
      <trkpt lat="46.16136" lon="6.21491">
        <ele>779.35</ele>
        <time>2019-03-24T15:32:26.000Z</time>
      </trkpt>
      <trkpt lat="46.16139" lon="6.21509">
        <ele>775.25</ele>
        <time>2019-03-24T15:32:36.000Z</time>
      </trkpt>
      <trkpt lat="46.1614" lon="6.21525">
        <ele>774.74</ele>
        <time>2019-03-24T15:32:46.000Z</time>
      </trkpt>
      <trkpt lat="46.16139" lon="6.21542">
        <ele>779.17</ele>
        <time>2019-03-24T15:32:56.000Z</time>
      </trkpt>
      <trkpt lat="46.16142" lon="6.2156">
        <ele>779</ele>
        <time>2019-03-24T15:33:06.000Z</time>
      </trkpt>
      <trkpt lat="46.16144" lon="6.21574">
        <ele>781.23</ele>
        <time>2019-03-24T15:33:16.000Z</time>
      </trkpt>
      <trkpt lat="46.16139" lon="6.21588">
        <ele>783.92</ele>
        <time>2019-03-24T15:33:26.000Z</time>
      </trkpt>
      <trkpt lat="46.16137" lon="6.21604">
        <ele>780.78</ele>
        <time>2019-03-24T15:33:36.000Z</time>
      </trkpt>
      <trkpt lat="46.16137" lon="6.21619">
        <ele>780.78</ele>
        <time>2019-03-24T15:33:46.000Z</time>
      </trkpt>
      <trkpt lat="46.16138" lon="6.21637">
        <ele>781.8</ele>
        <time>2019-03-24T15:33:56.000Z</time>
      </trkpt>
      <trkpt lat="46.1614" lon="6.2165">
        <ele>782.96</ele>
        <time>2019-03-24T15:34:06.000Z</time>
      </trkpt>
      <trkpt lat="46.16141" lon="6.21664">
        <ele>786.25</ele>
        <time>2019-03-24T15:34:16.000Z</time>
      </trkpt>
      <trkpt lat="46.16145" lon="6.21677">
        <ele>790.07</ele>
        <time>2019-03-24T15:34:26.000Z</time>
      </trkpt>
      <trkpt lat="46.16146" lon="6.21689">
        <ele>786.3</ele>
        <time>2019-03-24T15:34:36.000Z</time>
      </trkpt>
      <trkpt lat="46.16146" lon="6.21706">
        <ele>777.27</ele>
        <time>2019-03-24T15:34:46.000Z</time>
      </trkpt>
      <trkpt lat="46.16144" lon="6.21723">
        <ele>776.75</ele>
        <time>2019-03-24T15:34:56.000Z</time>
      </trkpt>
      <trkpt lat="46.16142" lon="6.21743">
        <ele>775.02</ele>
        <time>2019-03-24T15:35:06.000Z</time>
      </trkpt>
      <trkpt lat="46.1614" lon="6.21762">
        <ele>775.97</ele>
        <time>2019-03-24T15:35:16.000Z</time>
      </trkpt>
      <trkpt lat="46.16137" lon="6.2178">
        <ele>782.29</ele>
        <time>2019-03-24T15:35:26.000Z</time>
      </trkpt>
      <trkpt lat="46.16136" lon="6.21794">
        <ele>781.95</ele>
        <time>2019-03-24T15:35:36.000Z</time>
      </trkpt>
      <trkpt lat="46.16132" lon="6.21809">
        <ele>787.93</ele>
        <time>2019-03-24T15:35:46.000Z</time>
      </trkpt>
      <trkpt lat="46.16129" lon="6.21826">
        <ele>790.94</ele>
        <time>2019-03-24T15:35:56.000Z</time>
      </trkpt>
      <trkpt lat="46.16131" lon="6.21844">
        <ele>786.03</ele>
        <time>2019-03-24T15:36:06.000Z</time>
      </trkpt>
      <trkpt lat="46.16134" lon="6.2185">
        <ele>781.25</ele>
        <time>2019-03-24T15:36:16.000Z</time>
      </trkpt>
      <trkpt lat="46.16138" lon="6.21851">
        <ele>778.25</ele>
        <time>2019-03-24T15:36:26.000Z</time>
      </trkpt>
      <trkpt lat="46.16139" lon="6.21857">
        <ele>775.27</ele>
        <time>2019-03-24T15:36:36.000Z</time>
      </trkpt>
      <trkpt lat="46.16138" lon="6.21867">
        <ele>773.95</ele>
        <time>2019-03-24T15:36:46.000Z</time>
      </trkpt>
      <trkpt lat="46.16134" lon="6.21873">
        <ele>780.36</ele>
        <time>2019-03-24T15:36:56.000Z</time>
      </trkpt>
      <trkpt lat="46.16137" lon="6.21885">
        <ele>778.77</ele>
        <time>2019-03-24T15:37:06.000Z</time>
      </trkpt>
      <trkpt lat="46.16131" lon="6.21895">
        <ele>789.37</ele>
        <time>2019-03-24T15:37:16.000Z</time>
      </trkpt>
      <trkpt lat="46.16128" lon="6.2191">
        <ele>793.87</ele>
        <time>2019-03-24T15:37:26.000Z</time>
      </trkpt>
      <trkpt lat="46.16129" lon="6.21924">
        <ele>795.08</ele>
        <time>2019-03-24T15:37:36.000Z</time>
      </trkpt>
      <trkpt lat="46.1613" lon="6.21938">
        <ele>796</ele>
        <time>2019-03-24T15:37:46.000Z</time>
      </trkpt>
      <trkpt lat="46.16129" lon="6.21953">
        <ele>795.92</ele>
        <time>2019-03-24T15:37:56.000Z</time>
      </trkpt>
      <trkpt lat="46.16135" lon="6.2197">
        <ele>793.75</ele>
        <time>2019-03-24T15:38:06.000Z</time>
      </trkpt>
      <trkpt lat="46.16144" lon="6.21985">
        <ele>794.25</ele>
        <time>2019-03-24T15:38:16.000Z</time>
      </trkpt>
      <trkpt lat="46.1615" lon="6.21998">
        <ele>793.18</ele>
        <time>2019-03-24T15:38:26.000Z</time>
      </trkpt>
      <trkpt lat="46.16155" lon="6.22014">
        <ele>792.93</ele>
        <time>2019-03-24T15:38:36.000Z</time>
      </trkpt>
      <trkpt lat="46.16156" lon="6.22028">
        <ele>793.75</ele>
        <time>2019-03-24T15:38:46.000Z</time>
      </trkpt>
      <trkpt lat="46.16164" lon="6.22042">
        <ele>791.51</ele>
        <time>2019-03-24T15:38:56.000Z</time>
      </trkpt>
      <trkpt lat="46.16168" lon="6.22055">
        <ele>790</ele>
        <time>2019-03-24T15:39:06.000Z</time>
      </trkpt>
      <trkpt lat="46.16174" lon="6.22068">
        <ele>786.77</ele>
        <time>2019-03-24T15:39:16.000Z</time>
      </trkpt>
      <trkpt lat="46.16181" lon="6.22084">
        <ele>781.02</ele>
        <time>2019-03-24T15:39:26.000Z</time>
      </trkpt>
      <trkpt lat="46.16189" lon="6.22098">
        <ele>773.9</ele>
        <time>2019-03-24T15:39:36.000Z</time>
      </trkpt>
      <trkpt lat="46.1619" lon="6.22102">
        <ele>773.08</ele>
        <time>2019-03-24T15:39:46.000Z</time>
      </trkpt>
      <trkpt lat="46.16189" lon="6.22104">
        <ele>770.06</ele>
        <time>2019-03-24T15:39:56.000Z</time>
      </trkpt>
      <trkpt lat="46.1619" lon="6.22106">
        <ele>769</ele>
        <time>2019-03-24T15:40:06.000Z</time>
      </trkpt>
      <trkpt lat="46.16188" lon="6.22107">
        <ele>770</ele>
        <time>2019-03-24T15:40:16.000Z</time>
      </trkpt>
      <trkpt lat="46.16187" lon="6.22106">
        <ele>770.81</ele>
        <time>2019-03-24T15:40:26.000Z</time>
      </trkpt>
      <trkpt lat="46.16193" lon="6.22105">
        <ele>773.98</ele>
        <time>2019-03-24T15:40:36.000Z</time>
      </trkpt>
      <trkpt lat="46.16202" lon="6.22108">
        <ele>778</ele>
        <time>2019-03-24T15:40:46.000Z</time>
      </trkpt>
      <trkpt lat="46.16211" lon="6.22103">
        <ele>778.27</ele>
        <time>2019-03-24T15:40:56.000Z</time>
      </trkpt>
      <trkpt lat="46.16219" lon="6.22104">
        <ele>782.99</ele>
        <time>2019-03-24T15:41:06.000Z</time>
      </trkpt>
      <trkpt lat="46.16229" lon="6.22104">
        <ele>785</ele>
        <time>2019-03-24T15:41:16.000Z</time>
      </trkpt>
      <trkpt lat="46.16237" lon="6.22103">
        <ele>785.94</ele>
        <time>2019-03-24T15:41:26.000Z</time>
      </trkpt>
      <trkpt lat="46.16246" lon="6.22103">
        <ele>788.67</ele>
        <time>2019-03-24T15:41:36.000Z</time>
      </trkpt>
      <trkpt lat="46.16254" lon="6.221">
        <ele>790</ele>
        <time>2019-03-24T15:41:46.000Z</time>
      </trkpt>
      <trkpt lat="46.16263" lon="6.22097">
        <ele>794.73</ele>
        <time>2019-03-24T15:41:56.000Z</time>
      </trkpt>
      <trkpt lat="46.16274" lon="6.22092">
        <ele>793</ele>
        <time>2019-03-24T15:42:06.000Z</time>
      </trkpt>
      <trkpt lat="46.16287" lon="6.22088">
        <ele>790.98</ele>
        <time>2019-03-24T15:42:16.000Z</time>
      </trkpt>
      <trkpt lat="46.16295" lon="6.22085">
        <ele>795.98</ele>
        <time>2019-03-24T15:42:26.000Z</time>
      </trkpt>
      <trkpt lat="46.16304" lon="6.2208">
        <ele>793.02</ele>
        <time>2019-03-24T15:42:36.000Z</time>
      </trkpt>
      <trkpt lat="46.16314" lon="6.22073">
        <ele>791.02</ele>
        <time>2019-03-24T15:42:46.000Z</time>
      </trkpt>
      <trkpt lat="46.16324" lon="6.22071">
        <ele>791.63</ele>
        <time>2019-03-24T15:42:56.000Z</time>
      </trkpt>
      <trkpt lat="46.16334" lon="6.2207">
        <ele>793.92</ele>
        <time>2019-03-24T15:43:06.000Z</time>
      </trkpt>
      <trkpt lat="46.1634" lon="6.22071">
        <ele>800.8</ele>
        <time>2019-03-24T15:43:16.000Z</time>
      </trkpt>
      <trkpt lat="46.16353" lon="6.2207">
        <ele>800.27</ele>
        <time>2019-03-24T15:43:26.000Z</time>
      </trkpt>
      <trkpt lat="46.16362" lon="6.22071">
        <ele>805.73</ele>
        <time>2019-03-24T15:43:36.000Z</time>
      </trkpt>
      <trkpt lat="46.16373" lon="6.22072">
        <ele>809</ele>
        <time>2019-03-24T15:43:46.000Z</time>
      </trkpt>
      <trkpt lat="46.16384" lon="6.22075">
        <ele>809.01</ele>
        <time>2019-03-24T15:43:56.000Z</time>
      </trkpt>
      <trkpt lat="46.16394" lon="6.22075">
        <ele>808.94</ele>
        <time>2019-03-24T15:44:06.000Z</time>
      </trkpt>
      <trkpt lat="46.16403" lon="6.22075">
        <ele>806.03</ele>
        <time>2019-03-24T15:44:16.000Z</time>
      </trkpt>
      <trkpt lat="46.16415" lon="6.22077">
        <ele>806.98</ele>
        <time>2019-03-24T15:44:26.000Z</time>
      </trkpt>
      <trkpt lat="46.16428" lon="6.22075">
        <ele>802.27</ele>
        <time>2019-03-24T15:44:36.000Z</time>
      </trkpt>
      <trkpt lat="46.16438" lon="6.22076">
        <ele>803.88</ele>
        <time>2019-03-24T15:44:46.000Z</time>
      </trkpt>
      <trkpt lat="46.16446" lon="6.22074">
        <ele>806.73</ele>
        <time>2019-03-24T15:44:56.000Z</time>
      </trkpt>
      <trkpt lat="46.1645" lon="6.22072">
        <ele>806</ele>
        <time>2019-03-24T15:45:06.000Z</time>
      </trkpt>
      <trkpt lat="46.16455" lon="6.22073">
        <ele>807</ele>
        <time>2019-03-24T15:45:16.000Z</time>
      </trkpt>
      <trkpt lat="46.16463" lon="6.22072">
        <ele>805</ele>
        <time>2019-03-24T15:45:26.000Z</time>
      </trkpt>
      <trkpt lat="46.16472" lon="6.22068">
        <ele>813.17</ele>
        <time>2019-03-24T15:45:36.000Z</time>
      </trkpt>
      <trkpt lat="46.16483" lon="6.22066">
        <ele>815.18</ele>
        <time>2019-03-24T15:45:46.000Z</time>
      </trkpt>
      <trkpt lat="46.16493" lon="6.22065">
        <ele>819.99</ele>
        <time>2019-03-24T15:45:56.000Z</time>
      </trkpt>
      <trkpt lat="46.16504" lon="6.22063">
        <ele>819.07</ele>
        <time>2019-03-24T15:46:06.000Z</time>
      </trkpt>
      <trkpt lat="46.16516" lon="6.22059">
        <ele>815.82</ele>
        <time>2019-03-24T15:46:16.000Z</time>
      </trkpt>
      <trkpt lat="46.16523" lon="6.22054">
        <ele>820.69</ele>
        <time>2019-03-24T15:46:26.000Z</time>
      </trkpt>
      <trkpt lat="46.16532" lon="6.2205">
        <ele>822.24</ele>
        <time>2019-03-24T15:46:36.000Z</time>
      </trkpt>
      <trkpt lat="46.16541" lon="6.22045">
        <ele>824.75</ele>
        <time>2019-03-24T15:46:46.000Z</time>
      </trkpt>
      <trkpt lat="46.16554" lon="6.22041">
        <ele>828</ele>
        <time>2019-03-24T15:46:56.000Z</time>
      </trkpt>
      <trkpt lat="46.16565" lon="6.22039">
        <ele>829.75</ele>
        <time>2019-03-24T15:47:06.000Z</time>
      </trkpt>
      <trkpt lat="46.16575" lon="6.22034">
        <ele>831.24</ele>
        <time>2019-03-24T15:47:16.000Z</time>
      </trkpt>
      <trkpt lat="46.16585" lon="6.22029">
        <ele>833.66</ele>
        <time>2019-03-24T15:47:26.000Z</time>
      </trkpt>
      <trkpt lat="46.16593" lon="6.22024">
        <ele>833.93</ele>
        <time>2019-03-24T15:47:36.000Z</time>
      </trkpt>
      <trkpt lat="46.16603" lon="6.22022">
        <ele>833.94</ele>
        <time>2019-03-24T15:47:46.000Z</time>
      </trkpt>
      <trkpt lat="46.16613" lon="6.2202">
        <ele>835.95</ele>
        <time>2019-03-24T15:47:56.000Z</time>
      </trkpt>
      <trkpt lat="46.16621" lon="6.22013">
        <ele>840</ele>
        <time>2019-03-24T15:48:06.000Z</time>
      </trkpt>
      <trkpt lat="46.16628" lon="6.22005">
        <ele>839.19</ele>
        <time>2019-03-24T15:48:16.000Z</time>
      </trkpt>
      <trkpt lat="46.16639" lon="6.21998">
        <ele>839.24</ele>
        <time>2019-03-24T15:48:26.000Z</time>
      </trkpt>
      <trkpt lat="46.16649" lon="6.21994">
        <ele>839.76</ele>
        <time>2019-03-24T15:48:36.000Z</time>
      </trkpt>
      <trkpt lat="46.16658" lon="6.21986">
        <ele>843.94</ele>
        <time>2019-03-24T15:48:46.000Z</time>
      </trkpt>
      <trkpt lat="46.16666" lon="6.21977">
        <ele>842.25</ele>
        <time>2019-03-24T15:48:56.000Z</time>
      </trkpt>
      <trkpt lat="46.16676" lon="6.21973">
        <ele>839</ele>
        <time>2019-03-24T15:49:06.000Z</time>
      </trkpt>
      <trkpt lat="46.16684" lon="6.21968">
        <ele>838.26</ele>
        <time>2019-03-24T15:49:16.000Z</time>
      </trkpt>
      <trkpt lat="46.16692" lon="6.21965">
        <ele>843</ele>
        <time>2019-03-24T15:49:26.000Z</time>
      </trkpt>
      <trkpt lat="46.167" lon="6.21957">
        <ele>847.05</ele>
        <time>2019-03-24T15:49:36.000Z</time>
      </trkpt>
      <trkpt lat="46.1671" lon="6.2195">
        <ele>849.7</ele>
        <time>2019-03-24T15:49:46.000Z</time>
      </trkpt>
      <trkpt lat="46.16721" lon="6.21942">
        <ele>848.19</ele>
        <time>2019-03-24T15:49:56.000Z</time>
      </trkpt>
      <trkpt lat="46.16731" lon="6.21935">
        <ele>849.79</ele>
        <time>2019-03-24T15:50:06.000Z</time>
      </trkpt>
      <trkpt lat="46.16744" lon="6.21934">
        <ele>849.26</ele>
        <time>2019-03-24T15:50:16.000Z</time>
      </trkpt>
      <trkpt lat="46.16753" lon="6.21931">
        <ele>848.02</ele>
        <time>2019-03-24T15:50:26.000Z</time>
      </trkpt>
      <trkpt lat="46.16764" lon="6.21927">
        <ele>847.31</ele>
        <time>2019-03-24T15:50:36.000Z</time>
      </trkpt>
      <trkpt lat="46.16773" lon="6.21923">
        <ele>848.75</ele>
        <time>2019-03-24T15:50:46.000Z</time>
      </trkpt>
      <trkpt lat="46.16783" lon="6.21917">
        <ele>847</ele>
        <time>2019-03-24T15:50:56.000Z</time>
      </trkpt>
      <trkpt lat="46.16792" lon="6.21911">
        <ele>849</ele>
        <time>2019-03-24T15:51:06.000Z</time>
      </trkpt>
      <trkpt lat="46.16801" lon="6.21906">
        <ele>853.73</ele>
        <time>2019-03-24T15:51:16.000Z</time>
      </trkpt>
      <trkpt lat="46.16809" lon="6.21901">
        <ele>853.98</ele>
        <time>2019-03-24T15:51:26.000Z</time>
      </trkpt>
      <trkpt lat="46.16816" lon="6.21895">
        <ele>854</ele>
        <time>2019-03-24T15:51:36.000Z</time>
      </trkpt>
      <trkpt lat="46.16824" lon="6.21883">
        <ele>851.31</ele>
        <time>2019-03-24T15:51:46.000Z</time>
      </trkpt>
      <trkpt lat="46.16829" lon="6.21871">
        <ele>853.19</ele>
        <time>2019-03-24T15:51:56.000Z</time>
      </trkpt>
      <trkpt lat="46.16835" lon="6.21857">
        <ele>857.93</ele>
        <time>2019-03-24T15:52:06.000Z</time>
      </trkpt>
      <trkpt lat="46.16838" lon="6.21842">
        <ele>860.75</ele>
        <time>2019-03-24T15:52:16.000Z</time>
      </trkpt>
      <trkpt lat="46.16838" lon="6.21839">
        <ele>859.98</ele>
        <time>2019-03-24T15:52:26.000Z</time>
      </trkpt>
      <trkpt lat="46.16839" lon="6.21848">
        <ele>862</ele>
        <time>2019-03-24T15:52:36.000Z</time>
      </trkpt>
      <trkpt lat="46.16838" lon="6.21858">
        <ele>863</ele>
        <time>2019-03-24T15:52:46.000Z</time>
      </trkpt>
      <trkpt lat="46.16836" lon="6.21857">
        <ele>861.01</ele>
        <time>2019-03-24T15:52:56.000Z</time>
      </trkpt>
      <trkpt lat="46.16839" lon="6.21852">
        <ele>862.25</ele>
        <time>2019-03-24T15:53:06.000Z</time>
      </trkpt>
      <trkpt lat="46.16839" lon="6.21839">
        <ele>862.25</ele>
        <time>2019-03-24T15:53:16.000Z</time>
      </trkpt>
      <trkpt lat="46.16834" lon="6.21825">
        <ele>862</ele>
        <time>2019-03-24T15:53:26.000Z</time>
      </trkpt>
      <trkpt lat="46.16828" lon="6.21812">
        <ele>861.8</ele>
        <time>2019-03-24T15:53:36.000Z</time>
      </trkpt>
      <trkpt lat="46.16822" lon="6.218">
        <ele>864.73</ele>
        <time>2019-03-24T15:53:46.000Z</time>
      </trkpt>
      <trkpt lat="46.16815" lon="6.2179">
        <ele>867.23</ele>
        <time>2019-03-24T15:53:56.000Z</time>
      </trkpt>
      <trkpt lat="46.16805" lon="6.21783">
        <ele>867.25</ele>
        <time>2019-03-24T15:54:06.000Z</time>
      </trkpt>
      <trkpt lat="46.16796" lon="6.21776">
        <ele>867.25</ele>
        <time>2019-03-24T15:54:16.000Z</time>
      </trkpt>
      <trkpt lat="46.16791" lon="6.21775">
        <ele>865</ele>
        <time>2019-03-24T15:54:26.000Z</time>
      </trkpt>
      <trkpt lat="46.16784" lon="6.21771">
        <ele>864</ele>
        <time>2019-03-24T15:54:36.000Z</time>
      </trkpt>
      <trkpt lat="46.16784" lon="6.2177">
        <ele>864</ele>
        <time>2019-03-24T15:54:47.000Z</time>
      </trkpt>
      <trkpt lat="46.16786" lon="6.21772">
        <ele>864.75</ele>
        <time>2019-03-24T15:54:57.000Z</time>
      </trkpt>
      <trkpt lat="46.16792" lon="6.21774">
        <ele>864.02</ele>
        <time>2019-03-24T15:55:07.000Z</time>
      </trkpt>
      <trkpt lat="46.16794" lon="6.21777">
        <ele>862</ele>
        <time>2019-03-24T15:55:17.000Z</time>
      </trkpt>
      <trkpt lat="46.16796" lon="6.21777">
        <ele>863.93</ele>
        <time>2019-03-24T15:55:30.000Z</time>
      </trkpt>
      <trkpt lat="46.16801" lon="6.2178">
        <ele>867</ele>
        <time>2019-03-24T15:55:40.000Z</time>
      </trkpt>
      <trkpt lat="46.16811" lon="6.21786">
        <ele>868.94</ele>
        <time>2019-03-24T15:55:50.000Z</time>
      </trkpt>
      <trkpt lat="46.16819" lon="6.21799">
        <ele>867</ele>
        <time>2019-03-24T15:56:00.000Z</time>
      </trkpt>
      <trkpt lat="46.16826" lon="6.21811">
        <ele>866</ele>
        <time>2019-03-24T15:56:10.000Z</time>
      </trkpt>
      <trkpt lat="46.16833" lon="6.21826">
        <ele>865</ele>
        <time>2019-03-24T15:56:20.000Z</time>
      </trkpt>
      <trkpt lat="46.16837" lon="6.21841">
        <ele>864.25</ele>
        <time>2019-03-24T15:56:30.000Z</time>
      </trkpt>
      <trkpt lat="46.16835" lon="6.21855">
        <ele>866</ele>
        <time>2019-03-24T15:56:40.000Z</time>
      </trkpt>
      <trkpt lat="46.1683" lon="6.21867">
        <ele>863.33</ele>
        <time>2019-03-24T15:56:50.000Z</time>
      </trkpt>
      <trkpt lat="46.16833" lon="6.21878">
        <ele>859.32</ele>
        <time>2019-03-24T15:57:00.000Z</time>
      </trkpt>
      <trkpt lat="46.16836" lon="6.21884">
        <ele>859</ele>
        <time>2019-03-24T15:57:10.000Z</time>
      </trkpt>
      <trkpt lat="46.16844" lon="6.21887">
        <ele>857.25</ele>
        <time>2019-03-24T15:57:20.000Z</time>
      </trkpt>
      <trkpt lat="46.16851" lon="6.219">
        <ele>854.77</ele>
        <time>2019-03-24T15:57:30.000Z</time>
      </trkpt>
      <trkpt lat="46.16857" lon="6.21913">
        <ele>853.02</ele>
        <time>2019-03-24T15:57:40.000Z</time>
      </trkpt>
      <trkpt lat="46.1686" lon="6.21925">
        <ele>850.02</ele>
        <time>2019-03-24T15:57:50.000Z</time>
      </trkpt>
      <trkpt lat="46.16865" lon="6.21938">
        <ele>848.3</ele>
        <time>2019-03-24T15:58:00.000Z</time>
      </trkpt>
      <trkpt lat="46.16869" lon="6.21949">
        <ele>844.32</ele>
        <time>2019-03-24T15:58:10.000Z</time>
      </trkpt>
      <trkpt lat="46.16875" lon="6.21963">
        <ele>844</ele>
        <time>2019-03-24T15:58:20.000Z</time>
      </trkpt>
      <trkpt lat="46.16872" lon="6.21972">
        <ele>841.02</ele>
        <time>2019-03-24T15:58:30.000Z</time>
      </trkpt>
      <trkpt lat="46.16873" lon="6.21976">
        <ele>837.02</ele>
        <time>2019-03-24T15:58:40.000Z</time>
      </trkpt>
      <trkpt lat="46.16869" lon="6.21986">
        <ele>837.74</ele>
        <time>2019-03-24T15:58:50.000Z</time>
      </trkpt>
      <trkpt lat="46.16869" lon="6.21993">
        <ele>840.06</ele>
        <time>2019-03-24T15:59:00.000Z</time>
      </trkpt>
      <trkpt lat="46.16876" lon="6.21999">
        <ele>834.02</ele>
        <time>2019-03-24T15:59:10.000Z</time>
      </trkpt>
      <trkpt lat="46.16881" lon="6.22005">
        <ele>832.02</ele>
        <time>2019-03-24T15:59:20.000Z</time>
      </trkpt>
      <trkpt lat="46.16884" lon="6.22012">
        <ele>827.27</ele>
        <time>2019-03-24T15:59:30.000Z</time>
      </trkpt>
      <trkpt lat="46.16887" lon="6.2202">
        <ele>826.95</ele>
        <time>2019-03-24T15:59:40.000Z</time>
      </trkpt>
      <trkpt lat="46.16889" lon="6.22029">
        <ele>827.98</ele>
        <time>2019-03-24T15:59:50.000Z</time>
      </trkpt>
      <trkpt lat="46.16897" lon="6.2204">
        <ele>821.32</ele>
        <time>2019-03-24T16:00:00.000Z</time>
      </trkpt>
      <trkpt lat="46.16898" lon="6.22043">
        <ele>819</ele>
        <time>2019-03-24T16:00:10.000Z</time>
      </trkpt>
      <trkpt lat="46.16898" lon="6.22045">
        <ele>818.25</ele>
        <time>2019-03-24T16:00:20.000Z</time>
      </trkpt>
      <trkpt lat="46.169" lon="6.22047">
        <ele>817.06</ele>
        <time>2019-03-24T16:00:30.000Z</time>
      </trkpt>
      <trkpt lat="46.16899" lon="6.2205">
        <ele>817.25</ele>
        <time>2019-03-24T16:00:40.000Z</time>
      </trkpt>
      <trkpt lat="46.16898" lon="6.2206">
        <ele>823.91</ele>
        <time>2019-03-24T16:00:50.000Z</time>
      </trkpt>
      <trkpt lat="46.16899" lon="6.2207">
        <ele>823.25</ele>
        <time>2019-03-24T16:01:00.000Z</time>
      </trkpt>
      <trkpt lat="46.169" lon="6.2207">
        <ele>822.25</ele>
        <time>2019-03-24T16:01:13.000Z</time>
      </trkpt>
      <trkpt lat="46.16909" lon="6.22073">
        <ele>817.25</ele>
        <time>2019-03-24T16:01:23.000Z</time>
      </trkpt>
      <trkpt lat="46.16917" lon="6.2207">
        <ele>815.23</ele>
        <time>2019-03-24T16:01:33.000Z</time>
      </trkpt>
      <trkpt lat="46.16923" lon="6.22061">
        <ele>815.74</ele>
        <time>2019-03-24T16:01:43.000Z</time>
      </trkpt>
      <trkpt lat="46.16932" lon="6.22047">
        <ele>813.05</ele>
        <time>2019-03-24T16:01:53.000Z</time>
      </trkpt>
      <trkpt lat="46.16941" lon="6.22035">
        <ele>809.25</ele>
        <time>2019-03-24T16:02:03.000Z</time>
      </trkpt>
      <trkpt lat="46.16949" lon="6.22038">
        <ele>807.75</ele>
        <time>2019-03-24T16:02:13.000Z</time>
      </trkpt>
      <trkpt lat="46.16959" lon="6.22048">
        <ele>805.02</ele>
        <time>2019-03-24T16:02:23.000Z</time>
      </trkpt>
      <trkpt lat="46.16963" lon="6.22058">
        <ele>807.7</ele>
        <time>2019-03-24T16:02:33.000Z</time>
      </trkpt>
      <trkpt lat="46.16969" lon="6.22071">
        <ele>808.98</ele>
        <time>2019-03-24T16:02:43.000Z</time>
      </trkpt>
      <trkpt lat="46.1697" lon="6.22086">
        <ele>809.98</ele>
        <time>2019-03-24T16:02:53.000Z</time>
      </trkpt>
      <trkpt lat="46.16976" lon="6.22098">
        <ele>799.02</ele>
        <time>2019-03-24T16:03:03.000Z</time>
      </trkpt>
      <trkpt lat="46.16982" lon="6.22105">
        <ele>795</ele>
        <time>2019-03-24T16:03:13.000Z</time>
      </trkpt>
      <trkpt lat="46.16984" lon="6.22102">
        <ele>794.25</ele>
        <time>2019-03-24T16:03:23.000Z</time>
      </trkpt>
      <trkpt lat="46.16991" lon="6.221">
        <ele>795</ele>
        <time>2019-03-24T16:03:33.000Z</time>
      </trkpt>
      <trkpt lat="46.16999" lon="6.22096">
        <ele>790.08</ele>
        <time>2019-03-24T16:03:43.000Z</time>
      </trkpt>
      <trkpt lat="46.17007" lon="6.22088">
        <ele>788</ele>
        <time>2019-03-24T16:03:53.000Z</time>
      </trkpt>
      <trkpt lat="46.17013" lon="6.2209">
        <ele>787</ele>
        <time>2019-03-24T16:04:03.000Z</time>
      </trkpt>
      <trkpt lat="46.17022" lon="6.22097">
        <ele>787.19</ele>
        <time>2019-03-24T16:04:13.000Z</time>
      </trkpt>
      <trkpt lat="46.17028" lon="6.2211">
        <ele>785.48</ele>
        <time>2019-03-24T16:04:23.000Z</time>
      </trkpt>
      <trkpt lat="46.17036" lon="6.22118">
        <ele>779.96</ele>
        <time>2019-03-24T16:04:33.000Z</time>
      </trkpt>
      <trkpt lat="46.17044" lon="6.22126">
        <ele>782</ele>
        <time>2019-03-24T16:04:43.000Z</time>
      </trkpt>
      <trkpt lat="46.17048" lon="6.22138">
        <ele>779.81</ele>
        <time>2019-03-24T16:04:53.000Z</time>
      </trkpt>
      <trkpt lat="46.17055" lon="6.22149">
        <ele>781.92</ele>
        <time>2019-03-24T16:05:03.000Z</time>
      </trkpt>
      <trkpt lat="46.1706" lon="6.22162">
        <ele>782.02</ele>
        <time>2019-03-24T16:05:13.000Z</time>
      </trkpt>
      <trkpt lat="46.1706" lon="6.22176">
        <ele>778.19</ele>
        <time>2019-03-24T16:05:23.000Z</time>
      </trkpt>
      <trkpt lat="46.17061" lon="6.2219">
        <ele>774.25</ele>
        <time>2019-03-24T16:05:33.000Z</time>
      </trkpt>
      <trkpt lat="46.17067" lon="6.22197">
        <ele>770.75</ele>
        <time>2019-03-24T16:05:43.000Z</time>
      </trkpt>
      <trkpt lat="46.17072" lon="6.22213">
        <ele>770.21</ele>
        <time>2019-03-24T16:05:53.000Z</time>
      </trkpt>
      <trkpt lat="46.17076" lon="6.22229">
        <ele>771.18</ele>
        <time>2019-03-24T16:06:03.000Z</time>
      </trkpt>
      <trkpt lat="46.17087" lon="6.22242">
        <ele>772.77</ele>
        <time>2019-03-24T16:06:13.000Z</time>
      </trkpt>
      <trkpt lat="46.17091" lon="6.2226">
        <ele>770.38</ele>
        <time>2019-03-24T16:06:23.000Z</time>
      </trkpt>
      <trkpt lat="46.17094" lon="6.22276">
        <ele>771.94</ele>
        <time>2019-03-24T16:06:33.000Z</time>
      </trkpt>
      <trkpt lat="46.17095" lon="6.22292">
        <ele>771</ele>
        <time>2019-03-24T16:06:43.000Z</time>
      </trkpt>
      <trkpt lat="46.17097" lon="6.22309">
        <ele>763.9</ele>
        <time>2019-03-24T16:06:53.000Z</time>
      </trkpt>
      <trkpt lat="46.17103" lon="6.22319">
        <ele>761.23</ele>
        <time>2019-03-24T16:07:03.000Z</time>
      </trkpt>
      <trkpt lat="46.1711" lon="6.22329">
        <ele>759.25</ele>
        <time>2019-03-24T16:07:13.000Z</time>
      </trkpt>
      <trkpt lat="46.17116" lon="6.22341">
        <ele>760.75</ele>
        <time>2019-03-24T16:07:23.000Z</time>
      </trkpt>
      <trkpt lat="46.17123" lon="6.22353">
        <ele>755.05</ele>
        <time>2019-03-24T16:07:33.000Z</time>
      </trkpt>
      <trkpt lat="46.17123" lon="6.22356">
        <ele>753.25</ele>
        <time>2019-03-24T16:07:43.000Z</time>
      </trkpt>
      <trkpt lat="46.17124" lon="6.22359">
        <ele>752</ele>
        <time>2019-03-24T16:07:53.000Z</time>
      </trkpt>
      <trkpt lat="46.17125" lon="6.2236">
        <ele>750.5</ele>
        <time>2019-03-24T16:08:29.000Z</time>
      </trkpt>
      <trkpt lat="46.1713" lon="6.22365">
        <ele>756.84</ele>
        <time>2019-03-24T16:08:39.000Z</time>
      </trkpt>
      <trkpt lat="46.17134" lon="6.22381">
        <ele>756.99</ele>
        <time>2019-03-24T16:08:49.000Z</time>
      </trkpt>
      <trkpt lat="46.17134" lon="6.22392">
        <ele>759.75</ele>
        <time>2019-03-24T16:08:59.000Z</time>
      </trkpt>
      <trkpt lat="46.17137" lon="6.22405">
        <ele>758.31</ele>
        <time>2019-03-24T16:09:09.000Z</time>
      </trkpt>
      <trkpt lat="46.17141" lon="6.22418">
        <ele>758.94</ele>
        <time>2019-03-24T16:09:19.000Z</time>
      </trkpt>
      <trkpt lat="46.17146" lon="6.22427">
        <ele>757.94</ele>
        <time>2019-03-24T16:09:29.000Z</time>
      </trkpt>
      <trkpt lat="46.17151" lon="6.22437">
        <ele>753.23</ele>
        <time>2019-03-24T16:09:39.000Z</time>
      </trkpt>
      <trkpt lat="46.17156" lon="6.22446">
        <ele>753.73</ele>
        <time>2019-03-24T16:09:49.000Z</time>
      </trkpt>
      <trkpt lat="46.17164" lon="6.22455">
        <ele>753.75</ele>
        <time>2019-03-24T16:09:59.000Z</time>
      </trkpt>
      <trkpt lat="46.17173" lon="6.22463">
        <ele>750.58</ele>
        <time>2019-03-24T16:10:09.000Z</time>
      </trkpt>
      <trkpt lat="46.1718" lon="6.22474">
        <ele>747.02</ele>
        <time>2019-03-24T16:10:19.000Z</time>
      </trkpt>
      <trkpt lat="46.17187" lon="6.22482">
        <ele>743.77</ele>
        <time>2019-03-24T16:10:29.000Z</time>
      </trkpt>
      <trkpt lat="46.17195" lon="6.22491">
        <ele>742.83</ele>
        <time>2019-03-24T16:10:39.000Z</time>
      </trkpt>
      <trkpt lat="46.17201" lon="6.22503">
        <ele>743</ele>
        <time>2019-03-24T16:10:49.000Z</time>
      </trkpt>
      <trkpt lat="46.17206" lon="6.22516">
        <ele>741.25</ele>
        <time>2019-03-24T16:10:59.000Z</time>
      </trkpt>
      <trkpt lat="46.17209" lon="6.2253">
        <ele>737.94</ele>
        <time>2019-03-24T16:11:09.000Z</time>
      </trkpt>
      <trkpt lat="46.17213" lon="6.22546">
        <ele>736.82</ele>
        <time>2019-03-24T16:11:19.000Z</time>
      </trkpt>
      <trkpt lat="46.17217" lon="6.22566">
        <ele>737.44</ele>
        <time>2019-03-24T16:11:29.000Z</time>
      </trkpt>
      <trkpt lat="46.17213" lon="6.22583">
        <ele>735.02</ele>
        <time>2019-03-24T16:11:39.000Z</time>
      </trkpt>
      <trkpt lat="46.17208" lon="6.22596">
        <ele>736</ele>
        <time>2019-03-24T16:11:49.000Z</time>
      </trkpt>
      <trkpt lat="46.17207" lon="6.22607">
        <ele>734.99</ele>
        <time>2019-03-24T16:11:59.000Z</time>
      </trkpt>
      <trkpt lat="46.17204" lon="6.22622">
        <ele>733.74</ele>
        <time>2019-03-24T16:12:09.000Z</time>
      </trkpt>
      <trkpt lat="46.17198" lon="6.22628">
        <ele>728.25</ele>
        <time>2019-03-24T16:12:19.000Z</time>
      </trkpt>
      <trkpt lat="46.17194" lon="6.22635">
        <ele>724.21</ele>
        <time>2019-03-24T16:12:29.000Z</time>
      </trkpt>
      <trkpt lat="46.17191" lon="6.22638">
        <ele>718.27</ele>
        <time>2019-03-24T16:12:39.000Z</time>
      </trkpt>
      <trkpt lat="46.1719" lon="6.2264">
        <ele>717</ele>
        <time>2019-03-24T16:12:49.000Z</time>
      </trkpt>
      <trkpt lat="46.17192" lon="6.22642">
        <ele>716.25</ele>
        <time>2019-03-24T16:13:07.000Z</time>
      </trkpt>
      <trkpt lat="46.17193" lon="6.22644">
        <ele>714.06</ele>
        <time>2019-03-24T16:13:17.000Z</time>
      </trkpt>
      <trkpt lat="46.17191" lon="6.22657">
        <ele>707.94</ele>
        <time>2019-03-24T16:13:27.000Z</time>
      </trkpt>
      <trkpt lat="46.1719" lon="6.2265">
        <ele>705.02</ele>
        <time>2019-03-24T16:13:37.000Z</time>
      </trkpt>
      <trkpt lat="46.17192" lon="6.22651">
        <ele>705.3</ele>
        <time>2019-03-24T16:13:47.000Z</time>
      </trkpt>
      <trkpt lat="46.17197" lon="6.22663">
        <ele>707</ele>
        <time>2019-03-24T16:13:57.000Z</time>
      </trkpt>
      <trkpt lat="46.17202" lon="6.2267">
        <ele>709</ele>
        <time>2019-03-24T16:14:07.000Z</time>
      </trkpt>
      <trkpt lat="46.17209" lon="6.22676">
        <ele>702.19</ele>
        <time>2019-03-24T16:14:17.000Z</time>
      </trkpt>
      <trkpt lat="46.17215" lon="6.22688">
        <ele>703.69</ele>
        <time>2019-03-24T16:14:27.000Z</time>
      </trkpt>
      <trkpt lat="46.17217" lon="6.22694">
        <ele>703</ele>
        <time>2019-03-24T16:14:37.000Z</time>
      </trkpt>
      <trkpt lat="46.17221" lon="6.22706">
        <ele>693.32</ele>
        <time>2019-03-24T16:14:47.000Z</time>
      </trkpt>
      <trkpt lat="46.17233" lon="6.22721">
        <ele>694</ele>
        <time>2019-03-24T16:14:57.000Z</time>
      </trkpt>
      <trkpt lat="46.17246" lon="6.22726">
        <ele>693.82</ele>
        <time>2019-03-24T16:15:07.000Z</time>
      </trkpt>
      <trkpt lat="46.17257" lon="6.22727">
        <ele>693.06</ele>
        <time>2019-03-24T16:15:17.000Z</time>
      </trkpt>
      <trkpt lat="46.17271" lon="6.2273">
        <ele>688.31</ele>
        <time>2019-03-24T16:15:27.000Z</time>
      </trkpt>
      <trkpt lat="46.17277" lon="6.22735">
        <ele>688</ele>
        <time>2019-03-24T16:15:37.000Z</time>
      </trkpt>
      <trkpt lat="46.17282" lon="6.22744">
        <ele>687.94</ele>
        <time>2019-03-24T16:15:47.000Z</time>
      </trkpt>
      <trkpt lat="46.17291" lon="6.22758">
        <ele>689.02</ele>
        <time>2019-03-24T16:15:57.000Z</time>
      </trkpt>
      <trkpt lat="46.17307" lon="6.22766">
        <ele>682.24</ele>
        <time>2019-03-24T16:16:07.000Z</time>
      </trkpt>
      <trkpt lat="46.17317" lon="6.22781">
        <ele>679.21</ele>
        <time>2019-03-24T16:16:17.000Z</time>
      </trkpt>
      <trkpt lat="46.17323" lon="6.22798">
        <ele>678.84</ele>
        <time>2019-03-24T16:16:27.000Z</time>
      </trkpt>
      <trkpt lat="46.17332" lon="6.22804">
        <ele>676.25</ele>
        <time>2019-03-24T16:16:37.000Z</time>
      </trkpt>
      <trkpt lat="46.17345" lon="6.22812">
        <ele>671.56</ele>
        <time>2019-03-24T16:16:47.000Z</time>
      </trkpt>
      <trkpt lat="46.17347" lon="6.22823">
        <ele>667.99</ele>
        <time>2019-03-24T16:16:57.000Z</time>
      </trkpt>
      <trkpt lat="46.17355" lon="6.22832">
        <ele>668.73</ele>
        <time>2019-03-24T16:17:07.000Z</time>
      </trkpt>
      <trkpt lat="46.17368" lon="6.22841">
        <ele>673.01</ele>
        <time>2019-03-24T16:17:17.000Z</time>
      </trkpt>
      <trkpt lat="46.17379" lon="6.22846">
        <ele>666.28</ele>
        <time>2019-03-24T16:17:27.000Z</time>
      </trkpt>
      <trkpt lat="46.17392" lon="6.22854">
        <ele>666.06</ele>
        <time>2019-03-24T16:17:37.000Z</time>
      </trkpt>
      <trkpt lat="46.17404" lon="6.2286">
        <ele>665.66</ele>
        <time>2019-03-24T16:17:47.000Z</time>
      </trkpt>
      <trkpt lat="46.1741" lon="6.22863">
        <ele>666</ele>
        <time>2019-03-24T16:17:57.000Z</time>
      </trkpt>
      <trkpt lat="46.17405" lon="6.22862">
        <ele>670.53</ele>
        <time>2019-03-24T16:18:07.000Z</time>
      </trkpt>
      <trkpt lat="46.17402" lon="6.22864">
        <ele>670</ele>
        <time>2019-03-24T16:18:17.000Z</time>
      </trkpt>
      <trkpt lat="46.17405" lon="6.22865">
        <ele>671.26</ele>
        <time>2019-03-24T16:18:27.000Z</time>
      </trkpt>
      <trkpt lat="46.17414" lon="6.22868">
        <ele>667</ele>
        <time>2019-03-24T16:18:37.000Z</time>
      </trkpt>
      <trkpt lat="46.17419" lon="6.2288">
        <ele>665.24</ele>
        <time>2019-03-24T16:18:47.000Z</time>
      </trkpt>
      <trkpt lat="46.17423" lon="6.22895">
        <ele>661.57</ele>
        <time>2019-03-24T16:18:57.000Z</time>
      </trkpt>
      <trkpt lat="46.17419" lon="6.22918">
        <ele>662</ele>
        <time>2019-03-24T16:19:07.000Z</time>
      </trkpt>
      <trkpt lat="46.17423" lon="6.22922">
        <ele>663.31</ele>
        <time>2019-03-24T16:19:17.000Z</time>
      </trkpt>
      <trkpt lat="46.1743" lon="6.22909">
        <ele>662.99</ele>
        <time>2019-03-24T16:19:27.000Z</time>
      </trkpt>
      <trkpt lat="46.17439" lon="6.22916">
        <ele>662.05</ele>
        <time>2019-03-24T16:19:37.000Z</time>
      </trkpt>
      <trkpt lat="46.17442" lon="6.2293">
        <ele>659.3</ele>
        <time>2019-03-24T16:19:47.000Z</time>
      </trkpt>
      <trkpt lat="46.1745" lon="6.2294">
        <ele>655.25</ele>
        <time>2019-03-24T16:19:57.000Z</time>
      </trkpt>
      <trkpt lat="46.17463" lon="6.22944">
        <ele>652.53</ele>
        <time>2019-03-24T16:20:07.000Z</time>
      </trkpt>
      <trkpt lat="46.17471" lon="6.22959">
        <ele>648.19</ele>
        <time>2019-03-24T16:20:17.000Z</time>
      </trkpt>
      <trkpt lat="46.17483" lon="6.22962">
        <ele>648.92</ele>
        <time>2019-03-24T16:20:27.000Z</time>
      </trkpt>
      <trkpt lat="46.17491" lon="6.22973">
        <ele>646.28</ele>
        <time>2019-03-24T16:20:37.000Z</time>
      </trkpt>
      <trkpt lat="46.17491" lon="6.22986">
        <ele>643</ele>
        <time>2019-03-24T16:20:47.000Z</time>
      </trkpt>
      <trkpt lat="46.17494" lon="6.23006">
        <ele>642.31</ele>
        <time>2019-03-24T16:20:57.000Z</time>
      </trkpt>
      <trkpt lat="46.17502" lon="6.2302">
        <ele>639.05</ele>
        <time>2019-03-24T16:21:07.000Z</time>
      </trkpt>
      <trkpt lat="46.17513" lon="6.23029">
        <ele>637.44</ele>
        <time>2019-03-24T16:21:17.000Z</time>
      </trkpt>
      <trkpt lat="46.17519" lon="6.2304">
        <ele>633.75</ele>
        <time>2019-03-24T16:21:27.000Z</time>
      </trkpt>
      <trkpt lat="46.17525" lon="6.23056">
        <ele>631.68</ele>
        <time>2019-03-24T16:21:37.000Z</time>
      </trkpt>
      <trkpt lat="46.17531" lon="6.23062">
        <ele>631.25</ele>
        <time>2019-03-24T16:21:47.000Z</time>
      </trkpt>
      <trkpt lat="46.17533" lon="6.23061">
        <ele>630.94</ele>
        <time>2019-03-24T16:21:57.000Z</time>
      </trkpt>
      <trkpt lat="46.17534" lon="6.23051">
        <ele>631.01</ele>
        <time>2019-03-24T16:22:07.000Z</time>
      </trkpt>
      <trkpt lat="46.17538" lon="6.23036">
        <ele>629.95</ele>
        <time>2019-03-24T16:22:17.000Z</time>
      </trkpt>
      <trkpt lat="46.17545" lon="6.23027">
        <ele>627</ele>
        <time>2019-03-24T16:22:27.000Z</time>
      </trkpt>
      <trkpt lat="46.1755" lon="6.23016">
        <ele>623</ele>
        <time>2019-03-24T16:22:37.000Z</time>
      </trkpt>
      <trkpt lat="46.17557" lon="6.2301">
        <ele>621.31</ele>
        <time>2019-03-24T16:22:47.000Z</time>
      </trkpt>
      <trkpt lat="46.17563" lon="6.23001">
        <ele>625.24</ele>
        <time>2019-03-24T16:22:57.000Z</time>
      </trkpt>
      <trkpt lat="46.17564" lon="6.22995">
        <ele>623.06</ele>
        <time>2019-03-24T16:23:07.000Z</time>
      </trkpt>
      <trkpt lat="46.17563" lon="6.22994">
        <ele>623</ele>
        <time>2019-03-24T16:23:18.000Z</time>
      </trkpt>
      <trkpt lat="46.17562" lon="6.22993">
        <ele>625</ele>
        <time>2019-03-24T16:23:38.000Z</time>
      </trkpt>
      <trkpt lat="46.17561" lon="6.22993">
        <ele>624.19</ele>
        <time>2019-03-24T16:23:48.000Z</time>
      </trkpt>
      <trkpt lat="46.17562" lon="6.2299">
        <ele>622.75</ele>
        <time>2019-03-24T16:23:58.000Z</time>
      </trkpt>
      <trkpt lat="46.17562" lon="6.22988">
        <ele>625.15</ele>
        <time>2019-03-24T16:24:08.000Z</time>
      </trkpt>
      <trkpt lat="46.17561" lon="6.22991">
        <ele>622.81</ele>
        <time>2019-03-24T16:24:18.000Z</time>
      </trkpt>
      <trkpt lat="46.17561" lon="6.22992">
        <ele>623</ele>
        <time>2019-03-24T16:24:28.000Z</time>
      </trkpt>
      <trkpt lat="46.17557" lon="6.23004">
        <ele>621.2</ele>
        <time>2019-03-24T16:24:38.000Z</time>
      </trkpt>
      <trkpt lat="46.17558" lon="6.23008">
        <ele>619</ele>
        <time>2019-03-24T16:24:48.000Z</time>
      </trkpt>
      <trkpt lat="46.17561" lon="6.23011">
        <ele>619.98</ele>
        <time>2019-03-24T16:24:58.000Z</time>
      </trkpt>
      <trkpt lat="46.17562" lon="6.23026">
        <ele>615.33</ele>
        <time>2019-03-24T16:25:08.000Z</time>
      </trkpt>
      <trkpt lat="46.1757" lon="6.23038">
        <ele>616.74</ele>
        <time>2019-03-24T16:25:18.000Z</time>
      </trkpt>
      <trkpt lat="46.1757" lon="6.23055">
        <ele>619.8</ele>
        <time>2019-03-24T16:25:28.000Z</time>
      </trkpt>
      <trkpt lat="46.17565" lon="6.23069">
        <ele>620.01</ele>
        <time>2019-03-24T16:25:38.000Z</time>
      </trkpt>
      <trkpt lat="46.17561" lon="6.23087">
        <ele>621.96</ele>
        <time>2019-03-24T16:25:48.000Z</time>
      </trkpt>
      <trkpt lat="46.17556" lon="6.23095">
        <ele>624</ele>
        <time>2019-03-24T16:25:58.000Z</time>
      </trkpt>
      <trkpt lat="46.17553" lon="6.23102">
        <ele>628</ele>
        <time>2019-03-24T16:26:08.000Z</time>
      </trkpt>
      <trkpt lat="46.17554" lon="6.23101">
        <ele>628</ele>
        <time>2019-03-24T16:26:18.000Z</time>
      </trkpt>
      <trkpt lat="46.17549" lon="6.2309">
        <ele>632.69</ele>
        <time>2019-03-24T16:26:28.000Z</time>
      </trkpt>
      <trkpt lat="46.17542" lon="6.23081">
        <ele>634.79</ele>
        <time>2019-03-24T16:26:38.000Z</time>
      </trkpt>
      <trkpt lat="46.17534" lon="6.2307">
        <ele>635.07</ele>
        <time>2019-03-24T16:26:48.000Z</time>
      </trkpt>
      <trkpt lat="46.17529" lon="6.23064">
        <ele>638.68</ele>
        <time>2019-03-24T16:26:58.000Z</time>
      </trkpt>
      <trkpt lat="46.17519" lon="6.23066">
        <ele>638.06</ele>
        <time>2019-03-24T16:27:08.000Z</time>
      </trkpt>
      <trkpt lat="46.17507" lon="6.23073">
        <ele>637.98</ele>
        <time>2019-03-24T16:27:18.000Z</time>
      </trkpt>
      <trkpt lat="46.17498" lon="6.23074">
        <ele>637</ele>
        <time>2019-03-24T16:27:28.000Z</time>
      </trkpt>
      <trkpt lat="46.17489" lon="6.2308">
        <ele>639.23</ele>
        <time>2019-03-24T16:27:38.000Z</time>
      </trkpt>
      <trkpt lat="46.17475" lon="6.23089">
        <ele>637.25</ele>
        <time>2019-03-24T16:27:48.000Z</time>
      </trkpt>
      <trkpt lat="46.17469" lon="6.23105">
        <ele>635</ele>
        <time>2019-03-24T16:27:58.000Z</time>
      </trkpt>
      <trkpt lat="46.17466" lon="6.23118">
        <ele>634.21</ele>
        <time>2019-03-24T16:28:08.000Z</time>
      </trkpt>
      <trkpt lat="46.17458" lon="6.23138">
        <ele>634.98</ele>
        <time>2019-03-24T16:28:18.000Z</time>
      </trkpt>
      <trkpt lat="46.17447" lon="6.23155">
        <ele>631</ele>
        <time>2019-03-24T16:28:28.000Z</time>
      </trkpt>
      <trkpt lat="46.17451" lon="6.23165">
        <ele>633.98</ele>
        <time>2019-03-24T16:28:38.000Z</time>
      </trkpt>
      <trkpt lat="46.17456" lon="6.23151">
        <ele>631.26</ele>
        <time>2019-03-24T16:28:48.000Z</time>
      </trkpt>
      <trkpt lat="46.17462" lon="6.23134">
        <ele>628.76</ele>
        <time>2019-03-24T16:28:58.000Z</time>
      </trkpt>
      <trkpt lat="46.17468" lon="6.23117">
        <ele>631.75</ele>
        <time>2019-03-24T16:29:08.000Z</time>
      </trkpt>
      <trkpt lat="46.17472" lon="6.23102">
        <ele>635.05</ele>
        <time>2019-03-24T16:29:18.000Z</time>
      </trkpt>
      <trkpt lat="46.17478" lon="6.23092">
        <ele>635.02</ele>
        <time>2019-03-24T16:29:28.000Z</time>
      </trkpt>
      <trkpt lat="46.17487" lon="6.23084">
        <ele>635.97</ele>
        <time>2019-03-24T16:29:38.000Z</time>
      </trkpt>
      <trkpt lat="46.17493" lon="6.23079">
        <ele>635.24</ele>
        <time>2019-03-24T16:29:48.000Z</time>
      </trkpt>
      <trkpt lat="46.17503" lon="6.23076">
        <ele>634.51</ele>
        <time>2019-03-24T16:29:58.000Z</time>
      </trkpt>
      <trkpt lat="46.17504" lon="6.23075">
        <ele>637.94</ele>
        <time>2019-03-24T16:30:08.000Z</time>
      </trkpt>
      <trkpt lat="46.17503" lon="6.23076">
        <ele>640.25</ele>
        <time>2019-03-24T16:30:55.000Z</time>
      </trkpt>
      <trkpt lat="46.17492" lon="6.23075">
        <ele>642.08</ele>
        <time>2019-03-24T16:31:05.000Z</time>
      </trkpt>
      <trkpt lat="46.17486" lon="6.23063">
        <ele>641.38</ele>
        <time>2019-03-24T16:31:15.000Z</time>
      </trkpt>
      <trkpt lat="46.17477" lon="6.23055">
        <ele>643</ele>
        <time>2019-03-24T16:31:25.000Z</time>
      </trkpt>
      <trkpt lat="46.17471" lon="6.23051">
        <ele>642.08</ele>
        <time>2019-03-24T16:31:35.000Z</time>
      </trkpt>
      <trkpt lat="46.1746" lon="6.23049">
        <ele>641.76</ele>
        <time>2019-03-24T16:31:45.000Z</time>
      </trkpt>
      <trkpt lat="46.17469" lon="6.23049">
        <ele>643.97</ele>
        <time>2019-03-24T16:31:55.000Z</time>
      </trkpt>
      <trkpt lat="46.17479" lon="6.23056">
        <ele>642.05</ele>
        <time>2019-03-24T16:32:05.000Z</time>
      </trkpt>
      <trkpt lat="46.17483" lon="6.2307">
        <ele>640.06</ele>
        <time>2019-03-24T16:32:15.000Z</time>
      </trkpt>
      <trkpt lat="46.17499" lon="6.23071">
        <ele>638.01</ele>
        <time>2019-03-24T16:32:25.000Z</time>
      </trkpt>
      <trkpt lat="46.17512" lon="6.23065">
        <ele>636.06</ele>
        <time>2019-03-24T16:32:35.000Z</time>
      </trkpt>
      <trkpt lat="46.17516" lon="6.23054">
        <ele>634.25</ele>
        <time>2019-03-24T16:32:45.000Z</time>
      </trkpt>
      <trkpt lat="46.17512" lon="6.23043">
        <ele>638</ele>
        <time>2019-03-24T16:32:55.000Z</time>
      </trkpt>
      <trkpt lat="46.17506" lon="6.23031">
        <ele>641.72</ele>
        <time>2019-03-24T16:33:05.000Z</time>
      </trkpt>
      <trkpt lat="46.175" lon="6.23019">
        <ele>642</ele>
        <time>2019-03-24T16:33:15.000Z</time>
      </trkpt>
      <trkpt lat="46.175" lon="6.23006">
        <ele>643.25</ele>
        <time>2019-03-24T16:33:25.000Z</time>
      </trkpt>
      <trkpt lat="46.17499" lon="6.22992">
        <ele>640.02</ele>
        <time>2019-03-24T16:33:35.000Z</time>
      </trkpt>
      <trkpt lat="46.17497" lon="6.2298">
        <ele>641.92</ele>
        <time>2019-03-24T16:33:45.000Z</time>
      </trkpt>
      <trkpt lat="46.17498" lon="6.2299">
        <ele>643.77</ele>
        <time>2019-03-24T16:33:55.000Z</time>
      </trkpt>
      <trkpt lat="46.17498" lon="6.23002">
        <ele>644</ele>
        <time>2019-03-24T16:34:05.000Z</time>
      </trkpt>
      <trkpt lat="46.17499" lon="6.23015">
        <ele>642.06</ele>
        <time>2019-03-24T16:34:15.000Z</time>
      </trkpt>
      <trkpt lat="46.17505" lon="6.23026">
        <ele>642.06</ele>
        <time>2019-03-24T16:34:25.000Z</time>
      </trkpt>
      <trkpt lat="46.17513" lon="6.23044">
        <ele>635.06</ele>
        <time>2019-03-24T16:34:35.000Z</time>
      </trkpt>
      <trkpt lat="46.17524" lon="6.23049">
        <ele>633.29</ele>
        <time>2019-03-24T16:34:45.000Z</time>
      </trkpt>
      <trkpt lat="46.17534" lon="6.23036">
        <ele>631.25</ele>
        <time>2019-03-24T16:34:55.000Z</time>
      </trkpt>
      <trkpt lat="46.17541" lon="6.23029">
        <ele>624.38</ele>
        <time>2019-03-24T16:35:05.000Z</time>
      </trkpt>
      <trkpt lat="46.17549" lon="6.23022">
        <ele>620.81</ele>
        <time>2019-03-24T16:35:15.000Z</time>
      </trkpt>
      <trkpt lat="46.17555" lon="6.23016">
        <ele>622</ele>
        <time>2019-03-24T16:35:25.000Z</time>
      </trkpt>
      <trkpt lat="46.17563" lon="6.23019">
        <ele>625.81</ele>
        <time>2019-03-24T16:35:35.000Z</time>
      </trkpt>
      <trkpt lat="46.17568" lon="6.23035">
        <ele>621.07</ele>
        <time>2019-03-24T16:35:45.000Z</time>
      </trkpt>
      <trkpt lat="46.17575" lon="6.23048">
        <ele>625.75</ele>
        <time>2019-03-24T16:35:55.000Z</time>
      </trkpt>
      <trkpt lat="46.17577" lon="6.2305">
        <ele>626.25</ele>
        <time>2019-03-24T16:36:05.000Z</time>
      </trkpt>
      <trkpt lat="46.17578" lon="6.23053">
        <ele>625.05</ele>
        <time>2019-03-24T16:36:15.000Z</time>
      </trkpt>
      <trkpt lat="46.17575" lon="6.23059">
        <ele>627</ele>
        <time>2019-03-24T16:36:25.000Z</time>
      </trkpt>
      <trkpt lat="46.17575" lon="6.23061">
        <ele>628</ele>
        <time>2019-03-24T16:36:35.000Z</time>
      </trkpt>
      <trkpt lat="46.17582" lon="6.23048">
        <ele>621.33</ele>
        <time>2019-03-24T16:36:45.000Z</time>
      </trkpt>
      <trkpt lat="46.1759" lon="6.23043">
        <ele>621</ele>
        <time>2019-03-24T16:36:55.000Z</time>
      </trkpt>
      <trkpt lat="46.17594" lon="6.23045">
        <ele>618.77</ele>
        <time>2019-03-24T16:37:05.000Z</time>
      </trkpt>
      <trkpt lat="46.17602" lon="6.23051">
        <ele>616.82</ele>
        <time>2019-03-24T16:37:15.000Z</time>
      </trkpt>
      <trkpt lat="46.17605" lon="6.23056">
        <ele>615.01</ele>
        <time>2019-03-24T16:37:25.000Z</time>
      </trkpt>
      <trkpt lat="46.17611" lon="6.23057">
        <ele>611.27</ele>
        <time>2019-03-24T16:37:35.000Z</time>
      </trkpt>
      <trkpt lat="46.17617" lon="6.23068">
        <ele>606.02</ele>
        <time>2019-03-24T16:37:45.000Z</time>
      </trkpt>
      <trkpt lat="46.17619" lon="6.23084">
        <ele>603.02</ele>
        <time>2019-03-24T16:37:55.000Z</time>
      </trkpt>
      <trkpt lat="46.17618" lon="6.23098">
        <ele>600.06</ele>
        <time>2019-03-24T16:38:05.000Z</time>
      </trkpt>
      <trkpt lat="46.17618" lon="6.23108">
        <ele>596.3</ele>
        <time>2019-03-24T16:38:15.000Z</time>
      </trkpt>
      <trkpt lat="46.17621" lon="6.23119">
        <ele>593.25</ele>
        <time>2019-03-24T16:38:25.000Z</time>
      </trkpt>
      <trkpt lat="46.17624" lon="6.23131">
        <ele>592.01</ele>
        <time>2019-03-24T16:38:35.000Z</time>
      </trkpt>
      <trkpt lat="46.17629" lon="6.23131">
        <ele>591.99</ele>
        <time>2019-03-24T16:38:45.000Z</time>
      </trkpt>
      <trkpt lat="46.17643" lon="6.23124">
        <ele>589.94</ele>
        <time>2019-03-24T16:38:55.000Z</time>
      </trkpt>
      <trkpt lat="46.17656" lon="6.23126">
        <ele>589.2</ele>
        <time>2019-03-24T16:39:05.000Z</time>
      </trkpt>
      <trkpt lat="46.17659" lon="6.23126">
        <ele>590</ele>
        <time>2019-03-24T16:39:15.000Z</time>
      </trkpt>
      <trkpt lat="46.17659" lon="6.23128">
        <ele>590</ele>
        <time>2019-03-24T16:39:25.000Z</time>
      </trkpt>
      <trkpt lat="46.17658" lon="6.2314">
        <ele>585</ele>
        <time>2019-03-24T16:39:35.000Z</time>
      </trkpt>
      <trkpt lat="46.17657" lon="6.23149">
        <ele>583.06</ele>
        <time>2019-03-24T16:39:45.000Z</time>
      </trkpt>
      <trkpt lat="46.17654" lon="6.23159">
        <ele>580.32</ele>
        <time>2019-03-24T16:39:55.000Z</time>
      </trkpt>
      <trkpt lat="46.17657" lon="6.23162">
        <ele>574.11</ele>
        <time>2019-03-24T16:40:05.000Z</time>
      </trkpt>
      <trkpt lat="46.17664" lon="6.2316">
        <ele>568.38</ele>
        <time>2019-03-24T16:40:15.000Z</time>
      </trkpt>
      <trkpt lat="46.17673" lon="6.23159">
        <ele>564.83</ele>
        <time>2019-03-24T16:40:25.000Z</time>
      </trkpt>
      <trkpt lat="46.17674" lon="6.23163">
        <ele>565.95</ele>
        <time>2019-03-24T16:40:35.000Z</time>
      </trkpt>
      <trkpt lat="46.17679" lon="6.23177">
        <ele>562.5</ele>
        <time>2019-03-24T16:40:45.000Z</time>
      </trkpt>
      <trkpt lat="46.17683" lon="6.23185">
        <ele>565</ele>
        <time>2019-03-24T16:40:55.000Z</time>
      </trkpt>
      <trkpt lat="46.17682" lon="6.23192">
        <ele>565</ele>
        <time>2019-03-24T16:41:18.000Z</time>
      </trkpt>
      <trkpt lat="46.17689" lon="6.23184">
        <ele>559.67</ele>
        <time>2019-03-24T16:41:28.000Z</time>
      </trkpt>
      <trkpt lat="46.17696" lon="6.23173">
        <ele>555.32</ele>
        <time>2019-03-24T16:41:38.000Z</time>
      </trkpt>
      <trkpt lat="46.17704" lon="6.23163">
        <ele>551.72</ele>
        <time>2019-03-24T16:41:48.000Z</time>
      </trkpt>
      <trkpt lat="46.17711" lon="6.23153">
        <ele>549.38</ele>
        <time>2019-03-24T16:41:58.000Z</time>
      </trkpt>
      <trkpt lat="46.1772" lon="6.23143">
        <ele>545.27</ele>
        <time>2019-03-24T16:42:08.000Z</time>
      </trkpt>
      <trkpt lat="46.17726" lon="6.2313">
        <ele>543.19</ele>
        <time>2019-03-24T16:42:18.000Z</time>
      </trkpt>
      <trkpt lat="46.17736" lon="6.23121">
        <ele>539.06</ele>
        <time>2019-03-24T16:42:28.000Z</time>
      </trkpt>
      <trkpt lat="46.17743" lon="6.23127">
        <ele>539.02</ele>
        <time>2019-03-24T16:42:38.000Z</time>
      </trkpt>
      <trkpt lat="46.17741" lon="6.23123">
        <ele>539.18</ele>
        <time>2019-03-24T16:42:48.000Z</time>
      </trkpt>
      <trkpt lat="46.17737" lon="6.23112">
        <ele>536.11</ele>
        <time>2019-03-24T16:42:58.000Z</time>
      </trkpt>
      <trkpt lat="46.17736" lon="6.23098">
        <ele>532.06</ele>
        <time>2019-03-24T16:43:08.000Z</time>
      </trkpt>
      <trkpt lat="46.17731" lon="6.23084">
        <ele>532.7</ele>
        <time>2019-03-24T16:43:18.000Z</time>
      </trkpt>
      <trkpt lat="46.17729" lon="6.23075">
        <ele>529.08</ele>
        <time>2019-03-24T16:43:28.000Z</time>
      </trkpt>
      <trkpt lat="46.17724" lon="6.23068">
        <ele>529</ele>
        <time>2019-03-24T16:43:38.000Z</time>
      </trkpt>
      <trkpt lat="46.17722" lon="6.23052">
        <ele>525.5</ele>
        <time>2019-03-24T16:43:48.000Z</time>
      </trkpt>
      <trkpt lat="46.17716" lon="6.23035">
        <ele>523</ele>
        <time>2019-03-24T16:43:58.000Z</time>
      </trkpt>
      <trkpt lat="46.17719" lon="6.23014">
        <ele>522.31</ele>
        <time>2019-03-24T16:44:08.000Z</time>
      </trkpt>
      <trkpt lat="46.17716" lon="6.23008">
        <ele>519.25</ele>
        <time>2019-03-24T16:44:18.000Z</time>
      </trkpt>
      <trkpt lat="46.17713" lon="6.22991">
        <ele>520.3</ele>
        <time>2019-03-24T16:44:28.000Z</time>
      </trkpt>
      <trkpt lat="46.17707" lon="6.22977">
        <ele>514.83</ele>
        <time>2019-03-24T16:44:38.000Z</time>
      </trkpt>
      <trkpt lat="46.17702" lon="6.22964">
        <ele>516.63</ele>
        <time>2019-03-24T16:44:48.000Z</time>
      </trkpt>
      <trkpt lat="46.17697" lon="6.22954">
        <ele>515.98</ele>
        <time>2019-03-24T16:44:58.000Z</time>
      </trkpt>
      <trkpt lat="46.17696" lon="6.22951">
        <ele>515.99</ele>
        <time>2019-03-24T16:45:08.000Z</time>
      </trkpt>
      <trkpt lat="46.1769" lon="6.22946">
        <ele>510.02</ele>
        <time>2019-03-24T16:45:18.000Z</time>
      </trkpt>
      <trkpt lat="46.17681" lon="6.22934">
        <ele>510.31</ele>
        <time>2019-03-24T16:45:28.000Z</time>
      </trkpt>
      <trkpt lat="46.17674" lon="6.22913">
        <ele>510.31</ele>
        <time>2019-03-24T16:45:38.000Z</time>
      </trkpt>
      <trkpt lat="46.17671" lon="6.22897">
        <ele>502.99</ele>
        <time>2019-03-24T16:45:48.000Z</time>
      </trkpt>
      <trkpt lat="46.17662" lon="6.22882">
        <ele>498.29</ele>
        <time>2019-03-24T16:45:58.000Z</time>
      </trkpt>
      <trkpt lat="46.1766" lon="6.22863">
        <ele>496.33</ele>
        <time>2019-03-24T16:46:08.000Z</time>
      </trkpt>
      <trkpt lat="46.1766" lon="6.22844">
        <ele>496.25</ele>
        <time>2019-03-24T16:46:18.000Z</time>
      </trkpt>
      <trkpt lat="46.1765" lon="6.22831">
        <ele>499.3</ele>
        <time>2019-03-24T16:46:28.000Z</time>
      </trkpt>
      <trkpt lat="46.1764" lon="6.22817">
        <ele>497.06</ele>
        <time>2019-03-24T16:46:38.000Z</time>
      </trkpt>
      <trkpt lat="46.17636" lon="6.22809">
        <ele>497.04</ele>
        <time>2019-03-24T16:46:48.000Z</time>
      </trkpt>
      <trkpt lat="46.17635" lon="6.22809">
        <ele>497.98</ele>
        <time>2019-03-24T16:46:58.000Z</time>
      </trkpt>
      <trkpt lat="46.17635" lon="6.2281">
        <ele>499.5</ele>
        <time>2019-03-24T16:47:31.000Z</time>
      </trkpt>
      <trkpt lat="46.17636" lon="6.22809">
        <ele>500</ele>
        <time>2019-03-24T16:47:41.000Z</time>
      </trkpt>
      <trkpt lat="46.17632" lon="6.22811">
        <ele>501.8</ele>
        <time>2019-03-24T16:47:51.000Z</time>
      </trkpt>
      <trkpt lat="46.17633" lon="6.22811">
        <ele>502.94</ele>
        <time>2019-03-24T16:48:01.000Z</time>
      </trkpt>
      <trkpt lat="46.17633" lon="6.22811">
        <ele>503</ele>
        <time>2019-03-24T16:48:42.000Z</time>
      </trkpt>
    </trkseg>
  </trk>
</gpx>