<?xml version="1.0" encoding="UTF-8" standalone="no" ?>
<gpx xmlns="http://www.topografix.com/GPX/1/1" xmlns:xsi="http://www.w3.org/2001/XMLSchema-instance" xsi:schemaLocation="http://www.topografix.com/GPX/1/1 http://www.topografix.com/GPX/1/1/gpx.xsd" version="1.1" creator="VisuGPX - https://www.visugpx.com">
  <metadata>
    <name>TDF2 - Cambrai / Rocroi</name>
    <desc><![CDATA[Le Tour de France des Déjantés - circuit sud

De Cambrai à Rocroi]]></desc>
  </metadata>
  <wpt lat="50.17334" lon="3.23729">
    <ele>67</ele>
    <name><![CDATA[TDF2 - Cambrai / Rocroi]]></name>
  </wpt>
  <trk>
    <name><![CDATA[TDF2 - Cambrai / Rocroi]]></name>
    <trkseg>
      <trkpt lat="50.17334" lon="3.23729">
        <ele>67</ele>
      </trkpt>
      <trkpt lat="50.17293" lon="3.23787">
        <ele>71</ele>
      </trkpt>
      <trkpt lat="50.17289" lon="3.23794">
        <ele>71</ele>
      </trkpt>
      <trkpt lat="50.17248" lon="3.23756">
        <ele>71</ele>
      </trkpt>
      <trkpt lat="50.17168" lon="3.23679">
        <ele>68</ele>
      </trkpt>
      <trkpt lat="50.17148" lon="3.23654">
        <ele>65</ele>
      </trkpt>
      <trkpt lat="50.17135" lon="3.23664">
        <ele>65</ele>
      </trkpt>
      <trkpt lat="50.1706" lon="3.23666">
        <ele>62</ele>
      </trkpt>
      <trkpt lat="50.17053" lon="3.23669">
        <ele>63</ele>
      </trkpt>
      <trkpt lat="50.17041" lon="3.23681">
        <ele>63</ele>
      </trkpt>
      <trkpt lat="50.16972" lon="3.2378">
        <ele>62</ele>
      </trkpt>
      <trkpt lat="50.16971" lon="3.23778">
        <ele>62</ele>
      </trkpt>
      <trkpt lat="50.16969" lon="3.23776">
        <ele>62</ele>
      </trkpt>
      <trkpt lat="50.16963" lon="3.23776">
        <ele>62</ele>
      </trkpt>
      <trkpt lat="50.16958" lon="3.23781">
        <ele>62</ele>
      </trkpt>
      <trkpt lat="50.16957" lon="3.2379">
        <ele>62</ele>
      </trkpt>
      <trkpt lat="50.16957" lon="3.23791">
        <ele>62</ele>
      </trkpt>
      <trkpt lat="50.16942" lon="3.23792">
        <ele>62</ele>
      </trkpt>
      <trkpt lat="50.1681" lon="3.23788">
        <ele>59</ele>
      </trkpt>
      <trkpt lat="50.16751" lon="3.23784">
        <ele>58</ele>
      </trkpt>
      <trkpt lat="50.16746" lon="3.23782">
        <ele>57</ele>
      </trkpt>
      <trkpt lat="50.16747" lon="3.23779">
        <ele>56</ele>
      </trkpt>
      <trkpt lat="50.16748" lon="3.23772">
        <ele>56</ele>
      </trkpt>
      <trkpt lat="50.16747" lon="3.23759">
        <ele>56</ele>
      </trkpt>
      <trkpt lat="50.16743" lon="3.23745">
        <ele>56</ele>
      </trkpt>
      <trkpt lat="50.16734" lon="3.23733">
        <ele>56</ele>
      </trkpt>
      <trkpt lat="50.16727" lon="3.2373">
        <ele>56</ele>
      </trkpt>
      <trkpt lat="50.16719" lon="3.23731">
        <ele>56</ele>
      </trkpt>
      <trkpt lat="50.1671" lon="3.23736">
        <ele>56</ele>
      </trkpt>
      <trkpt lat="50.16704" lon="3.23748">
        <ele>56</ele>
      </trkpt>
      <trkpt lat="50.167" lon="3.23763">
        <ele>56</ele>
      </trkpt>
      <trkpt lat="50.16701" lon="3.23778">
        <ele>56</ele>
      </trkpt>
      <trkpt lat="50.16709" lon="3.23795">
        <ele>57</ele>
      </trkpt>
      <trkpt lat="50.1671" lon="3.23798">
        <ele>57</ele>
      </trkpt>
      <trkpt lat="50.16763" lon="3.24016">
        <ele>60</ele>
      </trkpt>
      <trkpt lat="50.16778" lon="3.24076">
        <ele>60</ele>
      </trkpt>
      <trkpt lat="50.16777" lon="3.24086">
        <ele>59</ele>
      </trkpt>
      <trkpt lat="50.16774" lon="3.24089">
        <ele>59</ele>
      </trkpt>
      <trkpt lat="50.16745" lon="3.24113">
        <ele>57</ele>
      </trkpt>
      <trkpt lat="50.16709" lon="3.24153">
        <ele>57</ele>
      </trkpt>
      <trkpt lat="50.16638" lon="3.24227">
        <ele>57</ele>
      </trkpt>
      <trkpt lat="50.16542" lon="3.2433">
        <ele>56</ele>
      </trkpt>
      <trkpt lat="50.16523" lon="3.2435">
        <ele>56</ele>
      </trkpt>
      <trkpt lat="50.16502" lon="3.24381">
        <ele>56</ele>
      </trkpt>
      <trkpt lat="50.16403" lon="3.24523">
        <ele>58</ele>
      </trkpt>
      <trkpt lat="50.16266" lon="3.2473">
        <ele>60</ele>
      </trkpt>
      <trkpt lat="50.16131" lon="3.24938">
        <ele>63</ele>
      </trkpt>
      <trkpt lat="50.16091" lon="3.25004">
        <ele>64</ele>
      </trkpt>
      <trkpt lat="50.1606" lon="3.25052">
        <ele>64</ele>
      </trkpt>
      <trkpt lat="50.16047" lon="3.25069">
        <ele>64</ele>
      </trkpt>
      <trkpt lat="50.1593" lon="3.25213">
        <ele>66</ele>
      </trkpt>
      <trkpt lat="50.15898" lon="3.25254">
        <ele>67</ele>
      </trkpt>
      <trkpt lat="50.15842" lon="3.2532">
        <ele>68</ele>
      </trkpt>
      <trkpt lat="50.15799" lon="3.25371">
        <ele>68</ele>
      </trkpt>
      <trkpt lat="50.15772" lon="3.2541">
        <ele>69</ele>
      </trkpt>
      <trkpt lat="50.1576" lon="3.25437">
        <ele>69</ele>
      </trkpt>
      <trkpt lat="50.15743" lon="3.25489">
        <ele>70</ele>
      </trkpt>
      <trkpt lat="50.15732" lon="3.25536">
        <ele>72</ele>
      </trkpt>
      <trkpt lat="50.15709" lon="3.25608">
        <ele>74</ele>
      </trkpt>
      <trkpt lat="50.1565" lon="3.25813">
        <ele>81</ele>
      </trkpt>
      <trkpt lat="50.15643" lon="3.25827">
        <ele>81</ele>
      </trkpt>
      <trkpt lat="50.15635" lon="3.25839">
        <ele>82</ele>
      </trkpt>
      <trkpt lat="50.15576" lon="3.25913">
        <ele>85</ele>
      </trkpt>
      <trkpt lat="50.15465" lon="3.26059">
        <ele>91</ele>
      </trkpt>
      <trkpt lat="50.15358" lon="3.26201">
        <ele>94</ele>
      </trkpt>
      <trkpt lat="50.1534" lon="3.26229">
        <ele>95</ele>
      </trkpt>
      <trkpt lat="50.15291" lon="3.26315">
        <ele>97</ele>
      </trkpt>
      <trkpt lat="50.15267" lon="3.26353">
        <ele>97</ele>
      </trkpt>
      <trkpt lat="50.15254" lon="3.26367">
        <ele>97</ele>
      </trkpt>
      <trkpt lat="50.15242" lon="3.26376">
        <ele>98</ele>
      </trkpt>
      <trkpt lat="50.1523" lon="3.26381">
        <ele>98</ele>
      </trkpt>
      <trkpt lat="50.15219" lon="3.26383">
        <ele>98</ele>
      </trkpt>
      <trkpt lat="50.15212" lon="3.26383">
        <ele>98</ele>
      </trkpt>
      <trkpt lat="50.15211" lon="3.26381">
        <ele>98</ele>
      </trkpt>
      <trkpt lat="50.15208" lon="3.26378">
        <ele>99</ele>
      </trkpt>
      <trkpt lat="50.15199" lon="3.26373">
        <ele>99</ele>
      </trkpt>
      <trkpt lat="50.15192" lon="3.26373">
        <ele>99</ele>
      </trkpt>
      <trkpt lat="50.15185" lon="3.26377">
        <ele>99</ele>
      </trkpt>
      <trkpt lat="50.15178" lon="3.26387">
        <ele>99</ele>
      </trkpt>
      <trkpt lat="50.15174" lon="3.26403">
        <ele>99</ele>
      </trkpt>
      <trkpt lat="50.15173" lon="3.26405">
        <ele>99</ele>
      </trkpt>
      <trkpt lat="50.1516" lon="3.26422">
        <ele>99</ele>
      </trkpt>
      <trkpt lat="50.15127" lon="3.26444">
        <ele>99</ele>
      </trkpt>
      <trkpt lat="50.15108" lon="3.26452">
        <ele>99</ele>
      </trkpt>
      <trkpt lat="50.15059" lon="3.26473">
        <ele>98</ele>
      </trkpt>
      <trkpt lat="50.14991" lon="3.26499">
        <ele>97</ele>
      </trkpt>
      <trkpt lat="50.14957" lon="3.26514">
        <ele>96</ele>
      </trkpt>
      <trkpt lat="50.14942" lon="3.26525">
        <ele>96</ele>
      </trkpt>
      <trkpt lat="50.14915" lon="3.2655">
        <ele>95</ele>
      </trkpt>
      <trkpt lat="50.14681" lon="3.2678">
        <ele>90</ele>
      </trkpt>
      <trkpt lat="50.14644" lon="3.26815">
        <ele>89</ele>
      </trkpt>
      <trkpt lat="50.14608" lon="3.26841">
        <ele>88</ele>
      </trkpt>
      <trkpt lat="50.14562" lon="3.2688">
        <ele>89</ele>
      </trkpt>
      <trkpt lat="50.14533" lon="3.26916">
        <ele>89</ele>
      </trkpt>
      <trkpt lat="50.14511" lon="3.26944">
        <ele>89</ele>
      </trkpt>
      <trkpt lat="50.1449" lon="3.26982">
        <ele>90</ele>
      </trkpt>
      <trkpt lat="50.14468" lon="3.27026">
        <ele>90</ele>
      </trkpt>
      <trkpt lat="50.1445" lon="3.2707">
        <ele>90</ele>
      </trkpt>
      <trkpt lat="50.14448" lon="3.27077">
        <ele>90</ele>
      </trkpt>
      <trkpt lat="50.14432" lon="3.27109">
        <ele>90</ele>
      </trkpt>
      <trkpt lat="50.14408" lon="3.27145">
        <ele>90</ele>
      </trkpt>
      <trkpt lat="50.14379" lon="3.27177">
        <ele>89</ele>
      </trkpt>
      <trkpt lat="50.14354" lon="3.27199">
        <ele>89</ele>
      </trkpt>
      <trkpt lat="50.14329" lon="3.27215">
        <ele>91</ele>
      </trkpt>
      <trkpt lat="50.14301" lon="3.27229">
        <ele>91</ele>
      </trkpt>
      <trkpt lat="50.14263" lon="3.27241">
        <ele>92</ele>
      </trkpt>
      <trkpt lat="50.14232" lon="3.27247">
        <ele>93</ele>
      </trkpt>
      <trkpt lat="50.14191" lon="3.27248">
        <ele>92</ele>
      </trkpt>
      <trkpt lat="50.14161" lon="3.2725">
        <ele>92</ele>
      </trkpt>
      <trkpt lat="50.14132" lon="3.27258">
        <ele>92</ele>
      </trkpt>
      <trkpt lat="50.14099" lon="3.27273">
        <ele>92</ele>
      </trkpt>
      <trkpt lat="50.14078" lon="3.27285">
        <ele>91</ele>
      </trkpt>
      <trkpt lat="50.14047" lon="3.27308">
        <ele>91</ele>
      </trkpt>
      <trkpt lat="50.14014" lon="3.27339">
        <ele>89</ele>
      </trkpt>
      <trkpt lat="50.13869" lon="3.27488">
        <ele>89</ele>
      </trkpt>
      <trkpt lat="50.13571" lon="3.27815">
        <ele>97</ele>
      </trkpt>
      <trkpt lat="50.13403" lon="3.28006">
        <ele>99</ele>
      </trkpt>
      <trkpt lat="50.13303" lon="3.28125">
        <ele>100</ele>
      </trkpt>
      <trkpt lat="50.1312" lon="3.2838">
        <ele>92</ele>
      </trkpt>
      <trkpt lat="50.12957" lon="3.28609">
        <ele>102</ele>
      </trkpt>
      <trkpt lat="50.12921" lon="3.28655">
        <ele>103</ele>
      </trkpt>
      <trkpt lat="50.12861" lon="3.28709">
        <ele>105</ele>
      </trkpt>
      <trkpt lat="50.12816" lon="3.28748">
        <ele>105</ele>
      </trkpt>
      <trkpt lat="50.1256" lon="3.28979">
        <ele>100</ele>
      </trkpt>
      <trkpt lat="50.12468" lon="3.29062">
        <ele>97</ele>
      </trkpt>
      <trkpt lat="50.12413" lon="3.2912">
        <ele>97</ele>
      </trkpt>
      <trkpt lat="50.12398" lon="3.29134">
        <ele>98</ele>
      </trkpt>
      <trkpt lat="50.1229" lon="3.29244">
        <ele>97</ele>
      </trkpt>
      <trkpt lat="50.12285" lon="3.29254">
        <ele>98</ele>
      </trkpt>
      <trkpt lat="50.12222" lon="3.29324">
        <ele>100</ele>
      </trkpt>
      <trkpt lat="50.12159" lon="3.29384">
        <ele>102</ele>
      </trkpt>
      <trkpt lat="50.12068" lon="3.29463">
        <ele>104</ele>
      </trkpt>
      <trkpt lat="50.11942" lon="3.29573">
        <ele>107</ele>
      </trkpt>
      <trkpt lat="50.11872" lon="3.29651">
        <ele>109</ele>
      </trkpt>
      <trkpt lat="50.11804" lon="3.29731">
        <ele>109</ele>
      </trkpt>
      <trkpt lat="50.11769" lon="3.29772">
        <ele>110</ele>
      </trkpt>
      <trkpt lat="50.1174" lon="3.29798">
        <ele>111</ele>
      </trkpt>
      <trkpt lat="50.11667" lon="3.29857">
        <ele>110</ele>
      </trkpt>
      <trkpt lat="50.11503" lon="3.29989">
        <ele>112</ele>
      </trkpt>
      <trkpt lat="50.11444" lon="3.30034">
        <ele>112</ele>
      </trkpt>
      <trkpt lat="50.11408" lon="3.30058">
        <ele>113</ele>
      </trkpt>
      <trkpt lat="50.11343" lon="3.30096">
        <ele>114</ele>
      </trkpt>
      <trkpt lat="50.11276" lon="3.30132">
        <ele>116</ele>
      </trkpt>
      <trkpt lat="50.11177" lon="3.30185">
        <ele>118</ele>
      </trkpt>
      <trkpt lat="50.11096" lon="3.30225">
        <ele>120</ele>
      </trkpt>
      <trkpt lat="50.11053" lon="3.30246">
        <ele>120</ele>
      </trkpt>
      <trkpt lat="50.11004" lon="3.3027">
        <ele>120</ele>
      </trkpt>
      <trkpt lat="50.10929" lon="3.30325">
        <ele>119</ele>
      </trkpt>
      <trkpt lat="50.10841" lon="3.3039">
        <ele>115</ele>
      </trkpt>
      <trkpt lat="50.10804" lon="3.30421">
        <ele>113</ele>
      </trkpt>
      <trkpt lat="50.10593" lon="3.30609">
        <ele>106</ele>
      </trkpt>
      <trkpt lat="50.10478" lon="3.30721">
        <ele>98</ele>
      </trkpt>
      <trkpt lat="50.10419" lon="3.30777">
        <ele>96</ele>
      </trkpt>
      <trkpt lat="50.10378" lon="3.30802">
        <ele>92</ele>
      </trkpt>
      <trkpt lat="50.10241" lon="3.30867">
        <ele>84</ele>
      </trkpt>
      <trkpt lat="50.10196" lon="3.30889">
        <ele>82</ele>
      </trkpt>
      <trkpt lat="50.10187" lon="3.30913">
        <ele>82</ele>
      </trkpt>
      <trkpt lat="50.10182" lon="3.3094">
        <ele>83</ele>
      </trkpt>
      <trkpt lat="50.1018" lon="3.30962">
        <ele>84</ele>
      </trkpt>
      <trkpt lat="50.10181" lon="3.31064">
        <ele>84</ele>
      </trkpt>
      <trkpt lat="50.10179" lon="3.31092">
        <ele>83</ele>
      </trkpt>
      <trkpt lat="50.10178" lon="3.311">
        <ele>83</ele>
      </trkpt>
      <trkpt lat="50.10174" lon="3.31106">
        <ele>83</ele>
      </trkpt>
      <trkpt lat="50.10167" lon="3.31115">
        <ele>83</ele>
      </trkpt>
      <trkpt lat="50.10154" lon="3.31127">
        <ele>80</ele>
      </trkpt>
      <trkpt lat="50.10141" lon="3.31141">
        <ele>80</ele>
      </trkpt>
      <trkpt lat="50.10132" lon="3.31161">
        <ele>80</ele>
      </trkpt>
      <trkpt lat="50.10125" lon="3.31202">
        <ele>80</ele>
      </trkpt>
      <trkpt lat="50.10124" lon="3.31242">
        <ele>80</ele>
      </trkpt>
      <trkpt lat="50.10128" lon="3.31347">
        <ele>82</ele>
      </trkpt>
      <trkpt lat="50.10127" lon="3.31361">
        <ele>82</ele>
      </trkpt>
      <trkpt lat="50.10122" lon="3.31374">
        <ele>82</ele>
      </trkpt>
      <trkpt lat="50.10114" lon="3.31379">
        <ele>82</ele>
      </trkpt>
      <trkpt lat="50.10093" lon="3.31383">
        <ele>82</ele>
      </trkpt>
      <trkpt lat="50.10061" lon="3.31387">
        <ele>82</ele>
      </trkpt>
      <trkpt lat="50.10041" lon="3.31387">
        <ele>82</ele>
      </trkpt>
      <trkpt lat="50.10025" lon="3.31382">
        <ele>82</ele>
      </trkpt>
      <trkpt lat="50.09996" lon="3.3136">
        <ele>82</ele>
      </trkpt>
      <trkpt lat="50.09918" lon="3.31299">
        <ele>82</ele>
      </trkpt>
      <trkpt lat="50.09859" lon="3.31253">
        <ele>84</ele>
      </trkpt>
      <trkpt lat="50.0985" lon="3.31249">
        <ele>83</ele>
      </trkpt>
      <trkpt lat="50.09792" lon="3.31235">
        <ele>83</ele>
      </trkpt>
      <trkpt lat="50.09698" lon="3.31219">
        <ele>84</ele>
      </trkpt>
      <trkpt lat="50.0967" lon="3.31219">
        <ele>85</ele>
      </trkpt>
      <trkpt lat="50.09606" lon="3.31235">
        <ele>87</ele>
      </trkpt>
      <trkpt lat="50.09558" lon="3.31255">
        <ele>90</ele>
      </trkpt>
      <trkpt lat="50.09508" lon="3.31287">
        <ele>91</ele>
      </trkpt>
      <trkpt lat="50.09289" lon="3.31443">
        <ele>100</ele>
      </trkpt>
      <trkpt lat="50.09099" lon="3.31577">
        <ele>108</ele>
      </trkpt>
      <trkpt lat="50.08956" lon="3.31679">
        <ele>115</ele>
      </trkpt>
      <trkpt lat="50.08777" lon="3.31806">
        <ele>120</ele>
      </trkpt>
      <trkpt lat="50.08746" lon="3.31832">
        <ele>122</ele>
      </trkpt>
      <trkpt lat="50.08701" lon="3.31876">
        <ele>122</ele>
      </trkpt>
      <trkpt lat="50.08617" lon="3.31965">
        <ele>121</ele>
      </trkpt>
      <trkpt lat="50.08517" lon="3.3207">
        <ele>118</ele>
      </trkpt>
      <trkpt lat="50.08421" lon="3.32169">
        <ele>113</ele>
      </trkpt>
      <trkpt lat="50.08403" lon="3.32184">
        <ele>113</ele>
      </trkpt>
      <trkpt lat="50.0838" lon="3.32197">
        <ele>113</ele>
      </trkpt>
      <trkpt lat="50.08365" lon="3.32203">
        <ele>113</ele>
      </trkpt>
      <trkpt lat="50.0835" lon="3.32205">
        <ele>113</ele>
      </trkpt>
      <trkpt lat="50.08298" lon="3.3221">
        <ele>113</ele>
      </trkpt>
      <trkpt lat="50.08225" lon="3.32213">
        <ele>115</ele>
      </trkpt>
      <trkpt lat="50.08205" lon="3.32218">
        <ele>116</ele>
      </trkpt>
      <trkpt lat="50.08179" lon="3.32226">
        <ele>116</ele>
      </trkpt>
      <trkpt lat="50.08163" lon="3.32235">
        <ele>118</ele>
      </trkpt>
      <trkpt lat="50.08149" lon="3.32249">
        <ele>118</ele>
      </trkpt>
      <trkpt lat="50.0813" lon="3.32275">
        <ele>119</ele>
      </trkpt>
      <trkpt lat="50.07983" lon="3.32513">
        <ele>130</ele>
      </trkpt>
      <trkpt lat="50.07946" lon="3.32568">
        <ele>131</ele>
      </trkpt>
      <trkpt lat="50.07916" lon="3.32604">
        <ele>131</ele>
      </trkpt>
      <trkpt lat="50.07893" lon="3.32627">
        <ele>131</ele>
      </trkpt>
      <trkpt lat="50.07853" lon="3.32651">
        <ele>131</ele>
      </trkpt>
      <trkpt lat="50.07385" lon="3.32896">
        <ele>119</ele>
      </trkpt>
      <trkpt lat="50.07332" lon="3.32926">
        <ele>116</ele>
      </trkpt>
      <trkpt lat="50.07304" lon="3.32946">
        <ele>115</ele>
      </trkpt>
      <trkpt lat="50.07285" lon="3.32963">
        <ele>115</ele>
      </trkpt>
      <trkpt lat="50.07276" lon="3.32971">
        <ele>114</ele>
      </trkpt>
      <trkpt lat="50.07265" lon="3.32988">
        <ele>114</ele>
      </trkpt>
      <trkpt lat="50.07217" lon="3.33088">
        <ele>114</ele>
      </trkpt>
      <trkpt lat="50.07133" lon="3.33257">
        <ele>117</ele>
      </trkpt>
      <trkpt lat="50.07089" lon="3.33354">
        <ele>119</ele>
      </trkpt>
      <trkpt lat="50.07062" lon="3.33406">
        <ele>120</ele>
      </trkpt>
      <trkpt lat="50.07022" lon="3.33492">
        <ele>122</ele>
      </trkpt>
      <trkpt lat="50.07006" lon="3.33517">
        <ele>123</ele>
      </trkpt>
      <trkpt lat="50.06982" lon="3.33544">
        <ele>124</ele>
      </trkpt>
      <trkpt lat="50.06972" lon="3.33554">
        <ele>124</ele>
      </trkpt>
      <trkpt lat="50.06959" lon="3.33558">
        <ele>124</ele>
      </trkpt>
      <trkpt lat="50.06943" lon="3.33562">
        <ele>124</ele>
      </trkpt>
      <trkpt lat="50.06932" lon="3.33568">
        <ele>124</ele>
      </trkpt>
      <trkpt lat="50.06916" lon="3.33593">
        <ele>126</ele>
      </trkpt>
      <trkpt lat="50.06908" lon="3.33602">
        <ele>126</ele>
      </trkpt>
      <trkpt lat="50.06759" lon="3.33676">
        <ele>128</ele>
      </trkpt>
      <trkpt lat="50.06686" lon="3.33704">
        <ele>128</ele>
      </trkpt>
      <trkpt lat="50.06669" lon="3.33715">
        <ele>129</ele>
      </trkpt>
      <trkpt lat="50.06658" lon="3.33727">
        <ele>130</ele>
      </trkpt>
      <trkpt lat="50.0664" lon="3.33757">
        <ele>130</ele>
      </trkpt>
      <trkpt lat="50.06618" lon="3.338">
        <ele>130</ele>
      </trkpt>
      <trkpt lat="50.06608" lon="3.33811">
        <ele>130</ele>
      </trkpt>
      <trkpt lat="50.06454" lon="3.33929">
        <ele>139</ele>
      </trkpt>
      <trkpt lat="50.06295" lon="3.34049">
        <ele>150</ele>
      </trkpt>
      <trkpt lat="50.06281" lon="3.34054">
        <ele>150</ele>
      </trkpt>
      <trkpt lat="50.06269" lon="3.34054">
        <ele>151</ele>
      </trkpt>
      <trkpt lat="50.06113" lon="3.3402">
        <ele>156</ele>
      </trkpt>
      <trkpt lat="50.05901" lon="3.33973">
        <ele>146</ele>
      </trkpt>
      <trkpt lat="50.05773" lon="3.33946">
        <ele>144</ele>
      </trkpt>
      <trkpt lat="50.05747" lon="3.33945">
        <ele>145</ele>
      </trkpt>
      <trkpt lat="50.05678" lon="3.33958">
        <ele>145</ele>
      </trkpt>
      <trkpt lat="50.05399" lon="3.34017">
        <ele>134</ele>
      </trkpt>
      <trkpt lat="50.05291" lon="3.34043">
        <ele>131</ele>
      </trkpt>
      <trkpt lat="50.05212" lon="3.3406">
        <ele>131</ele>
      </trkpt>
      <trkpt lat="50.05194" lon="3.34062">
        <ele>131</ele>
      </trkpt>
      <trkpt lat="50.05043" lon="3.34062">
        <ele>128</ele>
      </trkpt>
      <trkpt lat="50.05026" lon="3.34064">
        <ele>128</ele>
      </trkpt>
      <trkpt lat="50.04981" lon="3.34085">
        <ele>129</ele>
      </trkpt>
      <trkpt lat="50.04945" lon="3.34108">
        <ele>130</ele>
      </trkpt>
      <trkpt lat="50.04912" lon="3.34137">
        <ele>131</ele>
      </trkpt>
      <trkpt lat="50.04754" lon="3.34322">
        <ele>137</ele>
      </trkpt>
      <trkpt lat="50.04702" lon="3.34379">
        <ele>138</ele>
      </trkpt>
      <trkpt lat="50.04645" lon="3.34426">
        <ele>137</ele>
      </trkpt>
      <trkpt lat="50.04554" lon="3.34498">
        <ele>133</ele>
      </trkpt>
      <trkpt lat="50.04538" lon="3.34514">
        <ele>132</ele>
      </trkpt>
      <trkpt lat="50.0452" lon="3.3454">
        <ele>132</ele>
      </trkpt>
      <trkpt lat="50.04507" lon="3.34578">
        <ele>131</ele>
      </trkpt>
      <trkpt lat="50.04494" lon="3.34621">
        <ele>129</ele>
      </trkpt>
      <trkpt lat="50.04486" lon="3.34657">
        <ele>129</ele>
      </trkpt>
      <trkpt lat="50.04465" lon="3.34818">
        <ele>131</ele>
      </trkpt>
      <trkpt lat="50.04454" lon="3.34906">
        <ele>131</ele>
      </trkpt>
      <trkpt lat="50.04445" lon="3.34964">
        <ele>131</ele>
      </trkpt>
      <trkpt lat="50.04425" lon="3.35025">
        <ele>131</ele>
      </trkpt>
      <trkpt lat="50.04377" lon="3.35135">
        <ele>132</ele>
      </trkpt>
      <trkpt lat="50.04199" lon="3.35497">
        <ele>135</ele>
      </trkpt>
      <trkpt lat="50.04176" lon="3.35546">
        <ele>135</ele>
      </trkpt>
      <trkpt lat="50.04162" lon="3.35566">
        <ele>136</ele>
      </trkpt>
      <trkpt lat="50.04077" lon="3.35668">
        <ele>135</ele>
      </trkpt>
      <trkpt lat="50.04027" lon="3.35727">
        <ele>135</ele>
      </trkpt>
      <trkpt lat="50.04009" lon="3.35744">
        <ele>135</ele>
      </trkpt>
      <trkpt lat="50.03993" lon="3.35756">
        <ele>135</ele>
      </trkpt>
      <trkpt lat="50.03956" lon="3.35774">
        <ele>135</ele>
      </trkpt>
      <trkpt lat="50.03836" lon="3.35808">
        <ele>137</ele>
      </trkpt>
      <trkpt lat="50.03768" lon="3.35825">
        <ele>139</ele>
      </trkpt>
      <trkpt lat="50.03718" lon="3.35829">
        <ele>141</ele>
      </trkpt>
      <trkpt lat="50.03612" lon="3.35833">
        <ele>142</ele>
      </trkpt>
      <trkpt lat="50.03595" lon="3.35836">
        <ele>142</ele>
      </trkpt>
      <trkpt lat="50.03575" lon="3.35843">
        <ele>142</ele>
      </trkpt>
      <trkpt lat="50.0352" lon="3.35877">
        <ele>142</ele>
      </trkpt>
      <trkpt lat="50.03443" lon="3.35943">
        <ele>140</ele>
      </trkpt>
      <trkpt lat="50.03349" lon="3.36024">
        <ele>138</ele>
      </trkpt>
      <trkpt lat="50.03304" lon="3.36063">
        <ele>137</ele>
      </trkpt>
      <trkpt lat="50.03279" lon="3.36085">
        <ele>137</ele>
      </trkpt>
      <trkpt lat="50.03248" lon="3.36123">
        <ele>138</ele>
      </trkpt>
      <trkpt lat="50.03201" lon="3.36207">
        <ele>139</ele>
      </trkpt>
      <trkpt lat="50.03125" lon="3.36354">
        <ele>144</ele>
      </trkpt>
      <trkpt lat="50.03075" lon="3.36447">
        <ele>147</ele>
      </trkpt>
      <trkpt lat="50.0302" lon="3.36553">
        <ele>151</ele>
      </trkpt>
      <trkpt lat="50.02983" lon="3.36622">
        <ele>152</ele>
      </trkpt>
      <trkpt lat="50.0297" lon="3.36641">
        <ele>153</ele>
      </trkpt>
      <trkpt lat="50.02958" lon="3.36656">
        <ele>152</ele>
      </trkpt>
      <trkpt lat="50.02862" lon="3.36661">
        <ele>151</ele>
      </trkpt>
      <trkpt lat="50.02784" lon="3.36664">
        <ele>150</ele>
      </trkpt>
      <trkpt lat="50.02778" lon="3.36666">
        <ele>149</ele>
      </trkpt>
      <trkpt lat="50.02769" lon="3.36674">
        <ele>149</ele>
      </trkpt>
      <trkpt lat="50.02714" lon="3.36737">
        <ele>147</ele>
      </trkpt>
      <trkpt lat="50.02661" lon="3.36801">
        <ele>145</ele>
      </trkpt>
      <trkpt lat="50.0266" lon="3.36827">
        <ele>145</ele>
      </trkpt>
      <trkpt lat="50.02662" lon="3.36871">
        <ele>145</ele>
      </trkpt>
      <trkpt lat="50.02682" lon="3.36997">
        <ele>148</ele>
      </trkpt>
      <trkpt lat="50.027" lon="3.37128">
        <ele>150</ele>
      </trkpt>
      <trkpt lat="50.02698" lon="3.37145">
        <ele>150</ele>
      </trkpt>
      <trkpt lat="50.02668" lon="3.37241">
        <ele>148</ele>
      </trkpt>
      <trkpt lat="50.02657" lon="3.37272">
        <ele>148</ele>
      </trkpt>
      <trkpt lat="50.02649" lon="3.37289">
        <ele>147</ele>
      </trkpt>
      <trkpt lat="50.0257" lon="3.37401">
        <ele>148</ele>
      </trkpt>
      <trkpt lat="50.0252" lon="3.37473">
        <ele>148</ele>
      </trkpt>
      <trkpt lat="50.02409" lon="3.37679">
        <ele>142</ele>
      </trkpt>
      <trkpt lat="50.02373" lon="3.37749">
        <ele>142</ele>
      </trkpt>
      <trkpt lat="50.02355" lon="3.37775">
        <ele>142</ele>
      </trkpt>
      <trkpt lat="50.02347" lon="3.37788">
        <ele>142</ele>
      </trkpt>
      <trkpt lat="50.02333" lon="3.37806">
        <ele>142</ele>
      </trkpt>
      <trkpt lat="50.02315" lon="3.37827">
        <ele>142</ele>
      </trkpt>
      <trkpt lat="50.02265" lon="3.37874">
        <ele>142</ele>
      </trkpt>
      <trkpt lat="50.02246" lon="3.37893">
        <ele>140</ele>
      </trkpt>
      <trkpt lat="50.02227" lon="3.37907">
        <ele>140</ele>
      </trkpt>
      <trkpt lat="50.02208" lon="3.37917">
        <ele>138</ele>
      </trkpt>
      <trkpt lat="50.02199" lon="3.37919">
        <ele>138</ele>
      </trkpt>
      <trkpt lat="50.02196" lon="3.37917">
        <ele>137</ele>
      </trkpt>
      <trkpt lat="50.02189" lon="3.37916">
        <ele>138</ele>
      </trkpt>
      <trkpt lat="50.02183" lon="3.37921">
        <ele>137</ele>
      </trkpt>
      <trkpt lat="50.02178" lon="3.37928">
        <ele>137</ele>
      </trkpt>
      <trkpt lat="50.02175" lon="3.3794">
        <ele>137</ele>
      </trkpt>
      <trkpt lat="50.02176" lon="3.37952">
        <ele>137</ele>
      </trkpt>
      <trkpt lat="50.02164" lon="3.37999">
        <ele>134</ele>
      </trkpt>
      <trkpt lat="50.02164" lon="3.38013">
        <ele>133</ele>
      </trkpt>
      <trkpt lat="50.02168" lon="3.38027">
        <ele>135</ele>
      </trkpt>
      <trkpt lat="50.02174" lon="3.38053">
        <ele>135</ele>
      </trkpt>
      <trkpt lat="50.02175" lon="3.38071">
        <ele>134</ele>
      </trkpt>
      <trkpt lat="50.02172" lon="3.38089">
        <ele>132</ele>
      </trkpt>
      <trkpt lat="50.02169" lon="3.38098">
        <ele>133</ele>
      </trkpt>
      <trkpt lat="50.02137" lon="3.38158">
        <ele>129</ele>
      </trkpt>
      <trkpt lat="50.02132" lon="3.38171">
        <ele>128</ele>
      </trkpt>
      <trkpt lat="50.0207" lon="3.383">
        <ele>121</ele>
      </trkpt>
      <trkpt lat="50.02034" lon="3.38372">
        <ele>120</ele>
      </trkpt>
      <trkpt lat="50.01953" lon="3.3854">
        <ele>123</ele>
      </trkpt>
      <trkpt lat="50.0176" lon="3.38936">
        <ele>141</ele>
      </trkpt>
      <trkpt lat="50.0171" lon="3.39042">
        <ele>147</ele>
      </trkpt>
      <trkpt lat="50.01657" lon="3.39156">
        <ele>154</ele>
      </trkpt>
      <trkpt lat="50.01649" lon="3.39168">
        <ele>154</ele>
      </trkpt>
      <trkpt lat="50.01637" lon="3.3918">
        <ele>154</ele>
      </trkpt>
      <trkpt lat="50.01612" lon="3.39194">
        <ele>155</ele>
      </trkpt>
      <trkpt lat="50.01529" lon="3.39236">
        <ele>157</ele>
      </trkpt>
      <trkpt lat="50.01516" lon="3.39242">
        <ele>157</ele>
      </trkpt>
      <trkpt lat="50.0149" lon="3.39259">
        <ele>159</ele>
      </trkpt>
      <trkpt lat="50.01455" lon="3.39285">
        <ele>159</ele>
      </trkpt>
      <trkpt lat="50.01435" lon="3.39297">
        <ele>160</ele>
      </trkpt>
      <trkpt lat="50.01369" lon="3.39339">
        <ele>159</ele>
      </trkpt>
      <trkpt lat="50.0134" lon="3.39357">
        <ele>159</ele>
      </trkpt>
      <trkpt lat="50.01327" lon="3.3936">
        <ele>158</ele>
      </trkpt>
      <trkpt lat="50.01271" lon="3.39354">
        <ele>156</ele>
      </trkpt>
      <trkpt lat="50.01245" lon="3.39356">
        <ele>153</ele>
      </trkpt>
      <trkpt lat="50.01215" lon="3.39367">
        <ele>152</ele>
      </trkpt>
      <trkpt lat="50.01193" lon="3.3938">
        <ele>151</ele>
      </trkpt>
      <trkpt lat="50.01173" lon="3.39405">
        <ele>150</ele>
      </trkpt>
      <trkpt lat="50.0114" lon="3.39559">
        <ele>148</ele>
      </trkpt>
      <trkpt lat="50.01115" lon="3.39673">
        <ele>149</ele>
      </trkpt>
      <trkpt lat="50.01083" lon="3.39828">
        <ele>150</ele>
      </trkpt>
      <trkpt lat="50.01027" lon="3.40054">
        <ele>150</ele>
      </trkpt>
      <trkpt lat="50.01009" lon="3.40196">
        <ele>152</ele>
      </trkpt>
      <trkpt lat="50.01002" lon="3.40259">
        <ele>153</ele>
      </trkpt>
      <trkpt lat="50.00994" lon="3.40295">
        <ele>152</ele>
      </trkpt>
      <trkpt lat="50.00988" lon="3.40315">
        <ele>153</ele>
      </trkpt>
      <trkpt lat="50.00977" lon="3.40339">
        <ele>154</ele>
      </trkpt>
      <trkpt lat="50.00919" lon="3.40426">
        <ele>152</ele>
      </trkpt>
      <trkpt lat="50.00895" lon="3.40486">
        <ele>150</ele>
      </trkpt>
      <trkpt lat="50.00799" lon="3.40745">
        <ele>146</ele>
      </trkpt>
      <trkpt lat="50.00713" lon="3.40984">
        <ele>144</ele>
      </trkpt>
      <trkpt lat="50.00682" lon="3.41064">
        <ele>144</ele>
      </trkpt>
      <trkpt lat="50.00666" lon="3.41096">
        <ele>144</ele>
      </trkpt>
      <trkpt lat="50.00638" lon="3.41137">
        <ele>144</ele>
      </trkpt>
      <trkpt lat="50.00551" lon="3.41256">
        <ele>148</ele>
      </trkpt>
      <trkpt lat="50.005" lon="3.41326">
        <ele>150</ele>
      </trkpt>
      <trkpt lat="50.00465" lon="3.41375">
        <ele>152</ele>
      </trkpt>
      <trkpt lat="50.0044" lon="3.41415">
        <ele>153</ele>
      </trkpt>
      <trkpt lat="50.00413" lon="3.41469">
        <ele>156</ele>
      </trkpt>
      <trkpt lat="50.00398" lon="3.41505">
        <ele>157</ele>
      </trkpt>
      <trkpt lat="50.00374" lon="3.41587">
        <ele>158</ele>
      </trkpt>
      <trkpt lat="50.00353" lon="3.41669">
        <ele>161</ele>
      </trkpt>
      <trkpt lat="50.00329" lon="3.41759">
        <ele>165</ele>
      </trkpt>
      <trkpt lat="50.00278" lon="3.4196">
        <ele>167</ele>
      </trkpt>
      <trkpt lat="50.00231" lon="3.42134">
        <ele>157</ele>
      </trkpt>
      <trkpt lat="50.00216" lon="3.42184">
        <ele>153</ele>
      </trkpt>
      <trkpt lat="50.00154" lon="3.42351">
        <ele>145</ele>
      </trkpt>
      <trkpt lat="50.00071" lon="3.42573">
        <ele>147</ele>
      </trkpt>
      <trkpt lat="49.99961" lon="3.42866">
        <ele>156</ele>
      </trkpt>
      <trkpt lat="49.99915" lon="3.42987">
        <ele>154</ele>
      </trkpt>
      <trkpt lat="49.99865" lon="3.43121">
        <ele>149</ele>
      </trkpt>
      <trkpt lat="49.99835" lon="3.43198">
        <ele>148</ele>
      </trkpt>
      <trkpt lat="49.99817" lon="3.43232">
        <ele>148</ele>
      </trkpt>
      <trkpt lat="49.99743" lon="3.43346">
        <ele>142</ele>
      </trkpt>
      <trkpt lat="49.99609" lon="3.43549">
        <ele>138</ele>
      </trkpt>
      <trkpt lat="49.99544" lon="3.43646">
        <ele>141</ele>
      </trkpt>
      <trkpt lat="49.99489" lon="3.43738">
        <ele>143</ele>
      </trkpt>
      <trkpt lat="49.9937" lon="3.43938">
        <ele>143</ele>
      </trkpt>
      <trkpt lat="49.99355" lon="3.43963">
        <ele>143</ele>
      </trkpt>
      <trkpt lat="49.99339" lon="3.43993">
        <ele>143</ele>
      </trkpt>
      <trkpt lat="49.99335" lon="3.44004">
        <ele>143</ele>
      </trkpt>
      <trkpt lat="49.99331" lon="3.4402">
        <ele>143</ele>
      </trkpt>
      <trkpt lat="49.99316" lon="3.44081">
        <ele>143</ele>
      </trkpt>
      <trkpt lat="49.99309" lon="3.44133">
        <ele>141</ele>
      </trkpt>
      <trkpt lat="49.99305" lon="3.44208">
        <ele>139</ele>
      </trkpt>
      <trkpt lat="49.99311" lon="3.44288">
        <ele>138</ele>
      </trkpt>
      <trkpt lat="49.99319" lon="3.4436">
        <ele>138</ele>
      </trkpt>
      <trkpt lat="49.99332" lon="3.44474">
        <ele>139</ele>
      </trkpt>
      <trkpt lat="49.99345" lon="3.4459">
        <ele>138</ele>
      </trkpt>
      <trkpt lat="49.99365" lon="3.44755">
        <ele>139</ele>
      </trkpt>
      <trkpt lat="49.9937" lon="3.44814">
        <ele>139</ele>
      </trkpt>
      <trkpt lat="49.99367" lon="3.44875">
        <ele>139</ele>
      </trkpt>
      <trkpt lat="49.99361" lon="3.44921">
        <ele>139</ele>
      </trkpt>
      <trkpt lat="49.99347" lon="3.44966">
        <ele>139</ele>
      </trkpt>
      <trkpt lat="49.99328" lon="3.4501">
        <ele>138</ele>
      </trkpt>
      <trkpt lat="49.993" lon="3.45052">
        <ele>137</ele>
      </trkpt>
      <trkpt lat="49.99277" lon="3.45077">
        <ele>137</ele>
      </trkpt>
      <trkpt lat="49.99259" lon="3.45094">
        <ele>136</ele>
      </trkpt>
      <trkpt lat="49.99231" lon="3.45104">
        <ele>135</ele>
      </trkpt>
      <trkpt lat="49.99188" lon="3.45122">
        <ele>134</ele>
      </trkpt>
      <trkpt lat="49.99073" lon="3.45174">
        <ele>129</ele>
      </trkpt>
      <trkpt lat="49.99029" lon="3.45194">
        <ele>129</ele>
      </trkpt>
      <trkpt lat="49.99015" lon="3.45195">
        <ele>129</ele>
      </trkpt>
      <trkpt lat="49.98995" lon="3.45188">
        <ele>130</ele>
      </trkpt>
      <trkpt lat="49.98931" lon="3.45161">
        <ele>130</ele>
      </trkpt>
      <trkpt lat="49.98923" lon="3.45158">
        <ele>130</ele>
      </trkpt>
      <trkpt lat="49.98915" lon="3.45161">
        <ele>130</ele>
      </trkpt>
      <trkpt lat="49.98891" lon="3.45177">
        <ele>131</ele>
      </trkpt>
      <trkpt lat="49.98834" lon="3.4522">
        <ele>132</ele>
      </trkpt>
      <trkpt lat="49.98815" lon="3.45239">
        <ele>133</ele>
      </trkpt>
      <trkpt lat="49.98804" lon="3.45256">
        <ele>135</ele>
      </trkpt>
      <trkpt lat="49.98761" lon="3.45332">
        <ele>138</ele>
      </trkpt>
      <trkpt lat="49.98704" lon="3.4543">
        <ele>137</ele>
      </trkpt>
      <trkpt lat="49.98692" lon="3.45448">
        <ele>137</ele>
      </trkpt>
      <trkpt lat="49.98689" lon="3.45452">
        <ele>137</ele>
      </trkpt>
      <trkpt lat="49.98676" lon="3.45458">
        <ele>137</ele>
      </trkpt>
      <trkpt lat="49.9866" lon="3.45465">
        <ele>136</ele>
      </trkpt>
      <trkpt lat="49.98545" lon="3.45507">
        <ele>132</ele>
      </trkpt>
      <trkpt lat="49.9852" lon="3.45513">
        <ele>131</ele>
      </trkpt>
      <trkpt lat="49.98516" lon="3.45514">
        <ele>131</ele>
      </trkpt>
      <trkpt lat="49.98512" lon="3.45518">
        <ele>131</ele>
      </trkpt>
      <trkpt lat="49.9851" lon="3.45521">
        <ele>131</ele>
      </trkpt>
      <trkpt lat="49.98509" lon="3.45524">
        <ele>131</ele>
      </trkpt>
      <trkpt lat="49.98507" lon="3.45534">
        <ele>131</ele>
      </trkpt>
      <trkpt lat="49.98518" lon="3.45601">
        <ele>131</ele>
      </trkpt>
      <trkpt lat="49.98537" lon="3.45714">
        <ele>130</ele>
      </trkpt>
      <trkpt lat="49.98553" lon="3.45809">
        <ele>130</ele>
      </trkpt>
      <trkpt lat="49.98556" lon="3.45829">
        <ele>130</ele>
      </trkpt>
      <trkpt lat="49.98551" lon="3.45853">
        <ele>130</ele>
      </trkpt>
      <trkpt lat="49.98541" lon="3.45884">
        <ele>131</ele>
      </trkpt>
      <trkpt lat="49.98529" lon="3.45909">
        <ele>131</ele>
      </trkpt>
      <trkpt lat="49.985" lon="3.45963">
        <ele>131</ele>
      </trkpt>
      <trkpt lat="49.98477" lon="3.4601">
        <ele>131</ele>
      </trkpt>
      <trkpt lat="49.98443" lon="3.4607">
        <ele>133</ele>
      </trkpt>
      <trkpt lat="49.98424" lon="3.46096">
        <ele>135</ele>
      </trkpt>
      <trkpt lat="49.9839" lon="3.46132">
        <ele>137</ele>
      </trkpt>
      <trkpt lat="49.98331" lon="3.46186">
        <ele>136</ele>
      </trkpt>
      <trkpt lat="49.98309" lon="3.46225">
        <ele>136</ele>
      </trkpt>
      <trkpt lat="49.98296" lon="3.46262">
        <ele>136</ele>
      </trkpt>
      <trkpt lat="49.98268" lon="3.46345">
        <ele>134</ele>
      </trkpt>
      <trkpt lat="49.98241" lon="3.46428">
        <ele>131</ele>
      </trkpt>
      <trkpt lat="49.98125" lon="3.46773">
        <ele>127</ele>
      </trkpt>
      <trkpt lat="49.98096" lon="3.46862">
        <ele>127</ele>
      </trkpt>
      <trkpt lat="49.98067" lon="3.46939">
        <ele>125</ele>
      </trkpt>
      <trkpt lat="49.9799" lon="3.47133">
        <ele>127</ele>
      </trkpt>
      <trkpt lat="49.97956" lon="3.47216">
        <ele>129</ele>
      </trkpt>
      <trkpt lat="49.97932" lon="3.47272">
        <ele>131</ele>
      </trkpt>
      <trkpt lat="49.97912" lon="3.47312">
        <ele>131</ele>
      </trkpt>
      <trkpt lat="49.97886" lon="3.47359">
        <ele>131</ele>
      </trkpt>
      <trkpt lat="49.97827" lon="3.47462">
        <ele>128</ele>
      </trkpt>
      <trkpt lat="49.97759" lon="3.47581">
        <ele>126</ele>
      </trkpt>
      <trkpt lat="49.97613" lon="3.47833">
        <ele>125</ele>
      </trkpt>
      <trkpt lat="49.97581" lon="3.47893">
        <ele>126</ele>
      </trkpt>
      <trkpt lat="49.97566" lon="3.47931">
        <ele>127</ele>
      </trkpt>
      <trkpt lat="49.9755" lon="3.4799">
        <ele>127</ele>
      </trkpt>
      <trkpt lat="49.97535" lon="3.48058">
        <ele>129</ele>
      </trkpt>
      <trkpt lat="49.97502" lon="3.48205">
        <ele>130</ele>
      </trkpt>
      <trkpt lat="49.97466" lon="3.48375">
        <ele>127</ele>
      </trkpt>
      <trkpt lat="49.9741" lon="3.48633">
        <ele>125</ele>
      </trkpt>
      <trkpt lat="49.97332" lon="3.48989">
        <ele>127</ele>
      </trkpt>
      <trkpt lat="49.97267" lon="3.49283">
        <ele>131</ele>
      </trkpt>
      <trkpt lat="49.97235" lon="3.4943">
        <ele>129</ele>
      </trkpt>
      <trkpt lat="49.97223" lon="3.49461">
        <ele>128</ele>
      </trkpt>
      <trkpt lat="49.97207" lon="3.49487">
        <ele>128</ele>
      </trkpt>
      <trkpt lat="49.97136" lon="3.49571">
        <ele>128</ele>
      </trkpt>
      <trkpt lat="49.97079" lon="3.49639">
        <ele>128</ele>
      </trkpt>
      <trkpt lat="49.96829" lon="3.49937">
        <ele>127</ele>
      </trkpt>
      <trkpt lat="49.96708" lon="3.50077">
        <ele>128</ele>
      </trkpt>
      <trkpt lat="49.96695" lon="3.50091">
        <ele>130</ele>
      </trkpt>
      <trkpt lat="49.96675" lon="3.50108">
        <ele>130</ele>
      </trkpt>
      <trkpt lat="49.96591" lon="3.50168">
        <ele>130</ele>
      </trkpt>
      <trkpt lat="49.96536" lon="3.50206">
        <ele>129</ele>
      </trkpt>
      <trkpt lat="49.96509" lon="3.50224">
        <ele>129</ele>
      </trkpt>
      <trkpt lat="49.96484" lon="3.5024">
        <ele>128</ele>
      </trkpt>
      <trkpt lat="49.96345" lon="3.50335">
        <ele>130</ele>
      </trkpt>
      <trkpt lat="49.96099" lon="3.50504">
        <ele>133</ele>
      </trkpt>
      <trkpt lat="49.9595" lon="3.5061">
        <ele>130</ele>
      </trkpt>
      <trkpt lat="49.95895" lon="3.50648">
        <ele>130</ele>
      </trkpt>
      <trkpt lat="49.95704" lon="3.50779">
        <ele>132</ele>
      </trkpt>
      <trkpt lat="49.95245" lon="3.51096">
        <ele>137</ele>
      </trkpt>
      <trkpt lat="49.95178" lon="3.51143">
        <ele>137</ele>
      </trkpt>
      <trkpt lat="49.95032" lon="3.51243">
        <ele>139</ele>
      </trkpt>
      <trkpt lat="49.94988" lon="3.51274">
        <ele>143</ele>
      </trkpt>
      <trkpt lat="49.94929" lon="3.51314">
        <ele>145</ele>
      </trkpt>
      <trkpt lat="49.94758" lon="3.5143">
        <ele>147</ele>
      </trkpt>
      <trkpt lat="49.94669" lon="3.51493">
        <ele>151</ele>
      </trkpt>
      <trkpt lat="49.94589" lon="3.51547">
        <ele>156</ele>
      </trkpt>
      <trkpt lat="49.94474" lon="3.51625">
        <ele>160</ele>
      </trkpt>
      <trkpt lat="49.94198" lon="3.51816">
        <ele>166</ele>
      </trkpt>
      <trkpt lat="49.94128" lon="3.51871">
        <ele>164</ele>
      </trkpt>
      <trkpt lat="49.94044" lon="3.5194">
        <ele>160</ele>
      </trkpt>
      <trkpt lat="49.93907" lon="3.5205">
        <ele>161</ele>
      </trkpt>
      <trkpt lat="49.93822" lon="3.5212">
        <ele>161</ele>
      </trkpt>
      <trkpt lat="49.93729" lon="3.52194">
        <ele>164</ele>
      </trkpt>
      <trkpt lat="49.93695" lon="3.52219">
        <ele>165</ele>
      </trkpt>
      <trkpt lat="49.93674" lon="3.52224">
        <ele>164</ele>
      </trkpt>
      <trkpt lat="49.93642" lon="3.52223">
        <ele>166</ele>
      </trkpt>
      <trkpt lat="49.93606" lon="3.5222">
        <ele>166</ele>
      </trkpt>
      <trkpt lat="49.93542" lon="3.52215">
        <ele>167</ele>
      </trkpt>
      <trkpt lat="49.93519" lon="3.52218">
        <ele>167</ele>
      </trkpt>
      <trkpt lat="49.93495" lon="3.52229">
        <ele>166</ele>
      </trkpt>
      <trkpt lat="49.93473" lon="3.52242">
        <ele>166</ele>
      </trkpt>
      <trkpt lat="49.93417" lon="3.52272">
        <ele>163</ele>
      </trkpt>
      <trkpt lat="49.93379" lon="3.52303">
        <ele>160</ele>
      </trkpt>
      <trkpt lat="49.93364" lon="3.52323">
        <ele>159</ele>
      </trkpt>
      <trkpt lat="49.93355" lon="3.52337">
        <ele>159</ele>
      </trkpt>
      <trkpt lat="49.93316" lon="3.52415">
        <ele>156</ele>
      </trkpt>
      <trkpt lat="49.93257" lon="3.5253">
        <ele>154</ele>
      </trkpt>
      <trkpt lat="49.93171" lon="3.52701">
        <ele>151</ele>
      </trkpt>
      <trkpt lat="49.93133" lon="3.5278">
        <ele>150</ele>
      </trkpt>
      <trkpt lat="49.93049" lon="3.52943">
        <ele>149</ele>
      </trkpt>
      <trkpt lat="49.92936" lon="3.53162">
        <ele>149</ele>
      </trkpt>
      <trkpt lat="49.92897" lon="3.53242">
        <ele>150</ele>
      </trkpt>
      <trkpt lat="49.92879" lon="3.53283">
        <ele>152</ele>
      </trkpt>
      <trkpt lat="49.92872" lon="3.53308">
        <ele>152</ele>
      </trkpt>
      <trkpt lat="49.92863" lon="3.53353">
        <ele>153</ele>
      </trkpt>
      <trkpt lat="49.92858" lon="3.53412">
        <ele>154</ele>
      </trkpt>
      <trkpt lat="49.9284" lon="3.5366">
        <ele>154</ele>
      </trkpt>
      <trkpt lat="49.92819" lon="3.53936">
        <ele>150</ele>
      </trkpt>
      <trkpt lat="49.92803" lon="3.54151">
        <ele>149</ele>
      </trkpt>
      <trkpt lat="49.9279" lon="3.54331">
        <ele>148</ele>
      </trkpt>
      <trkpt lat="49.92788" lon="3.54361">
        <ele>148</ele>
      </trkpt>
      <trkpt lat="49.92781" lon="3.5442">
        <ele>146</ele>
      </trkpt>
      <trkpt lat="49.92751" lon="3.54562">
        <ele>146</ele>
      </trkpt>
      <trkpt lat="49.92662" lon="3.54971">
        <ele>142</ele>
      </trkpt>
      <trkpt lat="49.92643" lon="3.55047">
        <ele>143</ele>
      </trkpt>
      <trkpt lat="49.92634" lon="3.55074">
        <ele>143</ele>
      </trkpt>
      <trkpt lat="49.92623" lon="3.55093">
        <ele>145</ele>
      </trkpt>
      <trkpt lat="49.92585" lon="3.55141">
        <ele>146</ele>
      </trkpt>
      <trkpt lat="49.92519" lon="3.55215">
        <ele>147</ele>
      </trkpt>
      <trkpt lat="49.92321" lon="3.55436">
        <ele>144</ele>
      </trkpt>
      <trkpt lat="49.92105" lon="3.55675">
        <ele>135</ele>
      </trkpt>
      <trkpt lat="49.9194" lon="3.55857">
        <ele>126</ele>
      </trkpt>
      <trkpt lat="49.91878" lon="3.55926">
        <ele>123</ele>
      </trkpt>
      <trkpt lat="49.91846" lon="3.55958">
        <ele>123</ele>
      </trkpt>
      <trkpt lat="49.9183" lon="3.55968">
        <ele>122</ele>
      </trkpt>
      <trkpt lat="49.91811" lon="3.55973">
        <ele>122</ele>
      </trkpt>
      <trkpt lat="49.91708" lon="3.55974">
        <ele>118</ele>
      </trkpt>
      <trkpt lat="49.9153" lon="3.55971">
        <ele>109</ele>
      </trkpt>
      <trkpt lat="49.91516" lon="3.55974">
        <ele>108</ele>
      </trkpt>
      <trkpt lat="49.91505" lon="3.55984">
        <ele>107</ele>
      </trkpt>
      <trkpt lat="49.91503" lon="3.55991">
        <ele>106</ele>
      </trkpt>
      <trkpt lat="49.91501" lon="3.56007">
        <ele>104</ele>
      </trkpt>
      <trkpt lat="49.91504" lon="3.56024">
        <ele>102</ele>
      </trkpt>
      <trkpt lat="49.91508" lon="3.56033">
        <ele>102</ele>
      </trkpt>
      <trkpt lat="49.91532" lon="3.56065">
        <ele>101</ele>
      </trkpt>
      <trkpt lat="49.9161" lon="3.56157">
        <ele>98</ele>
      </trkpt>
      <trkpt lat="49.91681" lon="3.56239">
        <ele>97</ele>
      </trkpt>
      <trkpt lat="49.917" lon="3.56264">
        <ele>95</ele>
      </trkpt>
      <trkpt lat="49.91706" lon="3.56279">
        <ele>95</ele>
      </trkpt>
      <trkpt lat="49.91708" lon="3.56291">
        <ele>95</ele>
      </trkpt>
      <trkpt lat="49.91706" lon="3.56301">
        <ele>94</ele>
      </trkpt>
      <trkpt lat="49.91679" lon="3.56359">
        <ele>90</ele>
      </trkpt>
      <trkpt lat="49.91666" lon="3.56398">
        <ele>88</ele>
      </trkpt>
      <trkpt lat="49.91646" lon="3.565">
        <ele>87</ele>
      </trkpt>
      <trkpt lat="49.91624" lon="3.56602">
        <ele>87</ele>
      </trkpt>
      <trkpt lat="49.91611" lon="3.56666">
        <ele>87</ele>
      </trkpt>
      <trkpt lat="49.91601" lon="3.56702">
        <ele>86</ele>
      </trkpt>
      <trkpt lat="49.91584" lon="3.56767">
        <ele>86</ele>
      </trkpt>
      <trkpt lat="49.91579" lon="3.56807">
        <ele>86</ele>
      </trkpt>
      <trkpt lat="49.91581" lon="3.56935">
        <ele>86</ele>
      </trkpt>
      <trkpt lat="49.91585" lon="3.57123">
        <ele>87</ele>
      </trkpt>
      <trkpt lat="49.91588" lon="3.57218">
        <ele>89</ele>
      </trkpt>
      <trkpt lat="49.91593" lon="3.57301">
        <ele>92</ele>
      </trkpt>
      <trkpt lat="49.91597" lon="3.57368">
        <ele>95</ele>
      </trkpt>
      <trkpt lat="49.91606" lon="3.57402">
        <ele>97</ele>
      </trkpt>
      <trkpt lat="49.91634" lon="3.5747">
        <ele>100</ele>
      </trkpt>
      <trkpt lat="49.91654" lon="3.57516">
        <ele>102</ele>
      </trkpt>
      <trkpt lat="49.9167" lon="3.57538">
        <ele>99</ele>
      </trkpt>
      <trkpt lat="49.91697" lon="3.57566">
        <ele>100</ele>
      </trkpt>
      <trkpt lat="49.91771" lon="3.5765">
        <ele>103</ele>
      </trkpt>
      <trkpt lat="49.91813" lon="3.57698">
        <ele>106</ele>
      </trkpt>
      <trkpt lat="49.91821" lon="3.57717">
        <ele>107</ele>
      </trkpt>
      <trkpt lat="49.91823" lon="3.57732">
        <ele>108</ele>
      </trkpt>
      <trkpt lat="49.91822" lon="3.57743">
        <ele>108</ele>
      </trkpt>
      <trkpt lat="49.91815" lon="3.57757">
        <ele>111</ele>
      </trkpt>
      <trkpt lat="49.91809" lon="3.57761">
        <ele>112</ele>
      </trkpt>
      <trkpt lat="49.918" lon="3.57762">
        <ele>113</ele>
      </trkpt>
      <trkpt lat="49.91789" lon="3.57762">
        <ele>113</ele>
      </trkpt>
      <trkpt lat="49.91748" lon="3.57753">
        <ele>115</ele>
      </trkpt>
      <trkpt lat="49.91694" lon="3.57743">
        <ele>116</ele>
      </trkpt>
      <trkpt lat="49.91672" lon="3.5774">
        <ele>117</ele>
      </trkpt>
      <trkpt lat="49.91651" lon="3.57742">
        <ele>117</ele>
      </trkpt>
      <trkpt lat="49.91624" lon="3.57753">
        <ele>119</ele>
      </trkpt>
      <trkpt lat="49.91608" lon="3.57767">
        <ele>119</ele>
      </trkpt>
      <trkpt lat="49.91594" lon="3.57782">
        <ele>120</ele>
      </trkpt>
      <trkpt lat="49.91491" lon="3.5792">
        <ele>127</ele>
      </trkpt>
      <trkpt lat="49.91471" lon="3.57956">
        <ele>127</ele>
      </trkpt>
      <trkpt lat="49.91441" lon="3.58032">
        <ele>129</ele>
      </trkpt>
      <trkpt lat="49.91409" lon="3.58113">
        <ele>129</ele>
      </trkpt>
      <trkpt lat="49.91368" lon="3.58207">
        <ele>131</ele>
      </trkpt>
      <trkpt lat="49.91307" lon="3.58344">
        <ele>136</ele>
      </trkpt>
      <trkpt lat="49.91265" lon="3.58436">
        <ele>140</ele>
      </trkpt>
      <trkpt lat="49.9124" lon="3.58523">
        <ele>142</ele>
      </trkpt>
      <trkpt lat="49.91222" lon="3.58576">
        <ele>143</ele>
      </trkpt>
      <trkpt lat="49.91209" lon="3.58607">
        <ele>144</ele>
      </trkpt>
      <trkpt lat="49.91191" lon="3.5864">
        <ele>145</ele>
      </trkpt>
      <trkpt lat="49.91165" lon="3.58679">
        <ele>147</ele>
      </trkpt>
      <trkpt lat="49.91106" lon="3.58764">
        <ele>148</ele>
      </trkpt>
      <trkpt lat="49.91065" lon="3.58828">
        <ele>148</ele>
      </trkpt>
      <trkpt lat="49.91056" lon="3.5884">
        <ele>148</ele>
      </trkpt>
      <trkpt lat="49.91029" lon="3.58869">
        <ele>148</ele>
      </trkpt>
      <trkpt lat="49.90971" lon="3.58914">
        <ele>147</ele>
      </trkpt>
      <trkpt lat="49.90922" lon="3.58951">
        <ele>148</ele>
      </trkpt>
      <trkpt lat="49.90892" lon="3.58977">
        <ele>148</ele>
      </trkpt>
      <trkpt lat="49.90855" lon="3.59017">
        <ele>147</ele>
      </trkpt>
      <trkpt lat="49.90817" lon="3.59066">
        <ele>146</ele>
      </trkpt>
      <trkpt lat="49.90746" lon="3.59167">
        <ele>144</ele>
      </trkpt>
      <trkpt lat="49.90638" lon="3.59322">
        <ele>137</ele>
      </trkpt>
      <trkpt lat="49.90612" lon="3.59362">
        <ele>136</ele>
      </trkpt>
      <trkpt lat="49.90601" lon="3.59385">
        <ele>135</ele>
      </trkpt>
      <trkpt lat="49.90592" lon="3.59406">
        <ele>134</ele>
      </trkpt>
      <trkpt lat="49.9057" lon="3.59469">
        <ele>133</ele>
      </trkpt>
      <trkpt lat="49.90557" lon="3.59528">
        <ele>133</ele>
      </trkpt>
      <trkpt lat="49.90554" lon="3.59568">
        <ele>132</ele>
      </trkpt>
      <trkpt lat="49.90555" lon="3.59593">
        <ele>131</ele>
      </trkpt>
      <trkpt lat="49.90563" lon="3.59653">
        <ele>130</ele>
      </trkpt>
      <trkpt lat="49.90579" lon="3.59728">
        <ele>129</ele>
      </trkpt>
      <trkpt lat="49.9061" lon="3.5988">
        <ele>129</ele>
      </trkpt>
      <trkpt lat="49.90639" lon="3.60018">
        <ele>123</ele>
      </trkpt>
      <trkpt lat="49.90663" lon="3.60137">
        <ele>119</ele>
      </trkpt>
      <trkpt lat="49.90675" lon="3.60181">
        <ele>115</ele>
      </trkpt>
      <trkpt lat="49.90689" lon="3.60204">
        <ele>116</ele>
      </trkpt>
      <trkpt lat="49.90697" lon="3.60214">
        <ele>116</ele>
      </trkpt>
      <trkpt lat="49.90707" lon="3.60222">
        <ele>116</ele>
      </trkpt>
      <trkpt lat="49.90728" lon="3.60233">
        <ele>117</ele>
      </trkpt>
      <trkpt lat="49.90778" lon="3.60242">
        <ele>116</ele>
      </trkpt>
      <trkpt lat="49.90796" lon="3.60249">
        <ele>116</ele>
      </trkpt>
      <trkpt lat="49.90833" lon="3.60269">
        <ele>121</ele>
      </trkpt>
      <trkpt lat="49.90855" lon="3.60285">
        <ele>121</ele>
      </trkpt>
      <trkpt lat="49.90875" lon="3.60296">
        <ele>121</ele>
      </trkpt>
      <trkpt lat="49.90911" lon="3.60315">
        <ele>120</ele>
      </trkpt>
      <trkpt lat="49.90936" lon="3.60331">
        <ele>118</ele>
      </trkpt>
      <trkpt lat="49.90958" lon="3.60355">
        <ele>118</ele>
      </trkpt>
      <trkpt lat="49.9097" lon="3.60369">
        <ele>117</ele>
      </trkpt>
      <trkpt lat="49.91012" lon="3.60431">
        <ele>110</ele>
      </trkpt>
      <trkpt lat="49.91023" lon="3.60454">
        <ele>110</ele>
      </trkpt>
      <trkpt lat="49.91028" lon="3.60471">
        <ele>110</ele>
      </trkpt>
      <trkpt lat="49.91029" lon="3.60489">
        <ele>109</ele>
      </trkpt>
      <trkpt lat="49.91028" lon="3.60516">
        <ele>104</ele>
      </trkpt>
      <trkpt lat="49.91022" lon="3.60534">
        <ele>104</ele>
      </trkpt>
      <trkpt lat="49.91014" lon="3.60555">
        <ele>103</ele>
      </trkpt>
      <trkpt lat="49.90997" lon="3.60582">
        <ele>104</ele>
      </trkpt>
      <trkpt lat="49.90952" lon="3.6063">
        <ele>106</ele>
      </trkpt>
      <trkpt lat="49.90912" lon="3.60673">
        <ele>107</ele>
      </trkpt>
      <trkpt lat="49.90881" lon="3.60712">
        <ele>108</ele>
      </trkpt>
      <trkpt lat="49.90745" lon="3.60897">
        <ele>109</ele>
      </trkpt>
      <trkpt lat="49.9071" lon="3.60947">
        <ele>105</ele>
      </trkpt>
      <trkpt lat="49.90687" lon="3.60984">
        <ele>104</ele>
      </trkpt>
      <trkpt lat="49.9065" lon="3.61052">
        <ele>102</ele>
      </trkpt>
      <trkpt lat="49.90637" lon="3.61075">
        <ele>102</ele>
      </trkpt>
      <trkpt lat="49.90582" lon="3.61141">
        <ele>102</ele>
      </trkpt>
      <trkpt lat="49.90525" lon="3.61205">
        <ele>100</ele>
      </trkpt>
      <trkpt lat="49.90498" lon="3.61236">
        <ele>103</ele>
      </trkpt>
      <trkpt lat="49.90481" lon="3.61262">
        <ele>101</ele>
      </trkpt>
      <trkpt lat="49.90414" lon="3.61387">
        <ele>105</ele>
      </trkpt>
      <trkpt lat="49.90359" lon="3.61495">
        <ele>105</ele>
      </trkpt>
      <trkpt lat="49.90346" lon="3.61538">
        <ele>102</ele>
      </trkpt>
      <trkpt lat="49.90327" lon="3.61615">
        <ele>107</ele>
      </trkpt>
      <trkpt lat="49.90287" lon="3.61786">
        <ele>101</ele>
      </trkpt>
      <trkpt lat="49.90284" lon="3.61805">
        <ele>101</ele>
      </trkpt>
      <trkpt lat="49.90284" lon="3.6183">
        <ele>101</ele>
      </trkpt>
      <trkpt lat="49.90333" lon="3.62031">
        <ele>97</ele>
      </trkpt>
      <trkpt lat="49.9034" lon="3.62072">
        <ele>97</ele>
      </trkpt>
      <trkpt lat="49.90342" lon="3.62098">
        <ele>97</ele>
      </trkpt>
      <trkpt lat="49.90344" lon="3.62158">
        <ele>97</ele>
      </trkpt>
      <trkpt lat="49.90351" lon="3.62458">
        <ele>99</ele>
      </trkpt>
      <trkpt lat="49.9035" lon="3.62497">
        <ele>99</ele>
      </trkpt>
      <trkpt lat="49.90341" lon="3.62524">
        <ele>99</ele>
      </trkpt>
      <trkpt lat="49.90328" lon="3.62544">
        <ele>97</ele>
      </trkpt>
      <trkpt lat="49.90313" lon="3.62558">
        <ele>97</ele>
      </trkpt>
      <trkpt lat="49.90298" lon="3.62568">
        <ele>97</ele>
      </trkpt>
      <trkpt lat="49.90197" lon="3.62627">
        <ele>97</ele>
      </trkpt>
      <trkpt lat="49.90135" lon="3.62665">
        <ele>98</ele>
      </trkpt>
      <trkpt lat="49.90121" lon="3.62674">
        <ele>98</ele>
      </trkpt>
      <trkpt lat="49.90096" lon="3.62685">
        <ele>98</ele>
      </trkpt>
      <trkpt lat="49.90058" lon="3.62699">
        <ele>98</ele>
      </trkpt>
      <trkpt lat="49.90042" lon="3.62708">
        <ele>98</ele>
      </trkpt>
      <trkpt lat="49.90024" lon="3.62727">
        <ele>99</ele>
      </trkpt>
      <trkpt lat="49.89987" lon="3.62766">
        <ele>99</ele>
      </trkpt>
      <trkpt lat="49.89973" lon="3.62776">
        <ele>99</ele>
      </trkpt>
      <trkpt lat="49.89898" lon="3.62819">
        <ele>99</ele>
      </trkpt>
      <trkpt lat="49.89881" lon="3.62754">
        <ele>98</ele>
      </trkpt>
      <trkpt lat="49.89817" lon="3.62794">
        <ele>97</ele>
      </trkpt>
      <trkpt lat="49.89798" lon="3.62807">
        <ele>97</ele>
      </trkpt>
      <trkpt lat="49.89785" lon="3.6281">
        <ele>97</ele>
      </trkpt>
      <trkpt lat="49.89778" lon="3.6281">
        <ele>98</ele>
      </trkpt>
      <trkpt lat="49.89771" lon="3.62807">
        <ele>98</ele>
      </trkpt>
      <trkpt lat="49.89754" lon="3.62796">
        <ele>98</ele>
      </trkpt>
      <trkpt lat="49.89745" lon="3.6279">
        <ele>99</ele>
      </trkpt>
      <trkpt lat="49.89737" lon="3.62778">
        <ele>99</ele>
      </trkpt>
      <trkpt lat="49.8973" lon="3.62767">
        <ele>99</ele>
      </trkpt>
      <trkpt lat="49.8972" lon="3.62734">
        <ele>99</ele>
      </trkpt>
      <trkpt lat="49.89666" lon="3.62553">
        <ele>113</ele>
      </trkpt>
      <trkpt lat="49.89553" lon="3.6264">
        <ele>108</ele>
      </trkpt>
      <trkpt lat="49.8953" lon="3.62673">
        <ele>105</ele>
      </trkpt>
      <trkpt lat="49.89495" lon="3.62762">
        <ele>106</ele>
      </trkpt>
      <trkpt lat="49.89398" lon="3.62959">
        <ele>109</ele>
      </trkpt>
      <trkpt lat="49.89375" lon="3.63009">
        <ele>108</ele>
      </trkpt>
      <trkpt lat="49.89357" lon="3.63062">
        <ele>109</ele>
      </trkpt>
      <trkpt lat="49.89341" lon="3.63188">
        <ele>105</ele>
      </trkpt>
      <trkpt lat="49.89338" lon="3.63258">
        <ele>105</ele>
      </trkpt>
      <trkpt lat="49.89338" lon="3.63336">
        <ele>103</ele>
      </trkpt>
      <trkpt lat="49.89337" lon="3.63511">
        <ele>102</ele>
      </trkpt>
      <trkpt lat="49.89331" lon="3.63576">
        <ele>106</ele>
      </trkpt>
      <trkpt lat="49.89317" lon="3.63721">
        <ele>108</ele>
      </trkpt>
      <trkpt lat="49.89308" lon="3.638">
        <ele>107</ele>
      </trkpt>
      <trkpt lat="49.89307" lon="3.63828">
        <ele>106</ele>
      </trkpt>
      <trkpt lat="49.89311" lon="3.63855">
        <ele>107</ele>
      </trkpt>
      <trkpt lat="49.89326" lon="3.63896">
        <ele>107</ele>
      </trkpt>
      <trkpt lat="49.89344" lon="3.63951">
        <ele>104</ele>
      </trkpt>
      <trkpt lat="49.89367" lon="3.6404">
        <ele>107</ele>
      </trkpt>
      <trkpt lat="49.89395" lon="3.64168">
        <ele>104</ele>
      </trkpt>
      <trkpt lat="49.89401" lon="3.642">
        <ele>105</ele>
      </trkpt>
      <trkpt lat="49.89407" lon="3.64258">
        <ele>104</ele>
      </trkpt>
      <trkpt lat="49.89406" lon="3.643">
        <ele>106</ele>
      </trkpt>
      <trkpt lat="49.894" lon="3.64336">
        <ele>104</ele>
      </trkpt>
      <trkpt lat="49.89385" lon="3.64372">
        <ele>105</ele>
      </trkpt>
      <trkpt lat="49.8937" lon="3.64396">
        <ele>105</ele>
      </trkpt>
      <trkpt lat="49.89351" lon="3.64419">
        <ele>104</ele>
      </trkpt>
      <trkpt lat="49.8931" lon="3.6446">
        <ele>106</ele>
      </trkpt>
      <trkpt lat="49.89262" lon="3.64506">
        <ele>107</ele>
      </trkpt>
      <trkpt lat="49.89247" lon="3.64523">
        <ele>108</ele>
      </trkpt>
      <trkpt lat="49.89209" lon="3.64548">
        <ele>107</ele>
      </trkpt>
      <trkpt lat="49.89172" lon="3.64563">
        <ele>107</ele>
      </trkpt>
      <trkpt lat="49.8912" lon="3.64561">
        <ele>109</ele>
      </trkpt>
      <trkpt lat="49.8909" lon="3.64558">
        <ele>109</ele>
      </trkpt>
      <trkpt lat="49.8903" lon="3.64544">
        <ele>111</ele>
      </trkpt>
      <trkpt lat="49.89005" lon="3.64542">
        <ele>112</ele>
      </trkpt>
      <trkpt lat="49.88988" lon="3.64547">
        <ele>112</ele>
      </trkpt>
      <trkpt lat="49.88971" lon="3.64557">
        <ele>112</ele>
      </trkpt>
      <trkpt lat="49.88947" lon="3.64581">
        <ele>112</ele>
      </trkpt>
      <trkpt lat="49.88891" lon="3.64647">
        <ele>110</ele>
      </trkpt>
      <trkpt lat="49.88876" lon="3.6467">
        <ele>109</ele>
      </trkpt>
      <trkpt lat="49.88863" lon="3.64701">
        <ele>109</ele>
      </trkpt>
      <trkpt lat="49.88846" lon="3.64756">
        <ele>109</ele>
      </trkpt>
      <trkpt lat="49.88827" lon="3.64804">
        <ele>110</ele>
      </trkpt>
      <trkpt lat="49.88767" lon="3.64917">
        <ele>109</ele>
      </trkpt>
      <trkpt lat="49.88743" lon="3.64977">
        <ele>109</ele>
      </trkpt>
      <trkpt lat="49.88737" lon="3.64995">
        <ele>109</ele>
      </trkpt>
      <trkpt lat="49.88701" lon="3.65114">
        <ele>108</ele>
      </trkpt>
      <trkpt lat="49.88669" lon="3.65221">
        <ele>109</ele>
      </trkpt>
      <trkpt lat="49.88636" lon="3.65356">
        <ele>110</ele>
      </trkpt>
      <trkpt lat="49.88633" lon="3.6538">
        <ele>110</ele>
      </trkpt>
      <trkpt lat="49.88626" lon="3.65437">
        <ele>110</ele>
      </trkpt>
      <trkpt lat="49.88615" lon="3.65552">
        <ele>112</ele>
      </trkpt>
      <trkpt lat="49.88612" lon="3.65601">
        <ele>113</ele>
      </trkpt>
      <trkpt lat="49.88612" lon="3.65707">
        <ele>113</ele>
      </trkpt>
      <trkpt lat="49.88614" lon="3.65766">
        <ele>111</ele>
      </trkpt>
      <trkpt lat="49.88621" lon="3.65931">
        <ele>109</ele>
      </trkpt>
      <trkpt lat="49.88625" lon="3.66045">
        <ele>110</ele>
      </trkpt>
      <trkpt lat="49.88629" lon="3.66116">
        <ele>110</ele>
      </trkpt>
      <trkpt lat="49.88637" lon="3.66179">
        <ele>110</ele>
      </trkpt>
      <trkpt lat="49.88645" lon="3.66238">
        <ele>109</ele>
      </trkpt>
      <trkpt lat="49.88644" lon="3.66275">
        <ele>109</ele>
      </trkpt>
      <trkpt lat="49.88642" lon="3.66308">
        <ele>109</ele>
      </trkpt>
      <trkpt lat="49.88634" lon="3.66354">
        <ele>110</ele>
      </trkpt>
      <trkpt lat="49.88602" lon="3.66489">
        <ele>109</ele>
      </trkpt>
      <trkpt lat="49.88583" lon="3.66546">
        <ele>109</ele>
      </trkpt>
      <trkpt lat="49.88563" lon="3.66587">
        <ele>111</ele>
      </trkpt>
      <trkpt lat="49.88508" lon="3.66685">
        <ele>114</ele>
      </trkpt>
      <trkpt lat="49.8849" lon="3.66719">
        <ele>114</ele>
      </trkpt>
      <trkpt lat="49.88477" lon="3.66755">
        <ele>116</ele>
      </trkpt>
      <trkpt lat="49.88468" lon="3.66799">
        <ele>117</ele>
      </trkpt>
      <trkpt lat="49.88467" lon="3.66847">
        <ele>118</ele>
      </trkpt>
      <trkpt lat="49.88481" lon="3.66988">
        <ele>121</ele>
      </trkpt>
      <trkpt lat="49.8849" lon="3.67081">
        <ele>125</ele>
      </trkpt>
      <trkpt lat="49.8849" lon="3.67113">
        <ele>126</ele>
      </trkpt>
      <trkpt lat="49.88485" lon="3.67151">
        <ele>127</ele>
      </trkpt>
      <trkpt lat="49.88476" lon="3.67178">
        <ele>129</ele>
      </trkpt>
      <trkpt lat="49.88451" lon="3.67214">
        <ele>129</ele>
      </trkpt>
      <trkpt lat="49.88395" lon="3.67282">
        <ele>131</ele>
      </trkpt>
      <trkpt lat="49.88357" lon="3.67336">
        <ele>132</ele>
      </trkpt>
      <trkpt lat="49.88342" lon="3.67364">
        <ele>132</ele>
      </trkpt>
      <trkpt lat="49.88331" lon="3.67392">
        <ele>132</ele>
      </trkpt>
      <trkpt lat="49.88308" lon="3.67472">
        <ele>133</ele>
      </trkpt>
      <trkpt lat="49.88288" lon="3.67554">
        <ele>133</ele>
      </trkpt>
      <trkpt lat="49.8827" lon="3.67612">
        <ele>134</ele>
      </trkpt>
      <trkpt lat="49.88255" lon="3.67659">
        <ele>135</ele>
      </trkpt>
      <trkpt lat="49.8825" lon="3.67681">
        <ele>135</ele>
      </trkpt>
      <trkpt lat="49.88253" lon="3.67698">
        <ele>136</ele>
      </trkpt>
      <trkpt lat="49.88258" lon="3.67709">
        <ele>136</ele>
      </trkpt>
      <trkpt lat="49.88275" lon="3.67728">
        <ele>136</ele>
      </trkpt>
      <trkpt lat="49.88345" lon="3.67807">
        <ele>135</ele>
      </trkpt>
      <trkpt lat="49.88377" lon="3.67851">
        <ele>136</ele>
      </trkpt>
      <trkpt lat="49.8839" lon="3.67873">
        <ele>136</ele>
      </trkpt>
      <trkpt lat="49.88405" lon="3.67884">
        <ele>136</ele>
      </trkpt>
      <trkpt lat="49.88459" lon="3.67932">
        <ele>137</ele>
      </trkpt>
      <trkpt lat="49.88523" lon="3.67989">
        <ele>138</ele>
      </trkpt>
      <trkpt lat="49.88548" lon="3.68017">
        <ele>139</ele>
      </trkpt>
      <trkpt lat="49.88565" lon="3.68046">
        <ele>139</ele>
      </trkpt>
      <trkpt lat="49.88576" lon="3.68075">
        <ele>139</ele>
      </trkpt>
      <trkpt lat="49.88603" lon="3.68196">
        <ele>141</ele>
      </trkpt>
      <trkpt lat="49.88625" lon="3.68296">
        <ele>142</ele>
      </trkpt>
      <trkpt lat="49.88672" lon="3.68512">
        <ele>139</ele>
      </trkpt>
      <trkpt lat="49.88685" lon="3.68569">
        <ele>139</ele>
      </trkpt>
      <trkpt lat="49.88697" lon="3.68604">
        <ele>139</ele>
      </trkpt>
      <trkpt lat="49.88717" lon="3.68643">
        <ele>139</ele>
      </trkpt>
      <trkpt lat="49.88731" lon="3.68666">
        <ele>139</ele>
      </trkpt>
      <trkpt lat="49.88789" lon="3.68761">
        <ele>144</ele>
      </trkpt>
      <trkpt lat="49.88822" lon="3.68817">
        <ele>144</ele>
      </trkpt>
      <trkpt lat="49.88839" lon="3.68854">
        <ele>145</ele>
      </trkpt>
      <trkpt lat="49.88857" lon="3.6891">
        <ele>145</ele>
      </trkpt>
      <trkpt lat="49.88868" lon="3.68959">
        <ele>145</ele>
      </trkpt>
      <trkpt lat="49.88891" lon="3.69062">
        <ele>146</ele>
      </trkpt>
      <trkpt lat="49.88907" lon="3.69145">
        <ele>147</ele>
      </trkpt>
      <trkpt lat="49.88915" lon="3.69197">
        <ele>148</ele>
      </trkpt>
      <trkpt lat="49.88918" lon="3.69239">
        <ele>147</ele>
      </trkpt>
      <trkpt lat="49.88925" lon="3.69328">
        <ele>146</ele>
      </trkpt>
      <trkpt lat="49.88933" lon="3.69379">
        <ele>144</ele>
      </trkpt>
      <trkpt lat="49.88948" lon="3.69426">
        <ele>142</ele>
      </trkpt>
      <trkpt lat="49.88984" lon="3.69516">
        <ele>143</ele>
      </trkpt>
      <trkpt lat="49.89022" lon="3.69611">
        <ele>145</ele>
      </trkpt>
      <trkpt lat="49.89068" lon="3.69735">
        <ele>146</ele>
      </trkpt>
      <trkpt lat="49.89116" lon="3.69871">
        <ele>145</ele>
      </trkpt>
      <trkpt lat="49.89153" lon="3.69982">
        <ele>146</ele>
      </trkpt>
      <trkpt lat="49.89212" lon="3.70218">
        <ele>143</ele>
      </trkpt>
      <trkpt lat="49.89275" lon="3.70468">
        <ele>135</ele>
      </trkpt>
      <trkpt lat="49.89286" lon="3.70529">
        <ele>132</ele>
      </trkpt>
      <trkpt lat="49.89292" lon="3.7057">
        <ele>131</ele>
      </trkpt>
      <trkpt lat="49.89306" lon="3.7067">
        <ele>130</ele>
      </trkpt>
      <trkpt lat="49.89309" lon="3.70717">
        <ele>130</ele>
      </trkpt>
      <trkpt lat="49.8931" lon="3.708">
        <ele>130</ele>
      </trkpt>
      <trkpt lat="49.89309" lon="3.70947">
        <ele>127</ele>
      </trkpt>
      <trkpt lat="49.89309" lon="3.71019">
        <ele>126</ele>
      </trkpt>
      <trkpt lat="49.89311" lon="3.71062">
        <ele>126</ele>
      </trkpt>
      <trkpt lat="49.89316" lon="3.71113">
        <ele>126</ele>
      </trkpt>
      <trkpt lat="49.89326" lon="3.71161">
        <ele>125</ele>
      </trkpt>
      <trkpt lat="49.89346" lon="3.71227">
        <ele>125</ele>
      </trkpt>
      <trkpt lat="49.89373" lon="3.71301">
        <ele>125</ele>
      </trkpt>
      <trkpt lat="49.89395" lon="3.71363">
        <ele>123</ele>
      </trkpt>
      <trkpt lat="49.89407" lon="3.71413">
        <ele>121</ele>
      </trkpt>
      <trkpt lat="49.89439" lon="3.71605">
        <ele>114</ele>
      </trkpt>
      <trkpt lat="49.89451" lon="3.7167">
        <ele>112</ele>
      </trkpt>
      <trkpt lat="49.89463" lon="3.71724">
        <ele>111</ele>
      </trkpt>
      <trkpt lat="49.89484" lon="3.71802">
        <ele>110</ele>
      </trkpt>
      <trkpt lat="49.89492" lon="3.71832">
        <ele>109</ele>
      </trkpt>
      <trkpt lat="49.89502" lon="3.71887">
        <ele>108</ele>
      </trkpt>
      <trkpt lat="49.89505" lon="3.71925">
        <ele>110</ele>
      </trkpt>
      <trkpt lat="49.89505" lon="3.71974">
        <ele>112</ele>
      </trkpt>
      <trkpt lat="49.89505" lon="3.72045">
        <ele>118</ele>
      </trkpt>
      <trkpt lat="49.89507" lon="3.72086">
        <ele>122</ele>
      </trkpt>
      <trkpt lat="49.89513" lon="3.72128">
        <ele>123</ele>
      </trkpt>
      <trkpt lat="49.89528" lon="3.72206">
        <ele>126</ele>
      </trkpt>
      <trkpt lat="49.89565" lon="3.72403">
        <ele>131</ele>
      </trkpt>
      <trkpt lat="49.89592" lon="3.72545">
        <ele>133</ele>
      </trkpt>
      <trkpt lat="49.8963" lon="3.72743">
        <ele>136</ele>
      </trkpt>
      <trkpt lat="49.89638" lon="3.72802">
        <ele>139</ele>
      </trkpt>
      <trkpt lat="49.89644" lon="3.72886">
        <ele>141</ele>
      </trkpt>
      <trkpt lat="49.89659" lon="3.73074">
        <ele>144</ele>
      </trkpt>
      <trkpt lat="49.89667" lon="3.73167">
        <ele>145</ele>
      </trkpt>
      <trkpt lat="49.8967" lon="3.73254">
        <ele>143</ele>
      </trkpt>
      <trkpt lat="49.89672" lon="3.73435">
        <ele>143</ele>
      </trkpt>
      <trkpt lat="49.89675" lon="3.73714">
        <ele>146</ele>
      </trkpt>
      <trkpt lat="49.8967" lon="3.73759">
        <ele>147</ele>
      </trkpt>
      <trkpt lat="49.89663" lon="3.73796">
        <ele>150</ele>
      </trkpt>
      <trkpt lat="49.89644" lon="3.73876">
        <ele>151</ele>
      </trkpt>
      <trkpt lat="49.8963" lon="3.73916">
        <ele>151</ele>
      </trkpt>
      <trkpt lat="49.8961" lon="3.73959">
        <ele>152</ele>
      </trkpt>
      <trkpt lat="49.8959" lon="3.7401">
        <ele>153</ele>
      </trkpt>
      <trkpt lat="49.89586" lon="3.74026">
        <ele>152</ele>
      </trkpt>
      <trkpt lat="49.89583" lon="3.74049">
        <ele>154</ele>
      </trkpt>
      <trkpt lat="49.89587" lon="3.74112">
        <ele>152</ele>
      </trkpt>
      <trkpt lat="49.89598" lon="3.74226">
        <ele>153</ele>
      </trkpt>
      <trkpt lat="49.8961" lon="3.74364">
        <ele>152</ele>
      </trkpt>
      <trkpt lat="49.8961" lon="3.74385">
        <ele>152</ele>
      </trkpt>
      <trkpt lat="49.89605" lon="3.74414">
        <ele>152</ele>
      </trkpt>
      <trkpt lat="49.89599" lon="3.74455">
        <ele>153</ele>
      </trkpt>
      <trkpt lat="49.89588" lon="3.74505">
        <ele>154</ele>
      </trkpt>
      <trkpt lat="49.89568" lon="3.74593">
        <ele>157</ele>
      </trkpt>
      <trkpt lat="49.8955" lon="3.7468">
        <ele>158</ele>
      </trkpt>
      <trkpt lat="49.89522" lon="3.74876">
        <ele>156</ele>
      </trkpt>
      <trkpt lat="49.89494" lon="3.75077">
        <ele>157</ele>
      </trkpt>
      <trkpt lat="49.89478" lon="3.75181">
        <ele>157</ele>
      </trkpt>
      <trkpt lat="49.89459" lon="3.75278">
        <ele>158</ele>
      </trkpt>
      <trkpt lat="49.89441" lon="3.75373">
        <ele>157</ele>
      </trkpt>
      <trkpt lat="49.89438" lon="3.75425">
        <ele>156</ele>
      </trkpt>
      <trkpt lat="49.89442" lon="3.75517">
        <ele>156</ele>
      </trkpt>
      <trkpt lat="49.8945" lon="3.75635">
        <ele>155</ele>
      </trkpt>
      <trkpt lat="49.89451" lon="3.75681">
        <ele>153</ele>
      </trkpt>
      <trkpt lat="49.89446" lon="3.7582">
        <ele>151</ele>
      </trkpt>
      <trkpt lat="49.89439" lon="3.76015">
        <ele>149</ele>
      </trkpt>
      <trkpt lat="49.8943" lon="3.76238">
        <ele>150</ele>
      </trkpt>
      <trkpt lat="49.89427" lon="3.76301">
        <ele>152</ele>
      </trkpt>
      <trkpt lat="49.89427" lon="3.76362">
        <ele>154</ele>
      </trkpt>
      <trkpt lat="49.89429" lon="3.76413">
        <ele>155</ele>
      </trkpt>
      <trkpt lat="49.89435" lon="3.76446">
        <ele>155</ele>
      </trkpt>
      <trkpt lat="49.89463" lon="3.76551">
        <ele>155</ele>
      </trkpt>
      <trkpt lat="49.89481" lon="3.7661">
        <ele>155</ele>
      </trkpt>
      <trkpt lat="49.89501" lon="3.76664">
        <ele>154</ele>
      </trkpt>
      <trkpt lat="49.89585" lon="3.76855">
        <ele>155</ele>
      </trkpt>
      <trkpt lat="49.89604" lon="3.76896">
        <ele>155</ele>
      </trkpt>
      <trkpt lat="49.89628" lon="3.76941">
        <ele>155</ele>
      </trkpt>
      <trkpt lat="49.8968" lon="3.77033">
        <ele>156</ele>
      </trkpt>
      <trkpt lat="49.89717" lon="3.77092">
        <ele>156</ele>
      </trkpt>
      <trkpt lat="49.89757" lon="3.77134">
        <ele>155</ele>
      </trkpt>
      <trkpt lat="49.89797" lon="3.77179">
        <ele>155</ele>
      </trkpt>
      <trkpt lat="49.89826" lon="3.77218">
        <ele>155</ele>
      </trkpt>
      <trkpt lat="49.8984" lon="3.77249">
        <ele>154</ele>
      </trkpt>
      <trkpt lat="49.8985" lon="3.77281">
        <ele>154</ele>
      </trkpt>
      <trkpt lat="49.89858" lon="3.77348">
        <ele>155</ele>
      </trkpt>
      <trkpt lat="49.89869" lon="3.77458">
        <ele>155</ele>
      </trkpt>
      <trkpt lat="49.89933" lon="3.77477">
        <ele>153</ele>
      </trkpt>
      <trkpt lat="49.90007" lon="3.77499">
        <ele>152</ele>
      </trkpt>
      <trkpt lat="49.90028" lon="3.77509">
        <ele>152</ele>
      </trkpt>
      <trkpt lat="49.90044" lon="3.7752">
        <ele>152</ele>
      </trkpt>
      <trkpt lat="49.90055" lon="3.77531">
        <ele>151</ele>
      </trkpt>
      <trkpt lat="49.90061" lon="3.77541">
        <ele>151</ele>
      </trkpt>
      <trkpt lat="49.90068" lon="3.77559">
        <ele>151</ele>
      </trkpt>
      <trkpt lat="49.90078" lon="3.77598">
        <ele>152</ele>
      </trkpt>
      <trkpt lat="49.90088" lon="3.77686">
        <ele>152</ele>
      </trkpt>
      <trkpt lat="49.90093" lon="3.77705">
        <ele>152</ele>
      </trkpt>
      <trkpt lat="49.901" lon="3.77722">
        <ele>151</ele>
      </trkpt>
      <trkpt lat="49.90114" lon="3.77745">
        <ele>151</ele>
      </trkpt>
      <trkpt lat="49.90126" lon="3.77762">
        <ele>150</ele>
      </trkpt>
      <trkpt lat="49.90138" lon="3.77772">
        <ele>150</ele>
      </trkpt>
      <trkpt lat="49.90155" lon="3.77781">
        <ele>150</ele>
      </trkpt>
      <trkpt lat="49.90172" lon="3.77787">
        <ele>149</ele>
      </trkpt>
      <trkpt lat="49.90192" lon="3.77789">
        <ele>149</ele>
      </trkpt>
      <trkpt lat="49.9022" lon="3.7779">
        <ele>149</ele>
      </trkpt>
      <trkpt lat="49.90236" lon="3.778">
        <ele>148</ele>
      </trkpt>
      <trkpt lat="49.90259" lon="3.77824">
        <ele>146</ele>
      </trkpt>
      <trkpt lat="49.90293" lon="3.77861">
        <ele>144</ele>
      </trkpt>
      <trkpt lat="49.90316" lon="3.77883">
        <ele>143</ele>
      </trkpt>
      <trkpt lat="49.90349" lon="3.7791">
        <ele>138</ele>
      </trkpt>
      <trkpt lat="49.90383" lon="3.77942">
        <ele>135</ele>
      </trkpt>
      <trkpt lat="49.90394" lon="3.77957">
        <ele>134</ele>
      </trkpt>
      <trkpt lat="49.90405" lon="3.77981">
        <ele>133</ele>
      </trkpt>
      <trkpt lat="49.90413" lon="3.78016">
        <ele>131</ele>
      </trkpt>
      <trkpt lat="49.90441" lon="3.78234">
        <ele>119</ele>
      </trkpt>
      <trkpt lat="49.90446" lon="3.78288">
        <ele>119</ele>
      </trkpt>
      <trkpt lat="49.90455" lon="3.78349">
        <ele>119</ele>
      </trkpt>
      <trkpt lat="49.90465" lon="3.78435">
        <ele>122</ele>
      </trkpt>
      <trkpt lat="49.9047" lon="3.78498">
        <ele>122</ele>
      </trkpt>
      <trkpt lat="49.90471" lon="3.78554">
        <ele>124</ele>
      </trkpt>
      <trkpt lat="49.90469" lon="3.78641">
        <ele>124</ele>
      </trkpt>
      <trkpt lat="49.90472" lon="3.78686">
        <ele>123</ele>
      </trkpt>
      <trkpt lat="49.90476" lon="3.7871">
        <ele>123</ele>
      </trkpt>
      <trkpt lat="49.90495" lon="3.78774">
        <ele>121</ele>
      </trkpt>
      <trkpt lat="49.90532" lon="3.7888">
        <ele>118</ele>
      </trkpt>
      <trkpt lat="49.90543" lon="3.78913">
        <ele>118</ele>
      </trkpt>
      <trkpt lat="49.90556" lon="3.78968">
        <ele>119</ele>
      </trkpt>
      <trkpt lat="49.90574" lon="3.79066">
        <ele>119</ele>
      </trkpt>
      <trkpt lat="49.90579" lon="3.791">
        <ele>119</ele>
      </trkpt>
      <trkpt lat="49.9058" lon="3.79145">
        <ele>119</ele>
      </trkpt>
      <trkpt lat="49.9058" lon="3.79284">
        <ele>119</ele>
      </trkpt>
      <trkpt lat="49.90577" lon="3.79321">
        <ele>118</ele>
      </trkpt>
      <trkpt lat="49.90569" lon="3.79358">
        <ele>117</ele>
      </trkpt>
      <trkpt lat="49.90561" lon="3.7938">
        <ele>116</ele>
      </trkpt>
      <trkpt lat="49.90548" lon="3.79406">
        <ele>116</ele>
      </trkpt>
      <trkpt lat="49.9048" lon="3.79522">
        <ele>113</ele>
      </trkpt>
      <trkpt lat="49.90467" lon="3.79556">
        <ele>113</ele>
      </trkpt>
      <trkpt lat="49.90456" lon="3.79598">
        <ele>112</ele>
      </trkpt>
      <trkpt lat="49.90426" lon="3.79762">
        <ele>113</ele>
      </trkpt>
      <trkpt lat="49.90412" lon="3.79844">
        <ele>114</ele>
      </trkpt>
      <trkpt lat="49.90403" lon="3.79925">
        <ele>114</ele>
      </trkpt>
      <trkpt lat="49.90387" lon="3.80055">
        <ele>114</ele>
      </trkpt>
      <trkpt lat="49.90375" lon="3.80131">
        <ele>113</ele>
      </trkpt>
      <trkpt lat="49.90367" lon="3.80171">
        <ele>113</ele>
      </trkpt>
      <trkpt lat="49.90338" lon="3.80324">
        <ele>114</ele>
      </trkpt>
      <trkpt lat="49.90306" lon="3.80491">
        <ele>116</ele>
      </trkpt>
      <trkpt lat="49.90294" lon="3.80564">
        <ele>116</ele>
      </trkpt>
      <trkpt lat="49.90279" lon="3.80637">
        <ele>115</ele>
      </trkpt>
      <trkpt lat="49.90261" lon="3.8073">
        <ele>115</ele>
      </trkpt>
      <trkpt lat="49.90218" lon="3.80954">
        <ele>117</ele>
      </trkpt>
      <trkpt lat="49.90155" lon="3.81234">
        <ele>121</ele>
      </trkpt>
      <trkpt lat="49.90113" lon="3.81407">
        <ele>124</ele>
      </trkpt>
      <trkpt lat="49.90104" lon="3.81453">
        <ele>124</ele>
      </trkpt>
      <trkpt lat="49.90102" lon="3.81475">
        <ele>124</ele>
      </trkpt>
      <trkpt lat="49.90104" lon="3.81528">
        <ele>123</ele>
      </trkpt>
      <trkpt lat="49.9011" lon="3.81712">
        <ele>122</ele>
      </trkpt>
      <trkpt lat="49.90116" lon="3.8189">
        <ele>124</ele>
      </trkpt>
      <trkpt lat="49.90118" lon="3.81929">
        <ele>125</ele>
      </trkpt>
      <trkpt lat="49.90125" lon="3.81959">
        <ele>125</ele>
      </trkpt>
      <trkpt lat="49.9014" lon="3.81998">
        <ele>125</ele>
      </trkpt>
      <trkpt lat="49.9017" lon="3.82042">
        <ele>124</ele>
      </trkpt>
      <trkpt lat="49.90183" lon="3.8206">
        <ele>125</ele>
      </trkpt>
      <trkpt lat="49.90209" lon="3.82106">
        <ele>123</ele>
      </trkpt>
      <trkpt lat="49.90217" lon="3.82124">
        <ele>123</ele>
      </trkpt>
      <trkpt lat="49.9022" lon="3.82143">
        <ele>122</ele>
      </trkpt>
      <trkpt lat="49.90221" lon="3.82162">
        <ele>122</ele>
      </trkpt>
      <trkpt lat="49.90217" lon="3.82194">
        <ele>121</ele>
      </trkpt>
      <trkpt lat="49.90179" lon="3.82354">
        <ele>120</ele>
      </trkpt>
      <trkpt lat="49.9017" lon="3.82399">
        <ele>119</ele>
      </trkpt>
      <trkpt lat="49.90167" lon="3.82437">
        <ele>119</ele>
      </trkpt>
      <trkpt lat="49.90165" lon="3.82478">
        <ele>121</ele>
      </trkpt>
      <trkpt lat="49.90162" lon="3.8258">
        <ele>120</ele>
      </trkpt>
      <trkpt lat="49.9016" lon="3.82734">
        <ele>125</ele>
      </trkpt>
      <trkpt lat="49.90164" lon="3.82786">
        <ele>129</ele>
      </trkpt>
      <trkpt lat="49.90169" lon="3.82811">
        <ele>121</ele>
      </trkpt>
      <trkpt lat="49.90184" lon="3.82863">
        <ele>122</ele>
      </trkpt>
      <trkpt lat="49.90202" lon="3.82914">
        <ele>123</ele>
      </trkpt>
      <trkpt lat="49.90246" lon="3.83044">
        <ele>130</ele>
      </trkpt>
      <trkpt lat="49.90272" lon="3.83124">
        <ele>127</ele>
      </trkpt>
      <trkpt lat="49.903" lon="3.83212">
        <ele>126</ele>
      </trkpt>
      <trkpt lat="49.90304" lon="3.83233">
        <ele>125</ele>
      </trkpt>
      <trkpt lat="49.90311" lon="3.83285">
        <ele>123</ele>
      </trkpt>
      <trkpt lat="49.90311" lon="3.83326">
        <ele>123</ele>
      </trkpt>
      <trkpt lat="49.90302" lon="3.83379">
        <ele>121</ele>
      </trkpt>
      <trkpt lat="49.90285" lon="3.83451">
        <ele>121</ele>
      </trkpt>
      <trkpt lat="49.90255" lon="3.83598">
        <ele>122</ele>
      </trkpt>
      <trkpt lat="49.90218" lon="3.83758">
        <ele>127</ele>
      </trkpt>
      <trkpt lat="49.90207" lon="3.83833">
        <ele>128</ele>
      </trkpt>
      <trkpt lat="49.90194" lon="3.83959">
        <ele>128</ele>
      </trkpt>
      <trkpt lat="49.90178" lon="3.8409">
        <ele>128</ele>
      </trkpt>
      <trkpt lat="49.90145" lon="3.84386">
        <ele>132</ele>
      </trkpt>
      <trkpt lat="49.9014" lon="3.84437">
        <ele>132</ele>
      </trkpt>
      <trkpt lat="49.90139" lon="3.84457">
        <ele>133</ele>
      </trkpt>
      <trkpt lat="49.90149" lon="3.84529">
        <ele>134</ele>
      </trkpt>
      <trkpt lat="49.90162" lon="3.84608">
        <ele>134</ele>
      </trkpt>
      <trkpt lat="49.90167" lon="3.84632">
        <ele>131</ele>
      </trkpt>
      <trkpt lat="49.90197" lon="3.84707">
        <ele>131</ele>
      </trkpt>
      <trkpt lat="49.90246" lon="3.84828">
        <ele>130</ele>
      </trkpt>
      <trkpt lat="49.90255" lon="3.8486">
        <ele>129</ele>
      </trkpt>
      <trkpt lat="49.90258" lon="3.84878">
        <ele>130</ele>
      </trkpt>
      <trkpt lat="49.90263" lon="3.8493">
        <ele>132</ele>
      </trkpt>
      <trkpt lat="49.90267" lon="3.85078">
        <ele>134</ele>
      </trkpt>
      <trkpt lat="49.90269" lon="3.85097">
        <ele>134</ele>
      </trkpt>
      <trkpt lat="49.90293" lon="3.85166">
        <ele>133</ele>
      </trkpt>
      <trkpt lat="49.9032" lon="3.85213">
        <ele>134</ele>
      </trkpt>
      <trkpt lat="49.90328" lon="3.85225">
        <ele>134</ele>
      </trkpt>
      <trkpt lat="49.90371" lon="3.85272">
        <ele>134</ele>
      </trkpt>
      <trkpt lat="49.90389" lon="3.85302">
        <ele>134</ele>
      </trkpt>
      <trkpt lat="49.90399" lon="3.85323">
        <ele>134</ele>
      </trkpt>
      <trkpt lat="49.90408" lon="3.85349">
        <ele>134</ele>
      </trkpt>
      <trkpt lat="49.90416" lon="3.85387">
        <ele>134</ele>
      </trkpt>
      <trkpt lat="49.90421" lon="3.85459">
        <ele>132</ele>
      </trkpt>
      <trkpt lat="49.90425" lon="3.85494">
        <ele>132</ele>
      </trkpt>
      <trkpt lat="49.9043" lon="3.8551">
        <ele>132</ele>
      </trkpt>
      <trkpt lat="49.90443" lon="3.85516">
        <ele>132</ele>
      </trkpt>
      <trkpt lat="49.90448" lon="3.85517">
        <ele>131</ele>
      </trkpt>
      <trkpt lat="49.9046" lon="3.85524">
        <ele>131</ele>
      </trkpt>
      <trkpt lat="49.90466" lon="3.85537">
        <ele>131</ele>
      </trkpt>
      <trkpt lat="49.90464" lon="3.85639">
        <ele>131</ele>
      </trkpt>
      <trkpt lat="49.90474" lon="3.85743">
        <ele>129</ele>
      </trkpt>
      <trkpt lat="49.90475" lon="3.8576">
        <ele>129</ele>
      </trkpt>
      <trkpt lat="49.90473" lon="3.85772">
        <ele>129</ele>
      </trkpt>
      <trkpt lat="49.90446" lon="3.85828">
        <ele>131</ele>
      </trkpt>
      <trkpt lat="49.90437" lon="3.85859">
        <ele>131</ele>
      </trkpt>
      <trkpt lat="49.90431" lon="3.85893">
        <ele>131</ele>
      </trkpt>
      <trkpt lat="49.90425" lon="3.85944">
        <ele>131</ele>
      </trkpt>
      <trkpt lat="49.90421" lon="3.85994">
        <ele>132</ele>
      </trkpt>
      <trkpt lat="49.90414" lon="3.86035">
        <ele>134</ele>
      </trkpt>
      <trkpt lat="49.90381" lon="3.86159">
        <ele>131</ele>
      </trkpt>
      <trkpt lat="49.90354" lon="3.86241">
        <ele>130</ele>
      </trkpt>
      <trkpt lat="49.90346" lon="3.86262">
        <ele>129</ele>
      </trkpt>
      <trkpt lat="49.90306" lon="3.86363">
        <ele>131</ele>
      </trkpt>
      <trkpt lat="49.90274" lon="3.86442">
        <ele>129</ele>
      </trkpt>
      <trkpt lat="49.90256" lon="3.86485">
        <ele>129</ele>
      </trkpt>
      <trkpt lat="49.90241" lon="3.86528">
        <ele>131</ele>
      </trkpt>
      <trkpt lat="49.90207" lon="3.86636">
        <ele>128</ele>
      </trkpt>
      <trkpt lat="49.90135" lon="3.86911">
        <ele>126</ele>
      </trkpt>
      <trkpt lat="49.90093" lon="3.87068">
        <ele>127</ele>
      </trkpt>
      <trkpt lat="49.90067" lon="3.87172">
        <ele>129</ele>
      </trkpt>
      <trkpt lat="49.90045" lon="3.87248">
        <ele>130</ele>
      </trkpt>
      <trkpt lat="49.90017" lon="3.87351">
        <ele>131</ele>
      </trkpt>
      <trkpt lat="49.9001" lon="3.87386">
        <ele>132</ele>
      </trkpt>
      <trkpt lat="49.90006" lon="3.87426">
        <ele>134</ele>
      </trkpt>
      <trkpt lat="49.89993" lon="3.87648">
        <ele>140</ele>
      </trkpt>
      <trkpt lat="49.89982" lon="3.8786">
        <ele>141</ele>
      </trkpt>
      <trkpt lat="49.89977" lon="3.88485">
        <ele>134</ele>
      </trkpt>
      <trkpt lat="49.89975" lon="3.88593">
        <ele>133</ele>
      </trkpt>
      <trkpt lat="49.89974" lon="3.88633">
        <ele>133</ele>
      </trkpt>
      <trkpt lat="49.89971" lon="3.88658">
        <ele>133</ele>
      </trkpt>
      <trkpt lat="49.89961" lon="3.88707">
        <ele>132</ele>
      </trkpt>
      <trkpt lat="49.89931" lon="3.88822">
        <ele>131</ele>
      </trkpt>
      <trkpt lat="49.89908" lon="3.88915">
        <ele>135</ele>
      </trkpt>
      <trkpt lat="49.89904" lon="3.88942">
        <ele>135</ele>
      </trkpt>
      <trkpt lat="49.8989" lon="3.89142">
        <ele>130</ele>
      </trkpt>
      <trkpt lat="49.89883" lon="3.89252">
        <ele>130</ele>
      </trkpt>
      <trkpt lat="49.89885" lon="3.8928">
        <ele>131</ele>
      </trkpt>
      <trkpt lat="49.89895" lon="3.8933">
        <ele>130</ele>
      </trkpt>
      <trkpt lat="49.89919" lon="3.89441">
        <ele>127</ele>
      </trkpt>
      <trkpt lat="49.89932" lon="3.89511">
        <ele>128</ele>
      </trkpt>
      <trkpt lat="49.89936" lon="3.89562">
        <ele>128</ele>
      </trkpt>
      <trkpt lat="49.89937" lon="3.89677">
        <ele>130</ele>
      </trkpt>
      <trkpt lat="49.89938" lon="3.89769">
        <ele>132</ele>
      </trkpt>
      <trkpt lat="49.89938" lon="3.89924">
        <ele>129</ele>
      </trkpt>
      <trkpt lat="49.89943" lon="3.90439">
        <ele>125</ele>
      </trkpt>
      <trkpt lat="49.89945" lon="3.90683">
        <ele>125</ele>
      </trkpt>
      <trkpt lat="49.89947" lon="3.90802">
        <ele>123</ele>
      </trkpt>
      <trkpt lat="49.89953" lon="3.90924">
        <ele>122</ele>
      </trkpt>
      <trkpt lat="49.89972" lon="3.91257">
        <ele>125</ele>
      </trkpt>
      <trkpt lat="49.89974" lon="3.91298">
        <ele>125</ele>
      </trkpt>
      <trkpt lat="49.89973" lon="3.91315">
        <ele>125</ele>
      </trkpt>
      <trkpt lat="49.90012" lon="3.91332">
        <ele>125</ele>
      </trkpt>
      <trkpt lat="49.90048" lon="3.91345">
        <ele>125</ele>
      </trkpt>
      <trkpt lat="49.90117" lon="3.91371">
        <ele>124</ele>
      </trkpt>
      <trkpt lat="49.90176" lon="3.91395">
        <ele>124</ele>
      </trkpt>
      <trkpt lat="49.90203" lon="3.91406">
        <ele>124</ele>
      </trkpt>
      <trkpt lat="49.90277" lon="3.91432">
        <ele>126</ele>
      </trkpt>
      <trkpt lat="49.90291" lon="3.91432">
        <ele>126</ele>
      </trkpt>
      <trkpt lat="49.90299" lon="3.91429">
        <ele>126</ele>
      </trkpt>
      <trkpt lat="49.9032" lon="3.91417">
        <ele>126</ele>
      </trkpt>
      <trkpt lat="49.90358" lon="3.91393">
        <ele>126</ele>
      </trkpt>
      <trkpt lat="49.90375" lon="3.91385">
        <ele>126</ele>
      </trkpt>
      <trkpt lat="49.90398" lon="3.91381">
        <ele>126</ele>
      </trkpt>
      <trkpt lat="49.90447" lon="3.91377">
        <ele>125</ele>
      </trkpt>
      <trkpt lat="49.9053" lon="3.91367">
        <ele>125</ele>
      </trkpt>
      <trkpt lat="49.90649" lon="3.9135">
        <ele>130</ele>
      </trkpt>
      <trkpt lat="49.90702" lon="3.91338">
        <ele>132</ele>
      </trkpt>
      <trkpt lat="49.90726" lon="3.91378">
        <ele>132</ele>
      </trkpt>
      <trkpt lat="49.90787" lon="3.91482">
        <ele>134</ele>
      </trkpt>
      <trkpt lat="49.90826" lon="3.91547">
        <ele>134</ele>
      </trkpt>
      <trkpt lat="49.90903" lon="3.91673">
        <ele>132</ele>
      </trkpt>
      <trkpt lat="49.91027" lon="3.91881">
        <ele>125</ele>
      </trkpt>
      <trkpt lat="49.91055" lon="3.91934">
        <ele>124</ele>
      </trkpt>
      <trkpt lat="49.9108" lon="3.91993">
        <ele>125</ele>
      </trkpt>
      <trkpt lat="49.91101" lon="3.92056">
        <ele>126</ele>
      </trkpt>
      <trkpt lat="49.91117" lon="3.92121">
        <ele>125</ele>
      </trkpt>
      <trkpt lat="49.91144" lon="3.92274">
        <ele>126</ele>
      </trkpt>
      <trkpt lat="49.9117" lon="3.92429">
        <ele>127</ele>
      </trkpt>
      <trkpt lat="49.91242" lon="3.92856">
        <ele>129</ele>
      </trkpt>
      <trkpt lat="49.91265" lon="3.92993">
        <ele>129</ele>
      </trkpt>
      <trkpt lat="49.91276" lon="3.93059">
        <ele>128</ele>
      </trkpt>
      <trkpt lat="49.91288" lon="3.93148">
        <ele>130</ele>
      </trkpt>
      <trkpt lat="49.91292" lon="3.93218">
        <ele>132</ele>
      </trkpt>
      <trkpt lat="49.91291" lon="3.9329">
        <ele>134</ele>
      </trkpt>
      <trkpt lat="49.91287" lon="3.934">
        <ele>133</ele>
      </trkpt>
      <trkpt lat="49.91289" lon="3.9343">
        <ele>133</ele>
      </trkpt>
      <trkpt lat="49.91293" lon="3.93448">
        <ele>133</ele>
      </trkpt>
      <trkpt lat="49.913" lon="3.93464">
        <ele>133</ele>
      </trkpt>
      <trkpt lat="49.91309" lon="3.93478">
        <ele>133</ele>
      </trkpt>
      <trkpt lat="49.9132" lon="3.93488">
        <ele>133</ele>
      </trkpt>
      <trkpt lat="49.91347" lon="3.93503">
        <ele>134</ele>
      </trkpt>
      <trkpt lat="49.91379" lon="3.93516">
        <ele>134</ele>
      </trkpt>
      <trkpt lat="49.91454" lon="3.93544">
        <ele>137</ele>
      </trkpt>
      <trkpt lat="49.91489" lon="3.93563">
        <ele>136</ele>
      </trkpt>
      <trkpt lat="49.91523" lon="3.93589">
        <ele>137</ele>
      </trkpt>
      <trkpt lat="49.9159" lon="3.93648">
        <ele>144</ele>
      </trkpt>
      <trkpt lat="49.91655" lon="3.93707">
        <ele>140</ele>
      </trkpt>
      <trkpt lat="49.91679" lon="3.93731">
        <ele>140</ele>
      </trkpt>
      <trkpt lat="49.91698" lon="3.93752">
        <ele>137</ele>
      </trkpt>
      <trkpt lat="49.91709" lon="3.9377">
        <ele>137</ele>
      </trkpt>
      <trkpt lat="49.91809" lon="3.93919">
        <ele>141</ele>
      </trkpt>
      <trkpt lat="49.91856" lon="3.93989">
        <ele>146</ele>
      </trkpt>
      <trkpt lat="49.91881" lon="3.94034">
        <ele>144</ele>
      </trkpt>
      <trkpt lat="49.91894" lon="3.94074">
        <ele>146</ele>
      </trkpt>
      <trkpt lat="49.919" lon="3.94107">
        <ele>144</ele>
      </trkpt>
      <trkpt lat="49.91904" lon="3.94154">
        <ele>145</ele>
      </trkpt>
      <trkpt lat="49.9191" lon="3.94314">
        <ele>142</ele>
      </trkpt>
      <trkpt lat="49.91918" lon="3.94499">
        <ele>138</ele>
      </trkpt>
      <trkpt lat="49.91922" lon="3.94554">
        <ele>140</ele>
      </trkpt>
      <trkpt lat="49.91925" lon="3.94568">
        <ele>139</ele>
      </trkpt>
      <trkpt lat="49.91926" lon="3.94575">
        <ele>139</ele>
      </trkpt>
      <trkpt lat="49.91947" lon="3.94627">
        <ele>141</ele>
      </trkpt>
      <trkpt lat="49.92017" lon="3.94775">
        <ele>146</ele>
      </trkpt>
      <trkpt lat="49.9203" lon="3.94797">
        <ele>146</ele>
      </trkpt>
      <trkpt lat="49.92044" lon="3.94812">
        <ele>147</ele>
      </trkpt>
      <trkpt lat="49.92059" lon="3.94824">
        <ele>147</ele>
      </trkpt>
      <trkpt lat="49.92086" lon="3.94835">
        <ele>147</ele>
      </trkpt>
      <trkpt lat="49.92125" lon="3.94844">
        <ele>145</ele>
      </trkpt>
      <trkpt lat="49.92137" lon="3.94851">
        <ele>145</ele>
      </trkpt>
      <trkpt lat="49.92174" lon="3.94871">
        <ele>147</ele>
      </trkpt>
      <trkpt lat="49.92217" lon="3.94912">
        <ele>147</ele>
      </trkpt>
      <trkpt lat="49.92381" lon="3.95137">
        <ele>140</ele>
      </trkpt>
      <trkpt lat="49.92418" lon="3.9519">
        <ele>140</ele>
      </trkpt>
      <trkpt lat="49.92429" lon="3.95211">
        <ele>140</ele>
      </trkpt>
      <trkpt lat="49.92469" lon="3.95317">
        <ele>138</ele>
      </trkpt>
      <trkpt lat="49.92488" lon="3.95368">
        <ele>136</ele>
      </trkpt>
      <trkpt lat="49.92531" lon="3.95486">
        <ele>138</ele>
      </trkpt>
      <trkpt lat="49.92547" lon="3.9553">
        <ele>140</ele>
      </trkpt>
      <trkpt lat="49.92566" lon="3.95587">
        <ele>143</ele>
      </trkpt>
      <trkpt lat="49.92569" lon="3.95603">
        <ele>143</ele>
      </trkpt>
      <trkpt lat="49.9257" lon="3.9562">
        <ele>143</ele>
      </trkpt>
      <trkpt lat="49.92565" lon="3.9568">
        <ele>144</ele>
      </trkpt>
      <trkpt lat="49.92555" lon="3.95734">
        <ele>144</ele>
      </trkpt>
      <trkpt lat="49.92519" lon="3.9597">
        <ele>148</ele>
      </trkpt>
      <trkpt lat="49.92518" lon="3.95992">
        <ele>147</ele>
      </trkpt>
      <trkpt lat="49.92521" lon="3.96034">
        <ele>148</ele>
      </trkpt>
      <trkpt lat="49.92537" lon="3.96157">
        <ele>147</ele>
      </trkpt>
      <trkpt lat="49.92538" lon="3.96205">
        <ele>145</ele>
      </trkpt>
      <trkpt lat="49.92521" lon="3.96274">
        <ele>143</ele>
      </trkpt>
      <trkpt lat="49.9252" lon="3.96293">
        <ele>143</ele>
      </trkpt>
      <trkpt lat="49.92529" lon="3.9632">
        <ele>143</ele>
      </trkpt>
      <trkpt lat="49.92572" lon="3.96403">
        <ele>143</ele>
      </trkpt>
      <trkpt lat="49.92658" lon="3.96567">
        <ele>144</ele>
      </trkpt>
      <trkpt lat="49.92669" lon="3.9659">
        <ele>144</ele>
      </trkpt>
      <trkpt lat="49.92679" lon="3.96627">
        <ele>145</ele>
      </trkpt>
      <trkpt lat="49.92698" lon="3.96714">
        <ele>144</ele>
      </trkpt>
      <trkpt lat="49.92717" lon="3.96808">
        <ele>143</ele>
      </trkpt>
      <trkpt lat="49.92749" lon="3.96955">
        <ele>144</ele>
      </trkpt>
      <trkpt lat="49.92765" lon="3.9703">
        <ele>146</ele>
      </trkpt>
      <trkpt lat="49.92792" lon="3.97153">
        <ele>145</ele>
      </trkpt>
      <trkpt lat="49.92806" lon="3.97209">
        <ele>147</ele>
      </trkpt>
      <trkpt lat="49.9282" lon="3.97252">
        <ele>148</ele>
      </trkpt>
      <trkpt lat="49.92861" lon="3.97375">
        <ele>148</ele>
      </trkpt>
      <trkpt lat="49.92901" lon="3.97495">
        <ele>147</ele>
      </trkpt>
      <trkpt lat="49.9295" lon="3.9763">
        <ele>146</ele>
      </trkpt>
      <trkpt lat="49.92985" lon="3.97735">
        <ele>147</ele>
      </trkpt>
      <trkpt lat="49.93026" lon="3.97851">
        <ele>150</ele>
      </trkpt>
      <trkpt lat="49.9306" lon="3.9795">
        <ele>150</ele>
      </trkpt>
      <trkpt lat="49.93094" lon="3.98046">
        <ele>151</ele>
      </trkpt>
      <trkpt lat="49.93113" lon="3.98123">
        <ele>150</ele>
      </trkpt>
      <trkpt lat="49.93168" lon="3.9841">
        <ele>161</ele>
      </trkpt>
      <trkpt lat="49.932" lon="3.98564">
        <ele>161</ele>
      </trkpt>
      <trkpt lat="49.93238" lon="3.98757">
        <ele>157</ele>
      </trkpt>
      <trkpt lat="49.93255" lon="3.98836">
        <ele>155</ele>
      </trkpt>
      <trkpt lat="49.93269" lon="3.98893">
        <ele>154</ele>
      </trkpt>
      <trkpt lat="49.93293" lon="3.98996">
        <ele>152</ele>
      </trkpt>
      <trkpt lat="49.93337" lon="3.99188">
        <ele>153</ele>
      </trkpt>
      <trkpt lat="49.93354" lon="3.99259">
        <ele>154</ele>
      </trkpt>
      <trkpt lat="49.93368" lon="3.99328">
        <ele>155</ele>
      </trkpt>
      <trkpt lat="49.93376" lon="3.99389">
        <ele>155</ele>
      </trkpt>
      <trkpt lat="49.93376" lon="3.99449">
        <ele>156</ele>
      </trkpt>
      <trkpt lat="49.93376" lon="3.99469">
        <ele>156</ele>
      </trkpt>
      <trkpt lat="49.9337" lon="3.99503">
        <ele>156</ele>
      </trkpt>
      <trkpt lat="49.93353" lon="3.9958">
        <ele>156</ele>
      </trkpt>
      <trkpt lat="49.93347" lon="3.99618">
        <ele>155</ele>
      </trkpt>
      <trkpt lat="49.93346" lon="3.99637">
        <ele>155</ele>
      </trkpt>
      <trkpt lat="49.93349" lon="3.99677">
        <ele>153</ele>
      </trkpt>
      <trkpt lat="49.93355" lon="3.99718">
        <ele>152</ele>
      </trkpt>
      <trkpt lat="49.93365" lon="3.99784">
        <ele>151</ele>
      </trkpt>
      <trkpt lat="49.9337" lon="3.99834">
        <ele>152</ele>
      </trkpt>
      <trkpt lat="49.93377" lon="3.99908">
        <ele>154</ele>
      </trkpt>
      <trkpt lat="49.93376" lon="3.99939">
        <ele>156</ele>
      </trkpt>
      <trkpt lat="49.93374" lon="3.9996">
        <ele>157</ele>
      </trkpt>
      <trkpt lat="49.93368" lon="3.99991">
        <ele>157</ele>
      </trkpt>
      <trkpt lat="49.9336" lon="4.00011">
        <ele>158</ele>
      </trkpt>
      <trkpt lat="49.9333" lon="4.00061">
        <ele>158</ele>
      </trkpt>
      <trkpt lat="49.93314" lon="4.00093">
        <ele>159</ele>
      </trkpt>
      <trkpt lat="49.93304" lon="4.00117">
        <ele>159</ele>
      </trkpt>
      <trkpt lat="49.93286" lon="4.00185">
        <ele>160</ele>
      </trkpt>
      <trkpt lat="49.93274" lon="4.00249">
        <ele>161</ele>
      </trkpt>
      <trkpt lat="49.93265" lon="4.00292">
        <ele>162</ele>
      </trkpt>
      <trkpt lat="49.9326" lon="4.00331">
        <ele>162</ele>
      </trkpt>
      <trkpt lat="49.9325" lon="4.00412">
        <ele>164</ele>
      </trkpt>
      <trkpt lat="49.93241" lon="4.00492">
        <ele>164</ele>
      </trkpt>
      <trkpt lat="49.93236" lon="4.00553">
        <ele>162</ele>
      </trkpt>
      <trkpt lat="49.93235" lon="4.00615">
        <ele>159</ele>
      </trkpt>
      <trkpt lat="49.9324" lon="4.00696">
        <ele>157</ele>
      </trkpt>
      <trkpt lat="49.93246" lon="4.00789">
        <ele>156</ele>
      </trkpt>
      <trkpt lat="49.93247" lon="4.0081">
        <ele>156</ele>
      </trkpt>
      <trkpt lat="49.93244" lon="4.00857">
        <ele>155</ele>
      </trkpt>
      <trkpt lat="49.93235" lon="4.00952">
        <ele>154</ele>
      </trkpt>
      <trkpt lat="49.93228" lon="4.01033">
        <ele>154</ele>
      </trkpt>
      <trkpt lat="49.93213" lon="4.01105">
        <ele>153</ele>
      </trkpt>
      <trkpt lat="49.93182" lon="4.01236">
        <ele>153</ele>
      </trkpt>
      <trkpt lat="49.93156" lon="4.0135">
        <ele>148</ele>
      </trkpt>
      <trkpt lat="49.93141" lon="4.01425">
        <ele>148</ele>
      </trkpt>
      <trkpt lat="49.93135" lon="4.01457">
        <ele>147</ele>
      </trkpt>
      <trkpt lat="49.93133" lon="4.01485">
        <ele>147</ele>
      </trkpt>
      <trkpt lat="49.93134" lon="4.01521">
        <ele>146</ele>
      </trkpt>
      <trkpt lat="49.93137" lon="4.01546">
        <ele>146</ele>
      </trkpt>
      <trkpt lat="49.93149" lon="4.01602">
        <ele>145</ele>
      </trkpt>
      <trkpt lat="49.93169" lon="4.01667">
        <ele>146</ele>
      </trkpt>
      <trkpt lat="49.93178" lon="4.01683">
        <ele>148</ele>
      </trkpt>
      <trkpt lat="49.93204" lon="4.01711">
        <ele>149</ele>
      </trkpt>
      <trkpt lat="49.93214" lon="4.01728">
        <ele>149</ele>
      </trkpt>
      <trkpt lat="49.93221" lon="4.01755">
        <ele>152</ele>
      </trkpt>
      <trkpt lat="49.9323" lon="4.01834">
        <ele>154</ele>
      </trkpt>
      <trkpt lat="49.93247" lon="4.01894">
        <ele>156</ele>
      </trkpt>
      <trkpt lat="49.93257" lon="4.01923">
        <ele>155</ele>
      </trkpt>
      <trkpt lat="49.9327" lon="4.01946">
        <ele>155</ele>
      </trkpt>
      <trkpt lat="49.9328" lon="4.01963">
        <ele>156</ele>
      </trkpt>
      <trkpt lat="49.93286" lon="4.01978">
        <ele>156</ele>
      </trkpt>
      <trkpt lat="49.9329" lon="4.0203">
        <ele>159</ele>
      </trkpt>
      <trkpt lat="49.93289" lon="4.02088">
        <ele>160</ele>
      </trkpt>
      <trkpt lat="49.93282" lon="4.02135">
        <ele>160</ele>
      </trkpt>
      <trkpt lat="49.93271" lon="4.02207">
        <ele>160</ele>
      </trkpt>
      <trkpt lat="49.9326" lon="4.02278">
        <ele>162</ele>
      </trkpt>
      <trkpt lat="49.93255" lon="4.02314">
        <ele>162</ele>
      </trkpt>
      <trkpt lat="49.93253" lon="4.0235">
        <ele>163</ele>
      </trkpt>
      <trkpt lat="49.93256" lon="4.02386">
        <ele>164</ele>
      </trkpt>
      <trkpt lat="49.93262" lon="4.02416">
        <ele>165</ele>
      </trkpt>
      <trkpt lat="49.93264" lon="4.02445">
        <ele>164</ele>
      </trkpt>
      <trkpt lat="49.93261" lon="4.02475">
        <ele>164</ele>
      </trkpt>
      <trkpt lat="49.9325" lon="4.02505">
        <ele>164</ele>
      </trkpt>
      <trkpt lat="49.93219" lon="4.02554">
        <ele>161</ele>
      </trkpt>
      <trkpt lat="49.93174" lon="4.02611">
        <ele>160</ele>
      </trkpt>
      <trkpt lat="49.93156" lon="4.02655">
        <ele>164</ele>
      </trkpt>
      <trkpt lat="49.93114" lon="4.02807">
        <ele>160</ele>
      </trkpt>
      <trkpt lat="49.93107" lon="4.02832">
        <ele>160</ele>
      </trkpt>
      <trkpt lat="49.93105" lon="4.02852">
        <ele>158</ele>
      </trkpt>
      <trkpt lat="49.93105" lon="4.029">
        <ele>157</ele>
      </trkpt>
      <trkpt lat="49.93106" lon="4.03045">
        <ele>153</ele>
      </trkpt>
      <trkpt lat="49.93105" lon="4.03066">
        <ele>153</ele>
      </trkpt>
      <trkpt lat="49.93094" lon="4.03104">
        <ele>152</ele>
      </trkpt>
      <trkpt lat="49.93071" lon="4.03171">
        <ele>153</ele>
      </trkpt>
      <trkpt lat="49.93045" lon="4.03243">
        <ele>155</ele>
      </trkpt>
      <trkpt lat="49.93016" lon="4.0333">
        <ele>159</ele>
      </trkpt>
      <trkpt lat="49.93004" lon="4.03363">
        <ele>158</ele>
      </trkpt>
      <trkpt lat="49.92987" lon="4.03398">
        <ele>162</ele>
      </trkpt>
      <trkpt lat="49.92946" lon="4.03466">
        <ele>163</ele>
      </trkpt>
      <trkpt lat="49.92869" lon="4.03582">
        <ele>170</ele>
      </trkpt>
      <trkpt lat="49.92808" lon="4.03667">
        <ele>173</ele>
      </trkpt>
      <trkpt lat="49.92769" lon="4.03724">
        <ele>174</ele>
      </trkpt>
      <trkpt lat="49.92748" lon="4.03774">
        <ele>176</ele>
      </trkpt>
      <trkpt lat="49.92721" lon="4.03869">
        <ele>178</ele>
      </trkpt>
      <trkpt lat="49.92701" lon="4.03952">
        <ele>178</ele>
      </trkpt>
      <trkpt lat="49.92676" lon="4.04055">
        <ele>177</ele>
      </trkpt>
      <trkpt lat="49.92651" lon="4.04157">
        <ele>177</ele>
      </trkpt>
      <trkpt lat="49.92622" lon="4.04259">
        <ele>176</ele>
      </trkpt>
      <trkpt lat="49.92558" lon="4.04458">
        <ele>178</ele>
      </trkpt>
      <trkpt lat="49.92496" lon="4.04657">
        <ele>181</ele>
      </trkpt>
      <trkpt lat="49.92428" lon="4.04877">
        <ele>179</ele>
      </trkpt>
      <trkpt lat="49.92365" lon="4.0509">
        <ele>169</ele>
      </trkpt>
      <trkpt lat="49.92335" lon="4.0519">
        <ele>165</ele>
      </trkpt>
      <trkpt lat="49.92304" lon="4.05288">
        <ele>168</ele>
      </trkpt>
      <trkpt lat="49.92293" lon="4.05309">
        <ele>169</ele>
      </trkpt>
      <trkpt lat="49.92274" lon="4.05338">
        <ele>168</ele>
      </trkpt>
      <trkpt lat="49.92244" lon="4.05382">
        <ele>170</ele>
      </trkpt>
      <trkpt lat="49.92214" lon="4.05427">
        <ele>168</ele>
      </trkpt>
      <trkpt lat="49.92175" lon="4.05478">
        <ele>168</ele>
      </trkpt>
      <trkpt lat="49.92141" lon="4.05519">
        <ele>168</ele>
      </trkpt>
      <trkpt lat="49.92129" lon="4.05539">
        <ele>168</ele>
      </trkpt>
      <trkpt lat="49.921" lon="4.05589">
        <ele>167</ele>
      </trkpt>
      <trkpt lat="49.92087" lon="4.05611">
        <ele>166</ele>
      </trkpt>
      <trkpt lat="49.92068" lon="4.05651">
        <ele>170</ele>
      </trkpt>
      <trkpt lat="49.92043" lon="4.05726">
        <ele>171</ele>
      </trkpt>
      <trkpt lat="49.92029" lon="4.05775">
        <ele>171</ele>
      </trkpt>
      <trkpt lat="49.92028" lon="4.05781">
        <ele>171</ele>
      </trkpt>
      <trkpt lat="49.92022" lon="4.05805">
        <ele>171</ele>
      </trkpt>
      <trkpt lat="49.9201" lon="4.05908">
        <ele>168</ele>
      </trkpt>
      <trkpt lat="49.92005" lon="4.05924">
        <ele>167</ele>
      </trkpt>
      <trkpt lat="49.92" lon="4.05951">
        <ele>166</ele>
      </trkpt>
      <trkpt lat="49.91993" lon="4.05959">
        <ele>171</ele>
      </trkpt>
      <trkpt lat="49.9199" lon="4.0597">
        <ele>170</ele>
      </trkpt>
      <trkpt lat="49.91993" lon="4.05985">
        <ele>169</ele>
      </trkpt>
      <trkpt lat="49.91995" lon="4.05989">
        <ele>168</ele>
      </trkpt>
      <trkpt lat="49.91998" lon="4.06016">
        <ele>167</ele>
      </trkpt>
      <trkpt lat="49.92" lon="4.06041">
        <ele>164</ele>
      </trkpt>
      <trkpt lat="49.92008" lon="4.06079">
        <ele>165</ele>
      </trkpt>
      <trkpt lat="49.92021" lon="4.06118">
        <ele>164</ele>
      </trkpt>
      <trkpt lat="49.92043" lon="4.06161">
        <ele>164</ele>
      </trkpt>
      <trkpt lat="49.92053" lon="4.06176">
        <ele>164</ele>
      </trkpt>
      <trkpt lat="49.92098" lon="4.06259">
        <ele>164</ele>
      </trkpt>
      <trkpt lat="49.92119" lon="4.063">
        <ele>164</ele>
      </trkpt>
      <trkpt lat="49.92138" lon="4.06344">
        <ele>165</ele>
      </trkpt>
      <trkpt lat="49.92149" lon="4.06379">
        <ele>165</ele>
      </trkpt>
      <trkpt lat="49.92157" lon="4.06411">
        <ele>166</ele>
      </trkpt>
      <trkpt lat="49.92173" lon="4.06476">
        <ele>165</ele>
      </trkpt>
      <trkpt lat="49.92186" lon="4.06536">
        <ele>165</ele>
      </trkpt>
      <trkpt lat="49.92192" lon="4.06571">
        <ele>166</ele>
      </trkpt>
      <trkpt lat="49.92193" lon="4.06616">
        <ele>166</ele>
      </trkpt>
      <trkpt lat="49.92186" lon="4.06688">
        <ele>167</ele>
      </trkpt>
      <trkpt lat="49.92172" lon="4.06777">
        <ele>166</ele>
      </trkpt>
      <trkpt lat="49.92132" lon="4.06978">
        <ele>164</ele>
      </trkpt>
      <trkpt lat="49.92094" lon="4.07164">
        <ele>163</ele>
      </trkpt>
      <trkpt lat="49.9204" lon="4.07424">
        <ele>164</ele>
      </trkpt>
      <trkpt lat="49.92031" lon="4.07464">
        <ele>164</ele>
      </trkpt>
      <trkpt lat="49.92026" lon="4.07509">
        <ele>164</ele>
      </trkpt>
      <trkpt lat="49.92025" lon="4.07558">
        <ele>164</ele>
      </trkpt>
      <trkpt lat="49.92027" lon="4.07592">
        <ele>163</ele>
      </trkpt>
      <trkpt lat="49.92032" lon="4.07622">
        <ele>163</ele>
      </trkpt>
      <trkpt lat="49.92041" lon="4.07658">
        <ele>162</ele>
      </trkpt>
      <trkpt lat="49.92063" lon="4.07714">
        <ele>163</ele>
      </trkpt>
      <trkpt lat="49.92081" lon="4.07751">
        <ele>163</ele>
      </trkpt>
      <trkpt lat="49.92089" lon="4.07763">
        <ele>163</ele>
      </trkpt>
      <trkpt lat="49.92087" lon="4.07766">
        <ele>163</ele>
      </trkpt>
      <trkpt lat="49.92088" lon="4.07775">
        <ele>163</ele>
      </trkpt>
      <trkpt lat="49.9209" lon="4.0778">
        <ele>163</ele>
      </trkpt>
      <trkpt lat="49.92095" lon="4.07781">
        <ele>163</ele>
      </trkpt>
      <trkpt lat="49.921" lon="4.07775">
        <ele>163</ele>
      </trkpt>
      <trkpt lat="49.92118" lon="4.0779">
        <ele>163</ele>
      </trkpt>
      <trkpt lat="49.92136" lon="4.07811">
        <ele>163</ele>
      </trkpt>
      <trkpt lat="49.9215" lon="4.07834">
        <ele>163</ele>
      </trkpt>
      <trkpt lat="49.9216" lon="4.07855">
        <ele>164</ele>
      </trkpt>
      <trkpt lat="49.92177" lon="4.07902">
        <ele>165</ele>
      </trkpt>
      <trkpt lat="49.92194" lon="4.07951">
        <ele>166</ele>
      </trkpt>
      <trkpt lat="49.92206" lon="4.07975">
        <ele>166</ele>
      </trkpt>
      <trkpt lat="49.92225" lon="4.07995">
        <ele>166</ele>
      </trkpt>
      <trkpt lat="49.92247" lon="4.08003">
        <ele>166</ele>
      </trkpt>
      <trkpt lat="49.9226" lon="4.08005">
        <ele>166</ele>
      </trkpt>
      <trkpt lat="49.92307" lon="4.08001">
        <ele>166</ele>
      </trkpt>
      <trkpt lat="49.92307" lon="4.08013">
        <ele>166</ele>
      </trkpt>
      <trkpt lat="49.9231" lon="4.08038">
        <ele>166</ele>
      </trkpt>
      <trkpt lat="49.92325" lon="4.08067">
        <ele>167</ele>
      </trkpt>
      <trkpt lat="49.92328" lon="4.08083">
        <ele>167</ele>
      </trkpt>
      <trkpt lat="49.92327" lon="4.08087">
        <ele>167</ele>
      </trkpt>
      <trkpt lat="49.92271" lon="4.08163">
        <ele>169</ele>
      </trkpt>
      <trkpt lat="49.92284" lon="4.08197">
        <ele>170</ele>
      </trkpt>
      <trkpt lat="49.92301" lon="4.08228">
        <ele>171</ele>
      </trkpt>
      <trkpt lat="49.92296" lon="4.08235">
        <ele>171</ele>
      </trkpt>
      <trkpt lat="49.92275" lon="4.08256">
        <ele>172</ele>
      </trkpt>
      <trkpt lat="49.92267" lon="4.08265">
        <ele>172</ele>
      </trkpt>
      <trkpt lat="49.9222" lon="4.08301">
        <ele>175</ele>
      </trkpt>
      <trkpt lat="49.92196" lon="4.08315">
        <ele>175</ele>
      </trkpt>
      <trkpt lat="49.92139" lon="4.08346">
        <ele>178</ele>
      </trkpt>
      <trkpt lat="49.92111" lon="4.08363">
        <ele>178</ele>
      </trkpt>
      <trkpt lat="49.92062" lon="4.08392">
        <ele>180</ele>
      </trkpt>
      <trkpt lat="49.92027" lon="4.08412">
        <ele>180</ele>
      </trkpt>
      <trkpt lat="49.91881" lon="4.08497">
        <ele>186</ele>
      </trkpt>
      <trkpt lat="49.91853" lon="4.08514">
        <ele>187</ele>
      </trkpt>
      <trkpt lat="49.91841" lon="4.08516">
        <ele>188</ele>
      </trkpt>
      <trkpt lat="49.91828" lon="4.08523">
        <ele>188</ele>
      </trkpt>
      <trkpt lat="49.91814" lon="4.08533">
        <ele>189</ele>
      </trkpt>
      <trkpt lat="49.9179" lon="4.08551">
        <ele>189</ele>
      </trkpt>
      <trkpt lat="49.9177" lon="4.08562">
        <ele>189</ele>
      </trkpt>
      <trkpt lat="49.91756" lon="4.0857">
        <ele>189</ele>
      </trkpt>
      <trkpt lat="49.91747" lon="4.08576">
        <ele>190</ele>
      </trkpt>
      <trkpt lat="49.9174" lon="4.08583">
        <ele>190</ele>
      </trkpt>
      <trkpt lat="49.91725" lon="4.08612">
        <ele>190</ele>
      </trkpt>
      <trkpt lat="49.91719" lon="4.08615">
        <ele>190</ele>
      </trkpt>
      <trkpt lat="49.91714" lon="4.08622">
        <ele>190</ele>
      </trkpt>
      <trkpt lat="49.91713" lon="4.08633">
        <ele>190</ele>
      </trkpt>
      <trkpt lat="49.91716" lon="4.08644">
        <ele>190</ele>
      </trkpt>
      <trkpt lat="49.91719" lon="4.08648">
        <ele>190</ele>
      </trkpt>
      <trkpt lat="49.91727" lon="4.0865">
        <ele>190</ele>
      </trkpt>
      <trkpt lat="49.91731" lon="4.08648">
        <ele>190</ele>
      </trkpt>
      <trkpt lat="49.91733" lon="4.08652">
        <ele>190</ele>
      </trkpt>
      <trkpt lat="49.91737" lon="4.08659">
        <ele>190</ele>
      </trkpt>
      <trkpt lat="49.9174" lon="4.08671">
        <ele>189</ele>
      </trkpt>
      <trkpt lat="49.91741" lon="4.08678">
        <ele>189</ele>
      </trkpt>
      <trkpt lat="49.91737" lon="4.08689">
        <ele>189</ele>
      </trkpt>
      <trkpt lat="49.91732" lon="4.08726">
        <ele>189</ele>
      </trkpt>
      <trkpt lat="49.91726" lon="4.08814">
        <ele>189</ele>
      </trkpt>
      <trkpt lat="49.9172" lon="4.08998">
        <ele>188</ele>
      </trkpt>
      <trkpt lat="49.91718" lon="4.09176">
        <ele>189</ele>
      </trkpt>
      <trkpt lat="49.91713" lon="4.09236">
        <ele>188</ele>
      </trkpt>
      <trkpt lat="49.91707" lon="4.09283">
        <ele>188</ele>
      </trkpt>
      <trkpt lat="49.91683" lon="4.09424">
        <ele>188</ele>
      </trkpt>
      <trkpt lat="49.91669" lon="4.09503">
        <ele>188</ele>
      </trkpt>
      <trkpt lat="49.91653" lon="4.09564">
        <ele>186</ele>
      </trkpt>
      <trkpt lat="49.91633" lon="4.09623">
        <ele>185</ele>
      </trkpt>
      <trkpt lat="49.91599" lon="4.09715">
        <ele>185</ele>
      </trkpt>
      <trkpt lat="49.91593" lon="4.09749">
        <ele>186</ele>
      </trkpt>
      <trkpt lat="49.91593" lon="4.09794">
        <ele>184</ele>
      </trkpt>
      <trkpt lat="49.91602" lon="4.0987">
        <ele>182</ele>
      </trkpt>
      <trkpt lat="49.91617" lon="4.10016">
        <ele>178</ele>
      </trkpt>
      <trkpt lat="49.9162" lon="4.10088">
        <ele>179</ele>
      </trkpt>
      <trkpt lat="49.91619" lon="4.10136">
        <ele>180</ele>
      </trkpt>
      <trkpt lat="49.91614" lon="4.10189">
        <ele>181</ele>
      </trkpt>
      <trkpt lat="49.91603" lon="4.10257">
        <ele>182</ele>
      </trkpt>
      <trkpt lat="49.916" lon="4.10267">
        <ele>182</ele>
      </trkpt>
      <trkpt lat="49.91596" lon="4.10276">
        <ele>182</ele>
      </trkpt>
      <trkpt lat="49.91587" lon="4.10305">
        <ele>183</ele>
      </trkpt>
      <trkpt lat="49.9157" lon="4.10351">
        <ele>187</ele>
      </trkpt>
      <trkpt lat="49.91561" lon="4.10367">
        <ele>187</ele>
      </trkpt>
      <trkpt lat="49.91554" lon="4.10374">
        <ele>187</ele>
      </trkpt>
      <trkpt lat="49.9155" lon="4.10374">
        <ele>187</ele>
      </trkpt>
      <trkpt lat="49.91546" lon="4.10376">
        <ele>187</ele>
      </trkpt>
      <trkpt lat="49.91538" lon="4.10383">
        <ele>188</ele>
      </trkpt>
      <trkpt lat="49.91532" lon="4.10394">
        <ele>188</ele>
      </trkpt>
      <trkpt lat="49.9153" lon="4.10408">
        <ele>188</ele>
      </trkpt>
      <trkpt lat="49.91531" lon="4.10421">
        <ele>189</ele>
      </trkpt>
      <trkpt lat="49.91534" lon="4.1043">
        <ele>189</ele>
      </trkpt>
      <trkpt lat="49.91536" lon="4.10433">
        <ele>189</ele>
      </trkpt>
      <trkpt lat="49.91536" lon="4.10447">
        <ele>189</ele>
      </trkpt>
      <trkpt lat="49.91535" lon="4.1047">
        <ele>189</ele>
      </trkpt>
      <trkpt lat="49.9153" lon="4.10496">
        <ele>190</ele>
      </trkpt>
      <trkpt lat="49.9152" lon="4.1056">
        <ele>191</ele>
      </trkpt>
      <trkpt lat="49.9152" lon="4.10582">
        <ele>191</ele>
      </trkpt>
      <trkpt lat="49.91512" lon="4.10663">
        <ele>191</ele>
      </trkpt>
      <trkpt lat="49.915" lon="4.10793">
        <ele>194</ele>
      </trkpt>
      <trkpt lat="49.91493" lon="4.10844">
        <ele>194</ele>
      </trkpt>
      <trkpt lat="49.91481" lon="4.10907">
        <ele>194</ele>
      </trkpt>
      <trkpt lat="49.91468" lon="4.10961">
        <ele>194</ele>
      </trkpt>
      <trkpt lat="49.91459" lon="4.11012">
        <ele>194</ele>
      </trkpt>
      <trkpt lat="49.91456" lon="4.11038">
        <ele>194</ele>
      </trkpt>
      <trkpt lat="49.91458" lon="4.11113">
        <ele>193</ele>
      </trkpt>
      <trkpt lat="49.91463" lon="4.11205">
        <ele>195</ele>
      </trkpt>
      <trkpt lat="49.9147" lon="4.11337">
        <ele>199</ele>
      </trkpt>
      <trkpt lat="49.91488" lon="4.11663">
        <ele>196</ele>
      </trkpt>
      <trkpt lat="49.91482" lon="4.11961">
        <ele>198</ele>
      </trkpt>
      <trkpt lat="49.91481" lon="4.12008">
        <ele>198</ele>
      </trkpt>
      <trkpt lat="49.91483" lon="4.12061">
        <ele>198</ele>
      </trkpt>
      <trkpt lat="49.91501" lon="4.12237">
        <ele>194</ele>
      </trkpt>
      <trkpt lat="49.91509" lon="4.12278">
        <ele>194</ele>
      </trkpt>
      <trkpt lat="49.91541" lon="4.12371">
        <ele>194</ele>
      </trkpt>
      <trkpt lat="49.91587" lon="4.12485">
        <ele>196</ele>
      </trkpt>
      <trkpt lat="49.91622" lon="4.12548">
        <ele>198</ele>
      </trkpt>
      <trkpt lat="49.91672" lon="4.1264">
        <ele>199</ele>
      </trkpt>
      <trkpt lat="49.91766" lon="4.12805">
        <ele>201</ele>
      </trkpt>
      <trkpt lat="49.9181" lon="4.12868">
        <ele>202</ele>
      </trkpt>
      <trkpt lat="49.91819" lon="4.12885">
        <ele>202</ele>
      </trkpt>
      <trkpt lat="49.91825" lon="4.12907">
        <ele>202</ele>
      </trkpt>
      <trkpt lat="49.91828" lon="4.12948">
        <ele>203</ele>
      </trkpt>
      <trkpt lat="49.9182" lon="4.13043">
        <ele>203</ele>
      </trkpt>
      <trkpt lat="49.91822" lon="4.13066">
        <ele>203</ele>
      </trkpt>
      <trkpt lat="49.91835" lon="4.13123">
        <ele>203</ele>
      </trkpt>
      <trkpt lat="49.91886" lon="4.13346">
        <ele>195</ele>
      </trkpt>
      <trkpt lat="49.91893" lon="4.13388">
        <ele>194</ele>
      </trkpt>
      <trkpt lat="49.91895" lon="4.134">
        <ele>194</ele>
      </trkpt>
      <trkpt lat="49.91891" lon="4.13405">
        <ele>194</ele>
      </trkpt>
      <trkpt lat="49.91889" lon="4.13412">
        <ele>194</ele>
      </trkpt>
      <trkpt lat="49.91889" lon="4.13416">
        <ele>194</ele>
      </trkpt>
      <trkpt lat="49.9189" lon="4.13422">
        <ele>192</ele>
      </trkpt>
      <trkpt lat="49.91892" lon="4.13425">
        <ele>192</ele>
      </trkpt>
      <trkpt lat="49.91889" lon="4.13438">
        <ele>192</ele>
      </trkpt>
      <trkpt lat="49.91889" lon="4.13454">
        <ele>192</ele>
      </trkpt>
      <trkpt lat="49.9189" lon="4.13472">
        <ele>192</ele>
      </trkpt>
      <trkpt lat="49.91891" lon="4.13498">
        <ele>191</ele>
      </trkpt>
      <trkpt lat="49.91902" lon="4.13553">
        <ele>190</ele>
      </trkpt>
      <trkpt lat="49.91919" lon="4.13599">
        <ele>189</ele>
      </trkpt>
      <trkpt lat="49.91925" lon="4.13615">
        <ele>189</ele>
      </trkpt>
      <trkpt lat="49.91947" lon="4.13675">
        <ele>191</ele>
      </trkpt>
      <trkpt lat="49.91973" lon="4.13748">
        <ele>193</ele>
      </trkpt>
      <trkpt lat="49.91976" lon="4.13761">
        <ele>194</ele>
      </trkpt>
      <trkpt lat="49.91976" lon="4.13783">
        <ele>194</ele>
      </trkpt>
      <trkpt lat="49.91957" lon="4.13862">
        <ele>194</ele>
      </trkpt>
      <trkpt lat="49.91934" lon="4.13951">
        <ele>196</ele>
      </trkpt>
      <trkpt lat="49.91927" lon="4.13977">
        <ele>197</ele>
      </trkpt>
      <trkpt lat="49.9192" lon="4.14019">
        <ele>198</ele>
      </trkpt>
      <trkpt lat="49.91914" lon="4.14092">
        <ele>202</ele>
      </trkpt>
      <trkpt lat="49.91917" lon="4.14173">
        <ele>202</ele>
      </trkpt>
      <trkpt lat="49.91921" lon="4.14255">
        <ele>206</ele>
      </trkpt>
      <trkpt lat="49.91919" lon="4.14314">
        <ele>205</ele>
      </trkpt>
      <trkpt lat="49.91909" lon="4.14455">
        <ele>209</ele>
      </trkpt>
      <trkpt lat="49.919" lon="4.14634">
        <ele>210</ele>
      </trkpt>
      <trkpt lat="49.91898" lon="4.14696">
        <ele>210</ele>
      </trkpt>
      <trkpt lat="49.91904" lon="4.1476">
        <ele>212</ele>
      </trkpt>
      <trkpt lat="49.9191" lon="4.14802">
        <ele>212</ele>
      </trkpt>
      <trkpt lat="49.91918" lon="4.14861">
        <ele>214</ele>
      </trkpt>
      <trkpt lat="49.91919" lon="4.14932">
        <ele>216</ele>
      </trkpt>
      <trkpt lat="49.91915" lon="4.1512">
        <ele>217</ele>
      </trkpt>
      <trkpt lat="49.91911" lon="4.15168">
        <ele>217</ele>
      </trkpt>
      <trkpt lat="49.9188" lon="4.15428">
        <ele>214</ele>
      </trkpt>
      <trkpt lat="49.91856" lon="4.15641">
        <ele>219</ele>
      </trkpt>
      <trkpt lat="49.91845" lon="4.15757">
        <ele>220</ele>
      </trkpt>
      <trkpt lat="49.91832" lon="4.16072">
        <ele>221</ele>
      </trkpt>
      <trkpt lat="49.91828" lon="4.16131">
        <ele>224</ele>
      </trkpt>
      <trkpt lat="49.91821" lon="4.16168">
        <ele>227</ele>
      </trkpt>
      <trkpt lat="49.91794" lon="4.1623">
        <ele>228</ele>
      </trkpt>
      <trkpt lat="49.91708" lon="4.16407">
        <ele>235</ele>
      </trkpt>
      <trkpt lat="49.91635" lon="4.1656">
        <ele>238</ele>
      </trkpt>
      <trkpt lat="49.91601" lon="4.16627">
        <ele>239</ele>
      </trkpt>
      <trkpt lat="49.91525" lon="4.16782">
        <ele>238</ele>
      </trkpt>
      <trkpt lat="49.91467" lon="4.16904">
        <ele>235</ele>
      </trkpt>
      <trkpt lat="49.91442" lon="4.16953">
        <ele>236</ele>
      </trkpt>
      <trkpt lat="49.91435" lon="4.16975">
        <ele>237</ele>
      </trkpt>
      <trkpt lat="49.9143" lon="4.16998">
        <ele>238</ele>
      </trkpt>
      <trkpt lat="49.91414" lon="4.17102">
        <ele>242</ele>
      </trkpt>
      <trkpt lat="49.9136" lon="4.17453">
        <ele>244</ele>
      </trkpt>
      <trkpt lat="49.91341" lon="4.17593">
        <ele>245</ele>
      </trkpt>
      <trkpt lat="49.91332" lon="4.17639">
        <ele>246</ele>
      </trkpt>
      <trkpt lat="49.91317" lon="4.17687">
        <ele>247</ele>
      </trkpt>
      <trkpt lat="49.91244" lon="4.17851">
        <ele>249</ele>
      </trkpt>
      <trkpt lat="49.91109" lon="4.18152">
        <ele>237</ele>
      </trkpt>
      <trkpt lat="49.91063" lon="4.18244">
        <ele>236</ele>
      </trkpt>
      <trkpt lat="49.91027" lon="4.1831">
        <ele>237</ele>
      </trkpt>
      <trkpt lat="49.90977" lon="4.18383">
        <ele>239</ele>
      </trkpt>
      <trkpt lat="49.90942" lon="4.18431">
        <ele>239</ele>
      </trkpt>
      <trkpt lat="49.90925" lon="4.1845">
        <ele>239</ele>
      </trkpt>
      <trkpt lat="49.90908" lon="4.18468">
        <ele>239</ele>
      </trkpt>
      <trkpt lat="49.90867" lon="4.18504">
        <ele>240</ele>
      </trkpt>
      <trkpt lat="49.90833" lon="4.18539">
        <ele>240</ele>
      </trkpt>
      <trkpt lat="49.90794" lon="4.18585">
        <ele>239</ele>
      </trkpt>
      <trkpt lat="49.90766" lon="4.18628">
        <ele>239</ele>
      </trkpt>
      <trkpt lat="49.90745" lon="4.18666">
        <ele>238</ele>
      </trkpt>
      <trkpt lat="49.90718" lon="4.18727">
        <ele>239</ele>
      </trkpt>
      <trkpt lat="49.90683" lon="4.18821">
        <ele>243</ele>
      </trkpt>
      <trkpt lat="49.90648" lon="4.18935">
        <ele>245</ele>
      </trkpt>
      <trkpt lat="49.90601" lon="4.19106">
        <ele>245</ele>
      </trkpt>
      <trkpt lat="49.90591" lon="4.19137">
        <ele>245</ele>
      </trkpt>
      <trkpt lat="49.90573" lon="4.19175">
        <ele>244</ele>
      </trkpt>
      <trkpt lat="49.90539" lon="4.19233">
        <ele>244</ele>
      </trkpt>
      <trkpt lat="49.90514" lon="4.19265">
        <ele>244</ele>
      </trkpt>
      <trkpt lat="49.90373" lon="4.19424">
        <ele>247</ele>
      </trkpt>
      <trkpt lat="49.90348" lon="4.19456">
        <ele>247</ele>
      </trkpt>
      <trkpt lat="49.90334" lon="4.19479">
        <ele>246</ele>
      </trkpt>
      <trkpt lat="49.90314" lon="4.19521">
        <ele>245</ele>
      </trkpt>
      <trkpt lat="49.9026" lon="4.19643">
        <ele>244</ele>
      </trkpt>
      <trkpt lat="49.90224" lon="4.19722">
        <ele>242</ele>
      </trkpt>
      <trkpt lat="49.90208" lon="4.19762">
        <ele>242</ele>
      </trkpt>
      <trkpt lat="49.90185" lon="4.19832">
        <ele>241</ele>
      </trkpt>
      <trkpt lat="49.90182" lon="4.19857">
        <ele>241</ele>
      </trkpt>
      <trkpt lat="49.90186" lon="4.19889">
        <ele>240</ele>
      </trkpt>
      <trkpt lat="49.90199" lon="4.19919">
        <ele>239</ele>
      </trkpt>
      <trkpt lat="49.90282" lon="4.20077">
        <ele>239</ele>
      </trkpt>
      <trkpt lat="49.9029" lon="4.20107">
        <ele>238</ele>
      </trkpt>
      <trkpt lat="49.90305" lon="4.20222">
        <ele>238</ele>
      </trkpt>
      <trkpt lat="49.90316" lon="4.2028">
        <ele>239</ele>
      </trkpt>
      <trkpt lat="49.9033" lon="4.20331">
        <ele>240</ele>
      </trkpt>
      <trkpt lat="49.90347" lon="4.20376">
        <ele>242</ele>
      </trkpt>
      <trkpt lat="49.90413" lon="4.20532">
        <ele>246</ele>
      </trkpt>
      <trkpt lat="49.90432" lon="4.20579">
        <ele>247</ele>
      </trkpt>
      <trkpt lat="49.90443" lon="4.20614">
        <ele>247</ele>
      </trkpt>
      <trkpt lat="49.90453" lon="4.20656">
        <ele>247</ele>
      </trkpt>
      <trkpt lat="49.90485" lon="4.20831">
        <ele>251</ele>
      </trkpt>
      <trkpt lat="49.90512" lon="4.20986">
        <ele>257</ele>
      </trkpt>
      <trkpt lat="49.9053" lon="4.21098">
        <ele>257</ele>
      </trkpt>
      <trkpt lat="49.90535" lon="4.21146">
        <ele>257</ele>
      </trkpt>
      <trkpt lat="49.90534" lon="4.21187">
        <ele>255</ele>
      </trkpt>
      <trkpt lat="49.90512" lon="4.21449">
        <ele>256</ele>
      </trkpt>
      <trkpt lat="49.90473" lon="4.2191">
        <ele>258</ele>
      </trkpt>
      <trkpt lat="49.90463" lon="4.21981">
        <ele>259</ele>
      </trkpt>
      <trkpt lat="49.90411" lon="4.22261">
        <ele>260</ele>
      </trkpt>
      <trkpt lat="49.90396" lon="4.22354">
        <ele>257</ele>
      </trkpt>
      <trkpt lat="49.90391" lon="4.22412">
        <ele>257</ele>
      </trkpt>
      <trkpt lat="49.90391" lon="4.22459">
        <ele>257</ele>
      </trkpt>
      <trkpt lat="49.90395" lon="4.22526">
        <ele>258</ele>
      </trkpt>
      <trkpt lat="49.90404" lon="4.22596">
        <ele>259</ele>
      </trkpt>
      <trkpt lat="49.90438" lon="4.22738">
        <ele>260</ele>
      </trkpt>
      <trkpt lat="49.90453" lon="4.22847">
        <ele>261</ele>
      </trkpt>
      <trkpt lat="49.90456" lon="4.22952">
        <ele>261</ele>
      </trkpt>
      <trkpt lat="49.90442" lon="4.23206">
        <ele>265</ele>
      </trkpt>
      <trkpt lat="49.9043" lon="4.23311">
        <ele>266</ele>
      </trkpt>
      <trkpt lat="49.90417" lon="4.23389">
        <ele>264</ele>
      </trkpt>
      <trkpt lat="49.90376" lon="4.23635">
        <ele>263</ele>
      </trkpt>
      <trkpt lat="49.90298" lon="4.24104">
        <ele>259</ele>
      </trkpt>
      <trkpt lat="49.90225" lon="4.24536">
        <ele>268</ele>
      </trkpt>
      <trkpt lat="49.9022" lon="4.24575">
        <ele>268</ele>
      </trkpt>
      <trkpt lat="49.90218" lon="4.24607">
        <ele>268</ele>
      </trkpt>
      <trkpt lat="49.90218" lon="4.24649">
        <ele>268</ele>
      </trkpt>
      <trkpt lat="49.9022" lon="4.24686">
        <ele>268</ele>
      </trkpt>
      <trkpt lat="49.90231" lon="4.24757">
        <ele>268</ele>
      </trkpt>
      <trkpt lat="49.90248" lon="4.24816">
        <ele>269</ele>
      </trkpt>
      <trkpt lat="49.90259" lon="4.24842">
        <ele>268</ele>
      </trkpt>
      <trkpt lat="49.90278" lon="4.24879">
        <ele>268</ele>
      </trkpt>
      <trkpt lat="49.90344" lon="4.24976">
        <ele>266</ele>
      </trkpt>
      <trkpt lat="49.904" lon="4.25058">
        <ele>267</ele>
      </trkpt>
      <trkpt lat="49.90464" lon="4.2515">
        <ele>265</ele>
      </trkpt>
      <trkpt lat="49.90487" lon="4.25183">
        <ele>265</ele>
      </trkpt>
      <trkpt lat="49.90521" lon="4.25238">
        <ele>265</ele>
      </trkpt>
      <trkpt lat="49.90533" lon="4.25266">
        <ele>265</ele>
      </trkpt>
      <trkpt lat="49.90541" lon="4.25302">
        <ele>265</ele>
      </trkpt>
      <trkpt lat="49.90556" lon="4.254">
        <ele>265</ele>
      </trkpt>
      <trkpt lat="49.9064" lon="4.25944">
        <ele>263</ele>
      </trkpt>
      <trkpt lat="49.90642" lon="4.25971">
        <ele>263</ele>
      </trkpt>
      <trkpt lat="49.90641" lon="4.25994">
        <ele>262</ele>
      </trkpt>
      <trkpt lat="49.90637" lon="4.26026">
        <ele>261</ele>
      </trkpt>
      <trkpt lat="49.9062" lon="4.26103">
        <ele>258</ele>
      </trkpt>
      <trkpt lat="49.90396" lon="4.27111">
        <ele>250</ele>
      </trkpt>
      <trkpt lat="49.90372" lon="4.27207">
        <ele>252</ele>
      </trkpt>
      <trkpt lat="49.90357" lon="4.27281">
        <ele>254</ele>
      </trkpt>
      <trkpt lat="49.9035" lon="4.27339">
        <ele>253</ele>
      </trkpt>
      <trkpt lat="49.90349" lon="4.27379">
        <ele>253</ele>
      </trkpt>
      <trkpt lat="49.9035" lon="4.27457">
        <ele>250</ele>
      </trkpt>
      <trkpt lat="49.90352" lon="4.27526">
        <ele>247</ele>
      </trkpt>
      <trkpt lat="49.90353" lon="4.27591">
        <ele>244</ele>
      </trkpt>
      <trkpt lat="49.90359" lon="4.27772">
        <ele>243</ele>
      </trkpt>
      <trkpt lat="49.90355" lon="4.27846">
        <ele>246</ele>
      </trkpt>
      <trkpt lat="49.90347" lon="4.2798">
        <ele>250</ele>
      </trkpt>
      <trkpt lat="49.90312" lon="4.27981">
        <ele>249</ele>
      </trkpt>
      <trkpt lat="49.90228" lon="4.27987">
        <ele>246</ele>
      </trkpt>
      <trkpt lat="49.90185" lon="4.27988">
        <ele>245</ele>
      </trkpt>
      <trkpt lat="49.90079" lon="4.27985">
        <ele>242</ele>
      </trkpt>
      <trkpt lat="49.9002" lon="4.27984">
        <ele>241</ele>
      </trkpt>
      <trkpt lat="49.8997" lon="4.27987">
        <ele>241</ele>
      </trkpt>
      <trkpt lat="49.89862" lon="4.28009">
        <ele>239</ele>
      </trkpt>
      <trkpt lat="49.89707" lon="4.28046">
        <ele>233</ele>
      </trkpt>
      <trkpt lat="49.89548" lon="4.28077">
        <ele>229</ele>
      </trkpt>
      <trkpt lat="49.89486" lon="4.2809">
        <ele>230</ele>
      </trkpt>
      <trkpt lat="49.89464" lon="4.28095">
        <ele>230</ele>
      </trkpt>
      <trkpt lat="49.89443" lon="4.28093">
        <ele>231</ele>
      </trkpt>
      <trkpt lat="49.89432" lon="4.28091">
        <ele>231</ele>
      </trkpt>
      <trkpt lat="49.89418" lon="4.2808">
        <ele>231</ele>
      </trkpt>
      <trkpt lat="49.89412" lon="4.28072">
        <ele>231</ele>
      </trkpt>
      <trkpt lat="49.89405" lon="4.28067">
        <ele>231</ele>
      </trkpt>
      <trkpt lat="49.89396" lon="4.28065">
        <ele>231</ele>
      </trkpt>
      <trkpt lat="49.89387" lon="4.28068">
        <ele>231</ele>
      </trkpt>
      <trkpt lat="49.89378" lon="4.28076">
        <ele>232</ele>
      </trkpt>
      <trkpt lat="49.89375" lon="4.28082">
        <ele>232</ele>
      </trkpt>
      <trkpt lat="49.89371" lon="4.28096">
        <ele>232</ele>
      </trkpt>
      <trkpt lat="49.8937" lon="4.28108">
        <ele>232</ele>
      </trkpt>
      <trkpt lat="49.89372" lon="4.28121">
        <ele>232</ele>
      </trkpt>
      <trkpt lat="49.89378" lon="4.28133">
        <ele>232</ele>
      </trkpt>
      <trkpt lat="49.89384" lon="4.28141">
        <ele>232</ele>
      </trkpt>
      <trkpt lat="49.89389" lon="4.28145">
        <ele>232</ele>
      </trkpt>
      <trkpt lat="49.89392" lon="4.28146">
        <ele>232</ele>
      </trkpt>
      <trkpt lat="49.89394" lon="4.28156">
        <ele>232</ele>
      </trkpt>
      <trkpt lat="49.89398" lon="4.28173">
        <ele>232</ele>
      </trkpt>
      <trkpt lat="49.89403" lon="4.28211">
        <ele>233</ele>
      </trkpt>
      <trkpt lat="49.89409" lon="4.28243">
        <ele>234</ele>
      </trkpt>
      <trkpt lat="49.89413" lon="4.28297">
        <ele>233</ele>
      </trkpt>
      <trkpt lat="49.89421" lon="4.28399">
        <ele>231</ele>
      </trkpt>
      <trkpt lat="49.8943" lon="4.28488">
        <ele>231</ele>
      </trkpt>
      <trkpt lat="49.89444" lon="4.2864">
        <ele>231</ele>
      </trkpt>
      <trkpt lat="49.89466" lon="4.28879">
        <ele>230</ele>
      </trkpt>
      <trkpt lat="49.8947" lon="4.28959">
        <ele>231</ele>
      </trkpt>
      <trkpt lat="49.89471" lon="4.2904">
        <ele>232</ele>
      </trkpt>
      <trkpt lat="49.89468" lon="4.2912">
        <ele>233</ele>
      </trkpt>
      <trkpt lat="49.89461" lon="4.29199">
        <ele>232</ele>
      </trkpt>
      <trkpt lat="49.89452" lon="4.29277">
        <ele>232</ele>
      </trkpt>
      <trkpt lat="49.89439" lon="4.29352">
        <ele>233</ele>
      </trkpt>
      <trkpt lat="49.89403" lon="4.2949">
        <ele>235</ele>
      </trkpt>
      <trkpt lat="49.89376" lon="4.29591">
        <ele>237</ele>
      </trkpt>
      <trkpt lat="49.89364" lon="4.29642">
        <ele>238</ele>
      </trkpt>
      <trkpt lat="49.89328" lon="4.29839">
        <ele>242</ele>
      </trkpt>
      <trkpt lat="49.89251" lon="4.30296">
        <ele>243</ele>
      </trkpt>
      <trkpt lat="49.89236" lon="4.30374">
        <ele>241</ele>
      </trkpt>
      <trkpt lat="49.89219" lon="4.30449">
        <ele>241</ele>
      </trkpt>
      <trkpt lat="49.89199" lon="4.30522">
        <ele>241</ele>
      </trkpt>
      <trkpt lat="49.89177" lon="4.30593">
        <ele>241</ele>
      </trkpt>
      <trkpt lat="49.89131" lon="4.30734">
        <ele>241</ele>
      </trkpt>
      <trkpt lat="49.89085" lon="4.30874">
        <ele>242</ele>
      </trkpt>
      <trkpt lat="49.88986" lon="4.31179">
        <ele>240</ele>
      </trkpt>
      <trkpt lat="49.88969" lon="4.31247">
        <ele>240</ele>
      </trkpt>
      <trkpt lat="49.88956" lon="4.31317">
        <ele>241</ele>
      </trkpt>
      <trkpt lat="49.88946" lon="4.31389">
        <ele>242</ele>
      </trkpt>
      <trkpt lat="49.88938" lon="4.31462">
        <ele>243</ele>
      </trkpt>
      <trkpt lat="49.88932" lon="4.31519">
        <ele>244</ele>
      </trkpt>
      <trkpt lat="49.88926" lon="4.31602">
        <ele>244</ele>
      </trkpt>
      <trkpt lat="49.8892" lon="4.31644">
        <ele>244</ele>
      </trkpt>
      <trkpt lat="49.88908" lon="4.31762">
        <ele>243</ele>
      </trkpt>
      <trkpt lat="49.88877" lon="4.3207">
        <ele>247</ele>
      </trkpt>
      <trkpt lat="49.8883" lon="4.32528">
        <ele>247</ele>
      </trkpt>
      <trkpt lat="49.88819" lon="4.32643">
        <ele>245</ele>
      </trkpt>
      <trkpt lat="49.888" lon="4.32774">
        <ele>246</ele>
      </trkpt>
      <trkpt lat="49.88776" lon="4.32897">
        <ele>248</ele>
      </trkpt>
      <trkpt lat="49.88749" lon="4.33011">
        <ele>249</ele>
      </trkpt>
      <trkpt lat="49.88708" lon="4.33154">
        <ele>248</ele>
      </trkpt>
      <trkpt lat="49.88689" lon="4.33205">
        <ele>248</ele>
      </trkpt>
      <trkpt lat="49.88669" lon="4.33249">
        <ele>248</ele>
      </trkpt>
      <trkpt lat="49.88645" lon="4.33292">
        <ele>246</ele>
      </trkpt>
      <trkpt lat="49.88589" lon="4.33379">
        <ele>245</ele>
      </trkpt>
      <trkpt lat="49.88563" lon="4.33419">
        <ele>245</ele>
      </trkpt>
      <trkpt lat="49.88539" lon="4.33468">
        <ele>244</ele>
      </trkpt>
      <trkpt lat="49.88513" lon="4.33527">
        <ele>245</ele>
      </trkpt>
      <trkpt lat="49.88473" lon="4.3364">
        <ele>243</ele>
      </trkpt>
      <trkpt lat="49.88371" lon="4.33928">
        <ele>245</ele>
      </trkpt>
      <trkpt lat="49.88354" lon="4.3397">
        <ele>245</ele>
      </trkpt>
      <trkpt lat="49.88322" lon="4.34035">
        <ele>245</ele>
      </trkpt>
      <trkpt lat="49.88287" lon="4.34094">
        <ele>246</ele>
      </trkpt>
      <trkpt lat="49.88248" lon="4.34147">
        <ele>247</ele>
      </trkpt>
      <trkpt lat="49.88169" lon="4.34244">
        <ele>256</ele>
      </trkpt>
      <trkpt lat="49.8813" lon="4.34288">
        <ele>257</ele>
      </trkpt>
      <trkpt lat="49.88089" lon="4.34323">
        <ele>254</ele>
      </trkpt>
      <trkpt lat="49.88068" lon="4.34336">
        <ele>252</ele>
      </trkpt>
      <trkpt lat="49.88046" lon="4.34346">
        <ele>252</ele>
      </trkpt>
      <trkpt lat="49.88007" lon="4.34357">
        <ele>252</ele>
      </trkpt>
      <trkpt lat="49.87969" lon="4.34361">
        <ele>252</ele>
      </trkpt>
      <trkpt lat="49.87945" lon="4.34361">
        <ele>252</ele>
      </trkpt>
      <trkpt lat="49.87885" lon="4.34358">
        <ele>251</ele>
      </trkpt>
      <trkpt lat="49.87842" lon="4.34359">
        <ele>250</ele>
      </trkpt>
      <trkpt lat="49.87806" lon="4.34365">
        <ele>250</ele>
      </trkpt>
      <trkpt lat="49.87777" lon="4.34376">
        <ele>251</ele>
      </trkpt>
      <trkpt lat="49.87742" lon="4.34401">
        <ele>252</ele>
      </trkpt>
      <trkpt lat="49.87712" lon="4.34432">
        <ele>254</ele>
      </trkpt>
      <trkpt lat="49.87685" lon="4.34469">
        <ele>255</ele>
      </trkpt>
      <trkpt lat="49.87652" lon="4.34527">
        <ele>262</ele>
      </trkpt>
      <trkpt lat="49.87557" lon="4.3471">
        <ele>271</ele>
      </trkpt>
      <trkpt lat="49.87492" lon="4.34832">
        <ele>273</ele>
      </trkpt>
      <trkpt lat="49.87453" lon="4.34912">
        <ele>276</ele>
      </trkpt>
      <trkpt lat="49.87407" lon="4.34998">
        <ele>278</ele>
      </trkpt>
      <trkpt lat="49.87376" lon="4.35054">
        <ele>277</ele>
      </trkpt>
      <trkpt lat="49.87365" lon="4.35071">
        <ele>276</ele>
      </trkpt>
      <trkpt lat="49.8734" lon="4.35101">
        <ele>275</ele>
      </trkpt>
      <trkpt lat="49.87284" lon="4.35162">
        <ele>275</ele>
      </trkpt>
      <trkpt lat="49.87242" lon="4.35206">
        <ele>278</ele>
      </trkpt>
      <trkpt lat="49.87188" lon="4.35259">
        <ele>281</ele>
      </trkpt>
      <trkpt lat="49.87151" lon="4.35296">
        <ele>283</ele>
      </trkpt>
      <trkpt lat="49.87142" lon="4.35304">
        <ele>284</ele>
      </trkpt>
      <trkpt lat="49.87128" lon="4.35311">
        <ele>284</ele>
      </trkpt>
      <trkpt lat="49.87144" lon="4.35486">
        <ele>285</ele>
      </trkpt>
      <trkpt lat="49.8716" lon="4.35661">
        <ele>285</ele>
      </trkpt>
      <trkpt lat="49.87216" lon="4.36272">
        <ele>288</ele>
      </trkpt>
      <trkpt lat="49.87268" lon="4.36837">
        <ele>284</ele>
      </trkpt>
      <trkpt lat="49.87297" lon="4.37165">
        <ele>277</ele>
      </trkpt>
      <trkpt lat="49.87298" lon="4.37218">
        <ele>277</ele>
      </trkpt>
      <trkpt lat="49.87294" lon="4.37308">
        <ele>275</ele>
      </trkpt>
      <trkpt lat="49.87277" lon="4.37596">
        <ele>267</ele>
      </trkpt>
      <trkpt lat="49.87293" lon="4.37602">
        <ele>267</ele>
      </trkpt>
      <trkpt lat="49.87313" lon="4.37606">
        <ele>268</ele>
      </trkpt>
      <trkpt lat="49.87385" lon="4.3765">
        <ele>267</ele>
      </trkpt>
      <trkpt lat="49.87418" lon="4.37678">
        <ele>266</ele>
      </trkpt>
      <trkpt lat="49.87433" lon="4.37696">
        <ele>265</ele>
      </trkpt>
      <trkpt lat="49.87476" lon="4.37769">
        <ele>263</ele>
      </trkpt>
      <trkpt lat="49.8752" lon="4.3785">
        <ele>260</ele>
      </trkpt>
      <trkpt lat="49.87533" lon="4.37871">
        <ele>260</ele>
      </trkpt>
      <trkpt lat="49.87543" lon="4.37883">
        <ele>260</ele>
      </trkpt>
      <trkpt lat="49.8756" lon="4.37902">
        <ele>259</ele>
      </trkpt>
      <trkpt lat="49.87616" lon="4.37962">
        <ele>258</ele>
      </trkpt>
      <trkpt lat="49.87642" lon="4.37985">
        <ele>258</ele>
      </trkpt>
      <trkpt lat="49.87672" lon="4.38008">
        <ele>258</ele>
      </trkpt>
      <trkpt lat="49.87735" lon="4.38045">
        <ele>259</ele>
      </trkpt>
      <trkpt lat="49.87867" lon="4.38114">
        <ele>265</ele>
      </trkpt>
      <trkpt lat="49.88038" lon="4.38198">
        <ele>275</ele>
      </trkpt>
      <trkpt lat="49.88051" lon="4.38208">
        <ele>276</ele>
      </trkpt>
      <trkpt lat="49.88078" lon="4.38232">
        <ele>277</ele>
      </trkpt>
      <trkpt lat="49.88114" lon="4.38272">
        <ele>279</ele>
      </trkpt>
      <trkpt lat="49.88138" lon="4.38303">
        <ele>279</ele>
      </trkpt>
      <trkpt lat="49.88186" lon="4.38363">
        <ele>281</ele>
      </trkpt>
      <trkpt lat="49.88203" lon="4.38381">
        <ele>282</ele>
      </trkpt>
      <trkpt lat="49.88221" lon="4.38395">
        <ele>282</ele>
      </trkpt>
      <trkpt lat="49.883" lon="4.38443">
        <ele>287</ele>
      </trkpt>
      <trkpt lat="49.88405" lon="4.38505">
        <ele>295</ele>
      </trkpt>
      <trkpt lat="49.885" lon="4.38558">
        <ele>300</ele>
      </trkpt>
      <trkpt lat="49.88531" lon="4.3858">
        <ele>301</ele>
      </trkpt>
      <trkpt lat="49.88543" lon="4.38593">
        <ele>303</ele>
      </trkpt>
      <trkpt lat="49.88553" lon="4.3861">
        <ele>303</ele>
      </trkpt>
      <trkpt lat="49.88564" lon="4.3864">
        <ele>304</ele>
      </trkpt>
      <trkpt lat="49.8857" lon="4.38663">
        <ele>305</ele>
      </trkpt>
      <trkpt lat="49.88592" lon="4.38756">
        <ele>309</ele>
      </trkpt>
      <trkpt lat="49.88604" lon="4.38858">
        <ele>310</ele>
      </trkpt>
      <trkpt lat="49.88613" lon="4.38965">
        <ele>312</ele>
      </trkpt>
      <trkpt lat="49.88625" lon="4.3912">
        <ele>315</ele>
      </trkpt>
      <trkpt lat="49.88631" lon="4.39185">
        <ele>316</ele>
      </trkpt>
      <trkpt lat="49.8864" lon="4.39219">
        <ele>316</ele>
      </trkpt>
      <trkpt lat="49.88649" lon="4.39243">
        <ele>316</ele>
      </trkpt>
      <trkpt lat="49.88654" lon="4.39255">
        <ele>317</ele>
      </trkpt>
      <trkpt lat="49.88677" lon="4.39285">
        <ele>317</ele>
      </trkpt>
      <trkpt lat="49.88709" lon="4.39328">
        <ele>318</ele>
      </trkpt>
      <trkpt lat="49.88744" lon="4.39386">
        <ele>318</ele>
      </trkpt>
      <trkpt lat="49.88798" lon="4.3949">
        <ele>321</ele>
      </trkpt>
      <trkpt lat="49.88884" lon="4.39653">
        <ele>326</ele>
      </trkpt>
      <trkpt lat="49.88904" lon="4.39686">
        <ele>328</ele>
      </trkpt>
      <trkpt lat="49.88937" lon="4.39728">
        <ele>330</ele>
      </trkpt>
      <trkpt lat="49.88992" lon="4.3979">
        <ele>333</ele>
      </trkpt>
      <trkpt lat="49.8915" lon="4.39962">
        <ele>337</ele>
      </trkpt>
      <trkpt lat="49.89256" lon="4.40073">
        <ele>339</ele>
      </trkpt>
      <trkpt lat="49.893" lon="4.40123">
        <ele>339</ele>
      </trkpt>
      <trkpt lat="49.89384" lon="4.40216">
        <ele>342</ele>
      </trkpt>
      <trkpt lat="49.89508" lon="4.40352">
        <ele>345</ele>
      </trkpt>
      <trkpt lat="49.89548" lon="4.40408">
        <ele>345</ele>
      </trkpt>
      <trkpt lat="49.89575" lon="4.40449">
        <ele>344</ele>
      </trkpt>
      <trkpt lat="49.89608" lon="4.40512">
        <ele>346</ele>
      </trkpt>
      <trkpt lat="49.89642" lon="4.40588">
        <ele>346</ele>
      </trkpt>
      <trkpt lat="49.89683" lon="4.40711">
        <ele>348</ele>
      </trkpt>
      <trkpt lat="49.89862" lon="4.41298">
        <ele>346</ele>
      </trkpt>
      <trkpt lat="49.90076" lon="4.41997">
        <ele>346</ele>
      </trkpt>
      <trkpt lat="49.90296" lon="4.42715">
        <ele>353</ele>
      </trkpt>
      <trkpt lat="49.90304" lon="4.42745">
        <ele>353</ele>
      </trkpt>
      <trkpt lat="49.90312" lon="4.42795">
        <ele>353</ele>
      </trkpt>
      <trkpt lat="49.90316" lon="4.42837">
        <ele>351</ele>
      </trkpt>
      <trkpt lat="49.90315" lon="4.42895">
        <ele>350</ele>
      </trkpt>
      <trkpt lat="49.90303" lon="4.43053">
        <ele>350</ele>
      </trkpt>
      <trkpt lat="49.903" lon="4.43121">
        <ele>350</ele>
      </trkpt>
      <trkpt lat="49.903" lon="4.43198">
        <ele>353</ele>
      </trkpt>
      <trkpt lat="49.90311" lon="4.43574">
        <ele>355</ele>
      </trkpt>
      <trkpt lat="49.90319" lon="4.43877">
        <ele>350</ele>
      </trkpt>
      <trkpt lat="49.90329" lon="4.44188">
        <ele>355</ele>
      </trkpt>
      <trkpt lat="49.90333" lon="4.44276">
        <ele>358</ele>
      </trkpt>
      <trkpt lat="49.90341" lon="4.44354">
        <ele>356</ele>
      </trkpt>
      <trkpt lat="49.90353" lon="4.4443">
        <ele>356</ele>
      </trkpt>
      <trkpt lat="49.90373" lon="4.44527">
        <ele>355</ele>
      </trkpt>
      <trkpt lat="49.90409" lon="4.4465">
        <ele>353</ele>
      </trkpt>
      <trkpt lat="49.90458" lon="4.44786">
        <ele>352</ele>
      </trkpt>
      <trkpt lat="49.90588" lon="4.4514">
        <ele>357</ele>
      </trkpt>
      <trkpt lat="49.90699" lon="4.45447">
        <ele>361</ele>
      </trkpt>
      <trkpt lat="49.90948" lon="4.46126">
        <ele>373</ele>
      </trkpt>
      <trkpt lat="49.91206" lon="4.46839">
        <ele>381</ele>
      </trkpt>
      <trkpt lat="49.91345" lon="4.4722">
        <ele>376</ele>
      </trkpt>
      <trkpt lat="49.91473" lon="4.47577">
        <ele>376</ele>
      </trkpt>
      <trkpt lat="49.91552" lon="4.47798">
        <ele>374</ele>
      </trkpt>
      <trkpt lat="49.91679" lon="4.48148">
        <ele>368</ele>
      </trkpt>
      <trkpt lat="49.9189" lon="4.48732">
        <ele>358</ele>
      </trkpt>
      <trkpt lat="49.91978" lon="4.48974">
        <ele>354</ele>
      </trkpt>
      <trkpt lat="49.92074" lon="4.49239">
        <ele>356</ele>
      </trkpt>
      <trkpt lat="49.9216" lon="4.49473">
        <ele>362</ele>
      </trkpt>
      <trkpt lat="49.92197" lon="4.4961">
        <ele>365</ele>
      </trkpt>
      <trkpt lat="49.92259" lon="4.49854">
        <ele>370</ele>
      </trkpt>
      <trkpt lat="49.92296" lon="4.49995">
        <ele>372</ele>
      </trkpt>
      <trkpt lat="49.92303" lon="4.50039">
        <ele>372</ele>
      </trkpt>
      <trkpt lat="49.92305" lon="4.50089">
        <ele>373</ele>
      </trkpt>
      <trkpt lat="49.92303" lon="4.50132">
        <ele>373</ele>
      </trkpt>
      <trkpt lat="49.92258" lon="4.50489">
        <ele>376</ele>
      </trkpt>
      <trkpt lat="49.92237" lon="4.50654">
        <ele>378</ele>
      </trkpt>
      <trkpt lat="49.92231" lon="4.5069">
        <ele>378</ele>
      </trkpt>
      <trkpt lat="49.92224" lon="4.5072">
        <ele>378</ele>
      </trkpt>
      <trkpt lat="49.92184" lon="4.50848">
        <ele>379</ele>
      </trkpt>
      <trkpt lat="49.92177" lon="4.50872">
        <ele>379</ele>
      </trkpt>
      <trkpt lat="49.92171" lon="4.50907">
        <ele>380</ele>
      </trkpt>
      <trkpt lat="49.92165" lon="4.50953">
        <ele>380</ele>
      </trkpt>
      <trkpt lat="49.92157" lon="4.5106">
        <ele>381</ele>
      </trkpt>
      <trkpt lat="49.92139" lon="4.51264">
        <ele>381</ele>
      </trkpt>
      <trkpt lat="49.92139" lon="4.5131">
        <ele>381</ele>
      </trkpt>
      <trkpt lat="49.92154" lon="4.51455">
        <ele>381</ele>
      </trkpt>
      <trkpt lat="49.92165" lon="4.51526">
        <ele>382</ele>
      </trkpt>
      <trkpt lat="49.92183" lon="4.51579">
        <ele>382</ele>
      </trkpt>
      <trkpt lat="49.92246" lon="4.51721">
        <ele>384</ele>
      </trkpt>
      <trkpt lat="49.92261" lon="4.51761">
        <ele>385</ele>
      </trkpt>
      <trkpt lat="49.9226" lon="4.51774">
        <ele>385</ele>
      </trkpt>
      <trkpt lat="49.92257" lon="4.51779">
        <ele>384</ele>
      </trkpt>
      <trkpt lat="49.9228" lon="4.51799">
        <ele>384</ele>
      </trkpt>
      <trkpt lat="49.92358" lon="4.51845">
        <ele>383</ele>
      </trkpt>
      <trkpt lat="49.92377" lon="4.51859">
        <ele>383</ele>
      </trkpt>
      <trkpt lat="49.92392" lon="4.51882">
        <ele>383</ele>
      </trkpt>
      <trkpt lat="49.92418" lon="4.51922">
        <ele>385</ele>
      </trkpt>
      <trkpt lat="49.92485" lon="4.52021">
        <ele>386</ele>
      </trkpt>
      <trkpt lat="49.92473" lon="4.52043">
        <ele>386</ele>
      </trkpt>
      <trkpt lat="49.92477" lon="4.52049">
        <ele>386</ele>
      </trkpt>
    </trkseg>
  </trk>
</gpx>